i,eV,x_0,y_0,z_0,v_x,v_y,v_z,hit_p,exp_eV
0,2.193919e+02,5.374109,5.834810,1.036315,-8.594794e+04,-9.331591e+04,-1.657375e+04,5.115435e-01,1.122285e+02
1,5.712334e+02,1.312008,6.641518,-4.262496,-3.385804e+04,-1.713929e+05,1.099992e+05,9.413081e-01,5.377066e+02
2,6.087966e+02,7.322249,-3.185409,-0.487684,-1.950740e+05,8.486331e+04,1.299252e+04,8.971108e-01,5.461580e+02
3,7.165726e+02,7.778017,1.716650,-0.745365,-2.248110e+05,-4.961700e+04,2.154356e+04,9.207194e-01,6.597623e+02
4,7.540476e+02,1.665659,0.080629,7.824262,-4.938603e+04,-2.390624e+03,-2.319858e+05,0.000000e+00,0.000000e+00
5,9.168240e+02,-0.671056,-1.599362,-7.809720,2.193919e+04,5.228878e+04,2.553272e+05,1.571972e+00,1.441222e+03
6,9.220391e+02,-6.981656,-1.192689,-3.719406,2.289031e+05,3.910394e+04,1.219458e+05,0.000000e+00,0.000000e+00
7,1.098438e+03,-1.641088,-5.182342,-5.869426,5.872705e+04,1.854524e+05,2.100400e+05,1.436911e+00,1.578357e+03
8,1.134747e+03,6.560286,2.016607,4.110467,-2.386113e+05,-7.334819e+04,-1.495063e+05,1.898912e-01,2.154786e+02
9,1.140980e+03,0.293739,-7.288808,3.284355,-1.071322e+04,2.658363e+05,-1.197865e+05,9.749710e-01,1.112423e+03
10,1.168893e+03,5.563296,-0.612415,-5.716177,-2.053706e+05,2.260745e+04,2.110142e+05,1.575693e+00,1.841817e+03
11,1.179346e+03,2.544165,1.250060,-7.480947,-9.433756e+04,-4.635219e+04,2.773933e+05,1.545626e+00,1.822828e+03
12,1.200890e+03,-7.351896,3.104337,0.559205,2.750868e+05,-1.161554e+05,-2.092386e+04,3.926955e-58,4.715843e-55
13,1.293965e+03,-0.622884,3.947690,6.930206,2.419286e+04,-1.533285e+05,-2.691697e+05,0.000000e+00,0.000000e+00
14,1.381479e+03,1.210798,-0.907235,7.855628,-4.859176e+04,3.640916e+04,-3.152620e+05,9.479840e-01,1.309620e+03
15,1.549334e+03,-6.738847,-0.191557,4.307116,2.864025e+05,8.141230e+03,-1.830534e+05,0.000000e+00,0.000000e+00
16,1.683249e+03,-2.248000,0.085118,7.677190,9.958392e+04,-3.770614e+03,-3.400910e+05,0.000000e+00,0.000000e+00
17,1.892895e+03,6.687549,3.341530,2.847957,-3.141586e+05,-1.569739e+05,-1.337874e+05,8.671422e-01,1.641409e+03
18,1.899758e+03,6.812767,-4.097687,0.891717,-3.206205e+05,1.928442e+05,-4.196573e+04,9.526179e-01,1.809743e+03
19,1.917594e+03,5.027028,1.636314,-6.004287,-2.376886e+05,-7.736841e+04,2.838955e+05,1.335824e+00,2.561568e+03
20,1.946342e+03,4.683261,4.704813,-4.464505,-2.230882e+05,-2.241149e+05,2.126677e+05,1.005109e+00,1.956286e+03
21,2.042767e+03,-4.172353,-4.417639,-5.203454,2.036147e+05,2.155849e+05,2.539334e+05,7.566859e-01,1.545733e+03
22,2.044757e+03,5.020097,-4.229411,4.572822,-2.451047e+05,2.064997e+05,-2.232667e+05,1.364678e-05,2.790436e-02
23,2.100503e+03,-3.708683,-0.310028,-7.081635,1.835270e+05,1.534195e+04,3.504402e+05,8.725641e-01,1.832824e+03
24,2.130936e+03,4.197759,-6.477876,2.101417,-2.092287e+05,3.228765e+05,-1.047408e+05,9.525246e-01,2.029769e+03
25,2.157247e+03,-4.164990,0.851143,6.777051,2.088731e+05,-4.268461e+04,-3.398672e+05,0.000000e+00,0.000000e+00
26,2.158733e+03,-0.746607,-0.360855,7.956907,3.745501e+04,1.810302e+04,-3.991741e+05,0.000000e+00,0.000000e+00
27,2.188061e+03,-5.686856,0.054309,-5.626431,2.872239e+05,-2.742984e+03,2.841721e+05,7.878917e-01,1.723955e+03
28,2.237228e+03,2.946127,-2.414342,-7.035005,-1.504615e+05,1.233027e+05,3.592843e+05,9.990661e-01,2.235139e+03
29,2.242103e+03,0.739100,3.100149,7.337766,-3.778765e+04,-1.584999e+05,-3.751546e+05,0.000000e+00,0.000000e+00
30,2.292932e+03,-1.186670,7.619905,2.128112,6.135418e+04,-3.939707e+05,-1.100294e+05,8.950863e-01,2.052372e+03
31,2.317501e+03,-1.367523,-5.301197,5.833283,7.108259e+04,2.755513e+05,-3.032087e+05,3.890565e-01,9.016387e+02
32,2.367357e+03,-2.925177,6.474259,-3.677949,1.536748e+05,-3.401266e+05,1.932218e+05,9.333788e-01,2.209640e+03
33,2.417261e+03,-3.138961,-6.819774,2.763622,1.666351e+05,3.620349e+05,-1.467098e+05,8.502047e-01,2.055167e+03
34,2.431547e+03,2.239337,2.983805,-7.076883,-1.192283e+05,-1.588658e+05,3.767923e+05,1.122763e+00,2.730051e+03
35,2.483017e+03,3.450468,-0.992849,7.149023,-1.856464e+05,5.341852e+04,-3.846407e+05,0.000000e+00,0.000000e+00
36,2.511883e+03,-6.581989,4.248959,-1.619805,3.561849e+05,-2.299328e+05,8.765587e+04,8.460216e-01,2.125107e+03
37,2.663744e+03,-0.972814,0.070325,-7.940320,5.421194e+04,-3.919022e+03,4.424895e+05,1.328331e+00,3.538333e+03
38,2.747770e+03,2.281723,6.986139,-3.160317,-1.291433e+05,-3.954085e+05,1.788708e+05,9.897515e-01,2.719609e+03
39,2.794627e+03,-2.697425,-3.774866,-6.517230,1.539678e+05,2.154677e+05,3.720006e+05,1.194834e+00,3.339115e+03
40,2.808279e+03,-4.715940,0.703502,6.423783,2.698405e+05,-4.025355e+04,-3.675612e+05,0.000000e+00,0.000000e+00
41,2.821579e+03,2.814009,-1.999630,7.216844,-1.613951e+05,1.146871e+05,-4.139159e+05,0.000000e+00,0.000000e+00
42,2.903827e+03,-2.377674,1.502366,-7.489297,1.383427e+05,-8.741374e+04,4.357577e+05,9.457275e-01,2.746229e+03
43,2.936497e+03,3.823259,6.212548,3.284347,-2.237006e+05,-3.634990e+05,-1.921686e+05,9.151150e-01,2.687232e+03
44,3.072764e+03,5.234348,5.945433,1.119563,-3.132895e+05,-3.558499e+05,-6.700882e+04,9.656081e-01,2.967086e+03
45,3.076459e+03,-1.628092,0.503105,-7.816406,9.750416e+04,-3.013026e+04,4.681137e+05,1.506029e+00,4.633237e+03
46,3.099265e+03,0.489114,2.204324,-7.674746,-2.940073e+04,-1.325023e+05,4.613304e+05,1.517210e+00,4.702237e+03
47,3.154423e+03,5.131721,-6.135392,-0.149679,-3.112015e+05,3.720669e+05,9.076925e+03,9.768406e-01,3.081368e+03
48,3.302367e+03,3.271781,-7.238734,0.946664,-2.030091e+05,4.491527e+05,-5.873908e+04,9.819104e-01,3.242628e+03
49,3.303488e+03,-2.812900,-3.100667,-6.817144,1.745659e+05,1.924244e+05,4.230654e+05,1.254997e+00,4.145869e+03
50,3.400021e+03,-0.337736,-1.090672,-7.918104,2.126362e+04,6.866786e+04,4.985178e+05,9.669932e-01,3.287797e+03
51,3.402459e+03,-1.954198,7.749167,-0.362658,1.230789e+05,-4.880565e+05,2.284088e+04,9.497089e-01,3.231345e+03
52,3.431910e+03,-2.594361,1.555754,-7.406006,1.641032e+05,-9.840735e+04,4.684580e+05,9.506428e-01,3.262521e+03
53,3.464826e+03,-0.791048,-6.182939,-5.014530,5.027615e+04,3.929654e+05,3.187056e+05,1.255404e+00,4.349757e+03
54,3.490519e+03,-0.129343,-0.461785,7.985614,8.251002e+03,2.945800e+04,-5.094153e+05,9.090111e-01,3.172921e+03
55,3.508136e+03,-1.607058,-0.254403,7.832793,1.027752e+05,1.626966e+04,-5.009260e+05,0.000000e+00,0.000000e+00
56,3.566759e+03,-6.710662,0.466956,-4.330008,4.327339e+05,-3.011143e+04,2.792186e+05,7.286194e-01,2.598810e+03
57,3.609617e+03,2.346184,-1.355214,-7.527205,-1.521988e+05,8.791381e+04,4.882958e+05,9.907889e-01,3.576368e+03
58,3.651841e+03,0.171423,0.205094,-7.995533,-1.118519e+04,-1.338218e+04,5.217014e+05,1.047728e+00,3.826138e+03
59,3.712116e+03,-7.536317,2.658624,-0.368302,4.957795e+05,-1.748986e+05,2.422890e+04,5.113666e-01,1.898252e+03
60,3.727893e+03,-4.242505,1.688195,-6.568953,2.796873e+05,-1.112943e+05,4.330585e+05,9.258832e-01,3.451594e+03
61,3.784715e+03,0.888879,3.604421,7.086469,-5.904427e+04,-2.394257e+05,-4.707227e+05,0.000000e+00,0.000000e+00
62,3.848493e+03,-0.016447,-0.014750,7.999969,1.101643e+03,9.879668e+02,-5.358612e+05,7.488874e-01,2.882088e+03
63,3.960665e+03,-1.097702,-7.655947,2.044880,7.459113e+04,5.202374e+05,-1.389538e+05,9.879672e-01,3.913007e+03
64,4.018450e+03,-1.661858,-3.564243,-6.966664,1.137475e+05,2.439581e+05,4.768401e+05,1.005206e+00,4.039371e+03
65,4.021715e+03,0.964335,-1.788357,7.737689,-6.603168e+04,1.224556e+05,-5.298289e+05,9.063367e-01,3.645028e+03
66,4.035488e+03,-3.414258,-3.616270,6.266214,2.341871e+05,2.480433e+05,-4.298054e+05,0.000000e+00,0.000000e+00
67,4.073522e+03,-1.004992,0.843995,-7.891620,6.925739e+04,-5.816255e+04,5.438384e+05,1.254727e+00,5.111160e+03
68,4.178062e+03,-0.750110,6.182916,5.020845,5.235174e+04,-4.315185e+05,-3.504152e+05,8.088369e-01,3.379371e+03
69,4.238066e+03,1.308996,-6.058709,5.057526,-9.201120e+04,4.258755e+05,-3.555009e+05,2.703032e-01,1.145563e+03
70,4.285085e+03,0.420072,0.029918,-7.988908,-2.969078e+04,-2.114637e+03,5.646584e+05,9.826261e-01,4.210637e+03
71,4.294080e+03,3.221498,-6.876726,2.516464,-2.279353e+05,4.865589e+05,-1.780510e+05,9.930999e-01,4.264450e+03
72,4.409952e+03,1.686799,3.409523,7.037746,-1.209481e+05,-2.444720e+05,-5.046255e+05,0.000000e+00,0.000000e+00
73,4.430184e+03,-0.113073,2.508694,7.595635,8.126221e+03,-1.802923e+05,-5.458755e+05,0.000000e+00,0.000000e+00
74,4.448862e+03,-3.185977,-3.600874,-6.394002,2.294488e+05,2.593289e+05,4.604854e+05,1.278178e+00,5.686436e+03
75,4.470708e+03,0.134997,-7.306129,-3.256110,-9.746121e+03,5.274656e+05,2.350747e+05,9.520083e-01,4.256151e+03
76,4.509268e+03,-5.495286,-3.899235,4.312516,3.984392e+05,2.827165e+05,-3.126817e+05,6.467446e-01,2.916345e+03
77,4.521184e+03,5.899259,5.363641,-0.655813,-4.282942e+05,-3.894077e+05,4.761290e+04,9.892272e-01,4.472478e+03
78,4.768994e+03,-5.470164,-3.375278,-4.762857,4.078800e+05,2.516759e+05,3.551400e+05,8.043654e-01,3.836014e+03
79,4.800311e+03,1.791848,2.890808,-7.241030,-1.340462e+05,-2.162582e+05,5.416936e+05,1.065206e+00,5.113319e+03
80,4.812922e+03,-6.277609,-2.342218,4.371000,4.702376e+05,1.754488e+05,-3.274191e+05,2.494259e-01,1.200467e+03
81,4.827417e+03,-7.571935,-1.372965,-2.186496,5.680453e+05,1.029996e+05,1.640305e+05,0.000000e+00,0.000000e+00
82,4.831863e+03,-6.661879,3.091605,3.171963,5.000031e+05,-2.320385e+05,-2.380697e+05,9.010151e-01,4.353581e+03
83,4.873310e+03,-7.093849,2.460385,2.761125,5.347030e+05,-1.854529e+05,-2.081214e+05,8.820447e-01,4.298477e+03
84,4.896062e+03,5.047648,2.703662,5.586722,-3.813565e+05,-2.042653e+05,-4.220843e+05,3.295945e-01,1.613715e+03
85,5.037082e+03,-2.693025,-5.388481,-5.264209,2.063709e+05,4.129282e+05,4.034050e+05,1.267167e+00,6.382826e+03
86,5.039027e+03,1.405850,-0.508605,-7.859065,-1.077534e+05,3.898277e+04,6.023694e+05,9.871994e-01,4.974524e+03
87,5.097500e+03,-6.778969,1.720845,-3.883848,5.225898e+05,-1.326597e+05,2.994053e+05,8.883366e-01,4.528296e+03
88,5.155721e+03,-2.867758,-2.242981,7.123552,2.223340e+05,1.738958e+05,-5.522809e+05,0.000000e+00,0.000000e+00
89,5.161043e+03,-4.435973,6.632806,-0.572730,3.440934e+05,-5.144993e+05,4.442602e+04,9.488753e-01,4.897187e+03
90,5.177457e+03,7.174651,0.675956,-3.473826,-5.574138e+05,-5.251645e+04,2.698889e+05,1.002147e+00,5.188575e+03
91,5.192060e+03,0.652891,-0.370514,-7.964700,-5.079595e+04,2.882660e+04,6.196664e+05,9.831353e-01,5.104497e+03
92,5.287225e+03,4.411012,-6.581352,1.108505,-3.463146e+05,5.167110e+05,-8.703029e+04,9.904357e-01,5.236656e+03
93,5.317903e+03,6.306729,0.880756,-4.842462,-4.965844e+05,-6.934969e+04,3.812897e+05,1.006644e+00,5.353233e+03
94,5.344037e+03,-5.186367,2.181230,-5.687163,4.093707e+05,-1.721690e+05,4.488995e+05,9.357090e-01,5.000464e+03
95,5.350899e+03,-1.870345,-5.265476,-5.725083,1.477249e+05,4.158816e+05,4.521826e+05,1.217811e+00,6.516385e+03
96,5.407542e+03,1.986786,0.053116,7.749185,-1.577501e+05,-4.217379e+03,-6.152826e+05,0.000000e+00,0.000000e+00
97,5.476289e+03,4.692670,-3.262897,-5.597531,-3.749574e+05,2.607145e+05,4.472582e+05,1.001608e+00,5.485095e+03
98,5.523751e+03,7.980185,0.318147,-0.464153,-6.403961e+05,-2.553074e+04,3.724745e+04,9.913442e-01,5.475939e+03
99,5.633014e+03,-4.827378,-1.370395,6.230444,3.912014e+05,1.110542e+05,-5.049032e+05,1.006217e-01,5.668034e+02
100,5.696824e+03,-4.424523,-4.529245,-4.889738,3.605799e+05,3.691143e+05,3.984930e+05,8.939609e-01,5.092738e+03
101,5.759204e+03,-1.392431,7.228067,3.133078,1.140969e+05,-5.922732e+05,-2.567267e+05,9.537741e-01,5.492980e+03
102,5.773382e+03,-0.945930,2.381757,7.578420,7.760555e+04,-1.954030e+05,-6.217453e+05,0.000000e+00,0.000000e+00
103,5.773414e+03,0.223793,-1.364099,7.879667,-1.836040e+04,1.119131e+05,-6.464618e+05,9.716185e-01,5.609556e+03
104,5.791017e+03,3.434875,5.433143,4.762624,-2.822325e+05,-4.464237e+05,-3.913293e+05,8.978357e-01,5.199382e+03
105,5.802333e+03,-7.906715,1.109872,-0.502035,6.503035e+05,-9.128362e+04,4.129090e+04,0.000000e+00,0.000000e+00
106,5.917560e+03,2.340350,3.234511,-6.932582,-1.943886e+05,-2.686573e+05,5.758177e+05,1.003806e+00,5.940080e+03
107,5.978248e+03,-6.093188,-3.239718,4.046886,5.086865e+05,2.704661e+05,-3.378521e+05,7.727431e-05,4.619650e-01
108,6.198871e+03,0.041514,-0.003429,7.999892,-3.529131e+03,2.915193e+02,-6.800785e+05,7.821012e-01,4.848144e+03
109,6.306251e+03,7.860149,1.466440,0.260035,-6.739615e+05,-1.257386e+05,-2.229649e+04,9.912692e-01,6.251193e+03
110,6.326005e+03,-0.550954,-7.929012,-0.909513,4.731502e+04,6.809301e+05,7.810739e+04,9.618413e-01,6.084613e+03
111,6.414948e+03,3.203255,3.104439,6.640905,-2.770172e+05,-2.684716e+05,-5.743048e+05,0.000000e+00,0.000000e+00
112,6.434767e+03,-2.323846,-2.026162,7.382033,2.012762e+05,1.754928e+05,-6.393830e+05,0.000000e+00,0.000000e+00
113,6.458490e+03,3.734379,-1.109701,-6.987344,-3.240430e+05,9.629198e+04,6.063122e+05,1.293659e+00,8.355082e+03
114,6.466651e+03,-0.440126,7.762579,1.883789,3.821517e+04,-6.740070e+05,-1.635651e+05,9.732618e-01,6.293744e+03
115,6.467808e+03,4.378848,-3.269945,-5.842358,-3.802394e+05,2.839473e+05,5.073240e+05,1.002004e+00,6.480772e+03
116,6.508020e+03,-6.627478,2.068489,-3.974655,5.772865e+05,-1.801757e+05,3.462124e+05,9.289736e-01,6.045779e+03
117,6.515360e+03,1.988965,7.659000,-1.176326,-1.733464e+05,-6.675133e+05,1.025216e+05,9.922226e-01,6.464687e+03
118,6.528879e+03,3.506436,6.987178,1.698310,-3.059172e+05,-6.095927e+05,-1.481681e+05,9.833338e-01,6.420067e+03
119,6.634821e+03,-1.508694,-3.636781,-6.964027,1.326888e+05,3.198530e+05,6.124825e+05,1.008591e+00,6.691821e+03
120,6.696046e+03,1.970158,-0.333063,7.746454,-1.740720e+05,2.942760e+04,-6.844328e+05,0.000000e+00,0.000000e+00
121,6.829819e+03,0.689484,-5.617458,5.654094,-6.152441e+04,5.012601e+05,-5.045292e+05,2.375921e-02,1.622711e+02
122,6.879494e+03,0.679332,-5.629297,-5.643539,-6.083855e+04,5.041399e+05,5.054154e+05,9.779895e-01,6.728074e+03
123,6.908560e+03,-0.379665,-0.829249,7.947842,3.407325e+04,7.442134e+04,-7.132827e+05,7.270123e-01,5.022608e+03
124,6.990747e+03,1.256900,6.985722,-3.690514,-1.134701e+05,-6.306549e+05,3.331711e+05,9.992037e-01,6.985180e+03
125,7.006384e+03,-3.704815,3.873121,5.939132,3.348360e+05,-3.500473e+05,-5.367704e+05,6.910798e-01,4.841971e+03
126,7.011079e+03,1.939804,3.324092,7.013385,-1.753755e+05,-3.005275e+05,-6.340723e+05,0.000000e+00,0.000000e+00
127,7.028008e+03,-0.668273,-1.082773,-7.898165,6.049072e+04,9.801039e+04,7.149259e+05,9.758737e-01,6.858449e+03
128,7.114048e+03,-0.326553,-0.310716,7.987291,2.973928e+04,2.829701e+04,-7.274055e+05,8.474468e-01,6.028777e+03
129,7.159754e+03,-0.236139,-1.322175,7.886450,2.157426e+04,1.207971e+05,-7.205254e+05,7.989822e-01,5.720516e+03
130,7.252450e+03,-1.619242,-0.196034,7.831962,1.488925e+05,1.802575e+04,-7.201643e+05,0.000000e+00,0.000000e+00
131,7.278680e+03,6.803295,-0.982203,4.092733,-6.267066e+05,9.047868e+04,-3.770148e+05,9.248301e-01,6.731542e+03
132,7.287998e+03,-0.173309,-4.098469,6.868225,1.597507e+04,3.777848e+05,-6.330927e+05,0.000000e+00,0.000000e+00
133,7.409054e+03,5.337228,-2.123817,5.568070,-4.960389e+05,1.973864e+05,-5.174933e+05,6.582967e-02,4.877355e+02
134,7.479856e+03,2.746156,2.706712,7.009446,-2.564428e+05,-2.527595e+05,-6.545593e+05,0.000000e+00,0.000000e+00
135,7.501617e+03,5.784728,4.497865,3.210316,-5.409773e+05,-4.206322e+05,-3.002229e+05,9.814266e-01,7.362286e+03
136,7.563379e+03,-3.623317,6.871674,-1.910933,3.402381e+05,-6.452666e+05,1.794411e+05,9.751261e-01,7.375248e+03
137,7.596260e+03,0.335329,-6.466532,-4.698034,-3.155657e+04,6.085413e+05,4.421145e+05,9.780551e-01,7.429562e+03
138,7.638548e+03,6.667964,-2.873476,3.358778,-6.292414e+05,2.711638e+05,-3.169607e+05,9.770539e-01,7.463273e+03
139,7.660118e+03,-5.267370,1.527715,5.824165,4.977717e+05,-1.443706e+05,-5.503895e+05,6.707350e-01,5.137909e+03
140,7.669491e+03,-5.566107,2.988485,4.907893,5.263244e+05,-2.825875e+05,-4.640844e+05,8.757136e-01,6.716278e+03
141,7.722866e+03,1.670856,7.793192,-0.688766,-1.585429e+05,-7.394747e+05,6.535511e+04,9.924198e-01,7.664325e+03
142,7.752176e+03,4.123892,-4.758839,-4.934265,-3.920466e+05,4.524092e+05,4.690865e+05,9.986769e-01,7.741919e+03
143,7.777150e+03,-5.880614,5.329272,1.008581,5.599530e+05,-5.074541e+05,-9.603723e+04,9.564974e-01,7.438824e+03
144,7.791515e+03,0.022812,-0.077874,7.999588,-2.174148e+03,7.422051e+03,-7.624253e+05,6.439789e-01,5.017571e+03
145,7.804519e+03,-2.262729,-3.809050,6.661171,2.158362e+05,3.633360e+05,-6.353928e+05,0.000000e+00,0.000000e+00
146,7.822379e+03,0.898578,1.006916,-7.885346,-8.581114e+04,-9.615708e+04,7.530241e+05,9.894482e-01,7.739839e+03
147,7.851963e+03,-5.581992,-4.386361,3.687981,5.340685e+05,4.196741e+05,-3.528551e+05,3.096865e-01,2.431647e+03
148,7.899787e+03,-3.970780,-0.241261,-6.940799,3.810678e+05,2.315331e+04,6.660945e+05,9.616572e-01,7.596887e+03
149,7.903702e+03,-3.505684,6.430856,-3.217805,3.365168e+05,-6.173092e+05,3.088828e+05,9.790760e-01,7.738325e+03
150,7.905987e+03,5.165588,1.375553,-5.951853,-4.959255e+05,-1.320609e+05,5.714114e+05,1.007957e+00,7.968894e+03
151,7.966704e+03,-5.071835,-0.618175,6.155839,4.887909e+05,5.957575e+04,-5.932603e+05,4.248680e-01,3.384798e+03
152,7.967675e+03,5.404407,3.381950,-4.832680,-5.208738e+05,-3.259505e+05,4.657711e+05,1.006901e+00,8.022660e+03
153,8.048188e+03,-0.548850,7.402680,2.983136,5.316443e+04,-7.170620e+05,-2.889620e+05,9.744598e-01,7.842636e+03
154,8.144861e+03,0.868495,7.915798,0.765414,-8.463071e+04,-7.713566e+05,-7.458592e+04,9.872963e-01,8.041391e+03
155,8.187518e+03,0.850194,-0.122427,7.953753,-8.306405e+04,1.196113e+04,-7.770821e+05,9.218563e-01,7.547715e+03
156,8.201041e+03,7.520041,1.514936,-2.270232,-7.353149e+05,-1.481315e+05,2.219849e+05,1.000749e+00,8.207180e+03
157,8.205358e+03,-3.810239,6.974450,-0.916042,3.726659e+05,-6.821461e+05,8.959479e+04,9.746196e-01,7.997102e+03
158,8.206188e+03,-0.682417,0.472718,-7.956811,6.674815e+04,-4.623724e+04,7.782667e+05,9.815692e-01,8.054941e+03
159,8.216237e+03,2.420279,-2.659374,7.146326,-2.368757e+05,2.602763e+05,-6.994199e+05,0.000000e+00,0.000000e+00
160,8.222404e+03,-1.086357,-1.305200,-7.817690,1.063630e+05,1.277895e+05,7.654143e+05,9.748884e-01,8.015926e+03
161,8.236159e+03,3.112701,-7.142885,-1.813914,-3.050131e+05,6.999302e+05,1.777451e+05,9.888840e-01,8.144606e+03
162,8.256144e+03,3.532770,-1.265604,7.065252,-3.465953e+05,1.241667e+05,-6.931623e+05,0.000000e+00,0.000000e+00
163,8.334652e+03,-1.325689,1.987725,7.634887,1.306784e+05,-1.959380e+05,-7.526014e+05,0.000000e+00,0.000000e+00
164,8.361560e+03,3.442712,0.487875,-7.204840,-3.399092e+05,-4.816935e+04,7.113554e+05,1.227750e+00,1.026591e+04
165,8.475300e+03,-2.965848,-5.778083,-4.670921,2.948119e+05,5.743544e+05,4.643001e+05,9.475747e-01,8.030980e+03
166,8.497017e+03,2.524196,6.615119,3.724062,-2.512320e+05,-6.583996e+05,-3.706541e+05,9.771648e-01,8.302986e+03
167,8.629432e+03,3.253195,3.968374,6.137486,-3.263021e+05,-3.980360e+05,-6.156024e+05,5.175212e-01,4.465914e+03
168,8.692166e+03,-0.566991,-0.340221,7.972626,5.707675e+04,3.424866e+04,-8.025722e+05,4.249783e-01,3.693982e+03
169,8.900814e+03,0.149098,-1.918530,7.765115,-1.518819e+04,1.954349e+05,-7.910090e+05,8.034023e-01,7.150935e+03
170,9.016785e+03,6.969729,-3.523550,1.734205,-7.145958e+05,3.612643e+05,-1.778054e+05,9.961717e-01,8.982266e+03
171,9.037969e+03,3.711637,-6.627020,-2.511247,-3.809952e+05,6.802560e+05,2.577766e+05,9.927484e-01,8.972429e+03
172,9.145189e+03,-3.856612,-0.470881,6.993198,3.982181e+05,4.862124e+04,-7.220892e+05,0.000000e+00,0.000000e+00
173,9.152409e+03,-7.107808,-3.585696,-0.788571,7.342131e+05,3.703905e+05,8.145682e+04,0.000000e+00,0.000000e+00
174,9.171290e+03,-3.936734,-6.856639,-1.220096,4.070708e+05,7.089982e+05,1.261618e+05,9.056646e-01,8.306113e+03
175,9.177214e+03,-3.844038,-6.785346,-1.783942,3.976141e+05,7.018530e+05,1.845248e+05,9.159262e-01,8.405651e+03
176,9.203208e+03,-7.462068,2.883449,-0.057170,7.729430e+05,-2.986762e+05,5.921804e+03,9.418330e-01,8.667885e+03
177,9.268340e+03,7.823438,1.576964,-0.554071,-8.132373e+05,-1.639236e+05,5.759508e+04,9.974912e-01,9.245087e+03
178,9.276400e+03,2.579255,0.577544,7.550754,-2.682271e+05,-6.006117e+04,-7.852333e+05,0.000000e+00,0.000000e+00
179,9.340789e+03,-7.122436,-2.405076,-2.736148,7.432571e+05,2.509801e+05,2.855289e+05,0.000000e+00,0.000000e+00
180,9.347272e+03,1.102864,-7.916546,0.334641,-1.151286e+05,8.264125e+05,-3.493340e+04,9.882385e-01,9.237334e+03
181,9.360720e+03,-2.613075,-7.553984,0.330414,2.729764e+05,7.891314e+05,-3.451687e+04,9.566908e-01,8.955314e+03
182,9.364868e+03,-1.502766,-5.922363,5.164040,1.570221e+05,6.188203e+05,-5.395840e+05,8.346582e-01,7.816464e+03
183,9.373579e+03,-1.497277,7.821302,-0.765115,1.565213e+05,-8.176180e+05,7.998311e+04,9.881913e-01,9.262888e+03
184,9.383223e+03,0.698623,7.595753,-2.411734,-7.306974e+04,-7.944481e+05,2.522459e+05,9.973918e-01,9.358750e+03
185,9.399591e+03,3.737721,-2.047118,-6.770432,-3.912731e+05,2.142970e+05,7.087442e+05,1.000839e+00,9.407479e+03
186,9.472405e+03,0.307098,2.464520,-7.604724,-3.227204e+04,-2.589889e+05,7.991573e+05,1.281184e+00,1.213589e+04
187,9.614757e+03,-0.927665,-1.302713,-7.838519,9.821530e+04,1.379230e+05,8.298925e+05,9.778813e-01,9.402091e+03
188,9.615301e+03,0.752094,-0.923614,-7.910834,-7.962919e+04,9.778919e+04,8.375724e+05,9.863050e-01,9.483619e+03
189,9.618626e+03,4.608779,4.491541,-4.752390,-4.880464e+05,-4.756315e+05,5.032540e+05,1.006435e+00,9.680524e+03
190,9.625351e+03,1.924504,1.546566,7.609495,-2.038665e+05,-1.638307e+05,-8.060887e+05,0.000000e+00,0.000000e+00
191,9.625707e+03,-3.090432,4.573565,-5.790659,3.273816e+05,-4.844956e+05,6.134272e+05,9.870107e-01,9.500675e+03
192,9.681777e+03,-3.785099,6.808027,-1.823126,4.021365e+05,-7.232984e+05,1.936926e+05,9.808255e-01,9.496134e+03
193,9.725545e+03,0.189435,0.615520,-7.974036,-2.017138e+04,-6.554167e+04,8.490902e+05,9.871961e-01,9.601020e+03
194,9.753536e+03,-4.595798,0.235815,-6.543931,4.900728e+05,-2.514616e+04,6.978120e+05,9.652287e-01,9.414393e+03
195,9.758739e+03,1.945146,3.047247,7.136574,-2.074760e+05,-3.250298e+05,-7.612115e+05,0.000000e+00,0.000000e+00
196,9.771647e+03,-5.687188,5.299866,1.888731,6.070160e+05,-5.656756e+05,-2.015917e+05,9.659640e-01,9.439059e+03
197,9.873053e+03,-0.873270,-1.222746,7.857626,9.368993e+04,1.311840e+05,-8.430159e+05,0.000000e+00,0.000000e+00
198,1.006683e+04,1.955079,-1.464903,-7.617856,-2.118017e+05,1.586990e+05,8.252733e+05,9.909507e-01,9.975734e+03
199,1.013533e+04,0.376154,0.692406,7.961098,-4.088876e+04,-7.526588e+04,-8.653875e+05,0.000000e+00,0.000000e+00
200,1.017592e+04,-6.059473,-0.851309,5.153452,6.599945e+05,9.272415e+04,-5.613111e+05,9.898678e-01,1.007281e+04
201,1.022183e+04,-3.809684,-2.313621,-6.643303,4.158838e+05,2.525662e+05,7.252155e+05,9.619737e-01,9.833134e+03
202,1.026983e+04,7.203019,-2.858607,-1.986172,-7.881608e+05,3.127914e+05,2.173287e+05,9.993407e-01,1.026306e+04
203,1.031381e+04,3.286179,-3.055602,6.623015,-3.603458e+05,3.350619e+05,-7.262464e+05,0.000000e+00,0.000000e+00
204,1.037885e+04,-0.352280,-1.780937,7.791288,3.875083e+04,1.959034e+05,-8.570430e+05,5.296854e-01,5.497527e+03
205,1.048385e+04,1.615382,-1.535002,7.683379,-1.785889e+05,1.697024e+05,-8.494372e+05,9.045657e-01,9.483329e+03
206,1.050741e+04,-5.913534,3.407758,-4.173404,6.545059e+05,-3.771684e+05,4.619096e+05,9.664088e-01,1.015445e+04
207,1.054510e+04,2.046017,-4.891914,-5.990241,-2.268576e+05,5.424039e+05,6.641838e+05,9.966349e-01,1.050961e+04
208,1.063715e+04,6.362149,-4.838131,0.339926,-7.084924e+05,5.387769e+05,-3.785435e+04,9.965131e-01,1.060006e+04
209,1.065822e+04,-4.775571,4.628750,-4.446190,5.323366e+05,-5.159704e+05,4.956202e+05,9.771716e-01,1.041491e+04
210,1.071282e+04,7.068539,3.704118,0.561486,-7.899510e+05,-4.139571e+05,-6.274943e+04,9.967495e-01,1.067799e+04
211,1.076851e+04,0.045545,0.603886,-7.977045,-5.103098e+03,-6.766308e+04,8.937962e+05,9.874596e-01,1.063347e+04
212,1.094538e+04,-3.043305,-6.595860,3.351557,3.437792e+05,7.450846e+05,-3.786001e+05,1.004833e+00,1.099828e+04
213,1.094624e+04,0.502892,-1.760744,7.787611,-5.681016e+04,1.989058e+05,-8.797422e+05,8.885196e-01,9.725951e+03
214,1.104829e+04,-7.958959,0.809253,0.008612,9.032801e+05,-9.184390e+04,-9.774196e+02,0.000000e+00,0.000000e+00
215,1.114787e+04,3.235410,-1.452446,7.170950,-3.688450e+05,1.655826e+05,-8.175066e+05,0.000000e+00,0.000000e+00
216,1.119470e+04,6.713295,3.708374,2.275879,-7.669389e+05,-4.236513e+05,-2.600005e+05,9.947202e-01,1.113560e+04
217,1.121954e+04,4.538790,-1.069774,6.500382,-5.190943e+05,1.223484e+05,-7.434385e+05,0.000000e+00,0.000000e+00
218,1.123034e+04,2.573490,7.336695,-1.884157,-2.944676e+05,-8.394901e+05,2.155918e+05,1.000153e+00,1.123205e+04
219,1.124396e+04,-6.288199,-3.754896,3.218589,7.199536e+05,4.299087e+05,-3.685053e+05,0.000000e+00,0.000000e+00
220,1.125049e+04,-2.914532,-2.121245,7.141836,3.337900e+05,2.429379e+05,-8.179266e+05,0.000000e+00,0.000000e+00
221,1.134029e+04,7.626264,-0.220451,2.406555,-8.768849e+05,2.534799e+04,-2.767111e+05,9.967295e-01,1.130320e+04
222,1.142748e+04,3.124006,-6.690369,3.078888,-3.605834e+05,7.722253e+05,-3.553758e+05,1.006388e+00,1.150048e+04
223,1.151137e+04,-7.109834,0.908231,-3.553221,8.236479e+05,-1.052152e+05,4.116275e+05,9.292267e-01,1.069667e+04
224,1.153585e+04,2.187449,-6.873847,3.459088,-2.536772e+05,7.971561e+05,-4.011485e+05,1.007979e+00,1.162789e+04
225,1.157966e+04,-1.777196,3.035171,7.185354,2.064914e+05,-3.526548e+05,-8.348622e+05,2.337605e-03,2.706869e+01
226,1.157993e+04,-3.334252,-5.791020,4.398506,3.874092e+05,6.728630e+05,-5.110658e+05,1.011729e+00,1.171575e+04
227,1.160178e+04,-1.576694,-1.179938,-7.753824,1.833701e+05,1.372272e+05,9.017725e+05,9.782198e-01,1.134910e+04
228,1.161218e+04,-5.870558,-0.611979,5.400188,6.830538e+05,7.120527e+04,-6.283252e+05,9.431605e-01,1.095215e+04
229,1.180107e+04,3.660068,-6.310564,-3.283395,-4.293076e+05,7.401974e+05,3.851257e+05,9.967126e-01,1.176228e+04
230,1.193392e+04,-3.632833,0.980451,7.059833,4.285048e+05,-1.156475e+05,-8.327309e+05,5.884742e-03,7.022804e+01
231,1.195194e+04,-2.420990,-4.151399,-6.395677,2.857794e+05,4.900409e+05,7.549607e+05,1.098409e+00,1.312812e+04
232,1.195908e+04,-1.626413,6.564361,4.273634,1.920430e+05,-7.751041e+05,-5.046205e+05,9.752780e-01,1.166343e+04
233,1.201168e+04,-1.025773,-5.226421,5.969281,1.213869e+05,6.184791e+05,-7.063868e+05,2.416079e-01,2.902117e+03
234,1.209803e+04,-1.287214,1.314030,7.785654,1.528716e+05,-1.560563e+05,-9.246368e+05,0.000000e+00,0.000000e+00
235,1.217712e+04,-7.102676,-3.136467,1.927320,8.462778e+05,3.737073e+05,-2.296386e+05,0.000000e+00,0.000000e+00
236,1.217879e+04,-1.926773,6.949773,3.462399,2.295891e+05,-8.281162e+05,-4.125701e+05,9.813487e-01,1.195164e+04
237,1.218893e+04,-6.724679,-4.233269,0.926353,8.016283e+05,5.046350e+05,-1.104277e+05,0.000000e+00,0.000000e+00
238,1.243632e+04,1.187257,-0.432062,7.899604,-1.429582e+05,5.202479e+04,-9.511957e+05,8.226626e-01,1.023089e+04
239,1.244157e+04,-2.727642,-1.877026,-7.282633,3.285063e+05,2.260615e+05,8.770912e+05,1.004237e+00,1.249429e+04
240,1.245093e+04,3.166322,2.442675,-6.928762,-3.814826e+05,-2.942966e+05,8.347863e+05,1.006808e+00,1.253569e+04
241,1.247396e+04,-0.258123,-0.398901,7.985878,3.112777e+04,4.810458e+04,-9.630381e+05,6.643992e-01,8.287687e+03
242,1.251405e+04,2.717930,7.501813,-0.579366,-3.282886e+05,-9.061161e+05,6.997952e+04,9.984651e-01,1.249484e+04
243,1.253930e+04,-0.739148,-3.847785,-6.974827,8.936899e+04,4.652283e+05,8.433130e+05,1.026595e+00,1.287279e+04
244,1.255771e+04,-3.865412,-6.081415,-3.474909,4.677024e+05,7.358317e+05,4.204528e+05,9.526914e-01,1.196362e+04
245,1.258641e+04,-6.637783,-1.478300,4.213605,8.040679e+05,1.790738e+05,-5.104151e+05,6.264374e-01,7.884600e+03
246,1.259030e+04,-5.714159,2.164523,5.163644,6.922917e+05,-2.622400e+05,-6.255947e+05,9.313655e-01,1.172617e+04
247,1.259926e+04,2.913773,2.642569,-6.966115,-3.531401e+05,-3.202710e+05,8.442711e+05,1.006618e+00,1.268265e+04
248,1.265722e+04,-3.956976,6.894140,-0.901761,4.806747e+05,-8.374676e+05,1.095416e+05,9.850489e-01,1.246798e+04
249,1.266308e+04,5.006809,-2.360250,5.775905,-6.083442e+05,2.867783e+05,-7.017919e+05,2.250170e-01,2.849408e+03
250,1.268935e+04,-4.599614,-3.199236,5.710380,5.594479e+05,3.891210e+05,-6.945496e+05,8.409308e-01,1.067086e+04
251,1.270626e+04,1.307779,3.718623,-6.961433,-1.591702e+05,-4.525950e+05,8.472787e+05,1.004838e+00,1.276774e+04
252,1.271269e+04,-4.907418,-4.800223,-4.107932,5.974349e+05,5.843847e+05,5.001045e+05,9.407130e-01,1.195900e+04
253,1.271676e+04,1.962169,-2.056008,7.478150,-2.389149e+05,2.503408e+05,-9.105442e+05,0.000000e+00,0.000000e+00
254,1.271844e+04,-3.547655,-7.079408,1.138476,4.319933e+05,8.620502e+05,-1.386307e+05,9.556273e-01,1.215409e+04
255,1.275004e+04,3.445595,0.708343,-7.185132,-4.200865e+05,-8.636108e+04,8.760102e+05,1.004709e+00,1.281008e+04
256,1.283794e+04,-0.791340,-1.271991,7.858487,9.681202e+04,1.556145e+05,-9.614025e+05,5.475974e-01,7.030021e+03
257,1.284753e+04,-0.775773,4.138291,6.802406,9.494305e+04,-5.064651e+05,-8.325130e+05,4.818098e-01,6.190066e+03
258,1.287648e+04,6.112235,-4.604543,-2.332116,-7.488887e+05,5.641620e+05,2.857376e+05,9.998228e-01,1.287420e+04
259,1.299016e+04,-2.832839,-7.279131,-1.728952,3.486164e+05,8.957886e+05,2.127692e+05,9.645756e-01,1.252999e+04
260,1.304948e+04,-4.368329,1.906569,6.425162,5.388036e+05,-2.351623e+05,-7.925000e+05,6.709675e-01,8.755775e+03
261,1.310948e+04,-0.780684,5.499524,5.757236,9.651318e+04,-6.798868e+05,-7.117468e+05,9.236305e-01,1.210832e+04
262,1.323320e+04,-0.956726,0.139527,-7.941361,1.188334e+05,-1.733040e+04,9.863841e+05,9.851466e-01,1.303665e+04
263,1.326333e+04,1.027145,4.945784,-6.203563,-1.277253e+05,-6.150072e+05,7.714117e+05,1.004483e+00,1.332280e+04
264,1.329239e+04,7.544232,-1.934260,-1.828443,-9.391507e+05,2.407881e+05,2.276154e+05,1.000977e+00,1.330537e+04
265,1.331459e+04,5.511253,5.798614,-0.046589,-6.866460e+05,-7.224483e+05,5.804569e+03,9.992398e-01,1.330447e+04
266,1.349630e+04,-2.906038,-0.092404,7.452946,3.645251e+05,1.159091e+04,-9.348761e+05,0.000000e+00,0.000000e+00
267,1.351798e+04,-3.657629,-6.546063,2.787617,4.591708e+05,8.217784e+05,-3.499513e+05,9.812302e-01,1.326425e+04
268,1.354716e+04,1.475687,-2.640992,7.405910,-1.854544e+05,3.319020e+05,-9.307249e+05,0.000000e+00,0.000000e+00
269,1.363349e+04,-2.187607,-2.935659,-7.113106,2.757983e+05,3.701075e+05,8.967709e+05,9.938606e-01,1.354979e+04
270,1.371364e+04,5.712046,4.463137,3.384218,-7.222486e+05,-5.643328e+05,-4.279110e+05,9.945944e-01,1.363951e+04
271,1.377826e+04,-1.488819,-7.598080,-2.013106,1.886939e+05,9.629854e+05,2.551423e+05,9.787137e-01,1.348497e+04
272,1.379359e+04,2.232571,3.382729,6.897302,-2.831149e+05,-4.289677e+05,-8.746547e+05,6.594828e-02,9.096638e+02
273,1.386052e+04,-1.324354,-2.458209,-7.496886,1.683498e+05,3.124837e+05,9.529922e+05,9.803802e-01,1.358858e+04
274,1.388030e+04,-3.534062,5.428438,-4.694941,4.495648e+05,-6.905466e+05,5.972391e+05,9.909279e-01,1.375438e+04
275,1.392336e+04,1.616431,-5.985075,5.056286,-2.059434e+05,7.625360e+05,-6.442024e+05,8.718603e-01,1.213923e+04
276,1.393102e+04,0.878699,1.597419,7.789489,-1.119826e+05,-2.035772e+05,-9.927026e+05,0.000000e+00,0.000000e+00
277,1.393557e+04,0.004247,-3.954922,6.954033,-5.412869e+02,5.041026e+05,-8.863755e+05,0.000000e+00,0.000000e+00
278,1.402882e+04,1.137209,-7.745235,1.648664,-1.454352e+05,9.905213e+05,-2.108441e+05,9.994987e-01,1.402179e+04
279,1.403059e+04,5.362727,-2.551490,5.360136,-6.858708e+05,3.263250e+05,-6.855394e+05,6.865088e-01,9.632122e+03
280,1.408372e+04,1.322715,-4.801797,6.260445,-1.694899e+05,6.152919e+05,-8.021998e+05,0.000000e+00,0.000000e+00
281,1.416456e+04,-1.303267,1.214213,-7.799178,1.674763e+05,-1.560325e+05,1.002234e+06,1.066242e+00,1.510284e+04
282,1.424696e+04,-5.352966,-4.813528,3.489371,6.898811e+05,6.203592e+05,-4.497042e+05,7.605472e-01,1.083549e+04
283,1.425046e+04,1.569279,4.621406,-6.338768,-2.022708e+05,-5.956720e+05,8.170299e+05,1.005336e+00,1.432651e+04
284,1.441613e+04,2.798230,0.322303,7.487725,-3.627659e+05,-4.178376e+04,-9.707177e+05,0.000000e+00,0.000000e+00
285,1.444376e+04,-4.207704,-6.160491,2.888526,5.460143e+05,7.994183e+05,-3.748307e+05,9.616484e-01,1.388982e+04
286,1.447570e+04,-1.039439,1.854915,-7.712254,1.350322e+05,-2.409697e+05,1.001889e+06,1.012123e+00,1.465119e+04
287,1.452002e+04,-3.166980,2.506309,-6.905697,4.120477e+05,-3.260895e+05,8.984829e+05,9.908587e-01,1.438729e+04
288,1.453057e+04,0.993763,1.053058,-7.867878,-1.293430e+05,-1.370605e+05,1.024042e+06,9.931347e-01,1.443081e+04
289,1.454075e+04,-4.664137,6.247907,-1.791503,6.072722e+05,-8.134796e+05,2.332542e+05,9.854155e-01,1.432868e+04
290,1.454426e+04,2.423298,-3.604547,-6.718249,-3.155522e+05,4.693698e+05,8.748238e+05,1.001677e+00,1.456865e+04
291,1.456359e+04,-6.539600,2.811649,3.650789,8.521267e+05,-3.663650e+05,-4.757072e+05,9.855529e-01,1.435319e+04
292,1.459171e+04,5.025398,-2.799089,-5.559719,-6.554541e+05,3.650804e+05,7.251446e+05,1.004815e+00,1.466196e+04
293,1.461659e+04,1.240743,-7.406160,-2.758506,-1.619660e+05,9.667960e+05,3.600938e+05,9.921621e-01,1.450203e+04
294,1.462750e+04,-1.217373,2.832326,7.382136,1.589745e+05,-3.698682e+05,-9.640194e+05,0.000000e+00,0.000000e+00
295,1.478551e+04,2.065105,2.292374,7.381082,-2.711309e+05,-3.009694e+05,-9.690739e+05,0.000000e+00,0.000000e+00
296,1.480336e+04,0.026162,-7.933407,1.029745,-3.436886e+03,1.042218e+06,-1.352785e+05,9.942933e-01,1.471888e+04
297,1.490594e+04,0.644201,6.669928,-4.370019,-8.492192e+04,-8.792643e+05,5.760785e+05,1.002912e+00,1.494934e+04
298,1.492444e+04,1.796339,-2.338910,7.436576,-2.369496e+05,3.085185e+05,-9.809361e+05,0.000000e+00,0.000000e+00
299,1.502589e+04,1.413916,-0.517158,7.857060,-1.871382e+05,6.844826e+04,-1.039917e+06,8.187673e-01,1.230271e+04
300,1.509551e+04,3.311977,4.064441,6.042444,-4.393694e+05,-5.391919e+05,-8.015953e+05,8.290680e-01,1.251520e+04
301,1.514076e+04,-1.091223,-0.784409,7.886313,1.449794e+05,1.042161e+05,-1.047771e+06,0.000000e+00,0.000000e+00
302,1.517740e+04,0.304804,-0.738417,7.960015,-4.054510e+04,9.822438e+04,-1.058842e+06,9.723835e-01,1.475826e+04
303,1.529057e+04,6.783840,-1.097755,-4.095662,-9.057454e+05,1.465669e+05,5.468329e+05,1.004800e+00,1.536397e+04
304,1.529221e+04,0.568382,7.663344,-2.224881,-7.589164e+04,-1.023227e+06,2.970712e+05,1.000407e+00,1.529843e+04
305,1.529548e+04,1.099213,7.815808,1.305710,-1.467852e+05,-1.043696e+06,-1.743600e+05,9.957202e-01,1.523001e+04
306,1.536184e+04,7.295080,-3.266004,-0.339163,-9.762709e+05,4.370760e+05,4.538886e+04,9.997457e-01,1.535793e+04
307,1.539815e+04,4.782930,-5.817906,-2.697324,-6.408362e+05,7.795063e+05,3.613983e+05,9.996809e-01,1.539324e+04
308,1.545650e+04,-5.116458,-5.052888,-3.505734,6.868213e+05,6.782878e+05,4.706015e+05,9.381232e-01,1.450011e+04
309,1.562587e+04,4.793751,0.790172,6.355752,-6.470177e+05,-1.066503e+05,-8.578427e+05,1.519781e-01,2.374790e+03
310,1.565309e+04,-2.750960,-1.095679,7.431804,3.716234e+05,1.480138e+05,-1.003952e+06,0.000000e+00,0.000000e+00
311,1.570804e+04,5.140953,6.035819,-1.067470,-6.957021e+05,-8.168002e+05,1.444559e+05,1.001718e+00,1.573502e+04
312,1.575499e+04,5.498422,-4.750148,3.347155,-7.451881e+05,6.437762e+05,-4.536319e+05,1.002530e+00,1.579485e+04
313,1.587529e+04,-0.657096,2.056968,-7.703058,8.939394e+04,-2.798382e+05,1.047955e+06,1.002731e+00,1.591865e+04
314,1.589226e+04,4.663046,-0.880451,-6.440560,-6.347185e+05,1.198442e+05,8.766680e+05,1.006285e+00,1.599214e+04
315,1.605872e+04,-6.223075,2.077465,-4.577934,8.514891e+05,-2.842549e+05,6.263882e+05,9.762025e-01,1.567656e+04
316,1.607280e+04,-7.468918,1.512057,2.434944,1.022403e+06,-2.069819e+05,-3.333139e+05,9.613024e-01,1.545082e+04
317,1.608324e+04,-7.818840,1.634129,-0.441998,1.070651e+06,-2.237647e+05,6.052377e+04,7.384073e-01,1.187598e+04
318,1.610027e+04,2.691216,-1.974276,7.270460,-3.687090e+05,2.704849e+05,-9.960866e+05,0.000000e+00,0.000000e+00
319,1.618046e+04,-2.864979,-7.122665,2.249342,3.934917e+05,9.782653e+05,-3.089368e+05,9.914065e-01,1.604141e+04
320,1.632634e+04,4.464043,0.888101,6.579027,-6.158733e+05,-1.225252e+05,-9.076632e+05,4.800373e-03,7.837250e+01
321,1.638181e+04,-1.194013,7.579172,2.265058,1.650093e+05,-1.047421e+06,-3.130249e+05,9.923129e-01,1.625588e+04
322,1.651547e+04,-1.266585,-7.201865,-3.244827,1.757513e+05,9.993304e+05,4.502520e+05,9.847886e-01,1.626424e+04
323,1.652406e+04,7.086876,0.012261,3.711608,-9.836303e+05,-1.701751e+03,-5.151565e+05,9.972288e-01,1.647827e+04
324,1.652724e+04,-6.726946,0.329631,4.317354,9.337632e+05,-4.575586e+04,-5.992893e+05,1.016071e+00,1.679286e+04
325,1.656044e+04,4.853115,5.718693,2.782773,-6.743343e+05,-7.946052e+05,-3.866629e+05,9.972789e-01,1.651538e+04
326,1.656295e+04,5.043380,1.856454,-5.926035,-7.008246e+05,-2.579715e+05,8.234776e+05,1.007035e+00,1.667948e+04
327,1.685533e+04,0.022167,-0.005407,-7.999967,-3.107375e+03,7.579889e+02,1.121439e+06,9.899460e-01,1.668587e+04
328,1.691438e+04,-2.746797,3.791520,6.486870,3.857210e+05,-5.324271e+05,-9.109236e+05,8.146176e-01,1.377875e+04
329,1.693304e+04,-4.564717,-1.258775,6.448166,6.413572e+05,1.768619e+05,-9.059879e+05,6.097681e-01,1.032523e+04
330,1.697940e+04,-7.515586,-0.651349,-2.663027,1.057408e+06,9.164180e+04,3.746756e+05,2.348185e-01,3.987077e+03
331,1.700104e+04,1.066240,-3.393630,7.165641,-1.501106e+05,4.777723e+05,-1.008815e+06,0.000000e+00,0.000000e+00
332,1.706808e+04,-7.711394,-1.161066,-1.785028,1.087787e+06,1.637827e+05,2.518002e+05,0.000000e+00,0.000000e+00
333,1.709301e+04,-1.624747,-3.381320,-7.065895,2.293579e+05,4.773250e+05,9.974591e+05,1.033101e+00,1.765880e+04
334,1.709739e+04,-2.840976,5.011981,-5.550577,4.010985e+05,-7.076084e+05,7.836491e+05,9.962711e-01,1.703363e+04
335,1.715169e+04,-6.454193,4.518919,-1.386640,9.126707e+05,-6.390086e+05,1.960812e+05,9.819529e-01,1.684215e+04
336,1.715859e+04,-5.636116,-4.937610,-2.802536,7.971488e+05,6.983550e+05,3.963790e+05,8.710454e-01,1.494591e+04
337,1.721968e+04,6.834414,1.739375,3.776952,-9.683503e+05,-2.464475e+05,-5.351465e+05,9.973272e-01,1.717366e+04
338,1.722410e+04,3.684478,6.843295,1.895769,-5.221112e+05,-9.697331e+05,-2.686410e+05,9.978814e-01,1.718761e+04
339,1.723579e+04,-0.897708,-7.242447,3.277360,1.272534e+05,1.026643e+06,-4.645778e+05,1.010932e+00,1.742421e+04
340,1.728045e+04,6.619548,4.005479,2.034139,-9.395600e+05,-5.685265e+05,-2.887199e+05,9.991571e-01,1.726588e+04
341,1.730853e+04,-3.570307,6.978655,-1.597275,5.071710e+05,-9.913352e+05,2.268969e+05,9.924636e-01,1.717809e+04
342,1.732940e+04,-1.474952,-0.299270,7.857159,2.096469e+05,4.253760e+04,-1.116802e+06,0.000000e+00,0.000000e+00
343,1.737054e+04,6.085490,5.042877,-1.239435,-8.660060e+05,-7.176351e+05,1.763799e+05,1.002476e+00,1.741354e+04
344,1.737468e+04,1.033745,1.063223,7.861357,-1.471264e+05,-1.513218e+05,-1.118857e+06,0.000000e+00,0.000000e+00
345,1.748443e+04,2.993234,-1.695441,-7.222605,-4.273514e+05,2.420623e+05,1.031189e+06,1.004575e+00,1.756442e+04
346,1.767181e+04,-3.537191,-1.132185,-7.085650,5.077123e+05,1.625086e+05,1.017042e+06,9.843859e-01,1.739588e+04
347,1.778998e+04,-0.344930,-0.577808,-7.971647,4.967488e+04,8.321282e+04,1.148033e+06,9.888344e-01,1.759135e+04
348,1.782569e+04,3.352841,5.235600,5.034575,-4.833422e+05,-7.547590e+05,-7.257794e+05,9.829668e-01,1.752206e+04
349,1.793790e+04,-1.282095,-0.906574,7.844384,1.854064e+05,1.311016e+05,-1.134392e+06,0.000000e+00,0.000000e+00
350,1.797362e+04,5.888928,-1.938245,5.056059,-8.524574e+05,2.805726e+05,-7.318947e+05,9.101824e-01,1.635927e+04
351,1.798978e+04,-4.239772,1.968325,6.492305,6.140080e+05,-2.850548e+05,-9.402222e+05,7.720671e-01,1.388931e+04
352,1.801696e+04,0.395629,-6.839209,-4.131429,-5.733868e+04,9.912091e+05,5.987695e+05,9.936266e-01,1.790213e+04
353,1.827459e+04,-1.642265,-3.690557,6.905270,2.397097e+05,5.386845e+05,-1.007913e+06,6.236318e-02,1.139662e+03
354,1.829249e+04,0.084365,-0.045736,7.999424,-1.232023e+04,6.679088e+03,-1.168191e+06,7.485490e-01,1.369282e+04
355,1.838886e+04,3.013632,6.215899,-4.034925,-4.412517e+05,-9.101229e+05,5.907878e+05,1.005086e+00,1.848238e+04
356,1.841604e+04,-7.909007,-0.872267,0.828711,1.158881e+06,1.278105e+05,-1.214283e+05,0.000000e+00,0.000000e+00
357,1.846233e+04,6.556064,4.374293,1.372438,-9.618450e+05,-6.417559e+05,-2.013514e+05,9.999550e-01,1.846150e+04
358,1.848231e+04,-1.668497,-2.359703,-7.459754,2.449188e+05,3.463810e+05,1.095018e+06,9.847455e-01,1.820038e+04
359,1.849169e+04,0.115309,0.387014,7.989801,-1.693055e+04,-5.682420e+04,-1.173122e+06,4.345066e-01,8.034764e+03
360,1.856437e+04,6.079507,4.970696,-1.527014,-8.943903e+05,-7.312670e+05,2.246476e+05,1.003059e+00,1.862116e+04
361,1.857319e+04,0.021339,0.753571,7.964400,-3.140057e+03,-1.108884e+05,-1.171966e+06,0.000000e+00,0.000000e+00
362,1.868762e+04,5.978695,-5.181353,-1.186925,-8.824743e+05,7.647841e+05,1.751939e+05,1.000456e+00,1.869615e+04
363,1.869676e+04,-1.577448,0.128657,-7.841881,2.328933e+05,-1.899488e+04,1.157770e+06,9.876573e-01,1.846599e+04
364,1.878212e+04,-5.335053,-1.693029,-5.715843,7.894593e+05,2.505275e+05,8.458071e+05,9.757849e-01,1.832731e+04
365,1.879958e+04,3.484112,6.576213,2.935027,-5.158041e+05,-9.735731e+05,-4.345151e+05,9.975415e-01,1.875336e+04
366,1.885074e+04,6.353854,-1.335074,4.673983,-9.419331e+05,1.979193e+05,-6.928991e+05,9.709625e-01,1.830336e+04
367,1.887072e+04,4.373811,-3.597411,5.650523,-6.487434e+05,5.335843e+05,-8.381112e+05,5.813849e-01,1.097115e+04
368,1.889294e+04,3.384659,-5.366378,-4.872995,-5.023232e+05,7.964337e+05,7.232098e+05,1.001678e+00,1.892465e+04
369,1.893840e+04,-2.238006,-0.373230,7.671508,3.325458e+05,5.545835e+04,-1.139911e+06,0.000000e+00,0.000000e+00
370,1.912259e+04,1.320625,-6.452490,4.541071,-1.971839e+05,9.634281e+05,-6.780322e+05,9.951145e-01,1.902916e+04
371,1.919731e+04,0.298871,-7.174170,-3.527317,-4.471180e+04,1.073274e+06,5.276954e+05,9.935108e-01,1.907274e+04
372,1.933298e+04,4.483746,6.529669,1.122253,-6.731457e+05,-9.803006e+05,-1.684841e+05,9.998912e-01,1.933088e+04
373,1.947554e+04,4.013511,6.542799,2.254664,-6.047667e+05,-9.858868e+05,-3.397388e+05,9.987299e-01,1.945081e+04
374,1.948602e+04,0.181781,0.317699,-7.991622,-2.739860e+04,-4.788468e+04,1.204523e+06,9.919252e-01,1.932867e+04
375,1.951233e+04,-3.597612,6.209913,3.534710,5.426097e+05,-9.366099e+05,-5.331225e+05,9.885640e-01,1.928919e+04
376,1.952389e+04,-3.163782,6.494164,-3.437488,4.773186e+05,-9.797721e+05,5.186126e+05,9.961956e-01,1.944961e+04
377,1.963480e+04,1.891721,0.456461,7.759706,-2.862129e+05,-6.906144e+04,-1.174025e+06,0.000000e+00,0.000000e+00
378,1.971310e+04,-5.696085,0.318069,5.608337,8.635204e+05,-4.821889e+04,-8.502179e+05,9.547332e-01,1.882075e+04
379,1.974293e+04,-0.022720,-0.035121,7.999891,3.446939e+03,5.328368e+03,-1.213692e+06,7.373570e-01,1.455759e+04
380,1.974678e+04,0.897960,0.659934,-7.922004,-1.362461e+05,-1.001307e+05,1.201993e+06,9.943326e-01,1.963487e+04
381,1.983946e+04,1.450416,2.466874,7.470664,-2.205850e+05,-3.751721e+05,-1.136169e+06,0.000000e+00,0.000000e+00
382,1.998295e+04,4.954043,-1.240315,6.157847,-7.561505e+05,1.893131e+05,-9.398908e+05,2.516125e-01,5.027961e+03
383,2.000139e+04,-0.158556,5.529019,5.779689,2.421197e+04,-8.443001e+05,-8.825784e+05,9.634009e-01,1.926936e+04
384,2.010243e+04,-3.424337,-1.094310,-7.146775,5.242272e+05,1.675264e+05,1.094090e+06,9.876965e-01,1.985510e+04
385,2.011529e+04,-2.267266,-0.858526,-7.623807,3.472036e+05,1.314726e+05,1.167491e+06,9.863269e-01,1.984025e+04
386,2.015523e+04,0.002617,-0.042895,-7.999885,-4.011375e+02,6.575379e+03,1.226299e+06,9.913700e-01,1.998129e+04
387,2.016347e+04,-4.056894,4.054849,-5.576720,6.220066e+05,-6.216930e+05,8.550275e+05,9.930507e-01,2.002334e+04
388,2.020749e+04,0.738825,-7.182802,-3.444051,-1.134009e+05,1.102475e+06,5.286210e+05,9.952180e-01,2.011086e+04
389,2.021125e+04,2.663047,1.998638,-7.274175,-4.087842e+05,-3.067959e+05,1.116604e+06,1.006097e+00,2.033448e+04
390,2.030270e+04,5.752272,-2.663892,4.880066,-8.849832e+05,4.098379e+05,-7.507947e+05,9.493266e-01,1.927389e+04
391,2.032983e+04,4.009472,-0.624718,-6.894481,-6.172665e+05,9.617664e+04,1.061420e+06,1.006128e+00,2.045440e+04
392,2.036559e+04,1.992466,4.997675,-5.920585,-3.070140e+05,-7.700787e+05,9.122875e+05,1.005781e+00,2.048332e+04
393,2.039309e+04,7.243095,1.492324,3.051318,-1.116823e+06,-2.301036e+05,-4.704870e+05,1.001027e+00,2.041403e+04
394,2.039946e+04,2.668590,7.150045,-2.399060,-4.115378e+05,-1.102648e+06,3.699723e+05,1.003466e+00,2.047016e+04
395,2.045897e+04,-4.910333,-1.577694,-6.115514,7.583532e+05,2.436595e+05,9.444816e+05,9.807341e-01,2.006481e+04
396,2.054885e+04,-0.739484,-2.764313,-7.470725,1.144568e+05,4.278581e+05,1.156313e+06,9.895688e-01,2.033450e+04
397,2.055437e+04,7.995497,-0.268310,0.005701,-1.237703e+06,4.153430e+04,-8.825742e+02,1.001531e+00,2.058585e+04
398,2.057107e+04,-0.065108,-6.620456,-4.490582,1.008284e+04,1.025262e+06,6.954241e+05,9.942122e-01,2.045201e+04
399,2.062645e+04,2.949242,5.464031,5.044437,-4.573423e+05,-8.473134e+05,-7.822465e+05,9.883072e-01,2.038527e+04
400,2.066900e+04,6.441213,-4.039467,2.488672,-9.998758e+05,6.270504e+05,-3.863191e+05,1.003415e+00,2.073958e+04
401,2.067128e+04,6.469606,-4.547304,-1.210877,-1.004339e+06,7.059214e+05,1.879759e+05,1.001311e+00,2.069838e+04
402,2.068976e+04,-0.445717,5.381154,5.902925,6.922380e+04,-8.357412e+05,-9.167769e+05,9.580360e-01,1.982154e+04
403,2.070205e+04,-4.053682,6.795263,1.179856,6.297599e+05,-1.055678e+06,-1.832966e+05,9.915730e-01,2.052759e+04
404,2.071721e+04,-2.141480,-3.732819,-6.743895,3.328116e+05,5.801245e+05,1.048082e+06,9.898152e-01,2.050621e+04
405,2.100498e+04,-5.526311,-1.485594,-5.590429,8.647989e+05,2.324771e+05,8.748327e+05,9.784947e-01,2.055326e+04
406,2.101220e+04,0.418419,-7.647722,2.310254,-6.548864e+04,1.196979e+06,-3.615881e+05,1.003783e+00,2.109170e+04
407,2.102961e+04,-2.066407,-6.684017,-3.879932,3.235565e+05,1.046579e+06,6.075169e+05,9.865217e-01,2.074617e+04
408,2.104189e+04,-1.071946,6.404593,4.672486,1.678935e+05,-1.003119e+06,-7.318280e+05,9.900151e-01,2.083179e+04
409,2.104458e+04,2.318007,-0.684647,-7.626146,-3.630811e+05,1.072397e+05,1.194521e+06,1.000790e+00,2.106120e+04
410,2.107921e+04,7.581652,-1.237950,2.232943,-1.188529e+06,1.940658e+05,-3.500447e+05,1.001980e+00,2.112095e+04
411,2.109259e+04,2.165811,-7.277269,-2.520045,-3.396285e+05,1.141174e+06,3.951772e+05,9.978346e-01,2.104691e+04
412,2.110118e+04,1.402549,1.159208,7.790320,-2.199835e+05,-1.818166e+05,-1.221877e+06,0.000000e+00,0.000000e+00
413,2.110961e+04,-5.601067,5.040199,2.687832,8.786777e+05,-7.906903e+05,-4.216586e+05,9.879588e-01,2.085543e+04
414,2.125510e+04,-6.044218,-2.354009,-4.682528,9.514596e+05,3.705599e+05,7.371072e+05,9.681513e-01,2.057815e+04
415,2.128088e+04,7.486126,0.524995,2.771695,-1.179154e+06,-8.269296e+04,-4.365751e+05,1.001710e+00,2.131727e+04
416,2.135260e+04,-5.475368,-2.397646,5.317109,8.638879e+05,3.782937e+05,-8.389182e+05,1.005261e+00,2.146493e+04
417,2.139070e+04,2.389143,3.850793,-6.592677,-3.772882e+05,-6.081089e+05,1.041101e+06,1.006174e+00,2.152276e+04
418,2.139647e+04,2.561788,6.674228,-3.590532,-4.046065e+05,-1.054122e+06,5.670855e+05,1.004652e+00,2.149600e+04
419,2.151260e+04,6.663701,3.282952,2.969397,-1.055311e+06,-5.199118e+05,-4.702550e+05,1.000642e+00,2.152641e+04
420,2.152150e+04,-5.021819,0.212960,6.223823,7.954558e+05,-3.373287e+04,-9.858532e+05,8.640443e-01,1.859553e+04
421,2.155133e+04,-1.604886,2.120080,-7.545171,2.543899e+05,-3.360532e+05,1.195982e+06,1.107607e+00,2.387040e+04
422,2.155338e+04,-0.415586,0.167114,-7.987450,6.587754e+04,-2.649040e+04,1.266148e+06,9.913634e-01,2.136723e+04
423,2.155349e+04,-3.084133,-1.611634,7.203524,4.888893e+05,2.554724e+05,-1.141885e+06,0.000000e+00,0.000000e+00
424,2.168993e+04,-2.052684,0.002126,7.732172,3.264147e+05,-3.380614e+02,-1.229559e+06,0.000000e+00,0.000000e+00
425,2.171368e+04,3.439249,6.537975,3.070253,-5.472037e+05,-1.040228e+06,-4.884943e+05,9.987204e-01,2.168589e+04
426,2.183010e+04,2.847409,4.793011,5.737535,-4.542515e+05,-7.646365e+05,-9.153178e+05,9.620173e-01,2.100094e+04
427,2.186115e+04,1.449958,-5.481566,5.643585,-2.314785e+05,8.751043e+05,-9.009699e+05,7.494802e-01,1.638450e+04
428,2.189001e+04,-7.602561,-2.460387,-0.384143,1.214511e+06,3.930475e+05,6.136695e+04,9.384269e-05,2.054217e+00
429,2.193962e+04,-4.597382,6.173985,2.178528,7.352649e+05,-9.874130e+05,-3.484146e+05,9.905656e-01,2.173263e+04
430,2.205611e+04,6.743615,-3.948945,-1.711576,-1.081374e+06,6.332340e+05,2.744602e+05,1.002174e+00,2.210406e+04
431,2.222329e+04,-3.707747,2.675269,-6.564720,5.968056e+05,-4.306162e+05,1.056669e+06,9.942858e-01,2.209630e+04
432,2.224747e+04,3.061947,0.856444,7.341048,-4.931246e+05,-1.379297e+05,-1.182271e+06,0.000000e+00,0.000000e+00
433,2.229094e+04,4.757272,-0.931683,6.363987,-7.669037e+05,1.501934e+05,-1.025917e+06,1.060690e-01,2.364379e+03
434,2.229303e+04,3.185197,-5.735393,4.578187,-5.134988e+05,9.246265e+05,-7.380685e+05,9.877276e-01,2.201944e+04
435,2.235200e+04,6.891313,-0.654829,4.010112,-1.112446e+06,1.057073e+05,-6.473415e+05,9.996237e-01,2.234359e+04
436,2.238442e+04,5.850032,3.331672,-4.321700,-9.450393e+05,-5.382125e+05,6.981460e+05,1.006059e+00,2.252005e+04
437,2.244862e+04,1.119466,3.778066,6.962256,-1.811024e+05,-6.111996e+05,-1.126324e+06,5.159188e-01,1.158166e+04
438,2.248961e+04,1.016135,2.965754,-7.360148,-1.645360e+05,-4.802250e+05,1.191780e+06,1.004867e+00,2.259907e+04
439,2.249131e+04,4.717286,3.024770,5.709464,-7.638679e+05,-4.897995e+05,-9.245308e+05,9.368234e-01,2.107038e+04
440,2.254778e+04,-3.204926,-0.345061,-7.321843,5.196231e+05,5.594561e+04,1.187110e+06,1.057262e+00,2.383891e+04
441,2.260731e+04,-0.273761,-0.190360,-7.993048,4.444416e+04,3.090437e+04,1.297644e+06,9.917140e-01,2.241999e+04
442,2.261230e+04,2.944149,-5.981320,-4.422193,-4.780253e+05,9.711540e+05,7.180071e+05,1.001249e+00,2.264054e+04
443,2.272013e+04,-5.259375,-5.461369,2.551946,8.559692e+05,8.888441e+05,-4.153321e+05,8.555603e-01,1.943844e+04
444,2.274955e+04,-6.994585,3.842372,0.558530,1.139114e+06,-6.257553e+05,-9.096018e+04,9.913252e-01,2.255220e+04
445,2.276163e+04,2.488612,-5.890209,4.807520,-4.053942e+05,9.595134e+05,-7.831437e+05,9.763835e-01,2.222408e+04
446,2.284940e+04,-7.701798,1.253593,1.763748,1.257038e+06,-2.046033e+05,-2.878675e+05,8.382635e-01,1.915382e+04
447,2.289867e+04,-6.854911,1.576051,-3.811333,1.120020e+06,-2.575100e+05,6.227313e+05,9.835115e-01,2.252110e+04
448,2.290090e+04,-6.392909,-2.638911,-4.020804,1.044584e+06,4.311909e+05,6.569886e+05,9.389460e-01,2.150270e+04
449,2.294314e+04,-3.542657,-5.038346,5.105355,5.793943e+05,8.240113e+05,-8.349704e+05,9.946698e-01,2.282085e+04
450,2.296421e+04,1.478442,0.048150,7.862054,-2.419071e+05,-7.878512e+03,-1.286413e+06,7.267500e-01,1.668924e+04
451,2.299707e+04,1.260062,5.581070,5.591413,-2.063226e+05,-9.138447e+05,-9.155383e+05,9.791864e-01,2.251842e+04
452,2.306162e+04,-0.592366,-7.949602,0.673004,9.713002e+04,1.303494e+06,-1.103523e+05,9.957639e-01,2.296392e+04
453,2.320168e+04,5.018928,-2.634764,5.645208,-8.254474e+05,4.333314e+05,-9.284498e+05,7.427088e-01,1.723209e+04
454,2.320846e+04,-3.216586,-7.295545,0.654676,5.290991e+05,1.200051e+06,-1.076883e+05,9.847909e-01,2.285548e+04
455,2.329823e+04,-3.959029,-0.159040,-6.949877,6.524825e+05,2.621122e+04,1.145400e+06,9.903416e-01,2.307320e+04
456,2.339089e+04,3.551532,-0.606017,7.142784,-5.864862e+05,1.000753e+05,-1.179532e+06,0.000000e+00,0.000000e+00
457,2.347209e+04,-4.201162,3.196301,-6.011148,6.949667e+05,-5.287401e+05,9.943791e+05,9.936543e-01,2.332315e+04
458,2.347623e+04,-6.981847,2.053250,-3.322345,1.155056e+06,-3.396837e+05,5.496391e+05,9.852033e-01,2.312885e+04
459,2.360013e+04,-0.303207,-6.028625,5.250118,5.029388e+04,9.999866e+05,-8.708532e+05,9.590683e-01,2.263414e+04
460,2.369640e+04,2.095549,4.483075,-6.285755,-3.483033e+05,-7.451364e+05,1.044762e+06,1.005969e+00,2.383784e+04
461,2.371628e+04,3.387074,1.786693,-7.023920,-5.632051e+05,-2.970927e+05,1.167943e+06,1.006462e+00,2.386954e+04
462,2.386408e+04,1.271136,-0.459347,-7.884999,-2.120230e+05,7.661824e+04,1.315203e+06,9.963167e-01,2.377618e+04
463,2.390762e+04,-2.938783,2.859396,-6.869309,4.906303e+05,-4.773767e+05,1.146832e+06,9.976288e-01,2.385093e+04
464,2.401256e+04,0.452245,3.343246,-7.253839,-7.566784e+04,-5.593791e+05,1.213684e+06,1.004423e+00,2.411876e+04
465,2.405213e+04,3.070899,-0.899480,-7.332156,-5.142342e+05,1.506214e+05,1.227799e+06,1.005478e+00,2.418389e+04
466,2.422402e+04,0.005054,-7.732527,2.051343,-8.493159e+02,1.299461e+06,-3.447307e+05,1.002179e+00,2.427681e+04
467,2.423170e+04,-5.971658,4.129634,3.359379,1.003704e+06,-6.941002e+05,-5.646374e+05,9.905884e-01,2.400364e+04
468,2.436614e+04,1.201914,4.035192,-6.802399,-2.025748e+05,-6.801054e+05,1.146500e+06,1.005345e+00,2.449636e+04
469,2.440432e+04,7.551159,-1.646253,2.066362,-1.273695e+06,2.776825e+05,-3.485447e+05,1.002564e+00,2.446688e+04
470,2.444326e+04,-1.208981,-7.621836,2.108550,2.040881e+05,1.286642e+06,-3.559444e+05,1.000878e+00,2.446473e+04
471,2.454669e+04,-0.251538,-0.190993,-7.993763,4.255185e+04,3.230975e+04,1.352279e+06,9.926173e-01,2.436547e+04
472,2.455909e+04,3.180172,0.083985,7.340262,-5.381154e+05,-1.421109e+04,-1.242042e+06,0.000000e+00,0.000000e+00
473,2.472605e+04,-2.373461,-4.870555,5.885947,4.029751e+05,8.269411e+05,-9.993381e+05,8.467408e-01,2.093656e+04
474,2.475406e+04,-1.493080,-3.211825,7.173207,2.536442e+05,5.456245e+05,-1.218583e+06,0.000000e+00,0.000000e+00
475,2.475660e+04,-1.493646,-1.067797,7.786452,2.537534e+05,1.814065e+05,-1.322829e+06,0.000000e+00,0.000000e+00
476,2.487142e+04,1.735135,5.699218,-5.339309,-2.954624e+05,-9.704747e+05,9.091886e+05,1.005475e+00,2.500759e+04
477,2.493965e+04,5.623981,-1.511433,-5.485108,-9.589759e+05,2.577227e+05,9.352959e+05,1.005896e+00,2.508669e+04
478,2.497149e+04,0.834142,3.781614,-7.000258,-1.423249e+05,-6.452352e+05,1.194414e+06,1.004992e+00,2.509614e+04
479,2.498595e+04,1.177640,5.896073,5.277261,-2.009922e+05,-1.006305e+06,-9.006896e+05,9.899916e-01,2.473588e+04
480,2.503502e+04,3.806785,-6.359596,-3.010636,-6.503556e+05,1.086481e+06,5.143407e+05,1.001385e+00,2.506970e+04
481,2.510321e+04,-5.866284,1.595628,-5.200066,1.003567e+06,-2.729699e+05,8.895946e+05,9.868163e-01,2.477225e+04
482,2.512928e+04,-2.156579,1.315295,7.590729,3.691256e+05,-2.251292e+05,-1.299248e+06,0.000000e+00,0.000000e+00
483,2.515797e+04,-5.078069,2.168276,5.788938,8.696711e+05,-3.713394e+05,-9.914147e+05,9.591008e-01,2.412903e+04
484,2.526985e+04,-5.355402,-5.836880,-1.118258,9.192044e+05,1.001846e+06,1.919385e+05,8.974504e-01,2.267844e+04
485,2.528998e+04,1.062762,0.575084,7.908212,-1.824858e+05,-9.874703e+04,-1.357911e+06,2.152576e-01,5.443859e+03
486,2.531337e+04,-6.870494,1.295853,3.888070,1.180271e+06,-2.226124e+05,-6.679249e+05,1.009414e+00,2.555168e+04
487,2.532404e+04,3.727133,-4.880647,5.127160,-6.404128e+05,8.386149e+05,-8.809718e+05,9.342067e-01,2.365789e+04
488,2.532645e+04,-0.915827,-3.033262,-7.345787,1.573690e+05,5.212135e+05,1.262246e+06,9.947144e-01,2.519258e+04
489,2.532952e+04,3.300232,7.246107,-0.776149,-5.671222e+05,-1.245194e+06,1.333758e+05,1.002756e+00,2.539933e+04
490,2.547930e+04,-0.833462,-5.325349,5.911515,1.436475e+05,9.178262e+05,-1.018852e+06,7.722680e-01,1.967685e+04
491,2.560206e+04,0.325948,4.225136,-6.785424,-5.631244e+04,-7.299562e+05,1.172285e+06,1.004574e+00,2.571915e+04
492,2.560236e+04,0.654058,-0.715285,7.941069,-1.129992e+05,1.235771e+05,-1.371948e+06,9.719170e-01,2.488337e+04
493,2.565994e+04,-7.165601,0.554334,3.513812,1.239365e+06,-9.587779e+04,-6.077501e+05,9.943577e-01,2.551516e+04
494,2.570177e+04,3.368958,5.700118,4.489853,-5.831709e+05,-9.866975e+05,-7.771992e+05,9.981026e-01,2.565301e+04
495,2.575317e+04,1.354176,1.873034,-7.658848,-2.346439e+05,-3.245485e+05,1.327081e+06,1.002773e+00,2.582457e+04
496,2.579983e+04,-3.426804,-2.226855,-6.877364,5.943146e+05,3.862061e+05,1.192749e+06,9.909938e-01,2.556747e+04
497,2.584812e+04,1.860424,7.508202,-2.041011,-3.229572e+05,-1.303374e+06,3.543060e+05,1.003385e+00,2.593561e+04
498,2.593591e+04,3.697341,5.444776,4.547976,-6.429230e+05,-9.467809e+05,-7.908382e+05,9.981095e-01,2.588688e+04
499,2.597168e+04,-0.594838,0.644638,7.951768,1.035065e+05,-1.121720e+05,-1.383670e+06,0.000000e+00,0.000000e+00
500,2.608646e+04,4.842090,2.103575,-6.010752,-8.444211e+05,-3.668464e+05,1.048226e+06,1.006713e+00,2.626158e+04
501,2.609543e+04,-0.267932,0.776652,-7.957702,4.673323e+04,-1.354651e+05,1.387997e+06,9.945690e-01,2.595370e+04
502,2.611183e+04,-1.201254,-3.532104,7.076809,2.095908e+05,6.162696e+05,-1.234738e+06,0.000000e+00,0.000000e+00
503,2.619833e+04,-6.077909,-2.651056,-4.475591,1.062208e+06,4.633129e+05,7.821785e+05,9.726118e-01,2.548080e+04
504,2.620635e+04,-3.764076,0.995730,6.988580,6.579311e+05,-1.740459e+05,-1.221549e+06,5.786903e-01,1.516536e+04
505,2.625614e+04,4.575822,0.359012,-6.552325,-8.005773e+05,-6.281200e+04,1.146383e+06,1.006519e+00,2.642730e+04
506,2.635861e+04,-7.164634,-3.020008,-1.883499,1.255955e+06,5.294049e+05,3.301760e+05,0.000000e+00,0.000000e+00
507,2.639014e+04,-1.079136,-7.922214,-0.272022,1.892847e+05,1.389588e+06,4.771384e+04,9.942117e-01,2.623739e+04
508,2.642431e+04,-7.618552,1.217699,-2.115388,1.337190e+06,-2.137275e+05,3.712878e+05,9.493008e-01,2.508462e+04
509,2.645384e+04,-1.079060,-6.989541,3.739245,1.894997e+05,1.227472e+06,-6.566696e+05,1.011295e+00,2.675264e+04
510,2.648637e+04,5.402764,1.135048,-5.789802,-9.493926e+05,-1.994547e+05,1.017404e+06,1.006586e+00,2.666080e+04
511,2.649655e+04,-3.289734,2.112668,6.979562,5.781948e+05,-3.713168e+05,-1.226709e+06,6.737834e-01,1.785294e+04
512,2.674910e+04,4.012554,0.888171,6.863714,-7.085886e+05,-1.568447e+05,-1.212083e+06,9.954688e-04,2.662790e+01
513,2.691115e+04,4.049542,-1.399825,-6.755864,-7.172832e+05,2.479468e+05,1.196646e+06,1.005876e+00,2.706928e+04
514,2.692811e+04,-1.966457,3.440604,-6.949481,3.484224e+05,-6.096160e+05,1.231329e+06,1.001066e+00,2.695683e+04
515,2.694336e+04,-1.376563,0.531166,7.862756,2.439723e+05,-9.414022e+04,-1.393540e+06,0.000000e+00,0.000000e+00
516,2.696295e+04,-3.008924,-3.843364,6.338370,5.334744e+05,6.814184e+05,-1.123776e+06,6.706636e-01,1.808307e+04
517,2.701804e+04,-2.740740,-6.778882,3.245783,4.864222e+05,1.203105e+06,-5.760564e+05,1.005371e+00,2.716315e+04
518,2.703850e+04,3.156946,3.106695,-6.661992,-5.605018e+05,-5.515800e+05,1.182808e+06,1.006458e+00,2.721310e+04
519,2.705135e+04,-5.760443,-1.500480,-5.344704,1.022984e+06,2.664670e+05,9.491542e+05,9.836996e-01,2.661040e+04
520,2.705863e+04,-6.062070,-1.956317,-4.839848,1.076695e+06,3.474648e+05,8.596136e+05,9.800827e-01,2.651969e+04
521,2.710407e+04,-1.160492,-6.286763,-4.809353,2.062899e+05,1.117540e+06,8.549143e+05,9.945712e-01,2.695693e+04
522,2.713637e+04,-3.233032,2.953004,6.695317,5.750486e+05,-5.252409e+05,-1.190874e+06,8.562323e-01,2.323503e+04
523,2.716571e+04,-2.158276,6.097987,-4.707059,3.840927e+05,-1.085215e+06,8.376813e+05,1.001219e+00,2.719882e+04
524,2.718427e+04,-4.262434,0.261178,6.764868,7.588137e+05,-4.649592e+04,-1.204306e+06,7.151190e-01,1.943999e+04
525,2.721779e+04,0.799308,7.929568,-0.695027,-1.423834e+05,-1.412520e+06,1.238075e+05,1.001872e+00,2.726873e+04
526,2.727127e+04,-3.618977,5.787948,-4.171650,6.452935e+05,-1.032039e+06,7.438396e+05,9.980995e-01,2.721945e+04
527,2.753668e+04,-3.502600,-2.436664,-6.767161,6.275741e+05,4.365862e+05,1.212498e+06,9.913682e-01,2.729899e+04
528,2.754039e+04,3.198605,1.081088,7.252598,-5.731447e+05,-1.937158e+05,-1.299563e+06,0.000000e+00,0.000000e+00
529,2.757477e+04,0.345414,-0.439227,7.980462,-6.193200e+04,7.875237e+04,-1.430878e+06,9.118018e-01,2.514272e+04
530,2.763233e+04,-0.392521,2.420784,7.614836,7.045159e+04,-4.344937e+05,-1.366746e+06,0.000000e+00,0.000000e+00
531,2.765585e+04,0.954808,-4.658504,-6.433248,-1.714464e+05,8.364860e+05,1.155161e+06,1.001200e+00,2.768903e+04
532,2.786015e+04,7.330218,0.796575,-3.103767,-1.321074e+06,-1.435612e+05,5.593704e+05,1.004994e+00,2.799929e+04
533,2.789618e+04,-2.567944,6.256452,4.273461,4.631020e+05,-1.128286e+06,-7.706741e+05,9.946175e-01,2.774603e+04
534,2.790706e+04,2.311909,-5.408781,-5.422191,-4.170101e+05,9.756076e+05,9.780264e+05,1.002292e+00,2.797102e+04
535,2.793955e+04,4.595877,4.878900,4.367408,-8.294625e+05,-8.805424e+05,-7.882284e+05,9.999852e-01,2.793913e+04
536,2.803389e+04,2.266358,1.737477,-7.472937,-4.097217e+05,-3.141083e+05,1.350989e+06,1.010976e+00,2.834159e+04
537,2.804303e+04,-2.226363,-1.990990,-7.421541,4.025568e+05,3.599981e+05,1.341916e+06,1.005571e+00,2.819925e+04
538,2.807922e+04,-3.310268,3.229659,-6.527743,5.989277e+05,-5.843430e+05,1.181066e+06,9.981699e-01,2.802783e+04
539,2.810672e+04,-0.942540,-1.261488,7.843486,1.706175e+05,2.283531e+05,-1.419819e+06,2.082796e-01,5.854058e+03
540,2.817811e+04,-5.783371,-3.767518,4.044556,1.048228e+06,6.828573e+05,-7.330700e+05,9.060117e-01,2.552970e+04
541,2.821014e+04,-0.016779,3.828743,7.024275,3.042978e+03,-6.943486e+05,-1.273863e+06,6.718748e-01,1.895368e+04
542,2.824208e+04,-0.393880,-1.749928,7.796320,7.147117e+04,3.175319e+05,-1.414675e+06,8.753140e-01,2.472069e+04
543,2.825069e+04,2.131758,5.001672,5.868466,-3.868753e+05,-9.077126e+05,-1.065020e+06,9.747315e-01,2.753683e+04
544,2.828114e+04,2.485965,6.611065,3.756834,-4.514006e+05,-1.200435e+06,-6.821647e+05,9.998422e-01,2.827668e+04
545,2.829911e+04,-0.203865,0.455225,-7.984435,3.702941e+04,-8.268594e+04,1.450271e+06,9.950406e-01,2.815877e+04
546,2.830672e+04,-0.928955,-1.509050,-7.801270,1.687556e+05,2.741366e+05,1.417192e+06,9.931942e-01,2.811407e+04
547,2.834008e+04,1.605760,-6.930256,-3.659656,-2.918769e+05,1.259704e+06,6.652111e+05,9.998249e-01,2.833512e+04
548,2.839904e+04,2.424158,5.250514,5.527708,-4.410943e+05,-9.553716e+05,-1.005809e+06,9.879663e-01,2.805729e+04
549,2.840679e+04,7.896657,1.214743,0.408904,-1.437054e+06,-2.210620e+05,-7.441335e+04,1.002666e+00,2.848252e+04
550,2.841363e+04,2.758477,-0.568227,-7.487852,-5.020551e+05,1.034198e+05,1.362823e+06,1.015996e+00,2.886815e+04
551,2.851430e+04,3.089394,-3.319797,6.590493,-5.632788e+05,6.052872e+05,-1.201622e+06,0.000000e+00,0.000000e+00
552,2.857986e+04,0.656689,4.280023,-6.726824,-1.198695e+05,-7.812587e+05,1.227888e+06,1.005033e+00,2.872370e+04
553,2.869724e+04,-4.188196,-1.180155,6.713140,7.660652e+05,2.158628e+05,-1.227904e+06,6.738257e-01,1.933694e+04
554,2.883311e+04,4.831657,-3.814132,5.109549,-8.858506e+05,6.992946e+05,-9.368001e+05,9.530482e-01,2.747934e+04
555,2.888435e+04,-3.921013,5.272553,-4.563534,7.195289e+05,-9.675445e+05,8.374353e+05,9.977512e-01,2.881940e+04
556,2.899544e+04,5.346849,1.486528,5.762069,-9.830632e+05,-2.733107e+05,-1.059405e+06,9.279221e-01,2.690551e+04
557,2.903510e+04,-6.447920,-3.067776,3.607364,1.186315e+06,5.644221e+05,-6.636978e+05,3.724104e-01,1.081297e+04
558,2.907134e+04,-1.652611,6.559653,4.270811,3.042439e+05,-1.207625e+06,-7.862517e+05,9.962838e-01,2.896331e+04
559,2.926487e+04,-0.861881,-1.405467,-7.828271,1.591986e+05,2.596047e+05,1.445965e+06,9.937476e-01,2.908189e+04
560,2.926536e+04,1.836753,-6.319992,4.547971,-3.392707e+05,1.167380e+06,-8.400658e+05,1.003807e+00,2.937678e+04
561,2.932465e+04,-0.654012,1.326405,7.862119,1.209263e+05,-2.452512e+05,-1.453700e+06,0.000000e+00,0.000000e+00
562,2.951339e+04,2.706341,7.517755,-0.398834,-5.020082e+05,-1.394493e+06,7.398110e+04,1.002775e+00,2.959530e+04
563,2.976396e+04,-7.231554,-2.013785,-2.765737,1.347087e+06,3.751260e+05,5.151989e+05,3.948117e-01,1.175116e+04
564,2.977318e+04,7.154046,-0.844952,-3.479323,-1.332855e+06,1.574212e+05,6.482254e+05,1.005055e+00,2.992370e+04
565,2.979631e+04,1.481086,3.832403,6.864333,-2.760452e+05,-7.142842e+05,-1.279376e+06,7.318206e-01,2.180555e+04
566,2.988275e+04,6.840938,-3.282949,2.534525,-1.276864e+06,6.127637e+05,-4.730702e+05,1.004216e+00,3.000873e+04
567,2.997894e+04,1.558365,4.407940,-6.491653,-2.913372e+05,-8.240669e+05,1.213618e+06,1.005719e+00,3.015038e+04
568,3.012929e+04,3.509742,-6.968225,-1.767924,-6.577916e+05,1.305976e+06,3.313421e+05,1.001184e+00,3.016497e+04
569,3.016408e+04,2.321657,1.358084,7.534289,-4.353734e+05,-2.546773e+05,-1.412882e+06,0.000000e+00,0.000000e+00
570,3.021475e+04,-0.259345,-7.009340,-3.847323,4.867492e+04,1.315544e+06,7.220826e+05,9.971356e-01,3.012820e+04
571,3.029467e+04,-4.193004,-0.179432,6.810765,7.880015e+05,3.372112e+04,-1.279964e+06,7.025793e-01,2.128440e+04
572,3.033308e+04,-0.894086,7.868235,1.136433,1.681343e+05,-1.479634e+06,-2.137080e+05,9.999233e-01,3.033075e+04
573,3.042433e+04,4.024780,-1.062690,6.831679,-7.580038e+05,2.001409e+05,-1.286639e+06,0.000000e+00,0.000000e+00
574,3.052389e+04,-7.596722,-0.756234,-2.391219,1.433062e+06,1.426575e+05,4.510845e+05,4.062623e-01,1.240071e+04
575,3.056897e+04,-0.305027,-7.073996,3.723646,5.758338e+04,1.335439e+06,-7.029550e+05,1.010624e+00,3.089373e+04
576,3.070759e+04,2.394878,-0.568249,7.611941,-4.531323e+05,1.075177e+05,-1.440247e+06,5.947838e-02,1.826438e+03
577,3.080249e+04,3.818429,2.939194,-6.385980,-7.235962e+05,-5.569803e+05,1.210150e+06,1.006564e+00,3.100467e+04
578,3.082707e+04,-2.481810,2.327624,7.240358,4.704932e+05,-4.412631e+05,-1.372603e+06,5.093498e-01,1.570176e+04
579,3.082875e+04,2.435401,1.697172,7.428892,-4.617076e+05,-3.217529e+05,-1.408383e+06,0.000000e+00,0.000000e+00
580,3.092095e+04,-1.772570,-7.545912,-1.979192,3.365491e+05,1.432705e+06,3.757794e+05,9.932379e-01,3.071186e+04
581,3.092695e+04,-0.099931,-0.061365,-7.999140,1.897523e+04,1.165222e+04,1.518905e+06,9.957395e-01,3.079518e+04
582,3.097651e+04,6.797591,2.922946,3.041242,-1.291784e+06,-5.554637e+05,-5.779441e+05,1.002735e+00,3.106122e+04
583,3.099994e+04,0.031153,0.428920,-7.988433,-5.922335e+03,-8.154080e+04,1.518660e+06,9.965381e-01,3.089262e+04
584,3.101069e+04,4.805182,5.389589,-3.444206,-9.136593e+05,-1.024779e+06,6.548828e+05,1.005523e+00,3.118197e+04
585,3.103663e+04,-3.989373,-5.922190,3.607294,7.588582e+05,1.126518e+06,-6.861791e+05,1.002895e+00,3.112649e+04
586,3.110249e+04,2.981909,-2.823538,6.865556,-5.678198e+05,5.376627e+05,-1.307350e+06,0.000000e+00,0.000000e+00
587,3.112489e+04,-2.363639,0.247023,7.638861,4.502500e+05,-4.705546e+04,-1.455128e+06,0.000000e+00,0.000000e+00
588,3.120116e+04,2.115045,2.064355,7.434045,-4.033887e+05,-3.937209e+05,-1.417846e+06,0.000000e+00,0.000000e+00
589,3.121039e+04,5.163964,5.790334,1.950774,-9.850345e+05,-1.104516e+06,-3.721133e+05,1.002065e+00,3.127483e+04
590,3.122041e+04,-0.384328,7.798264,-1.743381,7.332292e+04,-1.487770e+06,3.326061e+05,1.002398e+00,3.129527e+04
591,3.122224e+04,1.436378,3.441929,7.077425,-2.740435e+05,-6.566783e+05,-1.350287e+06,5.252494e-01,1.639946e+04
592,3.125418e+04,-1.939626,-1.420648,7.630177,3.702464e+05,2.711810e+05,-1.456490e+06,0.000000e+00,0.000000e+00
593,3.131631e+04,-1.140635,1.717655,-7.729723,2.179469e+05,-3.282011e+05,1.476957e+06,9.993222e-01,3.129508e+04
594,3.135407e+04,5.064056,-2.332847,5.737000,-9.681979e+05,4.460175e+05,-1.096858e+06,8.223713e-01,2.578469e+04
595,3.136967e+04,2.382369,-7.327125,-2.153499,-4.555988e+05,1.401223e+06,4.118303e+05,1.000512e+00,3.138574e+04
596,3.151848e+04,3.026986,-7.393698,-0.413023,-5.802454e+05,1.417304e+06,7.917267e+04,1.000881e+00,3.154623e+04
597,3.151967e+04,-4.047352,-6.278228,2.864052,7.758548e+05,1.203501e+06,-5.490227e+05,9.952682e-01,3.137052e+04
598,3.165166e+04,2.688027,7.386151,-1.489725,-5.163574e+05,-1.418845e+06,2.861694e+05,1.003790e+00,3.177162e+04
599,3.172861e+04,-1.760718,-5.630968,5.402969,3.386368e+05,1.082997e+06,-1.039146e+06,9.794952e-01,3.107802e+04
600,3.180987e+04,0.947366,0.861752,7.896827,-1.824389e+05,-1.659519e+05,-1.520731e+06,1.579930e-01,5.025738e+03
601,3.187877e+04,4.612881,1.411244,-6.381984,-8.892866e+05,-2.720643e+05,1.230340e+06,1.006577e+00,3.208843e+04
602,3.188049e+04,-0.970619,5.068787,6.112716,1.871242e+05,-9.772038e+05,-1.178461e+06,9.741062e-01,3.105498e+04
603,3.189703e+04,-6.452410,-0.330185,4.717772,1.244273e+06,6.367240e+04,-9.097683e+05,1.011535e+00,3.226497e+04
604,3.190387e+04,2.736708,2.272183,7.165725,-5.277993e+05,-4.382114e+05,-1.381976e+06,2.392041e-02,7.631536e+02
605,3.198866e+04,2.921688,-5.974368,-4.446422,-5.642227e+05,1.153742e+06,8.586721e+05,1.002626e+00,3.207266e+04
606,3.199442e+04,0.585695,3.876794,6.973337,-1.131168e+05,-7.487356e+05,-1.346779e+06,7.381638e-01,2.361712e+04
607,3.203334e+04,-0.644652,-1.942466,7.733773,1.245791e+05,3.753817e+05,-1.494553e+06,4.366526e-01,1.398744e+04
608,3.214590e+04,3.743675,3.846718,5.931919,-7.247357e+05,-7.446836e+05,-1.148356e+06,9.652480e-01,3.102876e+04
609,3.225167e+04,4.588957,-5.713547,3.208871,-8.898336e+05,1.107900e+06,-6.222244e+05,1.006833e+00,3.247204e+04
610,3.230703e+04,2.003109,6.311250,-4.489508,-3.887513e+05,-1.224849e+06,8.712964e+05,1.005404e+00,3.248163e+04
611,3.238955e+04,0.028232,-0.328999,7.993182,-5.486075e+03,6.393171e+04,-1.553248e+06,8.071282e-01,2.614252e+04
612,3.245752e+04,0.395382,4.357731,6.697302,-7.691178e+04,-8.476895e+05,-1.302795e+06,8.903716e-01,2.889925e+04
613,3.250001e+04,0.970451,-0.949978,7.883893,-1.889008e+05,1.849157e+05,-1.534621e+06,9.716317e-01,3.157804e+04
614,3.262365e+04,2.598094,-1.087139,-7.487859,-5.066870e+05,2.120168e+05,1.460302e+06,1.005295e+00,3.279640e+04
615,3.270482e+04,-1.830712,3.771567,6.813500,3.574741e+05,-7.364552e+05,-1.330438e+06,8.767584e-01,2.867422e+04
616,3.277925e+04,0.186142,0.304672,-7.992029,-3.638844e+04,-5.955943e+04,1.562339e+06,9.974202e-01,3.269469e+04
617,3.297127e+04,-0.951177,-1.210424,-7.850486,1.864866e+05,2.373143e+05,1.539158e+06,9.954551e-01,3.282142e+04
618,3.303706e+04,1.364167,-7.752163,1.429343,-2.677237e+05,1.521396e+06,-2.805148e+05,1.001990e+00,3.310280e+04
619,3.316057e+04,4.756700,5.163474,3.835668,-9.352666e+05,-1.015247e+06,-7.541724e+05,1.002001e+00,3.322693e+04
620,3.316517e+04,-4.056640,4.525518,-5.202245,7.976756e+05,-8.898731e+05,1.022941e+06,9.982873e-01,3.310837e+04
621,3.317406e+04,0.474530,-3.233682,-7.301926,-9.332141e+04,6.359388e+05,1.436003e+06,1.002229e+00,3.324800e+04
622,3.328040e+04,-6.202635,3.387456,-3.748662,1.221769e+06,-6.672470e+05,7.383957e+05,9.923869e-01,3.302703e+04
623,3.335695e+04,-5.674596,-5.598757,0.672961,1.119043e+06,1.104087e+06,-1.327093e+05,7.722947e-01,2.576139e+04
624,3.355729e+04,0.731013,-5.850296,5.407370,-1.445897e+05,1.157151e+06,-1.069543e+06,9.573623e-01,3.212648e+04
625,3.359080e+04,6.663652,4.107688,-1.650042,-1.318685e+06,-8.128796e+05,3.265305e+05,1.004489e+00,3.374158e+04
626,3.362229e+04,-1.120174,3.256093,7.221016,2.217776e+05,-6.446576e+05,-1.429653e+06,6.033594e-01,2.028632e+04
627,3.370528e+04,-1.064995,-5.515316,-5.696234,2.111130e+05,1.093297e+06,1.129160e+06,9.978128e-01,3.363155e+04
628,3.373500e+04,6.065683,2.603765,-4.519723,-1.202926e+06,-5.163698e+05,8.963359e+05,1.006135e+00,3.394196e+04
629,3.386664e+04,7.734745,-0.191555,-2.033970,-1.536918e+06,3.806265e+04,4.041562e+05,1.004384e+00,3.401511e+04
630,3.390507e+04,7.859190,1.233126,0.844117,-1.562531e+06,-2.451649e+05,-1.678237e+05,1.003096e+00,3.401005e+04
631,3.393653e+04,-4.261986,2.550193,6.271522,8.477433e+05,-5.072539e+05,-1.247456e+06,9.538633e-01,3.237081e+04
632,3.398339e+04,2.242275,-3.785829,6.681295,-4.463145e+05,7.535517e+05,-1.329881e+06,0.000000e+00,0.000000e+00
633,3.401800e+04,3.272809,-7.253305,0.823579,-6.517691e+05,1.444472e+06,-1.640129e+05,1.002095e+00,3.408925e+04
634,3.401941e+04,-5.383742,4.206219,4.162096,1.072177e+06,-8.376720e+05,-8.288848e+05,9.945387e-01,3.383362e+04
635,3.412097e+04,6.772974,-4.248940,-0.270783,-1.350855e+06,8.474420e+05,5.400717e+04,1.002923e+00,3.422070e+04
636,3.431027e+04,0.845185,1.174526,-7.868046,-1.690373e+05,-2.349056e+05,1.573612e+06,1.001584e+00,3.436463e+04
637,3.432226e+04,-7.994671,-0.159624,0.244452,1.599216e+06,3.193042e+04,-4.889903e+04,0.000000e+00,0.000000e+00
638,3.434004e+04,-0.383825,2.354537,-7.636022,7.679846e+04,-4.711125e+05,1.527870e+06,1.011611e+00,3.473878e+04
639,3.446735e+04,2.312733,0.706501,-7.625754,-4.636050e+05,-1.416235e+05,1.528641e+06,1.007559e+00,3.472789e+04
640,3.474159e+04,-6.403498,-1.431840,4.576576,1.288727e+06,2.881628e+05,-9.210521e+05,9.950915e-01,3.457106e+04
641,3.492484e+04,-0.662563,0.737221,-7.938357,1.336943e+05,-1.487591e+05,1.601830e+06,9.976771e-01,3.484371e+04
642,3.493410e+04,-4.159243,-6.509867,-2.079023,8.393783e+05,1.313759e+06,4.195684e+05,9.855074e-01,3.442782e+04
643,3.500014e+04,-7.319225,-0.782806,3.133076,1.478491e+06,1.581277e+05,-6.328845e+05,6.140012e-01,2.149013e+04
644,3.505318e+04,-1.079294,-0.266235,7.922389,2.181837e+05,5.382042e+04,-1.601543e+06,6.523023e-03,2.286527e+02
645,3.508535e+04,6.255028,4.570530,-1.996217,-1.265059e+06,-9.243748e+05,4.037285e+05,1.004788e+00,3.525333e+04
646,3.516439e+04,-2.747277,-3.394205,-6.703122,5.562533e+05,6.872397e+05,1.357211e+06,9.957869e-01,3.501623e+04
647,3.525796e+04,-2.677951,-3.008121,6.912292,5.429377e+05,6.098776e+05,-1.401423e+06,1.933822e-01,6.818262e+03
648,3.527044e+04,-0.266607,-6.880449,-4.072879,5.406236e+04,1.395214e+06,8.258964e+05,9.985261e-01,3.521845e+04
649,3.529547e+04,-0.110140,-1.704059,-7.815629,2.234212e+04,3.456709e+05,1.585412e+06,9.987962e-01,3.525299e+04
650,3.535131e+04,6.739360,2.724299,3.340543,-1.368170e+06,-5.530649e+05,-6.781698e+05,1.003385e+00,3.547097e+04
651,3.536380e+04,2.656773,5.280354,5.390679,-5.394516e+05,-1.072164e+06,-1.094565e+06,9.959649e-01,3.522110e+04
652,3.544650e+04,-7.346177,-3.130486,0.483471,1.493368e+06,6.363809e+05,-9.828237e+04,4.317621e-01,1.530445e+04
653,3.545519e+04,-1.381566,-4.204998,-6.664028,2.808860e+05,8.549179e+05,1.354863e+06,9.986080e-01,3.540584e+04
654,3.591716e+04,1.759486,0.022496,7.804082,-3.600440e+05,-4.603346e+03,-1.596951e+06,7.569562e-01,2.718772e+04
655,3.599735e+04,0.690860,0.000027,-7.970114,-1.415286e+05,-5.571748e+00,1.632745e+06,9.998294e-01,3.599121e+04
656,3.609985e+04,-5.500195,-3.797598,4.396147,1.128365e+06,7.790770e+05,-9.018693e+05,9.927219e-01,3.583711e+04
657,3.610484e+04,1.734223,-4.950261,6.040479,-3.558002e+05,1.015616e+06,-1.239289e+06,6.591078e-01,2.379698e+04
658,3.610524e+04,-0.497503,4.723185,6.437703,1.020704e+05,-9.690333e+05,-1.320793e+06,9.584988e-01,3.460683e+04
659,3.613799e+04,-4.691389,-6.111407,-2.154432,9.629463e+05,1.254417e+06,4.422151e+05,9.812680e-01,3.546105e+04
660,3.621252e+04,-4.489911,2.142222,6.265109,9.225411e+05,-4.401620e+05,-1.287291e+06,9.570763e-01,3.465815e+04
661,3.625837e+04,6.864859,-2.066049,3.550374,-1.411414e+06,4.247793e+05,-7.299565e+05,1.005292e+00,3.645026e+04
662,3.642017e+04,3.415096,3.803569,6.153859,-7.037081e+05,-7.837562e+05,-1.268052e+06,9.557981e-01,3.481033e+04
663,3.642751e+04,4.386539,5.091894,-4.339457,-9.039730e+05,-1.049332e+06,8.942704e+05,1.006000e+00,3.664607e+04
664,3.648778e+04,-1.100243,-5.718235,5.485550,2.269242e+05,1.179382e+06,-1.131390e+06,9.755507e-01,3.559568e+04
665,3.651328e+04,4.633193,-0.082880,6.521246,-9.559266e+05,1.709995e+04,-1.345472e+06,4.255122e-01,1.553685e+04
666,3.668371e+04,0.850916,1.271160,7.852394,-1.759714e+05,-2.628788e+05,-1.623893e+06,0.000000e+00,0.000000e+00
667,3.677095e+04,-5.238543,-4.865222,3.589886,1.084630e+06,1.007335e+06,-7.432788e+05,9.745207e-01,3.583405e+04
668,3.682734e+04,-2.240516,2.756290,7.168190,4.642501e+05,-5.711218e+05,-1.485297e+06,7.055763e-01,2.598450e+04
669,3.688881e+04,-3.309338,-0.436856,-7.270312,6.862892e+05,9.059498e+04,1.507714e+06,9.974359e-01,3.679423e+04
670,3.695222e+04,3.260886,-0.978751,-7.239383,-6.768222e+05,2.031474e+05,1.502590e+06,1.005767e+00,3.716533e+04
671,3.696338e+04,1.039278,-0.684958,-7.902578,-2.157427e+05,1.421899e+05,1.640489e+06,1.001702e+00,3.702627e+04
672,3.700506e+04,5.969078,-4.232593,3.233460,-1.239814e+06,8.791353e+05,-6.716094e+05,1.006066e+00,3.722954e+04
673,3.701386e+04,6.815838,0.719712,4.126302,-1.415859e+06,-1.495064e+05,-8.571600e+05,1.003885e+00,3.715765e+04
674,3.702293e+04,-1.511248,-0.868564,-7.807799,3.139713e+05,1.804496e+05,1.622119e+06,9.970303e-01,3.691299e+04
675,3.704825e+04,1.442726,-1.491005,-7.726283,-2.998379e+05,3.098715e+05,1.605732e+06,1.004405e+00,3.721146e+04
676,3.718827e+04,2.027320,-2.629507,7.278438,-4.221279e+05,5.475149e+05,-1.515514e+06,0.000000e+00,0.000000e+00
677,3.729659e+04,4.555788,5.786545,-3.124210,-9.499851e+05,-1.206626e+06,6.514685e+05,1.005427e+00,3.749901e+04
678,3.731653e+04,5.027443,-5.591125,-2.732057,-1.048616e+06,1.166188e+06,5.698481e+05,1.003472e+00,3.744611e+04
679,3.739175e+04,-7.201576,-1.274268,3.242460,1.503606e+06,2.660525e+05,-6.769883e+05,2.625166e-01,9.815954e+03
680,3.743178e+04,-6.100921,-1.980071,4.781013,1.274484e+06,4.136373e+05,-9.987547e+05,1.004081e+00,3.758455e+04
681,3.758641e+04,-3.920103,-2.078241,6.656854,8.206001e+05,4.350407e+05,-1.393488e+06,7.576626e-01,2.847782e+04
682,3.761530e+04,1.056035,-7.836551,-1.213776,-2.211461e+05,1.641066e+06,2.541789e+05,1.000002e+00,3.761537e+04
683,3.769666e+04,5.339463,0.877034,-5.892448,-1.119355e+06,-1.838597e+05,1.235281e+06,1.006430e+00,3.793904e+04
684,3.770189e+04,-4.991844,0.471046,-6.233747,1.046553e+06,-9.875598e+04,1.306921e+06,9.940871e-01,3.747897e+04
685,3.771179e+04,3.390981,0.630005,-7.218334,-7.110214e+05,-1.320995e+05,1.513541e+06,1.006162e+00,3.794415e+04
686,3.784333e+04,-0.860416,-6.863247,4.019393,1.807266e+05,1.441594e+06,-8.442554e+05,1.010613e+00,3.824496e+04
687,3.786069e+04,0.285619,4.445762,-6.644819,-6.000669e+04,-9.340265e+05,1.396034e+06,1.005038e+00,3.805145e+04
688,3.789319e+04,3.687052,2.738668,6.550217,-7.749586e+05,-5.756236e+05,-1.376750e+06,8.263464e-01,3.131290e+04
689,3.801378e+04,0.535957,4.754994,6.411145,-1.128285e+05,-1.001012e+06,-1.349661e+06,9.612931e-01,3.654238e+04
690,3.803457e+04,0.432826,0.190778,-7.986004,-9.114262e+04,-4.017313e+04,1.681657e+06,9.999595e-01,3.803303e+04
691,3.807667e+04,-7.179501,-1.249320,3.300601,1.512664e+06,2.632218e+05,-6.954104e+05,3.073603e-01,1.170326e+04
692,3.815698e+04,-1.317924,7.797776,1.207377,2.779689e+05,-1.644661e+06,-2.546528e+05,1.000920e+00,3.819207e+04
693,3.852120e+04,-1.674095,0.039830,-7.822776,3.547715e+05,-8.440702e+03,1.657790e+06,9.981488e-01,3.844989e+04
694,3.867851e+04,-5.661295,2.007347,5.283966,1.202179e+06,-4.262614e+05,-1.122054e+06,9.929955e-01,3.840758e+04
695,3.870888e+04,1.913112,2.641281,-7.305042,-4.064100e+05,-5.610978e+05,1.551839e+06,1.005828e+00,3.893449e+04
696,3.880773e+04,1.864608,-0.786058,-7.739855,-3.966115e+05,1.671984e+05,1.646306e+06,1.005116e+00,3.900628e+04
697,3.893765e+04,4.020695,0.898948,6.857543,-8.566526e+05,-1.915306e+05,-1.461074e+06,1.792510e-01,6.979611e+03
698,3.906401e+04,-1.703532,7.739407,-1.095247,3.635443e+05,-1.651638e+06,2.337326e+05,1.001896e+00,3.913807e+04
699,3.911811e+04,0.794329,0.009842,7.960461,-1.696322e+05,-2.101702e+03,-1.699988e+06,7.202924e-01,2.817648e+04
700,3.926241e+04,-2.745236,-2.414588,7.115718,5.873364e+05,5.165950e+05,-1.522390e+06,5.718537e-02,2.245235e+03
701,3.931000e+04,-5.725301,-4.780819,2.892180,1.225656e+06,1.023464e+06,-6.191494e+05,8.545709e-01,3.359318e+04
702,3.935304e+04,-5.740653,1.750744,-5.289593,1.229615e+06,-3.749993e+05,1.133000e+06,9.939687e-01,3.911569e+04
703,3.939681e+04,1.657741,2.062713,7.549643,-3.552761e+05,-4.420670e+05,-1.617989e+06,0.000000e+00,0.000000e+00
704,3.940909e+04,3.158893,-0.634706,7.322469,-6.770983e+05,1.360471e+05,-1.569547e+06,0.000000e+00,0.000000e+00
705,3.965926e+04,1.835496,1.906931,-7.549475,-3.946793e+05,-4.100397e+05,1.623333e+06,1.017754e+00,4.036338e+04
706,3.971935e+04,-0.761893,-0.605930,7.940552,1.639508e+05,1.303893e+05,-1.708718e+06,6.546696e-01,2.600305e+04
707,3.986823e+04,0.431160,3.989886,6.920615,-9.295461e+04,-8.601865e+05,-1.492027e+06,8.525492e-01,3.398963e+04
708,3.989887e+04,7.265978,3.325579,0.382202,-1.567087e+06,-7.172429e+05,-8.243130e+04,1.003683e+00,4.004581e+04
709,4.004167e+04,-1.399352,-3.138920,7.224195,3.023443e+05,6.781957e+05,-1.560861e+06,0.000000e+00,0.000000e+00
710,4.021961e+04,4.428048,-2.913231,5.992118,-9.588483e+05,6.308302e+05,-1.297532e+06,7.393871e-01,2.973786e+04
711,4.032210e+04,0.039789,5.082799,6.177667,-8.626864e+03,-1.102029e+06,-1.339414e+06,9.820382e-01,3.959784e+04
712,4.043817e+04,-2.982972,-4.270218,6.071829,6.476847e+05,9.271809e+05,-1.318360e+06,9.198637e-01,3.719760e+04
713,4.046686e+04,0.166838,0.107879,7.997533,-3.623792e+04,-2.343174e+04,-1.737099e+06,6.230690e-01,2.521365e+04
714,4.067169e+04,4.263602,-5.037010,-4.522192,-9.284135e+05,1.096826e+06,9.847223e+05,1.004363e+00,4.084913e+04
715,4.076543e+04,-0.063599,1.320113,-7.890073,1.386480e+04,-2.877900e+05,1.720068e+06,1.001965e+00,4.084555e+04
716,4.076651e+04,-0.914785,4.593568,6.485546,1.994296e+05,-1.001430e+06,-1.413894e+06,9.642528e-01,3.930922e+04
717,4.090111e+04,6.137648,-4.349591,-2.722192,-1.340257e+06,9.498055e+05,5.944359e+05,1.004222e+00,4.107380e+04
718,4.110430e+04,0.231546,-0.435176,7.984799,-5.068745e+04,9.526361e+04,-1.747939e+06,8.286744e-01,3.406208e+04
719,4.110571e+04,5.569693,-4.588700,-3.452876,-1.219273e+06,1.004522e+06,7.558762e+05,1.004415e+00,4.128719e+04
720,4.118208e+04,1.552840,-1.741329,7.652219,-3.402512e+05,3.815520e+05,-1.676719e+06,6.879444e-01,2.833098e+04
721,4.124905e+04,5.139795,-6.112573,-0.467927,-1.127123e+06,1.340447e+06,1.026132e+05,1.002958e+00,4.137106e+04
722,4.126805e+04,-0.137403,0.012348,7.998810,3.013858e+04,-2.708500e+03,-1.754491e+06,5.890829e-01,2.431030e+04
723,4.179766e+04,3.957008,6.822503,-1.339977,-8.734972e+05,-1.506047e+06,2.957958e+05,1.004501e+00,4.198577e+04
724,4.186541e+04,6.535811,-1.015940,-4.500116,-1.443929e+06,2.244473e+05,9.941916e+05,1.005759e+00,4.210654e+04
725,4.193495e+04,-2.230312,-5.591532,5.268821,4.931425e+05,1.236339e+06,-1.164985e+06,1.000129e+00,4.194035e+04
726,4.194923e+04,-4.721447,2.561142,5.928616,1.044133e+06,-5.663884e+05,-1.311095e+06,9.831585e-01,4.124275e+04
727,4.201864e+04,-2.224594,1.195773,7.590870,4.923686e+05,-2.646601e+05,-1.680085e+06,6.770413e-03,2.844836e+02
728,4.224455e+04,-7.201486,3.347190,0.966915,1.598182e+06,-7.428213e+05,-2.145816e+05,9.997943e-01,4.223587e+04
729,4.227211e+04,-3.710417,-4.080643,-5.794925,8.236987e+05,9.058875e+05,1.286452e+06,9.944392e-01,4.203704e+04
730,4.228408e+04,-6.920095,3.658420,-1.651741,1.536453e+06,-8.122704e+05,3.667322e+05,9.957739e-01,4.210538e+04
731,4.241670e+04,-6.918725,3.107006,-2.545144,1.538556e+06,-6.909224e+05,5.659778e+05,9.952212e-01,4.221400e+04
732,4.244119e+04,-5.252211,0.826541,5.977550,1.168301e+06,-1.838556e+05,-1.329645e+06,9.801559e-01,4.159898e+04
733,4.271203e+04,-0.529672,-0.049435,-7.982293,1.181954e+05,1.103127e+04,1.781236e+06,9.996964e-01,4.269906e+04
734,4.273012e+04,-6.147856,3.106934,-4.068270,1.372175e+06,-6.934543e+05,9.080203e+05,9.952010e-01,4.252506e+04
735,4.296737e+04,1.653601,4.776806,-6.200623,-3.700998e+05,-1.069118e+06,1.387789e+06,1.005850e+00,4.321872e+04
736,4.308639e+04,1.201343,3.319967,7.178760,-2.692499e+05,-7.440849e+05,-1.608934e+06,6.077202e-01,2.618447e+04
737,4.309403e+04,-0.956789,-7.936749,0.304253,2.144585e+05,1.778975e+06,-6.819646e+04,9.994210e-01,4.306907e+04
738,4.322878e+04,0.065402,-0.702847,7.968797,-1.468241e+04,1.577851e+05,-1.788949e+06,8.451760e-01,3.653593e+04
739,4.327801e+04,-1.493109,-2.253832,7.529334,3.353852e+05,5.062602e+05,-1.691254e+06,0.000000e+00,0.000000e+00
740,4.331315e+04,1.389254,-7.753087,1.399861,-3.121837e+05,1.742221e+06,-3.145672e+05,1.002750e+00,4.343227e+04
741,4.339103e+04,4.336162,6.306996,-2.327982,-9.752684e+05,-1.418539e+06,5.235984e+05,1.005115e+00,4.361299e+04
742,4.351610e+04,3.861822,-6.535182,-2.525417,-8.698330e+05,1.471978e+06,5.688226e+05,1.003121e+00,4.365191e+04
743,4.358088e+04,2.491180,7.596111,0.305162,-5.615284e+05,-1.712214e+06,-6.878546e+04,1.003455e+00,4.373145e+04
744,4.359791e+04,-2.363917,-7.302727,2.254347,5.329466e+05,1.646405e+06,-5.082439e+05,1.001820e+00,4.367724e+04
745,4.367589e+04,3.388241,-2.442524,6.823042,-7.645641e+05,5.511608e+05,-1.539634e+06,0.000000e+00,0.000000e+00
746,4.374002e+04,6.981265,-3.618699,-1.472057,-1.576494e+06,8.171667e+05,3.324166e+05,1.004032e+00,4.391637e+04
747,4.378028e+04,-7.928659,0.684793,-0.816965,1.791256e+06,-1.547095e+05,1.845701e+05,6.904312e-01,3.022727e+04
748,4.379222e+04,-3.176131,-2.114947,7.031301,7.176547e+05,4.778776e+05,-1.588740e+06,3.876647e-01,1.697670e+04
749,4.384782e+04,-1.504437,-7.511631,2.304792,3.401469e+05,1.698349e+06,-5.211041e+05,1.003009e+00,4.397975e+04
750,4.421902e+04,1.462759,0.101365,7.864481,-3.321207e+05,-2.301504e+04,-1.785638e+06,5.390268e-01,2.383524e+04
751,4.425575e+04,5.434237,-0.786798,5.818076,-1.234361e+06,1.787175e+05,-1.321548e+06,9.255141e-01,4.095933e+04
752,4.441729e+04,-2.755521,3.263472,-6.764382,6.270446e+05,-7.426336e+05,1.539298e+06,1.001898e+00,4.450160e+04
753,4.444640e+04,-2.737909,6.370412,3.990201,6.232410e+05,-1.450122e+06,-9.083052e+05,9.997310e-01,4.443445e+04
754,4.449252e+04,-4.473751,-5.816829,3.185915,1.018906e+06,1.324794e+06,-7.255984e+05,9.978212e-01,4.439558e+04
755,4.452307e+04,0.666813,0.957767,7.914420,-1.519201e+05,-2.182083e+05,-1.803144e+06,2.381768e-01,1.060436e+04
756,4.454408e+04,-6.091620,-4.902684,-1.689929,1.388182e+06,1.117243e+06,3.851077e+05,8.526798e-01,3.798184e+04
757,4.454719e+04,-6.331829,3.651686,-3.251635,1.442972e+06,-8.321895e+05,7.410211e+05,9.957831e-01,4.435934e+04
758,4.458633e+04,-1.848536,-5.264899,5.732691,4.214514e+05,1.200355e+06,-1.307008e+06,9.697868e-01,4.323924e+04
759,4.482486e+04,3.511891,-6.256419,-3.538905,-8.028219e+05,1.430224e+06,8.089972e+05,1.003491e+00,4.498135e+04
760,4.498687e+04,-0.891912,-6.890250,3.965974,2.042602e+05,1.577962e+06,-9.082626e+05,1.009678e+00,4.542226e+04
761,4.499994e+04,7.484298,-1.669388,-2.280006,-1.714256e+06,3.823684e+05,5.222286e+05,1.004737e+00,4.521309e+04
762,4.504659e+04,7.774422,1.321852,-1.345761,-1.781631e+06,-3.029233e+05,3.084022e+05,1.004602e+00,4.525390e+04
763,4.519601e+04,-1.999181,7.745923,0.062891,4.589030e+05,-1.778042e+06,-1.443645e+04,1.001783e+00,4.527662e+04
764,4.529068e+04,-0.059389,0.174565,7.997875,1.364668e+04,-4.011248e+04,-1.837798e+06,4.895497e-01,2.217204e+04
765,4.547831e+04,0.162501,-7.798094,1.778572,-3.741770e+04,1.795599e+06,-4.095363e+05,1.002923e+00,4.561126e+04
766,4.549457e+04,7.907071,0.280548,1.183012,-1.821017e+06,-6.461096e+04,-2.724504e+05,1.003847e+00,4.566958e+04
767,4.559212e+04,-6.352496,2.555699,-4.136931,1.464563e+06,-5.892142e+05,9.537661e+05,9.953068e-01,4.537815e+04
768,4.561113e+04,-7.258818,-2.459342,2.293729,1.673863e+06,5.671175e+05,-5.289277e+05,0.000000e+00,0.000000e+00
769,4.563559e+04,-6.394640,0.174462,4.803971,1.474982e+06,-4.024132e+04,-1.108080e+06,1.008128e+00,4.600651e+04
770,4.563903e+04,4.538842,-5.245081,3.985981,-1.046964e+06,1.209871e+06,-9.194373e+05,1.007562e+00,4.598415e+04
771,4.564088e+04,1.811049,-2.020589,7.525777,-4.177592e+05,4.660943e+05,-1.735989e+06,5.466606e-01,2.495007e+04
772,4.565086e+04,3.155093,0.288102,-7.345909,-7.278725e+05,-6.646443e+04,1.694684e+06,1.006023e+00,4.592581e+04
773,4.567770e+04,1.866130,1.241011,-7.679678,-4.306384e+05,-2.863825e+05,1.772204e+06,1.006152e+00,4.595869e+04
774,4.567774e+04,0.179804,-3.641841,-7.120721,-4.149253e+04,8.404115e+05,1.643217e+06,1.002804e+00,4.580581e+04
775,4.571189e+04,7.084903,-0.202240,3.709885,-1.635563e+06,4.668757e+04,-8.564336e+05,1.005226e+00,4.595078e+04
776,4.574158e+04,0.937998,7.848100,-1.235912,-2.166088e+05,-1.812336e+06,2.854052e+05,1.003913e+00,4.592055e+04
777,4.579196e+04,3.959127,2.489606,6.490545,-9.147717e+05,-5.752332e+05,-1.499666e+06,8.803935e-01,4.031495e+04
778,4.579865e+04,7.232046,-3.417607,0.132186,-1.671114e+06,7.897092e+05,-3.054426e+04,1.003762e+00,4.597094e+04
779,4.580550e+04,-3.615526,4.223515,-5.752382,8.355048e+05,-9.760038e+05,1.329307e+06,1.001058e+00,4.585395e+04
780,4.586108e+04,-3.327010,-7.134884,1.422827,7.692985e+05,1.649786e+06,-3.289978e+05,9.975905e-01,4.575058e+04
781,4.601107e+04,-5.813878,-2.002822,-5.117375,1.346529e+06,4.638656e+05,1.185215e+06,9.923218e-01,4.565778e+04
782,4.609807e+04,-1.559809,-4.758945,-6.238545,3.616025e+05,1.103242e+06,1.446250e+06,9.996875e-01,4.608366e+04
783,4.671785e+04,3.090406,-3.804326,-6.322697,-7.212329e+05,8.878462e+05,1.475579e+06,1.004963e+00,4.694971e+04
784,4.678584e+04,-7.765726,1.918165,-0.118889,1.813669e+06,-4.479834e+05,2.776624e+04,9.903455e-01,4.633414e+04
785,4.693947e+04,-0.425242,-0.031392,7.988628,9.947720e+04,7.343535e+03,-1.868788e+06,4.364805e-01,2.048816e+04
786,4.694901e+04,-1.442460,0.635675,-7.843164,3.374705e+05,-1.487192e+05,1.834946e+06,1.001973e+00,4.704164e+04
787,4.695192e+04,1.445826,-7.866971,0.142692,-3.382683e+05,1.840572e+06,-3.338450e+04,1.001810e+00,4.703689e+04
788,4.703313e+04,1.203249,0.665050,-7.880983,-2.817580e+05,-1.557309e+05,1.845445e+06,1.005137e+00,4.727471e+04
789,4.704002e+04,-2.094321,-7.717613,-0.228614,4.904512e+05,1.807322e+06,5.353725e+04,9.979278e-01,4.694254e+04
790,4.707217e+04,6.430326,3.484271,3.242030,-1.506377e+06,-8.162302e+05,-7.594827e+05,1.003997e+00,4.726029e+04
791,4.712903e+04,-2.887625,2.992615,6.834169,6.768677e+05,-7.014776e+05,-1.601949e+06,9.265261e-01,4.366627e+04
792,4.717864e+04,0.927687,0.638810,-7.920310,-2.175670e+05,-1.498177e+05,1.857520e+06,1.004949e+00,4.741214e+04
793,4.748158e+04,-5.765204,4.826063,-2.733412,1.356425e+06,-1.135466e+06,6.431115e+05,9.976992e-01,4.737233e+04
794,4.749622e+04,2.575112,7.486495,1.149434,-6.059604e+05,-1.761679e+06,-2.704783e+05,1.003328e+00,4.765430e+04
795,4.753087e+04,-3.645553,4.029262,-5.871541,8.581633e+05,-9.484885e+05,1.382161e+06,1.001128e+00,4.758450e+04
796,4.774090e+04,5.388715,3.789608,-4.538791,-1.271303e+06,-8.940426e+05,1.070790e+06,1.006146e+00,4.803432e+04
797,4.783230e+04,0.779790,4.147640,6.796250,-1.841437e+05,-9.794456e+05,-1.604902e+06,9.229412e-01,4.414639e+04
798,4.785788e+04,2.096209,-5.179913,5.724893,-4.951423e+05,1.223539e+06,-1.352268e+06,9.193424e-01,4.399778e+04
799,4.789568e+04,-5.383832,-2.444197,5.388901,1.272209e+06,5.775680e+05,-1.273406e+06,1.006088e+00,4.818728e+04
800,4.819098e+04,-1.249663,0.436870,7.889708,2.962064e+05,-1.035509e+05,-1.870090e+06,0.000000e+00,0.000000e+00
801,4.834383e+04,6.284308,-3.783042,-3.193128,-1.491924e+06,8.981116e+05,7.580634e+05,1.004815e+00,4.857659e+04
802,4.858899e+04,7.084293,-1.086125,3.554311,-1.686103e+06,2.585042e+05,-8.459468e+05,1.005543e+00,4.885830e+04
803,4.863472e+04,0.562493,-0.796216,-7.940380,-1.339396e+05,1.895932e+05,1.890746e+06,1.004338e+00,4.884571e+04
804,4.866661e+04,2.030655,-2.509548,-7.319741,-4.836935e+05,5.977639e+05,1.743532e+06,1.004915e+00,4.890579e+04
805,4.877737e+04,7.160533,0.297589,3.555026,-1.707549e+06,-7.096514e+04,-8.477555e+05,1.005121e+00,4.902718e+04
806,4.878189e+04,-4.025860,-4.121142,-5.550553,9.600784e+05,9.828009e+05,1.323684e+06,9.952091e-01,4.854818e+04
807,4.921623e+04,-0.351965,7.983689,0.369910,8.430859e+04,-1.912390e+06,-8.860724e+04,1.002894e+00,4.935864e+04
808,4.924937e+04,4.984483,6.253958,0.207231,-1.194371e+06,-1.498559e+06,-4.965624e+04,1.004132e+00,4.945288e+04
809,4.937717e+04,-0.226565,0.770365,-7.959598,5.435939e+04,-1.848324e+05,1.909734e+06,1.003140e+00,4.953219e+04
810,4.954409e+04,-5.564436,-2.692871,-5.077942,1.337321e+06,6.471875e+05,1.220400e+06,9.930725e-01,4.920087e+04
811,4.958544e+04,0.940019,-5.900099,-5.320262,-2.260124e+05,1.418584e+06,1.279172e+06,1.002682e+00,4.971842e+04
812,4.968647e+04,-3.751171,2.353211,-6.662666,9.028271e+05,-5.663678e+05,1.603562e+06,1.000469e+00,4.970978e+04
813,4.990164e+04,-7.612087,-1.175685,-2.161921,1.836030e+06,2.835743e+05,5.214539e+05,3.162996e-01,1.578387e+04
814,5.000423e+04,-0.518529,-6.002274,5.263443,1.251973e+05,1.449232e+06,-1.270843e+06,1.000189e+00,5.001369e+04
815,5.022073e+04,-0.423265,-7.770376,1.855291,1.024172e+05,1.880192e+06,-4.489233e+05,1.002976e+00,5.037018e+04
816,5.030497e+04,1.562257,-2.313419,7.497162,-3.783351e+05,5.602456e+05,-1.815604e+06,4.181540e-01,2.103523e+04
817,5.035776e+04,-2.512056,-5.761338,4.949400,6.086690e+05,1.395967e+06,-1.199235e+06,1.008000e+00,5.076061e+04
818,5.038557e+04,0.036715,6.990961,-3.889102,-8.898457e+03,-1.694372e+06,9.425862e+05,1.004767e+00,5.062574e+04
819,5.059708e+04,7.930544,0.952118,0.447145,-1.926125e+06,-2.312450e+05,-1.086001e+05,1.004144e+00,5.080677e+04
820,5.064137e+04,5.404426,5.407015,2.357195,-1.313170e+06,-1.313799e+06,-5.727525e+05,1.003671e+00,5.082730e+04
821,5.075599e+04,-6.886180,0.772196,3.998029,1.675100e+06,-1.878407e+05,-9.725418e+05,1.008973e+00,5.121142e+04
822,5.086364e+04,7.236702,2.356289,2.465370,-1.762232e+06,-5.737873e+05,-6.003499e+05,1.004142e+00,5.107429e+04
823,5.149758e+04,-6.030101,-4.945217,1.784014,1.477531e+06,1.211707e+06,-4.371298e+05,6.769515e-01,3.486136e+04
824,5.162338e+04,-2.201175,1.089791,7.613618,5.400035e+05,-2.673531e+05,-1.867811e+06,3.446399e-02,1.779147e+03
825,5.167582e+04,-7.724321,1.172699,-1.720362,1.895932e+06,-2.878384e+05,4.222622e+05,9.803500e-01,5.066039e+04
826,5.175351e+04,6.489692,3.643198,2.934453,-1.594089e+06,-8.948935e+05,-7.208015e+05,1.004095e+00,5.196543e+04
827,5.184665e+04,-3.001303,-3.452145,6.563145,7.378853e+05,8.487271e+05,-1.613582e+06,8.147571e-01,4.224243e+04
828,5.193604e+04,7.136149,2.807490,-2.278897,-1.755970e+06,-6.908303e+05,5.607610e+05,1.005275e+00,5.220999e+04
829,5.226726e+04,3.303101,-2.886707,-6.690026,-8.153713e+05,7.125842e+05,1.651434e+06,1.005446e+00,5.255192e+04
830,5.226770e+04,0.978300,-3.332329,7.206838,-2.414945e+05,8.225896e+05,-1.779017e+06,0.000000e+00,0.000000e+00
831,5.240452e+04,1.422169,6.471111,4.483543,-3.515235e+05,-1.599491e+06,-1.108216e+06,1.002682e+00,5.254508e+04
832,5.243420e+04,-0.573731,-0.467079,-7.965718,1.418515e+05,1.154827e+05,1.969477e+06,1.002957e+00,5.258923e+04
833,5.259662e+04,4.119839,-3.587564,-5.844340,-1.020183e+06,8.883769e+05,1.447215e+06,1.005408e+00,5.288106e+04
834,5.262433e+04,1.397869,7.600542,2.068266,-3.462409e+05,-1.882593e+06,-5.122930e+05,1.003061e+00,5.278540e+04
835,5.268577e+04,6.245503,4.766483,1.508089,-1.547864e+06,-1.181309e+06,-3.737596e+05,1.003954e+00,5.289412e+04
836,5.277891e+04,1.025176,-5.097609,-6.079753,-2.543005e+05,1.264490e+06,1.508116e+06,1.003388e+00,5.295775e+04
837,5.289874e+04,4.180650,1.273530,-6.700768,-1.038210e+06,-3.162646e+05,1.664048e+06,1.006345e+00,5.323440e+04
838,5.292936e+04,-1.747119,-0.711607,7.774393,4.339998e+05,1.767696e+05,-1.931228e+06,0.000000e+00,0.000000e+00
839,5.296545e+04,-0.860420,7.707098,-1.964768,2.138088e+05,-1.915164e+06,4.882320e+05,1.003785e+00,5.316590e+04
840,5.298893e+04,-1.331389,-1.612561,-7.721855,3.309149e+05,4.007997e+05,1.919256e+06,1.002363e+00,5.311414e+04
841,5.300172e+04,0.611081,-7.972861,-0.245074,-1.519016e+05,1.981882e+06,6.092019e+04,1.001576e+00,5.308524e+04
842,5.358135e+04,4.914511,-1.389126,-6.157752,-1.228304e+06,3.471899e+05,1.539032e+06,1.006065e+00,5.390630e+04
843,5.381717e+04,7.557065,-2.246277,-1.358309,-1.892920e+06,5.626553e+05,3.402339e+05,1.004552e+00,5.406214e+04
844,5.400402e+04,6.516353,-4.093157,2.187054,-1.635070e+06,1.027046e+06,-5.487712e+05,1.004859e+00,5.426641e+04
845,5.405676e+04,-5.706551,1.661977,-5.354728,1.432575e+06,-4.172234e+05,1.344253e+06,9.971809e-01,5.390437e+04
846,5.408108e+04,1.919799,-7.174193,-2.974110,-4.820556e+05,1.801418e+06,7.467897e+05,1.002735e+00,5.422897e+04
847,5.420928e+04,-6.366553,-2.071606,-4.378978,1.600516e+06,5.207900e+05,1.100850e+06,9.920480e-01,5.377821e+04
848,5.424933e+04,-0.032058,-7.628383,-2.409719,8.062079e+03,1.918441e+06,6.060136e+05,1.000952e+00,5.430098e+04
849,5.431139e+04,2.214957,-4.353492,6.335698,-5.573519e+05,1.095473e+06,-1.594258e+06,5.334446e-01,2.897212e+04
850,5.468509e+04,5.325157,-3.825582,4.583407,-1.344577e+06,9.659411e+05,-1.157288e+06,1.005006e+00,5.495886e+04
851,5.477519e+04,-3.685635,7.046850,0.870628,9.313715e+05,-1.780761e+06,-2.200105e+05,1.001116e+00,5.483632e+04
852,5.480048e+04,2.714332,3.314299,-6.756317,-6.860784e+05,-8.377271e+05,1.707737e+06,1.006183e+00,5.513929e+04
853,5.498197e+04,-0.531928,3.103644,-7.354213,1.346734e+05,-7.857795e+05,1.861937e+06,1.004691e+00,5.523987e+04
854,5.510377e+04,1.293026,-5.211853,5.929981,-3.277302e+05,1.320996e+06,-1.503013e+06,9.005348e-01,4.962286e+04
855,5.510512e+04,-1.797053,-0.834807,-7.750722,4.554866e+05,2.115928e+05,1.964522e+06,1.002254e+00,5.522933e+04
856,5.517065e+04,4.358204,-0.593574,-6.682344,-1.105300e+06,1.505386e+05,1.694734e+06,1.006161e+00,5.551053e+04
857,5.534766e+04,1.457057,-1.668530,-7.687197,-3.701219e+05,4.238404e+05,1.952703e+06,1.004937e+00,5.562093e+04
858,5.537500e+04,-2.780600,-2.956795,-6.893884,7.065030e+05,7.512712e+05,1.751618e+06,9.997614e-01,5.536179e+04
859,5.560186e+04,-4.668046,-2.048177,-6.165575,1.188498e+06,5.214719e+05,1.569773e+06,9.967497e-01,5.542114e+04
860,5.566763e+04,-7.247510,-1.191298,-3.170868,1.846328e+06,3.034873e+05,8.077896e+05,9.501877e-01,5.289470e+04
861,5.603776e+04,7.094463,2.980255,2.187847,-1.813337e+06,-7.617501e+05,-5.592113e+05,1.004205e+00,5.627341e+04
862,5.619037e+04,-3.600871,-6.257593,3.446194,9.216313e+05,1.601611e+06,-8.820421e+05,1.004854e+00,5.646311e+04
863,5.628370e+04,-7.362591,-0.440431,-3.098109,1.885995e+06,1.128204e+05,7.936092e+05,9.731656e-01,5.477336e+04
864,5.628428e+04,7.431390,-2.427426,1.697657,-1.903629e+06,6.218108e+05,-4.348726e+05,1.004466e+00,5.653567e+04
865,5.636296e+04,5.980407,1.868719,-4.974195,-1.533015e+06,-4.790266e+05,1.275083e+06,1.006205e+00,5.671267e+04
866,5.645111e+04,3.281968,3.691430,-6.293014,-8.419558e+05,-9.469991e+05,1.614409e+06,1.006276e+00,5.680542e+04
867,5.645825e+04,-4.710427,1.459693,6.299300,1.208489e+06,-3.744932e+05,-1.616124e+06,9.800462e-01,5.533170e+04
868,5.657790e+04,-4.455863,1.254207,-6.524741,1.144390e+06,-3.221152e+05,1.675735e+06,9.994467e-01,5.654660e+04
869,5.668331e+04,0.092800,0.153416,-7.997990,-2.385577e+04,-3.943811e+04,2.056019e+06,1.004484e+00,5.693745e+04
870,5.686392e+04,-5.390110,4.513937,3.817209,1.387825e+06,-1.162231e+06,-9.828404e+05,9.999483e-01,5.686098e+04
871,5.705259e+04,1.142725,4.277180,-6.663326,-2.947123e+05,-1.103097e+06,1.718492e+06,1.005743e+00,5.738023e+04
872,5.751530e+04,-5.722307,2.443302,5.028467,1.481772e+06,-6.326848e+05,-1.302105e+06,9.998421e-01,5.750622e+04
873,5.797281e+04,-5.233838,6.041689,-0.323940,1.360665e+06,-1.570685e+06,8.421615e+04,1.000042e+00,5.797522e+04
874,5.803609e+04,-2.081667,3.313305,-6.977727,5.414758e+05,-8.618451e+05,1.815021e+06,1.003571e+00,5.824335e+04
875,5.816755e+04,-7.301300,-1.639806,2.828791,1.901338e+06,4.270232e+05,-7.366479e+05,3.016978e-01,1.754902e+04
876,5.828998e+04,2.357701,1.365433,7.521758,-6.146166e+05,-3.559476e+05,-1.960807e+06,0.000000e+00,0.000000e+00
877,5.842784e+04,-0.883956,7.818713,-1.444417,2.307063e+05,-2.040628e+06,3.769825e+05,1.003822e+00,5.865116e+04
878,5.846751e+04,1.980653,-1.441311,-7.615749,-5.171118e+05,3.762996e+05,1.988331e+06,1.005322e+00,5.877866e+04
879,5.852110e+04,0.294783,4.448320,-6.642707,-7.699771e+04,-1.161906e+06,1.735082e+06,1.005404e+00,5.883737e+04
880,5.855747e+04,3.825089,-6.816435,1.704378,-9.994276e+05,1.781013e+06,-4.453237e+05,1.004412e+00,5.881585e+04
881,5.858176e+04,-0.313833,-5.066367,6.183319,8.201597e+04,1.324026e+06,-1.615926e+06,8.712295e-01,5.103815e+04
882,5.867238e+04,-2.743683,-1.697554,-7.320554,7.175785e+05,4.439757e+05,1.914606e+06,1.000838e+00,5.872154e+04
883,5.874665e+04,-3.261378,-7.185931,1.313700,8.535155e+05,1.880586e+06,-3.438003e+05,9.996093e-01,5.872370e+04
884,5.888855e+04,3.334893,7.062548,-1.731734,-8.738078e+05,-1.850527e+06,4.537485e+05,1.005050e+00,5.918594e+04
885,5.892201e+04,-7.375087,2.973741,0.874621,1.932968e+06,-7.794004e+05,-2.292332e+05,1.002473e+00,5.906773e+04
886,5.961122e+04,-6.210540,3.127030,3.956119,1.637239e+06,-8.243559e+05,-1.042923e+06,1.001341e+00,5.969117e+04
887,5.989851e+04,2.828045,-1.660736,7.296856,-7.473311e+05,4.388614e+05,-1.928246e+06,9.924816e-48,5.944817e-43
888,5.993095e+04,0.717601,0.937593,-7.912393,-1.896824e+05,-2.478326e+05,2.091472e+06,1.005131e+00,6.023844e+04
889,5.995627e+04,-1.427774,1.279351,-7.766899,3.774812e+05,-3.382407e+05,2.053448e+06,1.003667e+00,6.017611e+04
890,6.021662e+04,-0.988385,-7.825016,-1.338739,2.618805e+05,2.073300e+06,3.547095e+05,1.000526e+00,6.024832e+04
891,6.081983e+04,3.034782,-3.391063,6.579574,-8.081067e+05,9.029779e+05,-1.752020e+06,1.853988e-01,1.127592e+04
892,6.088587e+04,3.451916,-3.888005,6.080106,-9.196810e+05,1.035866e+06,-1.619900e+06,8.181061e-01,4.981110e+04
893,6.097583e+04,6.887779,-3.895812,-1.175223,-1.836440e+06,1.038713e+06,3.133414e+05,1.004481e+00,6.124909e+04
894,6.114765e+04,-0.921390,4.687668,-6.416916,2.460096e+05,-1.251600e+06,1.713306e+06,1.004798e+00,6.144102e+04
895,6.118900e+04,-1.335743,4.918768,6.166159,3.567617e+05,-1.313747e+06,-1.646911e+06,9.948293e-01,6.087261e+04
896,6.129128e+04,0.799296,-0.362968,7.951690,-2.136612e+05,9.702568e+04,-2.125580e+06,8.764439e-01,5.371837e+04
897,6.178292e+04,-7.445226,-1.610497,-2.444362,1.998162e+06,4.322279e+05,6.560221e+05,6.452639e-01,3.986628e+04
898,6.231878e+04,-7.654769,1.812833,-1.455388,2.063290e+06,-4.886365e+05,3.922896e+05,9.985649e-01,6.222935e+04
899,6.245157e+04,1.156105,-7.804990,1.321196,-3.119518e+05,2.106021e+06,-3.564985e+05,1.003462e+00,6.266779e+04
900,6.268585e+04,-5.823887,-2.612020,4.822830,1.574405e+06,7.061222e+05,-1.303783e+06,1.006576e+00,6.309805e+04
901,6.277393e+04,7.411279,2.881175,-0.878504,-2.004941e+06,-7.794316e+05,2.376577e+05,1.004927e+00,6.308324e+04
902,6.302862e+04,4.176698,-6.697554,-1.303062,-1.132194e+06,1.815531e+06,3.532260e+05,1.003818e+00,6.326928e+04
903,6.365553e+04,-0.329337,2.846394,-7.469242,8.971759e+04,-7.754106e+05,2.034761e+06,1.004953e+00,6.397081e+04
904,6.386177e+04,3.595196,-6.695070,-2.500120,-9.809837e+05,1.826814e+06,6.821816e+05,1.003925e+00,6.411244e+04
905,6.437658e+04,5.923141,-5.374723,-0.169575,-1.622687e+06,1.472444e+06,4.645631e+04,1.004192e+00,6.464641e+04
906,6.446407e+04,-0.920875,5.197907,-6.011136,2.524517e+05,-1.424971e+06,1.647912e+06,1.004886e+00,6.477906e+04
907,6.483789e+04,3.197825,6.404222,3.572094,-8.792003e+05,-1.760757e+06,-9.821005e+05,1.003940e+00,6.509333e+04
908,6.486675e+04,-0.038198,-0.113627,-7.999102,1.050435e+04,3.124709e+04,2.199738e+06,1.004539e+00,6.516121e+04
909,6.522237e+04,-2.617776,-1.961390,7.300699,7.218542e+05,5.408550e+05,-2.013174e+06,1.353282e-01,8.826426e+03
910,6.551855e+04,-3.813943,3.287899,6.216394,1.054084e+06,-9.086974e+05,-1.718064e+06,9.919320e-01,6.498994e+04
911,6.578427e+04,3.398137,-0.223927,7.238958,-9.410672e+05,6.201337e+04,-2.004729e+06,0.000000e+00,0.000000e+00
912,6.592201e+04,1.426016,-3.072594,-7.247458,-3.953287e+05,8.518029e+05,2.009183e+06,1.004802e+00,6.623855e+04
913,6.611908e+04,5.720865,-3.721519,4.173967,-1.588341e+06,1.033243e+06,-1.158860e+06,1.007026e+00,6.658366e+04
914,6.648256e+04,4.187151,0.148920,6.815100,-1.165712e+06,-4.145969e+04,-1.897338e+06,4.662721e-01,3.099896e+04
915,6.650546e+04,6.697179,1.617388,-4.065938,-1.864830e+06,-4.503618e+05,1.132161e+06,1.005954e+00,6.690143e+04
916,6.661831e+04,-0.071470,-0.211882,-7.996874,1.991773e+04,5.904846e+04,2.228619e+06,1.004536e+00,6.692050e+04
917,6.689342e+04,-1.105427,3.174460,-7.259534,3.087027e+05,-8.865030e+05,2.027305e+06,1.004592e+00,6.720059e+04
918,6.719134e+04,6.856843,4.035406,0.836180,-1.919109e+06,-1.129438e+06,-2.340319e+05,1.004562e+00,6.749787e+04
919,6.730103e+04,7.923827,-1.099786,0.058575,-2.219548e+06,3.080618e+05,-1.640740e+04,1.004620e+00,6.761196e+04
920,6.744957e+04,-3.543782,-6.747975,2.430319,9.937457e+05,1.892264e+06,-6.815088e+05,1.002240e+00,6.760064e+04
921,6.796102e+04,1.725031,-0.633455,7.786077,-4.855630e+05,1.783053e+05,-2.191631e+06,6.566864e-01,4.462908e+04
922,6.798659e+04,2.913169,4.216524,-6.142831,-8.201552e+05,-1.187093e+06,1.729414e+06,1.006183e+00,6.840697e+04
923,6.837583e+04,-5.305513,-1.184239,5.869336,1.497950e+06,3.343561e+05,-1.657139e+06,9.987540e-01,6.829063e+04
924,6.839766e+04,7.312429,3.244658,-0.024033,-2.064909e+06,-9.162378e+05,6.786527e+03,1.004786e+00,6.872502e+04
925,6.892542e+04,7.588178,2.177537,1.295331,-2.151027e+06,-6.172682e+05,-3.671886e+05,1.004574e+00,6.924070e+04
926,6.971394e+04,3.288567,6.743666,-2.776381,-9.375300e+05,-1.922536e+06,7.915122e+05,1.005531e+00,7.009955e+04
927,7.032799e+04,-6.838259,-0.995984,-4.030661,1.958070e+06,2.851905e+05,1.154141e+06,9.958335e-01,7.003497e+04
928,7.037044e+04,-6.206115,-1.498059,-4.820784,1.777598e+06,4.290844e+05,1.380802e+06,9.971506e-01,7.016992e+04
929,7.047615e+04,1.746589,-1.575339,-7.646420,-5.006457e+05,4.515582e+05,2.191785e+06,1.005335e+00,7.085214e+04
930,7.055574e+04,-1.160213,1.738204,-7.722212,3.327535e+05,-4.985236e+05,2.214759e+06,1.004334e+00,7.086154e+04
931,7.063623e+04,-0.134225,-0.040660,-7.998771,3.851811e+04,1.166800e+04,2.295386e+06,1.004621e+00,7.096264e+04
932,7.262368e+04,0.409996,-6.452527,4.711347,-1.192991e+05,1.877533e+06,-1.370891e+06,1.009038e+00,7.328004e+04
933,7.361653e+04,2.955294,-3.966040,6.287827,-8.657791e+05,1.161886e+06,-1.842073e+06,7.411663e-01,5.456209e+04
934,7.448165e+04,1.166721,-0.467746,-7.900631,-3.438037e+05,1.378331e+05,2.328119e+06,1.005302e+00,7.487656e+04
935,7.490712e+04,3.999754,5.887175,-3.652826,-1.181989e+06,-1.739751e+06,1.079467e+06,1.005864e+00,7.534634e+04
936,7.575209e+04,-5.793274,1.854392,-5.196076,1.721631e+06,-5.510838e+05,1.544157e+06,9.996673e-01,7.572689e+04
937,7.581288e+04,-0.896521,7.920529,0.679316,2.665328e+05,-2.354748e+06,-2.019584e+05,1.003796e+00,7.610071e+04
938,7.606646e+04,0.624413,-1.100275,-7.899336,-1.859460e+05,3.276547e+05,2.352371e+06,1.004951e+00,7.644309e+04
939,7.623256e+04,-6.588862,-3.974781,-2.188153,1.964262e+06,1.184956e+06,6.523289e+05,8.711957e-01,6.641348e+04
940,7.645957e+04,5.231027,4.168027,-4.389068,-1.561786e+06,-1.244415e+06,1.310409e+06,1.006093e+00,7.692546e+04
941,7.668145e+04,-0.018568,-3.413899,-7.234981,5.551692e+03,1.020739e+06,2.163223e+06,1.004066e+00,7.699325e+04
942,7.673316e+04,-0.466768,-6.079640,5.178813,1.396084e+05,1.818394e+06,-1.548961e+06,1.006874e+00,7.726065e+04
943,7.676101e+04,-0.335774,0.459914,7.979708,1.004468e+05,-1.375832e+05,-2.387130e+06,7.664435e-02,5.883297e+03
944,7.722650e+04,-6.811782,0.545745,4.159542,2.043914e+06,-1.637538e+05,-1.248094e+06,1.008009e+00,7.784500e+04
945,7.729209e+04,-5.284230,5.714011,-1.851214,1.586236e+06,-1.715249e+06,5.557031e+05,1.001522e+00,7.740969e+04
946,7.801364e+04,3.018501,-7.062624,2.237854,-9.103223e+05,2.129953e+06,-6.748942e+05,1.005176e+00,7.841744e+04
947,7.835260e+04,-0.284959,7.007622,-3.848639,8.612473e+04,-2.117952e+06,1.163195e+06,1.005133e+00,7.875479e+04
948,7.923128e+04,7.225709,3.381602,0.594893,-2.196077e+06,-1.027755e+06,-1.808031e+05,1.004841e+00,7.961481e+04
949,7.957282e+04,4.212631,-5.868997,3.436366,-1.283082e+06,1.787578e+06,-1.046648e+06,1.006891e+00,8.012117e+04
950,7.969013e+04,-6.413024,4.153991,-2.370124,1.954717e+06,-1.266154e+06,7.224237e+05,1.000376e+00,7.972009e+04
951,8.085424e+04,1.084629,-1.112571,7.847660,-3.330055e+05,3.415843e+05,-2.409407e+06,9.601638e-01,7.763331e+04
952,8.099556e+04,2.938746,3.706073,-6.452038,-9.030490e+05,-1.138841e+06,1.982651e+06,1.006183e+00,8.149635e+04
953,8.267692e+04,3.300143,6.801226,-2.617706,-1.024575e+06,-2.111534e+06,8.127025e+05,1.005581e+00,8.313836e+04
954,8.350547e+04,1.147795,0.802772,7.876428,-3.581298e+05,-2.504772e+05,-2.457568e+06,4.870307e-02,4.066973e+03
955,8.424750e+04,4.892908,-4.021609,-4.887342,-1.533431e+06,1.260367e+06,1.531687e+06,1.005556e+00,8.471556e+04
956,8.480454e+04,4.775339,2.834345,-5.758701,-1.501524e+06,-8.912117e+05,1.810726e+06,1.006269e+00,8.533621e+04
957,8.514642e+04,7.032231,-2.390427,2.972135,-2.215619e+06,7.531427e+05,-9.364194e+05,1.005726e+00,8.563393e+04
958,8.517498e+04,-6.774199,3.860643,1.790437,2.134679e+06,-1.216562e+06,-5.642008e+05,1.002165e+00,8.535935e+04
959,8.702433e+04,7.567226,2.287586,1.226394,-2.410326e+06,-7.286458e+05,-3.906330e+05,1.004892e+00,8.745001e+04
960,8.747257e+04,4.055415,3.397868,-6.000676,-1.295060e+06,-1.085078e+06,1.916261e+06,1.006254e+00,8.801965e+04
961,8.773675e+04,1.745091,-7.789127,-0.533071,-5.581199e+05,2.491141e+06,1.704882e+05,1.003700e+00,8.806139e+04
962,8.834078e+04,-4.902012,-6.047522,-1.843299,1.573163e+06,1.940782e+06,5.915548e+05,9.968256e-01,8.806036e+04
963,8.965323e+04,7.501073,0.184415,-2.774868,-2.425074e+06,-5.962078e+04,8.971063e+05,1.005629e+00,9.015789e+04
964,9.138955e+04,2.863175,-1.843645,-7.239006,-9.345764e+05,6.017891e+05,2.362903e+06,1.005784e+00,9.191812e+04
965,9.147132e+04,-5.941374,0.961972,-5.270169,1.940207e+06,-3.141402e+05,1.721019e+06,1.000303e+00,9.149903e+04
966,9.363181e+04,2.482916,0.226350,7.601572,-8.203373e+05,-7.478428e+04,-2.511504e+06,0.000000e+00,0.000000e+00
967,9.411182e+04,0.268355,2.116159,7.710373,-8.888948e+04,-7.009534e+05,-2.553972e+06,3.969187e-02,3.735474e+03
968,9.524751e+04,4.165822,1.400439,6.684661,-1.388181e+06,-4.666698e+05,-2.227537e+06,9.064353e-01,8.633570e+04
969,9.534316e+04,-4.398508,5.485678,3.815818,1.466455e+06,-1.828916e+06,-1.272188e+06,1.002880e+00,9.561779e+04
970,9.557410e+04,0.238349,0.431681,-7.984788,-7.956129e+04,-1.440959e+05,2.665337e+06,1.005236e+00,9.607457e+04
971,9.572164e+04,-5.086640,0.988929,6.094925,1.699240e+06,-3.303610e+05,-2.036067e+06,9.986948e-01,9.559670e+04
972,9.624725e+04,-2.339585,4.916358,-5.861380,7.837033e+05,-1.646859e+06,1.963418e+06,1.004599e+00,9.668989e+04
973,9.873877e+04,0.756453,-7.897395,-1.029042,-2.566520e+05,2.679455e+06,3.491368e+05,1.003577e+00,9.909196e+04
974,1.036508e+05,-0.191081,0.155021,-7.996215,6.642368e+04,-5.388850e+04,2.779647e+06,1.005091e+00,1.041785e+05
975,1.047796e+05,0.076652,7.816709,-1.700936,-2.679033e+04,-2.732002e+06,5.944907e+05,1.005095e+00,1.053134e+05
976,1.048012e+05,-0.187336,7.310968,-3.242630,6.548223e+04,-2.555504e+06,1.133442e+06,1.005310e+00,1.053577e+05
977,1.058818e+05,-4.107282,0.577348,6.840826,1.443058e+06,-2.028463e+05,-2.403465e+06,9.746013e-01,1.031925e+05
978,1.083048e+05,2.775445,-5.762414,-4.805360,-9.862230e+05,2.047608e+06,1.707530e+06,1.005085e+00,1.088554e+05
979,1.083881e+05,-3.033759,-1.677052,7.209980,1.078427e+06,5.961509e+05,-2.562970e+06,7.325409e-01,7.939875e+04
980,1.087056e+05,-0.918147,0.673686,-7.918532,3.268565e+05,-2.398294e+05,2.818963e+06,1.004892e+00,1.092374e+05
981,1.093057e+05,-2.244608,6.757040,3.647486,8.012729e+05,-2.412107e+06,-1.302068e+06,1.003955e+00,1.097380e+05
982,1.100011e+05,7.573999,-0.212952,-2.566942,-2.712330e+06,7.626022e+04,9.192492e+05,1.005654e+00,1.106231e+05
983,1.101332e+05,1.439887,-6.667320,-4.180140,-5.159486e+05,2.389072e+06,1.497851e+06,1.004483e+00,1.106269e+05
984,1.105163e+05,0.006764,-5.598427,5.714680,-2.427984e+03,2.009545e+06,-2.051275e+06,9.993862e-01,1.104485e+05
985,1.112410e+05,3.311943,-0.910179,7.225137,-1.192707e+06,3.277764e+05,-2.601939e+06,0.000000e+00,0.000000e+00
986,1.141391e+05,-1.302503,-0.124069,-7.892281,4.751324e+05,4.525842e+04,2.878979e+06,1.004639e+00,1.146686e+05
987,1.143993e+05,-0.852579,-0.714306,7.922302,3.113615e+05,2.608644e+05,-2.893222e+06,5.086981e-01,5.819470e+04
988,1.155115e+05,2.391665,-5.782960,-4.983705,-8.776709e+05,2.122177e+06,1.828874e+06,1.005072e+00,1.160974e+05
989,1.157615e+05,-7.309394,0.678306,3.180041,2.685234e+06,-2.491875e+05,-1.168244e+06,1.005348e+00,1.163806e+05
990,1.157766e+05,-0.389755,3.453011,-7.205887,1.431926e+05,-1.268607e+06,2.647381e+06,1.005490e+00,1.164122e+05
991,1.163613e+05,2.819277,5.284601,-5.303270,-1.038391e+06,-1.946414e+06,1.953290e+06,1.006076e+00,1.170684e+05
992,1.191162e+05,6.322892,-0.400251,-4.884756,-2.356241e+06,1.491547e+05,1.820316e+06,1.006049e+00,1.198366e+05
993,1.234561e+05,6.010318,-0.316685,5.270274,-2.280198e+06,1.201439e+05,-1.999439e+06,1.005481e+00,1.241328e+05
994,1.320079e+05,-0.207130,2.581747,-7.569127,8.125708e+04,-1.012820e+06,2.969371e+06,1.005543e+00,1.327396e+05
995,1.407287e+05,5.814907,4.435926,3.241823,-2.355336e+06,-1.796778e+06,-1.313105e+06,1.005411e+00,1.414903e+05
996,1.468773e+05,3.130163,-5.103036,-5.306703,-1.295278e+06,2.111663e+06,2.195941e+06,1.005524e+00,1.476886e+05
997,1.496610e+05,6.135843,-1.455737,-4.922627,-2.562992e+06,6.080734e+05,2.056222e+06,1.006009e+00,1.505604e+05
998,1.501970e+05,-1.191152,-0.945536,-7.854115,4.984443e+05,3.956647e+05,3.286598e+06,1.004927e+00,1.509370e+05
999,1.717571e+05,-0.381770,2.521038,7.582784,1.708355e+05,-1.128120e+06,-3.393163e+06,8.265975e-01,1.419740e+05

Summary
Radius,2.000000m
Current,1.0000e+05A
Temperature,1.0000e+08K
Mass,1.6730e-27kg
Charge,1.6022e-19C
Dose expected value,2.6981e+04
Total,1000
Seed,182549
