i,eV,x_0,y_0,z_0,v_x,v_y,v_z,hit_p,exp_eV
0,1.878690e+02,5.374109,5.834810,1.036315,-1.988349e+04,-2.158802e+04,-3.834229e+03,1.000587e-02,1.879792e+00
1,2.019974e+02,1.312008,6.641518,-4.262496,-5.033476e+03,-2.547997e+04,1.635293e+04,1.783397e-01,3.602416e+01
2,2.413620e+02,7.322249,-3.185409,-0.487684,-3.070702e+04,1.335852e+04,2.045181e+03,1.025925e+00,2.476193e+02
3,5.624017e+02,7.778017,1.716650,-0.745365,-4.979100e+04,-1.098914e+04,4.771455e+03,1.028200e+00,5.782617e+02
4,6.814574e+02,1.665659,0.080629,7.824262,-1.173719e+04,-5.681608e+02,-5.513424e+04,1.014184e+00,6.911228e+02
5,8.237787e+02,-0.671056,-1.599362,-7.809720,5.199037e+03,1.239113e+04,6.050613e+04,1.010642e+00,8.325457e+02
6,8.249178e+02,-6.981656,-1.192689,-3.719406,5.412806e+04,9.246795e+03,2.883617e+04,1.011865e+00,8.347053e+02
7,9.372572e+02,-1.641088,-5.182342,-5.869426,1.356188e+04,4.282666e+04,4.850469e+04,1.010238e+00,9.468530e+02
8,9.593616e+02,6.560286,2.016607,4.110467,-5.484950e+04,-1.686052e+04,-3.436695e+04,1.021042e+00,9.795487e+02
9,1.445629e+03,0.293739,-7.288808,3.284355,-3.014736e+03,7.480723e+04,-3.370833e+04,1.056797e+00,1.527736e+03
10,1.657003e+03,5.563296,-0.612415,-5.716177,-6.112974e+04,6.729237e+03,6.280960e+04,1.004333e+00,1.664182e+03
11,1.733991e+03,2.544165,1.250060,-7.480947,-2.859746e+04,-1.405119e+04,8.408890e+04,1.009044e+00,1.749673e+03
12,1.797234e+03,-7.351896,3.104337,0.559205,8.413183e+04,-3.552465e+04,-6.399298e+03,1.013552e+00,1.821590e+03
13,1.826553e+03,-0.622884,3.947690,6.930206,7.185917e+03,-4.554261e+04,-7.995047e+04,1.010606e+00,1.845925e+03
14,1.891447e+03,1.210798,-0.907235,7.855628,-1.421437e+04,1.065064e+04,-9.222247e+04,1.009260e+00,1.908962e+03
15,1.899953e+03,-6.738847,-0.191557,4.307116,7.928950e+04,2.253871e+03,-5.067767e+04,4.316768e-11,8.201655e-08
16,1.981038e+03,-2.248000,0.085118,7.677190,2.700856e+04,-1.022644e+03,-9.223747e+04,9.621628e-01,1.906081e+03
17,2.082091e+03,6.687549,3.341530,2.847957,-8.237122e+04,-4.115797e+04,-3.507857e+04,1.017683e+00,2.118908e+03
18,2.450237e+03,6.812767,-4.097687,0.891717,-9.103037e+04,5.475220e+04,-1.191488e+04,1.007907e+00,2.469611e+03
19,2.507059e+03,5.027028,1.636314,-6.004287,-6.794419e+04,-2.211605e+04,8.115260e+04,1.010542e+00,2.533487e+03
20,2.600077e+03,4.683261,4.704813,-4.464505,-6.446145e+04,-6.475811e+04,6.145045e+04,1.016111e+00,2.641967e+03
21,2.684503e+03,-4.172353,-4.417639,-5.203454,5.835414e+04,6.178469e+04,7.277502e+04,1.007822e+00,2.705502e+03
22,2.784800e+03,5.020097,-4.229411,4.572822,-7.151016e+04,6.024702e+04,-6.513884e+04,1.007753e+00,2.806391e+03
23,2.789934e+03,-3.708683,-0.310028,-7.081635,5.287804e+04,4.420342e+03,1.009693e+05,1.007599e+00,2.811135e+03
24,2.822242e+03,4.197759,-6.477876,2.101417,-6.019678e+04,9.289415e+04,-3.013477e+04,1.007773e+00,2.844178e+03
25,2.883201e+03,-4.164990,0.851143,6.777051,6.036846e+04,-1.233670e+04,-9.822835e+04,5.467641e-03,1.576431e+01
26,2.891177e+03,-0.746607,-0.360855,7.956907,1.083647e+04,5.237558e+03,-1.154889e+05,1.006969e+00,2.911325e+03
27,2.985058e+03,-5.686856,0.054309,-5.626431,8.387013e+04,-8.009584e+02,8.297898e+04,1.007525e+00,3.007522e+03
28,3.095680e+03,2.946127,-2.414342,-7.035005,-4.424745e+04,3.626064e+04,1.056577e+05,1.007279e+00,3.118214e+03
29,3.101568e+03,0.739100,3.100149,7.337766,-1.111099e+04,-4.660494e+04,-1.103096e+05,1.009306e+00,3.130431e+03
30,3.117455e+03,-1.186670,7.619905,2.128112,1.788499e+04,-1.148440e+05,-3.207401e+04,8.743766e-01,2.725830e+03
31,3.145572e+03,-1.367523,-5.301197,5.833283,2.070347e+04,8.025690e+04,-8.831237e+04,1.008886e+00,3.173523e+03
32,3.162098e+03,-2.925177,6.474259,-3.677949,4.440158e+04,-9.827351e+04,5.582800e+04,1.012101e+00,3.200364e+03
33,3.238924e+03,-3.138961,-6.819774,2.763622,4.822198e+04,1.047681e+05,-4.245587e+04,1.012015e+00,3.277840e+03
34,3.269947e+03,2.239337,2.983805,-7.076883,-3.456594e+04,-4.605740e+04,1.092373e+05,1.009967e+00,3.302538e+03
35,3.315001e+03,3.450468,-0.992849,7.149023,-5.362638e+04,1.543064e+04,-1.111085e+05,1.007963e+00,3.341398e+03
36,3.350161e+03,-6.581989,4.248959,-1.619805,1.028368e+05,-6.638562e+04,2.530779e+04,1.008955e+00,3.380162e+03
37,3.371920e+03,-0.972814,0.070325,-7.940320,1.524851e+04,-1.102326e+03,1.244616e+05,1.007547e+00,3.397368e+03
38,3.418842e+03,2.281723,6.986139,-3.160317,-3.601315e+04,-1.102644e+05,4.988028e+04,9.088282e-01,3.107140e+03
39,3.501028e+03,-2.697425,-3.774866,-6.517230,4.308299e+04,6.029176e+04,1.040925e+05,1.007245e+00,3.526392e+03
40,3.510271e+03,-4.715940,0.703502,6.423783,7.542187e+04,-1.125108e+04,-1.027353e+05,0.000000e+00,0.000000e+00
41,3.833353e+03,2.814009,-1.999630,7.216844,-4.702985e+04,3.341934e+04,-1.206134e+05,1.007568e+00,3.862364e+03
42,3.883318e+03,-2.377674,1.502366,-7.489297,3.999562e+04,-2.527178e+04,1.259799e+05,1.007595e+00,3.912812e+03
43,3.949808e+03,3.823259,6.212548,3.284347,-6.486051e+04,-1.053941e+05,-5.571802e+04,9.550163e-01,3.772131e+03
44,3.959920e+03,5.234348,5.945433,1.119563,-8.891284e+04,-1.009916e+05,-1.901738e+04,9.544708e-01,3.779628e+03
45,3.985270e+03,-1.628092,0.503105,-7.816406,2.774383e+04,-8.573262e+03,1.331971e+05,1.007375e+00,4.014660e+03
46,3.986428e+03,0.489114,2.204324,-7.674746,-8.336057e+03,-3.756869e+04,1.308021e+05,1.008252e+00,4.019323e+03
47,4.037621e+03,5.131721,-6.135392,-0.149679,-8.802063e+04,1.052359e+05,2.567329e+03,1.007104e+00,4.066303e+03
48,4.107326e+03,3.271781,-7.238734,0.946664,-5.660079e+04,1.252279e+05,-1.637699e+04,1.007192e+00,4.136866e+03
49,4.171841e+03,-2.812900,-3.100667,-6.817144,4.904299e+04,5.406020e+04,1.188571e+05,1.007040e+00,4.201212e+03
50,4.278603e+03,-0.337736,-1.090672,-7.918104,5.963309e+03,1.925767e+04,1.398076e+05,1.007089e+00,4.308935e+03
51,4.387166e+03,-1.954198,7.749167,-0.362658,3.493971e+04,-1.385497e+05,6.484081e+03,9.774778e-01,4.288357e+03
52,4.450248e+03,-2.594361,1.555754,-7.406006,4.671767e+04,-2.801507e+04,1.333628e+05,1.007403e+00,4.483194e+03
53,4.456595e+03,-0.791048,-6.182939,-5.014530,1.425486e+04,1.114180e+05,9.036297e+04,1.006935e+00,4.487500e+03
54,4.513322e+03,-0.129343,-0.461785,7.985614,2.345578e+03,8.374258e+03,-1.448155e+05,1.007542e+00,4.547363e+03
55,4.516675e+03,-1.607058,-0.254403,7.832793,2.915409e+04,4.615190e+03,-1.420969e+05,1.005037e+00,4.539423e+03
56,4.548289e+03,-6.710662,0.466956,-4.330008,1.221654e+05,-8.500774e+03,7.882635e+04,1.007148e+00,4.580799e+03
57,4.554533e+03,2.346184,-1.355214,-7.527205,-4.274080e+04,2.468815e+04,1.371243e+05,1.007053e+00,4.586654e+03
58,4.589082e+03,0.171423,0.205094,-7.995533,-3.134659e+03,-3.750366e+03,1.462073e+05,1.007259e+00,4.622396e+03
59,4.698712e+03,-7.536317,2.658624,-0.368302,1.394464e+05,-4.919320e+04,6.814788e+03,1.008309e+00,4.737754e+03
60,4.791789e+03,-4.242505,1.688195,-6.568953,7.927384e+04,-3.154497e+04,1.227450e+05,1.007223e+00,4.826398e+03
61,4.846981e+03,0.888879,3.604421,7.086469,-1.670463e+04,-6.773761e+04,-1.331755e+05,1.008523e+00,4.888289e+03
62,4.917311e+03,-0.016447,-0.014750,7.999969,3.113146e+02,2.791906e+02,-1.514296e+05,1.007469e+00,4.954040e+03
63,4.940547e+03,-1.097702,-7.655947,2.044880,2.082719e+04,1.452597e+05,-3.879841e+04,1.130150e+00,5.583559e+03
64,4.943455e+03,-1.661858,-3.564243,-6.966664,3.154046e+04,6.764586e+04,1.322205e+05,1.006864e+00,4.977389e+03
65,4.980740e+03,0.964335,-1.788357,7.737689,-1.837104e+04,3.406904e+04,-1.474066e+05,1.007434e+00,5.017766e+03
66,5.062495e+03,-3.414258,-3.616270,6.266214,6.557485e+04,6.945473e+04,-1.203500e+05,1.007486e+00,5.100393e+03
67,5.070783e+03,-1.004992,0.843995,-7.891620,1.931784e+04,-1.622318e+04,1.516919e+05,1.007209e+00,5.107337e+03
68,5.107782e+03,-0.750110,6.182916,5.020845,1.447104e+04,-1.192802e+05,-9.686162e+04,1.008695e+00,5.152192e+03
69,5.126088e+03,1.308996,-6.058709,5.057526,-2.529821e+04,1.170932e+05,-9.774394e+04,1.007273e+00,5.163371e+03
70,5.155139e+03,0.420072,0.029918,-7.988908,-8.141456e+03,-5.798509e+02,1.548340e+05,1.007112e+00,5.191804e+03
71,5.158049e+03,3.221498,-6.876726,2.516464,-6.245385e+04,1.333163e+05,-4.878566e+04,1.007059e+00,5.194459e+03
72,5.343383e+03,1.686799,3.409523,7.037746,-3.328360e+04,-6.727604e+04,-1.388674e+05,1.008548e+00,5.389060e+03
73,5.356891e+03,-0.113073,2.508694,7.595635,2.233954e+03,-4.956359e+04,-1.500649e+05,1.007590e+00,5.397549e+03
74,5.456746e+03,-3.185977,-3.600874,-6.394002,6.352843e+04,7.180148e+04,1.274965e+05,1.006851e+00,5.494131e+03
75,5.526121e+03,0.134997,-7.306129,-3.256110,-2.708905e+03,1.466075e+05,6.533832e+04,1.006562e+00,5.562382e+03
76,5.815449e+03,-5.495286,-3.899235,4.312516,1.131203e+05,8.026566e+04,-8.877304e+04,1.008695e+00,5.866014e+03
77,5.819354e+03,5.899259,5.363641,-0.655813,-1.214769e+05,-1.104475e+05,1.350442e+04,1.012289e+00,5.890866e+03
78,5.838892e+03,-5.470164,-3.375278,-4.762857,1.128299e+05,6.961992e+04,9.824069e+04,1.006906e+00,5.879212e+03
79,5.887814e+03,1.791848,2.890808,-7.241030,-3.711392e+04,-5.987630e+04,1.499809e+05,1.008144e+00,5.935767e+03
80,5.891578e+03,-6.277609,-2.342218,4.371000,1.300675e+05,4.852905e+04,-9.056395e+04,9.880868e-01,5.821391e+03
81,5.971927e+03,-7.571935,-1.372965,-2.186496,1.579512e+05,2.864017e+04,4.561047e+04,1.007211e+00,6.014990e+03
82,5.997762e+03,-6.661879,3.091605,3.171963,1.392676e+05,-6.463048e+04,-6.631037e+04,1.004254e+00,6.023277e+03
83,6.217042e+03,-7.093849,2.460385,2.761125,1.509846e+05,-5.236651e+04,-5.876743e+04,1.006276e+00,6.256058e+03
84,6.243469e+03,5.047648,2.703662,5.586722,-1.076616e+05,-5.766657e+04,-1.191595e+05,1.008942e+00,6.299296e+03
85,6.392463e+03,-2.693025,-5.388481,-5.264209,5.812101e+04,1.162945e+05,1.136124e+05,1.006788e+00,6.435857e+03
86,6.399559e+03,1.405850,-0.508605,-7.859065,-3.035798e+04,1.098283e+04,1.697089e+05,1.006871e+00,6.443529e+03
87,6.473675e+03,-6.778969,1.720845,-3.883848,1.472305e+05,-3.737454e+04,8.435219e+04,1.006951e+00,6.518674e+03
88,6.525320e+03,-2.867758,-2.242981,7.123552,6.253197e+04,4.890860e+04,-1.553303e+05,1.005020e+00,6.558076e+03
89,6.613160e+03,-4.435973,6.632806,-0.572730,9.737605e+04,-1.455997e+05,1.257225e+04,1.009413e+00,6.675411e+03
90,6.637045e+03,7.174651,0.675956,-3.473826,-1.577781e+05,-1.486498e+04,7.639310e+04,1.007721e+00,6.688289e+03
91,6.640172e+03,0.652891,-0.370514,-7.964700,-1.436114e+04,8.149917e+03,1.751934e+05,1.006838e+00,6.685579e+03
92,6.737843e+03,4.411012,-6.581352,1.108505,-9.773662e+04,1.458258e+05,-2.456162e+04,1.006754e+00,6.783349e+03
93,6.741869e+03,6.306729,0.880756,-4.842462,-1.397826e+05,-1.952111e+04,1.073285e+05,1.007638e+00,6.793363e+03
94,6.780342e+03,-5.186367,2.181230,-5.687163,1.152784e+05,-4.848261e+04,1.264096e+05,1.006936e+00,6.827373e+03
95,6.791831e+03,-1.870345,-5.265476,-5.725083,4.160772e+04,1.171358e+05,1.273602e+05,1.006704e+00,6.837360e+03
96,6.839895e+03,1.986786,0.053116,7.749185,-4.435417e+04,-1.185789e+03,-1.729973e+05,1.007154e+00,6.888824e+03
97,6.859416e+03,4.692670,-3.262897,-5.597531,-1.049113e+05,7.294669e+04,1.251407e+05,1.006594e+00,6.904644e+03
98,6.874967e+03,7.980185,0.318147,-0.464153,-1.786105e+05,-7.120684e+03,1.038855e+04,1.007650e+00,6.927563e+03
99,6.981397e+03,-4.827378,-1.370395,6.230444,1.088783e+05,3.090835e+04,-1.405235e+05,7.695789e-01,5.372736e+03
100,7.042900e+03,-4.424523,-4.529245,-4.889738,1.002307e+05,1.026030e+05,1.107695e+05,1.006785e+00,7.090685e+03
101,7.105785e+03,-1.392431,7.228067,3.133078,3.168389e+04,-1.644701e+05,-7.129120e+04,1.005359e+00,7.143863e+03
102,7.153070e+03,-0.945930,2.381757,7.578420,2.159553e+04,-5.437539e+04,-1.730149e+05,1.006950e+00,7.202782e+03
103,7.259516e+03,0.223793,-1.364099,7.879667,-5.147066e+03,3.137317e+04,-1.812259e+05,1.007124e+00,7.311235e+03
104,7.330770e+03,3.434875,5.433143,4.762624,-7.938609e+04,-1.255696e+05,-1.100727e+05,1.011463e+00,7.414806e+03
105,7.335811e+03,-7.906715,1.109872,-0.502035,1.828011e+05,-2.565994e+04,1.160692e+04,1.007518e+00,7.390964e+03
106,7.419189e+03,2.340350,3.234511,-6.932582,-5.441489e+04,-7.520480e+04,1.611877e+05,1.008043e+00,7.478864e+03
107,7.421761e+03,-6.093188,-3.239718,4.046886,1.416957e+05,7.533892e+04,-9.410943e+04,1.007793e+00,7.479601e+03
108,7.423745e+03,0.041514,-0.003429,7.999892,-9.655237e+02,7.975586e+01,-1.860606e+05,1.007097e+00,7.476435e+03
109,7.427825e+03,7.860149,1.466440,0.260035,-1.828607e+05,-3.411566e+04,-6.049532e+03,1.008171e+00,7.488514e+03
110,7.446657e+03,-0.550954,-7.929012,-0.909513,1.283379e+04,1.846964e+05,2.118596e+04,1.197259e+00,8.915578e+03
111,7.481664e+03,3.203255,3.104439,6.640905,-7.479099e+04,-7.248379e+04,-1.550547e+05,1.008195e+00,7.542979e+03
112,7.504480e+03,-2.323846,-2.026162,7.382033,5.434083e+04,4.737979e+04,-1.726215e+05,1.006455e+00,7.552923e+03
113,7.523002e+03,3.734379,-1.109701,-6.987344,-8.743246e+04,2.598126e+04,1.635936e+05,1.006742e+00,7.573723e+03
114,7.589923e+03,-0.440126,7.762579,1.883789,1.035034e+04,-1.825507e+05,-4.430060e+04,8.910350e-01,6.762887e+03
115,7.601001e+03,4.378848,-3.269945,-5.842358,-1.030514e+05,7.695459e+04,1.374935e+05,1.006537e+00,7.650685e+03
116,7.635100e+03,-6.627478,2.068489,-3.974655,1.563199e+05,-4.878869e+04,9.374876e+04,1.006847e+00,7.687376e+03
117,7.655126e+03,1.988965,7.659000,-1.176326,-4.697447e+04,-1.808868e+05,2.778193e+04,1.627426e-01,1.245815e+03
118,7.662516e+03,3.506436,6.987178,1.698310,-8.285339e+04,-1.650997e+05,-4.012927e+04,5.132321e-01,3.932649e+03
119,7.665130e+03,-1.508694,-3.636781,-6.964027,3.565493e+04,8.594797e+04,1.645807e+05,1.006589e+00,7.715638e+03
120,7.769215e+03,1.970158,-0.333063,7.746454,-4.687577e+04,7.924544e+03,-1.843106e+05,1.006992e+00,7.823536e+03
121,7.822728e+03,0.689484,-5.617458,5.654094,-1.646122e+04,1.341151e+05,-1.349898e+05,1.006935e+00,7.876978e+03
122,7.955735e+03,0.679332,-5.629297,-5.643539,-1.635614e+04,1.355355e+05,1.358784e+05,1.006518e+00,8.007592e+03
123,7.959501e+03,-0.379665,-0.829249,7.947842,9.143295e+03,1.997039e+04,-1.914039e+05,1.007056e+00,8.015666e+03
124,7.962774e+03,1.256900,6.985722,-3.690514,-3.027553e+04,-1.682682e+05,8.889508e+04,1.007664e+00,8.023798e+03
125,7.986731e+03,-3.704815,3.873121,5.939132,8.937369e+04,-9.343385e+04,-1.432736e+05,1.003013e+00,8.010791e+03
126,7.988980e+03,1.939804,3.324092,7.013385,-4.680177e+04,-8.020056e+04,-1.692123e+05,1.007808e+00,8.051362e+03
127,8.010915e+03,-0.668273,-1.082773,-7.898165,1.614558e+04,2.615996e+04,1.908209e+05,1.006625e+00,8.063991e+03
128,8.067781e+03,-0.326553,-0.310716,7.987291,7.917518e+03,7.533542e+03,-1.936579e+05,1.007022e+00,8.124435e+03
129,8.072187e+03,-0.236139,-1.322175,7.886450,5.726939e+03,3.206588e+04,-1.912651e+05,1.007068e+00,8.129237e+03
130,8.108555e+03,-1.619242,-0.196034,7.831962,3.935883e+04,4.764999e+03,-1.903711e+05,1.006296e+00,8.159606e+03
131,8.160718e+03,6.803295,-0.982203,4.092733,-1.658984e+05,2.395103e+04,-9.980131e+04,1.006950e+00,8.217435e+03
132,8.167654e+03,-0.173309,-4.098469,6.868225,4.227926e+03,9.998366e+04,-1.675529e+05,1.007066e+00,8.225368e+03
133,8.229096e+03,5.337228,-2.123817,5.568070,-1.306924e+05,5.200581e+04,-1.363451e+05,1.006740e+00,8.284559e+03
134,8.294613e+03,2.746156,2.706712,7.009446,-6.751214e+04,-6.654246e+04,-1.723219e+05,1.007658e+00,8.358134e+03
135,8.312063e+03,5.784728,4.497865,3.210316,-1.423627e+05,-1.106928e+05,-7.900614e+04,1.011494e+00,8.407599e+03
136,8.366006e+03,-3.623317,6.871674,-1.910933,8.945902e+04,-1.696603e+05,4.718057e+04,1.009412e+00,8.444745e+03
137,8.406901e+03,0.335329,-6.466532,-4.698034,-8.299421e+03,1.600472e+05,1.162767e+05,1.006494e+00,8.461498e+03
138,8.451267e+03,6.667964,-2.873476,3.358778,-1.654676e+05,7.130618e+04,-8.334911e+04,1.006682e+00,8.507738e+03
139,8.469312e+03,-5.267370,1.527715,5.824165,1.308509e+05,-3.795116e+04,-1.446826e+05,0.000000e+00,0.000000e+00
140,8.566816e+03,-5.566107,2.988485,4.907893,1.390657e+05,-7.466541e+04,-1.226206e+05,9.590526e-01,8.216027e+03
141,8.602145e+03,1.670856,7.793192,-0.688766,-4.183127e+04,-1.951091e+05,1.724383e+04,4.626199e-02,3.979524e+02
142,8.616432e+03,4.123892,-4.758839,-4.934265,-1.033308e+05,1.192404e+05,1.236360e+05,1.006439e+00,8.671915e+03
143,8.654956e+03,-5.880614,5.329272,1.008581,1.476773e+05,-1.338317e+05,-2.532805e+04,1.007525e+00,8.720088e+03
144,8.733939e+03,0.022812,-0.077874,7.999588,-5.754708e+02,1.964527e+03,-2.018048e+05,1.006970e+00,8.794816e+03
145,8.809196e+03,-2.262729,-3.809050,6.661171,5.732703e+04,9.650360e+04,-1.687631e+05,1.007433e+00,8.874676e+03
146,8.839566e+03,0.898578,1.006916,-7.885346,-2.280498e+04,-2.555450e+04,2.001220e+05,1.006851e+00,8.900126e+03
147,8.897363e+03,-5.581992,-4.386361,3.687981,1.421276e+05,1.116847e+05,-9.390268e+04,1.008206e+00,8.970371e+03
148,8.975501e+03,-3.970780,-0.241261,-6.940799,1.015463e+05,6.169853e+03,1.774997e+05,1.006572e+00,9.034485e+03
149,9.001502e+03,-3.505684,6.430856,-3.217805,8.978193e+04,-1.646967e+05,8.240924e+04,1.008744e+00,9.080212e+03
150,9.139734e+03,5.165588,1.375553,-5.951853,-1.333046e+05,-3.549792e+04,1.535952e+05,1.007270e+00,9.206182e+03
151,9.244702e+03,-5.071835,-0.618175,6.155839,1.316347e+05,1.604415e+04,-1.597690e+05,1.270988e-02,1.174991e+02
152,9.247492e+03,5.404407,3.381950,-4.832680,-1.402874e+05,-8.778855e+04,1.254465e+05,1.008556e+00,9.326615e+03
153,9.322413e+03,-0.548850,7.402680,2.983136,1.430462e+04,-1.929353e+05,-7.774919e+04,9.954309e-01,9.279818e+03
154,9.344458e+03,0.868495,7.915798,0.765414,-2.266226e+04,-2.065525e+05,-1.997248e+04,1.402394e-01,1.310461e+03
155,9.356913e+03,0.850194,-0.122427,7.953753,-2.219950e+04,3.196705e+03,-2.076811e+05,1.006896e+00,9.421442e+03
156,9.421551e+03,7.520041,1.514936,-2.270232,-1.970335e+05,-3.969301e+04,5.948262e+04,1.007673e+00,9.493847e+03
157,9.500995e+03,-3.810239,6.974450,-0.916042,1.002526e+05,-1.835072e+05,2.410230e+04,1.009140e+00,9.587834e+03
158,9.513097e+03,-0.682417,0.472718,-7.956811,1.796675e+04,-1.244578e+04,2.094878e+05,1.006662e+00,9.576475e+03
159,9.545157e+03,2.420279,-2.659374,7.146326,-6.382864e+04,7.013416e+04,-1.884660e+05,1.006681e+00,9.608923e+03
160,9.554451e+03,-1.086357,-1.305200,-7.817690,2.866381e+04,3.443806e+04,2.062719e+05,1.006526e+00,9.616800e+03
161,9.570716e+03,3.112701,-7.142885,-1.813914,-8.219933e+04,1.886273e+05,4.790133e+04,1.006467e+00,9.632613e+03
162,9.644294e+03,3.532770,-1.265604,7.065252,-9.365033e+04,3.354993e+04,-1.872930e+05,1.006712e+00,9.709029e+03
163,9.646850e+03,-1.325689,1.987725,7.634887,3.514738e+04,-5.269965e+04,-2.024203e+05,1.006580e+00,9.710330e+03
164,9.723579e+03,3.442712,0.487875,-7.204840,-9.163733e+04,-1.298614e+04,1.917768e+05,1.006822e+00,9.789917e+03
165,9.740746e+03,-2.965848,-5.778083,-4.670921,7.901392e+04,1.539354e+05,1.244392e+05,1.006555e+00,9.804598e+03
166,9.785712e+03,2.524196,6.615119,3.724062,-6.740281e+04,-1.766414e+05,-9.944244e+04,9.966799e-01,9.753222e+03
167,9.822115e+03,3.253195,3.968374,6.137486,-8.703046e+04,-1.061631e+05,-1.641919e+05,1.008367e+00,9.904299e+03
168,9.928457e+03,-0.566991,-0.340221,7.972626,1.525022e+04,9.150829e+03,-2.144376e+05,1.006875e+00,9.996714e+03
169,1.014247e+04,0.149098,-1.918530,7.765115,-4.053247e+03,5.215539e+04,-2.110953e+05,1.006867e+00,1.021212e+04
170,1.014548e+04,6.969729,-3.523550,1.734205,-1.895007e+05,9.580219e+04,-4.715148e+04,1.006547e+00,1.021190e+04
171,1.015020e+04,3.711637,-6.627020,-2.511247,-1.009396e+05,1.802247e+05,6.829446e+04,1.006432e+00,1.021549e+04
172,1.016826e+04,-3.856612,-0.470881,6.993198,1.049755e+05,1.281719e+04,-1.903522e+05,9.458167e-01,9.617310e+03
173,1.017174e+04,-7.107808,-3.585696,-0.788571,1.935050e+05,9.761798e+04,2.146829e+04,1.006967e+00,1.024261e+04
174,1.017321e+04,-3.936734,-6.856639,-1.220096,1.071824e+05,1.866805e+05,3.321863e+04,1.000259e+00,1.017584e+04
175,1.021636e+04,-3.844038,-6.785346,-1.783942,1.048804e+05,1.851308e+05,4.867291e+04,1.003456e+00,1.025167e+04
176,1.024116e+04,-7.462068,2.883449,-0.057170,2.038414e+05,-7.876723e+04,1.561705e+03,1.007114e+00,1.031401e+04
177,1.025070e+04,7.823438,1.576964,-0.554071,-2.138125e+05,-4.309802e+04,1.514263e+04,1.007648e+00,1.032909e+04
178,1.030505e+04,2.579255,0.577544,7.550754,-7.067700e+04,-1.582593e+04,-2.069065e+05,1.006861e+00,1.037575e+04
179,1.034241e+04,-7.122436,-2.405076,-2.736148,1.955231e+05,6.602347e+04,7.511197e+04,1.006670e+00,1.041139e+04
180,1.035122e+04,1.102864,-7.916546,0.334641,-3.028841e+04,2.174153e+05,-9.190394e+03,1.005821e+00,1.041147e+04
181,1.039631e+04,-2.613075,-7.553984,0.330414,7.192006e+04,2.079095e+05,-9.094029e+03,1.419714e+00,1.475978e+04
182,1.043518e+04,-1.502766,-5.922363,5.164040,4.143811e+04,1.633066e+05,-1.423961e+05,1.006960e+00,1.050780e+04
183,1.044729e+04,-1.497277,7.821302,-0.765115,4.131071e+04,-2.157941e+05,2.110996e+04,1.000672e+00,1.045431e+04
184,1.047434e+04,0.698623,7.595753,-2.411734,-1.930033e+04,-2.098422e+05,6.662718e+04,9.737261e-01,1.019914e+04
185,1.047613e+04,3.737721,-2.047118,-6.770432,-1.032680e+05,5.655904e+04,1.870577e+05,1.006476e+00,1.054397e+04
186,1.053926e+04,0.307098,2.464520,-7.604724,-8.510232e+03,-6.829613e+04,2.107401e+05,1.006975e+00,1.061278e+04
187,1.060922e+04,-0.927665,-1.302713,-7.838519,2.579239e+04,3.622005e+04,2.179387e+05,1.006484e+00,1.067800e+04
188,1.062112e+04,0.752094,-0.923614,-7.910834,-2.092262e+04,2.569417e+04,2.200727e+05,1.006519e+00,1.069036e+04
189,1.064395e+04,4.608779,4.491541,-4.752390,-1.283500e+05,-1.250851e+05,1.323495e+05,1.009227e+00,1.074216e+04
190,1.068606e+04,1.924504,1.546566,7.609495,-5.370149e+04,-4.315546e+04,-2.123358e+05,1.006944e+00,1.076026e+04
191,1.072551e+04,-3.090432,4.573565,-5.790659,8.639466e+04,-1.278564e+05,1.618809e+05,1.007267e+00,1.080345e+04
192,1.074195e+04,-3.785099,6.808027,-1.823126,1.058955e+05,-1.904678e+05,5.100549e+04,1.008675e+00,1.083513e+04
193,1.074513e+04,0.189435,0.615520,-7.974036,-5.300593e+03,-1.722290e+04,2.231222e+05,1.006639e+00,1.081646e+04
194,1.075154e+04,-4.595798,0.235815,-6.543931,1.286338e+05,-6.600337e+03,1.831609e+05,1.006505e+00,1.082148e+04
195,1.076172e+04,1.945146,3.047247,7.136574,-5.446929e+04,-8.533106e+04,-1.998431e+05,1.007283e+00,1.084009e+04
196,1.083058e+04,-5.687188,5.299866,1.888731,1.597652e+05,-1.488845e+05,-5.305847e+04,1.007116e+00,1.090766e+04
197,1.086870e+04,-0.873270,-1.222746,7.857626,2.457514e+04,3.440994e+04,-2.211255e+05,1.006874e+00,1.094341e+04
198,1.089540e+04,1.955079,-1.464903,-7.617856,-5.508643e+04,4.127520e+04,2.146411e+05,1.006484e+00,1.096604e+04
199,1.091477e+04,0.376154,0.692406,7.961098,-1.060797e+04,-1.952659e+04,-2.245117e+05,1.006822e+00,1.098923e+04
200,1.092204e+04,-6.059473,-0.851309,5.153452,1.709406e+05,2.401585e+04,-1.453813e+05,4.388792e-01,4.793454e+03
201,1.095947e+04,-3.809684,-2.313621,-6.643303,1.076570e+05,6.538010e+04,1.877316e+05,1.006462e+00,1.103028e+04
202,1.099043e+04,7.203019,-2.858607,-1.986172,-2.038359e+05,8.089479e+04,5.620602e+04,1.006523e+00,1.106212e+04
203,1.101092e+04,3.286179,-3.055602,6.623015,-9.308114e+04,8.655002e+04,-1.875971e+05,1.006554e+00,1.108308e+04
204,1.104720e+04,-0.352280,-1.780937,7.791288,9.994762e+03,5.052816e+04,-2.210518e+05,1.006862e+00,1.112300e+04
205,1.111203e+04,1.615382,-1.535002,7.683379,-4.596536e+04,4.367815e+04,-2.186289e+05,1.006684e+00,1.118630e+04
206,1.111729e+04,-5.913534,3.407758,-4.173404,1.683082e+05,-9.698998e+04,1.187814e+05,1.006755e+00,1.119239e+04
207,1.112197e+04,2.046017,-4.891914,-5.990241,-5.824501e+04,1.392606e+05,1.705272e+05,1.006368e+00,1.119278e+04
208,1.115496e+04,6.362149,-4.838131,0.339926,-1.813830e+05,1.379337e+05,-9.691189e+03,1.006455e+00,1.122697e+04
209,1.115721e+04,-4.775571,4.628750,-4.446190,1.361638e+05,-1.319776e+05,1.267723e+05,1.007073e+00,1.123613e+04
210,1.117470e+04,7.068539,3.704118,0.561486,-2.017002e+05,-1.056967e+05,-1.602197e+04,1.009363e+00,1.127932e+04
211,1.127452e+04,0.045545,0.603886,-7.977045,-1.305405e+03,-1.730864e+04,2.286387e+05,1.006607e+00,1.134901e+04
212,1.133864e+04,-3.043305,-6.595860,3.351557,8.747515e+04,1.895879e+05,-9.633538e+04,1.006868e+00,1.141651e+04
213,1.146475e+04,0.502892,-1.760744,7.787611,-1.453502e+04,5.089057e+04,-2.250843e+05,1.006751e+00,1.154214e+04
214,1.146516e+04,-7.958959,0.809253,0.008612,2.300409e+05,-2.339015e+04,-2.489222e+02,1.007144e+00,1.154706e+04
215,1.159546e+04,3.235410,-1.452446,7.170950,-9.404418e+04,4.221848e+04,-2.084392e+05,1.006600e+00,1.167198e+04
216,1.161908e+04,6.713295,3.708374,2.275879,-1.953351e+05,-1.079016e+05,-6.622068e+04,1.009162e+00,1.172552e+04
217,1.167371e+04,4.538790,-1.069774,6.500382,-1.323742e+05,3.120004e+04,-1.895842e+05,1.006620e+00,1.175099e+04
218,1.170138e+04,2.573490,7.336695,-1.884157,-7.514493e+04,-2.142287e+05,5.501667e+04,8.302746e-01,9.715356e+03
219,1.174442e+04,-6.288199,-3.754896,3.218589,1.839504e+05,1.098430e+05,-9.415424e+04,1.007905e+00,1.183725e+04
220,1.179360e+04,-2.914532,-2.121245,7.141836,8.543794e+04,6.218316e+04,-2.093591e+05,1.006189e+00,1.186659e+04
221,1.182400e+04,7.626264,-0.220451,2.406555,-2.238478e+05,6.470736e+03,-7.063772e+04,1.006849e+00,1.190498e+04
222,1.183825e+04,3.124006,-6.690369,3.078888,-9.175172e+04,1.964954e+05,-9.042661e+04,1.006518e+00,1.191540e+04
223,1.189088e+04,-7.109834,0.908231,-3.553221,2.092788e+05,-2.673387e+04,1.045895e+05,1.006544e+00,1.196870e+04
224,1.192574e+04,2.187449,-6.873847,3.459088,-6.448214e+04,2.026289e+05,-1.019678e+05,1.006542e+00,1.200377e+04
225,1.193143e+04,-1.777196,3.035171,7.185354,5.240108e+04,-8.949278e+04,-2.118620e+05,1.006432e+00,1.200817e+04
226,1.200543e+04,-3.334252,-5.791020,4.398506,9.861567e+04,1.712784e+05,-1.300926e+05,1.007094e+00,1.209060e+04
227,1.201838e+04,-1.576694,-1.179938,-7.753824,4.665831e+04,3.491730e+04,2.294550e+05,1.006439e+00,1.209576e+04
228,1.203517e+04,-5.870558,-0.611979,5.400188,1.738458e+05,1.812264e+04,-1.599167e+05,5.190968e-04,6.247419e+00
229,1.206476e+04,3.660068,-6.310564,-3.283395,-1.085194e+05,1.871054e+05,9.735117e+04,1.006360e+00,1.214149e+04
230,1.207310e+04,-3.632833,0.980451,7.059833,1.077491e+05,-2.907997e+04,-2.093932e+05,9.654032e-01,1.165541e+04
231,1.208515e+04,-2.420990,-4.151399,-6.395677,7.184189e+04,1.231911e+05,1.897891e+05,1.006432e+00,1.216288e+04
232,1.209364e+04,-1.626413,6.564361,4.273634,4.828007e+04,-1.948631e+05,-1.268628e+05,1.008074e+00,1.219128e+04
233,1.215605e+04,-1.025773,-5.226421,5.969281,3.052855e+04,1.555462e+05,-1.776548e+05,1.006833e+00,1.223912e+04
234,1.218725e+04,-1.287214,1.314030,7.785654,3.835855e+04,-3.915767e+04,-2.320100e+05,1.006542e+00,1.226698e+04
235,1.225458e+04,-7.102676,-3.136467,1.927320,2.122413e+05,9.372352e+04,-5.759195e+04,1.007629e+00,1.234806e+04
236,1.227333e+04,-1.926773,6.949773,3.462399,5.761963e+04,-2.078311e+05,-1.035421e+05,1.008529e+00,1.237801e+04
237,1.233611e+04,-6.724679,-4.233269,0.926353,2.016134e+05,1.269181e+05,-2.777310e+04,1.007113e+00,1.242386e+04
238,1.234777e+04,1.187257,-0.432062,7.899604,-3.561209e+04,1.295981e+04,-2.369508e+05,1.006688e+00,1.243035e+04
239,1.256253e+04,-2.727642,-1.877026,-7.282633,8.252483e+04,5.678943e+04,2.203362e+05,1.006409e+00,1.264304e+04
240,1.258358e+04,3.166322,2.442675,-6.928762,-9.587730e+04,-7.396502e+04,2.098053e+05,1.007071e+00,1.267256e+04
241,1.259018e+04,-0.258123,-0.398901,7.985878,7.818112e+03,1.208204e+04,-2.418786e+05,1.006744e+00,1.267509e+04
242,1.266586e+04,2.717930,7.501813,-0.579366,-8.256848e+04,-2.278989e+05,1.760068e+04,1.221587e-01,1.547245e+03
243,1.273474e+04,-0.739148,-3.847785,-6.974827,2.251569e+04,1.172100e+05,2.124649e+05,1.006380e+00,1.281598e+04
244,1.273570e+04,-3.865412,-6.081415,-3.474909,1.177513e+05,1.852570e+05,1.058555e+05,1.006458e+00,1.281795e+04
245,1.281249e+04,-6.637783,-1.478300,4.213605,2.028143e+05,4.516874e+04,-1.287447e+05,9.908606e-01,1.269539e+04
246,1.293347e+04,-5.714159,2.164523,5.163644,1.754157e+05,-6.644748e+04,-1.585158e+05,7.870929e-01,1.017984e+04
247,1.294463e+04,2.913773,2.642569,-6.966115,-8.948686e+04,-8.115771e+04,2.139411e+05,1.007082e+00,1.303630e+04
248,1.298047e+04,-3.956976,6.894140,-0.901761,1.216935e+05,-2.120235e+05,2.773289e+04,1.008310e+00,1.308833e+04
249,1.299121e+04,5.006809,-2.360250,5.775905,-1.540439e+05,7.261753e+04,-1.777066e+05,1.006484e+00,1.307545e+04
250,1.307569e+04,-4.599614,-3.199236,5.710380,1.419751e+05,9.875005e+04,-1.762609e+05,1.006674e+00,1.316295e+04
251,1.308935e+04,1.307779,3.718623,-6.961433,-4.038796e+04,-1.148418e+05,2.149891e+05,1.007273e+00,1.318454e+04
252,1.316201e+04,-4.907418,-4.800223,-4.107932,1.519753e+05,1.486556e+05,1.272164e+05,1.006491e+00,1.324745e+04
253,1.320300e+04,1.962169,-2.056008,7.478150,-6.085992e+04,6.377049e+04,-2.319472e+05,1.006557e+00,1.328957e+04
254,1.331723e+04,-3.547655,-7.079408,1.138476,1.105114e+05,2.205274e+05,-3.546415e+04,1.000587e+00,1.332505e+04
255,1.340889e+04,3.445595,0.708343,-7.185132,-1.077009e+05,-2.214108e+04,2.245897e+05,1.006655e+00,1.349812e+04
256,1.342885e+04,-0.791340,-1.271991,7.858487,2.475376e+04,3.978890e+04,-2.458199e+05,1.006758e+00,1.351961e+04
257,1.344883e+04,-0.775773,4.138291,6.802406,2.428486e+04,-1.295454e+05,-2.129430e+05,1.006792e+00,1.354017e+04
258,1.349328e+04,6.112235,-4.604543,-2.332116,-1.916538e+05,1.443790e+05,7.312529e+04,1.006358e+00,1.357908e+04
259,1.354083e+04,-2.832839,-7.279131,-1.728952,8.898223e+04,2.286446e+05,5.430806e+04,1.003368e+00,1.358644e+04
260,1.366325e+04,-4.368329,1.906569,6.425162,1.378323e+05,-6.015728e+04,-2.027308e+05,8.964828e-01,1.224887e+04
261,1.368250e+04,-0.780684,5.499524,5.757236,2.464998e+04,-1.736467e+05,-1.817839e+05,1.007238e+00,1.378154e+04
262,1.372869e+04,-0.956726,0.139527,-7.941361,3.025942e+04,-4.412965e+03,2.511702e+05,1.006459e+00,1.381737e+04
263,1.384507e+04,1.027145,4.945784,-6.203563,-3.262407e+04,-1.570875e+05,1.970369e+05,1.007841e+00,1.395363e+04
264,1.387591e+04,7.544232,-1.934260,-1.828443,-2.398857e+05,6.150411e+04,5.813943e+04,1.006506e+00,1.396619e+04
265,1.388304e+04,5.511253,5.798614,-0.046589,-1.752876e+05,-1.844273e+05,1.481796e+03,1.010922e+00,1.403467e+04
266,1.389324e+04,-2.906038,-0.092404,7.452946,9.246170e+04,2.940031e+03,-2.371311e+05,1.002428e+00,1.392697e+04
267,1.404953e+04,-3.657629,-6.546063,2.787617,1.170278e+05,2.094449e+05,-8.919131e+04,1.006726e+00,1.414402e+04
268,1.408104e+04,1.475687,-2.640992,7.405910,-4.726835e+04,8.459468e+04,-2.372217e+05,1.006543e+00,1.417317e+04
269,1.408286e+04,-2.187607,-2.935659,-7.113106,7.007667e+04,9.403939e+04,2.278575e+05,1.006368e+00,1.417254e+04
270,1.409096e+04,5.712046,4.463137,3.384218,-1.830293e+05,-1.430109e+05,-1.084395e+05,1.009423e+00,1.422374e+04
271,1.415777e+04,-1.488819,-7.598080,-2.013106,4.781873e+04,2.440394e+05,6.465807e+04,1.001766e+00,1.418277e+04
272,1.417838e+04,2.232571,3.382729,6.897302,-7.175915e+04,-1.087274e+05,-2.216926e+05,1.007151e+00,1.427977e+04
273,1.425649e+04,-1.324354,-2.458209,-7.496886,4.268440e+04,7.922895e+04,2.416273e+05,1.006360e+00,1.434717e+04
274,1.427239e+04,-3.534062,5.428438,-4.694941,1.139675e+05,-1.750580e+05,1.514039e+05,1.007245e+00,1.437579e+04
275,1.432012e+04,1.616431,-5.985075,5.056286,-5.221426e+04,1.933311e+05,-1.633291e+05,1.006497e+00,1.441316e+04
276,1.445933e+04,0.878699,1.597419,7.789489,-2.852155e+04,-5.185036e+04,-2.528377e+05,1.006695e+00,1.455614e+04
277,1.447149e+04,0.004247,-3.954922,6.954033,-1.378992e+02,1.284261e+05,-2.258146e+05,1.006637e+00,1.456755e+04
278,1.450625e+04,1.137209,-7.745235,1.648664,-3.697231e+04,2.518088e+05,-5.360045e+04,1.006369e+00,1.459863e+04
279,1.464750e+04,5.362727,-2.551490,5.360136,-1.751968e+05,8.335548e+04,-1.751121e+05,1.006432e+00,1.474171e+04
280,1.466918e+04,1.322715,-4.801797,6.260445,-4.324422e+04,1.569877e+05,-2.046760e+05,1.006506e+00,1.476462e+04
281,1.468681e+04,-1.303267,1.214213,-7.799178,4.263395e+04,-3.972074e+04,2.551357e+05,1.006503e+00,1.478232e+04
282,1.474330e+04,-5.352966,-4.813528,3.489371,1.754489e+05,1.577682e+05,-1.143677e+05,1.007272e+00,1.485052e+04
283,1.475263e+04,1.569279,4.621406,-6.338768,-5.145095e+04,-1.515191e+05,2.078252e+05,1.007636e+00,1.486528e+04
284,1.475345e+04,2.798230,0.322303,7.487725,-9.174640e+04,-1.056744e+04,-2.455022e+05,1.006610e+00,1.485097e+04
285,1.475905e+04,-4.207704,-6.160491,2.888526,1.379854e+05,2.020241e+05,-9.472491e+04,1.006819e+00,1.485969e+04
286,1.480718e+04,-1.039439,1.854915,-7.712254,3.414238e+04,-6.092825e+04,2.533239e+05,1.006571e+00,1.490448e+04
287,1.488455e+04,-3.166980,2.506309,-6.905697,1.042970e+05,-8.253938e+04,2.274229e+05,1.006562e+00,1.498223e+04
288,1.488596e+04,0.993763,1.053058,-7.867878,-3.272879e+04,-3.468161e+04,2.591223e+05,1.006552e+00,1.498349e+04
289,1.508457e+04,-4.664137,6.247907,-1.791503,1.546310e+05,-2.071380e+05,5.939400e+04,1.007412e+00,1.519637e+04
290,1.516256e+04,2.423298,-3.604547,-6.718249,-8.054744e+04,1.198107e+05,2.233064e+05,1.006302e+00,1.525812e+04
291,1.521828e+04,-6.539600,2.811649,3.650789,2.177673e+05,-9.362732e+04,-1.215705e+05,1.004109e+00,1.528082e+04
292,1.529958e+04,5.025398,-2.799089,-5.559719,-1.677911e+05,9.345771e+04,1.856313e+05,1.006335e+00,1.539650e+04
293,1.530591e+04,1.240743,-7.406160,-2.758506,-4.143528e+04,2.473326e+05,9.212175e+04,1.006273e+00,1.540192e+04
294,1.531900e+04,-1.217373,2.832326,7.382136,4.067219e+04,-9.462744e+04,-2.466357e+05,1.006530e+00,1.541903e+04
295,1.555790e+04,2.065105,2.292374,7.381082,-6.953063e+04,-7.718262e+04,-2.485159e+05,1.006786e+00,1.566348e+04
296,1.560064e+04,0.026162,-7.933407,1.029745,-8.820562e+02,2.674790e+05,-3.471841e+04,9.994848e-01,1.559261e+04
297,1.571806e+04,0.644201,6.669928,-4.370019,-2.180117e+04,-2.257248e+05,1.478909e+05,1.009635e+00,1.586951e+04
298,1.575584e+04,1.796339,-2.338910,7.436576,-6.086502e+04,7.924883e+04,-2.519721e+05,1.006484e+00,1.585799e+04
299,1.576082e+04,1.413916,-0.517158,7.857060,-4.791503e+04,1.752555e+04,-2.662613e+05,1.006551e+00,1.586407e+04
300,1.583871e+04,3.311977,4.064441,6.042444,-1.125138e+05,-1.380764e+05,-2.052727e+05,1.007620e+00,1.595940e+04
301,1.590889e+04,-1.091223,-0.784409,7.886313,3.715287e+04,2.670675e+04,-2.685052e+05,1.006651e+00,1.601470e+04
302,1.597842e+04,0.304804,-0.738417,7.960015,-1.040032e+04,2.519576e+04,-2.716061e+05,1.006595e+00,1.608380e+04
303,1.603610e+04,6.783840,-1.097755,-4.095662,-2.318909e+05,3.752438e+04,1.400014e+05,1.006484e+00,1.614008e+04
304,1.613596e+04,0.568382,7.663344,-2.224881,-1.948930e+04,-2.627692e+05,7.628917e+04,9.909096e-01,1.598928e+04
305,1.614550e+04,1.099213,7.815808,1.305710,-3.770218e+04,-2.680762e+05,-4.478485e+04,1.152094e-01,1.860113e+03
306,1.617315e+04,7.295080,-3.266004,-0.339163,-2.504298e+05,1.121173e+05,1.164300e+04,1.006377e+00,1.627629e+04
307,1.618747e+04,4.782930,-5.817906,-2.697324,-1.642639e+05,1.998089e+05,9.263632e+04,1.006296e+00,1.628940e+04
308,1.628078e+04,-5.116458,-5.052888,-3.505734,1.762243e+05,1.740348e+05,1.207467e+05,1.006430e+00,1.638547e+04
309,1.632353e+04,4.793751,0.790172,6.355752,-1.653260e+05,-2.725129e+04,-2.191960e+05,1.006666e+00,1.643234e+04
310,1.635351e+04,-2.750960,-1.095679,7.431804,9.496169e+04,3.782227e+04,-2.565420e+05,1.005666e+00,1.644617e+04
311,1.640586e+04,5.140953,6.035819,-1.067470,-1.777468e+05,-2.086865e+05,3.690742e+04,1.010287e+00,1.657462e+04
312,1.647362e+04,5.498422,-4.750148,3.347155,-1.904984e+05,1.645737e+05,-1.159655e+05,1.006352e+00,1.657826e+04
313,1.654360e+04,-0.657096,2.056968,-7.703058,2.281404e+04,-7.141694e+04,2.674465e+05,1.006557e+00,1.665207e+04
314,1.654991e+04,4.663046,-0.880451,-6.440560,-1.619296e+05,3.057467e+04,2.236558e+05,1.006421e+00,1.665618e+04
315,1.655265e+04,-6.223075,2.077465,-4.577934,2.161213e+05,-7.214833e+04,1.589871e+05,1.006431e+00,1.665911e+04
316,1.666561e+04,-7.468918,1.512057,2.434944,2.602717e+05,-5.269110e+04,-8.485125e+04,1.007144e+00,1.678467e+04
317,1.667045e+04,-7.818840,1.634129,-0.441998,2.725052e+05,-5.695326e+04,1.540469e+04,1.006691e+00,1.678199e+04
318,1.680166e+04,2.691216,-1.974276,7.270460,-9.416367e+04,6.907845e+04,-2.543881e+05,1.006434e+00,1.690977e+04
319,1.687749e+04,-2.864979,-7.122665,2.249342,1.004695e+05,2.497785e+05,-7.888021e+04,1.006291e+00,1.698366e+04
320,1.698893e+04,4.464043,0.888101,6.579027,-1.570616e+05,-3.124670e+04,-2.314746e+05,1.006644e+00,1.710180e+04
321,1.701702e+04,-1.194013,7.579172,2.265058,4.204452e+04,-2.668838e+05,-7.975900e+04,1.006588e+00,1.712913e+04
322,1.705799e+04,-1.266585,-7.201865,-3.244827,4.465365e+04,2.539029e+05,1.143969e+05,1.006226e+00,1.716420e+04
323,1.707421e+04,7.086876,0.012261,3.711608,-2.499677e+05,-4.324619e+02,-1.309155e+05,1.006624e+00,1.718731e+04
324,1.711006e+04,-6.726946,0.329631,4.317354,2.375212e+05,-1.163891e+04,-1.524411e+05,8.687232e-01,1.486391e+04
325,1.725839e+04,4.853115,5.718693,2.782773,-1.720994e+05,-2.027942e+05,-9.868171e+04,1.010799e+00,1.744476e+04
326,1.736361e+04,5.043380,1.856454,-5.926035,-1.793909e+05,-6.603327e+04,2.107866e+05,1.006810e+00,1.748186e+04
327,1.739915e+04,0.022167,-0.005407,-7.999967,-7.892761e+02,1.925299e+02,2.848465e+05,1.006388e+00,1.751029e+04
328,1.743889e+04,-2.746797,3.791520,6.486870,9.791396e+04,-1.351548e+05,-2.312348e+05,1.006091e+00,1.754512e+04
329,1.744576e+04,-4.564717,-1.258775,6.448166,1.627487e+05,4.487988e+04,-2.299005e+05,9.701769e-01,1.692547e+04
330,1.746176e+04,-7.515586,-0.651349,-2.663027,2.680807e+05,2.323360e+04,9.499009e+04,1.006432e+00,1.757408e+04
331,1.757501e+04,1.066240,-3.393630,7.165641,-3.815586e+04,1.214426e+05,-2.564256e+05,1.006467e+00,1.768867e+04
332,1.760102e+04,-7.711394,-1.161066,-1.785028,2.761599e+05,4.158002e+04,6.392530e+04,1.006502e+00,1.771547e+04
333,1.771290e+04,-1.624747,-3.381320,-7.065895,5.836996e+04,1.214758e+05,2.538462e+05,1.006307e+00,1.782461e+04
334,1.782052e+04,-2.840976,5.011981,-5.550577,1.023732e+05,-1.806044e+05,2.000124e+05,1.006953e+00,1.794443e+04
335,1.796920e+04,-6.454193,4.518919,-1.386640,2.335420e+05,-1.635150e+05,5.017495e+04,1.006655e+00,1.808879e+04
336,1.800535e+04,-5.636116,-4.937610,-2.802536,2.041453e+05,1.788448e+05,1.015104e+05,1.006424e+00,1.812103e+04
337,1.802745e+04,6.834414,1.739375,3.776952,-2.477006e+05,-6.304041e+04,-1.368886e+05,1.006952e+00,1.815277e+04
338,1.808872e+04,3.684478,6.843295,1.895769,-1.337638e+05,-2.484436e+05,-6.882528e+04,9.252497e-01,1.673658e+04
339,1.815595e+04,-0.897708,-7.242447,3.277360,3.265152e+04,2.634229e+05,-1.192044e+05,1.006415e+00,1.827242e+04
340,1.817360e+04,6.619548,4.005479,2.034139,-2.408838e+05,-1.457584e+05,-7.402182e+04,1.008411e+00,1.832646e+04
341,1.822021e+04,-3.570307,6.978655,-1.597275,1.300891e+05,-2.542770e+05,5.819894e+04,1.007923e+00,1.836457e+04
342,1.825569e+04,-1.474952,-0.299270,7.857159,5.379423e+04,1.091491e+04,-2.865651e+05,1.006528e+00,1.837485e+04
343,1.834304e+04,6.085490,5.042877,-1.239435,-2.224795e+05,-1.843625e+05,4.531251e+04,1.009776e+00,1.852236e+04
344,1.844600e+04,1.033745,1.063223,7.861357,-3.789860e+04,-3.897931e+04,-2.882089e+05,1.006545e+00,1.856674e+04
345,1.848379e+04,2.993234,-1.695441,-7.222605,-1.098487e+05,6.222100e+04,2.650624e+05,1.006318e+00,1.860057e+04
346,1.849992e+04,-3.537191,-1.132185,-7.085650,1.298680e+05,4.156816e+04,2.601497e+05,1.006313e+00,1.861670e+04
347,1.853642e+04,-0.344930,-0.577808,-7.971647,1.267658e+04,2.123516e+04,2.929677e+05,1.006340e+00,1.865395e+04
348,1.863469e+04,3.352841,5.235600,5.034575,-1.235471e+05,-1.929240e+05,-1.855165e+05,1.008605e+00,1.879503e+04
349,1.869255e+04,-1.282095,-0.906574,7.844384,4.731656e+04,3.345773e+04,-2.895021e+05,1.006593e+00,1.881579e+04
350,1.870229e+04,5.888928,-1.938245,5.056059,-2.173914e+05,7.155085e+04,-1.866458e+05,1.006384e+00,1.882168e+04
351,1.871582e+04,-4.239772,1.968325,6.492305,1.565690e+05,-7.268754e+04,-2.397519e+05,9.662564e-01,1.808428e+04
352,1.876837e+04,0.395629,-6.839209,-4.131429,-1.463054e+04,2.529169e+05,1.527820e+05,1.006258e+00,1.888582e+04
353,1.886544e+04,-1.642265,-3.690557,6.905270,6.088850e+04,1.368309e+05,-2.560193e+05,1.006708e+00,1.899199e+04
354,1.886954e+04,0.084365,-0.045736,7.999424,-3.128263e+03,1.695905e+03,-2.966184e+05,1.006533e+00,1.899282e+04
355,1.891251e+04,3.013632,6.215899,-4.034925,-1.118725e+05,-2.307476e+05,1.497851e+05,1.009826e+00,1.909835e+04
356,1.893592e+04,-7.909007,-0.872267,0.828711,2.937811e+05,3.240048e+04,-3.078257e+04,1.006939e+00,1.906732e+04
357,1.894214e+04,6.556064,4.374293,1.372438,-2.435658e+05,-1.625104e+05,-5.098777e+04,1.008818e+00,1.910916e+04
358,1.895740e+04,-1.668497,-2.359703,-7.459754,6.201167e+04,8.770117e+04,2.772507e+05,1.006295e+00,1.907674e+04
359,1.899994e+04,0.115309,0.387014,7.989801,-4.290412e+03,-1.439996e+04,-2.972835e+05,1.006530e+00,1.912400e+04
360,1.902159e+04,6.079507,4.970696,-1.527014,-2.263343e+05,-1.850543e+05,5.684930e+04,1.009465e+00,1.920162e+04
361,1.921425e+04,0.021339,0.753571,7.964400,-7.984470e+02,-2.819646e+04,-2.980049e+05,1.006527e+00,1.933965e+04
362,1.935136e+04,5.978695,-5.181353,-1.186925,-2.245023e+05,1.945618e+05,4.456948e+04,1.006282e+00,1.947292e+04
363,1.939754e+04,-1.577448,0.128657,-7.841881,5.930442e+04,-4.836895e+03,2.948169e+05,1.006343e+00,1.952059e+04
364,1.940598e+04,-5.335053,-1.693029,-5.715843,2.006158e+05,6.366354e+04,2.149348e+05,1.006308e+00,1.952839e+04
365,1.953906e+04,3.484112,6.576213,2.935027,-1.314627e+05,-2.481341e+05,-1.107446e+05,1.002655e+00,1.959093e+04
366,1.963026e+04,6.353854,-1.335074,4.673983,-2.403029e+05,5.049252e+04,-1.767701e+05,1.006408e+00,1.975606e+04
367,1.964090e+04,4.373811,-3.597411,5.650523,-1.654624e+05,1.360910e+05,-2.137608e+05,1.006325e+00,1.976513e+04
368,1.980226e+04,3.384659,-5.366378,-4.872995,-1.285674e+05,2.038437e+05,1.851024e+05,1.006239e+00,1.992581e+04
369,1.982621e+04,-2.238006,-0.373230,7.671508,8.506281e+04,1.418585e+04,-2.915811e+05,1.006201e+00,1.994916e+04
370,1.982772e+04,1.320625,-6.452490,4.541071,-5.019662e+04,2.452575e+05,-1.726050e+05,1.006389e+00,1.995441e+04
371,1.988439e+04,0.298871,-7.174170,-3.527317,-1.137622e+04,2.730779e+05,1.342639e+05,1.006230e+00,2.000827e+04
372,1.989107e+04,4.483746,6.529669,1.122253,-1.706981e+05,-2.485873e+05,-4.272464e+04,9.926817e-01,1.974550e+04
373,1.993422e+04,4.013511,6.542799,2.254664,-1.529617e+05,-2.493572e+05,-8.592906e+04,9.984260e-01,1.990284e+04
374,2.001789e+04,0.181781,0.317699,-7.991622,-6.942500e+03,-1.213345e+04,3.052128e+05,1.006367e+00,2.014535e+04
375,2.007756e+04,-3.597612,6.209913,3.534710,1.376032e+05,-2.375197e+05,-1.351973e+05,1.006812e+00,2.021432e+04
376,2.009515e+04,-3.163782,6.494164,-3.437488,1.210628e+05,-2.485006e+05,1.315363e+05,1.007480e+00,2.024545e+04
377,2.016068e+04,1.891721,0.456461,7.759706,-7.250508e+04,-1.749504e+04,-2.974106e+05,1.006479e+00,2.029129e+04
378,2.019321e+04,-5.696085,0.318069,5.608337,2.184932e+05,-1.220064e+04,-2.151273e+05,8.378878e-01,1.691965e+04
379,2.019867e+04,-0.022720,-0.035121,7.999891,8.716238e+02,1.347379e+03,-3.069051e+05,1.006510e+00,2.033016e+04
380,2.024670e+04,0.897960,0.659934,-7.922004,-3.448998e+04,-2.534757e+04,3.042783e+05,1.006398e+00,2.037624e+04
381,2.025344e+04,1.450416,2.466874,7.470664,-5.571865e+04,-9.476655e+04,-2.869904e+05,1.006611e+00,2.038734e+04
382,2.026807e+04,4.954043,-1.240315,6.157847,-1.903815e+05,4.766472e+04,-2.366431e+05,1.006386e+00,2.039751e+04
383,2.028070e+04,-0.158556,5.529019,5.779689,6.095110e+03,-2.125437e+05,-2.221799e+05,1.007103e+00,2.042476e+04
384,2.030495e+04,-3.424337,-1.094310,-7.146775,1.317153e+05,4.209204e+04,2.748968e+05,1.006293e+00,2.043273e+04
385,2.031990e+04,-2.267266,-0.858526,-7.623807,8.724127e+04,3.303490e+04,2.933536e+05,1.006300e+00,2.044791e+04
386,2.038896e+04,0.002617,-0.042895,-7.999885,-1.008642e+02,1.653349e+03,3.083472e+05,1.006342e+00,2.051827e+04
387,2.048207e+04,-4.056894,4.054849,-5.576720,1.567254e+05,-1.566463e+05,2.154390e+05,1.006574e+00,2.061671e+04
388,2.058272e+04,0.738825,-7.182802,-3.444051,-2.861224e+04,2.781660e+05,1.333766e+05,1.006229e+00,2.071092e+04
389,2.059239e+04,2.663047,1.998638,-7.274175,-1.031551e+05,-7.741878e+04,2.817707e+05,1.006587e+00,2.072804e+04
390,2.059864e+04,5.752272,-2.663892,4.880066,-2.228524e+05,1.032035e+05,-1.890617e+05,1.006329e+00,2.072901e+04
391,2.059943e+04,4.009472,-0.624718,-6.894481,-1.553365e+05,2.420307e+04,2.671086e+05,1.006361e+00,2.073046e+04
392,2.064010e+04,1.992466,4.997675,-5.920585,-7.726905e+04,-1.938128e+05,2.296039e+05,1.007504e+00,2.079498e+04
393,2.065033e+04,7.243095,1.492324,3.051318,-2.809612e+05,-5.788759e+04,-1.183613e+05,1.006807e+00,2.079089e+04
394,2.065640e+04,2.668590,7.150045,-2.399060,-1.035304e+05,-2.773925e+05,9.307374e+04,9.974980e-01,2.060472e+04
395,2.069252e+04,-4.910333,-1.577694,-6.115514,1.906674e+05,6.126157e+04,2.374643e+05,1.006290e+00,2.082269e+04
396,2.070344e+04,-0.739484,-2.764313,-7.470725,2.872162e+04,1.073661e+05,2.901635e+05,1.006271e+00,2.083327e+04
397,2.079437e+04,7.995497,-0.268310,0.005701,-3.112268e+05,1.044402e+04,-2.219280e+02,1.006524e+00,2.093004e+04
398,2.079769e+04,-0.065108,-6.620456,-4.490582,2.534556e+03,2.577236e+05,1.748111e+05,1.006250e+00,2.092768e+04
399,2.087409e+04,2.949242,5.464031,5.044437,-1.150199e+05,-2.130962e+05,-1.967321e+05,1.008469e+00,2.105088e+04
400,2.090640e+04,6.441213,-4.039467,2.488672,-2.514004e+05,1.576603e+05,-9.713282e+04,1.006298e+00,2.103807e+04
401,2.093267e+04,6.469606,-4.547304,-1.210877,-2.526672e+05,1.775927e+05,4.729017e+04,1.006273e+00,2.106399e+04
402,2.095020e+04,-0.445717,5.381154,5.902925,1.741453e+04,-2.102462e+05,-2.306323e+05,1.006915e+00,2.109508e+04
403,2.106667e+04,-4.053682,6.795263,1.179856,1.588204e+05,-2.662336e+05,-4.622594e+04,1.007329e+00,2.122107e+04
404,2.112038e+04,-2.141480,-3.732819,-6.743895,8.400858e+04,1.464355e+05,2.645577e+05,1.006278e+00,2.125298e+04
405,2.112930e+04,-5.526311,-1.485594,-5.590429,2.168386e+05,5.829100e+04,2.193544e+05,1.006291e+00,2.126222e+04
406,2.114710e+04,0.418419,-7.647722,2.310254,-1.642463e+04,3.002038e+05,-9.068674e+04,1.006299e+00,2.128031e+04
407,2.125398e+04,-2.066407,-6.684017,-3.879932,8.131950e+04,2.630367e+05,1.526873e+05,1.006250e+00,2.138682e+04
408,2.127730e+04,-1.071946,6.404593,4.672486,4.220753e+04,-2.521788e+05,-1.839776e+05,1.007414e+00,2.143505e+04
409,2.136917e+04,2.318007,-0.684647,-7.626146,-9.146760e+04,2.701588e+04,3.009245e+05,1.006325e+00,2.150433e+04
410,2.137877e+04,7.581652,-1.237950,2.232943,-2.992360e+05,4.885998e+04,-8.813080e+04,1.006412e+00,2.151584e+04
411,2.144336e+04,2.165811,-7.277269,-2.520045,-8.561024e+04,2.876561e+05,9.961239e+04,1.006239e+00,2.157714e+04
412,2.153778e+04,1.402549,1.159208,7.790320,-5.556191e+04,-4.592197e+04,-3.086132e+05,1.006487e+00,2.167749e+04
413,2.159133e+04,-5.601067,5.040199,2.687832,2.221617e+05,-1.999153e+05,-1.066106e+05,1.006465e+00,2.173091e+04
414,2.168644e+04,-6.044218,-2.354009,-4.682528,2.402663e+05,9.357525e+04,1.861372e+05,1.006304e+00,2.182314e+04
415,2.169241e+04,7.486126,0.524995,2.771695,-2.976252e+05,-2.087217e+04,-1.101940e+05,1.006595e+00,2.183547e+04
416,2.170020e+04,-5.475368,-2.397646,5.317109,2.177228e+05,9.534008e+04,-2.114297e+05,1.004039e+00,2.178785e+04
417,2.178107e+04,2.389143,3.850793,-6.592677,-9.517883e+04,-1.534082e+05,2.626395e+05,1.006952e+00,2.193249e+04
418,2.185894e+04,2.561788,6.674228,-3.590532,-1.022390e+05,-2.663632e+05,1.432953e+05,1.009960e+00,2.207666e+04
419,2.190708e+04,6.663701,3.282952,2.969397,-2.662358e+05,-1.311642e+05,-1.186367e+05,1.007425e+00,2.206974e+04
420,2.193727e+04,-5.021819,0.212960,6.223823,2.007756e+05,-8.514285e+03,-2.488326e+05,0.000000e+00,0.000000e+00
421,2.199220e+04,-1.604886,2.120080,-7.545171,6.424469e+04,-8.486826e+04,3.020383e+05,1.006420e+00,2.213340e+04
422,2.207748e+04,-0.415586,0.167114,-7.987450,1.666842e+04,-6.702634e+03,3.203624e+05,1.006327e+00,2.221716e+04
423,2.209935e+04,-3.084133,-1.611634,7.203524,1.237603e+05,6.467179e+04,-2.890636e+05,1.006039e+00,2.223280e+04
424,2.210106e+04,-2.052684,0.002126,7.732172,8.237345e+04,-8.531258e+01,-3.102893e+05,1.006283e+00,2.223992e+04
425,2.210366e+04,3.439249,6.537975,3.070253,-1.380239e+05,-2.623820e+05,-1.232154e+05,1.006070e+00,2.223783e+04
426,2.215905e+04,2.847409,4.793011,5.737535,-1.144153e+05,-1.925940e+05,-2.305471e+05,1.007545e+00,2.232624e+04
427,2.232584e+04,1.449958,-5.481566,5.643585,-5.848143e+04,2.210890e+05,-2.276238e+05,1.006355e+00,2.246772e+04
428,2.241719e+04,-7.602561,-2.460387,-0.384143,3.072622e+05,9.943806e+04,1.552538e+04,1.006548e+00,2.256398e+04
429,2.242945e+04,-4.597382,6.173985,2.178528,1.858569e+05,-2.495937e+05,-8.807062e+04,1.006779e+00,2.258151e+04
430,2.243175e+04,6.743615,-3.948945,-1.711576,-2.726359e+05,1.596509e+05,6.919687e+04,1.006268e+00,2.257234e+04
431,2.246044e+04,-3.707747,2.675269,-6.564720,1.499954e+05,-1.082269e+05,2.655731e+05,1.006403e+00,2.260426e+04
432,2.248052e+04,3.061947,0.856444,7.341048,-1.239252e+05,-3.466256e+04,-2.971118e+05,1.006470e+00,2.262596e+04
433,2.248582e+04,4.757272,-0.931683,6.363987,-1.925622e+05,3.771213e+04,-2.575979e+05,1.006371e+00,2.262907e+04
434,2.253292e+04,3.185197,-5.735393,4.578187,-1.290636e+05,2.323970e+05,-1.855073e+05,1.006309e+00,2.267508e+04
435,2.271254e+04,6.891313,-0.654829,4.010112,-2.803455e+05,2.663911e+04,-1.631353e+05,1.006421e+00,2.285837e+04
436,2.271440e+04,5.850032,3.331672,-4.321700,-2.379949e+05,-1.355413e+05,1.758183e+05,1.007164e+00,2.287714e+04
437,2.273035e+04,1.119466,3.778066,6.962256,-4.555883e+04,-1.537557e+05,-2.833425e+05,1.006707e+00,2.288281e+04
438,2.274360e+04,1.016135,2.965754,-7.360148,-4.136562e+04,-1.207323e+05,2.996228e+05,1.006606e+00,2.289383e+04
439,2.286959e+04,4.717286,3.024770,5.709464,-1.925662e+05,-1.234753e+05,-2.330683e+05,1.006951e+00,2.302855e+04
440,2.296249e+04,-3.204926,-0.345061,-7.321843,1.310950e+05,1.411444e+04,2.994943e+05,1.006280e+00,2.310670e+04
441,2.296424e+04,-0.273761,-0.190360,-7.993048,1.119841e+04,7.786843e+03,3.269619e+05,1.006305e+00,2.310903e+04
442,2.299430e+04,2.944149,-5.981320,-4.422193,-1.205115e+05,2.448307e+05,1.810116e+05,1.006222e+00,2.313738e+04
443,2.304277e+04,-5.259375,-5.461369,2.551946,2.155064e+05,2.237832e+05,-1.045677e+05,1.006667e+00,2.319639e+04
444,2.319556e+04,-6.994585,3.842372,0.558530,2.875564e+05,-1.579649e+05,-2.296188e+04,1.006538e+00,2.334721e+04
445,2.320433e+04,2.488612,-5.890209,4.807520,-1.023294e+05,2.421999e+05,-1.976807e+05,1.006317e+00,2.335091e+04
446,2.324391e+04,-7.701798,1.253593,1.763748,3.169607e+05,-5.159051e+04,-7.258549e+04,1.006904e+00,2.340439e+04
447,2.327487e+04,-6.854911,1.576051,-3.811333,2.822956e+05,-6.490419e+04,1.569565e+05,1.006327e+00,2.342213e+04
448,2.331615e+04,-6.392909,-2.638911,-4.020804,2.635030e+05,1.087707e+05,1.657296e+05,1.006305e+00,2.346315e+04
449,2.331706e+04,-3.542657,-5.038346,5.105355,1.460241e+05,2.076747e+05,-2.104367e+05,1.006738e+00,2.347417e+04
450,2.342269e+04,1.478442,0.048150,7.862054,-6.107750e+04,-1.989193e+03,-3.247978e+05,1.006416e+00,2.357296e+04
451,2.358970e+04,1.260062,5.581070,5.591413,-5.224102e+04,-2.313861e+05,-2.318150e+05,1.007515e+00,2.376698e+04
452,2.364456e+04,-0.592366,-7.949602,0.673004,2.458749e+04,3.299663e+05,-2.793457e+04,9.962830e-01,2.355667e+04
453,2.364987e+04,5.018928,-2.634764,5.645208,-2.083455e+05,1.093742e+05,-2.343436e+05,1.006297e+00,2.379879e+04
454,2.366896e+04,-3.216586,-7.295545,0.654676,1.335806e+05,3.029744e+05,-2.718785e+04,9.977636e-01,2.361603e+04
455,2.373416e+04,-3.959029,-0.159040,-6.949877,1.646396e+05,6.613826e+03,2.890166e+05,1.006274e+00,2.388306e+04
456,2.379038e+04,3.551532,-0.606017,7.142784,-1.478683e+05,2.523157e+04,-2.973903e+05,1.006366e+00,2.394184e+04
457,2.385304e+04,-4.201162,3.196301,-6.011148,1.751459e+05,-1.332534e+05,2.506040e+05,1.006414e+00,2.400603e+04
458,2.389305e+04,-6.981847,2.053250,-3.322345,2.913163e+05,-8.567149e+04,1.386243e+05,1.006343e+00,2.404460e+04
459,2.399640e+04,-0.303207,-6.028625,5.250118,1.267859e+04,2.520868e+05,-2.195335e+05,1.006403e+00,2.415004e+04
460,2.401338e+04,2.095549,4.483075,-6.285755,-8.765629e+04,-1.875259e+05,2.629316e+05,1.007069e+00,2.418312e+04
461,2.404069e+04,3.387074,1.786693,-7.023920,-1.417610e+05,-7.477942e+04,2.939759e+05,1.006518e+00,2.419739e+04
462,2.418686e+04,1.271136,-0.459347,-7.884999,-5.336301e+04,1.928366e+04,3.310168e+05,1.006298e+00,2.433918e+04
463,2.423384e+04,-2.938783,2.859396,-6.869309,1.234916e+05,-1.201556e+05,2.886575e+05,1.006413e+00,2.438926e+04
464,2.438586e+04,0.452245,3.343246,-7.253839,-1.906344e+04,-1.409276e+05,3.057706e+05,1.006602e+00,2.454686e+04
465,2.441005e+04,3.070899,-0.899480,-7.332156,-1.295115e+05,3.793449e+04,3.092251e+05,1.006293e+00,2.456366e+04
466,2.441904e+04,0.005054,-7.732527,2.051343,-2.131820e+02,3.261703e+05,-8.652890e+04,1.006248e+00,2.457161e+04
467,2.448060e+04,-5.971658,4.129634,3.359379,2.522113e+05,-1.744139e+05,-1.418825e+05,1.006239e+00,2.463333e+04
468,2.462221e+04,1.201914,4.035192,-6.802399,-5.090912e+04,-1.709175e+05,2.881272e+05,1.006797e+00,2.478956e+04
469,2.463486e+04,7.551159,-1.646253,2.066362,-3.199244e+05,6.974775e+04,-8.754678e+04,1.006344e+00,2.479115e+04
470,2.463941e+04,-1.208981,-7.621836,2.108550,5.122634e+04,3.229486e+05,-8.934243e+04,1.001248e+00,2.467017e+04
471,2.466071e+04,-0.251538,-0.190993,-7.993763,1.066264e+04,8.096174e+03,3.388541e+05,1.006290e+00,2.481583e+04
472,2.466345e+04,3.180172,0.083985,7.340262,-1.348144e+05,-3.560312e+03,-3.111696e+05,1.006389e+00,2.482104e+04
473,2.478934e+04,-2.373461,-4.870555,5.885947,1.008726e+05,2.069997e+05,-2.501540e+05,1.006598e+00,2.495289e+04
474,2.480022e+04,-1.493080,-3.211825,7.173207,6.347013e+04,1.365332e+05,-3.049297e+05,1.006563e+00,2.496297e+04
475,2.481916e+04,-1.493646,-1.067797,7.786452,6.351845e+04,4.540888e+04,-3.311249e+05,1.006506e+00,2.498064e+04
476,2.496006e+04,1.735135,5.699218,-5.339309,-7.399711e+04,-2.430507e+05,2.277019e+05,1.007733e+00,2.515307e+04
477,2.500921e+04,5.623981,-1.511433,-5.485108,-2.400781e+05,6.452047e+04,2.341498e+05,1.006292e+00,2.516657e+04
478,2.505489e+04,0.834142,3.781614,-7.000258,-3.564060e+04,-1.615780e+05,2.991018e+05,1.006695e+00,2.522264e+04
479,2.523507e+04,1.177640,5.896073,5.277261,-5.049792e+04,-2.528272e+05,-2.262921e+05,1.007705e+00,2.542951e+04
480,2.526218e+04,3.806785,-6.359596,-3.010636,-1.633249e+05,2.728498e+05,1.291672e+05,1.006219e+00,2.541929e+04
481,2.531298e+04,-5.866284,1.595628,-5.200066,2.519378e+05,-6.852702e+04,2.233259e+05,1.006295e+00,2.547232e+04
482,2.541350e+04,-2.156579,1.315295,7.590729,9.280180e+04,-5.659970e+04,-3.266438e+05,1.006141e+00,2.556956e+04
483,2.546446e+04,-5.078069,2.168276,5.788938,2.187381e+05,-9.339860e+04,-2.493588e+05,9.285198e-01,2.364425e+04
484,2.551083e+04,-5.355402,-5.836880,-1.118258,2.308942e+05,2.516528e+05,4.821287e+04,1.006346e+00,2.567272e+04
485,2.558254e+04,1.062762,0.575084,7.908212,-4.588457e+04,-2.482914e+04,-3.414356e+05,1.006408e+00,2.574648e+04
486,2.573113e+04,-6.870494,1.295853,3.888070,2.974925e+05,-5.611046e+04,-1.683535e+05,9.973769e-01,2.566364e+04
487,2.587144e+04,3.727133,-4.880647,5.127160,-1.618243e+05,2.119075e+05,-2.226106e+05,1.006269e+00,2.603362e+04
488,2.587487e+04,-0.915827,-3.033262,-7.345787,3.976594e+04,1.317066e+05,3.189599e+05,1.006234e+00,2.603617e+04
489,2.594579e+04,3.300232,7.246107,-0.776149,-1.434949e+05,-3.150626e+05,3.374714e+04,6.350849e-01,1.647778e+04
490,2.596626e+04,-0.833462,-5.325349,5.911515,3.625342e+04,2.316389e+05,-2.571356e+05,1.006427e+00,2.613314e+04
491,2.603841e+04,0.325948,4.225136,-6.785424,-1.419757e+04,-1.840376e+05,2.955581e+05,1.006736e+00,2.621380e+04
492,2.609391e+04,0.654058,-0.715285,7.941069,-2.851969e+04,3.118944e+04,-3.462639e+05,1.006394e+00,2.626076e+04
493,2.612141e+04,-7.165601,0.554334,3.513812,3.126149e+05,-2.418402e+04,-1.532976e+05,1.003738e+00,2.621904e+04
494,2.613961e+04,3.368958,5.700118,4.489853,-1.470293e+05,-2.487666e+05,-1.959478e+05,1.008691e+00,2.636680e+04
495,2.627874e+04,1.354176,1.873034,-7.658848,-5.925653e+04,-8.196088e+04,3.351386e+05,1.006423e+00,2.644753e+04
496,2.632855e+04,-3.426804,-2.226855,-6.877364,1.500933e+05,9.753582e+04,3.012272e+05,1.006243e+00,2.649291e+04
497,2.638256e+04,1.860424,7.508202,-2.041011,-8.156972e+04,-3.291949e+05,8.948752e+04,9.840932e-01,2.596289e+04
498,2.645826e+04,3.697341,5.444776,4.547976,-1.623412e+05,-2.390668e+05,-1.996905e+05,1.008428e+00,2.668124e+04
499,2.645861e+04,-0.594838,0.644638,7.951768,2.611807e+04,-2.830466e+04,-3.491450e+05,1.006420e+00,2.662847e+04
500,2.652595e+04,4.842090,2.103575,-6.010752,-2.128761e+05,-9.248092e+04,2.642548e+05,1.006592e+00,2.670079e+04
501,2.667774e+04,-0.267932,0.776652,-7.957702,1.181294e+04,-3.424204e+04,3.508495e+05,1.006312e+00,2.684613e+04
502,2.675477e+04,-1.201254,-3.532104,7.076809,5.303886e+04,1.559526e+05,-3.124617e+05,1.006495e+00,2.692855e+04
503,2.681543e+04,-6.077909,-2.651056,-4.475591,2.686614e+05,1.171845e+05,1.978342e+05,1.006268e+00,2.698350e+04
504,2.693198e+04,-3.764076,0.995730,6.988580,1.667444e+05,-4.410975e+04,-3.095863e+05,9.934109e-01,2.675452e+04
505,2.702684e+04,4.575822,0.359012,-6.552325,-2.030605e+05,-1.593180e+04,2.907714e+05,1.006368e+00,2.719895e+04
506,2.722908e+04,-7.164634,-3.020008,-1.883499,3.191312e+05,1.345189e+05,8.389589e+04,1.006349e+00,2.740195e+04
507,2.739593e+04,-1.079136,-7.922214,-0.272022,4.821451e+04,3.539551e+05,1.215364e+04,1.070881e+00,2.933778e+04
508,2.741393e+04,-7.618552,1.217699,-2.115388,3.404998e+05,-5.442322e+04,9.454410e+04,1.006337e+00,2.758766e+04
509,2.742170e+04,-1.079060,-6.989541,3.739245,4.823378e+04,3.124313e+05,-1.671436e+05,1.006337e+00,2.759548e+04
510,2.752505e+04,5.402764,1.135048,-5.789802,-2.419573e+05,-5.083200e+04,2.592904e+05,1.006463e+00,2.770295e+04
511,2.756993e+04,-3.289734,2.112668,6.979562,1.474475e+05,-9.469080e+04,-3.128273e+05,1.004456e+00,2.769279e+04
512,2.766463e+04,4.012554,0.888171,6.863714,-1.801532e+05,-3.987657e+04,-3.081628e+05,1.006418e+00,2.784217e+04
513,2.774101e+04,4.049542,-1.399825,-6.755864,-1.820647e+05,6.293519e+04,3.037391e+05,1.006257e+00,2.791460e+04
514,2.779730e+04,-1.966457,3.440604,-6.949481,8.850023e+04,-1.548441e+05,3.127609e+05,1.006452e+00,2.797664e+04
515,2.787679e+04,-1.376563,0.531166,7.862756,6.204062e+04,-2.393926e+04,-3.543683e+05,1.006388e+00,2.805486e+04
516,2.788997e+04,-3.008924,-3.843364,6.338370,1.356419e+05,1.732583e+05,-2.857329e+05,1.006675e+00,2.807613e+04
517,2.790827e+04,-2.740740,-6.778882,3.245783,1.235927e+05,3.056914e+05,-1.463675e+05,1.006377e+00,2.808625e+04
518,2.804882e+04,3.156946,3.106695,-6.661992,-1.427194e+05,-1.404477e+05,3.011758e+05,1.006647e+00,2.823526e+04
519,2.817725e+04,-5.760443,-1.500480,-5.344704,2.610141e+05,6.798894e+04,2.421763e+05,1.006242e+00,2.835314e+04
520,2.820146e+04,-6.062070,-1.956317,-4.839848,2.747992e+05,8.868164e+04,2.193947e+05,1.006249e+00,2.837770e+04
521,2.829931e+04,-1.160492,-6.286763,-4.809353,5.269734e+04,2.854787e+05,2.183902e+05,1.006221e+00,2.847535e+04
522,2.838310e+04,-3.233032,2.953004,6.695317,1.470275e+05,-1.342928e+05,-3.044807e+05,1.005590e+00,2.854176e+04
523,2.846126e+04,-2.158276,6.097987,-4.707059,9.828623e+04,-2.776977e+05,2.143559e+05,1.007042e+00,2.866170e+04
524,2.863118e+04,-4.262434,0.261178,6.764868,1.946866e+05,-1.192932e+04,-3.089852e+05,9.459303e-01,2.708310e+04
525,2.871836e+04,0.799308,7.929568,-0.695027,-3.656392e+04,-3.627338e+05,3.179365e+04,5.316159e-01,1.526714e+04
526,2.875407e+04,-3.618977,5.787948,-4.171650,1.656511e+05,-2.649311e+05,1.909485e+05,1.006761e+00,2.894847e+04
527,2.881334e+04,-3.502600,-2.436664,-6.767161,1.604893e+05,1.116480e+05,3.100716e+05,1.006230e+00,2.899285e+04
528,2.903428e+04,3.198605,1.081088,7.252598,-1.471210e+05,-4.972508e+04,-3.335860e+05,1.006400e+00,2.922011e+04
529,2.903741e+04,0.345414,-0.439227,7.980462,-1.588833e+04,2.020350e+04,-3.670842e+05,1.006377e+00,2.922258e+04
530,2.912076e+04,-0.392521,2.420784,7.614836,1.808104e+04,-1.115106e+05,-3.507685e+05,1.006385e+00,2.930669e+04
531,2.912651e+04,0.954808,-4.658504,-6.433248,-4.398646e+04,2.146097e+05,2.963693e+05,1.006202e+00,2.930715e+04
532,2.924834e+04,7.330218,0.796575,-3.103767,-3.383968e+05,-3.677360e+04,1.432842e+05,1.006480e+00,2.943788e+04
533,2.929446e+04,-2.567944,6.256452,4.273461,1.186416e+05,-2.890544e+05,-1.974382e+05,1.006682e+00,2.949021e+04
534,2.929592e+04,2.311909,-5.408781,-5.422191,-1.068152e+05,2.498974e+05,2.505169e+05,1.006192e+00,2.947733e+04
535,2.932819e+04,4.595877,4.878900,4.367408,-2.124564e+05,-2.255398e+05,-2.018948e+05,1.007860e+00,2.955872e+04
536,2.935625e+04,2.266358,1.737477,-7.472937,-1.048184e+05,-8.035781e+04,3.456212e+05,1.006401e+00,2.954416e+04
537,2.938710e+04,-2.226363,-1.990990,-7.421541,1.030227e+05,9.213107e+04,3.434244e+05,1.006224e+00,2.957001e+04
538,2.940721e+04,-3.310268,3.229659,-6.527743,1.532317e+05,-1.495003e+05,3.021681e+05,1.006375e+00,2.959466e+04
539,2.949423e+04,-0.942540,-1.261488,7.843486,4.369451e+04,5.848041e+04,-3.636104e+05,1.006439e+00,2.968416e+04
540,2.950515e+04,-5.783371,-3.767518,4.044556,2.681567e+05,1.746879e+05,-1.875333e+05,1.006921e+00,2.970936e+04
541,2.955609e+04,-0.016779,3.828743,7.024275,7.786811e+02,-1.776800e+05,-3.259745e+05,1.006466e+00,2.974720e+04
542,2.963254e+04,-0.393880,-1.749928,7.796320,1.830236e+04,8.131364e+04,-3.622704e+05,1.006408e+00,2.982243e+04
543,2.976095e+04,2.131758,5.001672,5.868466,-9.927042e+04,-2.329149e+05,-2.732792e+05,1.007128e+00,2.997309e+04
544,2.977088e+04,2.485965,6.611065,3.756834,-1.157842e+05,-3.079115e+05,-1.749752e+05,1.008665e+00,3.002885e+04
545,2.995699e+04,-0.203865,0.455225,-7.984435,9.524660e+03,-2.126838e+04,3.730371e+05,1.006276e+00,3.014499e+04
546,2.999945e+04,-0.928955,-1.509050,-7.801270,4.343203e+04,7.055357e+04,3.647377e+05,1.006225e+00,3.018621e+04
547,3.009756e+04,1.605760,-6.930256,-3.659656,-7.519775e+04,3.245440e+05,1.713818e+05,1.006192e+00,3.028394e+04
548,3.013013e+04,2.424158,5.250514,5.527708,-1.135848e+05,-2.460147e+05,-2.590027e+05,1.007383e+00,3.035258e+04
549,3.028632e+04,7.896657,1.214743,0.408904,-3.709584e+05,-5.706454e+04,-1.920893e+04,1.006558e+00,3.048494e+04
550,3.039612e+04,2.758477,-0.568227,-7.487852,-1.298186e+05,2.674173e+04,3.523912e+05,1.006263e+00,3.058648e+04
551,3.042446e+04,3.089394,-3.319797,6.590493,-1.454600e+05,1.563081e+05,-3.103044e+05,1.006255e+00,3.061477e+04
552,3.046159e+04,0.656689,4.280023,-6.726824,-3.093818e+04,-2.016421e+05,3.169166e+05,1.006678e+00,3.066503e+04
553,3.047738e+04,-4.188196,-1.180155,6.713140,1.973670e+05,5.561431e+04,-3.163539e+05,9.998657e-01,3.047328e+04
554,3.052527e+04,4.831657,-3.814132,5.109549,-2.278686e+05,1.798806e+05,-2.409744e+05,1.006235e+00,3.071561e+04
555,3.056664e+04,-3.921013,5.272553,-4.563534,1.850465e+05,-2.488305e+05,2.153693e+05,1.006587e+00,3.076798e+04
556,3.057455e+04,5.346849,1.486528,5.762069,-2.523694e+05,-7.016360e+04,-2.719676e+05,1.006485e+00,3.077283e+04
557,3.068151e+04,-6.447920,-3.067776,3.607364,3.048714e+05,1.450510e+05,-1.705639e+05,1.006979e+00,3.089563e+04
558,3.069175e+04,-1.652611,6.559653,4.270811,7.815200e+04,-3.102061e+05,-2.019667e+05,1.007035e+00,3.090767e+04
559,3.074370e+04,-0.861881,-1.405467,-7.828271,4.079285e+04,6.652077e+04,3.705123e+05,1.006224e+00,3.093503e+04
560,3.075469e+04,1.836753,-6.319992,4.547971,-8.694910e+04,2.991789e+05,-2.152941e+05,1.006272e+00,3.094759e+04
561,3.082527e+04,-0.654012,1.326405,7.862119,3.099543e+04,-6.286200e+04,-3.726076e+05,1.006366e+00,3.102151e+04
562,3.086175e+04,2.706341,7.517755,-0.398834,-1.283369e+05,-3.564980e+05,1.891305e+04,1.210038e-01,3.734387e+03
563,3.096411e+04,-7.231554,-2.013785,-2.765737,3.434943e+05,9.565354e+04,1.313708e+05,1.006280e+00,3.115855e+04
564,3.100157e+04,7.154046,-0.844952,-3.479323,-3.400182e+05,4.015897e+04,1.653656e+05,1.006314e+00,3.119732e+04
565,3.109536e+04,1.481086,3.832403,6.864333,-7.049962e+04,-1.824222e+05,-3.267419e+05,1.006589e+00,3.130025e+04
566,3.110093e+04,6.840938,-3.282949,2.534525,-3.256574e+05,1.562822e+05,-1.206541e+05,1.006239e+00,3.129496e+04
567,3.110634e+04,1.558365,4.407940,-6.491653,-7.419119e+04,-2.098548e+05,3.090569e+05,1.006773e+00,3.131701e+04
568,3.114148e+04,3.509742,-6.968225,-1.767924,-1.671874e+05,3.319330e+05,8.421546e+04,1.006205e+00,3.133472e+04
569,3.114863e+04,2.321657,1.358084,7.534289,-1.106054e+05,-6.470007e+04,-3.589388e+05,1.006382e+00,3.134744e+04
570,3.124521e+04,-0.259345,-7.009340,-3.847323,1.237449e+04,3.344472e+05,1.835731e+05,1.006182e+00,3.143837e+04
571,3.143306e+04,-4.193004,-0.179432,6.810765,2.006676e+05,8.587213e+03,-3.259477e+05,9.802754e-01,3.081306e+04
572,3.145424e+04,-0.894086,7.868235,1.136433,4.280334e+04,-3.766827e+05,-5.440543e+04,1.004438e+00,3.159383e+04
573,3.153758e+04,4.024780,-1.062690,6.831679,-1.929368e+05,5.094240e+04,-3.274917e+05,1.006282e+00,3.173571e+04
574,3.161913e+04,-7.596722,-0.756234,-2.391219,3.646363e+05,3.629858e+04,1.147765e+05,1.006288e+00,3.181793e+04
575,3.176940e+04,-0.305027,-7.073996,3.723646,1.467578e+04,3.403517e+05,-1.791561e+05,1.006287e+00,3.196913e+04
576,3.181815e+04,2.394878,-0.568249,7.611941,-1.153134e+05,2.736116e+04,-3.665148e+05,1.006304e+00,3.201872e+04
577,3.192276e+04,3.818429,2.939194,-6.385980,-1.841593e+05,-1.417546e+05,3.079899e+05,1.006588e+00,3.213308e+04
578,3.200138e+04,-2.481810,2.327624,7.240358,1.198427e+05,-1.123973e+05,-3.496255e+05,1.006069e+00,3.219561e+04
579,3.201702e+04,2.435401,1.697172,7.428892,-1.176304e+05,-8.197378e+04,-3.588171e+05,1.006397e+00,3.222184e+04
580,3.203290e+04,-1.772570,-7.545912,-1.979192,8.563676e+04,3.645596e+05,9.561911e+04,9.963744e-01,3.191676e+04
581,3.214597e+04,-0.099931,-0.061365,-7.999140,4.836395e+03,2.969911e+03,3.871376e+05,1.006248e+00,3.234682e+04
582,3.217634e+04,6.797591,2.922946,3.041242,-3.291410e+05,-1.415297e+05,-1.472577e+05,1.006870e+00,3.239740e+04
583,3.223681e+04,0.031153,0.428920,-7.988433,-1.509832e+03,-2.078790e+04,3.871652e+05,1.006264e+00,3.243874e+04
584,3.226584e+04,4.805182,5.389589,-3.444206,-2.329915e+05,-2.613279e+05,1.670011e+05,1.008119e+00,3.252780e+04
585,3.227480e+04,-3.989373,-5.922190,3.607294,1.934618e+05,2.871923e+05,-1.749331e+05,1.006467e+00,3.248353e+04
586,3.237825e+04,2.981909,-2.823538,6.865556,-1.448371e+05,1.371447e+05,-3.334733e+05,1.006251e+00,3.258066e+04
587,3.260466e+04,-2.363639,0.247023,7.638861,1.152072e+05,-1.204026e+04,-3.723292e+05,1.006153e+00,3.280528e+04
588,3.260635e+04,2.115045,2.064355,7.434045,-1.030931e+05,-1.006223e+05,-3.623556e+05,1.006409e+00,3.281532e+04
589,3.268427e+04,5.163964,5.790334,1.950774,-2.520062e+05,-2.825736e+05,-9.519956e+04,1.009605e+00,3.299818e+04
590,3.271612e+04,-0.384328,7.798264,-1.743381,1.876469e+04,-3.807479e+05,8.512004e+04,1.007349e+00,3.295655e+04
591,3.277338e+04,1.436378,3.441929,7.077425,-7.019208e+04,-1.681982e+05,-3.458554e+05,1.006503e+00,3.298652e+04
592,3.295083e+04,-1.939626,-1.420648,7.630177,9.504077e+04,6.961109e+04,-3.738751e+05,1.006449e+00,3.316332e+04
593,3.296794e+04,-1.140635,1.717655,-7.729723,5.590509e+04,-8.418615e+04,3.788511e+05,1.006297e+00,3.317555e+04
594,3.306776e+04,5.064056,-2.332847,5.737000,-2.485762e+05,1.145110e+05,-2.816086e+05,1.006242e+00,3.327417e+04
595,3.307125e+04,2.382369,-7.327125,-2.153499,-1.169480e+05,3.596811e+05,1.057131e+05,1.006189e+00,3.327592e+04
596,3.310803e+04,3.026986,-7.393698,-0.413023,-1.486742e+05,3.631508e+05,2.028614e+04,1.006209e+00,3.331359e+04
597,3.323877e+04,-4.047352,-6.278228,2.864052,1.991829e+05,3.089714e+05,-1.409490e+05,1.006397e+00,3.345140e+04
598,3.352062e+04,2.688027,7.386151,-1.489725,-1.328459e+05,-3.650336e+05,7.362425e+04,8.993946e-01,3.014826e+04
599,3.360805e+04,-1.760718,-5.630968,5.402969,8.713051e+04,2.786528e+05,-2.673701e+05,1.006389e+00,3.382278e+04
600,3.360946e+04,0.947366,0.861752,7.896827,-4.688212e+04,-4.264537e+04,-3.907888e+05,1.006339e+00,3.382252e+04
601,3.363558e+04,4.612881,1.411244,-6.381984,-2.283655e+05,-6.986510e+04,3.159467e+05,1.006397e+00,3.385074e+04
602,3.365764e+04,-0.970619,5.068787,6.112716,4.806726e+04,-2.510178e+05,-3.027156e+05,1.006466e+00,3.387526e+04
603,3.385637e+04,-6.452410,-0.330185,4.717772,3.204800e+05,1.639972e+04,-2.343235e+05,9.029644e-01,3.057110e+04
604,3.397686e+04,2.736708,2.272183,7.165725,-1.361692e+05,-1.130560e+05,-3.565418e+05,1.006433e+00,3.419544e+04
605,3.404538e+04,2.921688,-5.974368,-4.446422,-1.455196e+05,2.975635e+05,2.214616e+05,1.006178e+00,3.425571e+04
606,3.409497e+04,0.585695,3.876794,6.973337,-2.919277e+04,-1.932309e+05,-3.475718e+05,1.006472e+00,3.431562e+04
607,3.422709e+04,-0.644652,-1.942466,7.733773,3.219357e+04,9.700565e+04,-3.862203e+05,1.006383e+00,3.444556e+04
608,3.426095e+04,3.743675,3.846718,5.931919,-1.870495e+05,-1.921979e+05,-2.963832e+05,1.006797e+00,3.449381e+04
609,3.440004e+04,4.588957,-5.713547,3.208871,-2.297482e+05,2.860513e+05,-1.606536e+05,1.006218e+00,3.461393e+04
610,3.449020e+04,2.003109,6.311250,-4.489508,-1.004179e+05,-3.163894e+05,2.250636e+05,1.008039e+00,3.476745e+04
611,3.451595e+04,0.028232,-0.328999,7.993182,-1.415824e+03,1.649923e+04,-4.008559e+05,1.006344e+00,3.473490e+04
612,3.453972e+04,0.395382,4.357731,6.697302,-1.983511e+04,-2.186143e+05,-3.359835e+05,1.006512e+00,3.476464e+04
613,3.462491e+04,0.970451,-0.949978,7.883893,-4.874459e+04,4.771626e+04,-3.959987e+05,1.006309e+00,3.484335e+04
614,3.467024e+04,2.598094,-1.087139,-7.487859,-1.305846e+05,5.464147e+04,3.763525e+05,1.006224e+00,3.488603e+04
615,3.476918e+04,-1.830712,3.771567,6.813500,9.214589e+04,-1.898356e+05,-3.429463e+05,1.006256e+00,3.498671e+04
616,3.479304e+04,0.186142,0.304672,-7.992029,-9.372384e+03,-1.534042e+04,4.024037e+05,1.006248e+00,3.501044e+04
617,3.479543e+04,-0.951177,-1.210424,-7.850486,4.789398e+04,6.094768e+04,3.952905e+05,1.006210e+00,3.501151e+04
618,3.498791e+04,1.364167,-7.752163,1.429343,-6.887874e+04,3.914178e+05,-7.216958e+04,1.006205e+00,3.520502e+04
619,3.500898e+04,4.756700,5.163474,3.835668,-2.402449e+05,-2.607897e+05,-1.937266e+05,1.008006e+00,3.528924e+04
620,3.505025e+04,-4.056640,4.525518,-5.202245,2.050080e+05,-2.287034e+05,2.629027e+05,1.006419e+00,3.527524e+04
621,3.506734e+04,0.474530,-3.233682,-7.301926,-2.398686e+04,1.634585e+05,3.691029e+05,1.006189e+00,3.528437e+04
622,3.509977e+04,-6.202635,3.387456,-3.748662,3.136801e+05,-1.713107e+05,1.895776e+05,1.006300e+00,3.532089e+04
623,3.520677e+04,-5.674596,-5.598757,0.672961,2.874132e+05,2.835720e+05,-3.408485e+04,1.006357e+00,3.543056e+04
624,3.523999e+04,0.731013,-5.850296,5.407370,-3.704262e+04,2.964520e+05,-2.740076e+05,1.006273e+00,3.546106e+04
625,3.557497e+04,6.663652,4.107688,-1.650042,-3.392683e+05,-2.091358e+05,8.400902e+04,1.007295e+00,3.583448e+04
626,3.568035e+04,-1.120174,3.256093,7.221016,5.711611e+04,-1.660237e+05,-3.681896e+05,1.006304e+00,3.590529e+04
627,3.579565e+04,-1.064995,-5.515316,-5.696234,5.439028e+04,2.816723e+05,2.909120e+05,1.006197e+00,3.601749e+04
628,3.583593e+04,6.065683,2.603765,-4.519723,-3.099544e+05,-1.330515e+05,2.309563e+05,1.006609e+00,3.607277e+04
629,3.587365e+04,7.734745,-0.191555,-2.033970,-3.954508e+05,9.793563e+03,1.039899e+05,1.006337e+00,3.610097e+04
630,3.592997e+04,7.859190,1.233126,0.844117,-4.021286e+05,-6.309493e+04,-4.319063e+04,1.006486e+00,3.616300e+04
631,3.612086e+04,-4.261986,2.550193,6.271522,2.186501e+05,-1.308310e+05,-3.217442e+05,1.001794e+00,3.618568e+04
632,3.619791e+04,2.242275,-3.785829,6.681295,-1.151567e+05,1.944292e+05,-3.431319e+05,1.006239e+00,3.642375e+04
633,3.628528e+04,3.272809,-7.253305,0.823579,-1.682847e+05,3.729579e+05,-4.234762e+04,1.006211e+00,3.651066e+04
634,3.647157e+04,-5.383742,4.206219,4.162096,2.775365e+05,-2.168342e+05,-2.145596e+05,1.006025e+00,3.669132e+04
635,3.648704e+04,6.772974,-4.248940,-0.270783,-3.492267e+05,2.190830e+05,1.396208e+04,1.006200e+00,3.671327e+04
636,3.650098e+04,0.845185,1.174526,-7.868046,-4.358757e+04,-6.057222e+04,4.057680e+05,1.006281e+00,3.673024e+04
637,3.668692e+04,-7.994671,-0.159624,0.244452,4.133471e+05,8.253010e+03,-1.263886e+04,1.006438e+00,3.692312e+04
638,3.674535e+04,-0.383825,2.354537,-7.636022,1.986064e+04,-1.218331e+05,3.951182e+05,1.006323e+00,3.697768e+04
639,3.689307e+04,2.312733,0.706501,-7.625754,-1.199103e+05,-3.663059e+04,3.953793e+05,1.006277e+00,3.712466e+04
640,3.705997e+04,-6.403498,-1.431840,4.576576,3.327580e+05,7.440560e+04,-2.378219e+05,1.002217e+00,3.714214e+04
641,3.707648e+04,-0.662563,0.737221,-7.938357,3.443777e+04,-3.831826e+04,4.126089e+05,1.006244e+00,3.730798e+04
642,3.708001e+04,-4.159243,-6.509867,-2.079023,2.161936e+05,3.383769e+05,1.080657e+05,1.006200e+00,3.730992e+04
643,3.713522e+04,-7.319225,-0.782806,3.133076,3.807297e+05,4.071984e+04,-1.629756e+05,1.006775e+00,3.738683e+04
644,3.729863e+04,-1.079294,-0.266235,7.922389,5.626588e+04,1.387937e+04,-4.130107e+05,1.006358e+00,3.753576e+04
645,3.759435e+04,6.255028,4.570530,-1.996217,-3.273778e+05,-2.392140e+05,1.044787e+05,1.007492e+00,3.787601e+04
646,3.759675e+04,-2.747277,-3.394205,-6.703122,1.437925e+05,1.776527e+05,3.508415e+05,1.006197e+00,3.782973e+04
647,3.765292e+04,-2.677951,-3.008121,6.912292,1.402687e+05,1.575627e+05,-3.620596e+05,1.006517e+00,3.789829e+04
648,3.765706e+04,-0.266607,-6.880449,-4.072879,1.396538e+04,3.604115e+05,2.133454e+05,1.006170e+00,3.788942e+04
649,3.771717e+04,-0.110140,-1.704059,-7.815629,5.773969e+03,8.933319e+04,4.097247e+05,1.006196e+00,3.795085e+04
650,3.787771e+04,6.739360,2.724299,3.340543,-3.540537e+05,-1.431216e+05,-1.754961e+05,1.006691e+00,3.813115e+04
651,3.799259e+04,2.656773,5.280354,5.390679,-1.397856e+05,-2.778249e+05,-2.836296e+05,1.007223e+00,3.826700e+04
652,3.806071e+04,-7.346177,-3.130486,0.483471,3.868642e+05,1.648576e+05,-2.546053e+04,1.006418e+00,3.830497e+04
653,3.806113e+04,-1.381566,-4.204998,-6.664028,7.275638e+04,2.214447e+05,3.509428e+05,1.006190e+00,3.829673e+04
654,3.816988e+04,1.759486,0.022496,7.804082,-9.279082e+04,-1.186378e+03,-4.115673e+05,1.006287e+00,3.840985e+04
655,3.840221e+04,0.690860,0.000027,-7.970114,-3.654493e+04,-1.438713e+00,4.216007e+05,1.006228e+00,3.864140e+04
656,3.862981e+04,-5.500195,-3.797598,4.396147,2.918085e+05,2.014786e+05,-2.332342e+05,1.006739e+00,3.889011e+04
657,3.867618e+04,1.734223,-4.950261,6.040479,-9.206304e+04,2.627898e+05,-3.206652e+05,1.006236e+00,3.891736e+04
658,3.874524e+04,-0.497503,4.723185,6.437703,2.643406e+04,-2.509590e+05,-3.420572e+05,1.006423e+00,3.899408e+04
659,3.881251e+04,-4.691389,-6.111407,-2.154432,2.494859e+05,3.250018e+05,1.145717e+05,1.006220e+00,3.905394e+04
660,3.881957e+04,-4.489911,2.142222,6.265109,2.387931e+05,-1.139328e+05,-3.332059e+05,9.937064e-01,3.857526e+04
661,3.888406e+04,6.864859,-2.066049,3.550374,-3.654063e+05,1.099727e+05,-1.889812e+05,1.006231e+00,3.912635e+04
662,3.890475e+04,3.415096,3.803569,6.153859,-1.818289e+05,-2.025123e+05,-3.276480e+05,1.006665e+00,3.916404e+04
663,3.900197e+04,4.386539,5.091894,-4.339457,-2.338428e+05,-2.714447e+05,2.313329e+05,1.007335e+00,3.928805e+04
664,3.904267e+04,-1.100243,-5.718235,5.485550,5.868361e+04,3.049934e+05,-2.925827e+05,1.006316e+00,3.928926e+04
665,3.908279e+04,4.633193,-0.082880,6.521246,-2.472475e+05,4.422850e+03,-3.480023e+05,1.006279e+00,3.932821e+04
666,3.922618e+04,0.850916,1.271160,7.852394,-4.549184e+04,-6.795899e+04,-4.198061e+05,1.006311e+00,3.947375e+04
667,3.927080e+04,-5.238543,-4.865222,3.589886,2.802232e+05,2.602533e+05,-1.920323e+05,1.006540e+00,3.952761e+04
668,3.935054e+04,-2.240516,2.756290,7.168190,1.199726e+05,-1.475907e+05,-3.838341e+05,1.006177e+00,3.959359e+04
669,3.937169e+04,-3.309338,-0.436856,-7.270312,1.772523e+05,2.339854e+04,3.894070e+05,1.006199e+00,3.961574e+04
670,3.937229e+04,3.260886,-0.978751,-7.239383,-1.746584e+05,5.242353e+04,3.877534e+05,1.006214e+00,3.961693e+04
671,3.953799e+04,1.039278,-0.684958,-7.902578,-5.578246e+04,3.676463e+04,4.241649e+05,1.006210e+00,3.978351e+04
672,3.972828e+04,5.969078,-4.232593,3.233460,-3.211559e+05,2.277273e+05,-1.739707e+05,1.006196e+00,3.997445e+04
673,3.974477e+04,6.815838,0.719712,4.126302,-3.667904e+05,-3.873091e+04,-2.220546e+05,1.006363e+00,3.999766e+04
674,3.979870e+04,-1.511248,-0.868564,-7.807799,8.138212e+04,4.677297e+04,4.204572e+05,1.006197e+00,4.004535e+04
675,3.986186e+04,1.442726,-1.491005,-7.726283,-7.775377e+04,8.035567e+04,4.163974e+05,1.006194e+00,4.010878e+04
676,3.990854e+04,2.027320,-2.629507,7.278438,-1.093236e+05,1.417966e+05,-3.924911e+05,1.006237e+00,4.015747e+04
677,4.011201e+04,4.555788,5.786545,-3.124210,-2.462972e+05,-3.128349e+05,1.689025e+05,1.008248e+00,4.044284e+04
678,4.011218e+04,5.027443,-5.591125,-2.732057,-2.717965e+05,3.022707e+05,1.477021e+05,1.006170e+00,4.035969e+04
679,4.019012e+04,-7.201576,-1.274268,3.242460,3.897139e+05,6.895711e+04,-1.754660e+05,1.006794e+00,4.046317e+04
680,4.024974e+04,-6.100921,-1.980071,4.781013,3.303966e+05,1.072312e+05,-2.589167e+05,1.005300e+00,4.046307e+04
681,4.036800e+04,-3.920103,-2.078241,6.656854,2.126056e+05,1.127128e+05,-3.610325e+05,1.006131e+00,4.061550e+04
682,4.036971e+04,1.056035,-7.836551,-1.213776,-5.727498e+04,4.250221e+05,6.583018e+04,1.006145e+00,4.061777e+04
683,4.048213e+04,5.339463,0.877034,-5.892448,-2.899933e+05,-4.763289e+04,3.200267e+05,1.006321e+00,4.073804e+04
684,4.055554e+04,-4.991844,0.471046,-6.233747,2.713594e+05,-2.560631e+04,3.388699e+05,1.006201e+00,4.080702e+04
685,4.071735e+04,3.390981,0.630005,-7.218334,-1.847030e+05,-3.431565e+04,3.931745e+05,1.006270e+00,4.097265e+04
686,4.089794e+04,-0.860416,-6.863247,4.019393,4.696973e+04,3.746615e+05,-2.194168e+05,1.006260e+00,4.115398e+04
687,4.108904e+04,0.285619,4.445762,-6.644819,-1.562818e+04,-2.432584e+05,3.635841e+05,1.006536e+00,4.135759e+04
688,4.120013e+04,3.687052,2.738668,6.550217,-2.020167e+05,-1.500539e+05,-3.588919e+05,1.006459e+00,4.146623e+04
689,4.121225e+04,0.535957,4.754994,6.411145,-2.936983e+04,-2.605684e+05,-3.513237e+05,1.006525e+00,4.148116e+04
690,4.141372e+04,0.432826,0.190778,-7.986004,-2.377630e+04,-1.047993e+04,4.386926e+05,1.006221e+00,4.167136e+04
691,4.181002e+04,-7.179501,-1.249320,3.300601,3.962717e+05,6.895608e+04,-1.821763e+05,1.006756e+00,4.209246e+04
692,4.196382e+04,-1.317924,7.797776,1.207377,7.287636e+04,-4.311883e+05,-6.676349e+04,1.007964e+00,4.229802e+04
693,4.198890e+04,-1.674095,0.039830,-7.822776,9.259895e+04,-2.203109e+03,4.326999e+05,1.006204e+00,4.224939e+04
694,4.207608e+04,-5.661295,2.007347,5.283966,3.134672e+05,-1.111473e+05,-2.925744e+05,9.332294e-01,3.926664e+04
695,4.213078e+04,1.913112,2.641281,-7.305042,-1.059983e+05,-1.463434e+05,4.047447e+05,1.006365e+00,4.239896e+04
696,4.213787e+04,1.864608,-0.786058,-7.739855,-1.033195e+05,4.355613e+04,4.288721e+05,1.006203e+00,4.239927e+04
697,4.219322e+04,4.020695,0.898948,6.857543,-2.229365e+05,-4.984421e+04,-3.802319e+05,1.006304e+00,4.245921e+04
698,4.223572e+04,-1.703532,7.739407,-1.095247,9.450371e+04,-4.293449e+05,6.075902e+04,1.008260e+00,4.258461e+04
699,4.233009e+04,0.794329,0.009842,7.960461,-4.411476e+04,-5.465712e+02,-4.421010e+05,1.006281e+00,4.259597e+04
700,4.249399e+04,-2.745236,-2.414588,7.115718,1.527574e+05,1.343586e+05,-3.959507e+05,1.006462e+00,4.276860e+04
701,4.256840e+04,-5.725301,-4.780819,2.892180,3.188605e+05,2.662592e+05,-1.610748e+05,1.006483e+00,4.284438e+04
702,4.261990e+04,-5.740653,1.750744,-5.289593,3.199088e+05,-9.756356e+04,2.947726e+05,1.006214e+00,4.288473e+04
703,4.263875e+04,1.657741,2.062713,7.549643,-9.240122e+04,-1.149740e+05,-4.208112e+05,1.006324e+00,4.290841e+04
704,4.292996e+04,3.158893,-0.634706,7.322469,-1.766745e+05,3.549860e+04,-4.095401e+05,1.006242e+00,4.319792e+04
705,4.299414e+04,1.835496,1.906931,-7.549475,-1.027346e+05,-1.067329e+05,4.225519e+05,1.006304e+00,4.326517e+04
706,4.307820e+04,-0.761893,-0.605930,7.940552,4.268558e+04,3.394764e+04,-4.448752e+05,1.006323e+00,4.335057e+04
707,4.340058e+04,0.431160,3.989886,6.920615,-2.424629e+04,-2.243711e+05,-3.891806e+05,1.006391e+00,4.367794e+04
708,4.364813e+04,7.265978,3.325579,0.382202,-4.097657e+05,-1.875464e+05,-2.155434e+04,1.006819e+00,4.394578e+04
709,4.365998e+04,-1.399352,-3.138920,7.224195,7.892734e+04,1.770438e+05,-4.074646e+05,1.006363e+00,4.393777e+04
710,4.372595e+04,4.428048,-2.913231,5.992118,-2.499428e+05,1.644384e+05,-3.382273e+05,1.006198e+00,4.399695e+04
711,4.391532e+04,0.039789,5.082799,6.177667,-2.250761e+03,-2.875210e+05,-3.494550e+05,1.006503e+00,4.420091e+04
712,4.396431e+04,-2.982972,-4.270218,6.071829,1.688333e+05,2.416901e+05,-3.436595e+05,1.006454e+00,4.424804e+04
713,4.398936e+04,0.166838,0.107879,7.997533,-9.445551e+03,-6.107573e+03,-4.527813e+05,1.006287e+00,4.426592e+04
714,4.405701e+04,4.263602,-5.037010,-4.522192,-2.415699e+05,2.853902e+05,2.562213e+05,1.006156e+00,4.432821e+04
715,4.411603e+04,-0.063599,1.320113,-7.890073,3.605836e+03,-7.484587e+04,4.473402e+05,1.006243e+00,4.439142e+04
716,4.427886e+04,-0.914785,4.593568,6.485546,5.196083e+04,-2.609198e+05,-3.683863e+05,1.006330e+00,4.455916e+04
717,4.431548e+04,6.137648,-4.349591,-2.722192,-3.487694e+05,2.471638e+05,1.546875e+05,1.006168e+00,4.458884e+04
718,4.444037e+04,0.231546,-0.435176,7.984799,-1.317606e+04,2.476351e+04,-4.543719e+05,1.006283e+00,4.471960e+04
719,4.450676e+04,5.569693,-4.588700,-3.452876,-3.171779e+05,2.613132e+05,1.966313e+05,1.006162e+00,4.478101e+04
720,4.471404e+04,1.552840,-1.741329,7.652219,-8.863545e+04,9.939431e+04,-4.367853e+05,1.006239e+00,4.499301e+04
721,4.473911e+04,5.139795,-6.112573,-0.467927,-2.934595e+05,3.490008e+05,2.671653e+04,1.006174e+00,4.501535e+04
722,4.475599e+04,-0.137403,0.012348,7.998810,7.846599e+03,-7.051596e+02,-4.567827e+05,1.006291e+00,4.503754e+04
723,4.479100e+04,3.957008,6.822503,-1.339977,-2.260586e+05,-3.897605e+05,7.655111e+04,1.006181e+00,4.506785e+04
724,4.482034e+04,6.535811,-1.015940,-4.500116,-3.735044e+05,5.805829e+04,2.571698e+05,1.006227e+00,4.509945e+04
725,4.489677e+04,-2.230312,-5.591532,5.268821,1.275651e+05,3.198137e+05,-3.013559e+05,1.006335e+00,4.518119e+04
726,4.493247e+04,-4.721447,2.561142,5.928616,2.701556e+05,-1.465455e+05,-3.392284e+05,1.000762e+00,4.496671e+04
727,4.511872e+04,-2.224594,1.195773,7.590870,1.275521e+05,-6.856238e+04,-4.352399e+05,1.006184e+00,4.539772e+04
728,4.512479e+04,-7.201486,3.347190,0.966915,4.129414e+05,-1.919317e+05,-5.544402e+04,1.006329e+00,4.541039e+04
729,4.514527e+04,-3.710417,-4.080643,-5.794925,2.128078e+05,2.340418e+05,3.323630e+05,1.006188e+00,4.542461e+04
730,4.531716e+04,-6.920095,3.658420,-1.651741,3.976510e+05,-2.102246e+05,9.491437e+04,1.006276e+00,4.560156e+04
731,4.552760e+04,-6.918725,3.107006,-2.545144,3.984943e+05,-1.789527e+05,1.465913e+05,1.006250e+00,4.581214e+04
732,4.560690e+04,-5.252211,0.826541,5.977550,3.027723e+05,-4.764732e+04,-3.445856e+05,0.000000e+00,0.000000e+00
733,4.562603e+04,-0.529672,-0.049435,-7.982293,3.054020e+04,2.850341e+03,4.602488e+05,1.006198e+00,4.590883e+04
734,4.567888e+04,-6.147856,3.106934,-4.068270,3.546828e+05,-1.792456e+05,2.347071e+05,1.006240e+00,4.596393e+04
735,4.573560e+04,1.653601,4.776806,-6.200623,-9.545894e+04,-2.757550e+05,3.579490e+05,1.006647e+00,4.603961e+04
736,4.574965e+04,1.201343,3.319967,7.178760,-6.936165e+04,-1.916842e+05,-4.144785e+05,1.006365e+00,4.604085e+04
737,4.587544e+04,-0.956789,-7.936749,0.304253,5.531780e+04,4.588719e+05,-1.759071e+04,1.179101e+00,5.409179e+04
738,4.606300e+04,0.065402,-0.702847,7.968797,-3.789020e+03,4.071886e+04,-4.616656e+05,1.006281e+00,4.635234e+04
739,4.626690e+04,-1.493109,-2.253832,7.529334,8.669330e+04,1.308625e+05,-4.371701e+05,1.006359e+00,4.656111e+04
740,4.632591e+04,1.389254,-7.753087,1.399861,-8.071463e+04,4.504487e+05,-8.133089e+04,1.006176e+00,4.661204e+04
741,4.643990e+04,4.336162,6.306996,-2.327982,-2.522376e+05,-3.668824e+05,1.354204e+05,1.008937e+00,4.685494e+04
742,4.646122e+04,3.861822,-6.535182,-2.525417,-2.246965e+05,3.802434e+05,1.469390e+05,1.006161e+00,4.674748e+04
743,4.652661e+04,2.491180,7.596111,0.305162,-1.450489e+05,-4.422835e+05,-1.776803e+04,4.571579e-01,2.127001e+04
744,4.682517e+04,-2.363917,-7.302727,2.254347,1.380799e+05,4.265632e+05,-1.316798e+05,1.006196e+00,4.711529e+04
745,4.690346e+04,3.388241,-2.442524,6.823042,-1.980776e+05,1.427907e+05,-3.988772e+05,1.006200e+00,4.719426e+04
746,4.698395e+04,6.981265,-3.618699,-1.472057,-4.084770e+05,2.117317e+05,8.613070e+04,1.006177e+00,4.727419e+04
747,4.710625e+04,-7.928659,0.684793,-0.816965,4.645128e+05,-4.011964e+04,4.786316e+04,1.006280e+00,4.740210e+04
748,4.745086e+04,-3.176131,-2.114947,7.031301,1.867580e+05,1.243599e+05,-4.134438e+05,1.006404e+00,4.775474e+04
749,4.761583e+04,-1.504437,-7.511631,2.304792,8.861520e+04,4.424545e+05,-1.357582e+05,1.006180e+00,4.791009e+04
750,4.779469e+04,1.462759,0.101365,7.864481,-8.632194e+04,-5.981871e+03,-4.641075e+05,1.006251e+00,4.809346e+04
751,4.782621e+04,5.434237,-0.786798,5.818076,-3.207970e+05,4.644673e+04,-3.434560e+05,1.006227e+00,4.812401e+04
752,4.785233e+04,-2.755521,3.263472,-6.764382,1.627099e+05,-1.927037e+05,3.994278e+05,1.006275e+00,4.815260e+04
753,4.785671e+04,-2.737909,6.370412,3.990201,1.616773e+05,-3.761817e+05,-2.356269e+05,1.006487e+00,4.816715e+04
754,4.790599e+04,-4.473751,-5.816829,3.185915,2.643172e+05,3.436686e+05,-1.882295e+05,1.006351e+00,4.821024e+04
755,4.815997e+04,0.666813,0.957767,7.914420,-3.950080e+04,-5.673639e+04,-4.688359e+05,1.006267e+00,4.846180e+04
756,4.841818e+04,-6.091620,-4.902684,-1.689929,3.618226e+05,2.912036e+05,1.003763e+05,1.006232e+00,4.871993e+04
757,4.844296e+04,-6.331829,3.651686,-3.251635,3.761865e+05,-2.169539e+05,1.931860e+05,1.006252e+00,4.874581e+04
758,4.862947e+04,-1.848536,-5.264899,5.732691,1.100364e+05,3.133997e+05,-3.412456e+05,1.006312e+00,4.893642e+04
759,4.872734e+04,3.511891,-6.256419,-3.538905,-2.092599e+05,3.727956e+05,2.108696e+05,1.006153e+00,4.902715e+04
760,4.916422e+04,-0.891912,-6.890250,3.965974,5.338331e+04,4.123996e+05,-2.373740e+05,1.006231e+00,4.947055e+04
761,4.922335e+04,7.484298,-1.669388,-2.280006,-4.482242e+05,9.997734e+04,1.365464e+05,1.006209e+00,4.952900e+04
762,4.947756e+04,7.774422,1.321852,-1.345761,-4.668001e+05,-7.936807e+04,8.080359e+04,1.006380e+00,4.979321e+04
763,4.951200e+04,-1.999181,7.745923,0.062891,1.200787e+05,-4.652508e+05,-3.777509e+03,1.007927e+00,4.990446e+04
764,4.958824e+04,-0.059389,0.174565,7.997875,3.569867e+03,-1.049312e+04,-4.807537e+05,1.006270e+00,4.989915e+04
765,4.962643e+04,0.162501,-7.798094,1.778572,-9.771730e+03,4.689253e+05,-1.069515e+05,1.006161e+00,4.993220e+04
766,4.972396e+04,7.907071,0.280548,1.183012,-4.759455e+05,-1.688687e+04,-7.120828e+04,1.006299e+00,5.003717e+04
767,5.034733e+04,-6.352496,2.555699,-4.136931,3.847612e+05,-1.547949e+05,2.505678e+05,1.006211e+00,5.066005e+04
768,5.047077e+04,-7.258818,-2.459342,2.293729,4.401944e+05,1.491412e+05,-1.390980e+05,1.006547e+00,5.080121e+04
769,5.051897e+04,-6.394640,0.174462,4.803971,3.879735e+05,-1.058492e+04,-2.914650e+05,8.104512e-01,4.094316e+04
770,5.055531e+04,4.538842,-5.245081,3.985981,-2.754781e+05,3.183422e+05,-2.419231e+05,1.006175e+00,5.086750e+04
771,5.067026e+04,1.811049,-2.020589,7.525777,-1.100438e+05,1.227760e+05,-4.572846e+05,1.006214e+00,5.098514e+04
772,5.067391e+04,3.155093,0.288102,-7.345909,-1.917181e+05,-1.750641e+04,4.463715e+05,1.006219e+00,5.098906e+04
773,5.092442e+04,1.866130,1.241011,-7.679678,-1.136747e+05,-7.559577e+04,4.678049e+05,1.006240e+00,5.124219e+04
774,5.107179e+04,0.179804,-3.641841,-7.120721,-1.096852e+04,2.221622e+05,4.343834e+05,1.006157e+00,5.138623e+04
775,5.128339e+04,7.084903,-0.202240,3.709885,-4.330928e+05,1.236275e+04,-2.267814e+05,1.006254e+00,5.160412e+04
776,5.131430e+04,0.937998,7.848100,-1.235912,-5.735612e+04,-4.798908e+05,7.557279e+04,9.478547e-01,4.863850e+04
777,5.142556e+04,3.959127,2.489606,6.490545,-2.423526e+05,-1.523979e+05,-3.973099e+05,1.006370e+00,5.175314e+04
778,5.143059e+04,7.232046,-3.417607,0.132186,-4.427215e+05,2.092144e+05,-8.091966e+03,1.006176e+00,5.174822e+04
779,5.168976e+04,-3.615526,4.223515,-5.752382,2.218873e+05,-2.592000e+05,3.530276e+05,1.006301e+00,5.201545e+04
780,5.185415e+04,-3.327010,-7.134884,1.422827,2.045053e+05,4.385684e+05,-8.745861e+04,1.006179e+00,5.217458e+04
781,5.229885e+04,-5.813878,-2.002822,-5.117375,3.588977e+05,1.236366e+05,3.159017e+05,1.006173e+00,5.262169e+04
782,5.245240e+04,-1.559809,-4.758945,-6.238545,9.643013e+04,2.942064e+05,3.856778e+05,1.006164e+00,5.277572e+04
783,5.245279e+04,3.090406,-3.804326,-6.322697,-1.910550e+05,2.351910e+05,3.908817e+05,1.006147e+00,5.277521e+04
784,5.283787e+04,-7.765726,1.918165,-0.118889,4.818517e+05,-1.190193e+05,7.376878e+03,1.006281e+00,5.316977e+04
785,5.285581e+04,-0.425242,-0.031392,7.988628,2.639009e+04,1.948150e+03,-4.957666e+05,1.006268e+00,5.318711e+04
786,5.288857e+04,-1.442460,0.635675,-7.843164,8.954544e+04,-3.946161e+04,4.868900e+05,1.006190e+00,5.321596e+04
787,5.297335e+04,1.445826,-7.866971,0.142692,-8.982625e+04,4.887592e+05,-8.865166e+03,1.006148e+00,5.329904e+04
788,5.308767e+04,1.203249,0.665050,-7.880983,-7.483610e+04,-4.136277e+04,4.901578e+05,1.006208e+00,5.341726e+04
789,5.342321e+04,-2.094321,-7.717613,-0.228614,1.306673e+05,4.815115e+05,1.426354e+04,9.940379e-01,5.310469e+04
790,5.355075e+04,6.430326,3.484271,3.242030,-4.016747e+05,-2.176473e+05,-2.025156e+05,1.006677e+00,5.390832e+04
791,5.358727e+04,-2.887625,2.992615,6.834169,1.804390e+05,-1.869995e+05,-4.270466e+05,1.006065e+00,5.391226e+04
792,5.367528e+04,0.927687,0.638810,-7.920310,-5.801597e+04,-3.995007e+04,4.953225e+05,1.006204e+00,5.400829e+04
793,5.370740e+04,-5.765204,4.826063,-2.733412,3.606537e+05,-3.019039e+05,1.709940e+05,1.006295e+00,5.404547e+04
794,5.379620e+04,2.575112,7.486495,1.149434,-1.612243e+05,-4.687195e+05,-7.196456e+04,1.014513e-01,5.457695e+03
795,5.381965e+04,-3.645553,4.029262,-5.871541,2.282929e+05,-2.523217e+05,3.676895e+05,1.006280e+00,5.415763e+04
796,5.397847e+04,5.388715,3.789608,-4.538791,-3.379514e+05,-2.376639e+05,2.846486e+05,1.006614e+00,5.433549e+04
797,5.399324e+04,0.779790,4.147640,6.796250,-4.891094e+04,-2.601533e+05,-4.262827e+05,1.006368e+00,5.433705e+04
798,5.402079e+04,2.096209,-5.179913,5.724893,-1.315146e+05,3.249838e+05,-3.591754e+05,1.006188e+00,5.435509e+04
799,5.408406e+04,-5.383832,-2.444197,5.388901,3.379752e+05,1.534368e+05,-3.382934e+05,1.006261e+00,5.442268e+04
800,5.423573e+04,-1.249663,0.436870,7.889708,7.855870e+04,-2.746335e+04,-4.959779e+05,1.006269e+00,5.457573e+04
801,5.427427e+04,6.284308,-3.783042,-3.193128,-3.951966e+05,2.379013e+05,2.008038e+05,1.006156e+00,5.460839e+04
802,5.440034e+04,7.084293,-1.086125,3.554311,-4.460217e+05,6.838163e+04,-2.237767e+05,1.006213e+00,5.473835e+04
803,5.443934e+04,0.562493,-0.796216,-7.940380,-3.542682e+04,5.014712e+04,5.000995e+05,1.006173e+00,5.477539e+04
804,5.452745e+04,2.030655,-2.509548,-7.319741,-1.279977e+05,1.581837e+05,4.613834e+05,1.006155e+00,5.486305e+04
805,5.456988e+04,7.160533,0.297589,3.555026,-4.515237e+05,-1.876517e+04,-2.241702e+05,1.006269e+00,5.491197e+04
806,5.491056e+04,-4.025860,-4.121142,-5.550553,2.546510e+05,2.606779e+05,3.510936e+05,1.006172e+00,5.524946e+04
807,5.512114e+04,-0.351965,7.983689,0.369910,2.230575e+04,-5.059661e+05,-2.344305e+04,1.001685e+00,5.521403e+04
808,5.513716e+04,4.984483,6.253958,0.207231,-3.159374e+05,-3.964020e+05,-1.313517e+04,1.008971e+00,5.563181e+04
809,5.516501e+04,-0.226565,0.770365,-7.959598,1.436426e+04,-4.884127e+04,5.046400e+05,1.006196e+00,5.550682e+04
810,5.524368e+04,-5.564436,-2.692871,-5.077942,3.530377e+05,1.708502e+05,3.221719e+05,1.006171e+00,5.558457e+04
811,5.524388e+04,0.940019,-5.900099,-5.320262,-5.963995e+04,3.743347e+05,3.375467e+05,1.006148e+00,5.558350e+04
812,5.538441e+04,-3.751171,2.353211,-6.662666,2.382974e+05,-1.494904e+05,4.232534e+05,1.006206e+00,5.572815e+04
813,5.543722e+04,-7.612087,-1.175685,-2.161921,4.837970e+05,7.472230e+04,1.374040e+05,1.006206e+00,5.578129e+04
814,5.567014e+04,-0.518529,-6.002274,5.263443,3.302501e+04,3.822836e+05,-3.352276e+05,1.006228e+00,5.601688e+04
815,5.584831e+04,-0.423265,-7.770376,1.855291,2.700079e+04,4.956849e+05,-1.183520e+05,1.006150e+00,5.619175e+04
816,5.601353e+04,1.562257,-2.313419,7.497162,-9.980623e+04,1.477949e+05,-4.789631e+05,1.006204e+00,5.636105e+04
817,5.613018e+04,-2.512056,-5.761338,4.949400,1.606520e+05,3.684514e+05,-3.165260e+05,1.006288e+00,5.648315e+04
818,5.634400e+04,0.036715,6.990961,-3.889102,-2.352477e+03,-4.479395e+05,2.491907e+05,1.007460e+00,5.676433e+04
819,5.673505e+04,7.930544,0.952118,0.447145,-5.099028e+05,-6.121748e+04,-2.874969e+04,1.006317e+00,5.709346e+04
820,5.677539e+04,5.404426,5.407015,2.357195,-3.476069e+05,-3.477734e+05,-1.516123e+05,1.007827e+00,5.721975e+04
821,5.706815e+04,-6.886180,0.772196,3.998029,4.440521e+05,-4.979468e+04,-2.578111e+05,1.002968e+00,5.723752e+04
822,5.718773e+04,7.236702,2.356289,2.465370,-4.671440e+05,-1.521033e+05,-1.591447e+05,1.006448e+00,5.755649e+04
823,5.723006e+04,-6.030101,-4.945217,1.784014,3.893995e+05,3.193421e+05,-1.152044e+05,1.006321e+00,5.759182e+04
824,5.744044e+04,-2.201175,1.089791,7.613618,1.424040e+05,-7.050355e+04,-4.925595e+05,1.006191e+00,5.779607e+04
825,5.760043e+04,-7.724321,1.172699,-1.720362,5.004168e+05,-7.597277e+04,1.114529e+05,1.006214e+00,5.795835e+04
826,5.775387e+04,6.489692,3.643198,2.934453,-4.209915e+05,-2.363372e+05,-1.903603e+05,1.006688e+00,5.814012e+04
827,5.812541e+04,-3.001303,-3.452145,6.563145,1.953222e+05,2.246626e+05,-4.271238e+05,1.006398e+00,5.849732e+04
828,5.823220e+04,7.136149,2.807490,-2.278897,-4.648408e+05,-1.828768e+05,1.484448e+05,1.006496e+00,5.861047e+04
829,5.828490e+04,3.303101,-2.886707,-6.690026,-2.152577e+05,1.881219e+05,4.359779e+05,1.006147e+00,5.864318e+04
830,5.842946e+04,0.978300,-3.332329,7.206838,-6.383318e+04,2.174315e+05,-4.702398e+05,1.006205e+00,5.879202e+04
831,5.845183e+04,1.422169,6.471111,4.483543,-9.281306e+04,-4.223151e+05,-2.926032e+05,1.007471e+00,5.888855e+04
832,5.846833e+04,-0.573731,-0.467079,-7.965718,3.744786e+04,3.048666e+04,5.199289e+05,1.006168e+00,5.882897e+04
833,5.852259e+04,4.119839,-3.587564,-5.844340,-2.690300e+05,2.342718e+05,3.816418e+05,1.006142e+00,5.888205e+04
834,5.858710e+04,1.397869,7.600542,2.068266,-9.133265e+04,-4.965972e+05,-1.351345e+05,8.437669e-01,4.943385e+04
835,5.863976e+04,6.245503,4.766483,1.508089,-4.082462e+05,-3.115680e+05,-9.857839e+04,1.007248e+00,5.906478e+04
836,5.889400e+04,1.025176,-5.097609,-6.079753,-6.715720e+04,3.339341e+05,3.982724e+05,1.006143e+00,5.925581e+04
837,5.902626e+04,4.180650,1.273530,-6.700768,-2.741733e+05,-8.352001e+04,4.394463e+05,1.006249e+00,5.939513e+04
838,5.932236e+04,-1.747119,-0.711607,7.774393,1.148657e+05,4.678519e+04,-5.111336e+05,1.006290e+00,5.969552e+04
839,5.939385e+04,-0.860420,7.707098,-1.964768,5.660307e+04,-5.070144e+05,1.292530e+05,1.008075e+00,5.987344e+04
840,5.944241e+04,-1.331389,-1.612561,-7.721855,8.762174e+04,1.061263e+05,5.081928e+05,1.006156e+00,5.980833e+04
841,5.944688e+04,0.611081,-7.972861,-0.245074,-4.021814e+04,5.247318e+05,1.612950e+04,1.006120e+00,5.981071e+04
842,5.948775e+04,4.914511,-1.389126,-6.157752,-3.235585e+05,9.145638e+04,4.054102e+05,1.006170e+00,5.985482e+04
843,5.949316e+04,7.557065,-2.246277,-1.358309,-4.975599e+05,1.478957e+05,8.943155e+04,1.006179e+00,5.986075e+04
844,5.960088e+04,6.516353,-4.093157,2.187054,-4.294273e+05,2.697388e+05,-1.441268e+05,1.006160e+00,5.996800e+04
845,5.964629e+04,-5.706551,1.661977,-5.354728,3.762046e+05,-1.095659e+05,3.530107e+05,1.006176e+00,6.001468e+04
846,5.968671e+04,1.919799,-7.174193,-2.974110,-1.266057e+05,4.731192e+05,1.961347e+05,1.006140e+00,6.005318e+04
847,5.969422e+04,-6.366553,-2.071606,-4.378978,4.198839e+05,1.366256e+05,2.888003e+05,1.006167e+00,6.006237e+04
848,5.986482e+04,-0.032058,-7.628383,-2.409719,2.117267e+03,5.038219e+05,1.591516e+05,1.006115e+00,6.023091e+04
849,5.989164e+04,2.214957,-4.353492,6.335698,-1.463212e+05,2.875938e+05,-4.185393e+05,1.006177e+00,6.026162e+04
850,5.996160e+04,5.325157,-3.825582,4.583407,-3.519879e+05,2.528674e+05,-3.029589e+05,1.006161e+00,6.033102e+04
851,6.005730e+04,-3.685635,7.046850,0.870628,2.438113e+05,-4.661618e+05,-5.759363e+04,1.006664e+00,6.045750e+04
852,6.049039e+04,2.714332,3.314299,-6.756317,-1.802041e+05,-2.200359e+05,4.485511e+05,1.006354e+00,6.087476e+04
853,6.055544e+04,-0.531928,3.103644,-7.354213,3.533363e+04,-2.061613e+05,4.885078e+05,1.006262e+00,6.093464e+04
854,6.064237e+04,1.293026,-5.211853,5.929981,-8.595160e+04,3.464487e+05,-3.941850e+05,1.006188e+00,6.101761e+04
855,6.075408e+04,-1.797053,-0.834807,-7.750722,1.195659e+05,5.554343e+04,5.156898e+05,1.006159e+00,6.112826e+04
856,6.087251e+04,4.358204,-0.593574,-6.682344,-2.902531e+05,3.953160e+04,4.450391e+05,1.006182e+00,6.124884e+04
857,6.092566e+04,1.457057,-1.668530,-7.687197,-9.708123e+04,1.111713e+05,5.121849e+05,1.006155e+00,6.130067e+04
858,6.105785e+04,-2.780600,-2.956795,-6.893884,1.854675e+05,1.972199e+05,4.598259e+05,1.006154e+00,6.143358e+04
859,6.151547e+04,-4.668046,-2.048177,-6.165575,3.125259e+05,1.371256e+05,4.127855e+05,1.006156e+00,6.189414e+04
860,6.157589e+04,-7.247510,-1.191298,-3.170868,4.854593e+05,7.979662e+04,2.123940e+05,1.006176e+00,6.195618e+04
861,6.158107e+04,7.094463,2.980255,2.187847,-4.752278e+05,-1.996346e+05,-1.465545e+05,1.006522e+00,6.198271e+04
862,6.274836e+04,-3.600871,-6.257593,3.446194,2.434824e+05,4.231236e+05,-2.330234e+05,1.006257e+00,6.314097e+04
863,6.285204e+04,-7.362591,-0.440431,-3.098109,4.982520e+05,2.980548e+04,2.096598e+05,1.006175e+00,6.324015e+04
864,6.323457e+04,7.431390,-2.427426,1.697657,-5.044360e+05,1.647715e+05,-1.152354e+05,1.006172e+00,6.362486e+04
865,6.328874e+04,5.980407,1.868719,-4.974195,-4.061184e+05,-1.269013e+05,3.377884e+05,1.006309e+00,6.368806e+04
866,6.329700e+04,3.281968,3.691430,-6.293014,-2.228869e+05,-2.506945e+05,4.273749e+05,1.006405e+00,6.370240e+04
867,6.337064e+04,-4.710427,1.459693,6.299300,3.200833e+05,-9.918917e+04,-4.280505e+05,9.367354e-01,5.936152e+04
868,6.364343e+04,-4.455863,1.254207,-6.524741,3.034361e+05,-8.540918e+04,4.443230e+05,1.006168e+00,6.403600e+04
869,6.429520e+04,0.092800,0.153416,-7.997990,-6.351775e+03,-1.050069e+04,5.474303e+05,1.006171e+00,6.469198e+04
870,6.434744e+04,-5.390110,4.513937,3.817209,3.690812e+05,-3.090864e+05,-2.613787e+05,1.006125e+00,6.474160e+04
871,6.456780e+04,1.142725,4.277180,-6.663326,-7.838059e+04,-2.933757e+05,4.570437e+05,1.006386e+00,6.498014e+04
872,6.488237e+04,-5.722307,2.443302,5.028467,3.934533e+05,-1.679961e+05,-3.457464e+05,1.002275e+00,6.502999e+04
873,6.490573e+04,-5.233838,6.041689,-0.323940,3.599320e+05,-4.154881e+05,2.227741e+04,1.006348e+00,6.531775e+04
874,6.494029e+04,-2.081667,3.313305,-6.977727,1.431947e+05,-2.279173e+05,4.799873e+05,1.006237e+00,6.534529e+04
875,6.504597e+04,-7.301300,-1.639806,2.828791,5.026539e+05,1.128915e+05,-1.947466e+05,1.006547e+00,6.547184e+04
876,6.517635e+04,2.357701,1.365433,7.521758,-1.624772e+05,-9.409665e+04,-5.183499e+05,1.006229e+00,6.558234e+04
877,6.519650e+04,-0.883956,7.818713,-1.444417,6.092586e+04,-5.388974e+05,9.955509e+04,1.008036e+00,6.572045e+04
878,6.546293e+04,1.980653,-1.441311,-7.615749,-1.367933e+05,9.954379e+04,5.259798e+05,1.006153e+00,6.586576e+04
879,6.576731e+04,0.294783,4.448320,-6.642707,-2.040641e+04,-3.079355e+05,4.598422e+05,1.006370e+00,6.618622e+04
880,6.594933e+04,3.825089,-6.816435,1.704378,-2.651584e+05,4.725211e+05,-1.181489e+05,1.006157e+00,6.635540e+04
881,6.647030e+04,-0.313833,-5.066367,6.183319,2.184093e+04,3.525893e+05,-4.303226e+05,1.006210e+00,6.688308e+04
882,6.684900e+04,-2.743683,-1.697554,-7.320554,1.914873e+05,1.184758e+05,5.109167e+05,1.006148e+00,6.725999e+04
883,6.692511e+04,-3.261378,-7.185931,1.313700,2.277479e+05,5.018065e+05,-9.173800e+04,1.005101e+00,6.726646e+04
884,6.693283e+04,3.334893,7.062548,-1.731734,-2.328950e+05,-4.932189e+05,1.209371e+05,1.006801e+00,6.738806e+04
885,6.756072e+04,-7.375087,2.973741,0.874621,5.174554e+05,-2.086455e+05,-6.136573e+04,1.006252e+00,6.798311e+04
886,6.760174e+04,-6.210540,3.127030,3.956119,4.358800e+05,-2.194673e+05,-2.776560e+05,1.006013e+00,6.800822e+04
887,6.780905e+04,2.828045,-1.660736,7.296856,-1.987874e+05,1.167356e+05,-5.129066e+05,1.006175e+00,6.822775e+04
888,6.810080e+04,0.717601,0.937593,-7.912393,-5.054958e+04,-6.604637e+04,5.573688e+05,1.006184e+00,6.852196e+04
889,6.812940e+04,-1.427774,1.279351,-7.766899,1.005971e+05,-9.013964e+04,5.472347e+05,1.006178e+00,6.855028e+04
890,6.856136e+04,-0.988385,-7.825016,-1.338739,6.985939e+04,5.530745e+05,9.462248e+04,9.964686e-01,6.831925e+04
891,6.870528e+04,3.034782,-3.391063,6.579574,-2.147243e+05,2.399328e+05,-4.655341e+05,1.006161e+00,6.912857e+04
892,6.981302e+04,3.451916,-3.888005,6.080106,-2.461995e+05,2.773024e+05,-4.336487e+05,1.006156e+00,7.024276e+04
893,7.057690e+04,6.887779,-3.895812,-1.175223,-4.939343e+05,2.793753e+05,8.427723e+04,1.006145e+00,7.101061e+04
894,7.076795e+04,-0.921390,4.687668,-6.416916,6.616380e+04,-3.366153e+05,4.607903e+05,1.006335e+00,7.121629e+04
895,7.088294e+04,-1.335743,4.918768,6.166159,9.599584e+04,-3.534971e+05,-4.431433e+05,1.006236e+00,7.132495e+04
896,7.094881e+04,0.799296,-0.362968,7.951690,-5.746969e+04,2.609756e+04,-5.717297e+05,1.006202e+00,7.138886e+04
897,7.118179e+04,-7.445226,-1.610497,-2.444362,5.361928e+05,1.159853e+05,1.760389e+05,1.006175e+00,7.162132e+04
898,7.153133e+04,-7.654769,1.812833,-1.455388,5.526356e+05,-1.308774e+05,1.050716e+05,1.006195e+00,7.197445e+04
899,7.162375e+04,1.156105,-7.804990,1.321196,-8.351883e+04,5.638448e+05,-9.544530e+04,1.006142e+00,7.206364e+04
900,7.214830e+04,-5.823887,-2.612020,4.822830,4.222646e+05,1.893861e+05,-3.496824e+05,1.006489e+00,7.261644e+04
901,7.229650e+04,7.411279,2.881175,-0.878504,-5.379111e+05,-2.091159e+05,6.376184e+04,1.006445e+00,7.276247e+04
902,7.233894e+04,4.176698,-6.697554,-1.303062,-3.032340e+05,4.862515e+05,9.460407e+04,1.006139e+00,7.278304e+04
903,7.262440e+04,-0.329337,2.846394,-7.469242,2.395746e+04,-2.070594e+05,5.433460e+05,1.006225e+00,7.307647e+04
904,7.270948e+04,3.595196,-6.695070,-2.500120,-2.616838e+05,4.873145e+05,1.819764e+05,1.006134e+00,7.315550e+04
905,7.282603e+04,5.923141,-5.374723,-0.169575,-4.314734e+05,3.915237e+05,1.235276e+04,1.006140e+00,7.327319e+04
906,7.294820e+04,-0.920875,5.197907,-6.011136,6.713775e+04,-3.789610e+05,4.382506e+05,1.006385e+00,7.341399e+04
907,7.306782e+04,3.197825,6.404222,3.572094,-2.333332e+05,-4.672918e+05,-2.606421e+05,1.008006e+00,7.365281e+04
908,7.326741e+04,-0.038198,-0.113627,-7.999102,2.790961e+03,8.302215e+03,5.844607e+05,1.006157e+00,7.371851e+04
909,7.335575e+04,-2.617776,-1.961390,7.300699,1.913852e+05,1.433969e+05,-5.337528e+05,1.006313e+00,7.381886e+04
910,7.403053e+04,-3.813943,3.287899,6.216394,2.801163e+05,-2.414808e+05,-4.565651e+05,1.005927e+00,7.446928e+04
911,7.415440e+04,3.398137,-0.223927,7.238958,-2.497860e+05,1.646011e+04,-5.321122e+05,1.006182e+00,7.461284e+04
912,7.438967e+04,1.426016,-3.072594,-7.247458,-1.049879e+05,2.262144e+05,5.335814e+05,1.006134e+00,7.484597e+04
913,7.452991e+04,5.720865,-3.721519,4.173967,-4.215855e+05,2.742485e+05,-3.075905e+05,1.006146e+00,7.498800e+04
914,7.482782e+04,4.187151,0.148920,6.815100,-3.091782e+05,-1.099623e+04,-5.032253e+05,1.006190e+00,7.529102e+04
915,7.485734e+04,6.697179,1.617388,-4.065938,-4.946156e+05,-1.194511e+05,3.002870e+05,1.006274e+00,7.532703e+04
916,7.559126e+04,-0.071470,-0.211882,-7.996874,5.304188e+03,1.572489e+04,5.934918e+05,1.006154e+00,7.605642e+04
917,7.592983e+04,-1.105427,3.174460,-7.259534,8.222330e+04,-2.361211e+05,5.399750e+05,1.006222e+00,7.640226e+04
918,7.630391e+04,6.856843,4.035406,0.836180,-5.112771e+05,-3.008980e+05,-6.234933e+04,1.006680e+00,7.681364e+04
919,7.642118e+04,7.923827,-1.099786,0.058575,-5.912900e+05,8.206801e+04,-4.370951e+03,1.006182e+00,7.689359e+04
920,7.652120e+04,-3.543782,-6.747975,2.430319,2.646163e+05,5.038752e+05,-1.814733e+05,1.006189e+00,7.699480e+04
921,7.680497e+04,1.725031,-0.633455,7.786077,-1.290477e+05,4.738805e+04,-5.824680e+05,1.006181e+00,7.727973e+04
922,7.684871e+04,2.913169,4.216524,-6.142831,-2.179931e+05,-3.155234e+05,4.596694e+05,1.006399e+00,7.734045e+04
923,7.700676e+04,-5.305513,-1.184239,5.869336,3.974207e+05,8.870793e+04,-4.396551e+05,9.951729e-01,7.663504e+04
924,7.723867e+04,7.312429,3.244658,-0.024033,-5.485772e+05,-2.434137e+05,1.802953e+03,1.006485e+00,7.773958e+04
925,7.730981e+04,7.588178,2.177537,1.295331,-5.695260e+05,-1.634337e+05,-9.722027e+04,1.006344e+00,7.780025e+04
926,7.797296e+04,3.288567,6.743666,-2.776381,-2.478777e+05,-5.083078e+05,2.092714e+05,1.008167e+00,7.860973e+04
927,7.843825e+04,-6.838259,-0.995984,-4.030661,5.169734e+05,7.529652e+04,3.047186e+05,1.006149e+00,7.892056e+04
928,7.944942e+04,-6.206115,-1.498059,-4.820784,4.721977e+05,1.139811e+05,3.667935e+05,1.006144e+00,7.993756e+04
929,8.059331e+04,1.746589,-1.575339,-7.646420,-1.338440e+05,1.207208e+05,5.859578e+05,1.006139e+00,8.108811e+04
930,8.120010e+04,-1.160213,1.738204,-7.722212,8.924312e+04,-1.337020e+05,5.939893e+05,1.006173e+00,8.170132e+04
931,8.213374e+04,-0.134225,-0.040660,-7.998771,1.038370e+04,3.145454e+03,6.187892e+05,1.006150e+00,8.263885e+04
932,8.230838e+04,0.409996,-6.452527,4.711347,-3.175120e+04,4.997014e+05,-3.648596e+05,1.006167e+00,8.281600e+04
933,8.233652e+04,2.955294,-3.966040,6.287827,-2.289052e+05,3.071935e+05,-4.870298e+05,1.006148e+00,8.284269e+04
934,8.244708e+04,1.166721,-0.467746,-7.900631,-9.043020e+04,3.625405e+04,6.123618e+05,1.006148e+00,8.295398e+04
935,8.249154e+04,3.999754,5.887175,-3.652826,-3.100963e+05,-4.564260e+05,2.831994e+05,1.007119e+00,8.307878e+04
936,8.257670e+04,-5.793274,1.854392,-5.196076,4.493777e+05,-1.438431e+05,4.030537e+05,1.006153e+00,8.308481e+04
937,8.267845e+04,-0.896521,7.920529,0.679316,6.958496e+04,-6.147649e+05,-5.272621e+04,1.007474e+00,8.329642e+04
938,8.283931e+04,0.624413,-1.100275,-7.899336,-4.851193e+04,8.548265e+04,6.137161e+05,1.006141e+00,8.334800e+04
939,8.323395e+04,-6.588862,-3.974781,-2.188153,5.131205e+05,3.095439e+05,1.704067e+05,1.006168e+00,8.374732e+04
940,8.332196e+04,5.231027,4.168027,-4.389068,-4.075917e+05,-3.247648e+05,3.419879e+05,1.006492e+00,8.386284e+04
941,8.348898e+04,-0.018568,-3.413899,-7.234981,1.448221e+03,2.662710e+05,5.643008e+05,1.006130e+00,8.400078e+04
942,8.376748e+04,-0.466768,-6.079640,5.178813,3.646680e+04,4.749789e+05,-4.046007e+05,1.006179e+00,8.428511e+04
943,8.388764e+04,-0.335774,0.459914,7.979708,2.625153e+04,-3.595706e+04,-6.238708e+05,1.006200e+00,8.440773e+04
944,8.390431e+04,-6.811782,0.545745,4.159542,5.326127e+05,-4.267174e+04,-3.252343e+05,1.002774e+00,8.413706e+04
945,8.401839e+04,-5.284230,5.714011,-1.851214,4.134544e+05,-4.470817e+05,1.448447e+05,1.006271e+00,8.454530e+04
946,8.417275e+04,3.018501,-7.062624,2.237854,-2.363936e+05,5.531088e+05,-1.752573e+05,1.006145e+00,8.469000e+04
947,8.459560e+04,-0.284959,7.007622,-3.848639,2.237253e+04,-5.501781e+05,3.021620e+05,1.006972e+00,8.518541e+04
948,8.550460e+04,7.225709,3.381602,0.594893,-5.703401e+05,-2.669168e+05,-4.695614e+04,1.006471e+00,8.605792e+04
949,8.561439e+04,4.212631,-5.868997,3.436366,-3.327250e+05,4.635493e+05,-2.714135e+05,1.006140e+00,8.614007e+04
950,8.595092e+04,-6.413024,4.153991,-2.370124,5.075126e+05,-3.287377e+05,1.875664e+05,1.006193e+00,8.648319e+04
951,8.641031e+04,1.084629,-1.112571,7.847660,-8.606426e+04,8.828142e+04,-6.227040e+05,1.006175e+00,8.694390e+04
952,8.652068e+04,2.938746,3.706073,-6.452038,-2.333354e+05,-2.942609e+05,5.122896e+05,1.006311e+00,8.706669e+04
953,8.803129e+04,3.300143,6.801226,-2.617706,-2.643078e+05,-5.447088e+05,2.096515e+05,1.008089e+00,8.874336e+04
954,8.857209e+04,1.147795,0.802772,7.876428,-9.220860e+04,-6.449102e+04,-6.327563e+05,1.006183e+00,8.911975e+04
955,8.942587e+04,4.892908,-4.021609,-4.887342,-3.949639e+05,3.246311e+05,3.945145e+05,1.006122e+00,8.997338e+04
956,8.998845e+04,4.775339,2.834345,-5.758701,-3.866840e+05,-2.295116e+05,4.663120e+05,1.006280e+00,9.055357e+04
957,9.074260e+04,7.032231,-2.390427,2.972135,-5.718175e+05,1.943747e+05,-2.416756e+05,1.006145e+00,9.130024e+04
958,9.077215e+04,-6.774199,3.860643,1.790437,5.509256e+05,-3.139747e+05,-1.456109e+05,1.006198e+00,9.133473e+04
959,9.114918e+04,7.567226,2.287586,1.226394,-6.166969e+05,-1.864286e+05,-9.994590e+04,1.006314e+00,9.172470e+04
960,9.283733e+04,4.055415,3.397868,-6.000676,-3.335456e+05,-2.794644e+05,4.935375e+05,1.006300e+00,9.342221e+04
961,9.396197e+04,1.745091,-7.789127,-0.533071,-1.443952e+05,6.445009e+05,4.410823e+04,1.006121e+00,9.453713e+04
962,9.524178e+04,-4.902012,-6.047522,-1.843299,4.083634e+05,5.037905e+05,1.535565e+05,1.006144e+00,9.582691e+04
963,9.701308e+04,7.501073,0.184415,-2.774868,-6.306628e+05,-1.550493e+04,2.333007e+05,1.006186e+00,9.761325e+04
964,9.918193e+04,2.863175,-1.843645,-7.239006,-2.434013e+05,1.567301e+05,6.153949e+05,1.006128e+00,9.978976e+04
965,1.001852e+05,-5.941374,0.961972,-5.270169,5.076300e+05,-8.219072e+04,4.502824e+05,1.006135e+00,1.007998e+05
966,1.014280e+05,2.482916,0.226350,7.601572,-2.134517e+05,-1.945887e+04,-6.534931e+05,1.006162e+00,1.020530e+05
967,1.024361e+05,0.268355,2.116159,7.710373,-2.318434e+04,-1.828241e+05,-6.661324e+05,1.006178e+00,1.030690e+05
968,1.036296e+05,4.165822,1.400439,6.684661,-3.619939e+05,-1.216928e+05,-5.808714e+05,1.006189e+00,1.042709e+05
969,1.050176e+05,-4.398508,5.485678,3.815818,3.847647e+05,-4.798661e+05,-3.337932e+05,1.006148e+00,1.056633e+05
970,1.054135e+05,0.238349,0.431681,-7.984788,-2.088910e+04,-3.783290e+04,6.997938e+05,1.006141e+00,1.060609e+05
971,1.063190e+05,-5.086640,0.988929,6.094925,4.477082e+05,-8.704204e+04,-5.364539e+05,6.916975e-01,7.354056e+04
972,1.073608e+05,-2.339585,4.916358,-5.861380,2.069285e+05,-4.348355e+05,5.184195e+05,1.006238e+00,1.080305e+05
973,1.073803e+05,0.756453,-7.897395,-1.029042,-6.691187e+04,6.985620e+05,9.102363e+04,1.006105e+00,1.080359e+05
974,1.092771e+05,-0.191081,0.155021,-7.996215,1.705066e+04,-1.383293e+04,7.135226e+05,1.006136e+00,1.099476e+05
975,1.100719e+05,0.076652,7.816709,-1.700936,-6.864643e+03,-7.000368e+05,1.523298e+05,1.007611e+00,1.109097e+05
976,1.111483e+05,-0.187336,7.310968,-3.242630,1.685900e+04,-6.579379e+05,2.918149e+05,1.007046e+00,1.119314e+05
977,1.131443e+05,-4.107282,0.577348,6.840826,3.729319e+05,-5.242191e+04,-6.211315e+05,1.003252e+00,1.135122e+05
978,1.136943e+05,2.775445,-5.762414,-4.805360,-2.526159e+05,5.244843e+05,4.373750e+05,1.006113e+00,1.143894e+05
979,1.138702e+05,-3.033759,-1.677052,7.209980,2.763407e+05,1.527603e+05,-6.567466e+05,1.006246e+00,1.145814e+05
980,1.153786e+05,-0.918147,0.673686,-7.918532,8.418482e+04,-6.177022e+04,7.260492e+05,1.006136e+00,1.160866e+05
981,1.154957e+05,-2.244608,6.757040,3.647486,2.059122e+05,-6.198664e+05,-3.346072e+05,1.006369e+00,1.162314e+05
982,1.166080e+05,7.573999,-0.212952,-2.566942,-6.981489e+05,1.962925e+04,2.366131e+05,1.006161e+00,1.173264e+05
983,1.168029e+05,1.439887,-6.667320,-4.180140,-1.328355e+05,6.150874e+05,3.856349e+05,1.006114e+00,1.175171e+05
984,1.217728e+05,0.006764,-5.598427,5.714680,-6.371592e+02,5.273511e+05,-5.383018e+05,1.006148e+00,1.225215e+05
985,1.234948e+05,3.311943,-0.910179,7.225137,-3.141709e+05,8.633953e+04,-6.853763e+05,1.006138e+00,1.242528e+05
986,1.240348e+05,-1.302503,-0.124069,-7.892281,1.238253e+05,1.179489e+04,7.502966e+05,1.006126e+00,1.247946e+05
987,1.264958e+05,-0.852579,-0.714306,7.922302,8.185238e+04,6.857743e+04,-7.605857e+05,1.006175e+00,1.272769e+05
988,1.268041e+05,2.391665,-5.782960,-4.983705,-2.298929e+05,5.558728e+05,4.790464e+05,1.006111e+00,1.275789e+05
989,1.268390e+05,-7.309394,0.678306,3.180041,7.026943e+05,-6.520946e+04,-3.057157e+05,1.006298e+00,1.276379e+05
990,1.315585e+05,-0.389755,3.453011,-7.205887,3.816012e+04,-3.380773e+05,7.055138e+05,1.006178e+00,1.323713e+05
991,1.348108e+05,2.819277,5.284601,-5.303270,-2.794208e+05,-5.237610e+05,5.256113e+05,1.006393e+00,1.356726e+05
992,1.351721e+05,6.322892,-0.400251,-4.884756,-6.275062e+05,3.972237e+04,4.847805e+05,1.006140e+00,1.360021e+05
993,1.373108e+05,6.010318,-0.316685,5.270274,-6.011855e+05,3.167655e+04,-5.271621e+05,1.006142e+00,1.381542e+05
994,1.382015e+05,-0.207130,2.581747,-7.569127,2.078537e+04,-2.590769e+05,7.595579e+05,1.006155e+00,1.390521e+05
995,1.416524e+05,5.814907,4.435926,3.241823,-5.907632e+05,-4.506662e+05,-3.293517e+05,1.006445e+00,1.425653e+05
996,1.416601e+05,3.130163,-5.103036,-5.306703,-3.180164e+05,5.184551e+05,5.391471e+05,1.006107e+00,1.425253e+05
997,1.498379e+05,6.135843,-1.455737,-4.922627,-6.411265e+05,1.521081e+05,5.143591e+05,1.006123e+00,1.507553e+05
998,1.572724e+05,-1.191152,-0.945536,-7.854115,1.275123e+05,1.012192e+05,8.407796e+05,1.006114e+00,1.582340e+05
999,1.751261e+05,-0.381770,2.521038,7.582784,4.312572e+04,-2.847827e+05,-8.565700e+05,1.006139e+00,1.762012e+05

Summary
Radius,2.000000m
Current,1.0000e+05A
Temperature,1.0000e+08K
Mass,2.6768e-26kg
Charge,1.2818e-18C
Dose expected value,3.3959e+04
Total,1000
Seed,227238
