C	Flux (particles/(EU*-day-cm2)) vs. Energy (EU*) vs. Isotope at Point 1
C	Energy unit (EU*) is MeV for photon, electron, and positron; EU* is MeV/amu for all other particles.

C	Created on Thu Apr 16 21:44:19 2026
C	Job Name: job_1
C	TARIS FORTRAN code version 5.01

C	 axis name= Energy unit= EU* 
C	 Energy unit (EU*) is MeV for photon, electron, and positron; EU* is MeV/amu for all other particles.
C	 Energy array dimensions and data
       1     125
   1.000000E-02   1.160155E-02   1.345960E-02   1.561523E-02   1.811609E-02
   2.101748E-02   2.438354E-02   2.828869E-02   3.281928E-02   3.807546E-02
   4.417345E-02   5.124806E-02   5.945571E-02   6.897785E-02   8.002502E-02
   9.284145E-02   1.077105E-01   1.249609E-01   1.449741E-01   1.681924E-01
   1.951293E-01   2.263803E-01   2.626364E-01   3.046990E-01   3.534981E-01
   4.101127E-01   4.757944E-01   5.519954E-01   6.404004E-01   7.429640E-01
   8.619536E-01   1.000000E+00   1.160155E+00   1.345960E+00   1.561523E+00
   1.811609E+00   2.101748E+00   2.438354E+00   2.828869E+00   3.281928E+00
   3.807546E+00   4.417345E+00   5.124806E+00   5.945571E+00   6.897785E+00
   8.002502E+00   9.284145E+00   1.077105E+01   1.249609E+01   1.449741E+01
   1.681924E+01   1.951293E+01   2.263803E+01   2.626364E+01   3.046990E+01
   3.534981E+01   4.101127E+01   4.757944E+01   5.519954E+01   6.404004E+01
   7.429640E+01   8.619536E+01   1.000000E+02   1.160155E+02   1.345960E+02
   1.561523E+02   1.811609E+02   2.101748E+02   2.438354E+02   2.828869E+02
   3.281928E+02   3.807546E+02   4.417345E+02   5.124806E+02   5.945571E+02
   6.897785E+02   8.002502E+02   9.284145E+02   1.077105E+03   1.249609E+03
   1.449741E+03   1.681924E+03   1.951293E+03   2.263803E+03   2.626364E+03
   3.046990E+03   3.534981E+03   4.101127E+03   4.757944E+03   5.519954E+03
   6.404004E+03   7.429640E+03   8.619536E+03   1.000000E+04   1.160155E+04
   1.345960E+04   1.561523E+04   1.811609E+04   2.101748E+04   2.438354E+04
   2.828869E+04   3.281928E+04   3.807546E+04   4.417345E+04   5.124806E+04
   5.945571E+04   6.897785E+04   8.002502E+04   9.284145E+04   1.077105E+05
   1.249609E+05   1.449741E+05   1.681924E+05   1.951293E+05   2.263803E+05
   2.626364E+05   3.046990E+05   3.534981E+05   4.101127E+05   4.757944E+05
   5.519954E+05   6.404004E+05   7.429640E+05   8.619536E+05   1.000000E+06


C	 axis name= Particle
C	 Particle array dimensions and data
       1      66
         photon       electron       positron            mu-            mu+
            pi-            pi+        neutron         proton       deuteron
         triton         helion          alpha            Li6            Li7
            Be8            Be9            B10            B11            C12
            C13            N14            N15            O16            O17
            F18            F19           Ne20           Ne21           Ne22
           Na23           Mg24           Mg25           Mg26           Al27
           Si28            P29            S30            S31            S32
           Cl33           Ar34           Cl35           Ar36            K37
           Ar38            K39           Ca40           Ca41           Ca42
           Sc43           Ti44           Ti45           Ti46           Ti47
            V48            V49           Cr50           Cr51           Cr52
           Mn53           Mn54           Fe55           Fe56           Co57
           Ni58

C	 array dimensions and data
       1     125       1      66
 1.0000000e-20  1.0000000e-20  1.0000000e-20  1.0000000e-20  1.0000000e-20
 1.0000000e-20  1.0000000e-20  1.0000000e-20  1.0000000e-20  1.0000000e-20
 1.0000000e-20  1.0000000e-20  1.0000000e-20  1.0000000e-20  1.0000000e-20
 1.0000000e-20  1.0000000e-20  1.0000000e-20  1.0000000e-20  1.0000000e-20
 1.0000000e-20  1.0000000e-20  1.0000000e-20  1.0000000e-20  1.0000000e-20
 1.0000000e-20  1.0000000e-20  1.0000000e-20  1.0000000e-20  1.0000000e-20
 1.0000000e-20  1.0000000e-20  1.0000000e-20  1.0000000e-20  1.0000000e-20
 1.0000000e-20  1.0000000e-20  1.0000000e-20  1.0000000e-20  1.0000000e-20
 1.0000000e-20  1.0000000e-20  1.0000000e-20  1.0000000e-20  1.0000000e-20
 1.0000000e-20  1.0000000e-20  1.0000000e-20  1.0000000e-20  1.0000000e-20
 1.0000000e-20  1.0000000e-20  1.0000000e-20  1.0000000e-20  1.0000000e-20
 1.0000000e-20  1.0000000e-20  1.0000000e-20  1.0000000e-20  1.0000000e-20
 1.0000000e-20  1.0000000e-20  1.0000000e-20  1.0000000e-20  1.0000000e-20
 1.0000000e-20  1.0000000e-20  1.0000000e-20  1.0000000e-20  1.0000000e-20
 1.0000000e-20  1.0000000e-20  1.0000000e-20  1.0000000e-20  1.0000000e-20
 1.0000000e-20  1.0000000e-20  1.0000000e-20  1.0000000e-20  1.0000000e-20
 1.0000000e-20  1.0000000e-20  1.0000000e-20  1.0000000e-20  1.0000000e-20
 1.0000000e-20  1.0000000e-20  1.0000000e-20  1.0000000e-20  1.0000000e-20
 1.0000000e-20  1.0000000e-20  1.0000000e-20  1.0000000e-20  1.0000000e-20
 1.0000000e-20  1.0000000e-20  1.0000000e-20  1.0000000e-20  1.0000000e-20
 1.0000000e-20  1.0000000e-20  1.0000000e-20  1.0000000e-20  1.0000000e-20
 1.0000000e-20  1.0000000e-20  1.0000000e-20  1.0000000e-20  1.0000000e-20
 1.0000000e-20  1.0000000e-20  1.0000000e-20  1.0000000e-20  1.0000000e-20
 1.0000000e-20  1.0000000e-20  1.0000000e-20  1.0000000e-20  1.0000000e-20
 1.0000000e-20  1.0000000e-20  1.0000000e-20  1.0000000e-20  1.0000000e-20
 1.0000000e-20  1.0000000e-20  1.0000000e-20  1.0000000e-20  1.0000000e-20
 1.0000000e-20  1.0000000e-20  1.0000000e-20  1.0000000e-20  1.0000000e-20
 1.0000000e-20  1.0000000e-20  1.0000000e-20  1.0000000e-20  1.0000000e-20
 1.0000000e-20  1.0000000e-20  1.0000000e-20  1.0000000e-20  1.0000000e-20
 1.0000000e-20  1.0000000e-20  1.0000000e-20  1.0000000e-20  1.0000000e-20
 1.0000000e-20  1.0000000e-20  1.0000000e-20  1.0000000e-20  1.0000000e-20
 1.0000000e-20  1.0000000e-20  1.0000000e-20  1.0000000e-20  1.0000000e-20
 1.0000000e-20  1.0000000e-20  1.0000000e-20  1.0000000e-20  1.0000000e-20
 1.0000000e-20  1.0000000e-20  1.0000000e-20  1.0000000e-20  1.0000000e-20
 1.0000000e-20  1.0000000e-20  1.0000000e-20  1.0000000e-20  1.0000000e-20
 1.0000000e-20  1.0000000e-20  1.0000000e-20  1.0000000e-20  1.0000000e-20
 1.0000000e-20  1.0000000e-20  1.0000000e-20  1.0000000e-20  1.0000000e-20
 1.0000000e-20  1.0000000e-20  1.0000000e-20  1.0000000e-20  1.0000000e-20
 1.0000000e-20  1.0000000e-20  1.0000000e-20  1.0000000e-20  1.0000000e-20
 1.0000000e-20  1.0000000e-20  1.0000000e-20  1.0000000e-20  1.0000000e-20
 1.0000000e-20  1.0000000e-20  1.0000000e-20  1.0000000e-20  1.0000000e-20
 1.0000000e-20  1.0000000e-20  1.0000000e-20  1.0000000e-20  1.0000000e-20
 1.0000000e-20  1.0000000e-20  1.0000000e-20  1.0000000e-20  1.0000000e-20
 1.0000000e-20  1.0000000e-20  1.0000000e-20  1.0000000e-20  1.0000000e-20
 1.0000000e-20  1.0000000e-20  1.0000000e-20  1.0000000e-20  1.0000000e-20
 1.0000000e-20  1.0000000e-20  1.0000000e-20  1.0000000e-20  1.0000000e-20
 1.0000000e-20  1.0000000e-20  1.0000000e-20  1.0000000e-20  1.0000000e-20
 1.0000000e-20  1.0000000e-20  1.0000000e-20  1.0000000e-20  1.0000000e-20
 1.0000000e-20  1.0000000e-20  1.0000000e-20  1.0000000e-20  1.0000000e-20
 1.0000000e-20  1.0000000e-20  1.0000000e-20  1.0000000e-20  1.0000000e-20
 1.0000000e-20  1.0000000e-20  1.0000000e-20  1.0000000e-20  1.0000000e-20
 1.0000000e-20  1.0000000e-20  1.0000000e-20  1.0000000e-20  1.0000000e-20
 1.0000000e-20  1.0000000e-20  1.0000000e-20  1.0000000e-20  1.0000000e-20
 1.0000000e-20  1.0000000e-20  1.0000000e-20  1.0000000e-20  1.0000000e-20
 1.0000000e-20  1.0000000e-20  1.0000000e-20  1.0000000e-20  1.0000000e-20
 1.0000000e-20  1.0000000e-20  1.0000000e-20  1.0000000e-20  1.0000000e-20
 1.0000000e-20  1.0000000e-20  1.0000000e-20  1.0000000e-20  1.0000000e-20
 1.0000000e-20  1.0000000e-20  1.0000000e-20  1.0000000e-20  1.0000000e-20
 1.0000000e-20  1.0000000e-20  1.0000000e-20  1.0000000e-20  1.0000000e-20
 1.0000000e-20  1.0000000e-20  1.0000000e-20  1.0000000e-20  1.0000000e-20
 1.0000000e-20  1.0000000e-20  1.0000000e-20  1.0000000e-20  1.0000000e-20
 1.0000000e-20  1.0000000e-20  1.0000000e-20  1.0000000e-20  1.0000000e-20
 1.0000000e-20  1.0000000e-20  1.0000000e-20  1.0000000e-20  1.0000000e-20
 1.0000000e-20  1.0000000e-20  1.0000000e-20  1.0000000e-20  1.0000000e-20
 1.0000000e-20  1.0000000e-20  1.0000000e-20  1.0000000e-20  1.0000000e-20
 1.0000000e-20  1.0000000e-20  1.0000000e-20  1.0000000e-20  1.0000000e-20
 1.0000000e-20  1.0000000e-20  1.0000000e-20  1.0000000e-20  1.0000000e-20
 1.0000000e-20  1.0000000e-20  1.0000000e-20  1.0000000e-20  1.0000000e-20
 1.0000000e-20  1.0000000e-20  1.0000000e-20  1.0000000e-20  1.0000000e-20
 1.0000000e-20  1.0000000e-20  1.0000000e-20  1.0000000e-20  1.0000000e-20
 1.0000000e-20  1.0000000e-20  1.0000000e-20  1.0000000e-20  1.0000000e-20
 1.0000000e-20  1.0000000e-20  1.0000000e-20  1.0000000e-20  1.0000000e-20
 1.0000000e-20  1.0000000e-20  1.0000000e-20  1.0000000e-20  1.0000000e-20
 1.0000000e-20  1.0000000e-20  1.0000000e-20  1.0000000e-20  1.0000000e-20
 1.0000000e-20  1.0000000e-20  1.0000000e-20  1.0000000e-20  1.0000000e-20
 1.0000000e-20  1.0000000e-20  1.0000000e-20  1.0000000e-20  1.0000000e-20
 1.0000000e-20  1.0000000e-20  1.0000000e-20  1.0000000e-20  1.0000000e-20
 1.0000000e-20  1.0000000e-20  1.0000000e-20  1.0000000e-20  1.0000000e-20
 1.0000000e-20  1.0000000e-20  1.0000000e-20  1.0000000e-20  1.0000000e-20
 1.0000000e-20  1.0000000e-20  1.0000000e-20  1.0000000e-20  1.0000000e-20
 1.0000000e-20  1.0000000e-20  1.0000000e-20  1.0000000e-20  1.0000000e-20
 1.0000000e-20  1.0000000e-20  1.0000000e-20  1.0000000e-20  1.0000000e-20
 1.0000000e-20  1.0000000e-20  1.0000000e-20  1.0000000e-20  1.0000000e-20
 1.0000000e-20  1.0000000e-20  1.0000000e-20  1.0000000e-20  1.0000000e-20
 1.0000000e-20  1.0000000e-20  1.0000000e-20  1.0000000e-20  1.0000000e-20
 1.0000000e-20  1.0000000e-20  1.0000000e-20  1.0000000e-20  1.0000000e-20
 1.0000000e-20  1.0000000e-20  1.0000000e-20  1.0000000e-20  1.0000000e-20
 1.0000000e-20  1.0000000e-20  1.0000000e-20  1.0000000e-20  1.0000000e-20
 1.0000000e-20  1.0000000e-20  1.0000000e-20  1.0000000e-20  1.0000000e-20
 1.0000000e-20  1.0000000e-20  1.0000000e-20  1.0000000e-20  1.0000000e-20
 1.0000000e-20  1.0000000e-20  1.0000000e-20  1.0000000e-20  1.0000000e-20
 1.0000000e-20  1.0000000e-20  1.0000000e-20  1.0000000e-20  1.0000000e-20
 1.0000000e-20  1.0000000e-20  1.0000000e-20  1.0000000e-20  1.0000000e-20
 1.0000000e-20  1.0000000e-20  1.0000000e-20  1.0000000e-20  1.0000000e-20
 1.0000000e-20  1.0000000e-20  1.0000000e-20  1.0000000e-20  1.0000000e-20
 1.0000000e-20  1.0000000e-20  1.0000000e-20  1.0000000e-20  1.0000000e-20
 1.0000000e-20  1.0000000e-20  1.0000000e-20  1.0000000e-20  1.0000000e-20
 1.0000000e-20  1.0000000e-20  1.0000000e-20  1.0000000e-20  1.0000000e-20
 1.0000000e-20  1.0000000e-20  1.0000000e-20  1.0000000e-20  1.0000000e-20
 1.0000000e-20  1.0000000e-20  1.0000000e-20  1.0000000e-20  1.0000000e-20
 1.0000000e-20  1.0000000e-20  1.0000000e-20  1.0000000e-20  1.0000000e-20
 1.0000000e-20  1.0000000e-20  1.0000000e-20  1.0000000e-20  1.0000000e-20
 1.0000000e-20  1.0000000e-20  1.0000000e-20  1.0000000e-20  1.0000000e-20
 1.0000000e-20  1.0000000e-20  1.0000000e-20  1.0000000e-20  1.0000000e-20
 1.0000000e-20  1.0000000e-20  1.0000000e-20  1.0000000e-20  1.0000000e-20
 1.0000000e-20  1.0000000e-20  1.0000000e-20  1.0000000e-20  1.0000000e-20
 1.0000000e-20  1.0000000e-20  1.0000000e-20  1.0000000e-20  1.0000000e-20
 1.0000000e-20  1.0000000e-20  1.0000000e-20  1.0000000e-20  1.0000000e-20
 1.0000000e-20  1.0000000e-20  1.0000000e-20  1.0000000e-20  1.0000000e-20
 1.0000000e-20  1.0000000e-20  1.0000000e-20  1.0000000e-20  1.0000000e-20
 1.0000000e-20  1.0000000e-20  1.0000000e-20  1.0000000e-20  1.0000000e-20
 1.0000000e-20  1.0000000e-20  1.0000000e-20  1.0000000e-20  1.0000000e-20
 1.0000000e-20  1.0000000e-20  1.0000000e-20  1.0000000e-20  1.0000000e-20
 1.0000000e-20  1.0000000e-20  1.0000000e-20  1.0000000e-20  1.0000000e-20
 1.0000000e-20  1.0000000e-20  1.0000000e-20  1.0000000e-20  1.0000000e-20
 1.0000000e-20  1.0000000e-20  1.0000000e-20  1.0000000e-20  1.0000000e-20
 1.0000000e-20  1.0000000e-20  1.0000000e-20  1.0000000e-20  1.0000000e-20
 1.0000000e-20  1.0000000e-20  1.0000000e-20  1.0000000e-20  1.0000000e-20
 1.0000000e-20  1.0000000e-20  1.0000000e-20  1.0000000e-20  1.0000000e-20
 1.0000000e-20  1.0000000e-20  1.0000000e-20  1.0000000e-20  1.0000000e-20
 1.0000000e-20  1.0000000e-20  1.0000000e-20  1.0000000e-20  1.0000000e-20
 1.0000000e-20  1.0000000e-20  1.0000000e-20  1.0000000e-20  1.0000000e-20
 1.0000000e-20  1.0000000e-20  1.0000000e-20  1.0000000e-20  1.0000000e-20
 1.0000000e-20  1.0000000e-20  1.0000000e-20  1.0000000e-20  1.0000000e-20
 1.0000000e-20  1.0000000e-20  1.0000000e-20  1.0000000e-20  1.0000000e-20
 1.0000000e-20  1.0000000e-20  1.0000000e-20  1.0000000e-20  1.0000000e-20
 1.0000000e-20  1.0000000e-20  1.0000000e-20  1.0000000e-20  1.0000000e-20
 1.0000000e-20  1.0000000e-20  1.0000000e-20  1.0000000e-20  1.0000000e-20
 1.0000000e-20  1.0000000e-20  1.0000000e-20  1.0000000e-20  1.0000000e-20
 1.0000000e-20  1.0000000e-20  1.0000000e-20  1.0000000e-20  1.0000000e-20
 1.0000000e-20  1.0000000e-20  1.0000000e-20  1.0000000e-20  1.0000000e-20
 1.0000000e-20  1.0000000e-20  1.0000000e-20  1.0000000e-20  1.0000000e-20
 1.0000000e-20  1.0000000e-20  1.0000000e-20  1.0000000e-20  1.0000000e-20
 1.0000000e-20  1.0000000e-20  1.0000000e-20  1.0000000e-20  1.0000000e-20
 1.0000000e-20  1.0000000e-20  1.0000000e-20  1.0000000e-20  1.0000000e-20
 1.0000000e-20  1.0000000e-20  1.0000000e-20  1.0000000e-20  1.0000000e-20
 1.0000000e-20  1.0000000e-20  1.0000000e-20  1.0000000e-20  1.0000000e-20
 1.0000000e-20  1.0000000e-20  1.0000000e-20  1.0000000e-20  1.0000000e-20
 1.0000000e-20  1.0000000e-20  1.0000000e-20  1.0000000e-20  1.0000000e-20
 1.0000000e-20  1.0000000e-20  1.0000000e-20  1.0000000e-20  1.0000000e-20
 1.0000000e-20  1.0000000e-20  1.0000000e-20  1.0000000e-20  1.0000000e-20
 1.0000000e-20  1.0000000e-20  1.0000000e-20  1.0000000e-20  1.0000000e-20
 1.0000000e-20  1.0000000e-20  1.0000000e-20  1.0000000e-20  1.0000000e-20
 1.0000000e-20  1.0000000e-20  1.0000000e-20  1.0000000e-20  1.0000000e-20
 1.0000000e-20  1.0000000e-20  1.0000000e-20  1.0000000e-20  1.0000000e-20
 1.0000000e-20  1.0000000e-20  1.0000000e-20  1.0000000e-20  1.0000000e-20
 1.0000000e-20  1.0000000e-20  1.0000000e-20  1.0000000e-20  1.0000000e-20
 1.0000000e-20  1.0000000e-20  1.0000000e-20  1.0000000e-20  1.0000000e-20
 1.0000000e-20  1.0000000e-20  1.0000000e-20  1.0000000e-20  1.0000000e-20
 1.0000000e-20  1.0000000e-20  1.0000000e-20  1.0000000e-20  1.0000000e-20
 1.0000000e-20  1.0000000e-20  1.0000000e-20  1.0000000e-20  1.0000000e-20
 1.0000000e-20  1.0000000e-20  1.0000000e-20  1.0000000e-20  1.0000000e-20
 1.0000000e-20  1.0000000e-20  1.0000000e-20  1.0000000e-20  1.0000000e-20
 1.0000000e-20  1.0000000e-20  1.0000000e-20  1.0000000e-20  1.0000000e-20
 1.0000000e-20  1.0000000e-20  1.0000000e-20  1.0000000e-20  1.0000000e-20
 1.0000000e-20  1.0000000e-20  1.0000000e-20  1.0000000e-20  1.0000000e-20
 1.0000000e-20  1.0000000e-20  1.0000000e-20  1.0000000e-20  1.0000000e-20
 1.0000000e-20  1.0000000e-20  1.0000000e-20  1.0000000e-20  1.0000000e-20
 1.0000000e-20  1.0000000e-20  1.0000000e-20  1.0000000e-20  1.0000000e-20
 1.0000000e-20  1.0000000e-20  1.0000000e-20  1.0000000e-20  1.0000000e-20
 1.0000000e-20  1.0000000e-20  1.0000000e-20  1.0000000e-20  1.0000000e-20
 1.0000000e-20  1.0000000e-20  1.0000000e-20  1.0000000e-20  1.0000000e-20
 1.0000000e-20  1.0000000e-20  1.0000000e-20  1.0000000e-20  1.0000000e-20
 1.0000000e-20  1.0000000e-20  1.0000000e-20  1.0000000e-20  1.0000000e-20
 1.0000000e-20  1.0000000e-20  1.0000000e-20  1.0000000e-20  1.0000000e-20
 1.0000000e-20  1.0000000e-20  1.0000000e-20  1.0000000e-20  1.0000000e-20
 1.0000000e-20  1.0000000e-20  1.0000000e-20  1.0000000e-20  1.0000000e-20
 1.0000000e-20  1.0000000e-20  1.0000000e-20  1.0000000e-20  1.0000000e-20
 1.0000000e-20  1.0000000e-20  1.0000000e-20  1.0000000e-20  1.0000000e-20
 1.0000000e-20  1.0000000e-20  1.0000000e-20  1.0000000e-20  1.0000000e-20
 1.0000000e-20  1.0000000e-20  1.0000000e-20  1.0000000e-20  1.0000000e-20
 1.0000000e-20  1.0000000e-20  1.0000000e-20  1.0000000e-20  1.0000000e-20
 1.0000000e-20  1.0000000e-20  1.0000000e-20  1.0000000e-20  1.0000000e-20
 1.0000000e-20  1.0000000e-20  1.0000000e-20  1.0000000e-20  1.0000000e-20
 1.0000000e-20  1.0000000e-20  1.0000000e-20  1.0000000e-20  1.0000000e-20
 1.0000000e-20  1.0000000e-20  1.0000000e-20  1.0000000e-20  1.0000000e-20
 1.0000000e-20  1.0000000e-20  1.0000000e-20  1.0000000e-20  1.0000000e-20
 1.0000000e-20  1.0000000e-20  1.0000000e-20  1.0000000e-20  1.0000000e-20
 1.0000000e-20  1.0000000e-20  1.0000000e-20  1.0000000e-20  1.0000000e-20
 1.0000000e-20  1.0000000e-20  1.0000000e-20  1.0000000e-20  1.0000000e-20
 1.0000000e-20  1.0000000e-20  1.0000000e-20  1.0000000e-20  1.0000000e-20
 1.0000000e-20  1.0000000e-20  1.0000000e-20  1.0000000e-20  1.0000000e-20
 1.0000000e-20  1.0000000e-20  1.0000000e-20  1.0000000e-20  1.0000000e-20
 1.0000000e-20  1.0000000e-20  1.0000000e-20  1.0000000e-20  1.0000000e-20
 1.0000000e-20  1.0000000e-20  1.0000000e-20  1.0000000e-20  1.0000000e-20
 1.0000000e-20  1.0000000e-20  1.0000000e-20  1.0000000e-20  1.0000000e-20
 1.0000000e-20  1.0000000e-20  1.0000000e-20  1.0000000e-20  1.0000000e-20
 1.0000000e-20  1.0000000e-20  1.0000000e-20  1.0000000e-20  1.0000000e-20
 1.0000000e-20  1.0000000e-20  1.0000000e-20  1.0000000e-20  1.0000000e-20
 1.0000000e-20  1.0000000e-20  1.0000000e-20  1.0000000e-20  1.0000000e-20
 1.0000000e-20  1.0000000e-20  1.0000000e-20  1.0000000e-20  1.0000000e-20
 1.0000000e-20  1.0000000e-20  1.0000000e-20  1.0000000e-20  1.0000000e-20
 1.0000000e-20  1.0000000e-20  1.0000000e-20  1.0000000e-20  1.0000000e-20
 1.0000000e-20  1.0000000e-20  1.0000000e-20  1.0000000e-20  1.0000000e-20
 1.0000000e-20  1.0000000e-20  1.0000000e-20  1.0000000e-20  1.0000000e-20
 1.0000000e-20  1.0000000e-20  1.0000000e-20  1.0000000e-20  1.0000000e-20
 1.0000000e-20  1.0000000e-20  1.0000000e-20  1.0000000e-20  1.0000000e-20
 1.0000000e-20  1.0000000e-20  1.0000000e-20  1.0000000e-20  1.0000000e-20
 1.0000000e-20  1.0000000e-20  1.0000000e-20  1.0000000e-20  1.0000000e-20
 1.0000000e-20  1.0000000e-20  1.0000000e-20  1.0000000e-20  1.0000000e-20
 2.4460540e-04  2.9562680e-04  3.5729070e-04  4.3181700e-04  5.2188830e-04
 6.3074750e-04  7.6231320e-04  9.2132160e-04  1.1134980e-03  1.3457590e-03
 1.6264660e-03  1.9657260e-03  2.3757510e-03  2.8713010e-03  3.4702170e-03
 4.1940590e-03  5.0684340e-03  6.1201290e-03  7.3827420e-03  8.8967490e-03
 1.0710020e-02  1.2879050e-02  1.5470470e-02  1.8562700e-02  2.2248050e-02
 2.6634990e-02  3.1850920e-02  3.8045320e-02  4.5393530e-02  5.4101080e-02
 6.4408850e-02  7.6599120e-02  9.1002620e-02  1.0800700e-01  1.2806670e-01
 1.5171440e-01  1.7957570e-01  2.1238460e-01  2.5100430e-01  2.9645010e-01
 3.4991810e-01  4.1281900e-01  4.8681920e-01  5.7389090e-01  6.7637140e-01
 7.9703720e-01  9.3919270e-01  1.1067790e+00  1.3045050e+00  1.5380120e+00
 1.8140650e+00  2.1407880e+00  2.5279460e+00  2.9872610e+00  3.5327720e+00
 4.1812230e+00  4.9524240e+00  5.8695250e+00  6.9590980e+00  8.2508520e+00
 9.7767520e+00  1.1569270e+01  1.3658500e+01  1.6067970e+01  1.8809040e+01
 2.1874320e+01  2.5230700e+01  2.8813390e+01  3.2522070e+01  3.6221160e+01
 3.9744980e+01  4.2908500e+01  4.5523010e+01  4.7414830e+01  4.8444620e+01
 4.8524010e+01  4.7627020e+01  4.5794020e+01  4.3127750e+01  3.9782030e+01
 3.5945050e+01  3.1820060e+01  2.7606020e+01  2.3481300e+01  1.9591680e+01
 1.6043810e+01  1.2903920e+01  1.0200960e+01  7.9327230e+00  6.0736330e+00
 4.5827160e+00  3.4108490e+00  2.5066420e+00  1.8207000e+00  1.3083440e+00
 9.3100760e-01  6.5664110e-01  4.5943480e-01  3.1915010e-01  2.2027880e-01
 1.5116920e-01  1.0321600e-01  7.0158430e-02  4.7499930e-02  3.2047520e-02
 2.1556100e-02  1.4460590e-02  9.6780620e-03  6.4640900e-03  4.3098020e-03
 2.8690530e-03  1.9073850e-03  1.2665880e-03  8.4022380e-04  5.5689860e-04
 3.6883270e-04  2.4411800e-04  1.6148240e-04  1.0676740e-04  7.0561740e-05
 4.6616720e-05  3.0787740e-05  2.0328060e-05  1.3418770e-05  8.8560810e-06
 1.0000000e-20  1.0000000e-20  1.0000000e-20  1.0000000e-20  1.0000000e-20
 1.0000000e-20  1.0000000e-20  1.0000000e-20  1.0000000e-20  1.0000000e-20
 1.0000000e-20  1.0000000e-20  1.0000000e-20  1.0000000e-20  1.0000000e-20
 1.0000000e-20  1.0000000e-20  1.0000000e-20  1.0000000e-20  1.0000000e-20
 1.0000000e-20  1.0000000e-20  1.0000000e-20  1.0000000e-20  1.0000000e-20
 1.0000000e-20  1.0000000e-20  1.0000000e-20  1.0000000e-20  1.0000000e-20
 1.0000000e-20  1.0000000e-20  1.0000000e-20  1.0000000e-20  1.0000000e-20
 1.0000000e-20  1.0000000e-20  1.0000000e-20  1.0000000e-20  1.0000000e-20
 1.0000000e-20  1.0000000e-20  1.0000000e-20  1.0000000e-20  1.0000000e-20
 1.0000000e-20  1.0000000e-20  1.0000000e-20  1.0000000e-20  1.0000000e-20
 1.0000000e-20  1.0000000e-20  1.0000000e-20  1.0000000e-20  1.0000000e-20
 1.0000000e-20  1.0000000e-20  1.0000000e-20  1.0000000e-20  1.0000000e-20
 1.0000000e-20  1.0000000e-20  1.0000000e-20  1.0000000e-20  1.0000000e-20
 1.0000000e-20  1.0000000e-20  1.0000000e-20  1.0000000e-20  1.0000000e-20
 1.0000000e-20  1.0000000e-20  1.0000000e-20  1.0000000e-20  1.0000000e-20
 1.0000000e-20  1.0000000e-20  1.0000000e-20  1.0000000e-20  1.0000000e-20
 1.0000000e-20  1.0000000e-20  1.0000000e-20  1.0000000e-20  1.0000000e-20
 1.0000000e-20  1.0000000e-20  1.0000000e-20  1.0000000e-20  1.0000000e-20
 1.0000000e-20  1.0000000e-20  1.0000000e-20  1.0000000e-20  1.0000000e-20
 1.0000000e-20  1.0000000e-20  1.0000000e-20  1.0000000e-20  1.0000000e-20
 1.0000000e-20  1.0000000e-20  1.0000000e-20  1.0000000e-20  1.0000000e-20
 1.0000000e-20  1.0000000e-20  1.0000000e-20  1.0000000e-20  1.0000000e-20
 1.0000000e-20  1.0000000e-20  1.0000000e-20  1.0000000e-20  1.0000000e-20
 1.0000000e-20  1.0000000e-20  1.0000000e-20  1.0000000e-20  1.0000000e-20
 1.0000000e-20  1.0000000e-20  1.0000000e-20  1.0000000e-20  1.0000000e-20
 1.0000000e-20  1.0000000e-20  1.0000000e-20  1.0000000e-20  1.0000000e-20
 1.0000000e-20  1.0000000e-20  1.0000000e-20  1.0000000e-20  1.0000000e-20
 1.0000000e-20  1.0000000e-20  1.0000000e-20  1.0000000e-20  1.0000000e-20
 1.0000000e-20  1.0000000e-20  1.0000000e-20  1.0000000e-20  1.0000000e-20
 1.0000000e-20  1.0000000e-20  1.0000000e-20  1.0000000e-20  1.0000000e-20
 1.0000000e-20  1.0000000e-20  1.0000000e-20  1.0000000e-20  1.0000000e-20
 1.0000000e-20  1.0000000e-20  1.0000000e-20  1.0000000e-20  1.0000000e-20
 1.0000000e-20  1.0000000e-20  1.0000000e-20  1.0000000e-20  1.0000000e-20
 1.0000000e-20  1.0000000e-20  1.0000000e-20  1.0000000e-20  1.0000000e-20
 1.0000000e-20  1.0000000e-20  1.0000000e-20  1.0000000e-20  1.0000000e-20
 1.0000000e-20  1.0000000e-20  1.0000000e-20  1.0000000e-20  1.0000000e-20
 1.0000000e-20  1.0000000e-20  1.0000000e-20  1.0000000e-20  1.0000000e-20
 1.0000000e-20  1.0000000e-20  1.0000000e-20  1.0000000e-20  1.0000000e-20
 1.0000000e-20  1.0000000e-20  1.0000000e-20  1.0000000e-20  1.0000000e-20
 1.0000000e-20  1.0000000e-20  1.0000000e-20  1.0000000e-20  1.0000000e-20
 1.0000000e-20  1.0000000e-20  1.0000000e-20  1.0000000e-20  1.0000000e-20
 1.0000000e-20  1.0000000e-20  1.0000000e-20  1.0000000e-20  1.0000000e-20
 1.0000000e-20  1.0000000e-20  1.0000000e-20  1.0000000e-20  1.0000000e-20
 1.0000000e-20  1.0000000e-20  1.0000000e-20  1.0000000e-20  1.0000000e-20
 1.0000000e-20  1.0000000e-20  1.0000000e-20  1.0000000e-20  1.0000000e-20
 1.0000000e-20  1.0000000e-20  1.0000000e-20  1.0000000e-20  1.0000000e-20
 1.0000000e-20  1.0000000e-20  1.0000000e-20  1.0000000e-20  1.0000000e-20
 1.0000000e-20  1.0000000e-20  1.0000000e-20  1.0000000e-20  1.0000000e-20
 1.0000000e-20  1.0000000e-20  1.0000000e-20  1.0000000e-20  1.0000000e-20
 1.0000000e-20  1.0000000e-20  1.0000000e-20  1.0000000e-20  1.0000000e-20
 1.0000000e-20  1.0000000e-20  1.0000000e-20  1.0000000e-20  1.0000000e-20
 1.0000000e-20  1.0000000e-20  1.0000000e-20  1.0000000e-20  1.0000000e-20
 1.0000000e-20  1.0000000e-20  1.0000000e-20  1.0000000e-20  1.0000000e-20
 1.0000000e-20  1.0000000e-20  1.0000000e-20  1.0000000e-20  1.0000000e-20
 1.0000000e-20  1.0000000e-20  1.0000000e-20  1.0000000e-20  1.0000000e-20
 1.0000000e-20  1.0000000e-20  1.0000000e-20  1.0000000e-20  1.0000000e-20
 1.0000000e-20  1.0000000e-20  1.0000000e-20  1.0000000e-20  1.0000000e-20
 1.0000000e-20  1.0000000e-20  1.0000000e-20  1.0000000e-20  1.0000000e-20
 1.0000000e-20  1.0000000e-20  1.0000000e-20  1.0000000e-20  1.0000000e-20
 1.0000000e-20  1.0000000e-20  1.0000000e-20  1.0000000e-20  1.0000000e-20
 1.0000000e-20  1.0000000e-20  1.0000000e-20  1.0000000e-20  1.0000000e-20
 1.0000000e-20  1.0000000e-20  1.0000000e-20  1.0000000e-20  1.0000000e-20
 1.0000000e-20  1.0000000e-20  1.0000000e-20  1.0000000e-20  1.0000000e-20
 1.0000000e-20  1.0000000e-20  1.0000000e-20  1.0000000e-20  1.0000000e-20
 1.0000000e-20  1.0000000e-20  1.0000000e-20  1.0000000e-20  1.0000000e-20
 1.0000000e-20  1.0000000e-20  1.0000000e-20  1.0000000e-20  1.0000000e-20
 1.0000000e-20  1.0000000e-20  1.0000000e-20  1.0000000e-20  1.0000000e-20
 1.0000000e-20  1.0000000e-20  1.0000000e-20  1.0000000e-20  1.0000000e-20
 1.0000000e-20  1.0000000e-20  1.0000000e-20  1.0000000e-20  1.0000000e-20
 1.0000000e-20  1.0000000e-20  1.0000000e-20  1.0000000e-20  1.0000000e-20
 1.0000000e-20  1.0000000e-20  1.0000000e-20  1.0000000e-20  1.0000000e-20
 1.0000000e-20  1.0000000e-20  1.0000000e-20  1.0000000e-20  1.0000000e-20
 1.0000000e-20  1.0000000e-20  1.0000000e-20  1.0000000e-20  1.0000000e-20
 1.0000000e-20  1.0000000e-20  1.0000000e-20  1.0000000e-20  1.0000000e-20
 1.0000000e-20  1.0000000e-20  1.0000000e-20  1.0000000e-20  1.0000000e-20
 1.4023670e-04  1.6867330e-04  2.0287620e-04  2.4401470e-04  2.9349500e-04
 3.5300880e-04  4.2459050e-04  5.1068710e-04  6.1424240e-04  7.3879600e-04
 8.8860620e-04  1.0687940e-03  1.2855200e-03  1.5461920e-03  1.8597230e-03
 2.2368300e-03  2.6901310e-03  3.2322990e-03  3.8794170e-03  4.6508340e-03
 5.5693070e-03  6.6615400e-03  7.9588690e-03  9.4980170e-03  1.1322020e-02
 1.3481290e-02  1.6034830e-02  1.9051720e-02  2.2612840e-02  2.6812860e-02
 3.1762650e-02  3.7592070e-02  4.4453350e-02  5.2525020e-02  6.2016620e-02
 7.3174230e-02  8.6287330e-02  1.0169660e-01  1.1980370e-01  1.4108280e-01
 1.6609410e-01  1.9550140e-01  2.3009140e-01  2.7079880e-01  3.1873520e-01
 3.7522480e-01  4.4184550e-01  5.2047880e-01  6.1336550e-01  7.2316960e-01
 8.5304290e-01  1.0066920e+00  1.1884280e+00  1.4031870e+00  1.6564950e+00
 1.9543420e+00  2.3029180e+00  2.7081690e+00  3.1751310e+00  3.7070270e+00
 4.3041630e+00  4.9626970e+00  5.6734840e+00  6.4211710e+00  7.1838500e+00
 7.9334600e+00  8.6371110e+00  9.2593220e+00  9.7649700e+00  1.0122630e+01
 1.0307860e+01  1.0305830e+01  1.0113150e+01  9.7382460e+00  9.2005780e+00
 8.5286540e+00  7.7571870e+00  6.9238360e+00  6.0659520e+00  5.2177220e+00
 4.4079940e+00  3.6589570e+00  2.9856240e+00  2.3961260e+00  1.8925340e+00
 1.4720690e+00  1.1284380e+00  8.5315600e-01  6.3670010e-01  4.6942210e-01
 3.4220670e-01  2.4687990e-01  1.7641190e-01  1.2496230e-01  8.7819510e-02
 6.1277110e-02  4.2483190e-02  2.9284880e-02  2.0083990e-02  1.3711580e-02
 9.3236170e-03  6.3175240e-03  4.2673790e-03  2.8747040e-03  1.9319270e-03
 1.2956420e-03  8.6734520e-04  5.7971350e-04  3.8693580e-04  2.5795680e-04
 1.7179330e-04  1.1430780e-04  7.5999300e-05  5.0495310e-05  3.3530510e-05
 2.2254130e-05  1.4763620e-05  9.7906750e-06  6.4906970e-06  4.3017850e-06
 2.8503690e-06  1.8882650e-06  1.2506810e-06  8.2825300e-07  5.4843000e-07
 1.0000000e-20  1.0000000e-20  1.0000000e-20  1.0000000e-20  1.0000000e-20
 1.0000000e-20  1.0000000e-20  1.0000000e-20  1.0000000e-20  1.0000000e-20
 1.0000000e-20  1.0000000e-20  1.0000000e-20  1.0000000e-20  1.0000000e-20
 1.0000000e-20  1.0000000e-20  1.0000000e-20  1.0000000e-20  1.0000000e-20
 1.0000000e-20  1.0000000e-20  1.0000000e-20  1.0000000e-20  1.0000000e-20
 1.0000000e-20  1.0000000e-20  1.0000000e-20  1.0000000e-20  1.0000000e-20
 1.0000000e-20  1.0000000e-20  1.0000000e-20  1.0000000e-20  1.0000000e-20
 1.0000000e-20  1.0000000e-20  1.0000000e-20  1.0000000e-20  1.0000000e-20
 1.0000000e-20  1.0000000e-20  1.0000000e-20  1.0000000e-20  1.0000000e-20
 1.0000000e-20  1.0000000e-20  1.0000000e-20  1.0000000e-20  1.0000000e-20
 1.0000000e-20  1.0000000e-20  1.0000000e-20  1.0000000e-20  1.0000000e-20
 1.0000000e-20  1.0000000e-20  1.0000000e-20  1.0000000e-20  1.0000000e-20
 1.0000000e-20  1.0000000e-20  1.0000000e-20  1.0000000e-20  1.0000000e-20
 1.0000000e-20  1.0000000e-20  1.0000000e-20  1.0000000e-20  1.0000000e-20
 1.0000000e-20  1.0000000e-20  1.0000000e-20  1.0000000e-20  1.0000000e-20
 1.0000000e-20  1.0000000e-20  1.0000000e-20  1.0000000e-20  1.0000000e-20
 1.0000000e-20  1.0000000e-20  1.0000000e-20  1.0000000e-20  1.0000000e-20
 1.0000000e-20  1.0000000e-20  1.0000000e-20  1.0000000e-20  1.0000000e-20
 1.0000000e-20  1.0000000e-20  1.0000000e-20  1.0000000e-20  1.0000000e-20
 1.0000000e-20  1.0000000e-20  1.0000000e-20  1.0000000e-20  1.0000000e-20
 1.0000000e-20  1.0000000e-20  1.0000000e-20  1.0000000e-20  1.0000000e-20
 1.0000000e-20  1.0000000e-20  1.0000000e-20  1.0000000e-20  1.0000000e-20
 1.0000000e-20  1.0000000e-20  1.0000000e-20  1.0000000e-20  1.0000000e-20
 1.0000000e-20  1.0000000e-20  1.0000000e-20  1.0000000e-20  1.0000000e-20
 1.0000000e-20  1.0000000e-20  1.0000000e-20  1.0000000e-20  1.0000000e-20
 6.5617440e-07  7.8834360e-07  9.4713500e-07  1.1379110e-06  1.3671140e-06
 1.6424840e-06  1.9733190e-06  2.3707930e-06  2.8483290e-06  3.4220510e-06
 4.1113350e-06  4.9394560e-06  5.9343820e-06  7.1297090e-06  8.5658050e-06
 1.0291160e-05  1.2362750e-05  1.4837230e-05  1.7786680e-05  2.1297830e-05
 2.5472500e-05  3.0430000e-05  3.6310090e-05  4.3276320e-05  5.1520030e-05
 6.1264970e-05  7.2772600e-05  8.6348480e-05  1.0234960e-04  1.2119310e-04
 1.4336630e-04  1.6943860e-04  2.0007570e-04  2.3605610e-04  2.7829040e-04
 3.2784400e-04  3.8596520e-04  4.5411660e-04  5.3401350e-04  6.2766990e-04
 7.3745120e-04  8.6613970e-04  1.0170100e-03  1.1939210e-03  1.4014210e-03
 1.6448800e-03  1.9306350e-03  2.2661630e-03  2.6602880e-03  3.1233950e-03
 3.6676740e-03  4.3073790e-03  5.0590460e-03  5.9416830e-03  6.9768380e-03
 8.1885000e-03  9.6026920e-03  1.1246660e-02  1.3147490e-02  1.5330060e-02
 1.7814130e-02  2.0610550e-02  2.3716780e-02  2.7111760e-02  3.0750700e-02
 3.4560490e-02  3.8436620e-02  4.2242770e-02  4.5813990e-02  4.8964640e-02
 5.1501030e-02  5.3238670e-02  5.4022270e-02  5.3746040e-02  5.2370930e-02
 4.9935070e-02  4.6554810e-02  4.2415020e-02  3.7749660e-02  3.2815730e-02
 2.7865170e-02  2.3119860e-02  1.8753290e-02  1.4881600e-02  1.1563440e-02
 8.8072020e-03  6.5826220e-03  4.8339310e-03  3.4921600e-03  2.4850750e-03
 1.7441840e-03  1.2089150e-03  8.2846050e-04  5.6197440e-04  3.7774160e-04
 2.5184760e-04  1.6670260e-04  1.0964070e-04  7.1705650e-05  4.6664090e-05
 3.0236030e-05  1.9517050e-05  1.2556280e-05  8.0547050e-06  5.1539810e-06
 3.2906630e-06  2.0969930e-06  1.3341130e-06  8.4755160e-07  5.3777510e-07
 3.4085440e-07  2.1584050e-07  1.3656800e-07  8.6350100e-08  5.4565240e-08
 3.4462260e-08  2.1755920e-08  1.3729150e-08  8.6609380e-09  5.4621200e-09
 3.4438920e-09  2.1709260e-09  1.3682330e-09  8.6219570e-10  5.4324040e-10
 1.0000000e-20  1.0000000e-20  1.0000000e-20  1.0000000e-20  1.0000000e-20
 1.0000000e-20  1.0000000e-20  1.0000000e-20  1.0000000e-20  1.0000000e-20
 1.0000000e-20  1.0000000e-20  1.0000000e-20  1.0000000e-20  1.0000000e-20
 1.0000000e-20  1.0000000e-20  1.0000000e-20  1.0000000e-20  1.0000000e-20
 1.0000000e-20  1.0000000e-20  1.0000000e-20  1.0000000e-20  1.0000000e-20
 1.0000000e-20  1.0000000e-20  1.0000000e-20  1.0000000e-20  1.0000000e-20
 1.0000000e-20  1.0000000e-20  1.0000000e-20  1.0000000e-20  1.0000000e-20
 1.0000000e-20  1.0000000e-20  1.0000000e-20  1.0000000e-20  1.0000000e-20
 1.0000000e-20  1.0000000e-20  1.0000000e-20  1.0000000e-20  1.0000000e-20
 1.0000000e-20  1.0000000e-20  1.0000000e-20  1.0000000e-20  1.0000000e-20
 1.0000000e-20  1.0000000e-20  1.0000000e-20  1.0000000e-20  1.0000000e-20
 1.0000000e-20  1.0000000e-20  1.0000000e-20  1.0000000e-20  1.0000000e-20
 1.0000000e-20  1.0000000e-20  1.0000000e-20  1.0000000e-20  1.0000000e-20
 1.0000000e-20  1.0000000e-20  1.0000000e-20  1.0000000e-20  1.0000000e-20
 1.0000000e-20  1.0000000e-20  1.0000000e-20  1.0000000e-20  1.0000000e-20
 1.0000000e-20  1.0000000e-20  1.0000000e-20  1.0000000e-20  1.0000000e-20
 1.0000000e-20  1.0000000e-20  1.0000000e-20  1.0000000e-20  1.0000000e-20
 1.0000000e-20  1.0000000e-20  1.0000000e-20  1.0000000e-20  1.0000000e-20
 1.0000000e-20  1.0000000e-20  1.0000000e-20  1.0000000e-20  1.0000000e-20
 1.0000000e-20  1.0000000e-20  1.0000000e-20  1.0000000e-20  1.0000000e-20
 1.0000000e-20  1.0000000e-20  1.0000000e-20  1.0000000e-20  1.0000000e-20
 1.0000000e-20  1.0000000e-20  1.0000000e-20  1.0000000e-20  1.0000000e-20
 1.0000000e-20  1.0000000e-20  1.0000000e-20  1.0000000e-20  1.0000000e-20
 1.0000000e-20  1.0000000e-20  1.0000000e-20  1.0000000e-20  1.0000000e-20
 1.0000000e-20  1.0000000e-20  1.0000000e-20  1.0000000e-20  1.0000000e-20
 2.8894850e-07  3.4720670e-07  4.1721120e-07  5.0133020e-07  6.0240920e-07
 7.2386810e-07  8.6981570e-07  1.0451890e-06  1.2559230e-06  1.5091440e-06
 1.8134200e-06  2.1790450e-06  2.6183890e-06  3.1463120e-06  3.7806780e-06
 4.5429450e-06  5.4583280e-06  6.5519370e-06  7.8557060e-06  9.4080540e-06
 1.1254090e-05  1.3446680e-05  1.6047760e-05  1.9129810e-05  2.2777630e-05
 2.7090390e-05  3.2184000e-05  3.8193870e-05  4.5278260e-05  5.3622020e-05
 6.3441130e-05  7.4987970e-05  8.8557500e-05  1.0449460e-04  1.2320280e-04
 1.4515390e-04  1.7090080e-04  2.0109120e-04  2.3648430e-04  2.7797160e-04
 3.2659980e-04  3.8359970e-04  4.5041950e-04  5.2876540e-04  6.2064840e-04
 7.2844140e-04  8.5494470e-04  1.0034630e-03  1.1778960e-03  1.3828350e-03
 1.6236730e-03  1.9067220e-03  2.2393180e-03  2.6299130e-03  3.0881200e-03
 3.6246890e-03  4.2513640e-03  4.9805510e-03  5.8247670e-03  6.7957690e-03
 7.9033290e-03  9.1536060e-03  1.0547160e-02  1.2076650e-02  1.3724460e-02
 1.5460460e-02  1.7240380e-02  1.9005280e-02  2.0682530e-02  2.2188880e-02
 2.3435740e-02  2.4336600e-02  2.4816020e-02  2.4819050e-02  2.4319580e-02
 2.3326040e-02  2.1882950e-02  2.0067710e-02  1.7982590e-02  1.5743460e-02
 1.3466980e-02  1.1258720e-02  9.2039530e-03  7.3626000e-03  5.7681710e-03
 4.4303410e-03  3.3397840e-03  2.4740370e-03  1.8032100e-03  1.2947710e-03
 9.1705670e-04  6.4149660e-04  4.4371610e-04  3.0382260e-04  2.0615790e-04
 1.3876270e-04  9.2732450e-05  6.1579650e-05  4.0664360e-05  2.6721170e-05
 1.7483330e-05  1.1396020e-05  7.4037320e-06  4.7962250e-06  3.0992860e-06
 1.9983820e-06  1.2860990e-06  8.2633900e-07  5.3018160e-07  3.3974750e-07
 2.1748280e-07  1.3908900e-07  8.8882260e-08  5.6759380e-08  3.6224420e-08
 2.3106890e-08  1.4732930e-08  9.3901090e-09  5.9828500e-09  3.8108480e-09
 2.4267670e-09  1.5450490e-09  9.8350500e-10  6.2595400e-10  3.9833550e-10
 1.0000000e-20  1.0000000e-20  1.0000000e-20  1.0000000e-20  1.0000000e-20
 1.0000000e-20  1.0000000e-20  1.0000000e-20  1.0000000e-20  1.0000000e-20
 1.0000000e-20  1.0000000e-20  1.0000000e-20  1.0000000e-20  1.0000000e-20
 1.0000000e-20  1.0000000e-20  1.0000000e-20  1.0000000e-20  1.0000000e-20
 1.0000000e-20  1.0000000e-20  1.0000000e-20  1.0000000e-20  1.0000000e-20
 1.0000000e-20  1.0000000e-20  1.0000000e-20  1.0000000e-20  1.0000000e-20
 1.0000000e-20  1.0000000e-20  1.0000000e-20  1.0000000e-20  1.0000000e-20
 1.0000000e-20  1.0000000e-20  1.0000000e-20  1.0000000e-20  1.0000000e-20
 1.0000000e-20  1.0000000e-20  1.0000000e-20  1.0000000e-20  1.0000000e-20
 1.0000000e-20  1.0000000e-20  1.0000000e-20  1.0000000e-20  1.0000000e-20
 1.0000000e-20  1.0000000e-20  1.0000000e-20  1.0000000e-20  1.0000000e-20
 1.0000000e-20  1.0000000e-20  1.0000000e-20  1.0000000e-20  1.0000000e-20
 1.0000000e-20  1.0000000e-20  1.0000000e-20  1.0000000e-20  1.0000000e-20
 1.0000000e-20  1.0000000e-20  1.0000000e-20  1.0000000e-20  1.0000000e-20
 1.0000000e-20  1.0000000e-20  1.0000000e-20  1.0000000e-20  1.0000000e-20
 1.0000000e-20  1.0000000e-20  1.0000000e-20  1.0000000e-20  1.0000000e-20
 1.0000000e-20  1.0000000e-20  1.0000000e-20  1.0000000e-20  1.0000000e-20
 1.0000000e-20  1.0000000e-20  1.0000000e-20  1.0000000e-20  1.0000000e-20
 1.0000000e-20  1.0000000e-20  1.0000000e-20  1.0000000e-20  1.0000000e-20
 1.0000000e-20  1.0000000e-20  1.0000000e-20  1.0000000e-20  1.0000000e-20
 1.0000000e-20  1.0000000e-20  1.0000000e-20  1.0000000e-20  1.0000000e-20
 1.0000000e-20  1.0000000e-20  1.0000000e-20  1.0000000e-20  1.0000000e-20
 1.0000000e-20  1.0000000e-20  1.0000000e-20  1.0000000e-20  1.0000000e-20
 1.0000000e-20  1.0000000e-20  1.0000000e-20  1.0000000e-20  1.0000000e-20
 1.0000000e-20  1.0000000e-20  1.0000000e-20  1.0000000e-20  1.0000000e-20
 1.4033770e-06  1.6842730e-06  2.0213930e-06  2.4259910e-06  2.9115710e-06
 3.4943450e-06  4.1937640e-06  5.0331780e-06  6.0406080e-06  7.2496810e-06
 8.7007610e-06  1.0442280e-05  1.2532390e-05  1.5040840e-05  1.8051380e-05
 2.1664500e-05  2.5998040e-05  3.1168380e-05  3.7323960e-05  4.4643370e-05
 5.3336110e-05  6.3647500e-05  7.5864740e-05  9.0323780e-05  1.0741750e-04
 1.2760540e-04  1.5142400e-04  1.7950090e-04  2.1256900e-04  2.5148510e-04
 2.9725070e-04  3.5103660e-04  4.1421260e-04  4.8838160e-04  5.7542040e-04
 6.7752790e-04  7.9728270e-04  9.3771050e-04  1.1023650e-03  1.2954260e-03
 1.5218100e-03  1.7873100e-03  2.0987560e-03  2.4642100e-03  2.8931920e-03
 3.3969470e-03  3.9887530e-03  4.6842800e-03  5.5019710e-03  6.4634720e-03
 7.5940240e-03  8.9228610e-03  1.0483420e-02  1.2313350e-02  1.4454100e-02
 1.6949970e-02  1.9846230e-02  2.3186260e-02  2.7007390e-02  3.1335360e-02
 3.6177490e-02  4.1514890e-02  4.7294440e-02  5.3421380e-02  5.9754010e-02
 6.6101800e-02  7.2228410e-02  7.7860940e-02  8.2705540e-02  8.6469290e-02
 8.8886660e-02  8.9747720e-02  8.8924450e-02  8.6390890e-02  8.2233220e-02
 7.6646980e-02  6.9920800e-02  6.2408360e-02  5.4492650e-02  4.6548060e-02
 3.8906480e-02  3.1832090e-02  2.5507670e-02  2.0033080e-02  1.5433490e-02
 1.1674540e-02  8.6802570e-03  6.3507990e-03  4.5775160e-03  3.2542090e-03
 2.2844410e-03  1.5853530e-03  1.0888260e-03  7.4084550e-04  4.9987010e-04
 3.3476480e-04  2.2270900e-04  1.4729330e-04  9.6911520e-05  6.3472510e-05
 4.1405370e-05  2.6915600e-05  1.7442980e-05  1.1273960e-05  7.2697750e-06
 4.6782770e-06  3.0052950e-06  1.9276360e-06  1.2347760e-06  7.9004710e-07
 5.0499460e-07  3.2251280e-07  2.0581900e-07  1.3126370e-07  8.3668600e-08
 5.3305480e-08  3.3947050e-08  2.1611110e-08  1.3753650e-08  8.7507140e-09
 5.5663320e-09  3.5400430e-09  2.2509910e-09  1.4311170e-09  9.0974770e-10
 3.9392020e-06  4.7352290e-06  5.6921170e-06  6.8423730e-06  8.2250680e-06
 9.8871790e-06  1.1885160e-05  1.4286900e-05  1.7173980e-05  2.0644470e-05
 2.4816270e-05  2.9831100e-05  3.5859330e-05  4.3105720e-05  5.1816460e-05
 6.2287450e-05  7.4866650e-05  8.9901990e-05  1.0783550e-04  1.2919920e-04
 1.5461800e-04  1.8482510e-04  2.2068020e-04  2.6319020e-04  3.1353470e-04
 3.7309420e-04  4.4348440e-04  5.2659590e-04  6.2464060e-04  7.4020710e-04
 8.7632500e-04  1.0365420e-03  1.2250140e-03  1.4466130e-03  1.7070530e-03
 2.0130420e-03  2.3724630e-03  2.7945900e-03  3.2903430e-03  3.8726030e-03
 4.5565780e-03  5.3602520e-03  6.3049240e-03  7.4158510e-03  8.7230200e-03
 1.0262070e-02  1.2075390e-02  1.4213360e-02  1.6735800e-02  1.9713560e-02
 2.3230130e-02  2.7383190e-02  3.2285740e-02  3.8066340e-02  4.4867910e-02
 5.2844160e-02  6.2152590e-02  7.2942910e-02  8.5340370e-02  9.9423260e-02
 1.1519590e-01  1.3255870e-01  1.5128030e-01  1.7097530e-01  1.9109520e-01
 2.1093640e-01  2.2967060e-01  2.4639600e-01  2.6020700e-01  2.7027600e-01
 2.7593430e-01  2.7674390e-01  2.7254780e-01  2.6349120e-01  2.5001160e-01
 2.3279700e-01  2.1272030e-01  1.9075810e-01  1.6790520e-01  1.4509490e-01
 1.2313540e-01  1.0266660e-01  8.4139130e-02  6.7815870e-02  5.3790360e-02
 4.2016810e-02  3.2345880e-02  2.4560990e-02  1.8410860e-02  1.3635940e-02
 9.9876970e-03  7.2410210e-03  5.2007730e-03  3.7037130e-03  2.6173460e-03
 1.8368470e-03  1.2811100e-03  8.8857360e-04  6.1328390e-04  4.2144050e-04
 2.8849610e-04  1.9682150e-04  1.3387960e-04  9.0829230e-05  6.1482130e-05
 4.1534600e-05  2.8010470e-05  1.8861550e-05  1.2684310e-05  8.5204790e-06
 5.7178660e-06  3.8338350e-06  2.5687000e-06  1.7199490e-06  1.1510070e-06
 7.6989750e-07  5.1476510e-07  3.4405720e-07  2.2988920e-07  1.5356460e-07
 1.0255670e-07  6.8478010e-08  4.5715550e-08  3.0514960e-08  2.0366040e-08
 1.0000000e-20  1.0000000e-20  1.0000000e-20  1.0000000e-20  1.0000000e-20
 1.0000000e-20  1.0000000e-20  1.0000000e-20  1.0000000e-20  1.0000000e-20
 1.0000000e-20  1.0000000e-20  1.0000000e-20  1.0000000e-20  1.0000000e-20
 1.0000000e-20  1.0000000e-20  1.0000000e-20  1.0000000e-20  1.0000000e-20
 1.0000000e-20  1.0000000e-20  1.0000000e-20  1.0000000e-20  1.0000000e-20
 1.0000000e-20  1.0000000e-20  1.0000000e-20  1.0000000e-20  1.0000000e-20
 1.0000000e-20  1.0000000e-20  1.0000000e-20  1.0000000e-20  1.0000000e-20
 1.0000000e-20  1.0000000e-20  1.0000000e-20  1.0000000e-20  1.0000000e-20
 1.0000000e-20  1.0000000e-20  1.0000000e-20  1.0000000e-20  1.0000000e-20
 1.0000000e-20  1.0000000e-20  1.0000000e-20  1.0000000e-20  1.0000000e-20
 1.0000000e-20  1.0000000e-20  1.0000000e-20  1.0000000e-20  1.0000000e-20
 1.0000000e-20  1.0000000e-20  1.0000000e-20  1.0000000e-20  1.0000000e-20
 1.0000000e-20  1.0000000e-20  1.0000000e-20  1.0000000e-20  1.0000000e-20
 1.0000000e-20  1.0000000e-20  1.0000000e-20  1.0000000e-20  1.0000000e-20
 1.0000000e-20  1.0000000e-20  1.0000000e-20  1.0000000e-20  1.0000000e-20
 1.0000000e-20  1.0000000e-20  1.0000000e-20  1.0000000e-20  1.0000000e-20
 1.0000000e-20  1.0000000e-20  1.0000000e-20  1.0000000e-20  1.0000000e-20
 1.0000000e-20  1.0000000e-20  1.0000000e-20  1.0000000e-20  1.0000000e-20
 1.0000000e-20  1.0000000e-20  1.0000000e-20  1.0000000e-20  1.0000000e-20
 1.0000000e-20  1.0000000e-20  1.0000000e-20  1.0000000e-20  1.0000000e-20
 1.0000000e-20  1.0000000e-20  1.0000000e-20  1.0000000e-20  1.0000000e-20
 1.0000000e-20  1.0000000e-20  1.0000000e-20  1.0000000e-20  1.0000000e-20
 1.0000000e-20  1.0000000e-20  1.0000000e-20  1.0000000e-20  1.0000000e-20
 1.0000000e-20  1.0000000e-20  1.0000000e-20  1.0000000e-20  1.0000000e-20
 1.0000000e-20  1.0000000e-20  1.0000000e-20  1.0000000e-20  1.0000000e-20
 1.0388290e-06  1.2495830e-06  1.5030930e-06  1.8080350e-06  2.1748420e-06
 2.6160660e-06  3.1468040e-06  3.7852150e-06  4.5531460e-06  5.4768700e-06
 6.5879970e-06  7.9245440e-06  9.5322460e-06  1.1466110e-05  1.3792310e-05
 1.6590440e-05  1.9954210e-05  2.3977800e-05  2.8780680e-05  3.4506620e-05
 4.1324700e-05  4.9433320e-05  5.9065320e-05  7.0493560e-05  8.4037800e-05
 1.0007250e-04  1.1903620e-04  1.4144190e-04  1.6789040e-04  1.9908480e-04
 2.3584840e-04  2.7914540e-04  3.3010560e-04  3.9005410e-04  4.6054510e-04
 5.4340400e-04  6.4077680e-04  7.5518840e-04  8.8961380e-04  1.0475640e-03
 1.2331850e-03  1.4513850e-03  1.7079800e-03  2.0098740e-03  2.3652720e-03
 2.7839440e-03  3.2775230e-03  3.8598720e-03  4.5475000e-03  5.3600270e-03
 6.3206740e-03  7.4567750e-03  8.8001680e-03  1.0387420e-02  1.2259630e-02
 1.4461700e-02  1.7040510e-02  2.0041940e-02  2.3506190e-02  2.7461390e-02
 3.1915490e-02  3.6847100e-02  4.2196360e-02  4.7857360e-02  5.3674080e-02
 5.9441640e-02  6.4914400e-02  6.9821150e-02  7.3886470e-02  7.6856240e-02
 7.8523780e-02  7.8752910e-02  7.7494400e-02  7.4793120e-02  7.0784650e-02
 6.5681980e-02  5.9754130e-02  5.3300120e-02  4.6621750e-02  3.9998850e-02
 3.3669770e-02  2.7818820e-02  2.2571020e-02  1.7993740e-02  1.4103540e-02
 1.0876320e-02  8.2588920e-03  6.1803150e-03  4.5617410e-03  3.3241220e-03
 2.3936030e-03  1.7047430e-03  1.2019780e-03  8.3975460e-04  5.8183620e-04
 4.0012550e-04  2.7332120e-04  1.8558550e-04  1.2534180e-04  8.4254300e-05
 5.6399150e-05  3.7614320e-05  2.5005130e-05  1.6575760e-05  1.0960770e-05
 7.2321680e-06  4.7629600e-06  3.1316430e-06  2.0561170e-06  1.3482970e-06
 8.8319530e-07  5.7799360e-07  3.7795500e-07  2.4697530e-07  1.6128900e-07
 1.0527590e-07  6.8684340e-08  4.4793760e-08  2.9203230e-08  1.9033480e-08
 1.2402140e-08  8.0794310e-09  5.2624000e-09  3.4270240e-09  2.2314640e-09
 1.0000000e-20  1.0000000e-20  1.0000000e-20  1.0000000e-20  1.0000000e-20
 1.0000000e-20  1.0000000e-20  1.0000000e-20  1.0000000e-20  1.0000000e-20
 1.0000000e-20  1.0000000e-20  1.0000000e-20  1.0000000e-20  1.0000000e-20
 1.0000000e-20  1.0000000e-20  1.0000000e-20  1.0000000e-20  1.0000000e-20
 1.0000000e-20  1.0000000e-20  1.0000000e-20  1.0000000e-20  1.0000000e-20
 1.0000000e-20  1.0000000e-20  1.0000000e-20  1.0000000e-20  1.0000000e-20
 1.0000000e-20  1.0000000e-20  1.0000000e-20  1.0000000e-20  1.0000000e-20
 1.0000000e-20  1.0000000e-20  1.0000000e-20  1.0000000e-20  1.0000000e-20
 1.0000000e-20  1.0000000e-20  1.0000000e-20  1.0000000e-20  1.0000000e-20
 1.0000000e-20  1.0000000e-20  1.0000000e-20  1.0000000e-20  1.0000000e-20
 1.0000000e-20  1.0000000e-20  1.0000000e-20  1.0000000e-20  1.0000000e-20
 1.0000000e-20  1.0000000e-20  1.0000000e-20  1.0000000e-20  1.0000000e-20
 1.0000000e-20  1.0000000e-20  1.0000000e-20  1.0000000e-20  1.0000000e-20
 1.0000000e-20  1.0000000e-20  1.0000000e-20  1.0000000e-20  1.0000000e-20
 1.0000000e-20  1.0000000e-20  1.0000000e-20  1.0000000e-20  1.0000000e-20
 1.0000000e-20  1.0000000e-20  1.0000000e-20  1.0000000e-20  1.0000000e-20
 1.0000000e-20  1.0000000e-20  1.0000000e-20  1.0000000e-20  1.0000000e-20
 1.0000000e-20  1.0000000e-20  1.0000000e-20  1.0000000e-20  1.0000000e-20
 1.0000000e-20  1.0000000e-20  1.0000000e-20  1.0000000e-20  1.0000000e-20
 1.0000000e-20  1.0000000e-20  1.0000000e-20  1.0000000e-20  1.0000000e-20
 1.0000000e-20  1.0000000e-20  1.0000000e-20  1.0000000e-20  1.0000000e-20
 1.0000000e-20  1.0000000e-20  1.0000000e-20  1.0000000e-20  1.0000000e-20
 1.0000000e-20  1.0000000e-20  1.0000000e-20  1.0000000e-20  1.0000000e-20
 1.0000000e-20  1.0000000e-20  1.0000000e-20  1.0000000e-20  1.0000000e-20
 1.0000000e-20  1.0000000e-20  1.0000000e-20  1.0000000e-20  1.0000000e-20
 3.5462510e-06  4.2653240e-06  5.1302060e-06  6.1704620e-06  7.4216490e-06
 8.9265410e-06  1.0736580e-05  1.2913640e-05  1.5532140e-05  1.8681600e-05
 2.2469680e-05  2.7025870e-05  3.2505920e-05  3.9097150e-05  4.7024900e-05
 5.6560150e-05  6.8021920e-05  8.1730620e-05  9.8092770e-05  1.1759760e-04
 1.4082040e-04  1.6843610e-04  2.0123690e-04  2.4015090e-04  2.8626600e-04
 3.4085590e-04  4.0541190e-04  4.8167960e-04  5.7170210e-04  6.7787130e-04
 8.0298730e-04  9.5033030e-04  1.1237440e-03  1.3277350e-03  1.5675930e-03
 1.8495270e-03  2.1808410e-03  2.5701250e-03  3.0275080e-03  3.5649370e-03
 4.1965300e-03  4.9389970e-03  5.8121430e-03  6.8394810e-03  8.0489630e-03
 9.4738650e-03  1.1153820e-02  1.3136070e-02  1.5476830e-02  1.8242920e-02
 2.1513390e-02  2.5381200e-02  2.9954470e-02  3.5357160e-02  4.1728230e-02
 4.9218770e-02  5.7985680e-02  6.8180960e-02  7.9935630e-02  9.3337680e-02
 1.0840490e-01  1.2505460e-01  1.4307380e-01  1.6209640e-01  1.8159240e-01
 2.0087490e-01  2.1913070e-01  2.3547230e-01  2.4900900e-01  2.5892910e-01
 2.6458150e-01  2.6554550e-01  2.6167820e-01  2.5313180e-01  2.4033940e-01
 2.2397130e-01  2.0486850e-01  1.8396410e-01  1.6220190e-01  1.4046310e-01
 1.1950870e-01  9.9940980e-02  8.2185960e-02  6.6495720e-02  5.2965280e-02
 4.1560110e-02  3.2148440e-02  2.4534170e-02  1.8486700e-02  1.3765230e-02
 1.0137040e-02  7.3894210e-03  5.3363800e-03  3.8209980e-03  2.7148430e-03
 1.9154820e-03  1.3430320e-03  9.3639440e-04  6.4962430e-04  4.4868550e-04
 3.0868920e-04  2.1164190e-04  1.4466550e-04  9.8621940e-05  6.7076710e-05
 4.5528960e-05  3.0848550e-05  2.0869510e-05  1.4099630e-05  9.5147640e-06
 6.4143090e-06  4.3203740e-06  2.9078010e-06  1.9557920e-06  1.3147230e-06
 8.8334880e-07  5.9326220e-07  3.9829250e-07  2.6731300e-07  1.7935750e-07
 1.2031400e-07  8.0690960e-08  5.4107440e-08  3.6276340e-08  2.4318290e-08
 1.0000000e-20  1.0000000e-20  1.0000000e-20  1.0000000e-20  1.0000000e-20
 1.0000000e-20  1.0000000e-20  1.0000000e-20  1.0000000e-20  1.0000000e-20
 1.0000000e-20  1.0000000e-20  1.0000000e-20  1.0000000e-20  1.0000000e-20
 1.0000000e-20  1.0000000e-20  1.0000000e-20  1.0000000e-20  1.0000000e-20
 1.0000000e-20  1.0000000e-20  1.0000000e-20  1.0000000e-20  1.0000000e-20
 1.0000000e-20  1.0000000e-20  1.0000000e-20  1.0000000e-20  1.0000000e-20
 1.0000000e-20  1.0000000e-20  1.0000000e-20  1.0000000e-20  1.0000000e-20
 1.0000000e-20  1.0000000e-20  1.0000000e-20  1.0000000e-20  1.0000000e-20
 1.0000000e-20  1.0000000e-20  1.0000000e-20  1.0000000e-20  1.0000000e-20
 1.0000000e-20  1.0000000e-20  1.0000000e-20  1.0000000e-20  1.0000000e-20
 1.0000000e-20  1.0000000e-20  1.0000000e-20  1.0000000e-20  1.0000000e-20
 1.0000000e-20  1.0000000e-20  1.0000000e-20  1.0000000e-20  1.0000000e-20
 1.0000000e-20  1.0000000e-20  1.0000000e-20  1.0000000e-20  1.0000000e-20
 1.0000000e-20  1.0000000e-20  1.0000000e-20  1.0000000e-20  1.0000000e-20
 1.0000000e-20  1.0000000e-20  1.0000000e-20  1.0000000e-20  1.0000000e-20
 1.0000000e-20  1.0000000e-20  1.0000000e-20  1.0000000e-20  1.0000000e-20
 1.0000000e-20  1.0000000e-20  1.0000000e-20  1.0000000e-20  1.0000000e-20
 1.0000000e-20  1.0000000e-20  1.0000000e-20  1.0000000e-20  1.0000000e-20
 1.0000000e-20  1.0000000e-20  1.0000000e-20  1.0000000e-20  1.0000000e-20
 1.0000000e-20  1.0000000e-20  1.0000000e-20  1.0000000e-20  1.0000000e-20
 1.0000000e-20  1.0000000e-20  1.0000000e-20  1.0000000e-20  1.0000000e-20
 1.0000000e-20  1.0000000e-20  1.0000000e-20  1.0000000e-20  1.0000000e-20
 1.0000000e-20  1.0000000e-20  1.0000000e-20  1.0000000e-20  1.0000000e-20
 1.0000000e-20  1.0000000e-20  1.0000000e-20  1.0000000e-20  1.0000000e-20
 1.0000000e-20  1.0000000e-20  1.0000000e-20  1.0000000e-20  1.0000000e-20
 1.0000000e-20  1.0000000e-20  1.0000000e-20  1.0000000e-20  1.0000000e-20
 1.0000000e-20  1.0000000e-20  1.0000000e-20  1.0000000e-20  1.0000000e-20
 1.0000000e-20  1.0000000e-20  1.0000000e-20  1.0000000e-20  1.0000000e-20
 1.0000000e-20  1.0000000e-20  1.0000000e-20  1.0000000e-20  1.0000000e-20
 1.0000000e-20  1.0000000e-20  1.0000000e-20  1.0000000e-20  1.0000000e-20
 1.0000000e-20  1.0000000e-20  1.0000000e-20  1.0000000e-20  1.0000000e-20
 1.0000000e-20  1.0000000e-20  1.0000000e-20  1.0000000e-20  1.0000000e-20
 1.0000000e-20  1.0000000e-20  1.0000000e-20  1.0000000e-20  1.0000000e-20
 1.0000000e-20  1.0000000e-20  1.0000000e-20  1.0000000e-20  1.0000000e-20
 1.0000000e-20  1.0000000e-20  1.0000000e-20  1.0000000e-20  1.0000000e-20
 1.0000000e-20  1.0000000e-20  1.0000000e-20  1.0000000e-20  1.0000000e-20
 1.0000000e-20  1.0000000e-20  1.0000000e-20  1.0000000e-20  1.0000000e-20
 1.0000000e-20  1.0000000e-20  1.0000000e-20  1.0000000e-20  1.0000000e-20
 1.0000000e-20  1.0000000e-20  1.0000000e-20  1.0000000e-20  1.0000000e-20
 1.0000000e-20  1.0000000e-20  1.0000000e-20  1.0000000e-20  1.0000000e-20
 1.0000000e-20  1.0000000e-20  1.0000000e-20  1.0000000e-20  1.0000000e-20
 1.0000000e-20  1.0000000e-20  1.0000000e-20  1.0000000e-20  1.0000000e-20
 1.0000000e-20  1.0000000e-20  1.0000000e-20  1.0000000e-20  1.0000000e-20
 1.0000000e-20  1.0000000e-20  1.0000000e-20  1.0000000e-20  1.0000000e-20
 1.0000000e-20  1.0000000e-20  1.0000000e-20  1.0000000e-20  1.0000000e-20
 1.0000000e-20  1.0000000e-20  1.0000000e-20  1.0000000e-20  1.0000000e-20
 1.0000000e-20  1.0000000e-20  1.0000000e-20  1.0000000e-20  1.0000000e-20
 1.0000000e-20  1.0000000e-20  1.0000000e-20  1.0000000e-20  1.0000000e-20
 1.0000000e-20  1.0000000e-20  1.0000000e-20  1.0000000e-20  1.0000000e-20
 1.0000000e-20  1.0000000e-20  1.0000000e-20  1.0000000e-20  1.0000000e-20
 7.5474950e-08  9.0725490e-08  1.0905760e-07  1.3109400e-07  1.5758300e-07
 1.8942450e-07  2.2769980e-07  2.7370910e-07  3.2901520e-07  3.9549650e-07
 4.7541110e-07  5.7147330e-07  6.8694600e-07  8.2575110e-07  9.9260350e-07
 1.1931700e-06  1.4341150e-06  1.7220960e-06  2.0655720e-06  2.4747240e-06
 2.9615100e-06  3.5399530e-06  4.2264920e-06  5.0403770e-06  6.0041460e-06
 7.1441710e-06  8.4912960e-06  1.0081590e-05  1.1957240e-05  1.4167570e-05
 1.6770250e-05  1.9832770e-05  2.3434080e-05  2.7666660e-05  3.2638800e-05
 3.8477430e-05  4.5331520e-05  5.3375920e-05  6.2816160e-05  7.3894090e-05
 8.6894540e-05  1.0215350e-04  1.2006750e-04  1.4110560e-04  1.6582270e-04
 1.9487630e-04  2.2904530e-04  2.6925330e-04  3.1659350e-04  3.7235860e-04
 4.3807020e-04  5.1551150e-04  6.0675260e-04  7.1416840e-04  8.4043550e-04
 9.8849940e-04  1.1614920e-03  1.3625800e-03  1.5947310e-03  1.8603740e-03
 2.1609580e-03  2.4964110e-03  2.8645560e-03  3.2605180e-03  3.6762550e-03
 4.1002830e-03  4.5177420e-03  4.9108830e-03  5.2600280e-03  5.5449960e-03
 5.7468700e-03  5.8499480e-03  5.8435940e-03  5.7237240e-03  5.4936370e-03
 5.1640290e-03  4.7521050e-03  4.2799020e-03  3.7720580e-03  3.2533650e-03
 2.7464940e-03  2.2702150e-03  1.8382890e-03  1.4591420e-03  1.1361950e-03
 8.6868690e-04  6.5275690e-04  4.8258070e-04  3.5139210e-04  2.5229080e-04
 1.7880660e-04  1.2523270e-04  8.6770180e-05  5.9537210e-05  4.0494490e-05
 2.7326870e-05  1.8312150e-05  1.2195080e-05  8.0767390e-06  5.3232270e-06
 3.4934560e-06  2.2840400e-06  1.4884140e-06  9.6715340e-07  6.2687050e-07
 4.0542600e-07  2.6171000e-07  1.6865990e-07  1.0853790e-07  6.9760770e-08
 4.4789250e-08  2.8729700e-08  1.8413620e-08  1.1793530e-08  7.5489560e-09
 4.8295100e-09  3.0883350e-09  1.9741370e-09  1.2614910e-09  8.0587050e-10
 5.1468070e-10  3.2863730e-10  2.0980450e-10  1.3391940e-10  8.5469610e-11
 6.3960820e-07  7.6867940e-07  9.2379700e-07  1.1102170e-06  1.3342560e-06
 1.6035060e-06  1.9270900e-06  2.3159720e-06  2.7833300e-06  3.3449990e-06
 4.0200120e-06  4.8312400e-06  5.8061730e-06  6.9778430e-06  8.3859550e-06
 1.0078220e-05  1.2110720e-05  1.4539430e-05  1.7435520e-05  2.0884610e-05
 2.4987300e-05  2.9861540e-05  3.5645640e-05  4.2501550e-05  5.0618950e-05
 6.0219840e-05  7.1563960e-05  8.4955200e-05  1.0074910e-04  1.1936170e-04
 1.4127980e-04  1.6707360e-04  1.9741070e-04  2.3307390e-04  2.7498120e-04
 3.2421000e-04  3.8202670e-04  4.4992040e-04  5.2964490e-04  6.2326840e-04
 7.3323200e-04  8.6242250e-04  1.0142570e-03  1.1927880e-03  1.4028230e-03
 1.6500750e-03  1.9413320e-03  2.2846570e-03  2.6896150e-03  3.1675210e-03
 3.7316820e-03  4.3976420e-03  5.1833270e-03  6.1090760e-03  7.1973960e-03
 8.4723680e-03  9.9584850e-03  1.1678780e-02  1.3652170e-02  1.5889880e-02
 1.8391240e-02  2.1139080e-02  2.4095420e-02  2.7198220e-02  3.0360110e-02
 3.3469870e-02  3.6397180e-02  3.9000840e-02  4.1139600e-02  4.2684800e-02
 4.3533030e-02  4.3617170e-02  4.2914160e-02  4.1448370e-02  3.9289880e-02
 3.6548010e-02  3.3361010e-02  2.9883220e-02  2.6271590e-02  2.2673150e-02
 1.9214870e-02  1.5996880e-02  1.3089230e-02  1.0532220e-02  8.3393630e-03
 6.5022610e-03  4.9963490e-03  3.7866760e-03  2.8330720e-03  2.0942960e-03
 1.5310550e-03  1.1079130e-03  7.9426380e-04  5.6459730e-04  3.9827420e-04
 2.7901640e-04  1.9426530e-04  1.3451500e-04  9.2687890e-05  6.3591200e-05
 4.3462440e-05  2.9605560e-05  2.0107310e-05  1.3621180e-05  9.2065650e-06
 6.2105080e-06  4.1822870e-06  2.8122520e-06  1.8885710e-06  1.2668500e-06
 8.4897500e-07  5.6845790e-07  3.8035220e-07  2.5433080e-07  1.6997110e-07
 1.1353920e-07  7.5812390e-08  5.0603640e-08  3.3766900e-08  2.2526130e-08
 1.5023930e-08  1.0018340e-08  6.6793570e-09  4.4525660e-09  2.9677780e-09
 1.0000000e-20  1.0000000e-20  1.0000000e-20  1.0000000e-20  1.0000000e-20
 1.0000000e-20  1.0000000e-20  1.0000000e-20  1.0000000e-20  1.0000000e-20
 1.0000000e-20  1.0000000e-20  1.0000000e-20  1.0000000e-20  1.0000000e-20
 1.0000000e-20  1.0000000e-20  1.0000000e-20  1.0000000e-20  1.0000000e-20
 1.0000000e-20  1.0000000e-20  1.0000000e-20  1.0000000e-20  1.0000000e-20
 1.0000000e-20  1.0000000e-20  1.0000000e-20  1.0000000e-20  1.0000000e-20
 1.0000000e-20  1.0000000e-20  1.0000000e-20  1.0000000e-20  1.0000000e-20
 1.0000000e-20  1.0000000e-20  1.0000000e-20  1.0000000e-20  1.0000000e-20
 1.0000000e-20  1.0000000e-20  1.0000000e-20  1.0000000e-20  1.0000000e-20
 1.0000000e-20  1.0000000e-20  1.0000000e-20  1.0000000e-20  1.0000000e-20
 1.0000000e-20  1.0000000e-20  1.0000000e-20  1.0000000e-20  1.0000000e-20
 1.0000000e-20  1.0000000e-20  1.0000000e-20  1.0000000e-20  1.0000000e-20
 1.0000000e-20  1.0000000e-20  1.0000000e-20  1.0000000e-20  1.0000000e-20
 1.0000000e-20  1.0000000e-20  1.0000000e-20  1.0000000e-20  1.0000000e-20
 1.0000000e-20  1.0000000e-20  1.0000000e-20  1.0000000e-20  1.0000000e-20
 1.0000000e-20  1.0000000e-20  1.0000000e-20  1.0000000e-20  1.0000000e-20
 1.0000000e-20  1.0000000e-20  1.0000000e-20  1.0000000e-20  1.0000000e-20
 1.0000000e-20  1.0000000e-20  1.0000000e-20  1.0000000e-20  1.0000000e-20
 1.0000000e-20  1.0000000e-20  1.0000000e-20  1.0000000e-20  1.0000000e-20
 1.0000000e-20  1.0000000e-20  1.0000000e-20  1.0000000e-20  1.0000000e-20
 1.0000000e-20  1.0000000e-20  1.0000000e-20  1.0000000e-20  1.0000000e-20
 1.0000000e-20  1.0000000e-20  1.0000000e-20  1.0000000e-20  1.0000000e-20
 1.0000000e-20  1.0000000e-20  1.0000000e-20  1.0000000e-20  1.0000000e-20
 1.0000000e-20  1.0000000e-20  1.0000000e-20  1.0000000e-20  1.0000000e-20
 1.0000000e-20  1.0000000e-20  1.0000000e-20  1.0000000e-20  1.0000000e-20
 1.0000000e-20  1.0000000e-20  1.0000000e-20  1.0000000e-20  1.0000000e-20
 1.0000000e-20  1.0000000e-20  1.0000000e-20  1.0000000e-20  1.0000000e-20
 1.0000000e-20  1.0000000e-20  1.0000000e-20  1.0000000e-20  1.0000000e-20
 1.0000000e-20  1.0000000e-20  1.0000000e-20  1.0000000e-20  1.0000000e-20
 1.0000000e-20  1.0000000e-20  1.0000000e-20  1.0000000e-20  1.0000000e-20
 1.0000000e-20  1.0000000e-20  1.0000000e-20  1.0000000e-20  1.0000000e-20
 1.0000000e-20  1.0000000e-20  1.0000000e-20  1.0000000e-20  1.0000000e-20
 1.0000000e-20  1.0000000e-20  1.0000000e-20  1.0000000e-20  1.0000000e-20
 1.0000000e-20  1.0000000e-20  1.0000000e-20  1.0000000e-20  1.0000000e-20
 1.0000000e-20  1.0000000e-20  1.0000000e-20  1.0000000e-20  1.0000000e-20
 1.0000000e-20  1.0000000e-20  1.0000000e-20  1.0000000e-20  1.0000000e-20
 1.0000000e-20  1.0000000e-20  1.0000000e-20  1.0000000e-20  1.0000000e-20
 1.0000000e-20  1.0000000e-20  1.0000000e-20  1.0000000e-20  1.0000000e-20
 1.0000000e-20  1.0000000e-20  1.0000000e-20  1.0000000e-20  1.0000000e-20
 1.0000000e-20  1.0000000e-20  1.0000000e-20  1.0000000e-20  1.0000000e-20
 1.0000000e-20  1.0000000e-20  1.0000000e-20  1.0000000e-20  1.0000000e-20
 1.0000000e-20  1.0000000e-20  1.0000000e-20  1.0000000e-20  1.0000000e-20
 1.0000000e-20  1.0000000e-20  1.0000000e-20  1.0000000e-20  1.0000000e-20
 1.0000000e-20  1.0000000e-20  1.0000000e-20  1.0000000e-20  1.0000000e-20
 1.0000000e-20  1.0000000e-20  1.0000000e-20  1.0000000e-20  1.0000000e-20
 1.0000000e-20  1.0000000e-20  1.0000000e-20  1.0000000e-20  1.0000000e-20
 1.0000000e-20  1.0000000e-20  1.0000000e-20  1.0000000e-20  1.0000000e-20
 1.0000000e-20  1.0000000e-20  1.0000000e-20  1.0000000e-20  1.0000000e-20
 1.0000000e-20  1.0000000e-20  1.0000000e-20  1.0000000e-20  1.0000000e-20
 1.0000000e-20  1.0000000e-20  1.0000000e-20  1.0000000e-20  1.0000000e-20
 1.3343860e-07  1.6040130e-07  1.9281210e-07  2.3177200e-07  2.7860400e-07
 3.3489910e-07  4.0256910e-07  4.8391250e-07  5.8169250e-07  6.9922990e-07
 8.4051700e-07  1.0103530e-06  1.2145060e-06  1.4599100e-06  1.7549010e-06
 2.1094970e-06  2.5354820e-06  3.0446390e-06  3.6519390e-06  4.3753980e-06
 5.2361880e-06  6.2591440e-06  7.4733950e-06  8.9130620e-06  1.0618120e-05
 1.2635380e-05  1.5019620e-05  1.7834970e-05  2.1156490e-05  2.5072040e-05
 2.9684500e-05  3.5114430e-05  4.1503100e-05  4.9016250e-05  5.7848400e-05
 6.8228080e-05  8.0424150e-05  9.4753120e-05  1.1158820e-04  1.3137010e-04
 1.5461990e-04  1.8195450e-04  2.1410590e-04  2.5194330e-04  2.9650060e-04
 3.4900880e-04  4.1093390e-04  4.8402160e-04  5.7034710e-04  6.7237070e-04
 7.9299100e-04  9.3559760e-04  1.1041010e-03  1.3029300e-03  1.5369660e-03
 1.8113930e-03  2.1313990e-03  2.5017250e-03  2.9260130e-03  3.4059660e-03
 3.9403670e-03  4.5240540e-03  5.1470360e-03  5.7939100e-03  6.4438380e-03
 7.0712010e-03  7.6470380e-03  8.1411940e-03  8.5249450e-03  8.7738140e-03
 8.8701430e-03  8.8050530e-03  8.5795020e-03  8.2042630e-03  7.6988570e-03
 7.0896010e-03  6.4070760e-03  5.6833590e-03  4.9493890e-03  4.2327420e-03
 3.5560390e-03  2.9360680e-03  2.3835730e-03  1.9036690e-03  1.4966510e-03
 1.1590700e-03  8.8486140e-04  6.6643120e-04  4.9556970e-04  3.6415790e-04
 2.6465660e-04  1.9039570e-04  1.3570070e-04  9.5899560e-05  6.7252340e-05
 4.6836350e-05  3.2415560e-05  2.2310440e-05  1.5279640e-05  1.0418690e-05
 7.0766850e-06  4.7903140e-06  3.2329290e-06  2.1761400e-06  1.4614360e-06
 9.7949390e-07  6.5533680e-07  4.3779080e-07  2.9207520e-07  1.9463640e-07
 1.2957510e-07  8.6187360e-08  5.7285170e-08  3.8050430e-08  2.5260040e-08
 1.6760930e-08  1.1116830e-08  7.3706800e-09  4.8853810e-09  3.2372220e-09
 2.1445970e-09  1.4204690e-09  9.4068130e-10  6.2285730e-10  4.1236200e-10
 8.4967110e-07  1.0210520e-06  1.2270010e-06  1.4744910e-06  1.7719000e-06
 2.1292970e-06  2.5587820e-06  3.0748950e-06  3.6951110e-06  4.4404250e-06
 5.3360720e-06  6.4123730e-06  7.7057660e-06  9.2600400e-06  1.1127820e-05
 1.3372330e-05  1.6067890e-05  1.9288660e-05  2.3128910e-05  2.7702080e-05
 3.3141450e-05  3.9603310e-05  4.7270880e-05  5.6358760e-05  6.7118270e-05
 7.9843610e-05  9.4879000e-05  1.1262730e-04  1.3355980e-04  1.5822820e-04
 1.8727830e-04  2.2146630e-04  2.6167850e-04  3.0895410e-04  3.6451220e-04
 4.2978470e-04  5.0645500e-04  5.9650410e-04  7.0226650e-04  8.2649680e-04
 9.7244920e-04  1.1439750e-03  1.3456360e-03  1.5828480e-03  1.8620420e-03
 2.1908660e-03  2.5784120e-03  3.0354930e-03  3.5749370e-03  4.2119170e-03
 4.9642730e-03  5.8528130e-03  6.9014780e-03  8.1373100e-03  9.5900420e-03
 1.1291150e-02  1.3272120e-02  1.5561690e-02  1.8182070e-02  2.1143930e-02
 2.4440700e-02  2.8042480e-02  3.1890790e-02  3.5894960e-02  3.9931660e-02
 4.3848300e-02  4.7470950e-02  5.0616450e-02  5.3107620e-02  5.4789920e-02
 5.5547140e-02  5.5314090e-02  5.4084240e-02  5.1911250e-02  4.8904060e-02
 4.5216450e-02  4.1032410e-02  3.6549500e-02  3.1962250e-02  2.7447640e-02
 2.3154080e-02  1.9194730e-02  1.5645050e-02  1.2544520e-02  9.9011750e-03
 7.6979720e-03  5.8999680e-03  4.4612280e-03  3.3308470e-03  2.4576780e-03
 1.7936780e-03  1.2959610e-03  9.2776890e-04  6.5864220e-04  4.6405360e-04
 3.2473090e-04  2.2585220e-04  1.5622750e-04  1.0754400e-04  7.3714300e-05
 5.0335360e-05  3.4256830e-05  2.3246160e-05  1.5734130e-05  1.0625810e-05
 7.1619790e-06  4.8190940e-06  3.2378360e-06  2.1726310e-06  1.4562380e-06
 9.7512130e-07  6.5240960e-07  4.3618200e-07  2.9143500e-07  1.9461660e-07
 1.2990140e-07  8.6670590e-08  5.7806640e-08  3.8543580e-08  2.5692890e-08
 1.7122850e-08  1.1409180e-08  7.6008060e-09  5.0629330e-09  3.3720210e-09
 1.0000000e-20  1.0000000e-20  1.0000000e-20  1.0000000e-20  1.0000000e-20
 1.0000000e-20  1.0000000e-20  1.0000000e-20  1.0000000e-20  1.0000000e-20
 1.0000000e-20  1.0000000e-20  1.0000000e-20  1.0000000e-20  1.0000000e-20
 1.0000000e-20  1.0000000e-20  1.0000000e-20  1.0000000e-20  1.0000000e-20
 1.0000000e-20  1.0000000e-20  1.0000000e-20  1.0000000e-20  1.0000000e-20
 1.0000000e-20  1.0000000e-20  1.0000000e-20  1.0000000e-20  1.0000000e-20
 1.0000000e-20  1.0000000e-20  1.0000000e-20  1.0000000e-20  1.0000000e-20
 1.0000000e-20  1.0000000e-20  1.0000000e-20  1.0000000e-20  1.0000000e-20
 1.0000000e-20  1.0000000e-20  1.0000000e-20  1.0000000e-20  1.0000000e-20
 1.0000000e-20  1.0000000e-20  1.0000000e-20  1.0000000e-20  1.0000000e-20
 1.0000000e-20  1.0000000e-20  1.0000000e-20  1.0000000e-20  1.0000000e-20
 1.0000000e-20  1.0000000e-20  1.0000000e-20  1.0000000e-20  1.0000000e-20
 1.0000000e-20  1.0000000e-20  1.0000000e-20  1.0000000e-20  1.0000000e-20
 1.0000000e-20  1.0000000e-20  1.0000000e-20  1.0000000e-20  1.0000000e-20
 1.0000000e-20  1.0000000e-20  1.0000000e-20  1.0000000e-20  1.0000000e-20
 1.0000000e-20  1.0000000e-20  1.0000000e-20  1.0000000e-20  1.0000000e-20
 1.0000000e-20  1.0000000e-20  1.0000000e-20  1.0000000e-20  1.0000000e-20
 1.0000000e-20  1.0000000e-20  1.0000000e-20  1.0000000e-20  1.0000000e-20
 1.0000000e-20  1.0000000e-20  1.0000000e-20  1.0000000e-20  1.0000000e-20
 1.0000000e-20  1.0000000e-20  1.0000000e-20  1.0000000e-20  1.0000000e-20
 1.0000000e-20  1.0000000e-20  1.0000000e-20  1.0000000e-20  1.0000000e-20
 1.0000000e-20  1.0000000e-20  1.0000000e-20  1.0000000e-20  1.0000000e-20
 1.0000000e-20  1.0000000e-20  1.0000000e-20  1.0000000e-20  1.0000000e-20
 1.0000000e-20  1.0000000e-20  1.0000000e-20  1.0000000e-20  1.0000000e-20
 1.0000000e-20  1.0000000e-20  1.0000000e-20  1.0000000e-20  1.0000000e-20
 1.0000000e-20  1.0000000e-20  1.0000000e-20  1.0000000e-20  1.0000000e-20
 1.0000000e-20  1.0000000e-20  1.0000000e-20  1.0000000e-20  1.0000000e-20
 1.0000000e-20  1.0000000e-20  1.0000000e-20  1.0000000e-20  1.0000000e-20
 1.0000000e-20  1.0000000e-20  1.0000000e-20  1.0000000e-20  1.0000000e-20
 1.0000000e-20  1.0000000e-20  1.0000000e-20  1.0000000e-20  1.0000000e-20
 1.0000000e-20  1.0000000e-20  1.0000000e-20  1.0000000e-20  1.0000000e-20
 1.0000000e-20  1.0000000e-20  1.0000000e-20  1.0000000e-20  1.0000000e-20
 1.0000000e-20  1.0000000e-20  1.0000000e-20  1.0000000e-20  1.0000000e-20
 1.0000000e-20  1.0000000e-20  1.0000000e-20  1.0000000e-20  1.0000000e-20
 1.0000000e-20  1.0000000e-20  1.0000000e-20  1.0000000e-20  1.0000000e-20
 1.0000000e-20  1.0000000e-20  1.0000000e-20  1.0000000e-20  1.0000000e-20
 1.0000000e-20  1.0000000e-20  1.0000000e-20  1.0000000e-20  1.0000000e-20
 1.0000000e-20  1.0000000e-20  1.0000000e-20  1.0000000e-20  1.0000000e-20
 1.0000000e-20  1.0000000e-20  1.0000000e-20  1.0000000e-20  1.0000000e-20
 1.0000000e-20  1.0000000e-20  1.0000000e-20  1.0000000e-20  1.0000000e-20
 1.0000000e-20  1.0000000e-20  1.0000000e-20  1.0000000e-20  1.0000000e-20
 1.0000000e-20  1.0000000e-20  1.0000000e-20  1.0000000e-20  1.0000000e-20
 1.0000000e-20  1.0000000e-20  1.0000000e-20  1.0000000e-20  1.0000000e-20
 1.0000000e-20  1.0000000e-20  1.0000000e-20  1.0000000e-20  1.0000000e-20
 1.0000000e-20  1.0000000e-20  1.0000000e-20  1.0000000e-20  1.0000000e-20
 1.0000000e-20  1.0000000e-20  1.0000000e-20  1.0000000e-20  1.0000000e-20
 1.0000000e-20  1.0000000e-20  1.0000000e-20  1.0000000e-20  1.0000000e-20
 1.0000000e-20  1.0000000e-20  1.0000000e-20  1.0000000e-20  1.0000000e-20
 1.0000000e-20  1.0000000e-20  1.0000000e-20  1.0000000e-20  1.0000000e-20
 1.0000000e-20  1.0000000e-20  1.0000000e-20  1.0000000e-20  1.0000000e-20
 1.3419460e-07  1.6131580e-07  1.9391820e-07  2.3310980e-07  2.8022200e-07
 3.3685590e-07  4.0493550e-07  4.8677430e-07  5.8515310e-07  7.0341440e-07
 8.4557680e-07  1.0164710e-06  1.2219030e-06  1.4688530e-06  1.7657130e-06
 2.1225700e-06  2.5512840e-06  3.0637170e-06  3.6749390e-06  4.4030830e-06
 5.2694570e-06  6.2990520e-06  7.5211750e-06  8.9701520e-06  1.0686190e-05
 1.2716350e-05  1.5115690e-05  1.7948670e-05  2.1290650e-05  2.5229860e-05
 2.9869540e-05  3.5330570e-05  4.1754530e-05  4.9307380e-05  5.8183750e-05
 6.8612050e-05  8.0860740e-05  9.5245440e-05  1.1213790e-04  1.3197630e-04
 1.5527810e-04  1.8265480e-04  2.1483050e-04  2.5266360e-04  2.9717300e-04
 3.4956910e-04  4.1129090e-04  4.8404860e-04  5.6987250e-04  6.7116680e-04
 7.9076440e-04  9.3198220e-04  1.0986590e-03  1.2951670e-03  1.5263800e-03
 1.7975550e-03  2.1141060e-03  2.4812280e-03  2.9033400e-03  3.3833360e-03
 3.9216710e-03  4.5153360e-03  5.1568810e-03  5.8336060e-03  6.5271740e-03
 7.2137980e-03  7.8651560e-03  8.4500880e-03  8.9369310e-03  9.2963250e-03
 9.5040970e-03  9.5438650e-03  9.4089560e-03  9.1033490e-03  8.6414780e-03
 8.0469150e-03  7.3501130e-03  6.5855300e-03  5.7885300e-03  4.9924740e-03
 4.2263180e-03  3.5129960e-03  2.8686080e-03  2.3024540e-03  1.8176940e-03
 1.4124670e-03  1.0812080e-03  8.1598430e-04  6.0769050e-04  4.4700080e-04
 3.2505830e-04  2.3390610e-04  1.6670260e-04  1.1777280e-04  8.2549380e-05
 5.7450480e-05  3.9729000e-05  2.7318480e-05  1.8690260e-05  1.2730230e-05
 8.6366960e-06  5.8392170e-06  3.9358820e-06  2.6459020e-06  1.7745820e-06
 1.1877840e-06  7.9361910e-07  5.2944330e-07  3.5273400e-07  2.3473200e-07
 1.5604920e-07  1.0365070e-07  6.8795020e-08  4.5630820e-08  3.0249260e-08
 2.0042850e-08  1.3274610e-08  8.7887350e-09  5.8169380e-09  3.8489740e-09
 2.5462080e-09  1.6840500e-09  1.1136290e-09  7.3631000e-10  4.8677090e-10
 6.1763610e-07  7.4233700e-07  8.9221550e-07  1.0723550e-06  1.2888640e-06
 1.5490870e-06  1.8618480e-06  2.2377570e-06  2.6895620e-06  3.2325870e-06
 3.8852490e-06  4.6696830e-06  5.6124960e-06  6.7456620e-06  8.1076170e-06
 9.7445510e-06  1.1710770e-05  1.4060520e-05  1.6862750e-05  2.0200440e-05
 2.4171060e-05  2.8888960e-05  3.4488200e-05  4.1125830e-05  4.8985780e-05
 5.8283390e-05  6.9270670e-05  8.2242530e-05  9.7544080e-05  1.1557930e-04
 1.3682110e-04  1.6182330e-04  1.9123510e-04  2.2581760e-04  2.6646410e-04
 3.1422350e-04  3.7032930e-04  4.3623320e-04  5.1364630e-04  6.0458800e-04
 7.1144390e-04  8.3703850e-04  9.8471880e-04  1.1584580e-03  1.3629770e-03
 1.6038920e-03  1.8878870e-03  2.2229100e-03  2.6184010e-03  3.0855400e-03
 3.6374840e-03  4.2896040e-03  5.0596120e-03  5.9675630e-03  7.0355590e-03
 8.2870770e-03  9.7456910e-03  1.1433070e-02  1.3366120e-02  1.5553330e-02
 1.7990440e-02  2.0655950e-02  2.3507130e-02  2.6477330e-02  2.9475650e-02
 3.2389500e-02  3.5090490e-02  3.7443530e-02  3.9318040e-02  4.0600230e-02
 4.1204610e-02  4.1083030e-02  4.0230140e-02  3.8684210e-02  3.6523480e-02
 3.3858430e-02  3.0821330e-02  2.7554350e-02  2.4197810e-02  2.0880000e-02
 1.7709360e-02  1.4769670e-02  1.2118240e-02  9.7868580e-03  7.7847180e-03
 6.1027530e-03  4.7184790e-03  3.6008200e-03  2.7143730e-03  2.0228450e-03
 1.4915650e-03  1.0891060e-03  7.8814010e-04  5.6570490e-04  4.0305450e-04
 2.8526080e-04  2.0068900e-04  1.4043870e-04  9.7811040e-05  6.7836260e-05
 4.6872950e-05  3.2282080e-05  2.2169350e-05  1.5186260e-05  1.0379890e-05
 7.0810890e-06  4.8225930e-06  3.2796560e-06  2.2275440e-06  1.5112880e-06
 1.0243630e-06  6.9374810e-07  4.6950460e-07  3.1754750e-07  2.1465700e-07
 1.4503740e-07  9.7958400e-08  6.6138380e-08  4.4641170e-08  3.0123530e-08
 2.0322610e-08  1.3707870e-08  9.2446010e-09  6.2336800e-09  4.2028810e-09
 2.0716090e-08  2.4905300e-08  2.9941670e-08  3.5996510e-08  4.3275740e-08
 5.2026990e-08  6.2547930e-08  7.5196400e-08  9.0402690e-08  1.0868400e-07
 1.3066210e-07  1.5708470e-07  1.8885050e-07  2.2703990e-07  2.7295210e-07
 3.2814870e-07  3.9446610e-07  4.7374030e-07  5.6830320e-07  6.8096070e-07
 8.1500870e-07  9.7431190e-07  1.1634000e-06  1.3875760e-06  1.6530480e-06
 1.9670770e-06  2.3381510e-06  2.7761920e-06  3.2927990e-06  3.9015210e-06
 4.6181940e-06  5.4613280e-06  6.4525600e-06  7.6171980e-06  8.9848480e-06
 1.0590160e-05  1.2473720e-05  1.4683110e-05  1.7274130e-05  2.0312290e-05
 2.3874570e-05  2.8051540e-05  3.2949810e-05  3.8695070e-05  4.5435590e-05
 5.3346490e-05  6.2634640e-05  7.3544530e-05  8.6365010e-05  1.0143700e-04
 1.1916160e-04  1.4000980e-04  1.6453040e-04  1.9335810e-04  2.2721790e-04
 2.6692460e-04  3.1337320e-04  3.6751570e-04  4.3032030e-04  5.0270610e-04
 5.8545040e-04  6.7906330e-04  7.8363390e-04  8.9865240e-04  1.0228240e-03
 1.1538950e-03  1.2885270e-03  1.4222550e-03  1.5495640e-03  1.6641300e-03
 1.7592220e-03  1.8282710e-03  1.8655550e-03  1.8669040e-03  1.8303340e-03
 1.7564650e-03  1.6486360e-03  1.5126540e-03  1.3561990e-03  1.1879760e-03
 1.0167570e-03  8.5049720e-04  6.9563910e-04  5.5672920e-04  4.3633490e-04
 3.3522900e-04  2.5274770e-04  1.8722820e-04  1.3643640e-04  9.7929100e-05
 6.9320500e-05  4.8452430e-05  3.3480410e-05  2.2897070e-05  1.5514830e-05
 1.0426140e-05  6.9551710e-06  4.6096220e-06  3.0375710e-06  1.9915470e-06
 1.2999470e-06  8.4522140e-07  5.4769470e-07  3.5384850e-07  2.2802030e-07
 1.4660630e-07  9.4076940e-08  6.0266600e-08  3.8550610e-08  2.4628180e-08
 1.5716430e-08  1.0019830e-08  6.3827640e-09  4.0629980e-09  2.5847370e-09
 1.6434410e-09  1.0444620e-09  6.6352690e-10  4.2138130e-10  2.6752440e-10
 1.6980120e-10  1.0775120e-10  6.8362960e-11  4.3365920e-11  2.7505200e-11
 1.0000000e-20  1.0000000e-20  1.0000000e-20  1.0000000e-20  1.0000000e-20
 1.0000000e-20  1.0000000e-20  1.0000000e-20  1.0000000e-20  1.0000000e-20
 1.0000000e-20  1.0000000e-20  1.0000000e-20  1.0000000e-20  1.0000000e-20
 1.0000000e-20  1.0000000e-20  1.0000000e-20  1.0000000e-20  1.0000000e-20
 1.0000000e-20  1.0000000e-20  1.0000000e-20  1.0000000e-20  1.0000000e-20
 1.0000000e-20  1.0000000e-20  1.0000000e-20  1.0000000e-20  1.0000000e-20
 1.0000000e-20  1.0000000e-20  1.0000000e-20  1.0000000e-20  1.0000000e-20
 1.0000000e-20  1.0000000e-20  1.0000000e-20  1.0000000e-20  1.0000000e-20
 1.0000000e-20  1.0000000e-20  1.0000000e-20  1.0000000e-20  1.0000000e-20
 1.0000000e-20  1.0000000e-20  1.0000000e-20  1.0000000e-20  1.0000000e-20
 1.0000000e-20  1.0000000e-20  1.0000000e-20  1.0000000e-20  1.0000000e-20
 1.0000000e-20  1.0000000e-20  1.0000000e-20  1.0000000e-20  1.0000000e-20
 1.0000000e-20  1.0000000e-20  1.0000000e-20  1.0000000e-20  1.0000000e-20
 1.0000000e-20  1.0000000e-20  1.0000000e-20  1.0000000e-20  1.0000000e-20
 1.0000000e-20  1.0000000e-20  1.0000000e-20  1.0000000e-20  1.0000000e-20
 1.0000000e-20  1.0000000e-20  1.0000000e-20  1.0000000e-20  1.0000000e-20
 1.0000000e-20  1.0000000e-20  1.0000000e-20  1.0000000e-20  1.0000000e-20
 1.0000000e-20  1.0000000e-20  1.0000000e-20  1.0000000e-20  1.0000000e-20
 1.0000000e-20  1.0000000e-20  1.0000000e-20  1.0000000e-20  1.0000000e-20
 1.0000000e-20  1.0000000e-20  1.0000000e-20  1.0000000e-20  1.0000000e-20
 1.0000000e-20  1.0000000e-20  1.0000000e-20  1.0000000e-20  1.0000000e-20
 1.0000000e-20  1.0000000e-20  1.0000000e-20  1.0000000e-20  1.0000000e-20
 1.0000000e-20  1.0000000e-20  1.0000000e-20  1.0000000e-20  1.0000000e-20
 1.0000000e-20  1.0000000e-20  1.0000000e-20  1.0000000e-20  1.0000000e-20
 1.0000000e-20  1.0000000e-20  1.0000000e-20  1.0000000e-20  1.0000000e-20
 1.0000000e-20  1.0000000e-20  1.0000000e-20  1.0000000e-20  1.0000000e-20
 1.0000000e-20  1.0000000e-20  1.0000000e-20  1.0000000e-20  1.0000000e-20
 1.0000000e-20  1.0000000e-20  1.0000000e-20  1.0000000e-20  1.0000000e-20
 1.0000000e-20  1.0000000e-20  1.0000000e-20  1.0000000e-20  1.0000000e-20
 1.0000000e-20  1.0000000e-20  1.0000000e-20  1.0000000e-20  1.0000000e-20
 1.0000000e-20  1.0000000e-20  1.0000000e-20  1.0000000e-20  1.0000000e-20
 1.0000000e-20  1.0000000e-20  1.0000000e-20  1.0000000e-20  1.0000000e-20
 1.0000000e-20  1.0000000e-20  1.0000000e-20  1.0000000e-20  1.0000000e-20
 1.0000000e-20  1.0000000e-20  1.0000000e-20  1.0000000e-20  1.0000000e-20
 1.0000000e-20  1.0000000e-20  1.0000000e-20  1.0000000e-20  1.0000000e-20
 1.0000000e-20  1.0000000e-20  1.0000000e-20  1.0000000e-20  1.0000000e-20
 1.0000000e-20  1.0000000e-20  1.0000000e-20  1.0000000e-20  1.0000000e-20
 1.0000000e-20  1.0000000e-20  1.0000000e-20  1.0000000e-20  1.0000000e-20
 1.0000000e-20  1.0000000e-20  1.0000000e-20  1.0000000e-20  1.0000000e-20
 1.0000000e-20  1.0000000e-20  1.0000000e-20  1.0000000e-20  1.0000000e-20
 1.0000000e-20  1.0000000e-20  1.0000000e-20  1.0000000e-20  1.0000000e-20
 1.0000000e-20  1.0000000e-20  1.0000000e-20  1.0000000e-20  1.0000000e-20
 1.0000000e-20  1.0000000e-20  1.0000000e-20  1.0000000e-20  1.0000000e-20
 1.0000000e-20  1.0000000e-20  1.0000000e-20  1.0000000e-20  1.0000000e-20
 1.0000000e-20  1.0000000e-20  1.0000000e-20  1.0000000e-20  1.0000000e-20
 1.0000000e-20  1.0000000e-20  1.0000000e-20  1.0000000e-20  1.0000000e-20
 1.0000000e-20  1.0000000e-20  1.0000000e-20  1.0000000e-20  1.0000000e-20
 1.0000000e-20  1.0000000e-20  1.0000000e-20  1.0000000e-20  1.0000000e-20
 1.0000000e-20  1.0000000e-20  1.0000000e-20  1.0000000e-20  1.0000000e-20
 1.0000000e-20  1.0000000e-20  1.0000000e-20  1.0000000e-20  1.0000000e-20
 1.0436030e-07  1.2553980e-07  1.5101760e-07  1.8166610e-07  2.1853460e-07
 2.6288540e-07  3.1623710e-07  3.8041620e-07  4.5762040e-07  5.5049280e-07
 6.6221340e-07  7.9660720e-07  9.5827570e-07  1.1527540e-06  1.3867020e-06
 1.6681280e-06  2.0064630e-06  2.4111910e-06  2.8943380e-06  3.4703770e-06
 4.1563270e-06  4.9721630e-06  5.9413250e-06  7.0912810e-06  8.4542220e-06
 1.0067850e-05  1.1976280e-05  1.4231190e-05  1.6893020e-05  2.0032540e-05
 2.3732580e-05  2.8090160e-05  3.3218930e-05  3.9252140e-05  4.6346120e-05
 5.4684330e-05  6.4482470e-05  7.5994230e-05  8.9518430e-05  1.0540760e-04
 1.2407780e-04  1.4602160e-04  1.7182210e-04  2.0217150e-04  2.3789180e-04
 2.7996150e-04  3.2954510e-04  3.8803000e-04  4.5706780e-04  5.3862130e-04
 6.3501380e-04  7.4898120e-04  8.8371330e-04  1.0428790e-03  1.2306140e-03
 1.4514510e-03  1.7101550e-03  2.0114370e-03  2.3595060e-03  2.7574490e-03
 3.2064450e-03  3.7048560e-03  4.2473200e-03  4.8239720e-03  5.4199930e-03
 6.0156600e-03  6.5870490e-03  7.1074320e-03  7.5492820e-03  7.8867100e-03
 8.0979990e-03  8.1679030e-03  8.0893520e-03  7.8643170e-03  7.5036860e-03
 7.0261990e-03  6.4565940e-03  5.8232420e-03  5.1556030e-03  4.4818240e-03
 3.8267510e-03  3.2105340e-03  2.6478790e-03  2.1479620e-03  1.7148510e-03
 1.3483100e-03  1.0448030e-03  7.9854420e-04  6.0247750e-04  4.4908540e-04
 3.3100850e-04  2.4146200e-04  1.7447410e-04  1.2498270e-04  8.8829430e-05
 6.2688140e-05  4.3959260e-05  3.0651110e-05  2.1263950e-05  1.4685640e-05
 1.0102270e-05  6.9251220e-06  4.7326280e-06  3.2255820e-06  2.1932660e-06
 1.4882690e-06  1.0080770e-06  6.8175480e-07  4.6044100e-07  3.1060510e-07
 2.0931470e-07  1.4093080e-07  9.4815690e-08  6.3747890e-08  4.2835340e-08
 2.8768860e-08  1.9313340e-08  1.2960790e-08  8.6949320e-09  5.8315110e-09
 3.9101410e-09  2.6212850e-09  1.7569480e-09  1.1774360e-09  7.8896540e-10
 1.0000000e-20  1.0000000e-20  1.0000000e-20  1.0000000e-20  1.0000000e-20
 1.0000000e-20  1.0000000e-20  1.0000000e-20  1.0000000e-20  1.0000000e-20
 1.0000000e-20  1.0000000e-20  1.0000000e-20  1.0000000e-20  1.0000000e-20
 1.0000000e-20  1.0000000e-20  1.0000000e-20  1.0000000e-20  1.0000000e-20
 1.0000000e-20  1.0000000e-20  1.0000000e-20  1.0000000e-20  1.0000000e-20
 1.0000000e-20  1.0000000e-20  1.0000000e-20  1.0000000e-20  1.0000000e-20
 1.0000000e-20  1.0000000e-20  1.0000000e-20  1.0000000e-20  1.0000000e-20
 1.0000000e-20  1.0000000e-20  1.0000000e-20  1.0000000e-20  1.0000000e-20
 1.0000000e-20  1.0000000e-20  1.0000000e-20  1.0000000e-20  1.0000000e-20
 1.0000000e-20  1.0000000e-20  1.0000000e-20  1.0000000e-20  1.0000000e-20
 1.0000000e-20  1.0000000e-20  1.0000000e-20  1.0000000e-20  1.0000000e-20
 1.0000000e-20  1.0000000e-20  1.0000000e-20  1.0000000e-20  1.0000000e-20
 1.0000000e-20  1.0000000e-20  1.0000000e-20  1.0000000e-20  1.0000000e-20
 1.0000000e-20  1.0000000e-20  1.0000000e-20  1.0000000e-20  1.0000000e-20
 1.0000000e-20  1.0000000e-20  1.0000000e-20  1.0000000e-20  1.0000000e-20
 1.0000000e-20  1.0000000e-20  1.0000000e-20  1.0000000e-20  1.0000000e-20
 1.0000000e-20  1.0000000e-20  1.0000000e-20  1.0000000e-20  1.0000000e-20
 1.0000000e-20  1.0000000e-20  1.0000000e-20  1.0000000e-20  1.0000000e-20
 1.0000000e-20  1.0000000e-20  1.0000000e-20  1.0000000e-20  1.0000000e-20
 1.0000000e-20  1.0000000e-20  1.0000000e-20  1.0000000e-20  1.0000000e-20
 1.0000000e-20  1.0000000e-20  1.0000000e-20  1.0000000e-20  1.0000000e-20
 1.0000000e-20  1.0000000e-20  1.0000000e-20  1.0000000e-20  1.0000000e-20
 1.0000000e-20  1.0000000e-20  1.0000000e-20  1.0000000e-20  1.0000000e-20
 1.0000000e-20  1.0000000e-20  1.0000000e-20  1.0000000e-20  1.0000000e-20
 1.0000000e-20  1.0000000e-20  1.0000000e-20  1.0000000e-20  1.0000000e-20
 1.0000000e-20  1.0000000e-20  1.0000000e-20  1.0000000e-20  1.0000000e-20
 1.0000000e-20  1.0000000e-20  1.0000000e-20  1.0000000e-20  1.0000000e-20
 1.0000000e-20  1.0000000e-20  1.0000000e-20  1.0000000e-20  1.0000000e-20
 1.0000000e-20  1.0000000e-20  1.0000000e-20  1.0000000e-20  1.0000000e-20
 1.0000000e-20  1.0000000e-20  1.0000000e-20  1.0000000e-20  1.0000000e-20
 1.0000000e-20  1.0000000e-20  1.0000000e-20  1.0000000e-20  1.0000000e-20
 1.0000000e-20  1.0000000e-20  1.0000000e-20  1.0000000e-20  1.0000000e-20
 1.0000000e-20  1.0000000e-20  1.0000000e-20  1.0000000e-20  1.0000000e-20
 1.0000000e-20  1.0000000e-20  1.0000000e-20  1.0000000e-20  1.0000000e-20
 1.0000000e-20  1.0000000e-20  1.0000000e-20  1.0000000e-20  1.0000000e-20
 1.0000000e-20  1.0000000e-20  1.0000000e-20  1.0000000e-20  1.0000000e-20
 1.0000000e-20  1.0000000e-20  1.0000000e-20  1.0000000e-20  1.0000000e-20
 1.0000000e-20  1.0000000e-20  1.0000000e-20  1.0000000e-20  1.0000000e-20
 1.0000000e-20  1.0000000e-20  1.0000000e-20  1.0000000e-20  1.0000000e-20
 1.0000000e-20  1.0000000e-20  1.0000000e-20  1.0000000e-20  1.0000000e-20
 1.0000000e-20  1.0000000e-20  1.0000000e-20  1.0000000e-20  1.0000000e-20
 1.0000000e-20  1.0000000e-20  1.0000000e-20  1.0000000e-20  1.0000000e-20
 1.0000000e-20  1.0000000e-20  1.0000000e-20  1.0000000e-20  1.0000000e-20
 1.0000000e-20  1.0000000e-20  1.0000000e-20  1.0000000e-20  1.0000000e-20
 1.0000000e-20  1.0000000e-20  1.0000000e-20  1.0000000e-20  1.0000000e-20
 1.0000000e-20  1.0000000e-20  1.0000000e-20  1.0000000e-20  1.0000000e-20
 1.0000000e-20  1.0000000e-20  1.0000000e-20  1.0000000e-20  1.0000000e-20
 1.0000000e-20  1.0000000e-20  1.0000000e-20  1.0000000e-20  1.0000000e-20
 1.0000000e-20  1.0000000e-20  1.0000000e-20  1.0000000e-20  1.0000000e-20
 1.0000000e-20  1.0000000e-20  1.0000000e-20  1.0000000e-20  1.0000000e-20
 2.2962700e-08  2.7613970e-08  3.3207380e-08  3.9933800e-08  4.8022700e-08
 5.7750060e-08  6.9447780e-08  8.3514940e-08  1.0043160e-07  1.2077470e-07
 1.4523860e-07  1.7465770e-07  2.1003600e-07  2.5258040e-07  3.0374240e-07
 3.6526780e-07  4.3921020e-07  5.2762810e-07  6.3313420e-07  7.5887240e-07
 9.0853710e-07  1.0864620e-06  1.2977300e-06  1.5482910e-06  1.8451160e-06
 2.1963620e-06  2.6115660e-06  3.1018870e-06  3.6803680e-06  4.3622630e-06
 5.1654050e-06  6.1106520e-06  7.2224050e-06  8.5292260e-06  1.0064560e-05
 1.1867580e-05  1.3984240e-05  1.6468450e-05  1.9383530e-05  2.2803940e-05
 2.6817300e-05  3.1526890e-05  3.7054530e-05  4.3544140e-05  5.1165860e-05
 6.0121170e-05  7.0648640e-05  8.3031000e-05  9.7603110e-05  1.1476110e-04
 1.3497230e-04  1.5878560e-04  1.8684160e-04  2.1988030e-04  2.5874400e-04
 3.0437360e-04  3.5779060e-04  4.2006110e-04  4.9223510e-04  5.7525370e-04
 6.6982210e-04  7.7624580e-04  8.9423980e-04  1.0227230e-03  1.1596240e-03
 1.3017350e-03  1.4446460e-03  1.5828140e-03  1.7097820e-03  1.8185770e-03
 1.9022670e-03  1.9546260e-03  1.9708500e-03  1.9481900e-03  1.8864190e-03
 1.7880180e-03  1.6580300e-03  1.5035850e-03  1.3331510e-03  1.1556450e-03
 9.7953410e-04  8.1208270e-04  6.5883490e-04  5.2339580e-04  4.0747970e-04
 3.1117470e-04  2.3332940e-04  1.7198040e-04  1.2474800e-04  8.9155000e-05
 6.2853540e-05  4.3761590e-05  3.0125150e-05  2.0526310e-05  1.3857540e-05
 9.2784250e-06  6.1668610e-06  4.0720680e-06  2.6733310e-06  1.7461200e-06
 1.1353910e-06  7.3536980e-07  4.7464450e-07  3.0543740e-07  1.9603550e-07
 1.2553150e-07  8.0224400e-08  5.1181020e-08  3.2603150e-08  2.0741740e-08
 1.3180780e-08  8.3678290e-09  5.3078510e-09  3.3643950e-09  2.1311840e-09
 1.3492660e-09  8.5382780e-10  5.4009030e-10  3.4151500e-10  2.1588450e-10
 1.3643300e-10  8.6202450e-11  5.4454640e-11  3.4393590e-11  2.1719860e-11
 1.0000000e-20  1.0000000e-20  1.0000000e-20  1.0000000e-20  1.0000000e-20
 1.0000000e-20  1.0000000e-20  1.0000000e-20  1.0000000e-20  1.0000000e-20
 1.0000000e-20  1.0000000e-20  1.0000000e-20  1.0000000e-20  1.0000000e-20
 1.0000000e-20  1.0000000e-20  1.0000000e-20  1.0000000e-20  1.0000000e-20
 1.0000000e-20  1.0000000e-20  1.0000000e-20  1.0000000e-20  1.0000000e-20
 1.0000000e-20  1.0000000e-20  1.0000000e-20  1.0000000e-20  1.0000000e-20
 1.0000000e-20  1.0000000e-20  1.0000000e-20  1.0000000e-20  1.0000000e-20
 1.0000000e-20  1.0000000e-20  1.0000000e-20  1.0000000e-20  1.0000000e-20
 1.0000000e-20  1.0000000e-20  1.0000000e-20  1.0000000e-20  1.0000000e-20
 1.0000000e-20  1.0000000e-20  1.0000000e-20  1.0000000e-20  1.0000000e-20
 1.0000000e-20  1.0000000e-20  1.0000000e-20  1.0000000e-20  1.0000000e-20
 1.0000000e-20  1.0000000e-20  1.0000000e-20  1.0000000e-20  1.0000000e-20
 1.0000000e-20  1.0000000e-20  1.0000000e-20  1.0000000e-20  1.0000000e-20
 1.0000000e-20  1.0000000e-20  1.0000000e-20  1.0000000e-20  1.0000000e-20
 1.0000000e-20  1.0000000e-20  1.0000000e-20  1.0000000e-20  1.0000000e-20
 1.0000000e-20  1.0000000e-20  1.0000000e-20  1.0000000e-20  1.0000000e-20
 1.0000000e-20  1.0000000e-20  1.0000000e-20  1.0000000e-20  1.0000000e-20
 1.0000000e-20  1.0000000e-20  1.0000000e-20  1.0000000e-20  1.0000000e-20
 1.0000000e-20  1.0000000e-20  1.0000000e-20  1.0000000e-20  1.0000000e-20
 1.0000000e-20  1.0000000e-20  1.0000000e-20  1.0000000e-20  1.0000000e-20
 1.0000000e-20  1.0000000e-20  1.0000000e-20  1.0000000e-20  1.0000000e-20
 1.0000000e-20  1.0000000e-20  1.0000000e-20  1.0000000e-20  1.0000000e-20
 1.0000000e-20  1.0000000e-20  1.0000000e-20  1.0000000e-20  1.0000000e-20
 1.0000000e-20  1.0000000e-20  1.0000000e-20  1.0000000e-20  1.0000000e-20
 1.0000000e-20  1.0000000e-20  1.0000000e-20  1.0000000e-20  1.0000000e-20
 1.0000000e-20  1.0000000e-20  1.0000000e-20  1.0000000e-20  1.0000000e-20
 1.0000000e-20  1.0000000e-20  1.0000000e-20  1.0000000e-20  1.0000000e-20
 1.0000000e-20  1.0000000e-20  1.0000000e-20  1.0000000e-20  1.0000000e-20
 1.0000000e-20  1.0000000e-20  1.0000000e-20  1.0000000e-20  1.0000000e-20
 1.0000000e-20  1.0000000e-20  1.0000000e-20  1.0000000e-20  1.0000000e-20
 1.0000000e-20  1.0000000e-20  1.0000000e-20  1.0000000e-20  1.0000000e-20
 1.0000000e-20  1.0000000e-20  1.0000000e-20  1.0000000e-20  1.0000000e-20
 1.0000000e-20  1.0000000e-20  1.0000000e-20  1.0000000e-20  1.0000000e-20
 1.0000000e-20  1.0000000e-20  1.0000000e-20  1.0000000e-20  1.0000000e-20
 1.0000000e-20  1.0000000e-20  1.0000000e-20  1.0000000e-20  1.0000000e-20
 1.0000000e-20  1.0000000e-20  1.0000000e-20  1.0000000e-20  1.0000000e-20
 1.0000000e-20  1.0000000e-20  1.0000000e-20  1.0000000e-20  1.0000000e-20
 1.0000000e-20  1.0000000e-20  1.0000000e-20  1.0000000e-20  1.0000000e-20
 1.0000000e-20  1.0000000e-20  1.0000000e-20  1.0000000e-20  1.0000000e-20
 1.0000000e-20  1.0000000e-20  1.0000000e-20  1.0000000e-20  1.0000000e-20
 1.0000000e-20  1.0000000e-20  1.0000000e-20  1.0000000e-20  1.0000000e-20
 1.0000000e-20  1.0000000e-20  1.0000000e-20  1.0000000e-20  1.0000000e-20
 1.0000000e-20  1.0000000e-20  1.0000000e-20  1.0000000e-20  1.0000000e-20
 1.0000000e-20  1.0000000e-20  1.0000000e-20  1.0000000e-20  1.0000000e-20
 1.0000000e-20  1.0000000e-20  1.0000000e-20  1.0000000e-20  1.0000000e-20
 1.0000000e-20  1.0000000e-20  1.0000000e-20  1.0000000e-20  1.0000000e-20
 1.0000000e-20  1.0000000e-20  1.0000000e-20  1.0000000e-20  1.0000000e-20
 1.0000000e-20  1.0000000e-20  1.0000000e-20  1.0000000e-20  1.0000000e-20
 1.0000000e-20  1.0000000e-20  1.0000000e-20  1.0000000e-20  1.0000000e-20
 1.0000000e-20  1.0000000e-20  1.0000000e-20  1.0000000e-20  1.0000000e-20
 5.8437380e-08  7.0017580e-08  8.3892590e-08  1.0051720e-07  1.2043610e-07
 1.4430230e-07  1.7289790e-07  2.0716010e-07  2.4821190e-07  2.9739880e-07
 3.5633270e-07  4.2694520e-07  5.1155060e-07  6.1292180e-07  7.3438120e-07
 8.7990960e-07  1.0541610e-06  1.2616770e-06  1.5082720e-06  1.8009420e-06
 2.1478790e-06  2.5586610e-06  3.0444810e-06  3.6184160e-06  4.2957340e-06
 5.0942620e-06  6.0347980e-06  7.1416150e-06  8.4430310e-06  9.9720910e-06
 1.1767350e-05  1.3873800e-05  1.6343980e-05  1.9239220e-05  2.2631150e-05
 2.6603480e-05  3.1254070e-05  3.6697370e-05  4.3067290e-05  5.0520680e-05
 5.9241230e-05  6.9444300e-05  8.1382440e-05  9.5351940e-05  1.1170050e-04
 1.3083600e-04  1.5323700e-04  1.7946370e-04  2.1017140e-04  2.4612400e-04
 2.8820800e-04  3.3744660e-04  3.9501090e-04  4.6222650e-04  5.4057240e-04
 6.3166800e-04  7.3724120e-04  8.5907160e-04  9.9890220e-04  1.1583080e-03
 1.3385220e-03  1.5401960e-03  1.7631290e-03  2.0059290e-03  2.2656720e-03
 2.5375600e-03  2.8146580e-03  3.0877800e-03  3.3455970e-03  3.5750680e-03
 3.7622390e-03  3.8934160e-03  3.9566280e-03  3.9432160e-03  3.8492590e-03
 3.6765650e-03  3.4329390e-03  3.1316040e-03  2.7897830e-03  2.4267110e-03
 2.0614280e-03  1.7107760e-03  1.3879420e-03  1.1017290e-03  8.5655410e-04
 6.5301890e-04  4.8881590e-04  3.5974770e-04  2.6066350e-04  1.8620240e-04
 1.3130810e-04  9.1528040e-05  6.3139030e-05  4.3153110e-05  2.9251560e-05
 1.9684370e-05  1.3161470e-05  8.7505700e-06  5.7892070e-06  3.8134870e-06
 2.5025620e-06  1.6368810e-06  1.0675920e-06  6.9456390e-07  4.5090030e-07
 2.9216950e-07  1.8900960e-07  1.2210180e-07  7.8782870e-08  5.0779030e-08
 3.2699560e-08  2.1040570e-08  1.3529420e-08  8.6945160e-09  5.5845960e-09
 3.5854850e-09  2.3011280e-09  1.4763600e-09  9.4693860e-10  6.0722020e-10
 3.8929580e-10  2.4953710e-10  1.5992730e-10  1.0248310e-10  6.5664630e-11
 3.8737120e-08  4.6563130e-08  5.5970240e-08  6.7277870e-08  8.0869950e-08
 9.7208040e-08  1.1684690e-07  1.4045330e-07  1.6882900e-07  2.0293740e-07
 2.4393670e-07  2.9321890e-07  3.5245770e-07  4.2366430e-07  5.0925690e-07
 6.1214150e-07  7.3573540e-07  8.8345220e-07  1.0596300e-06  1.2694870e-06
 1.5191570e-06  1.8158280e-06  2.1679290e-06  2.5853300e-06  3.0795850e-06
 3.6642170e-06  4.3550370e-06  5.1705400e-06  6.1323520e-06  7.2657590e-06
 8.6003340e-06  1.0170680e-05  1.2017270e-05  1.4187520e-05  1.6736960e-05
 1.9730670e-05  2.3245020e-05  2.7369690e-05  3.2210060e-05  3.7890150e-05
 4.4556030e-05  5.2379980e-05  6.1565430e-05  7.2352880e-05  8.5026960e-05
 9.9924850e-05  1.1744610e-04  1.3806440e-04  1.6234040e-04  1.9093700e-04
 2.2463450e-04  2.6434700e-04  3.1113540e-04  3.6621650e-04  4.3096070e-04
 5.0687500e-04  5.9555960e-04  6.9863030e-04  8.1759630e-04  9.5368620e-04
 1.1076200e-03  1.2793310e-03  1.4676660e-03  1.6700830e-03  1.8824090e-03
 2.0987050e-03  2.3113020e-03  2.5110600e-03  2.6878660e-03  2.8313750e-03
 2.9319250e-03  2.9815450e-03  2.9749080e-03  2.9100870e-03  2.7889740e-03
 2.6172660e-03  2.4039890e-03  2.1606050e-03  1.8998520e-03  1.6344700e-03
 1.3760280e-03  1.1340250e-03  9.1533530e-04  7.2407210e-04  5.6177920e-04
 4.2787800e-04  3.2023780e-04  2.3576620e-04  1.7093300e-04  1.2217870e-04
 8.6194840e-05  6.0085320e-05  4.1431260e-05  2.8288680e-05  1.9144790e-05
 1.2854140e-05  8.5696450e-06  5.6774610e-06  3.7405000e-06  2.4523020e-06
 1.6008220e-06  1.0410370e-06  6.7475830e-07  4.3608480e-07  2.8112230e-07
 1.8082680e-07  1.1609090e-07  7.4406390e-08  4.7620610e-08  3.0439360e-08
 1.9435910e-08  1.2398400e-08  7.9026750e-09  5.0335770e-09  3.2041680e-09
 2.0385690e-09  1.2963990e-09  8.2410470e-10  5.2369540e-10  3.3269670e-10
 2.1130440e-10  1.3417590e-10  8.5184100e-11  5.4072020e-11  3.4318320e-11
 1.1526270e-07  1.3846090e-07  1.6632820e-07  1.9980430e-07  2.4001790e-07
 2.8832500e-07  3.4635470e-07  4.1606370e-07  4.9980280e-07  6.0039540e-07
 7.2123400e-07  8.6639290e-07  1.0407670e-06  1.2502370e-06  1.5018660e-06
 1.8041380e-06  2.1670210e-06  2.6004340e-06  3.1170010e-06  3.7319120e-06
 4.4630070e-06  5.3312030e-06  6.3610180e-06  7.5811650e-06  9.0252670e-06
 1.0732690e-05  1.2749470e-05  1.5129540e-05  1.7935950e-05  2.1242570e-05
 2.5135840e-05  2.9717090e-05  3.5105040e-05  4.1439000e-05  4.8882520e-05
 5.7627730e-05  6.7900740e-05  7.9967780e-05  9.4142840e-05  1.1079680e-04
 1.3036810e-04  1.5337610e-04  1.8043690e-04  2.1228220e-04  2.4978170e-04
 2.9397040e-04  3.4607940e-04  4.0757230e-04  4.8018430e-04  5.6596450e-04
 6.6731470e-04  7.8702250e-04  9.2827140e-04  1.0946180e-03  1.2899080e-03
 1.5181140e-03  1.7830560e-03  2.0879870e-03  2.4350320e-03  2.8245070e-03
 3.2541620e-03  3.7184460e-03  4.2079450e-03  4.7091310e-03  5.2045660e-03
 5.6736580e-03  6.0939630e-03  6.4429640e-03  6.7000960e-03  6.8487780e-03
 6.8781550e-03  6.7842920e-03  6.5706450e-03  6.2477540e-03  5.8321970e-03
 5.3449890e-03  4.8096370e-03  4.2501220e-03  3.6890460e-03  3.1461330e-03
 2.6372050e-03  2.1736840e-03  1.7625560e-03  1.4067640e-03  1.1058470e-03
 8.5675240e-04  6.5465860e-04  4.9374910e-04  3.6785620e-04  2.7094960e-04
 1.9747000e-04  1.4252110e-04  1.0194860e-04  7.2336020e-05  5.0948840e-05
 3.5648150e-05  2.4794810e-05  1.7154720e-05  1.1813010e-05  8.1007530e-06
 5.5346560e-06  3.7691850e-06  2.5595760e-06  1.7338260e-06  1.1719160e-06
 7.9060850e-07  5.3248430e-07  3.5811790e-07  2.4054770e-07  1.6140030e-07
 1.0819270e-07  7.2466330e-08  4.8502970e-08  3.2443980e-08  2.1690520e-08
 1.4494620e-08  9.6821580e-09  6.4653110e-09  4.3159700e-09  2.8804260e-09
 1.9219390e-09  1.2821540e-09  8.5520330e-10  5.7034460e-10  3.8032270e-10
 1.0000000e-20  1.0000000e-20  1.0000000e-20  1.0000000e-20  1.0000000e-20
 1.0000000e-20  1.0000000e-20  1.0000000e-20  1.0000000e-20  1.0000000e-20
 1.0000000e-20  1.0000000e-20  1.0000000e-20  1.0000000e-20  1.0000000e-20
 1.0000000e-20  1.0000000e-20  1.0000000e-20  1.0000000e-20  1.0000000e-20
 1.0000000e-20  1.0000000e-20  1.0000000e-20  1.0000000e-20  1.0000000e-20
 1.0000000e-20  1.0000000e-20  1.0000000e-20  1.0000000e-20  1.0000000e-20
 1.0000000e-20  1.0000000e-20  1.0000000e-20  1.0000000e-20  1.0000000e-20
 1.0000000e-20  1.0000000e-20  1.0000000e-20  1.0000000e-20  1.0000000e-20
 1.0000000e-20  1.0000000e-20  1.0000000e-20  1.0000000e-20  1.0000000e-20
 1.0000000e-20  1.0000000e-20  1.0000000e-20  1.0000000e-20  1.0000000e-20
 1.0000000e-20  1.0000000e-20  1.0000000e-20  1.0000000e-20  1.0000000e-20
 1.0000000e-20  1.0000000e-20  1.0000000e-20  1.0000000e-20  1.0000000e-20
 1.0000000e-20  1.0000000e-20  1.0000000e-20  1.0000000e-20  1.0000000e-20
 1.0000000e-20  1.0000000e-20  1.0000000e-20  1.0000000e-20  1.0000000e-20
 1.0000000e-20  1.0000000e-20  1.0000000e-20  1.0000000e-20  1.0000000e-20
 1.0000000e-20  1.0000000e-20  1.0000000e-20  1.0000000e-20  1.0000000e-20
 1.0000000e-20  1.0000000e-20  1.0000000e-20  1.0000000e-20  1.0000000e-20
 1.0000000e-20  1.0000000e-20  1.0000000e-20  1.0000000e-20  1.0000000e-20
 1.0000000e-20  1.0000000e-20  1.0000000e-20  1.0000000e-20  1.0000000e-20
 1.0000000e-20  1.0000000e-20  1.0000000e-20  1.0000000e-20  1.0000000e-20
 1.0000000e-20  1.0000000e-20  1.0000000e-20  1.0000000e-20  1.0000000e-20
 1.0000000e-20  1.0000000e-20  1.0000000e-20  1.0000000e-20  1.0000000e-20
 1.0000000e-20  1.0000000e-20  1.0000000e-20  1.0000000e-20  1.0000000e-20
 1.0000000e-20  1.0000000e-20  1.0000000e-20  1.0000000e-20  1.0000000e-20
 1.0000000e-20  1.0000000e-20  1.0000000e-20  1.0000000e-20  1.0000000e-20
 1.0000000e-20  1.0000000e-20  1.0000000e-20  1.0000000e-20  1.0000000e-20
 1.0000000e-20  1.0000000e-20  1.0000000e-20  1.0000000e-20  1.0000000e-20
 1.0000000e-20  1.0000000e-20  1.0000000e-20  1.0000000e-20  1.0000000e-20
 1.0000000e-20  1.0000000e-20  1.0000000e-20  1.0000000e-20  1.0000000e-20
 1.0000000e-20  1.0000000e-20  1.0000000e-20  1.0000000e-20  1.0000000e-20
 1.0000000e-20  1.0000000e-20  1.0000000e-20  1.0000000e-20  1.0000000e-20
 1.0000000e-20  1.0000000e-20  1.0000000e-20  1.0000000e-20  1.0000000e-20
 1.0000000e-20  1.0000000e-20  1.0000000e-20  1.0000000e-20  1.0000000e-20
 1.0000000e-20  1.0000000e-20  1.0000000e-20  1.0000000e-20  1.0000000e-20
 1.0000000e-20  1.0000000e-20  1.0000000e-20  1.0000000e-20  1.0000000e-20
 1.0000000e-20  1.0000000e-20  1.0000000e-20  1.0000000e-20  1.0000000e-20
 1.0000000e-20  1.0000000e-20  1.0000000e-20  1.0000000e-20  1.0000000e-20
 1.0000000e-20  1.0000000e-20  1.0000000e-20  1.0000000e-20  1.0000000e-20
 1.0000000e-20  1.0000000e-20  1.0000000e-20  1.0000000e-20  1.0000000e-20
 1.0000000e-20  1.0000000e-20  1.0000000e-20  1.0000000e-20  1.0000000e-20
 1.0000000e-20  1.0000000e-20  1.0000000e-20  1.0000000e-20  1.0000000e-20
 1.0000000e-20  1.0000000e-20  1.0000000e-20  1.0000000e-20  1.0000000e-20
 1.0000000e-20  1.0000000e-20  1.0000000e-20  1.0000000e-20  1.0000000e-20
 1.0000000e-20  1.0000000e-20  1.0000000e-20  1.0000000e-20  1.0000000e-20
 1.0000000e-20  1.0000000e-20  1.0000000e-20  1.0000000e-20  1.0000000e-20
 1.0000000e-20  1.0000000e-20  1.0000000e-20  1.0000000e-20  1.0000000e-20
 1.0000000e-20  1.0000000e-20  1.0000000e-20  1.0000000e-20  1.0000000e-20
 1.0000000e-20  1.0000000e-20  1.0000000e-20  1.0000000e-20  1.0000000e-20
 1.0000000e-20  1.0000000e-20  1.0000000e-20  1.0000000e-20  1.0000000e-20
 1.0000000e-20  1.0000000e-20  1.0000000e-20  1.0000000e-20  1.0000000e-20
 2.1474560e-08  2.5825120e-08  3.1057070e-08  3.7348990e-08  4.4915580e-08
 5.4015120e-08  6.4958130e-08  7.8118100e-08  9.3944210e-08  1.1297650e-07
 1.3586460e-07  1.6338970e-07  1.9649110e-07  2.3629860e-07  2.8417070e-07
 3.4174130e-07  4.1093310e-07  4.9367480e-07  5.9241450e-07  7.1009810e-07
 8.5018870e-07  1.0167500e-06  1.2145480e-06  1.4491700e-06  1.7271580e-06
 2.0561750e-06  2.4451900e-06  2.9047000e-06  3.4469870e-06  4.0864290e-06
 4.8398540e-06  5.7269720e-06  6.7708710e-06  7.9986210e-06  9.4419760e-06
 1.1138210e-05  1.3131140e-05  1.5472300e-05  1.8222410e-05  2.1453060e-05
 2.5248810e-05  2.9709690e-05  3.4954160e-05  4.1122770e-05  4.8382450e-05
 5.6931770e-05  6.7006980e-05  7.8889330e-05  9.2913270e-05  1.0947580e-04
 1.2904580e-04  1.5217460e-04  1.7950250e-04  2.1176340e-04  2.4978030e-04
 2.9444910e-04  3.4670320e-04  4.0745220e-04  4.7748990e-04  5.5736640e-04
 6.4722900e-04  7.4663870e-04  8.5438910e-04  9.6835100e-04  1.0853870e-03
 1.2013660e-03  1.3113170e-03  1.4097210e-03  1.4909390e-03  1.5497310e-03
 1.5817960e-03  1.5842690e-03  1.5560870e-03  1.4981660e-03  1.4133540e-03
 1.3061660e-03  1.1823330e-03  1.0482340e-03  9.1029550e-04  7.7443880e-04
 6.4564490e-04  5.2768060e-04  4.2299290e-04  3.3276600e-04  2.5709230e-04
 1.9521950e-04  1.4581850e-04  1.0723980e-04  7.7727090e-05  5.5576810e-05
 3.9242590e-05  2.7390590e-05  1.8917110e-05  1.2940000e-05  8.7748510e-06
 5.9040290e-06  3.9447090e-06  2.6192030e-06  1.7294700e-06  1.1363800e-06
 7.4345010e-07  4.8453280e-07  3.1473210e-07  2.0383820e-07  1.3167940e-07
 8.4874930e-08  5.4600400e-08  3.5065230e-08  2.2486340e-08  1.4401460e-08
 9.2132620e-09  5.8884820e-09  3.7603970e-09  2.3996700e-09  1.5303800e-09
 9.7546890e-10  6.2147910e-10  3.9579080e-10  2.5197320e-10  1.6036630e-10
 1.0203750e-10  6.4909740e-11  4.1283490e-11  2.6252520e-11  1.6691820e-11
 1.0000000e-20  1.0000000e-20  1.0000000e-20  1.0000000e-20  1.0000000e-20
 1.0000000e-20  1.0000000e-20  1.0000000e-20  1.0000000e-20  1.0000000e-20
 1.0000000e-20  1.0000000e-20  1.0000000e-20  1.0000000e-20  1.0000000e-20
 1.0000000e-20  1.0000000e-20  1.0000000e-20  1.0000000e-20  1.0000000e-20
 1.0000000e-20  1.0000000e-20  1.0000000e-20  1.0000000e-20  1.0000000e-20
 1.0000000e-20  1.0000000e-20  1.0000000e-20  1.0000000e-20  1.0000000e-20
 1.0000000e-20  1.0000000e-20  1.0000000e-20  1.0000000e-20  1.0000000e-20
 1.0000000e-20  1.0000000e-20  1.0000000e-20  1.0000000e-20  1.0000000e-20
 1.0000000e-20  1.0000000e-20  1.0000000e-20  1.0000000e-20  1.0000000e-20
 1.0000000e-20  1.0000000e-20  1.0000000e-20  1.0000000e-20  1.0000000e-20
 1.0000000e-20  1.0000000e-20  1.0000000e-20  1.0000000e-20  1.0000000e-20
 1.0000000e-20  1.0000000e-20  1.0000000e-20  1.0000000e-20  1.0000000e-20
 1.0000000e-20  1.0000000e-20  1.0000000e-20  1.0000000e-20  1.0000000e-20
 1.0000000e-20  1.0000000e-20  1.0000000e-20  1.0000000e-20  1.0000000e-20
 1.0000000e-20  1.0000000e-20  1.0000000e-20  1.0000000e-20  1.0000000e-20
 1.0000000e-20  1.0000000e-20  1.0000000e-20  1.0000000e-20  1.0000000e-20
 1.0000000e-20  1.0000000e-20  1.0000000e-20  1.0000000e-20  1.0000000e-20
 1.0000000e-20  1.0000000e-20  1.0000000e-20  1.0000000e-20  1.0000000e-20
 1.0000000e-20  1.0000000e-20  1.0000000e-20  1.0000000e-20  1.0000000e-20
 1.0000000e-20  1.0000000e-20  1.0000000e-20  1.0000000e-20  1.0000000e-20
 1.0000000e-20  1.0000000e-20  1.0000000e-20  1.0000000e-20  1.0000000e-20
 1.0000000e-20  1.0000000e-20  1.0000000e-20  1.0000000e-20  1.0000000e-20
 1.0000000e-20  1.0000000e-20  1.0000000e-20  1.0000000e-20  1.0000000e-20
 1.0000000e-20  1.0000000e-20  1.0000000e-20  1.0000000e-20  1.0000000e-20
 1.0000000e-20  1.0000000e-20  1.0000000e-20  1.0000000e-20  1.0000000e-20
 1.0000000e-20  1.0000000e-20  1.0000000e-20  1.0000000e-20  1.0000000e-20
 1.0000000e-20  1.0000000e-20  1.0000000e-20  1.0000000e-20  1.0000000e-20
 1.0000000e-20  1.0000000e-20  1.0000000e-20  1.0000000e-20  1.0000000e-20
 1.0000000e-20  1.0000000e-20  1.0000000e-20  1.0000000e-20  1.0000000e-20
 1.0000000e-20  1.0000000e-20  1.0000000e-20  1.0000000e-20  1.0000000e-20
 1.0000000e-20  1.0000000e-20  1.0000000e-20  1.0000000e-20  1.0000000e-20
 1.0000000e-20  1.0000000e-20  1.0000000e-20  1.0000000e-20  1.0000000e-20
 1.0000000e-20  1.0000000e-20  1.0000000e-20  1.0000000e-20  1.0000000e-20
 1.0000000e-20  1.0000000e-20  1.0000000e-20  1.0000000e-20  1.0000000e-20
 1.0000000e-20  1.0000000e-20  1.0000000e-20  1.0000000e-20  1.0000000e-20
 1.0000000e-20  1.0000000e-20  1.0000000e-20  1.0000000e-20  1.0000000e-20
 1.0000000e-20  1.0000000e-20  1.0000000e-20  1.0000000e-20  1.0000000e-20
 1.0000000e-20  1.0000000e-20  1.0000000e-20  1.0000000e-20  1.0000000e-20
 1.0000000e-20  1.0000000e-20  1.0000000e-20  1.0000000e-20  1.0000000e-20
 1.0000000e-20  1.0000000e-20  1.0000000e-20  1.0000000e-20  1.0000000e-20
 1.0000000e-20  1.0000000e-20  1.0000000e-20  1.0000000e-20  1.0000000e-20
 1.0000000e-20  1.0000000e-20  1.0000000e-20  1.0000000e-20  1.0000000e-20
 1.0000000e-20  1.0000000e-20  1.0000000e-20  1.0000000e-20  1.0000000e-20
 1.0000000e-20  1.0000000e-20  1.0000000e-20  1.0000000e-20  1.0000000e-20
 1.0000000e-20  1.0000000e-20  1.0000000e-20  1.0000000e-20  1.0000000e-20
 1.0000000e-20  1.0000000e-20  1.0000000e-20  1.0000000e-20  1.0000000e-20
 1.0000000e-20  1.0000000e-20  1.0000000e-20  1.0000000e-20  1.0000000e-20
 1.0000000e-20  1.0000000e-20  1.0000000e-20  1.0000000e-20  1.0000000e-20
 1.0000000e-20  1.0000000e-20  1.0000000e-20  1.0000000e-20  1.0000000e-20
 1.0000000e-20  1.0000000e-20  1.0000000e-20  1.0000000e-20  1.0000000e-20
 1.0000000e-20  1.0000000e-20  1.0000000e-20  1.0000000e-20  1.0000000e-20
 1.0000000e-20  1.0000000e-20  1.0000000e-20  1.0000000e-20  1.0000000e-20
 1.0000000e-20  1.0000000e-20  1.0000000e-20  1.0000000e-20  1.0000000e-20
 1.0000000e-20  1.0000000e-20  1.0000000e-20  1.0000000e-20  1.0000000e-20
 1.0000000e-20  1.0000000e-20  1.0000000e-20  1.0000000e-20  1.0000000e-20
 1.0000000e-20  1.0000000e-20  1.0000000e-20  1.0000000e-20  1.0000000e-20
 1.0000000e-20  1.0000000e-20  1.0000000e-20  1.0000000e-20  1.0000000e-20
 1.0000000e-20  1.0000000e-20  1.0000000e-20  1.0000000e-20  1.0000000e-20
 1.0000000e-20  1.0000000e-20  1.0000000e-20  1.0000000e-20  1.0000000e-20
 1.0000000e-20  1.0000000e-20  1.0000000e-20  1.0000000e-20  1.0000000e-20
 1.0000000e-20  1.0000000e-20  1.0000000e-20  1.0000000e-20  1.0000000e-20
 1.0000000e-20  1.0000000e-20  1.0000000e-20  1.0000000e-20  1.0000000e-20
 1.0000000e-20  1.0000000e-20  1.0000000e-20  1.0000000e-20  1.0000000e-20
 1.0000000e-20  1.0000000e-20  1.0000000e-20  1.0000000e-20  1.0000000e-20
 1.0000000e-20  1.0000000e-20  1.0000000e-20  1.0000000e-20  1.0000000e-20
 1.0000000e-20  1.0000000e-20  1.0000000e-20  1.0000000e-20  1.0000000e-20
 1.0000000e-20  1.0000000e-20  1.0000000e-20  1.0000000e-20  1.0000000e-20
 1.0000000e-20  1.0000000e-20  1.0000000e-20  1.0000000e-20  1.0000000e-20
 1.0000000e-20  1.0000000e-20  1.0000000e-20  1.0000000e-20  1.0000000e-20
 1.0000000e-20  1.0000000e-20  1.0000000e-20  1.0000000e-20  1.0000000e-20
 1.0000000e-20  1.0000000e-20  1.0000000e-20  1.0000000e-20  1.0000000e-20
 1.0000000e-20  1.0000000e-20  1.0000000e-20  1.0000000e-20  1.0000000e-20
 1.0000000e-20  1.0000000e-20  1.0000000e-20  1.0000000e-20  1.0000000e-20
 1.0000000e-20  1.0000000e-20  1.0000000e-20  1.0000000e-20  1.0000000e-20
 1.0000000e-20  1.0000000e-20  1.0000000e-20  1.0000000e-20  1.0000000e-20
 8.0199760e-08  9.6385190e-08  1.1583710e-07  1.3921480e-07  1.6731030e-07
 2.0107590e-07  2.4165590e-07  2.9042550e-07  3.4903770e-07  4.1947840e-07
 5.0413530e-07  6.0587700e-07  7.2815170e-07  8.7510310e-07  1.0517120e-06
 1.2639620e-06  1.5188900e-06  1.8235190e-06  2.1867770e-06  2.6194080e-06
 3.1340350e-06  3.7454580e-06  4.4710330e-06  5.3310860e-06  6.3494220e-06
 7.5539060e-06  8.9771410e-06  1.0657280e-05  1.2638960e-05  1.4974430e-05
 1.7724840e-05  2.0961780e-05  2.4769150e-05  2.9245300e-05  3.4505630e-05
 4.0685580e-05  4.7944400e-05  5.6469430e-05  6.6481360e-05  7.8240520e-05
 9.2054360e-05  1.0828660e-04  1.2736790e-04  1.4980930e-04  1.7621750e-04
 2.0731350e-04  2.4395470e-04  2.8716010e-04  3.3813880e-04  3.9832150e-04
 4.6939140e-04  5.5331450e-04  6.5235770e-04  7.6909030e-04  9.0635170e-04
 1.0671710e-03  1.2546160e-03  1.4715430e-03  1.7202500e-03  2.0020120e-03
 2.3165230e-03  2.6613020e-03  3.0311280e-03  3.4176270e-03  3.8091250e-03
 4.1908670e-03  4.5456940e-03  4.8551750e-03  5.1010960e-03  5.2671930e-03
 5.3408630e-03  5.3146340e-03  5.1871560e-03  4.9635420e-03  4.6549890e-03
 4.2777220e-03  3.8514060e-03  3.3972590e-03  2.9361300e-03  2.4867910e-03
 2.0646500e-03  1.6810130e-03  1.3428610e-03  1.0531510e-03  8.1143510e-04
 6.1470040e-04  4.5824030e-04  3.3646700e-04  2.4357320e-04  1.7401390e-04
 1.2281180e-04  8.5709630e-05  5.9207340e-05  4.0521650e-05  2.7501430e-05
 1.8524600e-05  1.2394030e-05  8.2426530e-06  5.4526200e-06  3.5900060e-06
 2.3538510e-06  1.5377100e-06  1.0013300e-06  6.5022070e-07  4.2119160e-07
 2.7225140e-07  1.7565160e-07  1.1314390e-07  7.2777920e-08  4.6756120e-08
 3.0006690e-08  1.9239750e-08  1.2326440e-08  7.8918200e-09  5.0496250e-09
 3.2293710e-09  2.0643580e-09  1.3191250e-09  8.4264270e-10  5.3811740e-10
 3.4356080e-10  2.1929970e-10  1.3995640e-10  8.9305610e-11  5.6977790e-11
 1.0000000e-20  1.0000000e-20  1.0000000e-20  1.0000000e-20  1.0000000e-20
 1.0000000e-20  1.0000000e-20  1.0000000e-20  1.0000000e-20  1.0000000e-20
 1.0000000e-20  1.0000000e-20  1.0000000e-20  1.0000000e-20  1.0000000e-20
 1.0000000e-20  1.0000000e-20  1.0000000e-20  1.0000000e-20  1.0000000e-20
 1.0000000e-20  1.0000000e-20  1.0000000e-20  1.0000000e-20  1.0000000e-20
 1.0000000e-20  1.0000000e-20  1.0000000e-20  1.0000000e-20  1.0000000e-20
 1.0000000e-20  1.0000000e-20  1.0000000e-20  1.0000000e-20  1.0000000e-20
 1.0000000e-20  1.0000000e-20  1.0000000e-20  1.0000000e-20  1.0000000e-20
 1.0000000e-20  1.0000000e-20  1.0000000e-20  1.0000000e-20  1.0000000e-20
 1.0000000e-20  1.0000000e-20  1.0000000e-20  1.0000000e-20  1.0000000e-20
 1.0000000e-20  1.0000000e-20  1.0000000e-20  1.0000000e-20  1.0000000e-20
 1.0000000e-20  1.0000000e-20  1.0000000e-20  1.0000000e-20  1.0000000e-20
 1.0000000e-20  1.0000000e-20  1.0000000e-20  1.0000000e-20  1.0000000e-20
 1.0000000e-20  1.0000000e-20  1.0000000e-20  1.0000000e-20  1.0000000e-20
 1.0000000e-20  1.0000000e-20  1.0000000e-20  1.0000000e-20  1.0000000e-20
 1.0000000e-20  1.0000000e-20  1.0000000e-20  1.0000000e-20  1.0000000e-20
 1.0000000e-20  1.0000000e-20  1.0000000e-20  1.0000000e-20  1.0000000e-20
 1.0000000e-20  1.0000000e-20  1.0000000e-20  1.0000000e-20  1.0000000e-20
 1.0000000e-20  1.0000000e-20  1.0000000e-20  1.0000000e-20  1.0000000e-20
 1.0000000e-20  1.0000000e-20  1.0000000e-20  1.0000000e-20  1.0000000e-20
 1.0000000e-20  1.0000000e-20  1.0000000e-20  1.0000000e-20  1.0000000e-20
 1.0000000e-20  1.0000000e-20  1.0000000e-20  1.0000000e-20  1.0000000e-20
 1.0000000e-20  1.0000000e-20  1.0000000e-20  1.0000000e-20  1.0000000e-20
 1.0000000e-20  1.0000000e-20  1.0000000e-20  1.0000000e-20  1.0000000e-20
 1.0000000e-20  1.0000000e-20  1.0000000e-20  1.0000000e-20  1.0000000e-20
 3.5471640e-08  4.2649410e-08  5.1279630e-08  6.1656230e-08  7.4132520e-08
 8.9133460e-08  1.0716990e-07  1.2885590e-07  1.5493030e-07  1.8628090e-07
 2.2397540e-07  2.6929740e-07  3.2379050e-07  3.8931030e-07  4.6808830e-07
 5.6280730e-07  6.7662310e-07  8.1269760e-07  9.7504520e-07  1.1684970e-06
 1.3987320e-06  1.6724110e-06  1.9973490e-06  2.3827000e-06  2.8391910e-06
 3.3793790e-06  4.0179630e-06  4.7721450e-06  5.6620600e-06  6.7112730e-06
 7.9473730e-06  9.4026720e-06  1.1115030e-05  1.3128850e-05  1.5496230e-05
 1.8278330e-05  2.1547070e-05  2.5387080e-05  2.9898090e-05  3.5197770e-05
 4.1425120e-05  4.8744660e-05  5.7351320e-05  6.7476480e-05  7.9395100e-05
 9.3434290e-05  1.0998340e-04  1.2950600e-04  1.5255320e-04  1.7977880e-04
 2.1195410e-04  2.4998410e-04  2.9491720e-04  3.4794950e-04  4.1041340e-04
 4.8374570e-04  5.6942150e-04  6.6884540e-04  7.8319060e-04  9.1318290e-04
 1.0588360e-03  1.2191610e-03  1.3918840e-03  1.5732310e-03  1.7578350e-03
 1.9388190e-03  2.1081040e-03  2.2569360e-03  2.3765990e-03  2.4592500e-03
 2.4987430e-03  2.4913450e-03  2.4362180e-03  2.3355880e-03  2.1945700e-03
 2.0206730e-03  1.8230520e-03  1.6116210e-03  1.3961560e-03  1.1854970e-03
 9.8694370e-04  8.0590450e-04  6.4578530e-04  5.0811520e-04  3.9282580e-04
 2.9862920e-04  2.2341870e-04  1.6464470e-04  1.1962530e-04  8.5775580e-05
 6.0756610e-05  4.2553600e-05  2.9499110e-05  2.0258880e-05  1.3795720e-05
 9.3231470e-06  6.2576970e-06  4.1746630e-06  2.7699840e-06  1.8291610e-06
 1.2027910e-06  7.8797260e-07  5.1453340e-07  3.3502200e-07  2.1759410e-07
 1.4101760e-07  9.1216660e-08  5.8905660e-08  3.7985350e-08  2.4464360e-08
 1.5739180e-08  1.0116340e-08  6.4970030e-09  4.1696320e-09  2.6743530e-09
 1.7143970e-09  1.0985200e-09  7.0361410e-10  4.5051990e-10  2.8838110e-10
 1.8454830e-10  1.1807530e-10  7.5531150e-11  4.8308460e-11  3.0892970e-11
 1.0000000e-20  1.0000000e-20  1.0000000e-20  1.0000000e-20  1.0000000e-20
 1.0000000e-20  1.0000000e-20  1.0000000e-20  1.0000000e-20  1.0000000e-20
 1.0000000e-20  1.0000000e-20  1.0000000e-20  1.0000000e-20  1.0000000e-20
 1.0000000e-20  1.0000000e-20  1.0000000e-20  1.0000000e-20  1.0000000e-20
 1.0000000e-20  1.0000000e-20  1.0000000e-20  1.0000000e-20  1.0000000e-20
 1.0000000e-20  1.0000000e-20  1.0000000e-20  1.0000000e-20  1.0000000e-20
 1.0000000e-20  1.0000000e-20  1.0000000e-20  1.0000000e-20  1.0000000e-20
 1.0000000e-20  1.0000000e-20  1.0000000e-20  1.0000000e-20  1.0000000e-20
 1.0000000e-20  1.0000000e-20  1.0000000e-20  1.0000000e-20  1.0000000e-20
 1.0000000e-20  1.0000000e-20  1.0000000e-20  1.0000000e-20  1.0000000e-20
 1.0000000e-20  1.0000000e-20  1.0000000e-20  1.0000000e-20  1.0000000e-20
 1.0000000e-20  1.0000000e-20  1.0000000e-20  1.0000000e-20  1.0000000e-20
 1.0000000e-20  1.0000000e-20  1.0000000e-20  1.0000000e-20  1.0000000e-20
 1.0000000e-20  1.0000000e-20  1.0000000e-20  1.0000000e-20  1.0000000e-20
 1.0000000e-20  1.0000000e-20  1.0000000e-20  1.0000000e-20  1.0000000e-20
 1.0000000e-20  1.0000000e-20  1.0000000e-20  1.0000000e-20  1.0000000e-20
 1.0000000e-20  1.0000000e-20  1.0000000e-20  1.0000000e-20  1.0000000e-20
 1.0000000e-20  1.0000000e-20  1.0000000e-20  1.0000000e-20  1.0000000e-20
 1.0000000e-20  1.0000000e-20  1.0000000e-20  1.0000000e-20  1.0000000e-20
 1.0000000e-20  1.0000000e-20  1.0000000e-20  1.0000000e-20  1.0000000e-20
 1.0000000e-20  1.0000000e-20  1.0000000e-20  1.0000000e-20  1.0000000e-20
 1.0000000e-20  1.0000000e-20  1.0000000e-20  1.0000000e-20  1.0000000e-20
 1.0000000e-20  1.0000000e-20  1.0000000e-20  1.0000000e-20  1.0000000e-20
 1.0000000e-20  1.0000000e-20  1.0000000e-20  1.0000000e-20  1.0000000e-20
 1.0000000e-20  1.0000000e-20  1.0000000e-20  1.0000000e-20  1.0000000e-20
 1.0000000e-20  1.0000000e-20  1.0000000e-20  1.0000000e-20  1.0000000e-20
 1.0000000e-20  1.0000000e-20  1.0000000e-20  1.0000000e-20  1.0000000e-20
 1.0000000e-20  1.0000000e-20  1.0000000e-20  1.0000000e-20  1.0000000e-20
 1.0000000e-20  1.0000000e-20  1.0000000e-20  1.0000000e-20  1.0000000e-20
 1.0000000e-20  1.0000000e-20  1.0000000e-20  1.0000000e-20  1.0000000e-20
 1.0000000e-20  1.0000000e-20  1.0000000e-20  1.0000000e-20  1.0000000e-20
 1.0000000e-20  1.0000000e-20  1.0000000e-20  1.0000000e-20  1.0000000e-20
 1.0000000e-20  1.0000000e-20  1.0000000e-20  1.0000000e-20  1.0000000e-20
 1.0000000e-20  1.0000000e-20  1.0000000e-20  1.0000000e-20  1.0000000e-20
 1.0000000e-20  1.0000000e-20  1.0000000e-20  1.0000000e-20  1.0000000e-20
 1.0000000e-20  1.0000000e-20  1.0000000e-20  1.0000000e-20  1.0000000e-20
 1.0000000e-20  1.0000000e-20  1.0000000e-20  1.0000000e-20  1.0000000e-20
 1.0000000e-20  1.0000000e-20  1.0000000e-20  1.0000000e-20  1.0000000e-20
 1.0000000e-20  1.0000000e-20  1.0000000e-20  1.0000000e-20  1.0000000e-20
 1.0000000e-20  1.0000000e-20  1.0000000e-20  1.0000000e-20  1.0000000e-20
 1.0000000e-20  1.0000000e-20  1.0000000e-20  1.0000000e-20  1.0000000e-20
 1.0000000e-20  1.0000000e-20  1.0000000e-20  1.0000000e-20  1.0000000e-20
 1.0000000e-20  1.0000000e-20  1.0000000e-20  1.0000000e-20  1.0000000e-20
 1.0000000e-20  1.0000000e-20  1.0000000e-20  1.0000000e-20  1.0000000e-20
 1.0000000e-20  1.0000000e-20  1.0000000e-20  1.0000000e-20  1.0000000e-20
 1.0000000e-20  1.0000000e-20  1.0000000e-20  1.0000000e-20  1.0000000e-20
 1.0000000e-20  1.0000000e-20  1.0000000e-20  1.0000000e-20  1.0000000e-20
 1.0000000e-20  1.0000000e-20  1.0000000e-20  1.0000000e-20  1.0000000e-20
 1.0000000e-20  1.0000000e-20  1.0000000e-20  1.0000000e-20  1.0000000e-20
 1.0000000e-20  1.0000000e-20  1.0000000e-20  1.0000000e-20  1.0000000e-20
 6.9992010e-08  8.4136420e-08  1.0113930e-07  1.2157820e-07  1.4614750e-07
 1.7568190e-07  2.1118490e-07  2.5386240e-07  3.0516470e-07  3.6683430e-07
 4.4096660e-07  5.3008000e-07  6.3720210e-07  7.6597190e-07  9.2076450e-07
 1.1068390e-06  1.3303780e-06  1.5975670e-06  1.9162610e-06  2.2959150e-06
 2.7476370e-06  3.2844590e-06  3.9216590e-06  4.6771350e-06  5.5718530e-06
 6.6303520e-06  7.8813520e-06  9.3584550e-06  1.1100980e-05  1.3154950e-05
 1.5574220e-05  1.8421870e-05  2.1771760e-05  2.5710520e-05  3.0339760e-05
 3.5778730e-05  4.2167630e-05  4.9671360e-05  5.8484140e-05  6.8835060e-05
 8.0994600e-05  9.5282700e-05  1.1207820e-04  1.3183060e-04  1.5507330e-04
 1.8244070e-04  2.1468680e-04  2.5270850e-04  2.9757050e-04  3.5053430e-04
 4.1308570e-04  4.8696450e-04  5.7418240e-04  6.7702940e-04  7.9805070e-04
 9.3998450e-04  1.1056360e-03  1.2976710e-03  1.5183160e-03  1.7689530e-03
 2.0496310e-03  2.3585220e-03  2.6914100e-03  3.0412770e-03  3.3981300e-03
 3.7491350e-03  4.0791600e-03  4.3717230e-03  4.6102830e-03  4.7797600e-03
 4.8680770e-03  4.8675110e-03  4.7756540e-03  4.5958160e-03  4.3368070e-03
 4.0121070e-03  3.6385640e-03  3.2347750e-03  2.8194090e-03  2.4096730e-03
 2.0200960e-03  1.6617730e-03  1.3420550e-03  1.0646880e-03  8.3027240e-04
 6.3693250e-04  4.8105920e-04  3.5802890e-04  2.6281680e-04  1.9046520e-04
 1.3640280e-04  9.6625360e-05  6.7768480e-05  4.7100800e-05  3.2469180e-05
 2.2218480e-05  1.5104010e-05  1.0207450e-05  6.8623660e-06  4.5922340e-06
 3.0605820e-06  2.0324800e-06  1.3454970e-06  8.8826510e-07  5.8500210e-07
 3.8446830e-07  2.5221450e-07  1.6519190e-07  1.0804580e-07  7.0583990e-08
 4.6063130e-08  3.0033730e-08  1.9567150e-08  1.2739510e-08  8.2894240e-09
 5.3910920e-09  3.5046160e-09  2.2774090e-09  1.4794500e-09  9.6081050e-10
 6.2383550e-10  4.0495960e-10  2.6283000e-10  1.7055740e-10  1.1066450e-10
 1.0000000e-20  1.0000000e-20  1.0000000e-20  1.0000000e-20  1.0000000e-20
 1.0000000e-20  1.0000000e-20  1.0000000e-20  1.0000000e-20  1.0000000e-20
 1.0000000e-20  1.0000000e-20  1.0000000e-20  1.0000000e-20  1.0000000e-20
 1.0000000e-20  1.0000000e-20  1.0000000e-20  1.0000000e-20  1.0000000e-20
 1.0000000e-20  1.0000000e-20  1.0000000e-20  1.0000000e-20  1.0000000e-20
 1.0000000e-20  1.0000000e-20  1.0000000e-20  1.0000000e-20  1.0000000e-20
 1.0000000e-20  1.0000000e-20  1.0000000e-20  1.0000000e-20  1.0000000e-20
 1.0000000e-20  1.0000000e-20  1.0000000e-20  1.0000000e-20  1.0000000e-20
 1.0000000e-20  1.0000000e-20  1.0000000e-20  1.0000000e-20  1.0000000e-20
 1.0000000e-20  1.0000000e-20  1.0000000e-20  1.0000000e-20  1.0000000e-20
 1.0000000e-20  1.0000000e-20  1.0000000e-20  1.0000000e-20  1.0000000e-20
 1.0000000e-20  1.0000000e-20  1.0000000e-20  1.0000000e-20  1.0000000e-20
 1.0000000e-20  1.0000000e-20  1.0000000e-20  1.0000000e-20  1.0000000e-20
 1.0000000e-20  1.0000000e-20  1.0000000e-20  1.0000000e-20  1.0000000e-20
 1.0000000e-20  1.0000000e-20  1.0000000e-20  1.0000000e-20  1.0000000e-20
 1.0000000e-20  1.0000000e-20  1.0000000e-20  1.0000000e-20  1.0000000e-20
 1.0000000e-20  1.0000000e-20  1.0000000e-20  1.0000000e-20  1.0000000e-20
 1.0000000e-20  1.0000000e-20  1.0000000e-20  1.0000000e-20  1.0000000e-20
 1.0000000e-20  1.0000000e-20  1.0000000e-20  1.0000000e-20  1.0000000e-20
 1.0000000e-20  1.0000000e-20  1.0000000e-20  1.0000000e-20  1.0000000e-20
 1.0000000e-20  1.0000000e-20  1.0000000e-20  1.0000000e-20  1.0000000e-20
 1.0000000e-20  1.0000000e-20  1.0000000e-20  1.0000000e-20  1.0000000e-20
 1.0000000e-20  1.0000000e-20  1.0000000e-20  1.0000000e-20  1.0000000e-20
 1.0000000e-20  1.0000000e-20  1.0000000e-20  1.0000000e-20  1.0000000e-20
 1.0000000e-20  1.0000000e-20  1.0000000e-20  1.0000000e-20  1.0000000e-20
 4.6370020e-08  5.5703030e-08  6.6914550e-08  8.0382670e-08  9.6561530e-08
 1.1599680e-07  1.3934380e-07  1.6738990e-07  2.0108110e-07  2.4155320e-07
 2.9017140e-07  3.4857510e-07  4.1873390e-07  5.0301370e-07  6.0425680e-07
 7.2587740e-07  8.7188550e-07  1.0462710e-06  1.2541090e-06  1.5015110e-06
 1.7956470e-06  2.1449280e-06  2.5592070e-06  3.0500190e-06  3.6308710e-06
 4.3175650e-06  5.1285860e-06  6.0855540e-06  7.2137610e-06  8.5427920e-06
 1.0107260e-05  1.1947700e-05  1.4111560e-05  1.6654460e-05  1.9641620e-05
 2.3149560e-05  2.7268190e-05  3.2103230e-05  3.7779130e-05  4.4442580e-05
 5.2266660e-05  6.1455940e-05  7.2252430e-05  8.4942840e-05  9.9867130e-05
 1.1742870e-04  1.3810640e-04  1.6246780e-04  1.9118510e-04  2.2505140e-04
 2.6499630e-04  3.1210210e-04  3.6761110e-04  4.3292440e-04  5.0958270e-04
 5.9921970e-04  7.0347870e-04  8.2388060e-04  9.6163830e-04  1.1174160e-03
 1.2910450e-03  1.4812190e-03  1.6852110e-03  1.8986660e-03  2.1155260e-03
 2.3281330e-03  2.5275540e-03  2.7041320e-03  2.8482160e-03  2.9510110e-03
 3.0054470e-03  3.0069370e-03  2.9539300e-03  2.8481630e-03  2.6945690e-03
 2.5008410e-03  2.2767140e-03  2.0330710e-03  1.7809680e-03  1.5307410e-03
 1.2912650e-03  1.0694700e-03  8.7011350e-04  6.9581530e-04  5.4729070e-04
 4.2371950e-04  3.2317210e-04  2.4303330e-04  1.8037340e-04  1.3223960e-04
 9.5861200e-05  6.8773750e-05  4.8876300e-05  3.4439150e-05  2.4079620e-05
 1.6719880e-05  1.1537810e-05  7.9180260e-06  5.4073550e-06  3.6768390e-06
 2.4906320e-06  1.6814720e-06  1.1318670e-06  7.5995100e-07  5.0909910e-07
 3.4038500e-07  2.2719560e-07  1.5142130e-07  1.0078980e-07  6.7013580e-08
 4.4513300e-08  2.9542900e-08  1.9593110e-08  1.2986170e-08  8.6024840e-09
 5.6959100e-09  3.7698790e-09  2.4942510e-09  1.6497650e-09  1.0909150e-09
 7.2121100e-10  4.7670490e-10  3.1503880e-10  2.0816900e-10  1.3753520e-10
 1.0000000e-20  1.0000000e-20  1.0000000e-20  1.0000000e-20  1.0000000e-20
 1.0000000e-20  1.0000000e-20  1.0000000e-20  1.0000000e-20  1.0000000e-20
 1.0000000e-20  1.0000000e-20  1.0000000e-20  1.0000000e-20  1.0000000e-20
 1.0000000e-20  1.0000000e-20  1.0000000e-20  1.0000000e-20  1.0000000e-20
 1.0000000e-20  1.0000000e-20  1.0000000e-20  1.0000000e-20  1.0000000e-20
 1.0000000e-20  1.0000000e-20  1.0000000e-20  1.0000000e-20  1.0000000e-20
 1.0000000e-20  1.0000000e-20  1.0000000e-20  1.0000000e-20  1.0000000e-20
 1.0000000e-20  1.0000000e-20  1.0000000e-20  1.0000000e-20  1.0000000e-20
 1.0000000e-20  1.0000000e-20  1.0000000e-20  1.0000000e-20  1.0000000e-20
 1.0000000e-20  1.0000000e-20  1.0000000e-20  1.0000000e-20  1.0000000e-20
 1.0000000e-20  1.0000000e-20  1.0000000e-20  1.0000000e-20  1.0000000e-20
 1.0000000e-20  1.0000000e-20  1.0000000e-20  1.0000000e-20  1.0000000e-20
 1.0000000e-20  1.0000000e-20  1.0000000e-20  1.0000000e-20  1.0000000e-20
 1.0000000e-20  1.0000000e-20  1.0000000e-20  1.0000000e-20  1.0000000e-20
 1.0000000e-20  1.0000000e-20  1.0000000e-20  1.0000000e-20  1.0000000e-20
 1.0000000e-20  1.0000000e-20  1.0000000e-20  1.0000000e-20  1.0000000e-20
 1.0000000e-20  1.0000000e-20  1.0000000e-20  1.0000000e-20  1.0000000e-20
 1.0000000e-20  1.0000000e-20  1.0000000e-20  1.0000000e-20  1.0000000e-20
 1.0000000e-20  1.0000000e-20  1.0000000e-20  1.0000000e-20  1.0000000e-20
 1.0000000e-20  1.0000000e-20  1.0000000e-20  1.0000000e-20  1.0000000e-20
 1.0000000e-20  1.0000000e-20  1.0000000e-20  1.0000000e-20  1.0000000e-20
 1.0000000e-20  1.0000000e-20  1.0000000e-20  1.0000000e-20  1.0000000e-20
 1.0000000e-20  1.0000000e-20  1.0000000e-20  1.0000000e-20  1.0000000e-20
 1.0000000e-20  1.0000000e-20  1.0000000e-20  1.0000000e-20  1.0000000e-20
 1.0000000e-20  1.0000000e-20  1.0000000e-20  1.0000000e-20  1.0000000e-20
 5.0652060e-07  6.0873400e-07  7.3157380e-07  8.7920240e-07  1.0566210e-06
 1.2698430e-06  1.5260910e-06  1.8340490e-06  2.2041530e-06  2.6489410e-06
 3.1834860e-06  3.8258980e-06  4.5979480e-06  5.5257920e-06  6.6408720e-06
 7.9809700e-06  9.5904990e-06  1.1513820e-05  1.3807340e-05  1.6538910e-05
 1.9788270e-05  2.3648970e-05  2.8230710e-05  3.3662000e-05  4.0093420e-05
 4.7701310e-05  5.6692090e-05  6.7307440e-05  7.9830330e-05  9.4592170e-05
 1.1198120e-04  1.3245240e-04  1.5653960e-04  1.8486930e-04  2.1817730e-04
 2.5732910e-04  3.0334370e-04  3.5742220e-04  4.2098240e-04  4.9570080e-04
 5.8356240e-04  6.8692140e-04  8.0857480e-04  9.5185020e-04  1.1207120e-03
 1.3198860e-03  1.5550120e-03  1.8328070e-03  2.1612650e-03  2.5498550e-03
 3.0097150e-03  3.5538220e-03  4.1970530e-03  4.9560860e-03  5.8490160e-03
 6.8945690e-03  8.1107410e-03  9.5127590e-03  1.1110330e-02  1.2904270e-02
 1.4882780e-02  1.7017970e-02  1.9263280e-02  2.1552640e-02  2.3801970e-02
 2.5913480e-02  2.7782610e-02  2.9307000e-02  3.0396280e-02  3.0981290e-02
 3.1021380e-02  3.0508620e-02  2.9468440e-02  2.7956590e-02  2.6053210e-02
 2.3854790e-02  2.1465380e-02  1.8988040e-02  1.6517580e-02  1.4135050e-02
 1.1904350e-02  9.8709520e-03  8.0623040e-03  6.4897000e-03  5.1509980e-03
 4.0337990e-03  3.1186420e-03  2.3819580e-03  1.7985550e-03  1.3435370e-03
 9.9365040e-04  7.2811700e-04  5.2902500e-04  3.8139610e-04  2.7302950e-04
 1.9420960e-04  1.3735310e-04  9.6644060e-05  6.7689720e-05  4.7217660e-05
 3.2818900e-05  2.2738680e-05  1.5710690e-05  1.0828340e-05  7.4472880e-06
 5.1123620e-06  3.5037770e-06  2.3979160e-06  1.6390610e-06  1.1191540e-06
 7.6344950e-07  5.2037900e-07  3.5445110e-07  2.4128460e-07  1.6416300e-07
 1.1164110e-07  7.5893260e-08  5.1574580e-08  3.5038140e-08  2.3797810e-08
 1.6159890e-08  1.0971300e-08  7.4474430e-09  5.0547030e-09  3.4302950e-09
 3.1738890e-09  3.8143310e-09  4.5840060e-09  5.5089910e-09  6.6206210e-09
 7.9565640e-09  9.5620780e-09  1.1491560e-08  1.3810390e-08  1.6597110e-08
 1.9946160e-08  2.3971000e-08  2.8807990e-08  3.4621000e-08  4.1607000e-08
 5.0002660e-08  6.0086220e-08  7.2135640e-08  8.6504240e-08  1.0361730e-07
 1.2397430e-07  1.4816160e-07  1.7686670e-07  2.1089500e-07  2.5119050e-07
 2.9885870e-07  3.5519390e-07  4.2171190e-07  5.0018800e-07  5.9270150e-07
 7.0168910e-07  8.3000820e-07  9.8101080e-07  1.1586340e-06  1.3675040e-06
 1.6130640e-06  1.9017270e-06  2.2410580e-06  2.6399910e-06  3.1091010e-06
 3.6609170e-06  4.3103140e-06  5.0749790e-06  5.9759810e-06  7.0384410e-06
 8.2923500e-06  9.7735080e-06  1.1524630e-05  1.3596550e-05  1.6049520e-05
 1.8954410e-05  2.2393720e-05  2.6461820e-05  3.1264130e-05  3.6914280e-05
 4.3528620e-05  5.1216810e-05  6.0068050e-05  7.0132710e-05  8.1400210e-05
 9.3775480e-05  1.0705750e-04  1.2092520e-04  1.3493540e-04  1.4853730e-04
 1.6110420e-04  1.7198260e-04  1.8055140e-04  1.8628420e-04  1.8880500e-04
 1.8792830e-04  1.8367810e-04  1.7628300e-04  1.6614940e-04  1.5381740e-04
 1.3990800e-04  1.2506680e-04  1.0991390e-04  9.5002300e-05  8.0789950e-05
 6.7624140e-05  5.5738880e-05  4.5261380e-05  3.6226480e-05  2.8594590e-05
 2.2271460e-05  1.7127150e-05  1.3012880e-05  9.7748470e-06  7.2644290e-06
 5.3451940e-06  3.8968640e-06  2.8169290e-06  2.0205010e-06  1.4390310e-06
 1.0183610e-06  7.1652420e-07  5.0155590e-07  3.4946900e-07  2.4250590e-07
 1.6767330e-07  1.1556290e-07  7.9424170e-08  5.4452260e-08  3.7251320e-08
 2.5435950e-08  1.7339630e-08  1.1803450e-08  8.0248510e-09  5.4499780e-09
 3.6978090e-09  2.5069170e-09  1.6983610e-09  1.1498840e-09  7.7812340e-10
 5.2631290e-10  3.5585120e-10  2.4051640e-10  1.6251470e-10  1.0978180e-10
 7.4143350e-11  5.0064720e-11  3.3800260e-11  2.2816400e-11  1.5400010e-11
 2.4312420e-08  2.9237590e-08  3.5160500e-08  4.2283290e-08  5.0848980e-08
 6.1149910e-08  7.3537590e-08  8.8434730e-08  1.0634980e-07  1.2789400e-07
 1.5380260e-07  1.8495970e-07  2.2242860e-07  2.6748790e-07  3.2167530e-07
 3.8683990e-07  4.6515780e-07  5.5881450e-07  6.7058300e-07  8.0380120e-07
 9.6239390e-07  1.1509680e-06  1.3749320e-06  1.6406220e-06  1.9554720e-06
 2.3281870e-06  2.7689680e-06  3.2897630e-06  3.9045700e-06  4.6297910e-06
 5.4846540e-06  6.4917100e-06  7.6774240e-06  9.0728890e-06  1.0714660e-05
 1.2645740e-05  1.4916850e-05  1.7587800e-05  2.0729310e-05  2.4425110e-05
 2.8774480e-05  3.3895370e-05  3.9928220e-05  4.7040450e-05  5.5432060e-05
 6.5342210e-05  7.7057120e-05  9.0919230e-05  1.0733770e-04  1.2679960e-04
 1.4988140e-04  1.7725890e-04  2.0971250e-04  2.4812440e-04  2.9345970e-04
 3.4672730e-04  4.0890690e-04  4.8083810e-04  5.6306770e-04  6.5565920e-04
 7.5798340e-04  8.6851910e-04  9.8471330e-04  1.1029400e-03  1.2186050e-03
 1.3264110e-03  1.4207760e-03  1.4963500e-03  1.5485640e-03  1.5741170e-03
 1.5713310e-03  1.5403090e-03  1.4828840e-03  1.4023810e-03  1.3032370e-03
 1.1905440e-03  1.0695870e-03  9.4542890e-04  8.2258660e-04  7.0481170e-04
 5.9497790e-04  4.9506520e-04  4.0621470e-04  3.2883870e-04  2.6275640e-04
 2.0734180e-04  1.6166480e-04  1.2461890e-04  9.5028130e-05  7.1728470e-05
 5.3627040e-05  3.9739010e-05  2.9206700e-05  2.1304420e-05  1.5433450e-05
 1.1110600e-05  7.9534640e-06  5.6646030e-06  4.0161440e-06  2.8359070e-06
 1.9953350e-06  1.3994620e-06  9.7879560e-07  6.8289690e-07  4.7542550e-07
 3.3036260e-07  2.2918410e-07  1.5876500e-07  1.0984560e-07  7.5916990e-08
 5.2418660e-08  3.6164070e-08  2.4932270e-08  1.7178260e-08  1.1829480e-08
 8.1424010e-09  5.6023090e-09  3.8532980e-09  2.6495320e-09  1.8213550e-09
 1.2517680e-09  8.6014200e-10  5.9094190e-10  4.0593610e-10  2.7881570e-10

