The system is: Linux - 5.3.0-64-generic - x86_64
Compiling the C compiler identification source file "CMakeCCompilerId.c" succeeded.
Compiler: /usr/bin/cc 
Build flags: 
Id flags:  

The output was:
0


Compilation of the C compiler identification source "CMakeCCompilerId.c" produced "a.out"

The C compiler identification is GNU, found in "/home/alberto/Documents/Magnetic_Active_Radiation_Shielding/montecarlo_cpp/3rd_party_libraries/build/Main_Build/eigen3/CMakeFiles/3.13.4/CompilerIdC/a.out"

Compiling the CXX compiler identification source file "CMakeCXXCompilerId.cpp" succeeded.
Compiler: /usr/bin/c++ 
Build flags: 
Id flags:  

The output was:
0


Compilation of the CXX compiler identification source "CMakeCXXCompilerId.cpp" produced "a.out"

The CXX compiler identification is GNU, found in "/home/alberto/Documents/Magnetic_Active_Radiation_Shielding/montecarlo_cpp/3rd_party_libraries/build/Main_Build/eigen3/CMakeFiles/3.13.4/CompilerIdCXX/a.out"

Determining if the C compiler works passed with the following output:
Change Dir: /home/alberto/Documents/Magnetic_Active_Radiation_Shielding/montecarlo_cpp/3rd_party_libraries/build/Main_Build/eigen3/CMakeFiles/CMakeTmp

Run Build Command:"/usr/bin/make" "cmTC_76d79/fast"
make[3]: Entering directory '/home/alberto/Documents/Magnetic_Active_Radiation_Shielding/montecarlo_cpp/3rd_party_libraries/build/Main_Build/eigen3/CMakeFiles/CMakeTmp'
/usr/bin/make -f CMakeFiles/cmTC_76d79.dir/build.make CMakeFiles/cmTC_76d79.dir/build
make[4]: Entering directory '/home/alberto/Documents/Magnetic_Active_Radiation_Shielding/montecarlo_cpp/3rd_party_libraries/build/Main_Build/eigen3/CMakeFiles/CMakeTmp'
Building C object CMakeFiles/cmTC_76d79.dir/testCCompiler.c.o
/usr/bin/cc    -o CMakeFiles/cmTC_76d79.dir/testCCompiler.c.o   -c /home/alberto/Documents/Magnetic_Active_Radiation_Shielding/montecarlo_cpp/3rd_party_libraries/build/Main_Build/eigen3/CMakeFiles/CMakeTmp/testCCompiler.c
Linking C executable cmTC_76d79
/usr/bin/cmake -E cmake_link_script CMakeFiles/cmTC_76d79.dir/link.txt --verbose=1
/usr/bin/cc      CMakeFiles/cmTC_76d79.dir/testCCompiler.c.o  -o cmTC_76d79 
make[4]: Leaving directory '/home/alberto/Documents/Magnetic_Active_Radiation_Shielding/montecarlo_cpp/3rd_party_libraries/build/Main_Build/eigen3/CMakeFiles/CMakeTmp'
make[3]: Leaving directory '/home/alberto/Documents/Magnetic_Active_Radiation_Shielding/montecarlo_cpp/3rd_party_libraries/build/Main_Build/eigen3/CMakeFiles/CMakeTmp'


Detecting C compiler ABI info compiled with the following output:
Change Dir: /home/alberto/Documents/Magnetic_Active_Radiation_Shielding/montecarlo_cpp/3rd_party_libraries/build/Main_Build/eigen3/CMakeFiles/CMakeTmp

Run Build Command:"/usr/bin/make" "cmTC_b4a6f/fast"
make[3]: Entering directory '/home/alberto/Documents/Magnetic_Active_Radiation_Shielding/montecarlo_cpp/3rd_party_libraries/build/Main_Build/eigen3/CMakeFiles/CMakeTmp'
/usr/bin/make -f CMakeFiles/cmTC_b4a6f.dir/build.make CMakeFiles/cmTC_b4a6f.dir/build
make[4]: Entering directory '/home/alberto/Documents/Magnetic_Active_Radiation_Shielding/montecarlo_cpp/3rd_party_libraries/build/Main_Build/eigen3/CMakeFiles/CMakeTmp'
Building C object CMakeFiles/cmTC_b4a6f.dir/CMakeCCompilerABI.c.o
/usr/bin/cc    -o CMakeFiles/cmTC_b4a6f.dir/CMakeCCompilerABI.c.o   -c /usr/share/cmake-3.13/Modules/CMakeCCompilerABI.c
Linking C executable cmTC_b4a6f
/usr/bin/cmake -E cmake_link_script CMakeFiles/cmTC_b4a6f.dir/link.txt --verbose=1
/usr/bin/cc     -v CMakeFiles/cmTC_b4a6f.dir/CMakeCCompilerABI.c.o  -o cmTC_b4a6f 
Using built-in specs.
COLLECT_GCC=/usr/bin/cc
COLLECT_LTO_WRAPPER=/usr/lib/gcc/x86_64-linux-gnu/9/lto-wrapper
OFFLOAD_TARGET_NAMES=nvptx-none:hsa
OFFLOAD_TARGET_DEFAULT=1
Target: x86_64-linux-gnu
Configured with: ../src/configure -v --with-pkgversion='Ubuntu 9.2.1-9ubuntu2' --with-bugurl=file:///usr/share/doc/gcc-9/README.Bugs --enable-languages=c,ada,c++,go,brig,d,fortran,objc,obj-c++,gm2 --prefix=/usr --with-gcc-major-version-only --program-suffix=-9 --program-prefix=x86_64-linux-gnu- --enable-shared --enable-linker-build-id --libexecdir=/usr/lib --without-included-gettext --enable-threads=posix --libdir=/usr/lib --enable-nls --enable-bootstrap --enable-clocale=gnu --enable-libstdcxx-debug --enable-libstdcxx-time=yes --with-default-libstdcxx-abi=new --enable-gnu-unique-object --disable-vtable-verify --enable-plugin --enable-default-pie --with-system-zlib --with-target-system-zlib=auto --enable-multiarch --disable-werror --with-arch-32=i686 --with-abi=m64 --with-multilib-list=m32,m64,mx32 --enable-multilib --with-tune=generic --enable-offload-targets=nvptx-none,hsa --without-cuda-driver --enable-checking=release --build=x86_64-linux-gnu --host=x86_64-linux-gnu --target=x86_64-linux-gnu
Thread model: posix
gcc version 9.2.1 20191008 (Ubuntu 9.2.1-9ubuntu2) 
COMPILER_PATH=/usr/lib/gcc/x86_64-linux-gnu/9/:/usr/lib/gcc/x86_64-linux-gnu/9/:/usr/lib/gcc/x86_64-linux-gnu/:/usr/lib/gcc/x86_64-linux-gnu/9/:/usr/lib/gcc/x86_64-linux-gnu/
LIBRARY_PATH=/usr/lib/gcc/x86_64-linux-gnu/9/:/usr/lib/gcc/x86_64-linux-gnu/9/../../../x86_64-linux-gnu/:/usr/lib/gcc/x86_64-linux-gnu/9/../../../../lib/:/lib/x86_64-linux-gnu/:/lib/../lib/:/usr/lib/x86_64-linux-gnu/:/usr/lib/../lib/:/usr/lib/gcc/x86_64-linux-gnu/9/../../../:/lib/:/usr/lib/
COLLECT_GCC_OPTIONS='-v' '-o' 'cmTC_b4a6f' '-mtune=generic' '-march=x86-64'
 /usr/lib/gcc/x86_64-linux-gnu/9/collect2 -plugin /usr/lib/gcc/x86_64-linux-gnu/9/liblto_plugin.so -plugin-opt=/usr/lib/gcc/x86_64-linux-gnu/9/lto-wrapper -plugin-opt=-fresolution=/tmp/ccNgOMGN.res -plugin-opt=-pass-through=-lgcc -plugin-opt=-pass-through=-lgcc_s -plugin-opt=-pass-through=-lc -plugin-opt=-pass-through=-lgcc -plugin-opt=-pass-through=-lgcc_s --build-id --eh-frame-hdr -m elf_x86_64 --hash-style=gnu --as-needed -dynamic-linker /lib64/ld-linux-x86-64.so.2 -pie -z now -z relro -o cmTC_b4a6f /usr/lib/gcc/x86_64-linux-gnu/9/../../../x86_64-linux-gnu/Scrt1.o /usr/lib/gcc/x86_64-linux-gnu/9/../../../x86_64-linux-gnu/crti.o /usr/lib/gcc/x86_64-linux-gnu/9/crtbeginS.o -L/usr/lib/gcc/x86_64-linux-gnu/9 -L/usr/lib/gcc/x86_64-linux-gnu/9/../../../x86_64-linux-gnu -L/usr/lib/gcc/x86_64-linux-gnu/9/../../../../lib -L/lib/x86_64-linux-gnu -L/lib/../lib -L/usr/lib/x86_64-linux-gnu -L/usr/lib/../lib -L/usr/lib/gcc/x86_64-linux-gnu/9/../../.. CMakeFiles/cmTC_b4a6f.dir/CMakeCCompilerABI.c.o -lgcc --push-state --as-needed -lgcc_s --pop-state -lc -lgcc --push-state --as-needed -lgcc_s --pop-state /usr/lib/gcc/x86_64-linux-gnu/9/crtendS.o /usr/lib/gcc/x86_64-linux-gnu/9/../../../x86_64-linux-gnu/crtn.o
COLLECT_GCC_OPTIONS='-v' '-o' 'cmTC_b4a6f' '-mtune=generic' '-march=x86-64'
make[4]: Leaving directory '/home/alberto/Documents/Magnetic_Active_Radiation_Shielding/montecarlo_cpp/3rd_party_libraries/build/Main_Build/eigen3/CMakeFiles/CMakeTmp'
make[3]: Leaving directory '/home/alberto/Documents/Magnetic_Active_Radiation_Shielding/montecarlo_cpp/3rd_party_libraries/build/Main_Build/eigen3/CMakeFiles/CMakeTmp'


Parsed C implicit link information from above output:
  link line regex: [^( *|.*[/\])(ld|CMAKE_LINK_STARTFILE-NOTFOUND|([^/\]+-)?ld|collect2)[^/\]*( |$)]
  ignore line: [Change Dir: /home/alberto/Documents/Magnetic_Active_Radiation_Shielding/montecarlo_cpp/3rd_party_libraries/build/Main_Build/eigen3/CMakeFiles/CMakeTmp]
  ignore line: []
  ignore line: [Run Build Command:"/usr/bin/make" "cmTC_b4a6f/fast"]
  ignore line: [make[3]: Entering directory '/home/alberto/Documents/Magnetic_Active_Radiation_Shielding/montecarlo_cpp/3rd_party_libraries/build/Main_Build/eigen3/CMakeFiles/CMakeTmp']
  ignore line: [/usr/bin/make -f CMakeFiles/cmTC_b4a6f.dir/build.make CMakeFiles/cmTC_b4a6f.dir/build]
  ignore line: [make[4]: Entering directory '/home/alberto/Documents/Magnetic_Active_Radiation_Shielding/montecarlo_cpp/3rd_party_libraries/build/Main_Build/eigen3/CMakeFiles/CMakeTmp']
  ignore line: [Building C object CMakeFiles/cmTC_b4a6f.dir/CMakeCCompilerABI.c.o]
  ignore line: [/usr/bin/cc    -o CMakeFiles/cmTC_b4a6f.dir/CMakeCCompilerABI.c.o   -c /usr/share/cmake-3.13/Modules/CMakeCCompilerABI.c]
  ignore line: [Linking C executable cmTC_b4a6f]
  ignore line: [/usr/bin/cmake -E cmake_link_script CMakeFiles/cmTC_b4a6f.dir/link.txt --verbose=1]
  ignore line: [/usr/bin/cc     -v CMakeFiles/cmTC_b4a6f.dir/CMakeCCompilerABI.c.o  -o cmTC_b4a6f ]
  ignore line: [Using built-in specs.]
  ignore line: [COLLECT_GCC=/usr/bin/cc]
  ignore line: [COLLECT_LTO_WRAPPER=/usr/lib/gcc/x86_64-linux-gnu/9/lto-wrapper]
  ignore line: [OFFLOAD_TARGET_NAMES=nvptx-none:hsa]
  ignore line: [OFFLOAD_TARGET_DEFAULT=1]
  ignore line: [Target: x86_64-linux-gnu]
  ignore line: [Configured with: ../src/configure -v --with-pkgversion='Ubuntu 9.2.1-9ubuntu2' --with-bugurl=file:///usr/share/doc/gcc-9/README.Bugs --enable-languages=c,ada,c++,go,brig,d,fortran,objc,obj-c++,gm2 --prefix=/usr --with-gcc-major-version-only --program-suffix=-9 --program-prefix=x86_64-linux-gnu- --enable-shared --enable-linker-build-id --libexecdir=/usr/lib --without-included-gettext --enable-threads=posix --libdir=/usr/lib --enable-nls --enable-bootstrap --enable-clocale=gnu --enable-libstdcxx-debug --enable-libstdcxx-time=yes --with-default-libstdcxx-abi=new --enable-gnu-unique-object --disable-vtable-verify --enable-plugin --enable-default-pie --with-system-zlib --with-target-system-zlib=auto --enable-multiarch --disable-werror --with-arch-32=i686 --with-abi=m64 --with-multilib-list=m32,m64,mx32 --enable-multilib --with-tune=generic --enable-offload-targets=nvptx-none,hsa --without-cuda-driver --enable-checking=release --build=x86_64-linux-gnu --host=x86_64-linux-gnu --target=x86_64-linux-gnu]
  ignore line: [Thread model: posix]
  ignore line: [gcc version 9.2.1 20191008 (Ubuntu 9.2.1-9ubuntu2) ]
  ignore line: [COMPILER_PATH=/usr/lib/gcc/x86_64-linux-gnu/9/:/usr/lib/gcc/x86_64-linux-gnu/9/:/usr/lib/gcc/x86_64-linux-gnu/:/usr/lib/gcc/x86_64-linux-gnu/9/:/usr/lib/gcc/x86_64-linux-gnu/]
  ignore line: [LIBRARY_PATH=/usr/lib/gcc/x86_64-linux-gnu/9/:/usr/lib/gcc/x86_64-linux-gnu/9/../../../x86_64-linux-gnu/:/usr/lib/gcc/x86_64-linux-gnu/9/../../../../lib/:/lib/x86_64-linux-gnu/:/lib/../lib/:/usr/lib/x86_64-linux-gnu/:/usr/lib/../lib/:/usr/lib/gcc/x86_64-linux-gnu/9/../../../:/lib/:/usr/lib/]
  ignore line: [COLLECT_GCC_OPTIONS='-v' '-o' 'cmTC_b4a6f' '-mtune=generic' '-march=x86-64']
  link line: [ /usr/lib/gcc/x86_64-linux-gnu/9/collect2 -plugin /usr/lib/gcc/x86_64-linux-gnu/9/liblto_plugin.so -plugin-opt=/usr/lib/gcc/x86_64-linux-gnu/9/lto-wrapper -plugin-opt=-fresolution=/tmp/ccNgOMGN.res -plugin-opt=-pass-through=-lgcc -plugin-opt=-pass-through=-lgcc_s -plugin-opt=-pass-through=-lc -plugin-opt=-pass-through=-lgcc -plugin-opt=-pass-through=-lgcc_s --build-id --eh-frame-hdr -m elf_x86_64 --hash-style=gnu --as-needed -dynamic-linker /lib64/ld-linux-x86-64.so.2 -pie -z now -z relro -o cmTC_b4a6f /usr/lib/gcc/x86_64-linux-gnu/9/../../../x86_64-linux-gnu/Scrt1.o /usr/lib/gcc/x86_64-linux-gnu/9/../../../x86_64-linux-gnu/crti.o /usr/lib/gcc/x86_64-linux-gnu/9/crtbeginS.o -L/usr/lib/gcc/x86_64-linux-gnu/9 -L/usr/lib/gcc/x86_64-linux-gnu/9/../../../x86_64-linux-gnu -L/usr/lib/gcc/x86_64-linux-gnu/9/../../../../lib -L/lib/x86_64-linux-gnu -L/lib/../lib -L/usr/lib/x86_64-linux-gnu -L/usr/lib/../lib -L/usr/lib/gcc/x86_64-linux-gnu/9/../../.. CMakeFiles/cmTC_b4a6f.dir/CMakeCCompilerABI.c.o -lgcc --push-state --as-needed -lgcc_s --pop-state -lc -lgcc --push-state --as-needed -lgcc_s --pop-state /usr/lib/gcc/x86_64-linux-gnu/9/crtendS.o /usr/lib/gcc/x86_64-linux-gnu/9/../../../x86_64-linux-gnu/crtn.o]
    arg [/usr/lib/gcc/x86_64-linux-gnu/9/collect2] ==> ignore
    arg [-plugin] ==> ignore
    arg [/usr/lib/gcc/x86_64-linux-gnu/9/liblto_plugin.so] ==> ignore
    arg [-plugin-opt=/usr/lib/gcc/x86_64-linux-gnu/9/lto-wrapper] ==> ignore
    arg [-plugin-opt=-fresolution=/tmp/ccNgOMGN.res] ==> ignore
    arg [-plugin-opt=-pass-through=-lgcc] ==> ignore
    arg [-plugin-opt=-pass-through=-lgcc_s] ==> ignore
    arg [-plugin-opt=-pass-through=-lc] ==> ignore
    arg [-plugin-opt=-pass-through=-lgcc] ==> ignore
    arg [-plugin-opt=-pass-through=-lgcc_s] ==> ignore
    arg [--build-id] ==> ignore
    arg [--eh-frame-hdr] ==> ignore
    arg [-m] ==> ignore
    arg [elf_x86_64] ==> ignore
    arg [--hash-style=gnu] ==> ignore
    arg [--as-needed] ==> ignore
    arg [-dynamic-linker] ==> ignore
    arg [/lib64/ld-linux-x86-64.so.2] ==> ignore
    arg [-pie] ==> ignore
    arg [-znow] ==> ignore
    arg [-zrelro] ==> ignore
    arg [-o] ==> ignore
    arg [cmTC_b4a6f] ==> ignore
    arg [/usr/lib/gcc/x86_64-linux-gnu/9/../../../x86_64-linux-gnu/Scrt1.o] ==> ignore
    arg [/usr/lib/gcc/x86_64-linux-gnu/9/../../../x86_64-linux-gnu/crti.o] ==> ignore
    arg [/usr/lib/gcc/x86_64-linux-gnu/9/crtbeginS.o] ==> ignore
    arg [-L/usr/lib/gcc/x86_64-linux-gnu/9] ==> dir [/usr/lib/gcc/x86_64-linux-gnu/9]
    arg [-L/usr/lib/gcc/x86_64-linux-gnu/9/../../../x86_64-linux-gnu] ==> dir [/usr/lib/gcc/x86_64-linux-gnu/9/../../../x86_64-linux-gnu]
    arg [-L/usr/lib/gcc/x86_64-linux-gnu/9/../../../../lib] ==> dir [/usr/lib/gcc/x86_64-linux-gnu/9/../../../../lib]
    arg [-L/lib/x86_64-linux-gnu] ==> dir [/lib/x86_64-linux-gnu]
    arg [-L/lib/../lib] ==> dir [/lib/../lib]
    arg [-L/usr/lib/x86_64-linux-gnu] ==> dir [/usr/lib/x86_64-linux-gnu]
    arg [-L/usr/lib/../lib] ==> dir [/usr/lib/../lib]
    arg [-L/usr/lib/gcc/x86_64-linux-gnu/9/../../..] ==> dir [/usr/lib/gcc/x86_64-linux-gnu/9/../../..]
    arg [CMakeFiles/cmTC_b4a6f.dir/CMakeCCompilerABI.c.o] ==> ignore
    arg [-lgcc] ==> lib [gcc]
    arg [--push-state] ==> ignore
    arg [--as-needed] ==> ignore
    arg [-lgcc_s] ==> lib [gcc_s]
    arg [--pop-state] ==> ignore
    arg [-lc] ==> lib [c]
    arg [-lgcc] ==> lib [gcc]
    arg [--push-state] ==> ignore
    arg [--as-needed] ==> ignore
    arg [-lgcc_s] ==> lib [gcc_s]
    arg [--pop-state] ==> ignore
    arg [/usr/lib/gcc/x86_64-linux-gnu/9/crtendS.o] ==> ignore
    arg [/usr/lib/gcc/x86_64-linux-gnu/9/../../../x86_64-linux-gnu/crtn.o] ==> ignore
  collapse library dir [/usr/lib/gcc/x86_64-linux-gnu/9] ==> [/usr/lib/gcc/x86_64-linux-gnu/9]
  collapse library dir [/usr/lib/gcc/x86_64-linux-gnu/9/../../../x86_64-linux-gnu] ==> [/usr/lib/x86_64-linux-gnu]
  collapse library dir [/usr/lib/gcc/x86_64-linux-gnu/9/../../../../lib] ==> [/usr/lib]
  collapse library dir [/lib/x86_64-linux-gnu] ==> [/lib/x86_64-linux-gnu]
  collapse library dir [/lib/../lib] ==> [/lib]
  collapse library dir [/usr/lib/x86_64-linux-gnu] ==> [/usr/lib/x86_64-linux-gnu]
  collapse library dir [/usr/lib/../lib] ==> [/usr/lib]
  collapse library dir [/usr/lib/gcc/x86_64-linux-gnu/9/../../..] ==> [/usr/lib]
  implicit libs: [gcc;gcc_s;c;gcc;gcc_s]
  implicit dirs: [/usr/lib/gcc/x86_64-linux-gnu/9;/usr/lib/x86_64-linux-gnu;/usr/lib;/lib/x86_64-linux-gnu;/lib]
  implicit fwks: []




Detecting C [-std=c11] compiler features compiled with the following output:
Change Dir: /home/alberto/Documents/Magnetic_Active_Radiation_Shielding/montecarlo_cpp/3rd_party_libraries/build/Main_Build/eigen3/CMakeFiles/CMakeTmp

Run Build Command:"/usr/bin/make" "cmTC_1d0e6/fast"
make[3]: Entering directory '/home/alberto/Documents/Magnetic_Active_Radiation_Shielding/montecarlo_cpp/3rd_party_libraries/build/Main_Build/eigen3/CMakeFiles/CMakeTmp'
/usr/bin/make -f CMakeFiles/cmTC_1d0e6.dir/build.make CMakeFiles/cmTC_1d0e6.dir/build
make[4]: Entering directory '/home/alberto/Documents/Magnetic_Active_Radiation_Shielding/montecarlo_cpp/3rd_party_libraries/build/Main_Build/eigen3/CMakeFiles/CMakeTmp'
Building C object CMakeFiles/cmTC_1d0e6.dir/feature_tests.c.o
/usr/bin/cc   -std=c11 -o CMakeFiles/cmTC_1d0e6.dir/feature_tests.c.o   -c /home/alberto/Documents/Magnetic_Active_Radiation_Shielding/montecarlo_cpp/3rd_party_libraries/build/Main_Build/eigen3/CMakeFiles/feature_tests.c
Linking C executable cmTC_1d0e6
/usr/bin/cmake -E cmake_link_script CMakeFiles/cmTC_1d0e6.dir/link.txt --verbose=1
/usr/bin/cc      CMakeFiles/cmTC_1d0e6.dir/feature_tests.c.o  -o cmTC_1d0e6 
make[4]: Leaving directory '/home/alberto/Documents/Magnetic_Active_Radiation_Shielding/montecarlo_cpp/3rd_party_libraries/build/Main_Build/eigen3/CMakeFiles/CMakeTmp'
make[3]: Leaving directory '/home/alberto/Documents/Magnetic_Active_Radiation_Shielding/montecarlo_cpp/3rd_party_libraries/build/Main_Build/eigen3/CMakeFiles/CMakeTmp'


    Feature record: C_FEATURE:1c_function_prototypes
    Feature record: C_FEATURE:1c_restrict
    Feature record: C_FEATURE:1c_static_assert
    Feature record: C_FEATURE:1c_variadic_macros


Detecting C [-std=c99] compiler features compiled with the following output:
Change Dir: /home/alberto/Documents/Magnetic_Active_Radiation_Shielding/montecarlo_cpp/3rd_party_libraries/build/Main_Build/eigen3/CMakeFiles/CMakeTmp

Run Build Command:"/usr/bin/make" "cmTC_7a761/fast"
make[3]: Entering directory '/home/alberto/Documents/Magnetic_Active_Radiation_Shielding/montecarlo_cpp/3rd_party_libraries/build/Main_Build/eigen3/CMakeFiles/CMakeTmp'
/usr/bin/make -f CMakeFiles/cmTC_7a761.dir/build.make CMakeFiles/cmTC_7a761.dir/build
make[4]: Entering directory '/home/alberto/Documents/Magnetic_Active_Radiation_Shielding/montecarlo_cpp/3rd_party_libraries/build/Main_Build/eigen3/CMakeFiles/CMakeTmp'
Building C object CMakeFiles/cmTC_7a761.dir/feature_tests.c.o
/usr/bin/cc   -std=c99 -o CMakeFiles/cmTC_7a761.dir/feature_tests.c.o   -c /home/alberto/Documents/Magnetic_Active_Radiation_Shielding/montecarlo_cpp/3rd_party_libraries/build/Main_Build/eigen3/CMakeFiles/feature_tests.c
Linking C executable cmTC_7a761
/usr/bin/cmake -E cmake_link_script CMakeFiles/cmTC_7a761.dir/link.txt --verbose=1
/usr/bin/cc      CMakeFiles/cmTC_7a761.dir/feature_tests.c.o  -o cmTC_7a761 
make[4]: Leaving directory '/home/alberto/Documents/Magnetic_Active_Radiation_Shielding/montecarlo_cpp/3rd_party_libraries/build/Main_Build/eigen3/CMakeFiles/CMakeTmp'
make[3]: Leaving directory '/home/alberto/Documents/Magnetic_Active_Radiation_Shielding/montecarlo_cpp/3rd_party_libraries/build/Main_Build/eigen3/CMakeFiles/CMakeTmp'


    Feature record: C_FEATURE:1c_function_prototypes
    Feature record: C_FEATURE:1c_restrict
    Feature record: C_FEATURE:0c_static_assert
    Feature record: C_FEATURE:1c_variadic_macros


Detecting C [-std=c90] compiler features compiled with the following output:
Change Dir: /home/alberto/Documents/Magnetic_Active_Radiation_Shielding/montecarlo_cpp/3rd_party_libraries/build/Main_Build/eigen3/CMakeFiles/CMakeTmp

Run Build Command:"/usr/bin/make" "cmTC_1f869/fast"
make[3]: Entering directory '/home/alberto/Documents/Magnetic_Active_Radiation_Shielding/montecarlo_cpp/3rd_party_libraries/build/Main_Build/eigen3/CMakeFiles/CMakeTmp'
/usr/bin/make -f CMakeFiles/cmTC_1f869.dir/build.make CMakeFiles/cmTC_1f869.dir/build
make[4]: Entering directory '/home/alberto/Documents/Magnetic_Active_Radiation_Shielding/montecarlo_cpp/3rd_party_libraries/build/Main_Build/eigen3/CMakeFiles/CMakeTmp'
Building C object CMakeFiles/cmTC_1f869.dir/feature_tests.c.o
/usr/bin/cc   -std=c90 -o CMakeFiles/cmTC_1f869.dir/feature_tests.c.o   -c /home/alberto/Documents/Magnetic_Active_Radiation_Shielding/montecarlo_cpp/3rd_party_libraries/build/Main_Build/eigen3/CMakeFiles/feature_tests.c
Linking C executable cmTC_1f869
/usr/bin/cmake -E cmake_link_script CMakeFiles/cmTC_1f869.dir/link.txt --verbose=1
/usr/bin/cc      CMakeFiles/cmTC_1f869.dir/feature_tests.c.o  -o cmTC_1f869 
make[4]: Leaving directory '/home/alberto/Documents/Magnetic_Active_Radiation_Shielding/montecarlo_cpp/3rd_party_libraries/build/Main_Build/eigen3/CMakeFiles/CMakeTmp'
make[3]: Leaving directory '/home/alberto/Documents/Magnetic_Active_Radiation_Shielding/montecarlo_cpp/3rd_party_libraries/build/Main_Build/eigen3/CMakeFiles/CMakeTmp'


    Feature record: C_FEATURE:1c_function_prototypes
    Feature record: C_FEATURE:0c_restrict
    Feature record: C_FEATURE:0c_static_assert
    Feature record: C_FEATURE:0c_variadic_macros
Determining if the CXX compiler works passed with the following output:
Change Dir: /home/alberto/Documents/Magnetic_Active_Radiation_Shielding/montecarlo_cpp/3rd_party_libraries/build/Main_Build/eigen3/CMakeFiles/CMakeTmp

Run Build Command:"/usr/bin/make" "cmTC_ed972/fast"
make[3]: Entering directory '/home/alberto/Documents/Magnetic_Active_Radiation_Shielding/montecarlo_cpp/3rd_party_libraries/build/Main_Build/eigen3/CMakeFiles/CMakeTmp'
/usr/bin/make -f CMakeFiles/cmTC_ed972.dir/build.make CMakeFiles/cmTC_ed972.dir/build
make[4]: Entering directory '/home/alberto/Documents/Magnetic_Active_Radiation_Shielding/montecarlo_cpp/3rd_party_libraries/build/Main_Build/eigen3/CMakeFiles/CMakeTmp'
Building CXX object CMakeFiles/cmTC_ed972.dir/testCXXCompiler.cxx.o
/usr/bin/c++     -o CMakeFiles/cmTC_ed972.dir/testCXXCompiler.cxx.o -c /home/alberto/Documents/Magnetic_Active_Radiation_Shielding/montecarlo_cpp/3rd_party_libraries/build/Main_Build/eigen3/CMakeFiles/CMakeTmp/testCXXCompiler.cxx
Linking CXX executable cmTC_ed972
/usr/bin/cmake -E cmake_link_script CMakeFiles/cmTC_ed972.dir/link.txt --verbose=1
/usr/bin/c++       CMakeFiles/cmTC_ed972.dir/testCXXCompiler.cxx.o  -o cmTC_ed972 
make[4]: Leaving directory '/home/alberto/Documents/Magnetic_Active_Radiation_Shielding/montecarlo_cpp/3rd_party_libraries/build/Main_Build/eigen3/CMakeFiles/CMakeTmp'
make[3]: Leaving directory '/home/alberto/Documents/Magnetic_Active_Radiation_Shielding/montecarlo_cpp/3rd_party_libraries/build/Main_Build/eigen3/CMakeFiles/CMakeTmp'


Detecting CXX compiler ABI info compiled with the following output:
Change Dir: /home/alberto/Documents/Magnetic_Active_Radiation_Shielding/montecarlo_cpp/3rd_party_libraries/build/Main_Build/eigen3/CMakeFiles/CMakeTmp

Run Build Command:"/usr/bin/make" "cmTC_78e29/fast"
make[3]: Entering directory '/home/alberto/Documents/Magnetic_Active_Radiation_Shielding/montecarlo_cpp/3rd_party_libraries/build/Main_Build/eigen3/CMakeFiles/CMakeTmp'
/usr/bin/make -f CMakeFiles/cmTC_78e29.dir/build.make CMakeFiles/cmTC_78e29.dir/build
make[4]: Entering directory '/home/alberto/Documents/Magnetic_Active_Radiation_Shielding/montecarlo_cpp/3rd_party_libraries/build/Main_Build/eigen3/CMakeFiles/CMakeTmp'
Building CXX object CMakeFiles/cmTC_78e29.dir/CMakeCXXCompilerABI.cpp.o
/usr/bin/c++     -o CMakeFiles/cmTC_78e29.dir/CMakeCXXCompilerABI.cpp.o -c /usr/share/cmake-3.13/Modules/CMakeCXXCompilerABI.cpp
Linking CXX executable cmTC_78e29
/usr/bin/cmake -E cmake_link_script CMakeFiles/cmTC_78e29.dir/link.txt --verbose=1
/usr/bin/c++      -v CMakeFiles/cmTC_78e29.dir/CMakeCXXCompilerABI.cpp.o  -o cmTC_78e29 
Using built-in specs.
COLLECT_GCC=/usr/bin/c++
COLLECT_LTO_WRAPPER=/usr/lib/gcc/x86_64-linux-gnu/9/lto-wrapper
OFFLOAD_TARGET_NAMES=nvptx-none:hsa
OFFLOAD_TARGET_DEFAULT=1
Target: x86_64-linux-gnu
Configured with: ../src/configure -v --with-pkgversion='Ubuntu 9.2.1-9ubuntu2' --with-bugurl=file:///usr/share/doc/gcc-9/README.Bugs --enable-languages=c,ada,c++,go,brig,d,fortran,objc,obj-c++,gm2 --prefix=/usr --with-gcc-major-version-only --program-suffix=-9 --program-prefix=x86_64-linux-gnu- --enable-shared --enable-linker-build-id --libexecdir=/usr/lib --without-included-gettext --enable-threads=posix --libdir=/usr/lib --enable-nls --enable-bootstrap --enable-clocale=gnu --enable-libstdcxx-debug --enable-libstdcxx-time=yes --with-default-libstdcxx-abi=new --enable-gnu-unique-object --disable-vtable-verify --enable-plugin --enable-default-pie --with-system-zlib --with-target-system-zlib=auto --enable-multiarch --disable-werror --with-arch-32=i686 --with-abi=m64 --with-multilib-list=m32,m64,mx32 --enable-multilib --with-tune=generic --enable-offload-targets=nvptx-none,hsa --without-cuda-driver --enable-checking=release --build=x86_64-linux-gnu --host=x86_64-linux-gnu --target=x86_64-linux-gnu
Thread model: posix
gcc version 9.2.1 20191008 (Ubuntu 9.2.1-9ubuntu2) 
COMPILER_PATH=/usr/lib/gcc/x86_64-linux-gnu/9/:/usr/lib/gcc/x86_64-linux-gnu/9/:/usr/lib/gcc/x86_64-linux-gnu/:/usr/lib/gcc/x86_64-linux-gnu/9/:/usr/lib/gcc/x86_64-linux-gnu/
LIBRARY_PATH=/usr/lib/gcc/x86_64-linux-gnu/9/:/usr/lib/gcc/x86_64-linux-gnu/9/../../../x86_64-linux-gnu/:/usr/lib/gcc/x86_64-linux-gnu/9/../../../../lib/:/lib/x86_64-linux-gnu/:/lib/../lib/:/usr/lib/x86_64-linux-gnu/:/usr/lib/../lib/:/usr/lib/gcc/x86_64-linux-gnu/9/../../../:/lib/:/usr/lib/
COLLECT_GCC_OPTIONS='-v' '-o' 'cmTC_78e29' '-shared-libgcc' '-mtune=generic' '-march=x86-64'
 /usr/lib/gcc/x86_64-linux-gnu/9/collect2 -plugin /usr/lib/gcc/x86_64-linux-gnu/9/liblto_plugin.so -plugin-opt=/usr/lib/gcc/x86_64-linux-gnu/9/lto-wrapper -plugin-opt=-fresolution=/tmp/cctsIu4L.res -plugin-opt=-pass-through=-lgcc_s -plugin-opt=-pass-through=-lgcc -plugin-opt=-pass-through=-lc -plugin-opt=-pass-through=-lgcc_s -plugin-opt=-pass-through=-lgcc --build-id --eh-frame-hdr -m elf_x86_64 --hash-style=gnu --as-needed -dynamic-linker /lib64/ld-linux-x86-64.so.2 -pie -z now -z relro -o cmTC_78e29 /usr/lib/gcc/x86_64-linux-gnu/9/../../../x86_64-linux-gnu/Scrt1.o /usr/lib/gcc/x86_64-linux-gnu/9/../../../x86_64-linux-gnu/crti.o /usr/lib/gcc/x86_64-linux-gnu/9/crtbeginS.o -L/usr/lib/gcc/x86_64-linux-gnu/9 -L/usr/lib/gcc/x86_64-linux-gnu/9/../../../x86_64-linux-gnu -L/usr/lib/gcc/x86_64-linux-gnu/9/../../../../lib -L/lib/x86_64-linux-gnu -L/lib/../lib -L/usr/lib/x86_64-linux-gnu -L/usr/lib/../lib -L/usr/lib/gcc/x86_64-linux-gnu/9/../../.. CMakeFiles/cmTC_78e29.dir/CMakeCXXCompilerABI.cpp.o -lstdc++ -lm -lgcc_s -lgcc -lc -lgcc_s -lgcc /usr/lib/gcc/x86_64-linux-gnu/9/crtendS.o /usr/lib/gcc/x86_64-linux-gnu/9/../../../x86_64-linux-gnu/crtn.o
COLLECT_GCC_OPTIONS='-v' '-o' 'cmTC_78e29' '-shared-libgcc' '-mtune=generic' '-march=x86-64'
make[4]: Leaving directory '/home/alberto/Documents/Magnetic_Active_Radiation_Shielding/montecarlo_cpp/3rd_party_libraries/build/Main_Build/eigen3/CMakeFiles/CMakeTmp'
make[3]: Leaving directory '/home/alberto/Documents/Magnetic_Active_Radiation_Shielding/montecarlo_cpp/3rd_party_libraries/build/Main_Build/eigen3/CMakeFiles/CMakeTmp'


Parsed CXX implicit link information from above output:
  link line regex: [^( *|.*[/\])(ld|CMAKE_LINK_STARTFILE-NOTFOUND|([^/\]+-)?ld|collect2)[^/\]*( |$)]
  ignore line: [Change Dir: /home/alberto/Documents/Magnetic_Active_Radiation_Shielding/montecarlo_cpp/3rd_party_libraries/build/Main_Build/eigen3/CMakeFiles/CMakeTmp]
  ignore line: []
  ignore line: [Run Build Command:"/usr/bin/make" "cmTC_78e29/fast"]
  ignore line: [make[3]: Entering directory '/home/alberto/Documents/Magnetic_Active_Radiation_Shielding/montecarlo_cpp/3rd_party_libraries/build/Main_Build/eigen3/CMakeFiles/CMakeTmp']
  ignore line: [/usr/bin/make -f CMakeFiles/cmTC_78e29.dir/build.make CMakeFiles/cmTC_78e29.dir/build]
  ignore line: [make[4]: Entering directory '/home/alberto/Documents/Magnetic_Active_Radiation_Shielding/montecarlo_cpp/3rd_party_libraries/build/Main_Build/eigen3/CMakeFiles/CMakeTmp']
  ignore line: [Building CXX object CMakeFiles/cmTC_78e29.dir/CMakeCXXCompilerABI.cpp.o]
  ignore line: [/usr/bin/c++     -o CMakeFiles/cmTC_78e29.dir/CMakeCXXCompilerABI.cpp.o -c /usr/share/cmake-3.13/Modules/CMakeCXXCompilerABI.cpp]
  ignore line: [Linking CXX executable cmTC_78e29]
  ignore line: [/usr/bin/cmake -E cmake_link_script CMakeFiles/cmTC_78e29.dir/link.txt --verbose=1]
  ignore line: [/usr/bin/c++      -v CMakeFiles/cmTC_78e29.dir/CMakeCXXCompilerABI.cpp.o  -o cmTC_78e29 ]
  ignore line: [Using built-in specs.]
  ignore line: [COLLECT_GCC=/usr/bin/c++]
  ignore line: [COLLECT_LTO_WRAPPER=/usr/lib/gcc/x86_64-linux-gnu/9/lto-wrapper]
  ignore line: [OFFLOAD_TARGET_NAMES=nvptx-none:hsa]
  ignore line: [OFFLOAD_TARGET_DEFAULT=1]
  ignore line: [Target: x86_64-linux-gnu]
  ignore line: [Configured with: ../src/configure -v --with-pkgversion='Ubuntu 9.2.1-9ubuntu2' --with-bugurl=file:///usr/share/doc/gcc-9/README.Bugs --enable-languages=c,ada,c++,go,brig,d,fortran,objc,obj-c++,gm2 --prefix=/usr --with-gcc-major-version-only --program-suffix=-9 --program-prefix=x86_64-linux-gnu- --enable-shared --enable-linker-build-id --libexecdir=/usr/lib --without-included-gettext --enable-threads=posix --libdir=/usr/lib --enable-nls --enable-bootstrap --enable-clocale=gnu --enable-libstdcxx-debug --enable-libstdcxx-time=yes --with-default-libstdcxx-abi=new --enable-gnu-unique-object --disable-vtable-verify --enable-plugin --enable-default-pie --with-system-zlib --with-target-system-zlib=auto --enable-multiarch --disable-werror --with-arch-32=i686 --with-abi=m64 --with-multilib-list=m32,m64,mx32 --enable-multilib --with-tune=generic --enable-offload-targets=nvptx-none,hsa --without-cuda-driver --enable-checking=release --build=x86_64-linux-gnu --host=x86_64-linux-gnu --target=x86_64-linux-gnu]
  ignore line: [Thread model: posix]
  ignore line: [gcc version 9.2.1 20191008 (Ubuntu 9.2.1-9ubuntu2) ]
  ignore line: [COMPILER_PATH=/usr/lib/gcc/x86_64-linux-gnu/9/:/usr/lib/gcc/x86_64-linux-gnu/9/:/usr/lib/gcc/x86_64-linux-gnu/:/usr/lib/gcc/x86_64-linux-gnu/9/:/usr/lib/gcc/x86_64-linux-gnu/]
  ignore line: [LIBRARY_PATH=/usr/lib/gcc/x86_64-linux-gnu/9/:/usr/lib/gcc/x86_64-linux-gnu/9/../../../x86_64-linux-gnu/:/usr/lib/gcc/x86_64-linux-gnu/9/../../../../lib/:/lib/x86_64-linux-gnu/:/lib/../lib/:/usr/lib/x86_64-linux-gnu/:/usr/lib/../lib/:/usr/lib/gcc/x86_64-linux-gnu/9/../../../:/lib/:/usr/lib/]
  ignore line: [COLLECT_GCC_OPTIONS='-v' '-o' 'cmTC_78e29' '-shared-libgcc' '-mtune=generic' '-march=x86-64']
  link line: [ /usr/lib/gcc/x86_64-linux-gnu/9/collect2 -plugin /usr/lib/gcc/x86_64-linux-gnu/9/liblto_plugin.so -plugin-opt=/usr/lib/gcc/x86_64-linux-gnu/9/lto-wrapper -plugin-opt=-fresolution=/tmp/cctsIu4L.res -plugin-opt=-pass-through=-lgcc_s -plugin-opt=-pass-through=-lgcc -plugin-opt=-pass-through=-lc -plugin-opt=-pass-through=-lgcc_s -plugin-opt=-pass-through=-lgcc --build-id --eh-frame-hdr -m elf_x86_64 --hash-style=gnu --as-needed -dynamic-linker /lib64/ld-linux-x86-64.so.2 -pie -z now -z relro -o cmTC_78e29 /usr/lib/gcc/x86_64-linux-gnu/9/../../../x86_64-linux-gnu/Scrt1.o /usr/lib/gcc/x86_64-linux-gnu/9/../../../x86_64-linux-gnu/crti.o /usr/lib/gcc/x86_64-linux-gnu/9/crtbeginS.o -L/usr/lib/gcc/x86_64-linux-gnu/9 -L/usr/lib/gcc/x86_64-linux-gnu/9/../../../x86_64-linux-gnu -L/usr/lib/gcc/x86_64-linux-gnu/9/../../../../lib -L/lib/x86_64-linux-gnu -L/lib/../lib -L/usr/lib/x86_64-linux-gnu -L/usr/lib/../lib -L/usr/lib/gcc/x86_64-linux-gnu/9/../../.. CMakeFiles/cmTC_78e29.dir/CMakeCXXCompilerABI.cpp.o -lstdc++ -lm -lgcc_s -lgcc -lc -lgcc_s -lgcc /usr/lib/gcc/x86_64-linux-gnu/9/crtendS.o /usr/lib/gcc/x86_64-linux-gnu/9/../../../x86_64-linux-gnu/crtn.o]
    arg [/usr/lib/gcc/x86_64-linux-gnu/9/collect2] ==> ignore
    arg [-plugin] ==> ignore
    arg [/usr/lib/gcc/x86_64-linux-gnu/9/liblto_plugin.so] ==> ignore
    arg [-plugin-opt=/usr/lib/gcc/x86_64-linux-gnu/9/lto-wrapper] ==> ignore
    arg [-plugin-opt=-fresolution=/tmp/cctsIu4L.res] ==> ignore
    arg [-plugin-opt=-pass-through=-lgcc_s] ==> ignore
    arg [-plugin-opt=-pass-through=-lgcc] ==> ignore
    arg [-plugin-opt=-pass-through=-lc] ==> ignore
    arg [-plugin-opt=-pass-through=-lgcc_s] ==> ignore
    arg [-plugin-opt=-pass-through=-lgcc] ==> ignore
    arg [--build-id] ==> ignore
    arg [--eh-frame-hdr] ==> ignore
    arg [-m] ==> ignore
    arg [elf_x86_64] ==> ignore
    arg [--hash-style=gnu] ==> ignore
    arg [--as-needed] ==> ignore
    arg [-dynamic-linker] ==> ignore
    arg [/lib64/ld-linux-x86-64.so.2] ==> ignore
    arg [-pie] ==> ignore
    arg [-znow] ==> ignore
    arg [-zrelro] ==> ignore
    arg [-o] ==> ignore
    arg [cmTC_78e29] ==> ignore
    arg [/usr/lib/gcc/x86_64-linux-gnu/9/../../../x86_64-linux-gnu/Scrt1.o] ==> ignore
    arg [/usr/lib/gcc/x86_64-linux-gnu/9/../../../x86_64-linux-gnu/crti.o] ==> ignore
    arg [/usr/lib/gcc/x86_64-linux-gnu/9/crtbeginS.o] ==> ignore
    arg [-L/usr/lib/gcc/x86_64-linux-gnu/9] ==> dir [/usr/lib/gcc/x86_64-linux-gnu/9]
    arg [-L/usr/lib/gcc/x86_64-linux-gnu/9/../../../x86_64-linux-gnu] ==> dir [/usr/lib/gcc/x86_64-linux-gnu/9/../../../x86_64-linux-gnu]
    arg [-L/usr/lib/gcc/x86_64-linux-gnu/9/../../../../lib] ==> dir [/usr/lib/gcc/x86_64-linux-gnu/9/../../../../lib]
    arg [-L/lib/x86_64-linux-gnu] ==> dir [/lib/x86_64-linux-gnu]
    arg [-L/lib/../lib] ==> dir [/lib/../lib]
    arg [-L/usr/lib/x86_64-linux-gnu] ==> dir [/usr/lib/x86_64-linux-gnu]
    arg [-L/usr/lib/../lib] ==> dir [/usr/lib/../lib]
    arg [-L/usr/lib/gcc/x86_64-linux-gnu/9/../../..] ==> dir [/usr/lib/gcc/x86_64-linux-gnu/9/../../..]
    arg [CMakeFiles/cmTC_78e29.dir/CMakeCXXCompilerABI.cpp.o] ==> ignore
    arg [-lstdc++] ==> lib [stdc++]
    arg [-lm] ==> lib [m]
    arg [-lgcc_s] ==> lib [gcc_s]
    arg [-lgcc] ==> lib [gcc]
    arg [-lc] ==> lib [c]
    arg [-lgcc_s] ==> lib [gcc_s]
    arg [-lgcc] ==> lib [gcc]
    arg [/usr/lib/gcc/x86_64-linux-gnu/9/crtendS.o] ==> ignore
    arg [/usr/lib/gcc/x86_64-linux-gnu/9/../../../x86_64-linux-gnu/crtn.o] ==> ignore
  collapse library dir [/usr/lib/gcc/x86_64-linux-gnu/9] ==> [/usr/lib/gcc/x86_64-linux-gnu/9]
  collapse library dir [/usr/lib/gcc/x86_64-linux-gnu/9/../../../x86_64-linux-gnu] ==> [/usr/lib/x86_64-linux-gnu]
  collapse library dir [/usr/lib/gcc/x86_64-linux-gnu/9/../../../../lib] ==> [/usr/lib]
  collapse library dir [/lib/x86_64-linux-gnu] ==> [/lib/x86_64-linux-gnu]
  collapse library dir [/lib/../lib] ==> [/lib]
  collapse library dir [/usr/lib/x86_64-linux-gnu] ==> [/usr/lib/x86_64-linux-gnu]
  collapse library dir [/usr/lib/../lib] ==> [/usr/lib]
  collapse library dir [/usr/lib/gcc/x86_64-linux-gnu/9/../../..] ==> [/usr/lib]
  implicit libs: [stdc++;m;gcc_s;gcc;c;gcc_s;gcc]
  implicit dirs: [/usr/lib/gcc/x86_64-linux-gnu/9;/usr/lib/x86_64-linux-gnu;/usr/lib;/lib/x86_64-linux-gnu;/lib]
  implicit fwks: []




Detecting CXX [-std=c++2a] compiler features compiled with the following output:
Change Dir: /home/alberto/Documents/Magnetic_Active_Radiation_Shielding/montecarlo_cpp/3rd_party_libraries/build/Main_Build/eigen3/CMakeFiles/CMakeTmp

Run Build Command:"/usr/bin/make" "cmTC_2bee3/fast"
make[3]: Entering directory '/home/alberto/Documents/Magnetic_Active_Radiation_Shielding/montecarlo_cpp/3rd_party_libraries/build/Main_Build/eigen3/CMakeFiles/CMakeTmp'
/usr/bin/make -f CMakeFiles/cmTC_2bee3.dir/build.make CMakeFiles/cmTC_2bee3.dir/build
make[4]: Entering directory '/home/alberto/Documents/Magnetic_Active_Radiation_Shielding/montecarlo_cpp/3rd_party_libraries/build/Main_Build/eigen3/CMakeFiles/CMakeTmp'
Building CXX object CMakeFiles/cmTC_2bee3.dir/feature_tests.cxx.o
/usr/bin/c++    -std=c++2a -o CMakeFiles/cmTC_2bee3.dir/feature_tests.cxx.o -c /home/alberto/Documents/Magnetic_Active_Radiation_Shielding/montecarlo_cpp/3rd_party_libraries/build/Main_Build/eigen3/CMakeFiles/feature_tests.cxx
Linking CXX executable cmTC_2bee3
/usr/bin/cmake -E cmake_link_script CMakeFiles/cmTC_2bee3.dir/link.txt --verbose=1
/usr/bin/c++       CMakeFiles/cmTC_2bee3.dir/feature_tests.cxx.o  -o cmTC_2bee3 
make[4]: Leaving directory '/home/alberto/Documents/Magnetic_Active_Radiation_Shielding/montecarlo_cpp/3rd_party_libraries/build/Main_Build/eigen3/CMakeFiles/CMakeTmp'
make[3]: Leaving directory '/home/alberto/Documents/Magnetic_Active_Radiation_Shielding/montecarlo_cpp/3rd_party_libraries/build/Main_Build/eigen3/CMakeFiles/CMakeTmp'


    Feature record: CXX_FEATURE:1cxx_aggregate_default_initializers
    Feature record: CXX_FEATURE:1cxx_alias_templates
    Feature record: CXX_FEATURE:1cxx_alignas
    Feature record: CXX_FEATURE:1cxx_alignof
    Feature record: CXX_FEATURE:1cxx_attributes
    Feature record: CXX_FEATURE:1cxx_attribute_deprecated
    Feature record: CXX_FEATURE:1cxx_auto_type
    Feature record: CXX_FEATURE:1cxx_binary_literals
    Feature record: CXX_FEATURE:1cxx_constexpr
    Feature record: CXX_FEATURE:1cxx_contextual_conversions
    Feature record: CXX_FEATURE:1cxx_decltype
    Feature record: CXX_FEATURE:1cxx_decltype_auto
    Feature record: CXX_FEATURE:1cxx_decltype_incomplete_return_types
    Feature record: CXX_FEATURE:1cxx_default_function_template_args
    Feature record: CXX_FEATURE:1cxx_defaulted_functions
    Feature record: CXX_FEATURE:1cxx_defaulted_move_initializers
    Feature record: CXX_FEATURE:1cxx_delegating_constructors
    Feature record: CXX_FEATURE:1cxx_deleted_functions
    Feature record: CXX_FEATURE:1cxx_digit_separators
    Feature record: CXX_FEATURE:1cxx_enum_forward_declarations
    Feature record: CXX_FEATURE:1cxx_explicit_conversions
    Feature record: CXX_FEATURE:1cxx_extended_friend_declarations
    Feature record: CXX_FEATURE:1cxx_extern_templates
    Feature record: CXX_FEATURE:1cxx_final
    Feature record: CXX_FEATURE:1cxx_func_identifier
    Feature record: CXX_FEATURE:1cxx_generalized_initializers
    Feature record: CXX_FEATURE:1cxx_generic_lambdas
    Feature record: CXX_FEATURE:1cxx_inheriting_constructors
    Feature record: CXX_FEATURE:1cxx_inline_namespaces
    Feature record: CXX_FEATURE:1cxx_lambdas
    Feature record: CXX_FEATURE:1cxx_lambda_init_captures
    Feature record: CXX_FEATURE:1cxx_local_type_template_args
    Feature record: CXX_FEATURE:1cxx_long_long_type
    Feature record: CXX_FEATURE:1cxx_noexcept
    Feature record: CXX_FEATURE:1cxx_nonstatic_member_init
    Feature record: CXX_FEATURE:1cxx_nullptr
    Feature record: CXX_FEATURE:1cxx_override
    Feature record: CXX_FEATURE:1cxx_range_for
    Feature record: CXX_FEATURE:1cxx_raw_string_literals
    Feature record: CXX_FEATURE:1cxx_reference_qualified_functions
    Feature record: CXX_FEATURE:1cxx_relaxed_constexpr
    Feature record: CXX_FEATURE:1cxx_return_type_deduction
    Feature record: CXX_FEATURE:1cxx_right_angle_brackets
    Feature record: CXX_FEATURE:1cxx_rvalue_references
    Feature record: CXX_FEATURE:1cxx_sizeof_member
    Feature record: CXX_FEATURE:1cxx_static_assert
    Feature record: CXX_FEATURE:1cxx_strong_enums
    Feature record: CXX_FEATURE:1cxx_template_template_parameters
    Feature record: CXX_FEATURE:1cxx_thread_local
    Feature record: CXX_FEATURE:1cxx_trailing_return_types
    Feature record: CXX_FEATURE:1cxx_unicode_literals
    Feature record: CXX_FEATURE:1cxx_uniform_initialization
    Feature record: CXX_FEATURE:1cxx_unrestricted_unions
    Feature record: CXX_FEATURE:1cxx_user_literals
    Feature record: CXX_FEATURE:1cxx_variable_templates
    Feature record: CXX_FEATURE:1cxx_variadic_macros
    Feature record: CXX_FEATURE:1cxx_variadic_templates


Detecting CXX [-std=c++17] compiler features compiled with the following output:
Change Dir: /home/alberto/Documents/Magnetic_Active_Radiation_Shielding/montecarlo_cpp/3rd_party_libraries/build/Main_Build/eigen3/CMakeFiles/CMakeTmp

Run Build Command:"/usr/bin/make" "cmTC_467c0/fast"
make[3]: Entering directory '/home/alberto/Documents/Magnetic_Active_Radiation_Shielding/montecarlo_cpp/3rd_party_libraries/build/Main_Build/eigen3/CMakeFiles/CMakeTmp'
/usr/bin/make -f CMakeFiles/cmTC_467c0.dir/build.make CMakeFiles/cmTC_467c0.dir/build
make[4]: Entering directory '/home/alberto/Documents/Magnetic_Active_Radiation_Shielding/montecarlo_cpp/3rd_party_libraries/build/Main_Build/eigen3/CMakeFiles/CMakeTmp'
Building CXX object CMakeFiles/cmTC_467c0.dir/feature_tests.cxx.o
/usr/bin/c++    -std=c++17 -o CMakeFiles/cmTC_467c0.dir/feature_tests.cxx.o -c /home/alberto/Documents/Magnetic_Active_Radiation_Shielding/montecarlo_cpp/3rd_party_libraries/build/Main_Build/eigen3/CMakeFiles/feature_tests.cxx
Linking CXX executable cmTC_467c0
/usr/bin/cmake -E cmake_link_script CMakeFiles/cmTC_467c0.dir/link.txt --verbose=1
/usr/bin/c++       CMakeFiles/cmTC_467c0.dir/feature_tests.cxx.o  -o cmTC_467c0 
make[4]: Leaving directory '/home/alberto/Documents/Magnetic_Active_Radiation_Shielding/montecarlo_cpp/3rd_party_libraries/build/Main_Build/eigen3/CMakeFiles/CMakeTmp'
make[3]: Leaving directory '/home/alberto/Documents/Magnetic_Active_Radiation_Shielding/montecarlo_cpp/3rd_party_libraries/build/Main_Build/eigen3/CMakeFiles/CMakeTmp'


    Feature record: CXX_FEATURE:1cxx_aggregate_default_initializers
    Feature record: CXX_FEATURE:1cxx_alias_templates
    Feature record: CXX_FEATURE:1cxx_alignas
    Feature record: CXX_FEATURE:1cxx_alignof
    Feature record: CXX_FEATURE:1cxx_attributes
    Feature record: CXX_FEATURE:1cxx_attribute_deprecated
    Feature record: CXX_FEATURE:1cxx_auto_type
    Feature record: CXX_FEATURE:1cxx_binary_literals
    Feature record: CXX_FEATURE:1cxx_constexpr
    Feature record: CXX_FEATURE:1cxx_contextual_conversions
    Feature record: CXX_FEATURE:1cxx_decltype
    Feature record: CXX_FEATURE:1cxx_decltype_auto
    Feature record: CXX_FEATURE:1cxx_decltype_incomplete_return_types
    Feature record: CXX_FEATURE:1cxx_default_function_template_args
    Feature record: CXX_FEATURE:1cxx_defaulted_functions
    Feature record: CXX_FEATURE:1cxx_defaulted_move_initializers
    Feature record: CXX_FEATURE:1cxx_delegating_constructors
    Feature record: CXX_FEATURE:1cxx_deleted_functions
    Feature record: CXX_FEATURE:1cxx_digit_separators
    Feature record: CXX_FEATURE:1cxx_enum_forward_declarations
    Feature record: CXX_FEATURE:1cxx_explicit_conversions
    Feature record: CXX_FEATURE:1cxx_extended_friend_declarations
    Feature record: CXX_FEATURE:1cxx_extern_templates
    Feature record: CXX_FEATURE:1cxx_final
    Feature record: CXX_FEATURE:1cxx_func_identifier
    Feature record: CXX_FEATURE:1cxx_generalized_initializers
    Feature record: CXX_FEATURE:1cxx_generic_lambdas
    Feature record: CXX_FEATURE:1cxx_inheriting_constructors
    Feature record: CXX_FEATURE:1cxx_inline_namespaces
    Feature record: CXX_FEATURE:1cxx_lambdas
    Feature record: CXX_FEATURE:1cxx_lambda_init_captures
    Feature record: CXX_FEATURE:1cxx_local_type_template_args
    Feature record: CXX_FEATURE:1cxx_long_long_type
    Feature record: CXX_FEATURE:1cxx_noexcept
    Feature record: CXX_FEATURE:1cxx_nonstatic_member_init
    Feature record: CXX_FEATURE:1cxx_nullptr
    Feature record: CXX_FEATURE:1cxx_override
    Feature record: CXX_FEATURE:1cxx_range_for
    Feature record: CXX_FEATURE:1cxx_raw_string_literals
    Feature record: CXX_FEATURE:1cxx_reference_qualified_functions
    Feature record: CXX_FEATURE:1cxx_relaxed_constexpr
    Feature record: CXX_FEATURE:1cxx_return_type_deduction
    Feature record: CXX_FEATURE:1cxx_right_angle_brackets
    Feature record: CXX_FEATURE:1cxx_rvalue_references
    Feature record: CXX_FEATURE:1cxx_sizeof_member
    Feature record: CXX_FEATURE:1cxx_static_assert
    Feature record: CXX_FEATURE:1cxx_strong_enums
    Feature record: CXX_FEATURE:1cxx_template_template_parameters
    Feature record: CXX_FEATURE:1cxx_thread_local
    Feature record: CXX_FEATURE:1cxx_trailing_return_types
    Feature record: CXX_FEATURE:1cxx_unicode_literals
    Feature record: CXX_FEATURE:1cxx_uniform_initialization
    Feature record: CXX_FEATURE:1cxx_unrestricted_unions
    Feature record: CXX_FEATURE:1cxx_user_literals
    Feature record: CXX_FEATURE:1cxx_variable_templates
    Feature record: CXX_FEATURE:1cxx_variadic_macros
    Feature record: CXX_FEATURE:1cxx_variadic_templates


Detecting CXX [-std=c++14] compiler features compiled with the following output:
Change Dir: /home/alberto/Documents/Magnetic_Active_Radiation_Shielding/montecarlo_cpp/3rd_party_libraries/build/Main_Build/eigen3/CMakeFiles/CMakeTmp

Run Build Command:"/usr/bin/make" "cmTC_6c8a2/fast"
make[3]: Entering directory '/home/alberto/Documents/Magnetic_Active_Radiation_Shielding/montecarlo_cpp/3rd_party_libraries/build/Main_Build/eigen3/CMakeFiles/CMakeTmp'
/usr/bin/make -f CMakeFiles/cmTC_6c8a2.dir/build.make CMakeFiles/cmTC_6c8a2.dir/build
make[4]: Entering directory '/home/alberto/Documents/Magnetic_Active_Radiation_Shielding/montecarlo_cpp/3rd_party_libraries/build/Main_Build/eigen3/CMakeFiles/CMakeTmp'
Building CXX object CMakeFiles/cmTC_6c8a2.dir/feature_tests.cxx.o
/usr/bin/c++    -std=c++14 -o CMakeFiles/cmTC_6c8a2.dir/feature_tests.cxx.o -c /home/alberto/Documents/Magnetic_Active_Radiation_Shielding/montecarlo_cpp/3rd_party_libraries/build/Main_Build/eigen3/CMakeFiles/feature_tests.cxx
Linking CXX executable cmTC_6c8a2
/usr/bin/cmake -E cmake_link_script CMakeFiles/cmTC_6c8a2.dir/link.txt --verbose=1
/usr/bin/c++       CMakeFiles/cmTC_6c8a2.dir/feature_tests.cxx.o  -o cmTC_6c8a2 
make[4]: Leaving directory '/home/alberto/Documents/Magnetic_Active_Radiation_Shielding/montecarlo_cpp/3rd_party_libraries/build/Main_Build/eigen3/CMakeFiles/CMakeTmp'
make[3]: Leaving directory '/home/alberto/Documents/Magnetic_Active_Radiation_Shielding/montecarlo_cpp/3rd_party_libraries/build/Main_Build/eigen3/CMakeFiles/CMakeTmp'


    Feature record: CXX_FEATURE:1cxx_aggregate_default_initializers
    Feature record: CXX_FEATURE:1cxx_alias_templates
    Feature record: CXX_FEATURE:1cxx_alignas
    Feature record: CXX_FEATURE:1cxx_alignof
    Feature record: CXX_FEATURE:1cxx_attributes
    Feature record: CXX_FEATURE:1cxx_attribute_deprecated
    Feature record: CXX_FEATURE:1cxx_auto_type
    Feature record: CXX_FEATURE:1cxx_binary_literals
    Feature record: CXX_FEATURE:1cxx_constexpr
    Feature record: CXX_FEATURE:1cxx_contextual_conversions
    Feature record: CXX_FEATURE:1cxx_decltype
    Feature record: CXX_FEATURE:1cxx_decltype_auto
    Feature record: CXX_FEATURE:1cxx_decltype_incomplete_return_types
    Feature record: CXX_FEATURE:1cxx_default_function_template_args
    Feature record: CXX_FEATURE:1cxx_defaulted_functions
    Feature record: CXX_FEATURE:1cxx_defaulted_move_initializers
    Feature record: CXX_FEATURE:1cxx_delegating_constructors
    Feature record: CXX_FEATURE:1cxx_deleted_functions
    Feature record: CXX_FEATURE:1cxx_digit_separators
    Feature record: CXX_FEATURE:1cxx_enum_forward_declarations
    Feature record: CXX_FEATURE:1cxx_explicit_conversions
    Feature record: CXX_FEATURE:1cxx_extended_friend_declarations
    Feature record: CXX_FEATURE:1cxx_extern_templates
    Feature record: CXX_FEATURE:1cxx_final
    Feature record: CXX_FEATURE:1cxx_func_identifier
    Feature record: CXX_FEATURE:1cxx_generalized_initializers
    Feature record: CXX_FEATURE:1cxx_generic_lambdas
    Feature record: CXX_FEATURE:1cxx_inheriting_constructors
    Feature record: CXX_FEATURE:1cxx_inline_namespaces
    Feature record: CXX_FEATURE:1cxx_lambdas
    Feature record: CXX_FEATURE:1cxx_lambda_init_captures
    Feature record: CXX_FEATURE:1cxx_local_type_template_args
    Feature record: CXX_FEATURE:1cxx_long_long_type
    Feature record: CXX_FEATURE:1cxx_noexcept
    Feature record: CXX_FEATURE:1cxx_nonstatic_member_init
    Feature record: CXX_FEATURE:1cxx_nullptr
    Feature record: CXX_FEATURE:1cxx_override
    Feature record: CXX_FEATURE:1cxx_range_for
    Feature record: CXX_FEATURE:1cxx_raw_string_literals
    Feature record: CXX_FEATURE:1cxx_reference_qualified_functions
    Feature record: CXX_FEATURE:1cxx_relaxed_constexpr
    Feature record: CXX_FEATURE:1cxx_return_type_deduction
    Feature record: CXX_FEATURE:1cxx_right_angle_brackets
    Feature record: CXX_FEATURE:1cxx_rvalue_references
    Feature record: CXX_FEATURE:1cxx_sizeof_member
    Feature record: CXX_FEATURE:1cxx_static_assert
    Feature record: CXX_FEATURE:1cxx_strong_enums
    Feature record: CXX_FEATURE:1cxx_template_template_parameters
    Feature record: CXX_FEATURE:1cxx_thread_local
    Feature record: CXX_FEATURE:1cxx_trailing_return_types
    Feature record: CXX_FEATURE:1cxx_unicode_literals
    Feature record: CXX_FEATURE:1cxx_uniform_initialization
    Feature record: CXX_FEATURE:1cxx_unrestricted_unions
    Feature record: CXX_FEATURE:1cxx_user_literals
    Feature record: CXX_FEATURE:1cxx_variable_templates
    Feature record: CXX_FEATURE:1cxx_variadic_macros
    Feature record: CXX_FEATURE:1cxx_variadic_templates


Detecting CXX [-std=c++11] compiler features compiled with the following output:
Change Dir: /home/alberto/Documents/Magnetic_Active_Radiation_Shielding/montecarlo_cpp/3rd_party_libraries/build/Main_Build/eigen3/CMakeFiles/CMakeTmp

Run Build Command:"/usr/bin/make" "cmTC_4c3d3/fast"
make[3]: Entering directory '/home/alberto/Documents/Magnetic_Active_Radiation_Shielding/montecarlo_cpp/3rd_party_libraries/build/Main_Build/eigen3/CMakeFiles/CMakeTmp'
/usr/bin/make -f CMakeFiles/cmTC_4c3d3.dir/build.make CMakeFiles/cmTC_4c3d3.dir/build
make[4]: Entering directory '/home/alberto/Documents/Magnetic_Active_Radiation_Shielding/montecarlo_cpp/3rd_party_libraries/build/Main_Build/eigen3/CMakeFiles/CMakeTmp'
Building CXX object CMakeFiles/cmTC_4c3d3.dir/feature_tests.cxx.o
/usr/bin/c++    -std=c++11 -o CMakeFiles/cmTC_4c3d3.dir/feature_tests.cxx.o -c /home/alberto/Documents/Magnetic_Active_Radiation_Shielding/montecarlo_cpp/3rd_party_libraries/build/Main_Build/eigen3/CMakeFiles/feature_tests.cxx
Linking CXX executable cmTC_4c3d3
/usr/bin/cmake -E cmake_link_script CMakeFiles/cmTC_4c3d3.dir/link.txt --verbose=1
/usr/bin/c++       CMakeFiles/cmTC_4c3d3.dir/feature_tests.cxx.o  -o cmTC_4c3d3 
make[4]: Leaving directory '/home/alberto/Documents/Magnetic_Active_Radiation_Shielding/montecarlo_cpp/3rd_party_libraries/build/Main_Build/eigen3/CMakeFiles/CMakeTmp'
make[3]: Leaving directory '/home/alberto/Documents/Magnetic_Active_Radiation_Shielding/montecarlo_cpp/3rd_party_libraries/build/Main_Build/eigen3/CMakeFiles/CMakeTmp'


    Feature record: CXX_FEATURE:0cxx_aggregate_default_initializers
    Feature record: CXX_FEATURE:1cxx_alias_templates
    Feature record: CXX_FEATURE:1cxx_alignas
    Feature record: CXX_FEATURE:1cxx_alignof
    Feature record: CXX_FEATURE:1cxx_attributes
    Feature record: CXX_FEATURE:0cxx_attribute_deprecated
    Feature record: CXX_FEATURE:1cxx_auto_type
    Feature record: CXX_FEATURE:0cxx_binary_literals
    Feature record: CXX_FEATURE:1cxx_constexpr
    Feature record: CXX_FEATURE:0cxx_contextual_conversions
    Feature record: CXX_FEATURE:1cxx_decltype
    Feature record: CXX_FEATURE:0cxx_decltype_auto
    Feature record: CXX_FEATURE:1cxx_decltype_incomplete_return_types
    Feature record: CXX_FEATURE:1cxx_default_function_template_args
    Feature record: CXX_FEATURE:1cxx_defaulted_functions
    Feature record: CXX_FEATURE:1cxx_defaulted_move_initializers
    Feature record: CXX_FEATURE:1cxx_delegating_constructors
    Feature record: CXX_FEATURE:1cxx_deleted_functions
    Feature record: CXX_FEATURE:0cxx_digit_separators
    Feature record: CXX_FEATURE:1cxx_enum_forward_declarations
    Feature record: CXX_FEATURE:1cxx_explicit_conversions
    Feature record: CXX_FEATURE:1cxx_extended_friend_declarations
    Feature record: CXX_FEATURE:1cxx_extern_templates
    Feature record: CXX_FEATURE:1cxx_final
    Feature record: CXX_FEATURE:1cxx_func_identifier
    Feature record: CXX_FEATURE:1cxx_generalized_initializers
    Feature record: CXX_FEATURE:0cxx_generic_lambdas
    Feature record: CXX_FEATURE:1cxx_inheriting_constructors
    Feature record: CXX_FEATURE:1cxx_inline_namespaces
    Feature record: CXX_FEATURE:1cxx_lambdas
    Feature record: CXX_FEATURE:0cxx_lambda_init_captures
    Feature record: CXX_FEATURE:1cxx_local_type_template_args
    Feature record: CXX_FEATURE:1cxx_long_long_type
    Feature record: CXX_FEATURE:1cxx_noexcept
    Feature record: CXX_FEATURE:1cxx_nonstatic_member_init
    Feature record: CXX_FEATURE:1cxx_nullptr
    Feature record: CXX_FEATURE:1cxx_override
    Feature record: CXX_FEATURE:1cxx_range_for
    Feature record: CXX_FEATURE:1cxx_raw_string_literals
    Feature record: CXX_FEATURE:1cxx_reference_qualified_functions
    Feature record: CXX_FEATURE:0cxx_relaxed_constexpr
    Feature record: CXX_FEATURE:0cxx_return_type_deduction
    Feature record: CXX_FEATURE:1cxx_right_angle_brackets
    Feature record: CXX_FEATURE:1cxx_rvalue_references
    Feature record: CXX_FEATURE:1cxx_sizeof_member
    Feature record: CXX_FEATURE:1cxx_static_assert
    Feature record: CXX_FEATURE:1cxx_strong_enums
    Feature record: CXX_FEATURE:1cxx_template_template_parameters
    Feature record: CXX_FEATURE:1cxx_thread_local
    Feature record: CXX_FEATURE:1cxx_trailing_return_types
    Feature record: CXX_FEATURE:1cxx_unicode_literals
    Feature record: CXX_FEATURE:1cxx_uniform_initialization
    Feature record: CXX_FEATURE:1cxx_unrestricted_unions
    Feature record: CXX_FEATURE:1cxx_user_literals
    Feature record: CXX_FEATURE:0cxx_variable_templates
    Feature record: CXX_FEATURE:1cxx_variadic_macros
    Feature record: CXX_FEATURE:1cxx_variadic_templates


Detecting CXX [-std=c++98] compiler features compiled with the following output:
Change Dir: /home/alberto/Documents/Magnetic_Active_Radiation_Shielding/montecarlo_cpp/3rd_party_libraries/build/Main_Build/eigen3/CMakeFiles/CMakeTmp

Run Build Command:"/usr/bin/make" "cmTC_36c5b/fast"
make[3]: Entering directory '/home/alberto/Documents/Magnetic_Active_Radiation_Shielding/montecarlo_cpp/3rd_party_libraries/build/Main_Build/eigen3/CMakeFiles/CMakeTmp'
/usr/bin/make -f CMakeFiles/cmTC_36c5b.dir/build.make CMakeFiles/cmTC_36c5b.dir/build
make[4]: Entering directory '/home/alberto/Documents/Magnetic_Active_Radiation_Shielding/montecarlo_cpp/3rd_party_libraries/build/Main_Build/eigen3/CMakeFiles/CMakeTmp'
Building CXX object CMakeFiles/cmTC_36c5b.dir/feature_tests.cxx.o
/usr/bin/c++    -std=c++98 -o CMakeFiles/cmTC_36c5b.dir/feature_tests.cxx.o -c /home/alberto/Documents/Magnetic_Active_Radiation_Shielding/montecarlo_cpp/3rd_party_libraries/build/Main_Build/eigen3/CMakeFiles/feature_tests.cxx
Linking CXX executable cmTC_36c5b
/usr/bin/cmake -E cmake_link_script CMakeFiles/cmTC_36c5b.dir/link.txt --verbose=1
/usr/bin/c++       CMakeFiles/cmTC_36c5b.dir/feature_tests.cxx.o  -o cmTC_36c5b 
make[4]: Leaving directory '/home/alberto/Documents/Magnetic_Active_Radiation_Shielding/montecarlo_cpp/3rd_party_libraries/build/Main_Build/eigen3/CMakeFiles/CMakeTmp'
make[3]: Leaving directory '/home/alberto/Documents/Magnetic_Active_Radiation_Shielding/montecarlo_cpp/3rd_party_libraries/build/Main_Build/eigen3/CMakeFiles/CMakeTmp'


    Feature record: CXX_FEATURE:0cxx_aggregate_default_initializers
    Feature record: CXX_FEATURE:0cxx_alias_templates
    Feature record: CXX_FEATURE:0cxx_alignas
    Feature record: CXX_FEATURE:0cxx_alignof
    Feature record: CXX_FEATURE:0cxx_attributes
    Feature record: CXX_FEATURE:0cxx_attribute_deprecated
    Feature record: CXX_FEATURE:0cxx_auto_type
    Feature record: CXX_FEATURE:0cxx_binary_literals
    Feature record: CXX_FEATURE:0cxx_constexpr
    Feature record: CXX_FEATURE:0cxx_contextual_conversions
    Feature record: CXX_FEATURE:0cxx_decltype
    Feature record: CXX_FEATURE:0cxx_decltype_auto
    Feature record: CXX_FEATURE:0cxx_decltype_incomplete_return_types
    Feature record: CXX_FEATURE:0cxx_default_function_template_args
    Feature record: CXX_FEATURE:0cxx_defaulted_functions
    Feature record: CXX_FEATURE:0cxx_defaulted_move_initializers
    Feature record: CXX_FEATURE:0cxx_delegating_constructors
    Feature record: CXX_FEATURE:0cxx_deleted_functions
    Feature record: CXX_FEATURE:0cxx_digit_separators
    Feature record: CXX_FEATURE:0cxx_enum_forward_declarations
    Feature record: CXX_FEATURE:0cxx_explicit_conversions
    Feature record: CXX_FEATURE:0cxx_extended_friend_declarations
    Feature record: CXX_FEATURE:0cxx_extern_templates
    Feature record: CXX_FEATURE:0cxx_final
    Feature record: CXX_FEATURE:0cxx_func_identifier
    Feature record: CXX_FEATURE:0cxx_generalized_initializers
    Feature record: CXX_FEATURE:0cxx_generic_lambdas
    Feature record: CXX_FEATURE:0cxx_inheriting_constructors
    Feature record: CXX_FEATURE:0cxx_inline_namespaces
    Feature record: CXX_FEATURE:0cxx_lambdas
    Feature record: CXX_FEATURE:0cxx_lambda_init_captures
    Feature record: CXX_FEATURE:0cxx_local_type_template_args
    Feature record: CXX_FEATURE:0cxx_long_long_type
    Feature record: CXX_FEATURE:0cxx_noexcept
    Feature record: CXX_FEATURE:0cxx_nonstatic_member_init
    Feature record: CXX_FEATURE:0cxx_nullptr
    Feature record: CXX_FEATURE:0cxx_override
    Feature record: CXX_FEATURE:0cxx_range_for
    Feature record: CXX_FEATURE:0cxx_raw_string_literals
    Feature record: CXX_FEATURE:0cxx_reference_qualified_functions
    Feature record: CXX_FEATURE:0cxx_relaxed_constexpr
    Feature record: CXX_FEATURE:0cxx_return_type_deduction
    Feature record: CXX_FEATURE:0cxx_right_angle_brackets
    Feature record: CXX_FEATURE:0cxx_rvalue_references
    Feature record: CXX_FEATURE:0cxx_sizeof_member
    Feature record: CXX_FEATURE:0cxx_static_assert
    Feature record: CXX_FEATURE:0cxx_strong_enums
    Feature record: CXX_FEATURE:1cxx_template_template_parameters
    Feature record: CXX_FEATURE:0cxx_thread_local
    Feature record: CXX_FEATURE:0cxx_trailing_return_types
    Feature record: CXX_FEATURE:0cxx_unicode_literals
    Feature record: CXX_FEATURE:0cxx_uniform_initialization
    Feature record: CXX_FEATURE:0cxx_unrestricted_unions
    Feature record: CXX_FEATURE:0cxx_user_literals
    Feature record: CXX_FEATURE:0cxx_variable_templates
    Feature record: CXX_FEATURE:0cxx_variadic_macros
    Feature record: CXX_FEATURE:0cxx_variadic_templates
Performing C++ SOURCE FILE Test EIGEN_COMPILER_SUPPORT_CPP11 succeeded with the following output:
Change Dir: /home/alberto/Documents/Magnetic_Active_Radiation_Shielding/montecarlo_cpp/3rd_party_libraries/build/Main_Build/eigen3/CMakeFiles/CMakeTmp

Run Build Command:"/usr/bin/make" "cmTC_b6456/fast"
make[3]: Entering directory '/home/alberto/Documents/Magnetic_Active_Radiation_Shielding/montecarlo_cpp/3rd_party_libraries/build/Main_Build/eigen3/CMakeFiles/CMakeTmp'
/usr/bin/make -f CMakeFiles/cmTC_b6456.dir/build.make CMakeFiles/cmTC_b6456.dir/build
make[4]: Entering directory '/home/alberto/Documents/Magnetic_Active_Radiation_Shielding/montecarlo_cpp/3rd_party_libraries/build/Main_Build/eigen3/CMakeFiles/CMakeTmp'
Building CXX object CMakeFiles/cmTC_b6456.dir/src.cxx.o
/usr/bin/c++    -DEIGEN_COMPILER_SUPPORT_CPP11   -std=c++11 -o CMakeFiles/cmTC_b6456.dir/src.cxx.o -c /home/alberto/Documents/Magnetic_Active_Radiation_Shielding/montecarlo_cpp/3rd_party_libraries/build/Main_Build/eigen3/CMakeFiles/CMakeTmp/src.cxx
Linking CXX executable cmTC_b6456
/usr/bin/cmake -E cmake_link_script CMakeFiles/cmTC_b6456.dir/link.txt --verbose=1
/usr/bin/c++   -DEIGEN_COMPILER_SUPPORT_CPP11    CMakeFiles/cmTC_b6456.dir/src.cxx.o  -o cmTC_b6456 
make[4]: Leaving directory '/home/alberto/Documents/Magnetic_Active_Radiation_Shielding/montecarlo_cpp/3rd_party_libraries/build/Main_Build/eigen3/CMakeFiles/CMakeTmp'
make[3]: Leaving directory '/home/alberto/Documents/Magnetic_Active_Radiation_Shielding/montecarlo_cpp/3rd_party_libraries/build/Main_Build/eigen3/CMakeFiles/CMakeTmp'

Source file was:
int main() { return 0; }
Performing C++ SOURCE FILE Test COMPILER_SUPPORT_std=cpp03 succeeded with the following output:
Change Dir: /home/alberto/Documents/Magnetic_Active_Radiation_Shielding/montecarlo_cpp/3rd_party_libraries/build/Main_Build/eigen3/CMakeFiles/CMakeTmp

Run Build Command:"/usr/bin/make" "cmTC_2f25e/fast"
make[3]: Entering directory '/home/alberto/Documents/Magnetic_Active_Radiation_Shielding/montecarlo_cpp/3rd_party_libraries/build/Main_Build/eigen3/CMakeFiles/CMakeTmp'
/usr/bin/make -f CMakeFiles/cmTC_2f25e.dir/build.make CMakeFiles/cmTC_2f25e.dir/build
make[4]: Entering directory '/home/alberto/Documents/Magnetic_Active_Radiation_Shielding/montecarlo_cpp/3rd_party_libraries/build/Main_Build/eigen3/CMakeFiles/CMakeTmp'
Building CXX object CMakeFiles/cmTC_2f25e.dir/src.cxx.o
/usr/bin/c++    -DCOMPILER_SUPPORT_std=cpp03   -std=c++03 -o CMakeFiles/cmTC_2f25e.dir/src.cxx.o -c /home/alberto/Documents/Magnetic_Active_Radiation_Shielding/montecarlo_cpp/3rd_party_libraries/build/Main_Build/eigen3/CMakeFiles/CMakeTmp/src.cxx
Linking CXX executable cmTC_2f25e
/usr/bin/cmake -E cmake_link_script CMakeFiles/cmTC_2f25e.dir/link.txt --verbose=1
/usr/bin/c++   -DCOMPILER_SUPPORT_std=cpp03    CMakeFiles/cmTC_2f25e.dir/src.cxx.o  -o cmTC_2f25e 
make[4]: Leaving directory '/home/alberto/Documents/Magnetic_Active_Radiation_Shielding/montecarlo_cpp/3rd_party_libraries/build/Main_Build/eigen3/CMakeFiles/CMakeTmp'
make[3]: Leaving directory '/home/alberto/Documents/Magnetic_Active_Radiation_Shielding/montecarlo_cpp/3rd_party_libraries/build/Main_Build/eigen3/CMakeFiles/CMakeTmp'

Source file was:
int main() { return 0; }
Performing C++ SOURCE FILE Test standard_math_library_linked_to_automatically succeeded with the following output:
Change Dir: /home/alberto/Documents/Magnetic_Active_Radiation_Shielding/montecarlo_cpp/3rd_party_libraries/build/Main_Build/eigen3/CMakeFiles/CMakeTmp

Run Build Command:"/usr/bin/make" "cmTC_e9549/fast"
make[3]: Entering directory '/home/alberto/Documents/Magnetic_Active_Radiation_Shielding/montecarlo_cpp/3rd_party_libraries/build/Main_Build/eigen3/CMakeFiles/CMakeTmp'
/usr/bin/make -f CMakeFiles/cmTC_e9549.dir/build.make CMakeFiles/cmTC_e9549.dir/build
make[4]: Entering directory '/home/alberto/Documents/Magnetic_Active_Radiation_Shielding/montecarlo_cpp/3rd_party_libraries/build/Main_Build/eigen3/CMakeFiles/CMakeTmp'
Building CXX object CMakeFiles/cmTC_e9549.dir/src.cxx.o
/usr/bin/c++    -std=c++03 -Dstandard_math_library_linked_to_automatically   -o CMakeFiles/cmTC_e9549.dir/src.cxx.o -c /home/alberto/Documents/Magnetic_Active_Radiation_Shielding/montecarlo_cpp/3rd_party_libraries/build/Main_Build/eigen3/CMakeFiles/CMakeTmp/src.cxx
Linking CXX executable cmTC_e9549
/usr/bin/cmake -E cmake_link_script CMakeFiles/cmTC_e9549.dir/link.txt --verbose=1
/usr/bin/c++   -std=c++03 -Dstandard_math_library_linked_to_automatically    CMakeFiles/cmTC_e9549.dir/src.cxx.o  -o cmTC_e9549 
make[4]: Leaving directory '/home/alberto/Documents/Magnetic_Active_Radiation_Shielding/montecarlo_cpp/3rd_party_libraries/build/Main_Build/eigen3/CMakeFiles/CMakeTmp'
make[3]: Leaving directory '/home/alberto/Documents/Magnetic_Active_Radiation_Shielding/montecarlo_cpp/3rd_party_libraries/build/Main_Build/eigen3/CMakeFiles/CMakeTmp'

Source file was:

#include<cmath>
int main(int argc, char **){
  return int(std::sin(double(argc)) + std::log(double(argc)));
}
Performing C++ SOURCE FILE Test COMPILER_SUPPORT_WERROR succeeded with the following output:
Change Dir: /home/alberto/Documents/Magnetic_Active_Radiation_Shielding/montecarlo_cpp/3rd_party_libraries/build/Main_Build/eigen3/CMakeFiles/CMakeTmp

Run Build Command:"/usr/bin/make" "cmTC_30d27/fast"
make[3]: Entering directory '/home/alberto/Documents/Magnetic_Active_Radiation_Shielding/montecarlo_cpp/3rd_party_libraries/build/Main_Build/eigen3/CMakeFiles/CMakeTmp'
/usr/bin/make -f CMakeFiles/cmTC_30d27.dir/build.make CMakeFiles/cmTC_30d27.dir/build
make[4]: Entering directory '/home/alberto/Documents/Magnetic_Active_Radiation_Shielding/montecarlo_cpp/3rd_party_libraries/build/Main_Build/eigen3/CMakeFiles/CMakeTmp'
Building CXX object CMakeFiles/cmTC_30d27.dir/src.cxx.o
/usr/bin/c++    -std=c++03 -DCOMPILER_SUPPORT_WERROR   -Werror -o CMakeFiles/cmTC_30d27.dir/src.cxx.o -c /home/alberto/Documents/Magnetic_Active_Radiation_Shielding/montecarlo_cpp/3rd_party_libraries/build/Main_Build/eigen3/CMakeFiles/CMakeTmp/src.cxx
Linking CXX executable cmTC_30d27
/usr/bin/cmake -E cmake_link_script CMakeFiles/cmTC_30d27.dir/link.txt --verbose=1
/usr/bin/c++   -std=c++03 -DCOMPILER_SUPPORT_WERROR    CMakeFiles/cmTC_30d27.dir/src.cxx.o  -o cmTC_30d27 
make[4]: Leaving directory '/home/alberto/Documents/Magnetic_Active_Radiation_Shielding/montecarlo_cpp/3rd_party_libraries/build/Main_Build/eigen3/CMakeFiles/CMakeTmp'
make[3]: Leaving directory '/home/alberto/Documents/Magnetic_Active_Radiation_Shielding/montecarlo_cpp/3rd_party_libraries/build/Main_Build/eigen3/CMakeFiles/CMakeTmp'

Source file was:
int main() { return 0; }
Performing C++ SOURCE FILE Test COMPILER_SUPPORT_pedantic succeeded with the following output:
Change Dir: /home/alberto/Documents/Magnetic_Active_Radiation_Shielding/montecarlo_cpp/3rd_party_libraries/build/Main_Build/eigen3/CMakeFiles/CMakeTmp

Run Build Command:"/usr/bin/make" "cmTC_411cd/fast"
make[3]: Entering directory '/home/alberto/Documents/Magnetic_Active_Radiation_Shielding/montecarlo_cpp/3rd_party_libraries/build/Main_Build/eigen3/CMakeFiles/CMakeTmp'
/usr/bin/make -f CMakeFiles/cmTC_411cd.dir/build.make CMakeFiles/cmTC_411cd.dir/build
make[4]: Entering directory '/home/alberto/Documents/Magnetic_Active_Radiation_Shielding/montecarlo_cpp/3rd_party_libraries/build/Main_Build/eigen3/CMakeFiles/CMakeTmp'
Building CXX object CMakeFiles/cmTC_411cd.dir/src.cxx.o
/usr/bin/c++    -std=c++03 -DCOMPILER_SUPPORT_pedantic -Werror   -pedantic -o CMakeFiles/cmTC_411cd.dir/src.cxx.o -c /home/alberto/Documents/Magnetic_Active_Radiation_Shielding/montecarlo_cpp/3rd_party_libraries/build/Main_Build/eigen3/CMakeFiles/CMakeTmp/src.cxx
Linking CXX executable cmTC_411cd
/usr/bin/cmake -E cmake_link_script CMakeFiles/cmTC_411cd.dir/link.txt --verbose=1
/usr/bin/c++   -std=c++03 -DCOMPILER_SUPPORT_pedantic -Werror    CMakeFiles/cmTC_411cd.dir/src.cxx.o  -o cmTC_411cd 
make[4]: Leaving directory '/home/alberto/Documents/Magnetic_Active_Radiation_Shielding/montecarlo_cpp/3rd_party_libraries/build/Main_Build/eigen3/CMakeFiles/CMakeTmp'
make[3]: Leaving directory '/home/alberto/Documents/Magnetic_Active_Radiation_Shielding/montecarlo_cpp/3rd_party_libraries/build/Main_Build/eigen3/CMakeFiles/CMakeTmp'

Source file was:
int main() { return 0; }
Performing C++ SOURCE FILE Test COMPILER_SUPPORT_Wall succeeded with the following output:
Change Dir: /home/alberto/Documents/Magnetic_Active_Radiation_Shielding/montecarlo_cpp/3rd_party_libraries/build/Main_Build/eigen3/CMakeFiles/CMakeTmp

Run Build Command:"/usr/bin/make" "cmTC_9102a/fast"
make[3]: Entering directory '/home/alberto/Documents/Magnetic_Active_Radiation_Shielding/montecarlo_cpp/3rd_party_libraries/build/Main_Build/eigen3/CMakeFiles/CMakeTmp'
/usr/bin/make -f CMakeFiles/cmTC_9102a.dir/build.make CMakeFiles/cmTC_9102a.dir/build
make[4]: Entering directory '/home/alberto/Documents/Magnetic_Active_Radiation_Shielding/montecarlo_cpp/3rd_party_libraries/build/Main_Build/eigen3/CMakeFiles/CMakeTmp'
Building CXX object CMakeFiles/cmTC_9102a.dir/src.cxx.o
/usr/bin/c++    -std=c++03 -pedantic -DCOMPILER_SUPPORT_Wall -Werror   -Wall -o CMakeFiles/cmTC_9102a.dir/src.cxx.o -c /home/alberto/Documents/Magnetic_Active_Radiation_Shielding/montecarlo_cpp/3rd_party_libraries/build/Main_Build/eigen3/CMakeFiles/CMakeTmp/src.cxx
Linking CXX executable cmTC_9102a
/usr/bin/cmake -E cmake_link_script CMakeFiles/cmTC_9102a.dir/link.txt --verbose=1
/usr/bin/c++   -std=c++03 -pedantic -DCOMPILER_SUPPORT_Wall -Werror    CMakeFiles/cmTC_9102a.dir/src.cxx.o  -o cmTC_9102a 
make[4]: Leaving directory '/home/alberto/Documents/Magnetic_Active_Radiation_Shielding/montecarlo_cpp/3rd_party_libraries/build/Main_Build/eigen3/CMakeFiles/CMakeTmp'
make[3]: Leaving directory '/home/alberto/Documents/Magnetic_Active_Radiation_Shielding/montecarlo_cpp/3rd_party_libraries/build/Main_Build/eigen3/CMakeFiles/CMakeTmp'

Source file was:
int main() { return 0; }
Performing C++ SOURCE FILE Test COMPILER_SUPPORT_Wextra succeeded with the following output:
Change Dir: /home/alberto/Documents/Magnetic_Active_Radiation_Shielding/montecarlo_cpp/3rd_party_libraries/build/Main_Build/eigen3/CMakeFiles/CMakeTmp

Run Build Command:"/usr/bin/make" "cmTC_33170/fast"
make[3]: Entering directory '/home/alberto/Documents/Magnetic_Active_Radiation_Shielding/montecarlo_cpp/3rd_party_libraries/build/Main_Build/eigen3/CMakeFiles/CMakeTmp'
/usr/bin/make -f CMakeFiles/cmTC_33170.dir/build.make CMakeFiles/cmTC_33170.dir/build
make[4]: Entering directory '/home/alberto/Documents/Magnetic_Active_Radiation_Shielding/montecarlo_cpp/3rd_party_libraries/build/Main_Build/eigen3/CMakeFiles/CMakeTmp'
Building CXX object CMakeFiles/cmTC_33170.dir/src.cxx.o
/usr/bin/c++    -std=c++03 -pedantic -Wall -DCOMPILER_SUPPORT_Wextra -Werror   -Wextra -o CMakeFiles/cmTC_33170.dir/src.cxx.o -c /home/alberto/Documents/Magnetic_Active_Radiation_Shielding/montecarlo_cpp/3rd_party_libraries/build/Main_Build/eigen3/CMakeFiles/CMakeTmp/src.cxx
Linking CXX executable cmTC_33170
/usr/bin/cmake -E cmake_link_script CMakeFiles/cmTC_33170.dir/link.txt --verbose=1
/usr/bin/c++   -std=c++03 -pedantic -Wall -DCOMPILER_SUPPORT_Wextra -Werror    CMakeFiles/cmTC_33170.dir/src.cxx.o  -o cmTC_33170 
make[4]: Leaving directory '/home/alberto/Documents/Magnetic_Active_Radiation_Shielding/montecarlo_cpp/3rd_party_libraries/build/Main_Build/eigen3/CMakeFiles/CMakeTmp'
make[3]: Leaving directory '/home/alberto/Documents/Magnetic_Active_Radiation_Shielding/montecarlo_cpp/3rd_party_libraries/build/Main_Build/eigen3/CMakeFiles/CMakeTmp'

Source file was:
int main() { return 0; }
Performing C++ SOURCE FILE Test COMPILER_SUPPORT_Wundef succeeded with the following output:
Change Dir: /home/alberto/Documents/Magnetic_Active_Radiation_Shielding/montecarlo_cpp/3rd_party_libraries/build/Main_Build/eigen3/CMakeFiles/CMakeTmp

Run Build Command:"/usr/bin/make" "cmTC_e821b/fast"
make[3]: Entering directory '/home/alberto/Documents/Magnetic_Active_Radiation_Shielding/montecarlo_cpp/3rd_party_libraries/build/Main_Build/eigen3/CMakeFiles/CMakeTmp'
/usr/bin/make -f CMakeFiles/cmTC_e821b.dir/build.make CMakeFiles/cmTC_e821b.dir/build
make[4]: Entering directory '/home/alberto/Documents/Magnetic_Active_Radiation_Shielding/montecarlo_cpp/3rd_party_libraries/build/Main_Build/eigen3/CMakeFiles/CMakeTmp'
Building CXX object CMakeFiles/cmTC_e821b.dir/src.cxx.o
/usr/bin/c++    -std=c++03 -pedantic -Wall -Wextra -DCOMPILER_SUPPORT_Wundef -Werror   -Wundef -o CMakeFiles/cmTC_e821b.dir/src.cxx.o -c /home/alberto/Documents/Magnetic_Active_Radiation_Shielding/montecarlo_cpp/3rd_party_libraries/build/Main_Build/eigen3/CMakeFiles/CMakeTmp/src.cxx
Linking CXX executable cmTC_e821b
/usr/bin/cmake -E cmake_link_script CMakeFiles/cmTC_e821b.dir/link.txt --verbose=1
/usr/bin/c++   -std=c++03 -pedantic -Wall -Wextra -DCOMPILER_SUPPORT_Wundef -Werror    CMakeFiles/cmTC_e821b.dir/src.cxx.o  -o cmTC_e821b 
make[4]: Leaving directory '/home/alberto/Documents/Magnetic_Active_Radiation_Shielding/montecarlo_cpp/3rd_party_libraries/build/Main_Build/eigen3/CMakeFiles/CMakeTmp'
make[3]: Leaving directory '/home/alberto/Documents/Magnetic_Active_Radiation_Shielding/montecarlo_cpp/3rd_party_libraries/build/Main_Build/eigen3/CMakeFiles/CMakeTmp'

Source file was:
int main() { return 0; }
Performing C++ SOURCE FILE Test COMPILER_SUPPORT_Wcastalign succeeded with the following output:
Change Dir: /home/alberto/Documents/Magnetic_Active_Radiation_Shielding/montecarlo_cpp/3rd_party_libraries/build/Main_Build/eigen3/CMakeFiles/CMakeTmp

Run Build Command:"/usr/bin/make" "cmTC_b0146/fast"
make[3]: Entering directory '/home/alberto/Documents/Magnetic_Active_Radiation_Shielding/montecarlo_cpp/3rd_party_libraries/build/Main_Build/eigen3/CMakeFiles/CMakeTmp'
/usr/bin/make -f CMakeFiles/cmTC_b0146.dir/build.make CMakeFiles/cmTC_b0146.dir/build
make[4]: Entering directory '/home/alberto/Documents/Magnetic_Active_Radiation_Shielding/montecarlo_cpp/3rd_party_libraries/build/Main_Build/eigen3/CMakeFiles/CMakeTmp'
Building CXX object CMakeFiles/cmTC_b0146.dir/src.cxx.o
/usr/bin/c++    -std=c++03 -pedantic -Wall -Wextra -Wundef -DCOMPILER_SUPPORT_Wcastalign -Werror   -Wcast-align -o CMakeFiles/cmTC_b0146.dir/src.cxx.o -c /home/alberto/Documents/Magnetic_Active_Radiation_Shielding/montecarlo_cpp/3rd_party_libraries/build/Main_Build/eigen3/CMakeFiles/CMakeTmp/src.cxx
Linking CXX executable cmTC_b0146
/usr/bin/cmake -E cmake_link_script CMakeFiles/cmTC_b0146.dir/link.txt --verbose=1
/usr/bin/c++   -std=c++03 -pedantic -Wall -Wextra -Wundef -DCOMPILER_SUPPORT_Wcastalign -Werror    CMakeFiles/cmTC_b0146.dir/src.cxx.o  -o cmTC_b0146 
make[4]: Leaving directory '/home/alberto/Documents/Magnetic_Active_Radiation_Shielding/montecarlo_cpp/3rd_party_libraries/build/Main_Build/eigen3/CMakeFiles/CMakeTmp'
make[3]: Leaving directory '/home/alberto/Documents/Magnetic_Active_Radiation_Shielding/montecarlo_cpp/3rd_party_libraries/build/Main_Build/eigen3/CMakeFiles/CMakeTmp'

Source file was:
int main() { return 0; }
Performing C++ SOURCE FILE Test COMPILER_SUPPORT_Wcharsubscripts succeeded with the following output:
Change Dir: /home/alberto/Documents/Magnetic_Active_Radiation_Shielding/montecarlo_cpp/3rd_party_libraries/build/Main_Build/eigen3/CMakeFiles/CMakeTmp

Run Build Command:"/usr/bin/make" "cmTC_4bd95/fast"
make[3]: Entering directory '/home/alberto/Documents/Magnetic_Active_Radiation_Shielding/montecarlo_cpp/3rd_party_libraries/build/Main_Build/eigen3/CMakeFiles/CMakeTmp'
/usr/bin/make -f CMakeFiles/cmTC_4bd95.dir/build.make CMakeFiles/cmTC_4bd95.dir/build
make[4]: Entering directory '/home/alberto/Documents/Magnetic_Active_Radiation_Shielding/montecarlo_cpp/3rd_party_libraries/build/Main_Build/eigen3/CMakeFiles/CMakeTmp'
Building CXX object CMakeFiles/cmTC_4bd95.dir/src.cxx.o
/usr/bin/c++    -std=c++03 -pedantic -Wall -Wextra -Wundef -Wcast-align -DCOMPILER_SUPPORT_Wcharsubscripts -Werror   -Wchar-subscripts -o CMakeFiles/cmTC_4bd95.dir/src.cxx.o -c /home/alberto/Documents/Magnetic_Active_Radiation_Shielding/montecarlo_cpp/3rd_party_libraries/build/Main_Build/eigen3/CMakeFiles/CMakeTmp/src.cxx
Linking CXX executable cmTC_4bd95
/usr/bin/cmake -E cmake_link_script CMakeFiles/cmTC_4bd95.dir/link.txt --verbose=1
/usr/bin/c++   -std=c++03 -pedantic -Wall -Wextra -Wundef -Wcast-align -DCOMPILER_SUPPORT_Wcharsubscripts -Werror    CMakeFiles/cmTC_4bd95.dir/src.cxx.o  -o cmTC_4bd95 
make[4]: Leaving directory '/home/alberto/Documents/Magnetic_Active_Radiation_Shielding/montecarlo_cpp/3rd_party_libraries/build/Main_Build/eigen3/CMakeFiles/CMakeTmp'
make[3]: Leaving directory '/home/alberto/Documents/Magnetic_Active_Radiation_Shielding/montecarlo_cpp/3rd_party_libraries/build/Main_Build/eigen3/CMakeFiles/CMakeTmp'

Source file was:
int main() { return 0; }
Performing C++ SOURCE FILE Test COMPILER_SUPPORT_Wnonvirtualdtor succeeded with the following output:
Change Dir: /home/alberto/Documents/Magnetic_Active_Radiation_Shielding/montecarlo_cpp/3rd_party_libraries/build/Main_Build/eigen3/CMakeFiles/CMakeTmp

Run Build Command:"/usr/bin/make" "cmTC_dfb03/fast"
make[3]: Entering directory '/home/alberto/Documents/Magnetic_Active_Radiation_Shielding/montecarlo_cpp/3rd_party_libraries/build/Main_Build/eigen3/CMakeFiles/CMakeTmp'
/usr/bin/make -f CMakeFiles/cmTC_dfb03.dir/build.make CMakeFiles/cmTC_dfb03.dir/build
make[4]: Entering directory '/home/alberto/Documents/Magnetic_Active_Radiation_Shielding/montecarlo_cpp/3rd_party_libraries/build/Main_Build/eigen3/CMakeFiles/CMakeTmp'
Building CXX object CMakeFiles/cmTC_dfb03.dir/src.cxx.o
/usr/bin/c++    -std=c++03 -pedantic -Wall -Wextra -Wundef -Wcast-align -Wchar-subscripts -DCOMPILER_SUPPORT_Wnonvirtualdtor -Werror   -Wnon-virtual-dtor -o CMakeFiles/cmTC_dfb03.dir/src.cxx.o -c /home/alberto/Documents/Magnetic_Active_Radiation_Shielding/montecarlo_cpp/3rd_party_libraries/build/Main_Build/eigen3/CMakeFiles/CMakeTmp/src.cxx
Linking CXX executable cmTC_dfb03
/usr/bin/cmake -E cmake_link_script CMakeFiles/cmTC_dfb03.dir/link.txt --verbose=1
/usr/bin/c++   -std=c++03 -pedantic -Wall -Wextra -Wundef -Wcast-align -Wchar-subscripts -DCOMPILER_SUPPORT_Wnonvirtualdtor -Werror    CMakeFiles/cmTC_dfb03.dir/src.cxx.o  -o cmTC_dfb03 
make[4]: Leaving directory '/home/alberto/Documents/Magnetic_Active_Radiation_Shielding/montecarlo_cpp/3rd_party_libraries/build/Main_Build/eigen3/CMakeFiles/CMakeTmp'
make[3]: Leaving directory '/home/alberto/Documents/Magnetic_Active_Radiation_Shielding/montecarlo_cpp/3rd_party_libraries/build/Main_Build/eigen3/CMakeFiles/CMakeTmp'

Source file was:
int main() { return 0; }
Performing C++ SOURCE FILE Test COMPILER_SUPPORT_Wunusedlocaltypedefs succeeded with the following output:
Change Dir: /home/alberto/Documents/Magnetic_Active_Radiation_Shielding/montecarlo_cpp/3rd_party_libraries/build/Main_Build/eigen3/CMakeFiles/CMakeTmp

Run Build Command:"/usr/bin/make" "cmTC_e06ee/fast"
make[3]: Entering directory '/home/alberto/Documents/Magnetic_Active_Radiation_Shielding/montecarlo_cpp/3rd_party_libraries/build/Main_Build/eigen3/CMakeFiles/CMakeTmp'
/usr/bin/make -f CMakeFiles/cmTC_e06ee.dir/build.make CMakeFiles/cmTC_e06ee.dir/build
make[4]: Entering directory '/home/alberto/Documents/Magnetic_Active_Radiation_Shielding/montecarlo_cpp/3rd_party_libraries/build/Main_Build/eigen3/CMakeFiles/CMakeTmp'
Building CXX object CMakeFiles/cmTC_e06ee.dir/src.cxx.o
/usr/bin/c++    -std=c++03 -pedantic -Wall -Wextra -Wundef -Wcast-align -Wchar-subscripts -Wnon-virtual-dtor -DCOMPILER_SUPPORT_Wunusedlocaltypedefs -Werror   -Wunused-local-typedefs -o CMakeFiles/cmTC_e06ee.dir/src.cxx.o -c /home/alberto/Documents/Magnetic_Active_Radiation_Shielding/montecarlo_cpp/3rd_party_libraries/build/Main_Build/eigen3/CMakeFiles/CMakeTmp/src.cxx
Linking CXX executable cmTC_e06ee
/usr/bin/cmake -E cmake_link_script CMakeFiles/cmTC_e06ee.dir/link.txt --verbose=1
/usr/bin/c++   -std=c++03 -pedantic -Wall -Wextra -Wundef -Wcast-align -Wchar-subscripts -Wnon-virtual-dtor -DCOMPILER_SUPPORT_Wunusedlocaltypedefs -Werror    CMakeFiles/cmTC_e06ee.dir/src.cxx.o  -o cmTC_e06ee 
make[4]: Leaving directory '/home/alberto/Documents/Magnetic_Active_Radiation_Shielding/montecarlo_cpp/3rd_party_libraries/build/Main_Build/eigen3/CMakeFiles/CMakeTmp'
make[3]: Leaving directory '/home/alberto/Documents/Magnetic_Active_Radiation_Shielding/montecarlo_cpp/3rd_party_libraries/build/Main_Build/eigen3/CMakeFiles/CMakeTmp'

Source file was:
int main() { return 0; }
Performing C++ SOURCE FILE Test COMPILER_SUPPORT_Wpointerarith succeeded with the following output:
Change Dir: /home/alberto/Documents/Magnetic_Active_Radiation_Shielding/montecarlo_cpp/3rd_party_libraries/build/Main_Build/eigen3/CMakeFiles/CMakeTmp

Run Build Command:"/usr/bin/make" "cmTC_4b886/fast"
make[3]: Entering directory '/home/alberto/Documents/Magnetic_Active_Radiation_Shielding/montecarlo_cpp/3rd_party_libraries/build/Main_Build/eigen3/CMakeFiles/CMakeTmp'
/usr/bin/make -f CMakeFiles/cmTC_4b886.dir/build.make CMakeFiles/cmTC_4b886.dir/build
make[4]: Entering directory '/home/alberto/Documents/Magnetic_Active_Radiation_Shielding/montecarlo_cpp/3rd_party_libraries/build/Main_Build/eigen3/CMakeFiles/CMakeTmp'
Building CXX object CMakeFiles/cmTC_4b886.dir/src.cxx.o
/usr/bin/c++    -std=c++03 -pedantic -Wall -Wextra -Wundef -Wcast-align -Wchar-subscripts -Wnon-virtual-dtor -Wunused-local-typedefs -DCOMPILER_SUPPORT_Wpointerarith -Werror   -Wpointer-arith -o CMakeFiles/cmTC_4b886.dir/src.cxx.o -c /home/alberto/Documents/Magnetic_Active_Radiation_Shielding/montecarlo_cpp/3rd_party_libraries/build/Main_Build/eigen3/CMakeFiles/CMakeTmp/src.cxx
Linking CXX executable cmTC_4b886
/usr/bin/cmake -E cmake_link_script CMakeFiles/cmTC_4b886.dir/link.txt --verbose=1
/usr/bin/c++   -std=c++03 -pedantic -Wall -Wextra -Wundef -Wcast-align -Wchar-subscripts -Wnon-virtual-dtor -Wunused-local-typedefs -DCOMPILER_SUPPORT_Wpointerarith -Werror    CMakeFiles/cmTC_4b886.dir/src.cxx.o  -o cmTC_4b886 
make[4]: Leaving directory '/home/alberto/Documents/Magnetic_Active_Radiation_Shielding/montecarlo_cpp/3rd_party_libraries/build/Main_Build/eigen3/CMakeFiles/CMakeTmp'
make[3]: Leaving directory '/home/alberto/Documents/Magnetic_Active_Radiation_Shielding/montecarlo_cpp/3rd_party_libraries/build/Main_Build/eigen3/CMakeFiles/CMakeTmp'

Source file was:
int main() { return 0; }
Performing C++ SOURCE FILE Test COMPILER_SUPPORT_Wwritestrings succeeded with the following output:
Change Dir: /home/alberto/Documents/Magnetic_Active_Radiation_Shielding/montecarlo_cpp/3rd_party_libraries/build/Main_Build/eigen3/CMakeFiles/CMakeTmp

Run Build Command:"/usr/bin/make" "cmTC_140cc/fast"
make[3]: Entering directory '/home/alberto/Documents/Magnetic_Active_Radiation_Shielding/montecarlo_cpp/3rd_party_libraries/build/Main_Build/eigen3/CMakeFiles/CMakeTmp'
/usr/bin/make -f CMakeFiles/cmTC_140cc.dir/build.make CMakeFiles/cmTC_140cc.dir/build
make[4]: Entering directory '/home/alberto/Documents/Magnetic_Active_Radiation_Shielding/montecarlo_cpp/3rd_party_libraries/build/Main_Build/eigen3/CMakeFiles/CMakeTmp'
Building CXX object CMakeFiles/cmTC_140cc.dir/src.cxx.o
/usr/bin/c++    -std=c++03 -pedantic -Wall -Wextra -Wundef -Wcast-align -Wchar-subscripts -Wnon-virtual-dtor -Wunused-local-typedefs -Wpointer-arith -DCOMPILER_SUPPORT_Wwritestrings -Werror   -Wwrite-strings -o CMakeFiles/cmTC_140cc.dir/src.cxx.o -c /home/alberto/Documents/Magnetic_Active_Radiation_Shielding/montecarlo_cpp/3rd_party_libraries/build/Main_Build/eigen3/CMakeFiles/CMakeTmp/src.cxx
Linking CXX executable cmTC_140cc
/usr/bin/cmake -E cmake_link_script CMakeFiles/cmTC_140cc.dir/link.txt --verbose=1
/usr/bin/c++   -std=c++03 -pedantic -Wall -Wextra -Wundef -Wcast-align -Wchar-subscripts -Wnon-virtual-dtor -Wunused-local-typedefs -Wpointer-arith -DCOMPILER_SUPPORT_Wwritestrings -Werror    CMakeFiles/cmTC_140cc.dir/src.cxx.o  -o cmTC_140cc 
make[4]: Leaving directory '/home/alberto/Documents/Magnetic_Active_Radiation_Shielding/montecarlo_cpp/3rd_party_libraries/build/Main_Build/eigen3/CMakeFiles/CMakeTmp'
make[3]: Leaving directory '/home/alberto/Documents/Magnetic_Active_Radiation_Shielding/montecarlo_cpp/3rd_party_libraries/build/Main_Build/eigen3/CMakeFiles/CMakeTmp'

Source file was:
int main() { return 0; }
Performing C++ SOURCE FILE Test COMPILER_SUPPORT_Wformatsecurity succeeded with the following output:
Change Dir: /home/alberto/Documents/Magnetic_Active_Radiation_Shielding/montecarlo_cpp/3rd_party_libraries/build/Main_Build/eigen3/CMakeFiles/CMakeTmp

Run Build Command:"/usr/bin/make" "cmTC_1eb0f/fast"
make[3]: Entering directory '/home/alberto/Documents/Magnetic_Active_Radiation_Shielding/montecarlo_cpp/3rd_party_libraries/build/Main_Build/eigen3/CMakeFiles/CMakeTmp'
/usr/bin/make -f CMakeFiles/cmTC_1eb0f.dir/build.make CMakeFiles/cmTC_1eb0f.dir/build
make[4]: Entering directory '/home/alberto/Documents/Magnetic_Active_Radiation_Shielding/montecarlo_cpp/3rd_party_libraries/build/Main_Build/eigen3/CMakeFiles/CMakeTmp'
Building CXX object CMakeFiles/cmTC_1eb0f.dir/src.cxx.o
/usr/bin/c++    -std=c++03 -pedantic -Wall -Wextra -Wundef -Wcast-align -Wchar-subscripts -Wnon-virtual-dtor -Wunused-local-typedefs -Wpointer-arith -Wwrite-strings -DCOMPILER_SUPPORT_Wformatsecurity -Werror   -Wformat-security -o CMakeFiles/cmTC_1eb0f.dir/src.cxx.o -c /home/alberto/Documents/Magnetic_Active_Radiation_Shielding/montecarlo_cpp/3rd_party_libraries/build/Main_Build/eigen3/CMakeFiles/CMakeTmp/src.cxx
Linking CXX executable cmTC_1eb0f
/usr/bin/cmake -E cmake_link_script CMakeFiles/cmTC_1eb0f.dir/link.txt --verbose=1
/usr/bin/c++   -std=c++03 -pedantic -Wall -Wextra -Wundef -Wcast-align -Wchar-subscripts -Wnon-virtual-dtor -Wunused-local-typedefs -Wpointer-arith -Wwrite-strings -DCOMPILER_SUPPORT_Wformatsecurity -Werror    CMakeFiles/cmTC_1eb0f.dir/src.cxx.o  -o cmTC_1eb0f 
make[4]: Leaving directory '/home/alberto/Documents/Magnetic_Active_Radiation_Shielding/montecarlo_cpp/3rd_party_libraries/build/Main_Build/eigen3/CMakeFiles/CMakeTmp'
make[3]: Leaving directory '/home/alberto/Documents/Magnetic_Active_Radiation_Shielding/montecarlo_cpp/3rd_party_libraries/build/Main_Build/eigen3/CMakeFiles/CMakeTmp'

Source file was:
int main() { return 0; }
Performing C++ SOURCE FILE Test COMPILER_SUPPORT_Wlogicalop succeeded with the following output:
Change Dir: /home/alberto/Documents/Magnetic_Active_Radiation_Shielding/montecarlo_cpp/3rd_party_libraries/build/Main_Build/eigen3/CMakeFiles/CMakeTmp

Run Build Command:"/usr/bin/make" "cmTC_a6949/fast"
make[3]: Entering directory '/home/alberto/Documents/Magnetic_Active_Radiation_Shielding/montecarlo_cpp/3rd_party_libraries/build/Main_Build/eigen3/CMakeFiles/CMakeTmp'
/usr/bin/make -f CMakeFiles/cmTC_a6949.dir/build.make CMakeFiles/cmTC_a6949.dir/build
make[4]: Entering directory '/home/alberto/Documents/Magnetic_Active_Radiation_Shielding/montecarlo_cpp/3rd_party_libraries/build/Main_Build/eigen3/CMakeFiles/CMakeTmp'
Building CXX object CMakeFiles/cmTC_a6949.dir/src.cxx.o
/usr/bin/c++    -std=c++03 -pedantic -Wall -Wextra -Wundef -Wcast-align -Wchar-subscripts -Wnon-virtual-dtor -Wunused-local-typedefs -Wpointer-arith -Wwrite-strings -Wformat-security -DCOMPILER_SUPPORT_Wlogicalop -Werror   -Wlogical-op -o CMakeFiles/cmTC_a6949.dir/src.cxx.o -c /home/alberto/Documents/Magnetic_Active_Radiation_Shielding/montecarlo_cpp/3rd_party_libraries/build/Main_Build/eigen3/CMakeFiles/CMakeTmp/src.cxx
Linking CXX executable cmTC_a6949
/usr/bin/cmake -E cmake_link_script CMakeFiles/cmTC_a6949.dir/link.txt --verbose=1
/usr/bin/c++   -std=c++03 -pedantic -Wall -Wextra -Wundef -Wcast-align -Wchar-subscripts -Wnon-virtual-dtor -Wunused-local-typedefs -Wpointer-arith -Wwrite-strings -Wformat-security -DCOMPILER_SUPPORT_Wlogicalop -Werror    CMakeFiles/cmTC_a6949.dir/src.cxx.o  -o cmTC_a6949 
make[4]: Leaving directory '/home/alberto/Documents/Magnetic_Active_Radiation_Shielding/montecarlo_cpp/3rd_party_libraries/build/Main_Build/eigen3/CMakeFiles/CMakeTmp'
make[3]: Leaving directory '/home/alberto/Documents/Magnetic_Active_Radiation_Shielding/montecarlo_cpp/3rd_party_libraries/build/Main_Build/eigen3/CMakeFiles/CMakeTmp'

Source file was:
int main() { return 0; }
Performing C++ SOURCE FILE Test COMPILER_SUPPORT_Wdoublepromotion succeeded with the following output:
Change Dir: /home/alberto/Documents/Magnetic_Active_Radiation_Shielding/montecarlo_cpp/3rd_party_libraries/build/Main_Build/eigen3/CMakeFiles/CMakeTmp

Run Build Command:"/usr/bin/make" "cmTC_2c3db/fast"
make[3]: Entering directory '/home/alberto/Documents/Magnetic_Active_Radiation_Shielding/montecarlo_cpp/3rd_party_libraries/build/Main_Build/eigen3/CMakeFiles/CMakeTmp'
/usr/bin/make -f CMakeFiles/cmTC_2c3db.dir/build.make CMakeFiles/cmTC_2c3db.dir/build
make[4]: Entering directory '/home/alberto/Documents/Magnetic_Active_Radiation_Shielding/montecarlo_cpp/3rd_party_libraries/build/Main_Build/eigen3/CMakeFiles/CMakeTmp'
Building CXX object CMakeFiles/cmTC_2c3db.dir/src.cxx.o
/usr/bin/c++    -std=c++03 -pedantic -Wall -Wextra -Wundef -Wcast-align -Wchar-subscripts -Wnon-virtual-dtor -Wunused-local-typedefs -Wpointer-arith -Wwrite-strings -Wformat-security -Wlogical-op -DCOMPILER_SUPPORT_Wdoublepromotion -Werror   -Wdouble-promotion -o CMakeFiles/cmTC_2c3db.dir/src.cxx.o -c /home/alberto/Documents/Magnetic_Active_Radiation_Shielding/montecarlo_cpp/3rd_party_libraries/build/Main_Build/eigen3/CMakeFiles/CMakeTmp/src.cxx
Linking CXX executable cmTC_2c3db
/usr/bin/cmake -E cmake_link_script CMakeFiles/cmTC_2c3db.dir/link.txt --verbose=1
/usr/bin/c++   -std=c++03 -pedantic -Wall -Wextra -Wundef -Wcast-align -Wchar-subscripts -Wnon-virtual-dtor -Wunused-local-typedefs -Wpointer-arith -Wwrite-strings -Wformat-security -Wlogical-op -DCOMPILER_SUPPORT_Wdoublepromotion -Werror    CMakeFiles/cmTC_2c3db.dir/src.cxx.o  -o cmTC_2c3db 
make[4]: Leaving directory '/home/alberto/Documents/Magnetic_Active_Radiation_Shielding/montecarlo_cpp/3rd_party_libraries/build/Main_Build/eigen3/CMakeFiles/CMakeTmp'
make[3]: Leaving directory '/home/alberto/Documents/Magnetic_Active_Radiation_Shielding/montecarlo_cpp/3rd_party_libraries/build/Main_Build/eigen3/CMakeFiles/CMakeTmp'

Source file was:
int main() { return 0; }
Performing C++ SOURCE FILE Test COMPILER_SUPPORT_Wshadow succeeded with the following output:
Change Dir: /home/alberto/Documents/Magnetic_Active_Radiation_Shielding/montecarlo_cpp/3rd_party_libraries/build/Main_Build/eigen3/CMakeFiles/CMakeTmp

Run Build Command:"/usr/bin/make" "cmTC_6a69d/fast"
make[3]: Entering directory '/home/alberto/Documents/Magnetic_Active_Radiation_Shielding/montecarlo_cpp/3rd_party_libraries/build/Main_Build/eigen3/CMakeFiles/CMakeTmp'
/usr/bin/make -f CMakeFiles/cmTC_6a69d.dir/build.make CMakeFiles/cmTC_6a69d.dir/build
make[4]: Entering directory '/home/alberto/Documents/Magnetic_Active_Radiation_Shielding/montecarlo_cpp/3rd_party_libraries/build/Main_Build/eigen3/CMakeFiles/CMakeTmp'
Building CXX object CMakeFiles/cmTC_6a69d.dir/src.cxx.o
/usr/bin/c++    -std=c++03 -pedantic -Wall -Wextra -Wundef -Wcast-align -Wchar-subscripts -Wnon-virtual-dtor -Wunused-local-typedefs -Wpointer-arith -Wwrite-strings -Wformat-security -Wlogical-op -Wdouble-promotion -DCOMPILER_SUPPORT_Wshadow -Werror   -Wshadow -o CMakeFiles/cmTC_6a69d.dir/src.cxx.o -c /home/alberto/Documents/Magnetic_Active_Radiation_Shielding/montecarlo_cpp/3rd_party_libraries/build/Main_Build/eigen3/CMakeFiles/CMakeTmp/src.cxx
Linking CXX executable cmTC_6a69d
/usr/bin/cmake -E cmake_link_script CMakeFiles/cmTC_6a69d.dir/link.txt --verbose=1
/usr/bin/c++   -std=c++03 -pedantic -Wall -Wextra -Wundef -Wcast-align -Wchar-subscripts -Wnon-virtual-dtor -Wunused-local-typedefs -Wpointer-arith -Wwrite-strings -Wformat-security -Wlogical-op -Wdouble-promotion -DCOMPILER_SUPPORT_Wshadow -Werror    CMakeFiles/cmTC_6a69d.dir/src.cxx.o  -o cmTC_6a69d 
make[4]: Leaving directory '/home/alberto/Documents/Magnetic_Active_Radiation_Shielding/montecarlo_cpp/3rd_party_libraries/build/Main_Build/eigen3/CMakeFiles/CMakeTmp'
make[3]: Leaving directory '/home/alberto/Documents/Magnetic_Active_Radiation_Shielding/montecarlo_cpp/3rd_party_libraries/build/Main_Build/eigen3/CMakeFiles/CMakeTmp'

Source file was:
int main() { return 0; }
Performing C++ SOURCE FILE Test COMPILER_SUPPORT_Wnopsabi succeeded with the following output:
Change Dir: /home/alberto/Documents/Magnetic_Active_Radiation_Shielding/montecarlo_cpp/3rd_party_libraries/build/Main_Build/eigen3/CMakeFiles/CMakeTmp

Run Build Command:"/usr/bin/make" "cmTC_c61ee/fast"
make[3]: Entering directory '/home/alberto/Documents/Magnetic_Active_Radiation_Shielding/montecarlo_cpp/3rd_party_libraries/build/Main_Build/eigen3/CMakeFiles/CMakeTmp'
/usr/bin/make -f CMakeFiles/cmTC_c61ee.dir/build.make CMakeFiles/cmTC_c61ee.dir/build
make[4]: Entering directory '/home/alberto/Documents/Magnetic_Active_Radiation_Shielding/montecarlo_cpp/3rd_party_libraries/build/Main_Build/eigen3/CMakeFiles/CMakeTmp'
Building CXX object CMakeFiles/cmTC_c61ee.dir/src.cxx.o
/usr/bin/c++    -std=c++03 -pedantic -Wall -Wextra -Wundef -Wcast-align -Wchar-subscripts -Wnon-virtual-dtor -Wunused-local-typedefs -Wpointer-arith -Wwrite-strings -Wformat-security -Wlogical-op -Wdouble-promotion -Wshadow -DCOMPILER_SUPPORT_Wnopsabi -Werror   -Wno-psabi -o CMakeFiles/cmTC_c61ee.dir/src.cxx.o -c /home/alberto/Documents/Magnetic_Active_Radiation_Shielding/montecarlo_cpp/3rd_party_libraries/build/Main_Build/eigen3/CMakeFiles/CMakeTmp/src.cxx
Linking CXX executable cmTC_c61ee
/usr/bin/cmake -E cmake_link_script CMakeFiles/cmTC_c61ee.dir/link.txt --verbose=1
/usr/bin/c++   -std=c++03 -pedantic -Wall -Wextra -Wundef -Wcast-align -Wchar-subscripts -Wnon-virtual-dtor -Wunused-local-typedefs -Wpointer-arith -Wwrite-strings -Wformat-security -Wlogical-op -Wdouble-promotion -Wshadow -DCOMPILER_SUPPORT_Wnopsabi -Werror    CMakeFiles/cmTC_c61ee.dir/src.cxx.o  -o cmTC_c61ee 
make[4]: Leaving directory '/home/alberto/Documents/Magnetic_Active_Radiation_Shielding/montecarlo_cpp/3rd_party_libraries/build/Main_Build/eigen3/CMakeFiles/CMakeTmp'
make[3]: Leaving directory '/home/alberto/Documents/Magnetic_Active_Radiation_Shielding/montecarlo_cpp/3rd_party_libraries/build/Main_Build/eigen3/CMakeFiles/CMakeTmp'

Source file was:
int main() { return 0; }
Performing C++ SOURCE FILE Test COMPILER_SUPPORT_Wnovariadicmacros succeeded with the following output:
Change Dir: /home/alberto/Documents/Magnetic_Active_Radiation_Shielding/montecarlo_cpp/3rd_party_libraries/build/Main_Build/eigen3/CMakeFiles/CMakeTmp

Run Build Command:"/usr/bin/make" "cmTC_385ce/fast"
make[3]: Entering directory '/home/alberto/Documents/Magnetic_Active_Radiation_Shielding/montecarlo_cpp/3rd_party_libraries/build/Main_Build/eigen3/CMakeFiles/CMakeTmp'
/usr/bin/make -f CMakeFiles/cmTC_385ce.dir/build.make CMakeFiles/cmTC_385ce.dir/build
make[4]: Entering directory '/home/alberto/Documents/Magnetic_Active_Radiation_Shielding/montecarlo_cpp/3rd_party_libraries/build/Main_Build/eigen3/CMakeFiles/CMakeTmp'
Building CXX object CMakeFiles/cmTC_385ce.dir/src.cxx.o
/usr/bin/c++    -std=c++03 -pedantic -Wall -Wextra -Wundef -Wcast-align -Wchar-subscripts -Wnon-virtual-dtor -Wunused-local-typedefs -Wpointer-arith -Wwrite-strings -Wformat-security -Wlogical-op -Wdouble-promotion -Wshadow -Wno-psabi -DCOMPILER_SUPPORT_Wnovariadicmacros -Werror   -Wno-variadic-macros -o CMakeFiles/cmTC_385ce.dir/src.cxx.o -c /home/alberto/Documents/Magnetic_Active_Radiation_Shielding/montecarlo_cpp/3rd_party_libraries/build/Main_Build/eigen3/CMakeFiles/CMakeTmp/src.cxx
Linking CXX executable cmTC_385ce
/usr/bin/cmake -E cmake_link_script CMakeFiles/cmTC_385ce.dir/link.txt --verbose=1
/usr/bin/c++   -std=c++03 -pedantic -Wall -Wextra -Wundef -Wcast-align -Wchar-subscripts -Wnon-virtual-dtor -Wunused-local-typedefs -Wpointer-arith -Wwrite-strings -Wformat-security -Wlogical-op -Wdouble-promotion -Wshadow -Wno-psabi -DCOMPILER_SUPPORT_Wnovariadicmacros -Werror    CMakeFiles/cmTC_385ce.dir/src.cxx.o  -o cmTC_385ce 
make[4]: Leaving directory '/home/alberto/Documents/Magnetic_Active_Radiation_Shielding/montecarlo_cpp/3rd_party_libraries/build/Main_Build/eigen3/CMakeFiles/CMakeTmp'
make[3]: Leaving directory '/home/alberto/Documents/Magnetic_Active_Radiation_Shielding/montecarlo_cpp/3rd_party_libraries/build/Main_Build/eigen3/CMakeFiles/CMakeTmp'

Source file was:
int main() { return 0; }
Performing C++ SOURCE FILE Test COMPILER_SUPPORT_Wnolonglong succeeded with the following output:
Change Dir: /home/alberto/Documents/Magnetic_Active_Radiation_Shielding/montecarlo_cpp/3rd_party_libraries/build/Main_Build/eigen3/CMakeFiles/CMakeTmp

Run Build Command:"/usr/bin/make" "cmTC_4f020/fast"
make[3]: Entering directory '/home/alberto/Documents/Magnetic_Active_Radiation_Shielding/montecarlo_cpp/3rd_party_libraries/build/Main_Build/eigen3/CMakeFiles/CMakeTmp'
/usr/bin/make -f CMakeFiles/cmTC_4f020.dir/build.make CMakeFiles/cmTC_4f020.dir/build
make[4]: Entering directory '/home/alberto/Documents/Magnetic_Active_Radiation_Shielding/montecarlo_cpp/3rd_party_libraries/build/Main_Build/eigen3/CMakeFiles/CMakeTmp'
Building CXX object CMakeFiles/cmTC_4f020.dir/src.cxx.o
/usr/bin/c++    -std=c++03 -pedantic -Wall -Wextra -Wundef -Wcast-align -Wchar-subscripts -Wnon-virtual-dtor -Wunused-local-typedefs -Wpointer-arith -Wwrite-strings -Wformat-security -Wlogical-op -Wdouble-promotion -Wshadow -Wno-psabi -Wno-variadic-macros -DCOMPILER_SUPPORT_Wnolonglong -Werror   -Wno-long-long -o CMakeFiles/cmTC_4f020.dir/src.cxx.o -c /home/alberto/Documents/Magnetic_Active_Radiation_Shielding/montecarlo_cpp/3rd_party_libraries/build/Main_Build/eigen3/CMakeFiles/CMakeTmp/src.cxx
Linking CXX executable cmTC_4f020
/usr/bin/cmake -E cmake_link_script CMakeFiles/cmTC_4f020.dir/link.txt --verbose=1
/usr/bin/c++   -std=c++03 -pedantic -Wall -Wextra -Wundef -Wcast-align -Wchar-subscripts -Wnon-virtual-dtor -Wunused-local-typedefs -Wpointer-arith -Wwrite-strings -Wformat-security -Wlogical-op -Wdouble-promotion -Wshadow -Wno-psabi -Wno-variadic-macros -DCOMPILER_SUPPORT_Wnolonglong -Werror    CMakeFiles/cmTC_4f020.dir/src.cxx.o  -o cmTC_4f020 
make[4]: Leaving directory '/home/alberto/Documents/Magnetic_Active_Radiation_Shielding/montecarlo_cpp/3rd_party_libraries/build/Main_Build/eigen3/CMakeFiles/CMakeTmp'
make[3]: Leaving directory '/home/alberto/Documents/Magnetic_Active_Radiation_Shielding/montecarlo_cpp/3rd_party_libraries/build/Main_Build/eigen3/CMakeFiles/CMakeTmp'

Source file was:
int main() { return 0; }
Performing C++ SOURCE FILE Test COMPILER_SUPPORT_fnochecknew succeeded with the following output:
Change Dir: /home/alberto/Documents/Magnetic_Active_Radiation_Shielding/montecarlo_cpp/3rd_party_libraries/build/Main_Build/eigen3/CMakeFiles/CMakeTmp

Run Build Command:"/usr/bin/make" "cmTC_90981/fast"
make[3]: Entering directory '/home/alberto/Documents/Magnetic_Active_Radiation_Shielding/montecarlo_cpp/3rd_party_libraries/build/Main_Build/eigen3/CMakeFiles/CMakeTmp'
/usr/bin/make -f CMakeFiles/cmTC_90981.dir/build.make CMakeFiles/cmTC_90981.dir/build
make[4]: Entering directory '/home/alberto/Documents/Magnetic_Active_Radiation_Shielding/montecarlo_cpp/3rd_party_libraries/build/Main_Build/eigen3/CMakeFiles/CMakeTmp'
Building CXX object CMakeFiles/cmTC_90981.dir/src.cxx.o
/usr/bin/c++    -std=c++03 -pedantic -Wall -Wextra -Wundef -Wcast-align -Wchar-subscripts -Wnon-virtual-dtor -Wunused-local-typedefs -Wpointer-arith -Wwrite-strings -Wformat-security -Wlogical-op -Wdouble-promotion -Wshadow -Wno-psabi -Wno-variadic-macros -Wno-long-long -DCOMPILER_SUPPORT_fnochecknew -Werror   -fno-check-new -o CMakeFiles/cmTC_90981.dir/src.cxx.o -c /home/alberto/Documents/Magnetic_Active_Radiation_Shielding/montecarlo_cpp/3rd_party_libraries/build/Main_Build/eigen3/CMakeFiles/CMakeTmp/src.cxx
Linking CXX executable cmTC_90981
/usr/bin/cmake -E cmake_link_script CMakeFiles/cmTC_90981.dir/link.txt --verbose=1
/usr/bin/c++   -std=c++03 -pedantic -Wall -Wextra -Wundef -Wcast-align -Wchar-subscripts -Wnon-virtual-dtor -Wunused-local-typedefs -Wpointer-arith -Wwrite-strings -Wformat-security -Wlogical-op -Wdouble-promotion -Wshadow -Wno-psabi -Wno-variadic-macros -Wno-long-long -DCOMPILER_SUPPORT_fnochecknew -Werror    CMakeFiles/cmTC_90981.dir/src.cxx.o  -o cmTC_90981 
make[4]: Leaving directory '/home/alberto/Documents/Magnetic_Active_Radiation_Shielding/montecarlo_cpp/3rd_party_libraries/build/Main_Build/eigen3/CMakeFiles/CMakeTmp'
make[3]: Leaving directory '/home/alberto/Documents/Magnetic_Active_Radiation_Shielding/montecarlo_cpp/3rd_party_libraries/build/Main_Build/eigen3/CMakeFiles/CMakeTmp'

Source file was:
int main() { return 0; }
Performing C++ SOURCE FILE Test COMPILER_SUPPORT_fnocommon succeeded with the following output:
Change Dir: /home/alberto/Documents/Magnetic_Active_Radiation_Shielding/montecarlo_cpp/3rd_party_libraries/build/Main_Build/eigen3/CMakeFiles/CMakeTmp

Run Build Command:"/usr/bin/make" "cmTC_1282e/fast"
make[3]: Entering directory '/home/alberto/Documents/Magnetic_Active_Radiation_Shielding/montecarlo_cpp/3rd_party_libraries/build/Main_Build/eigen3/CMakeFiles/CMakeTmp'
/usr/bin/make -f CMakeFiles/cmTC_1282e.dir/build.make CMakeFiles/cmTC_1282e.dir/build
make[4]: Entering directory '/home/alberto/Documents/Magnetic_Active_Radiation_Shielding/montecarlo_cpp/3rd_party_libraries/build/Main_Build/eigen3/CMakeFiles/CMakeTmp'
Building CXX object CMakeFiles/cmTC_1282e.dir/src.cxx.o
/usr/bin/c++    -std=c++03 -pedantic -Wall -Wextra -Wundef -Wcast-align -Wchar-subscripts -Wnon-virtual-dtor -Wunused-local-typedefs -Wpointer-arith -Wwrite-strings -Wformat-security -Wlogical-op -Wdouble-promotion -Wshadow -Wno-psabi -Wno-variadic-macros -Wno-long-long -fno-check-new -DCOMPILER_SUPPORT_fnocommon -Werror   -fno-common -o CMakeFiles/cmTC_1282e.dir/src.cxx.o -c /home/alberto/Documents/Magnetic_Active_Radiation_Shielding/montecarlo_cpp/3rd_party_libraries/build/Main_Build/eigen3/CMakeFiles/CMakeTmp/src.cxx
Linking CXX executable cmTC_1282e
/usr/bin/cmake -E cmake_link_script CMakeFiles/cmTC_1282e.dir/link.txt --verbose=1
/usr/bin/c++   -std=c++03 -pedantic -Wall -Wextra -Wundef -Wcast-align -Wchar-subscripts -Wnon-virtual-dtor -Wunused-local-typedefs -Wpointer-arith -Wwrite-strings -Wformat-security -Wlogical-op -Wdouble-promotion -Wshadow -Wno-psabi -Wno-variadic-macros -Wno-long-long -fno-check-new -DCOMPILER_SUPPORT_fnocommon -Werror    CMakeFiles/cmTC_1282e.dir/src.cxx.o  -o cmTC_1282e 
make[4]: Leaving directory '/home/alberto/Documents/Magnetic_Active_Radiation_Shielding/montecarlo_cpp/3rd_party_libraries/build/Main_Build/eigen3/CMakeFiles/CMakeTmp'
make[3]: Leaving directory '/home/alberto/Documents/Magnetic_Active_Radiation_Shielding/montecarlo_cpp/3rd_party_libraries/build/Main_Build/eigen3/CMakeFiles/CMakeTmp'

Source file was:
int main() { return 0; }
Performing C++ SOURCE FILE Test COMPILER_SUPPORT_fstrictaliasing succeeded with the following output:
Change Dir: /home/alberto/Documents/Magnetic_Active_Radiation_Shielding/montecarlo_cpp/3rd_party_libraries/build/Main_Build/eigen3/CMakeFiles/CMakeTmp

Run Build Command:"/usr/bin/make" "cmTC_e7182/fast"
make[3]: Entering directory '/home/alberto/Documents/Magnetic_Active_Radiation_Shielding/montecarlo_cpp/3rd_party_libraries/build/Main_Build/eigen3/CMakeFiles/CMakeTmp'
/usr/bin/make -f CMakeFiles/cmTC_e7182.dir/build.make CMakeFiles/cmTC_e7182.dir/build
make[4]: Entering directory '/home/alberto/Documents/Magnetic_Active_Radiation_Shielding/montecarlo_cpp/3rd_party_libraries/build/Main_Build/eigen3/CMakeFiles/CMakeTmp'
Building CXX object CMakeFiles/cmTC_e7182.dir/src.cxx.o
/usr/bin/c++    -std=c++03 -pedantic -Wall -Wextra -Wundef -Wcast-align -Wchar-subscripts -Wnon-virtual-dtor -Wunused-local-typedefs -Wpointer-arith -Wwrite-strings -Wformat-security -Wlogical-op -Wdouble-promotion -Wshadow -Wno-psabi -Wno-variadic-macros -Wno-long-long -fno-check-new -fno-common -DCOMPILER_SUPPORT_fstrictaliasing -Werror   -fstrict-aliasing -o CMakeFiles/cmTC_e7182.dir/src.cxx.o -c /home/alberto/Documents/Magnetic_Active_Radiation_Shielding/montecarlo_cpp/3rd_party_libraries/build/Main_Build/eigen3/CMakeFiles/CMakeTmp/src.cxx
Linking CXX executable cmTC_e7182
/usr/bin/cmake -E cmake_link_script CMakeFiles/cmTC_e7182.dir/link.txt --verbose=1
/usr/bin/c++   -std=c++03 -pedantic -Wall -Wextra -Wundef -Wcast-align -Wchar-subscripts -Wnon-virtual-dtor -Wunused-local-typedefs -Wpointer-arith -Wwrite-strings -Wformat-security -Wlogical-op -Wdouble-promotion -Wshadow -Wno-psabi -Wno-variadic-macros -Wno-long-long -fno-check-new -fno-common -DCOMPILER_SUPPORT_fstrictaliasing -Werror    CMakeFiles/cmTC_e7182.dir/src.cxx.o  -o cmTC_e7182 
make[4]: Leaving directory '/home/alberto/Documents/Magnetic_Active_Radiation_Shielding/montecarlo_cpp/3rd_party_libraries/build/Main_Build/eigen3/CMakeFiles/CMakeTmp'
make[3]: Leaving directory '/home/alberto/Documents/Magnetic_Active_Radiation_Shielding/montecarlo_cpp/3rd_party_libraries/build/Main_Build/eigen3/CMakeFiles/CMakeTmp'

Source file was:
int main() { return 0; }
Performing C++ SOURCE FILE Test COMPILER_SUPPORT_ansi succeeded with the following output:
Change Dir: /home/alberto/Documents/Magnetic_Active_Radiation_Shielding/montecarlo_cpp/3rd_party_libraries/build/Main_Build/eigen3/CMakeFiles/CMakeTmp

Run Build Command:"/usr/bin/make" "cmTC_2b339/fast"
make[3]: Entering directory '/home/alberto/Documents/Magnetic_Active_Radiation_Shielding/montecarlo_cpp/3rd_party_libraries/build/Main_Build/eigen3/CMakeFiles/CMakeTmp'
/usr/bin/make -f CMakeFiles/cmTC_2b339.dir/build.make CMakeFiles/cmTC_2b339.dir/build
make[4]: Entering directory '/home/alberto/Documents/Magnetic_Active_Radiation_Shielding/montecarlo_cpp/3rd_party_libraries/build/Main_Build/eigen3/CMakeFiles/CMakeTmp'
Building CXX object CMakeFiles/cmTC_2b339.dir/src.cxx.o
/usr/bin/c++    -std=c++03 -pedantic -Wall -Wextra -Wundef -Wcast-align -Wchar-subscripts -Wnon-virtual-dtor -Wunused-local-typedefs -Wpointer-arith -Wwrite-strings -Wformat-security -Wlogical-op -Wdouble-promotion -Wshadow -Wno-psabi -Wno-variadic-macros -Wno-long-long -fno-check-new -fno-common -fstrict-aliasing -DCOMPILER_SUPPORT_ansi -Werror   -ansi -o CMakeFiles/cmTC_2b339.dir/src.cxx.o -c /home/alberto/Documents/Magnetic_Active_Radiation_Shielding/montecarlo_cpp/3rd_party_libraries/build/Main_Build/eigen3/CMakeFiles/CMakeTmp/src.cxx
Linking CXX executable cmTC_2b339
/usr/bin/cmake -E cmake_link_script CMakeFiles/cmTC_2b339.dir/link.txt --verbose=1
/usr/bin/c++   -std=c++03 -pedantic -Wall -Wextra -Wundef -Wcast-align -Wchar-subscripts -Wnon-virtual-dtor -Wunused-local-typedefs -Wpointer-arith -Wwrite-strings -Wformat-security -Wlogical-op -Wdouble-promotion -Wshadow -Wno-psabi -Wno-variadic-macros -Wno-long-long -fno-check-new -fno-common -fstrict-aliasing -DCOMPILER_SUPPORT_ansi -Werror    CMakeFiles/cmTC_2b339.dir/src.cxx.o  -o cmTC_2b339 
make[4]: Leaving directory '/home/alberto/Documents/Magnetic_Active_Radiation_Shielding/montecarlo_cpp/3rd_party_libraries/build/Main_Build/eigen3/CMakeFiles/CMakeTmp'
make[3]: Leaving directory '/home/alberto/Documents/Magnetic_Active_Radiation_Shielding/montecarlo_cpp/3rd_party_libraries/build/Main_Build/eigen3/CMakeFiles/CMakeTmp'

Source file was:
int main() { return 0; }
Performing C++ SOURCE FILE Test COMPILER_SUPPORT_OPENMP succeeded with the following output:
Change Dir: /home/alberto/Documents/Magnetic_Active_Radiation_Shielding/montecarlo_cpp/3rd_party_libraries/build/Main_Build/eigen3/CMakeFiles/CMakeTmp

Run Build Command:"/usr/bin/make" "cmTC_eb8cc/fast"
make[3]: Entering directory '/home/alberto/Documents/Magnetic_Active_Radiation_Shielding/montecarlo_cpp/3rd_party_libraries/build/Main_Build/eigen3/CMakeFiles/CMakeTmp'
/usr/bin/make -f CMakeFiles/cmTC_eb8cc.dir/build.make CMakeFiles/cmTC_eb8cc.dir/build
make[4]: Entering directory '/home/alberto/Documents/Magnetic_Active_Radiation_Shielding/montecarlo_cpp/3rd_party_libraries/build/Main_Build/eigen3/CMakeFiles/CMakeTmp'
Building CXX object CMakeFiles/cmTC_eb8cc.dir/src.cxx.o
/usr/bin/c++    -std=c++03 -pedantic -Wall -Wextra -Wundef -Wcast-align -Wchar-subscripts -Wnon-virtual-dtor -Wunused-local-typedefs -Wpointer-arith -Wwrite-strings -Wformat-security -Wlogical-op -Wdouble-promotion -Wshadow -Wno-psabi -Wno-variadic-macros -Wno-long-long -fno-check-new -fno-common -fstrict-aliasing -ansi -DCOMPILER_SUPPORT_OPENMP   -fopenmp -o CMakeFiles/cmTC_eb8cc.dir/src.cxx.o -c /home/alberto/Documents/Magnetic_Active_Radiation_Shielding/montecarlo_cpp/3rd_party_libraries/build/Main_Build/eigen3/CMakeFiles/CMakeTmp/src.cxx
Linking CXX executable cmTC_eb8cc
/usr/bin/cmake -E cmake_link_script CMakeFiles/cmTC_eb8cc.dir/link.txt --verbose=1
/usr/bin/c++   -std=c++03 -pedantic -Wall -Wextra -Wundef -Wcast-align -Wchar-subscripts -Wnon-virtual-dtor -Wunused-local-typedefs -Wpointer-arith -Wwrite-strings -Wformat-security -Wlogical-op -Wdouble-promotion -Wshadow -Wno-psabi -Wno-variadic-macros -Wno-long-long -fno-check-new -fno-common -fstrict-aliasing -ansi -DCOMPILER_SUPPORT_OPENMP    CMakeFiles/cmTC_eb8cc.dir/src.cxx.o  -o cmTC_eb8cc 
make[4]: Leaving directory '/home/alberto/Documents/Magnetic_Active_Radiation_Shielding/montecarlo_cpp/3rd_party_libraries/build/Main_Build/eigen3/CMakeFiles/CMakeTmp'
make[3]: Leaving directory '/home/alberto/Documents/Magnetic_Active_Radiation_Shielding/montecarlo_cpp/3rd_party_libraries/build/Main_Build/eigen3/CMakeFiles/CMakeTmp'

Source file was:
int main() { return 0; }
Determining if the Q_WS_X11 exist passed with the following output:
Change Dir: /home/alberto/Documents/Magnetic_Active_Radiation_Shielding/montecarlo_cpp/3rd_party_libraries/build/Main_Build/eigen3/CMakeFiles/CMakeTmp

Run Build Command:"/usr/bin/make" "cmTC_07406/fast"
make[3]: Entering directory '/home/alberto/Documents/Magnetic_Active_Radiation_Shielding/montecarlo_cpp/3rd_party_libraries/build/Main_Build/eigen3/CMakeFiles/CMakeTmp'
/usr/bin/make -f CMakeFiles/cmTC_07406.dir/build.make CMakeFiles/cmTC_07406.dir/build
make[4]: Entering directory '/home/alberto/Documents/Magnetic_Active_Radiation_Shielding/montecarlo_cpp/3rd_party_libraries/build/Main_Build/eigen3/CMakeFiles/CMakeTmp'
Building CXX object CMakeFiles/cmTC_07406.dir/CheckSymbolExists.cxx.o
/usr/bin/c++   -I/usr/include/qt4  -std=c++03 -pedantic -Wall -Wextra -Wundef -Wcast-align -Wchar-subscripts -Wnon-virtual-dtor -Wunused-local-typedefs -Wpointer-arith -Wwrite-strings -Wformat-security -Wlogical-op -Wdouble-promotion -Wshadow -Wno-psabi -Wno-variadic-macros -Wno-long-long -fno-check-new -fno-common -fstrict-aliasing -ansi    -o CMakeFiles/cmTC_07406.dir/CheckSymbolExists.cxx.o -c /home/alberto/Documents/Magnetic_Active_Radiation_Shielding/montecarlo_cpp/3rd_party_libraries/build/Main_Build/eigen3/CMakeFiles/CMakeTmp/CheckSymbolExists.cxx
Linking CXX executable cmTC_07406
/usr/bin/cmake -E cmake_link_script CMakeFiles/cmTC_07406.dir/link.txt --verbose=1
/usr/bin/c++   -std=c++03 -pedantic -Wall -Wextra -Wundef -Wcast-align -Wchar-subscripts -Wnon-virtual-dtor -Wunused-local-typedefs -Wpointer-arith -Wwrite-strings -Wformat-security -Wlogical-op -Wdouble-promotion -Wshadow -Wno-psabi -Wno-variadic-macros -Wno-long-long -fno-check-new -fno-common -fstrict-aliasing -ansi     CMakeFiles/cmTC_07406.dir/CheckSymbolExists.cxx.o  -o cmTC_07406 
make[4]: Leaving directory '/home/alberto/Documents/Magnetic_Active_Radiation_Shielding/montecarlo_cpp/3rd_party_libraries/build/Main_Build/eigen3/CMakeFiles/CMakeTmp'
make[3]: Leaving directory '/home/alberto/Documents/Magnetic_Active_Radiation_Shielding/montecarlo_cpp/3rd_party_libraries/build/Main_Build/eigen3/CMakeFiles/CMakeTmp'

File /home/alberto/Documents/Magnetic_Active_Radiation_Shielding/montecarlo_cpp/3rd_party_libraries/build/Main_Build/eigen3/CMakeFiles/CMakeTmp/CheckSymbolExists.cxx:
/* */
#include <QtCore/qglobal.h>

int main(int argc, char** argv)
{
  (void)argv;
#ifndef Q_WS_X11
  return ((int*)(&Q_WS_X11))[argc];
#else
  (void)argc;
  return 0;
#endif
}

Determining if the include file pthread.h exists passed with the following output:
Change Dir: /home/alberto/Documents/Magnetic_Active_Radiation_Shielding/montecarlo_cpp/3rd_party_libraries/build/Main_Build/eigen3/CMakeFiles/CMakeTmp

Run Build Command:"/usr/bin/make" "cmTC_70ed7/fast"
make[3]: Entering directory '/home/alberto/Documents/Magnetic_Active_Radiation_Shielding/montecarlo_cpp/3rd_party_libraries/build/Main_Build/eigen3/CMakeFiles/CMakeTmp'
/usr/bin/make -f CMakeFiles/cmTC_70ed7.dir/build.make CMakeFiles/cmTC_70ed7.dir/build
make[4]: Entering directory '/home/alberto/Documents/Magnetic_Active_Radiation_Shielding/montecarlo_cpp/3rd_party_libraries/build/Main_Build/eigen3/CMakeFiles/CMakeTmp'
Building C object CMakeFiles/cmTC_70ed7.dir/CheckIncludeFile.c.o
/usr/bin/cc    -o CMakeFiles/cmTC_70ed7.dir/CheckIncludeFile.c.o   -c /home/alberto/Documents/Magnetic_Active_Radiation_Shielding/montecarlo_cpp/3rd_party_libraries/build/Main_Build/eigen3/CMakeFiles/CMakeTmp/CheckIncludeFile.c
Linking C executable cmTC_70ed7
/usr/bin/cmake -E cmake_link_script CMakeFiles/cmTC_70ed7.dir/link.txt --verbose=1
/usr/bin/cc      CMakeFiles/cmTC_70ed7.dir/CheckIncludeFile.c.o  -o cmTC_70ed7 
make[4]: Leaving directory '/home/alberto/Documents/Magnetic_Active_Radiation_Shielding/montecarlo_cpp/3rd_party_libraries/build/Main_Build/eigen3/CMakeFiles/CMakeTmp'
make[3]: Leaving directory '/home/alberto/Documents/Magnetic_Active_Radiation_Shielding/montecarlo_cpp/3rd_party_libraries/build/Main_Build/eigen3/CMakeFiles/CMakeTmp'


Determining if the function pthread_create exists in the pthread passed with the following output:
Change Dir: /home/alberto/Documents/Magnetic_Active_Radiation_Shielding/montecarlo_cpp/3rd_party_libraries/build/Main_Build/eigen3/CMakeFiles/CMakeTmp

Run Build Command:"/usr/bin/make" "cmTC_818d5/fast"
make[3]: Entering directory '/home/alberto/Documents/Magnetic_Active_Radiation_Shielding/montecarlo_cpp/3rd_party_libraries/build/Main_Build/eigen3/CMakeFiles/CMakeTmp'
/usr/bin/make -f CMakeFiles/cmTC_818d5.dir/build.make CMakeFiles/cmTC_818d5.dir/build
make[4]: Entering directory '/home/alberto/Documents/Magnetic_Active_Radiation_Shielding/montecarlo_cpp/3rd_party_libraries/build/Main_Build/eigen3/CMakeFiles/CMakeTmp'
Building C object CMakeFiles/cmTC_818d5.dir/CheckFunctionExists.c.o
/usr/bin/cc   -DCHECK_FUNCTION_EXISTS=pthread_create   -o CMakeFiles/cmTC_818d5.dir/CheckFunctionExists.c.o   -c /usr/share/cmake-3.13/Modules/CheckFunctionExists.c
Linking C executable cmTC_818d5
/usr/bin/cmake -E cmake_link_script CMakeFiles/cmTC_818d5.dir/link.txt --verbose=1
/usr/bin/cc  -DCHECK_FUNCTION_EXISTS=pthread_create    CMakeFiles/cmTC_818d5.dir/CheckFunctionExists.c.o  -o cmTC_818d5 -lpthread 
make[4]: Leaving directory '/home/alberto/Documents/Magnetic_Active_Radiation_Shielding/montecarlo_cpp/3rd_party_libraries/build/Main_Build/eigen3/CMakeFiles/CMakeTmp'
make[3]: Leaving directory '/home/alberto/Documents/Magnetic_Active_Radiation_Shielding/montecarlo_cpp/3rd_party_libraries/build/Main_Build/eigen3/CMakeFiles/CMakeTmp'


