i,eV,x_0,y_0,z_0,v_x,v_y,v_z,hit_p,exp_eV
0,3.953070e+02,5.374109,5.834810,1.036315,-1.541695e+04,-1.673858e+04,-2.972924e+03,9.966305e-01,3.939751e+02
1,5.806647e+02,1.312008,6.641518,-4.262496,-4.561669e+03,-2.309164e+04,1.482011e+04,9.288542e-01,5.393528e+02
2,6.061848e+02,7.322249,-3.185409,-0.487684,-2.601188e+04,1.131599e+04,1.732470e+03,5.436802e-01,3.295707e+02
3,6.575414e+02,7.778017,1.716650,-0.745365,-2.877763e+04,-6.351377e+03,2.757751e+03,8.792147e-01,5.781200e+02
4,6.660599e+02,1.665659,0.080629,7.824262,-6.202509e+03,-3.002442e+02,-2.913565e+04,8.529485e-01,5.681148e+02
5,7.069909e+02,-0.671056,-1.599362,-7.809720,2.574486e+03,6.135901e+03,2.996174e+04,0.000000e+00,0.000000e+00
6,7.547882e+02,-6.981656,-1.192689,-3.719406,2.767551e+04,4.727858e+03,1.474385e+04,6.506511e-01,4.911038e+02
7,7.726052e+02,-1.641088,-5.182342,-5.869426,6.581657e+03,2.078402e+04,2.353960e+04,0.000000e+00,0.000000e+00
8,8.447669e+02,6.560286,2.016607,4.110467,-2.751160e+04,-8.456960e+03,-1.723790e+04,1.002833e+00,8.471602e+02
9,1.005827e+03,0.293739,-7.288808,3.284355,-1.344153e+03,3.335362e+04,-1.502922e+04,9.087211e-01,9.140166e+02
10,1.043527e+03,5.563296,-0.612415,-5.716177,-2.593036e+04,2.854446e+03,2.664294e+04,4.007083e-01,4.181498e+02
11,1.555161e+03,2.544165,1.250060,-7.480947,-1.447630e+04,-7.112845e+03,4.256660e+04,8.262386e-01,1.284934e+03
12,1.567457e+03,-7.351896,3.104337,0.559205,4.199734e+04,-1.773337e+04,-3.194433e+03,0.000000e+00,0.000000e+00
13,1.609307e+03,-0.622884,3.947690,6.930206,3.605383e+03,-2.285005e+04,-4.011347e+04,7.745082e-01,1.246421e+03
14,1.653881e+03,1.210798,-0.907235,7.855628,-7.104746e+03,5.323493e+03,-4.609541e+04,9.361408e-01,1.548265e+03
15,1.817863e+03,-6.738847,-0.191557,4.307116,4.145633e+04,1.178431e+03,-2.649670e+04,0.000000e+00,0.000000e+00
16,1.968406e+03,-2.248000,0.085118,7.677190,1.439058e+04,-5.448805e+02,-4.914556e+04,5.796062e-01,1.140900e+03
17,1.983195e+03,6.687549,3.341530,2.847957,-4.297090e+04,-2.147103e+04,-1.829957e+04,1.006477e+00,1.996041e+03
18,2.075243e+03,6.812767,-4.097687,0.891717,-4.477985e+04,2.693382e+04,-5.861195e+03,9.822091e-01,2.038322e+03
19,2.129978e+03,5.027028,1.636314,-6.004287,-3.347523e+04,-1.089629e+04,3.998284e+04,8.777737e-01,1.869638e+03
20,2.288254e+03,4.683261,4.704813,-4.464505,-3.232400e+04,-3.247276e+04,3.081414e+04,9.731101e-01,2.226723e+03
21,2.291882e+03,-4.172353,-4.417639,-5.203454,2.882052e+04,3.051484e+04,3.594285e+04,9.609273e-01,2.202332e+03
22,2.361777e+03,5.020097,-4.229411,4.572822,-3.520110e+04,2.965678e+04,-3.206479e+04,9.751932e-01,2.303189e+03
23,2.385101e+03,-3.708683,-0.310028,-7.081635,2.613351e+04,2.184632e+03,4.990127e+04,9.552351e-01,2.278332e+03
24,2.409518e+03,4.197759,-6.477876,2.101417,-2.973084e+04,4.587989e+04,-1.488339e+04,1.048936e+00,2.527430e+03
25,2.646355e+03,-4.164990,0.851143,6.777051,3.091453e+04,-6.317590e+03,-5.030248e+04,0.000000e+00,0.000000e+00
26,2.661357e+03,-0.746607,-0.360855,7.956907,5.557354e+03,2.686019e+03,-5.922711e+04,9.340564e-01,2.485858e+03
27,2.819485e+03,-5.686856,0.054309,-5.626431,4.356942e+04,-4.160872e+02,4.310648e+04,9.675185e-01,2.727904e+03
28,2.883225e+03,2.946127,-2.414342,-7.035005,-2.282525e+04,1.870521e+04,5.450400e+04,0.000000e+00,0.000000e+00
29,2.887212e+03,0.739100,3.100149,7.337766,-5.730169e+03,-2.403514e+04,-5.688894e+04,9.389580e-01,2.710971e+03
30,2.934782e+03,-1.186670,7.619905,2.128112,9.275609e+03,-5.956103e+04,-1.663440e+04,9.226561e-01,2.707795e+03
31,2.943867e+03,-1.367523,-5.301197,5.833283,1.070578e+04,4.150092e+04,-4.566641e+04,9.837830e-01,2.896127e+03
32,2.988106e+03,-2.925177,6.474259,-3.677949,2.307144e+04,-5.106375e+04,2.900870e+04,9.591084e-01,2.865917e+03
33,3.046530e+03,-3.138961,-6.819774,2.763622,2.499846e+04,5.431219e+04,-2.200929e+04,9.983662e-01,3.041552e+03
34,3.280400e+03,2.239337,2.983805,-7.076883,-1.850578e+04,-2.465804e+04,5.848306e+04,9.494210e-01,3.114481e+03
35,3.312331e+03,3.450468,-0.992849,7.149023,-2.865296e+04,8.244699e+03,-5.936605e+04,9.879303e-01,3.272352e+03
36,3.357766e+03,-6.581989,4.248959,-1.619805,5.503095e+04,-3.552486e+04,1.354293e+04,5.936118e-01,1.993209e+03
37,3.380461e+03,-0.972814,0.070325,-7.940320,8.160986e+03,-5.899638e+02,6.661172e+04,9.422838e-01,3.185353e+03
38,3.382641e+03,2.281723,6.986139,-3.160317,-1.914765e+04,-5.862594e+04,2.652060e+04,9.967839e-01,3.371762e+03
39,3.443755e+03,-2.697425,-3.774866,-6.517230,2.283969e+04,3.196262e+04,5.518281e+04,8.199494e-01,2.823705e+03
40,3.489562e+03,-4.715940,0.703502,6.423783,4.019559e+04,-5.996191e+03,-5.475213e+04,0.000000e+00,0.000000e+00
41,3.546020e+03,2.814009,-1.999630,7.216844,-2.417802e+04,1.718086e+04,-6.200726e+04,9.871502e-01,3.500454e+03
42,3.592259e+03,-2.377674,1.502366,-7.489297,2.056178e+04,-1.299224e+04,6.476637e+04,9.666410e-01,3.472425e+03
43,3.645444e+03,3.823259,6.212548,3.284347,-3.330685e+04,-5.412148e+04,-2.861205e+04,9.926450e-01,3.618632e+03
44,3.665464e+03,5.234348,5.945433,1.119563,-4.572479e+04,-5.193650e+04,-9.779978e+03,1.004772e+00,3.682957e+03
45,3.737019e+03,-1.628092,0.503105,-7.816406,1.436039e+04,-4.437577e+03,6.894368e+04,9.564304e-01,3.574199e+03
46,3.964314e+03,0.489114,2.204324,-7.674746,-4.443434e+03,-2.002553e+04,6.972246e+04,9.563748e-01,3.791370e+03
47,3.993406e+03,5.131721,-6.135392,-0.149679,-4.679069e+04,5.594210e+04,1.364761e+03,8.335857e-01,3.328847e+03
48,4.215865e+03,3.271781,-7.238734,0.946664,-3.065153e+04,6.781576e+04,-8.868778e+03,9.426373e-01,3.974031e+03
49,4.229189e+03,-2.812900,-3.100667,-6.817144,2.639414e+04,2.909433e+04,6.396696e+04,9.471966e-01,4.005874e+03
50,4.381224e+03,-0.337736,-1.090672,-7.918104,3.225522e+03,1.041637e+04,7.562120e+04,9.247841e-01,4.051686e+03
51,4.564576e+03,-1.954198,7.749167,-0.362658,1.904994e+04,-7.554051e+04,3.535270e+03,9.612957e-01,4.387907e+03
52,4.572019e+03,-2.594361,1.555754,-7.406006,2.531099e+04,-1.517818e+04,7.225414e+04,9.766105e-01,4.465082e+03
53,4.607372e+03,-0.791048,-6.182939,-5.014530,7.747362e+03,6.055448e+04,4.911131e+04,0.000000e+00,0.000000e+00
54,4.627053e+03,-0.129343,-0.461785,7.985614,1.269463e+03,4.532277e+03,-7.837638e+04,9.699628e-01,4.488069e+03
55,4.704066e+03,-1.607058,-0.254403,7.832793,1.590350e+04,2.517577e+03,-7.751362e+04,9.522526e-01,4.479459e+03
56,4.855156e+03,-6.710662,0.466956,-4.330008,6.746703e+04,-4.694637e+03,4.353264e+04,9.717892e-01,4.718188e+03
57,4.876974e+03,2.346184,-1.355214,-7.527205,-2.364078e+04,1.365550e+04,7.584617e+04,6.402972e-01,3.122713e+03
58,4.899904e+03,0.171423,0.205094,-7.995533,-1.731359e+03,-2.071431e+03,8.075434e+04,9.518601e-01,4.664023e+03
59,4.932465e+03,-7.536317,2.658624,-0.368302,7.636877e+04,-2.694099e+04,3.732166e+03,0.000000e+00,0.000000e+00
60,4.939193e+03,-4.242505,1.688195,-6.568953,4.302046e+04,-1.711887e+04,6.661144e+04,9.849286e-01,4.864752e+03
61,5.059700e+03,0.888879,3.604421,7.086469,-9.122829e+03,-3.699326e+04,-7.273056e+04,9.677798e-01,4.896675e+03
62,5.096660e+03,-0.016447,-0.014750,7.999969,1.694121e+02,1.519308e+02,-8.240543e+04,9.719244e-01,4.953568e+03
63,5.138674e+03,-1.097702,-7.655947,2.044880,1.135363e+04,7.918612e+04,-2.115037e+04,9.834026e-01,5.053385e+03
64,5.198561e+03,-1.661858,-3.564243,-6.966664,1.728862e+04,3.707947e+04,7.247548e+04,6.082628e-01,3.162091e+03
65,5.576440e+03,0.964335,-1.788357,7.737689,-1.039037e+04,1.926892e+04,-8.337089e+04,9.848227e-01,5.491804e+03
66,5.770743e+03,-3.414258,-3.616270,6.266214,3.742285e+04,3.963706e+04,-6.868245e+04,9.831102e-01,5.673276e+03
67,5.786211e+03,-1.004992,0.843995,-7.891620,1.103022e+04,-9.263210e+03,8.661397e+04,9.706476e-01,5.616372e+03
68,5.799511e+03,-0.750110,6.182916,5.020845,8.242242e+03,-6.793814e+04,-5.516926e+04,9.573802e-01,5.552337e+03
69,5.877247e+03,1.308996,-6.058709,5.057526,-1.447937e+04,6.701804e+04,-5.594352e+04,9.934302e-01,5.838635e+03
70,5.946882e+03,0.420072,0.029918,-7.988908,-4.674042e+03,-3.328946e+02,8.889078e+04,9.581959e-01,5.698278e+03
71,5.990526e+03,3.221498,-6.876726,2.516464,-3.597617e+04,7.679604e+04,-2.810269e+04,9.682505e-01,5.800330e+03
72,6.068968e+03,1.686799,3.409523,7.037746,-1.896031e+04,-3.832443e+04,-7.910713e+04,9.797252e-01,5.945920e+03
73,6.077921e+03,-0.113073,2.508694,7.595635,1.271924e+03,-2.821953e+04,-8.544099e+04,9.691760e-01,5.890575e+03
74,6.125355e+03,-3.185977,-3.600874,-6.394002,3.597766e+04,4.066288e+04,7.220430e+04,9.742987e-01,5.967925e+03
75,6.258777e+03,0.134997,-7.306129,-3.256110,-1.540971e+03,8.339822e+04,3.716794e+04,0.000000e+00,0.000000e+00
76,6.290318e+03,-5.495286,-3.899235,4.312516,6.288561e+04,4.462111e+04,-4.935052e+04,9.310906e-01,5.856856e+03
77,6.362159e+03,5.899259,5.363641,-0.655813,-6.789290e+04,-6.172863e+04,7.547564e+03,1.005152e+00,6.394938e+03
78,6.369799e+03,-5.470164,-3.375278,-4.762857,6.299236e+04,3.886844e+04,5.484728e+04,9.995290e-01,6.366800e+03
79,6.392937e+03,1.791848,2.890808,-7.241030,-2.067169e+04,-3.334987e+04,8.353629e+04,9.768555e-01,6.244976e+03
80,6.444591e+03,-6.277609,-2.342218,4.371000,7.271376e+04,2.712999e+04,-5.062945e+04,1.201491e-03,7.743118e+00
81,6.541356e+03,-7.571935,-1.372965,-2.186496,8.836198e+04,1.602205e+04,2.551568e+04,9.589744e-01,6.272993e+03
82,6.603650e+03,-6.661879,3.091605,3.171963,7.811122e+04,-3.624939e+04,-3.719160e+04,0.000000e+00,0.000000e+00
83,6.620066e+03,-7.093849,2.460385,2.761125,8.327944e+04,-2.888410e+04,-3.241469e+04,0.000000e+00,0.000000e+00
84,6.649834e+03,5.047648,2.703662,5.586722,-5.939079e+04,-3.181138e+04,-6.573355e+04,1.001481e+00,6.659685e+03
85,6.695721e+03,-2.693025,-5.388481,-5.264209,3.179535e+04,6.361941e+04,6.215219e+04,7.996156e-01,5.354003e+03
86,6.726966e+03,1.405850,-0.508605,-7.859065,-1.663694e+04,6.018870e+03,9.300476e+04,9.459421e-01,6.363321e+03
87,6.757302e+03,-6.778969,1.720845,-3.883848,8.040350e+04,-2.041047e+04,4.606526e+04,9.723570e-01,6.570510e+03
88,6.790927e+03,-2.867758,-2.242981,7.123552,3.409822e+04,2.666949e+04,-8.470047e+04,9.746797e-01,6.618978e+03
89,6.822855e+03,-4.435973,6.632806,-0.572730,5.286846e+04,-7.905058e+04,6.825864e+03,9.437699e-01,6.439205e+03
90,6.886209e+03,7.174651,0.675956,-3.473826,-8.590442e+04,-8.093440e+03,4.159325e+04,9.683353e-01,6.668159e+03
91,6.933633e+03,0.652891,-0.370514,-7.964700,-7.844145e+03,4.451536e+03,9.569176e+04,9.598556e-01,6.655286e+03
92,6.958370e+03,4.411012,-6.581352,1.108505,-5.309048e+04,7.921247e+04,-1.334186e+04,9.492317e-01,6.605106e+03
93,7.001234e+03,6.306729,0.880756,-4.842462,-7.614057e+04,-1.063329e+04,5.846261e+04,9.620028e-01,6.735207e+03
94,7.040012e+03,-5.186367,2.181230,-5.687163,6.278771e+04,-2.640662e+04,6.885050e+04,9.901221e-01,6.970472e+03
95,7.066349e+03,-1.870345,-5.265476,-5.725083,2.268527e+04,6.386455e+04,6.943909e+04,3.773764e-01,2.666673e+03
96,7.206553e+03,1.986786,0.053116,7.749185,-2.433546e+04,-6.505976e+02,-9.491710e+04,9.897252e-01,7.132507e+03
97,7.287318e+03,4.692670,-3.262897,-5.597531,-5.780009e+04,4.018943e+04,6.894535e+04,0.000000e+00,0.000000e+00
98,7.477910e+03,7.980185,0.318147,-0.464153,-9.956982e+04,-3.969561e+03,5.791294e+03,9.880877e-01,7.388831e+03
99,7.484121e+03,-4.827378,-1.370395,6.230444,6.025685e+04,1.710571e+04,-7.777035e+04,2.216322e-01,1.658722e+03
100,7.514040e+03,-4.424523,-4.529245,-4.889738,5.533856e+04,5.664834e+04,6.115712e+04,9.968724e-01,7.490539e+03
101,7.581492e+03,-1.392431,7.228067,3.133078,1.749346e+04,-9.080802e+04,-3.936164e+04,9.693726e-01,7.349290e+03
102,7.641777e+03,-0.945930,2.381757,7.578420,1.193111e+04,-3.004134e+04,-9.558737e+04,9.705237e-01,7.416525e+03
103,7.688934e+03,0.223793,-1.364099,7.879667,-2.831424e+03,1.725852e+04,-9.969321e+04,9.870519e-01,7.589377e+03
104,7.780722e+03,3.434875,5.433143,4.762624,-4.371651e+04,-6.914898e+04,-6.061511e+04,9.961670e-01,7.750898e+03
105,7.870720e+03,-7.906715,1.109872,-0.502035,1.012111e+05,-1.420708e+04,6.426377e+03,2.453902e-01,1.931398e+03
106,7.879360e+03,2.340350,3.234511,-6.932582,-2.997444e+04,-4.142655e+04,8.879022e+04,9.842551e-01,7.755300e+03
107,7.917723e+03,-6.093188,-3.239718,4.046886,7.822929e+04,4.159413e+04,-5.195721e+04,7.848642e-01,6.214337e+03
108,7.923192e+03,0.041514,-0.003429,7.999892,-5.331722e+02,4.404201e+01,-1.027446e+05,9.838724e-01,7.795409e+03
109,7.947714e+03,7.860149,1.466440,0.260035,-1.011059e+05,-1.886297e+04,-3.344861e+03,9.978440e-01,7.930579e+03
110,8.046113e+03,-0.550954,-7.929012,-0.909513,7.130719e+03,1.026211e+05,1.177135e+04,9.273605e-01,7.461648e+03
111,8.081367e+03,3.203255,3.104439,6.640905,-4.154881e+04,-4.026709e+04,-8.613791e+04,9.942827e-01,8.035163e+03
112,8.087966e+03,-2.323846,-2.026162,7.382033,3.015446e+04,2.629169e+04,-9.579002e+04,9.848282e-01,7.965256e+03
113,8.092847e+03,3.734379,-1.109701,-6.987344,-4.847231e+04,1.440394e+04,9.069586e+04,8.911259e-01,7.211746e+03
114,8.109508e+03,-0.440126,7.762579,1.883789,5.718727e+03,-1.008621e+05,-2.447677e+04,9.824784e-01,7.967416e+03
115,8.170268e+03,4.378848,-3.269945,-5.842358,-5.710875e+04,4.264649e+04,7.619579e+04,0.000000e+00,0.000000e+00
116,8.247261e+03,-6.627478,2.068489,-3.974655,8.684161e+04,-2.710395e+04,5.208096e+04,9.805883e-01,8.087167e+03
117,8.343190e+03,1.988965,7.659000,-1.176326,-2.621306e+04,-1.009399e+05,1.550309e+04,1.000503e+00,8.347386e+03
118,8.376749e+03,3.506436,6.987178,1.698310,-4.630505e+04,-9.227078e+04,-2.242742e+04,1.001152e+00,8.386400e+03
119,8.378576e+03,-1.508694,-3.636781,-6.964027,1.992558e+04,4.803159e+04,9.197508e+04,7.518263e-01,6.299234e+03
120,8.389462e+03,1.970158,-0.333063,7.746454,-2.603712e+04,4.401683e+03,-1.023752e+05,9.924921e-01,8.326475e+03
121,8.473941e+03,0.689484,-5.617458,5.654094,-9.157808e+03,7.461175e+04,-7.509836e+04,9.976571e-01,8.454087e+03
122,8.475117e+03,0.679332,-5.629297,-5.643539,-9.023592e+03,7.477418e+04,7.496336e+04,0.000000e+00,0.000000e+00
123,8.575830e+03,-0.379665,-0.829249,7.947842,5.072988e+03,1.108020e+04,-1.061969e+05,9.863342e-01,8.458635e+03
124,8.615704e+03,1.256900,6.985722,-3.690514,-1.683336e+04,-9.355809e+04,4.942616e+04,1.001183e+00,8.625893e+03
125,8.696102e+03,-3.704815,3.873121,5.939132,4.984866e+04,-5.211323e+04,-7.991162e+04,1.455665e-02,1.265861e+02
126,8.708385e+03,1.939804,3.324092,7.013385,-2.611869e+04,-4.475757e+04,-9.443243e+04,9.888617e-01,8.611388e+03
127,8.730737e+03,-0.668273,-1.082773,-7.898165,9.009570e+03,1.459780e+04,1.064820e+05,9.752142e-01,8.514339e+03
128,8.774707e+03,-0.326553,-0.310716,7.987291,4.413614e+03,4.199567e+03,-1.079544e+05,9.857108e-01,8.649323e+03
129,8.887708e+03,-0.236139,-1.322175,7.886450,3.212091e+03,1.798492e+04,-1.072756e+05,9.883700e-01,8.784344e+03
130,9.000901e+03,-1.619242,-0.196034,7.831962,2.216560e+04,2.683490e+03,-1.072107e+05,9.816595e-01,8.835820e+03
131,9.056857e+03,6.803295,-0.982203,4.092733,-9.341846e+04,1.348698e+04,-5.619876e+04,1.002336e+00,9.078012e+03
132,9.072962e+03,-0.173309,-4.098469,6.868225,2.381877e+03,5.632755e+04,-9.439385e+04,9.951709e-01,9.029148e+03
133,9.100269e+03,5.337228,-2.123817,5.568070,-7.346280e+04,2.923270e+04,-7.664017e+04,1.002196e+00,9.120253e+03
134,9.125559e+03,2.746156,2.706712,7.009446,-3.785119e+04,-3.730753e+04,-9.661357e+04,9.936870e-01,9.067949e+03
135,9.174253e+03,5.784728,4.497865,3.210316,-7.994531e+04,-6.216078e+04,-4.436677e+04,1.005461e+00,9.224352e+03
136,9.242861e+03,-3.623317,6.871674,-1.910933,5.026136e+04,-9.532140e+04,2.650777e+04,9.819813e-01,9.076316e+03
137,9.395760e+03,0.335329,-6.466532,-4.698034,-4.689881e+03,9.044031e+04,6.570626e+04,0.000000e+00,0.000000e+00
138,9.406981e+03,6.667964,-2.873476,3.358778,-9.331319e+04,4.021216e+04,-4.700360e+04,9.963391e-01,9.372542e+03
139,9.564737e+03,-5.267370,1.527715,5.824165,7.432844e+04,-2.155775e+04,-8.218544e+04,0.000000e+00,0.000000e+00
140,9.591368e+03,-5.566107,2.988485,4.907893,7.865322e+04,-4.222950e+04,-6.935216e+04,0.000000e+00,0.000000e+00
141,9.649832e+03,1.670856,7.793192,-0.688766,-2.368228e+04,-1.104587e+05,9.762390e+03,9.998297e-01,9.648188e+03
142,9.653515e+03,4.123892,-4.758839,-4.934265,-5.846213e+04,6.746342e+04,6.995035e+04,0.000000e+00,0.000000e+00
143,9.671792e+03,-5.880614,5.329272,1.008581,8.344510e+04,-7.562163e+04,-1.431162e+04,3.691958e-01,3.570785e+03
144,9.687885e+03,0.022812,-0.077874,7.999588,-3.239655e+02,1.105945e+03,-1.136074e+05,9.878628e-01,9.570301e+03
145,9.694797e+03,-2.262729,-3.809050,6.661171,3.214598e+04,5.411413e+04,-9.463343e+04,9.945164e-01,9.641635e+03
146,9.746798e+03,0.898578,1.006916,-7.885346,-1.280004e+04,-1.434329e+04,1.123250e+05,9.781550e-01,9.533880e+03
147,9.764768e+03,-5.581992,-4.386361,3.687981,7.958749e+04,6.254031e+04,-5.258287e+04,9.918496e-01,9.685181e+03
148,9.877845e+03,-3.970780,-0.241261,-6.940799,5.694186e+04,3.459733e+03,9.953258e+04,9.942849e-01,9.821393e+03
149,9.944176e+03,-3.505684,6.430856,-3.217805,5.044079e+04,-9.252899e+04,4.629870e+04,9.894250e-01,9.839016e+03
150,9.965193e+03,5.165588,1.375553,-5.951853,-7.440246e+04,-1.981276e+04,8.572741e+04,9.751793e-01,9.717850e+03
151,1.000442e+04,-5.071835,-0.618175,6.155839,7.319573e+04,8.921382e+03,-8.883987e+04,0.000000e+00,0.000000e+00
152,1.001217e+04,5.404407,3.381950,-4.832680,-7.802553e+04,-4.882653e+04,6.977128e+04,9.921545e-01,9.933614e+03
153,1.001919e+04,-0.548850,7.402680,2.983136,7.926736e+03,-1.069129e+05,-4.308381e+04,9.839327e-01,9.858211e+03
154,1.007534e+04,0.868495,7.915798,0.765414,-1.257830e+04,-1.146434e+05,-1.108539e+04,9.950797e-01,1.002577e+04
155,1.009120e+04,0.850194,-0.122427,7.953753,-1.232294e+04,1.774490e+03,-1.152838e+05,9.908150e-01,9.998515e+03
156,1.009377e+04,7.520041,1.514936,-2.270232,-1.090113e+05,-2.196067e+04,3.290952e+04,9.909807e-01,1.000273e+04
157,1.011912e+04,-3.810239,6.974450,-0.916042,5.530294e+04,-1.012292e+05,1.329570e+04,9.783188e-01,9.899724e+03
158,1.014699e+04,-0.682417,0.472718,-7.956811,9.918433e+03,-6.870617e+03,1.156464e+05,9.831139e-01,9.975645e+03
159,1.021728e+04,2.420279,-2.659374,7.146326,-3.529861e+04,3.878570e+04,-1.042258e+05,9.989137e-01,1.020618e+04
160,1.032767e+04,-1.086357,-1.305200,-7.817690,1.592936e+04,1.913828e+04,1.146316e+05,9.822626e-01,1.014448e+04
161,1.033594e+04,3.112701,-7.142885,-1.813914,-4.566013e+04,1.047788e+05,2.660826e+04,3.557736e-01,3.677256e+03
162,1.044770e+04,3.532770,-1.265604,7.065252,-5.210153e+04,1.866521e+04,-1.041988e+05,1.000441e+00,1.045231e+04
163,1.045562e+04,-1.325689,1.987725,7.634887,1.955875e+04,-2.932620e+04,-1.126425e+05,9.790398e-01,1.023647e+04
164,1.055007e+04,3.442712,0.487875,-7.204840,-5.102146e+04,-7.230373e+03,1.067767e+05,9.707194e-01,1.024115e+04
165,1.059429e+04,-2.965848,-5.778083,-4.670921,4.404629e+04,8.581126e+04,6.936862e+04,9.516597e-01,1.008216e+04
166,1.064683e+04,2.524196,6.615119,3.724062,-3.758011e+04,-9.848556e+04,-5.544365e+04,9.967569e-01,1.061231e+04
167,1.083488e+04,3.253195,3.968374,6.137486,-4.885925e+04,-5.960042e+04,-9.217799e+04,9.974305e-01,1.080704e+04
168,1.083978e+04,-0.566991,-0.340221,7.972626,8.517487e+03,5.110882e+03,-1.197668e+05,9.891262e-01,1.072191e+04
169,1.085549e+04,0.149098,-1.918530,7.765115,-2.241413e+03,2.884151e+04,-1.167340e+05,9.931950e-01,1.078162e+04
170,1.091109e+04,6.969729,-3.523550,1.734205,-1.050448e+05,5.310547e+04,-2.613721e+04,9.881351e-01,1.078164e+04
171,1.091618e+04,3.711637,-6.627020,-2.511247,-5.595326e+04,9.990294e+04,3.785728e+04,0.000000e+00,0.000000e+00
172,1.100950e+04,-3.856612,-0.470881,6.993198,5.838676e+04,7.128850e+03,-1.058728e+05,7.891966e-01,8.688660e+03
173,1.102592e+04,-7.107808,-3.585696,-0.788571,1.076881e+05,5.432571e+04,1.194739e+04,9.982619e-01,1.100675e+04
174,1.106734e+04,-3.936734,-6.856639,-1.220096,5.975612e+04,1.040777e+05,1.851998e+04,1.000419e+00,1.107198e+04
175,1.120721e+04,-3.844038,-6.785346,-1.783942,5.871663e+04,1.036443e+05,2.724922e+04,9.986491e-01,1.119207e+04
176,1.121178e+04,-7.462068,2.883449,-0.057170,1.140042e+05,-4.405287e+04,8.734289e+02,8.166717e-02,9.156339e+02
177,1.124746e+04,7.823438,1.576964,-0.554071,-1.197153e+05,-2.413091e+04,8.478472e+03,9.983912e-01,1.122936e+04
178,1.129583e+04,2.579255,0.577544,7.550754,-3.955287e+04,-8.856644e+03,-1.157908e+05,9.968507e-01,1.126026e+04
179,1.130559e+04,-7.122436,-2.405076,-2.736148,1.092697e+05,3.689776e+04,4.197694e+04,9.989982e-01,1.129426e+04
180,1.133623e+04,1.102864,-7.916546,0.334641,-1.694264e+04,1.216171e+05,-5.140896e+03,9.681173e-01,1.097480e+04
181,1.144481e+04,-2.613075,-7.553984,0.330414,4.033489e+04,1.166017e+05,-5.100199e+03,9.969326e-01,1.140971e+04
182,1.145343e+04,-1.502766,-5.922363,5.164040,2.320512e+04,9.145082e+04,-7.974108e+04,9.998867e-01,1.145214e+04
183,1.147582e+04,-1.497277,7.821302,-0.765115,2.314294e+04,-1.208914e+05,1.182615e+04,9.915845e-01,1.137924e+04
184,1.152314e+04,0.698623,7.595753,-2.411734,-1.082064e+04,-1.176470e+05,3.735420e+04,1.000756e+00,1.153185e+04
185,1.160250e+04,3.737721,-2.047118,-6.770432,-5.809081e+04,3.181584e+04,1.052245e+05,6.833823e-01,7.928946e+03
186,1.163699e+04,0.307098,2.464520,-7.604724,-4.779942e+03,-3.835989e+04,1.183664e+05,9.904578e-01,1.152595e+04
187,1.167688e+04,-0.927665,-1.302713,-7.838519,1.446370e+04,2.031126e+04,1.222143e+05,9.841927e-01,1.149230e+04
188,1.172556e+04,0.752094,-0.923614,-7.910834,-1.175070e+04,1.443053e+04,1.235987e+05,9.741788e-01,1.142280e+04
189,1.180172e+04,4.608779,4.491541,-4.752390,-7.224092e+04,-7.040326e+04,7.449196e+04,9.988649e-01,1.178833e+04
190,1.181655e+04,1.924504,1.546566,7.609495,-3.018484e+04,-2.425707e+04,-1.193509e+05,9.943314e-01,1.174956e+04
191,1.185049e+04,-3.090432,4.573565,-5.790659,4.854137e+04,-7.183690e+04,9.095379e+04,9.982582e-01,1.182985e+04
192,1.188674e+04,-3.785099,6.808027,-1.823126,5.954335e+04,-1.070970e+05,2.867958e+04,9.867451e-01,1.172918e+04
193,1.194980e+04,0.189435,0.615520,-7.974036,-2.987893e+03,-9.708383e+03,1.257718e+05,9.839613e-01,1.175814e+04
194,1.196595e+04,-4.595798,0.235815,-6.543931,7.253691e+04,-3.721947e+03,1.032849e+05,9.979620e-01,1.194156e+04
195,1.199057e+04,1.945146,3.047247,7.136574,-3.073243e+04,-4.814512e+04,-1.127546e+05,9.936270e-01,1.191416e+04
196,1.218040e+04,-5.687188,5.299866,1.888731,9.056346e+04,-8.439569e+04,-3.007637e+04,1.011087e-01,1.231544e+03
197,1.225360e+04,-0.873270,-1.222746,7.857626,1.394778e+04,1.952958e+04,-1.255012e+05,9.921255e-01,1.215711e+04
198,1.225978e+04,1.955079,-1.464903,-7.617856,-3.123420e+04,2.340319e+04,1.217023e+05,9.220388e-01,1.130399e+04
199,1.228595e+04,0.376154,0.692406,7.961098,-6.015826e+03,-1.107362e+04,-1.273216e+05,9.912685e-01,1.217867e+04
200,1.236505e+04,-6.059473,-0.851309,5.153452,9.722042e+04,1.365872e+04,-8.268388e+04,0.000000e+00,0.000000e+00
201,1.237269e+04,-3.809684,-2.313621,-6.643303,6.114284e+04,3.713204e+04,1.066205e+05,9.966585e-01,1.233134e+04
202,1.237668e+04,7.203019,-2.858607,-1.986172,-1.156222e+05,4.588611e+04,3.188185e+04,9.696720e-01,1.200132e+04
203,1.240937e+04,3.286179,-3.055602,6.623015,-5.281907e+04,4.911298e+04,-1.064524e+05,1.001599e+00,1.242921e+04
204,1.242102e+04,-0.352280,-1.780937,7.791288,5.664883e+03,2.863861e+04,-1.252889e+05,9.937520e-01,1.234341e+04
205,1.242564e+04,1.615382,-1.535002,7.683379,-2.598122e+04,2.468840e+04,-1.235766e+05,9.972882e-01,1.239195e+04
206,1.243970e+04,-5.913534,3.407758,-4.173404,9.516488e+04,-5.484012e+04,6.716145e+04,9.915179e-01,1.233419e+04
207,1.247185e+04,2.046017,-4.891914,-5.990241,-3.296851e+04,7.882590e+04,9.652379e+04,0.000000e+00,0.000000e+00
208,1.249173e+04,6.362149,-4.838131,0.339926,-1.025982e+05,7.802136e+04,-5.481763e+03,9.755405e-01,1.218619e+04
209,1.250966e+04,-4.775571,4.628750,-4.446190,7.706775e+04,-7.469836e+04,7.175223e+04,9.939875e-01,1.243444e+04
210,1.254976e+04,7.068539,3.704118,0.561486,-1.142542e+05,-5.987248e+04,-9.075733e+03,1.005233e+00,1.261543e+04
211,1.268951e+04,0.045545,0.603886,-7.977045,-7.402603e+02,-9.815271e+03,1.296549e+05,9.855969e-01,1.250674e+04
212,1.269274e+04,-3.043305,-6.595860,3.351557,4.947067e+04,1.072195e+05,-5.448149e+04,1.002683e+00,1.272679e+04
213,1.281006e+04,0.502892,-1.760744,7.787611,-8.212492e+03,2.875388e+04,-1.271758e+05,9.954614e-01,1.275192e+04
214,1.284304e+04,-7.958959,0.809253,0.008612,1.301412e+05,-1.323253e+04,-1.408229e+02,2.898006e-01,3.721920e+03
215,1.287082e+04,3.235410,-1.452446,7.170950,-5.296110e+04,2.377539e+04,-1.173828e+05,1.001013e+00,1.288385e+04
216,1.288123e+04,6.713295,3.708374,2.275879,-1.099358e+05,-6.072770e+04,-3.726940e+04,1.006153e+00,1.296048e+04
217,1.291766e+04,4.538790,-1.069774,6.500382,-7.443148e+04,1.754319e+04,-1.065996e+05,1.003070e+00,1.295732e+04
218,1.293590e+04,2.573490,7.336695,-1.884157,-4.223237e+04,-1.203991e+05,3.092004e+04,1.003800e+00,1.298505e+04
219,1.302881e+04,-6.288199,-3.754896,3.218589,1.035627e+05,6.184078e+04,-5.300814e+04,9.726755e-01,1.267281e+04
220,1.309995e+04,-2.914532,-2.121245,7.141836,4.813138e+04,3.503082e+04,-1.179422e+05,9.924215e-01,1.300067e+04
221,1.318255e+04,7.626264,-0.220451,2.406555,-1.263386e+05,3.652053e+03,-3.986760e+04,1.001992e+00,1.320881e+04
222,1.325539e+04,3.124006,-6.690369,3.078888,-5.189586e+04,1.111401e+05,-5.114636e+04,9.926437e-01,1.315788e+04
223,1.331535e+04,-7.109834,0.908231,-3.553221,1.183751e+05,-1.512158e+04,5.915933e+04,9.915014e-01,1.320219e+04
224,1.331747e+04,2.187449,-6.873847,3.459088,-3.642282e+04,1.144552e+05,-5.759665e+04,9.953592e-01,1.325567e+04
225,1.333985e+04,-1.777196,3.035171,7.185354,2.961663e+04,-5.058052e+04,-1.197425e+05,9.759913e-01,1.301958e+04
226,1.336401e+04,-3.334252,-5.791020,4.398506,5.561494e+04,9.659356e+04,-7.336658e+04,1.001999e+00,1.339072e+04
227,1.341674e+04,-1.576694,-1.179938,-7.753824,2.635090e+04,1.972001e+04,1.295878e+05,9.898879e-01,1.328106e+04
228,1.354719e+04,-5.870558,-0.611979,5.400188,9.858902e+04,1.027746e+04,-9.068973e+04,0.000000e+00,0.000000e+00
229,1.358092e+04,3.660068,-6.310564,-3.283395,-6.154296e+04,1.061103e+05,5.520932e+04,0.000000e+00,0.000000e+00
230,1.359161e+04,-3.632833,0.980451,7.059833,6.110906e+04,-1.649248e+04,-1.187557e+05,7.092992e-01,9.640520e+03
231,1.373216e+04,-2.420990,-4.151399,-6.395677,4.093428e+04,7.019216e+04,1.081386e+05,9.642269e-01,1.324092e+04
232,1.374947e+04,-1.626413,6.564361,4.273634,2.751683e+04,-1.110606e+05,-7.230443e+04,9.832804e-01,1.351958e+04
233,1.378121e+04,-1.025773,-5.226421,5.969281,1.737479e+04,8.852637e+04,-1.011091e+05,9.998391e-01,1.377899e+04
234,1.382433e+04,-1.287214,1.314030,7.785654,2.183722e+04,-2.229215e+04,-1.320814e+05,9.886826e-01,1.366787e+04
235,1.382770e+04,-7.102676,-3.136467,1.927320,1.205096e+05,5.321578e+04,-3.270044e+04,9.412550e-01,1.301540e+04
236,1.385972e+04,-1.926773,6.949773,3.462399,3.272898e+04,-1.180518e+05,-5.881376e+04,9.833564e-01,1.362904e+04
237,1.386883e+04,-6.724679,-4.233269,0.926353,1.142658e+05,7.193172e+04,-1.574059e+04,1.000653e+00,1.387788e+04
238,1.389111e+04,1.187257,-0.432062,7.899604,-2.019007e+04,7.347489e+03,-1.343379e+05,9.959867e-01,1.383536e+04
239,1.394844e+04,-2.727642,-1.877026,-7.282633,4.648094e+04,3.198584e+04,1.241012e+05,9.942374e-01,1.386806e+04
240,1.395250e+04,3.166322,2.442675,-6.928762,-5.396419e+04,-4.163094e+04,1.180881e+05,9.893849e-01,1.380439e+04
241,1.398824e+04,-0.258123,-0.398901,7.985878,4.404873e+03,6.807252e+03,-1.362790e+05,9.932739e-01,1.389415e+04
242,1.411309e+04,2.717930,7.501813,-0.579366,-4.658799e+04,-1.285884e+05,9.930911e+03,1.003494e+00,1.416240e+04
243,1.413167e+04,-0.739148,-3.847785,-6.974827,1.267806e+04,6.599822e+04,1.196341e+05,4.952932e-01,6.999323e+03
244,1.418370e+04,-3.865412,-6.081415,-3.474909,6.642250e+04,1.045019e+05,5.971217e+04,9.980008e-01,1.415535e+04
245,1.419682e+04,-6.637783,-1.478300,4.213605,1.141151e+05,2.541456e+04,-7.243927e+04,0.000000e+00,0.000000e+00
246,1.422364e+04,-5.714159,2.164523,5.163644,9.832918e+04,-3.724709e+04,-8.885593e+04,0.000000e+00,0.000000e+00
247,1.426164e+04,2.913773,2.642569,-6.966115,-5.020710e+04,-4.553398e+04,1.200328e+05,9.908935e-01,1.413176e+04
248,1.427155e+04,-3.956976,6.894140,-0.901761,6.820616e+04,-1.188339e+05,1.554360e+04,9.864941e-01,1.407880e+04
249,1.437564e+04,5.006809,-2.360250,5.775905,-8.661625e+04,4.083159e+04,-9.992136e+04,1.003396e+00,1.442446e+04
250,1.439268e+04,-4.599614,-3.199236,5.710380,7.961901e+04,5.537857e+04,-9.884631e+04,9.871141e-01,1.420721e+04
251,1.456877e+04,1.307779,3.718623,-6.961433,-2.277563e+04,-6.476171e+04,1.212369e+05,9.969279e-01,1.452402e+04
252,1.460144e+04,-4.907418,-4.800223,-4.107932,8.556096e+04,8.369200e+04,7.162189e+04,1.003142e+00,1.464732e+04
253,1.472521e+04,1.962169,-2.056008,7.478150,-3.435515e+04,3.599816e+04,-1.309332e+05,9.997995e-01,1.472226e+04
254,1.475340e+04,-3.547655,-7.079408,1.138476,6.217448e+04,1.240703e+05,-1.995238e+04,1.003440e+00,1.480415e+04
255,1.475806e+04,3.445595,0.708343,-7.185132,-6.039536e+04,-1.241603e+04,1.259430e+05,9.816111e-01,1.448668e+04
256,1.481997e+04,-0.791340,-1.271991,7.858487,1.389989e+04,2.234252e+04,-1.380344e+05,9.945582e-01,1.473932e+04
257,1.491288e+04,-0.775773,4.138291,6.802406,1.366910e+04,-7.291661e+04,-1.198583e+05,9.881667e-01,1.473641e+04
258,1.492760e+04,6.112235,-4.604543,-2.332116,-1.077506e+05,8.117199e+04,4.111211e+04,9.414185e-01,1.405312e+04
259,1.497511e+04,-2.832839,-7.279131,-1.728952,5.001860e+04,1.285255e+05,3.052759e+04,9.938535e-01,1.488306e+04
260,1.500774e+04,-4.368329,1.906569,6.425162,7.721428e+04,-3.370038e+04,-1.135707e+05,0.000000e+00,0.000000e+00
261,1.501703e+04,-0.780684,5.499524,5.757236,1.380358e+04,-9.723929e+04,-1.017960e+05,9.879767e-01,1.483648e+04
262,1.507311e+04,-0.956726,0.139527,-7.941361,1.694781e+04,-2.471630e+03,1.406763e+05,9.905217e-01,1.493024e+04
263,1.511575e+04,1.027145,4.945784,-6.203563,-1.822097e+04,-8.773537e+04,1.100476e+05,1.000849e+00,1.512859e+04
264,1.512861e+04,7.544232,-1.934260,-1.828443,-1.338872e+05,3.432725e+04,3.244932e+04,9.824169e-01,1.486260e+04
265,1.516141e+04,5.511253,5.798614,-0.046589,-9.791399e+04,-1.030193e+05,8.277168e+02,1.005957e+00,1.525172e+04
266,1.517870e+04,-2.906038,-0.092404,7.452946,5.165868e+04,1.642606e+03,-1.324860e+05,9.736026e-01,1.477802e+04
267,1.518097e+04,-3.657629,-6.546063,2.787617,6.502406e+04,1.163736e+05,-4.955727e+04,1.003929e+00,1.524061e+04
268,1.520821e+04,1.475687,-2.640992,7.405910,-2.625778e+04,4.699273e+04,-1.317778e+05,9.997244e-01,1.520402e+04
269,1.527648e+04,-2.187607,-2.935659,-7.113106,3.901267e+04,5.235305e+04,1.268515e+05,9.903215e-01,1.512863e+04
270,1.534529e+04,5.712046,4.463137,3.384218,-1.020949e+05,-7.977238e+04,-6.048820e+04,1.005594e+00,1.543114e+04
271,1.535508e+04,-1.488819,-7.598080,-2.013106,2.661906e+04,1.358484e+05,3.599294e+04,9.665866e-01,1.484202e+04
272,1.543845e+04,2.232571,3.382729,6.897302,-4.002504e+04,-6.064482e+04,-1.236533e+05,9.971086e-01,1.539381e+04
273,1.545521e+04,-1.324354,-2.458209,-7.496886,2.375561e+04,4.409415e+04,1.344754e+05,9.836733e-01,1.520288e+04
274,1.557587e+04,-3.534062,5.428438,-4.694941,6.363924e+04,-9.775200e+04,8.454364e+04,9.985260e-01,1.555291e+04
275,1.558284e+04,1.616431,-5.985075,5.056286,-2.911421e+04,1.077997e+05,-9.107089e+04,1.000961e+00,1.559781e+04
276,1.559769e+04,0.878699,1.597419,7.789489,-1.583416e+04,-2.878549e+04,-1.403666e+05,9.945465e-01,1.551262e+04
277,1.559808e+04,0.004247,-3.954922,6.954033,-7.652560e+01,7.126860e+04,-1.253133e+05,9.994543e-01,1.558957e+04
278,1.573061e+04,1.137209,-7.745235,1.648664,-2.057964e+04,1.401625e+05,-2.983524e+04,9.907751e-01,1.558549e+04
279,1.579663e+04,5.362727,-2.551490,5.360136,-9.725066e+04,4.627012e+04,-9.720367e+04,1.003428e+00,1.585078e+04
280,1.580024e+04,1.322715,-4.801797,6.260445,-2.398959e+04,8.708840e+04,-1.135433e+05,1.001421e+00,1.582269e+04
281,1.580836e+04,-1.303267,1.214213,-7.799178,2.364293e+04,-2.202739e+04,1.414871e+05,9.941876e-01,1.571648e+04
282,1.582040e+04,-5.352966,-4.813528,3.489371,9.714667e+04,8.735684e+04,-6.332579e+04,1.003188e+00,1.587084e+04
283,1.586208e+04,1.569279,4.621406,-6.338768,-2.851706e+04,-8.398057e+04,1.151886e+05,1.000237e+00,1.586583e+04
284,1.586680e+04,2.798230,0.322303,7.487725,-5.085725e+04,-5.857790e+03,-1.360878e+05,1.000118e+00,1.586868e+04
285,1.591559e+04,-4.207704,-6.160491,2.888526,7.659161e+04,1.121376e+05,-5.257900e+04,1.004356e+00,1.598492e+04
286,1.591901e+04,-1.039439,1.854915,-7.712254,1.892264e+04,-3.376810e+04,1.403990e+05,9.952660e-01,1.584365e+04
287,1.594087e+04,-3.166980,2.506309,-6.905697,5.769337e+04,-4.565783e+04,1.258022e+05,9.996731e-01,1.593566e+04
288,1.606179e+04,0.993763,1.053058,-7.867878,-1.817207e+04,-1.925634e+04,1.438730e+05,9.887832e-01,1.588163e+04
289,1.606887e+04,-4.664137,6.247907,-1.791503,8.530777e+04,-1.142752e+05,3.276685e+04,9.892050e-01,1.589540e+04
290,1.619230e+04,2.423298,-3.604547,-6.718249,-4.449238e+04,6.618043e+04,1.233488e+05,0.000000e+00,0.000000e+00
291,1.622694e+04,-6.539600,2.811649,3.650789,1.201972e+05,-5.167780e+04,-6.710112e+04,0.000000e+00,0.000000e+00
292,1.628982e+04,5.025398,-2.799089,-5.559719,-9.254506e+04,5.154654e+04,1.023848e+05,7.527903e-01,1.226282e+04
293,1.629898e+04,1.240743,-7.406160,-2.758506,-2.285530e+04,1.364263e+05,5.081347e+04,5.662189e-03,9.228792e+01
294,1.634455e+04,-1.217373,2.832326,7.382136,2.245613e+04,-5.224616e+04,-1.361737e+05,9.894427e-01,1.617200e+04
295,1.638875e+04,2.065105,2.292374,7.381082,-3.814518e+04,-4.234314e+04,-1.363382e+05,9.975208e-01,1.634812e+04
296,1.644549e+04,0.026162,-7.933407,1.029745,-4.840770e+02,1.467938e+05,-1.905364e+04,9.918106e-01,1.631081e+04
297,1.646627e+04,0.644201,6.669928,-4.370019,-1.192735e+04,-1.234933e+05,8.091064e+04,1.003128e+00,1.651777e+04
298,1.649496e+04,1.796339,-2.338910,7.436576,-3.328807e+04,4.334247e+04,-1.378076e+05,1.000426e+00,1.650199e+04
299,1.653361e+04,1.413916,-0.517158,7.857060,-2.623206e+04,9.594717e+03,-1.457702e+05,9.980864e-01,1.650197e+04
300,1.660541e+04,3.311977,4.064441,6.042444,-6.157958e+04,-7.557014e+04,-1.123471e+05,1.000582e+00,1.661507e+04
301,1.661518e+04,-1.091223,-0.784409,7.886313,2.029508e+04,1.458880e+04,-1.466733e+05,9.950231e-01,1.653249e+04
302,1.663051e+04,0.304804,-0.738417,7.960015,-5.671505e+03,1.373976e+04,-1.481123e+05,9.963562e-01,1.656991e+04
303,1.677126e+04,6.783840,-1.097755,-4.095662,-1.267603e+05,2.051223e+04,7.652999e+04,9.797128e-01,1.643102e+04
304,1.682939e+04,0.568382,7.663344,-2.224881,-1.063896e+04,-1.434423e+05,4.164526e+04,1.002117e+00,1.686501e+04
305,1.696443e+04,1.099213,7.815808,1.305710,-2.065743e+04,-1.468819e+05,-2.453810e+04,9.994282e-01,1.695473e+04
306,1.703715e+04,7.295080,-3.266004,-0.339163,-1.373894e+05,6.150917e+04,6.387518e+03,9.862726e-01,1.680328e+04
307,1.704518e+04,4.782930,-5.817906,-2.697324,-9.009889e+04,1.095953e+05,5.081109e+04,5.365643e-01,9.145832e+03
308,1.707498e+04,-5.116458,-5.052888,-3.505734,9.646599e+04,9.526743e+04,6.609731e+04,1.004386e+00,1.714987e+04
309,1.708395e+04,4.793751,0.790172,6.355752,-9.040538e+04,-1.490185e+04,-1.198632e+05,1.003934e+00,1.715115e+04
310,1.710701e+04,-2.750960,-1.095679,7.431804,5.191536e+04,2.067736e+04,-1.402510e+05,9.926813e-01,1.698180e+04
311,1.712423e+04,5.140953,6.035819,-1.067470,-9.706750e+04,-1.139637e+05,2.015513e+04,1.005720e+00,1.722218e+04
312,1.716644e+04,5.498422,-4.750148,3.347155,-1.039448e+05,8.979909e+04,-6.327623e+04,9.978651e-01,1.712979e+04
313,1.721059e+04,-0.657096,2.056968,-7.703058,1.243802e+04,-3.893589e+04,1.458095e+05,9.958916e-01,1.713988e+04
314,1.722378e+04,4.663046,-0.880451,-6.440560,-8.829956e+04,1.667225e+04,1.219586e+05,9.753005e-01,1.679836e+04
315,1.724106e+04,-6.223075,2.077465,-4.577934,1.178994e+05,-3.935868e+04,8.673137e+04,9.979718e-01,1.720610e+04
316,1.727387e+04,-7.468918,1.512057,2.434944,1.416371e+05,-2.867395e+04,-4.617517e+04,0.000000e+00,0.000000e+00
317,1.729191e+04,-7.818840,1.634129,-0.441998,1.483503e+05,-3.100505e+04,8.386230e+03,6.817625e-01,1.178898e+04
318,1.730209e+04,2.691216,-1.974276,7.270460,-5.107667e+04,3.746984e+04,-1.379863e+05,1.001757e+00,1.733250e+04
319,1.737911e+04,-2.864979,-7.122665,2.249342,5.449541e+04,1.354818e+05,-4.278523e+04,1.003197e+00,1.743467e+04
320,1.743259e+04,4.464043,0.888101,6.579027,-8.504210e+04,-1.691874e+04,-1.253335e+05,1.003477e+00,1.749320e+04
321,1.747349e+04,-1.194013,7.579172,2.265058,2.277317e+04,-1.445560e+05,-4.320100e+04,9.926983e-01,1.734591e+04
322,1.750367e+04,-1.266585,-7.201865,-3.244827,2.417817e+04,1.374783e+05,6.194136e+04,8.522566e-01,1.491762e+04
323,1.771873e+04,7.086876,0.012261,3.711608,-1.361118e+05,-2.354832e+02,-7.128582e+04,1.004675e+00,1.780157e+04
324,1.774774e+04,-6.726946,0.329631,4.317354,1.293046e+05,-6.336131e+03,-8.298773e+04,0.000000e+00,0.000000e+00
325,1.779529e+04,4.853115,5.718693,2.782773,-9.341095e+04,-1.100713e+05,-5.356178e+04,1.005002e+00,1.788429e+04
326,1.782020e+04,5.043380,1.856454,-5.926035,-9.714104e+04,-3.575733e+04,1.141419e+05,9.908622e-01,1.765737e+04
327,1.787724e+04,0.022167,-0.005407,-7.999967,-4.276428e+02,1.043159e+02,1.543345e+05,9.904364e-01,1.770627e+04
328,1.792304e+04,-2.746797,3.791520,6.486870,5.305875e+04,-7.323925e+04,-1.253042e+05,9.361638e-01,1.677890e+04
329,1.794131e+04,-4.564717,-1.258775,6.448166,8.821969e+04,2.432763e+04,-1.246201e+05,8.626968e-01,1.547791e+04
330,1.798045e+04,-7.515586,-0.651349,-2.663027,1.454078e+05,1.260198e+04,5.152292e+04,9.961556e-01,1.791132e+04
331,1.803238e+04,1.066240,-3.393630,7.165641,-2.065884e+04,6.575302e+04,-1.388373e+05,1.000826e+00,1.804728e+04
332,1.804299e+04,-7.711394,-1.161066,-1.785028,1.494555e+05,2.250276e+04,3.459585e+04,9.919077e-01,1.789698e+04
333,1.805317e+04,-1.624747,-3.381320,-7.065895,3.149831e+04,6.555225e+04,1.369836e+05,9.692809e-01,1.749859e+04
334,1.814710e+04,-2.840976,5.011981,-5.550577,5.521992e+04,-9.741766e+04,1.078863e+05,1.001108e+00,1.816721e+04
335,1.820196e+04,-6.454193,4.518919,-1.386640,1.256393e+05,-8.796670e+04,2.699278e+04,9.689694e-01,1.763714e+04
336,1.826079e+04,-5.636116,-4.937610,-2.802536,1.098916e+05,9.627226e+04,5.464313e+04,1.005650e+00,1.836396e+04
337,1.843881e+04,6.834414,1.739375,3.776952,-1.339036e+05,-3.407880e+04,-7.400013e+04,1.005738e+00,1.854462e+04
338,1.844076e+04,3.684478,6.843295,1.895769,-7.219216e+04,-1.340847e+05,-3.714492e+04,1.003978e+00,1.851411e+04
339,1.855612e+04,-0.897708,-7.242447,3.277360,1.764426e+04,1.423487e+05,-6.441580e+04,1.001456e+00,1.858314e+04
340,1.857721e+04,6.619548,4.005479,2.034139,-1.301797e+05,-7.877156e+04,-4.000327e+04,1.006157e+00,1.869159e+04
341,1.867032e+04,-3.570307,6.978655,-1.597275,7.038921e+04,-1.375853e+05,3.149055e+04,9.942115e-01,1.856224e+04
342,1.869245e+04,-1.474952,-0.299270,7.857159,2.909616e+04,5.903646e+03,-1.549970e+05,9.955481e-01,1.860924e+04
343,1.870184e+04,6.085490,5.042877,-1.239435,-1.200777e+05,-9.950506e+04,2.445629e+04,1.005352e+00,1.880193e+04
344,1.874912e+04,1.033745,1.063223,7.861357,-2.042342e+04,-2.100581e+04,-1.553147e+05,9.970971e-01,1.869469e+04
345,1.880411e+04,2.993234,-1.695441,-7.222605,-5.922319e+04,3.354547e+04,1.429042e+05,9.298439e-01,1.748489e+04
346,1.881670e+04,-3.537191,-1.132185,-7.085650,7.000915e+04,2.240854e+04,1.402414e+05,9.986768e-01,1.879180e+04
347,1.885580e+04,-0.344930,-0.577808,-7.971647,6.834039e+03,1.144803e+04,1.579411e+05,9.916052e-01,1.869751e+04
348,1.894015e+04,3.352841,5.235600,5.034575,-6.657777e+04,-1.039640e+05,-9.997218e+04,1.001695e+00,1.897224e+04
349,1.905232e+04,-1.282095,-0.906574,7.844384,2.553400e+04,1.805519e+04,-1.562275e+05,9.964685e-01,1.898504e+04
350,1.909861e+04,5.888928,-1.938245,5.056059,-1.174253e+05,3.864865e+04,-1.008179e+05,1.004149e+00,1.917785e+04
351,1.917930e+04,-4.239772,1.968325,6.492305,8.471954e+04,-3.933126e+04,-1.297299e+05,1.023157e-01,1.962343e+03
352,1.921446e+04,0.395629,-6.839209,-4.131429,-7.912742e+03,1.367869e+05,8.263024e+04,0.000000e+00,0.000000e+00
353,1.924212e+04,-1.642265,-3.690557,6.905270,3.286959e+04,7.386574e+04,-1.382076e+05,9.995081e-01,1.923265e+04
354,1.929817e+04,0.084365,-0.045736,7.999424,-1.691012e+03,9.167372e+02,-1.603398e+05,9.967399e-01,1.923526e+04
355,1.931912e+04,3.013632,6.215899,-4.034925,-6.043780e+04,-1.246586e+05,8.091961e+04,1.004366e+00,1.940347e+04
356,1.932766e+04,-7.909007,-0.872267,0.828711,1.586486e+05,1.749702e+04,-1.662331e+04,6.671508e-01,1.289447e+04
357,1.934142e+04,6.556064,4.374293,1.372438,-1.315564e+05,-8.777620e+04,-2.753986e+04,1.006132e+00,1.946003e+04
358,1.935219e+04,-1.668497,-2.359703,-7.459754,3.348999e+04,4.736385e+04,1.497318e+05,9.938167e-01,1.923253e+04
359,1.943364e+04,0.115309,0.387014,7.989801,-2.319347e+03,-7.784452e+03,-1.607081e+05,9.964735e-01,1.936510e+04
360,1.944699e+04,6.079507,4.970696,-1.527014,-1.223261e+05,-1.000157e+05,3.072514e+04,1.005157e+00,1.954727e+04
361,1.948439e+04,0.021339,0.753571,7.964400,-4.297777e+02,-1.517722e+04,-1.604062e+05,9.960836e-01,1.940808e+04
362,1.950801e+04,5.978695,-5.181353,-1.186925,-1.204863e+05,1.044178e+05,2.391963e+04,9.742046e-01,1.900480e+04
363,1.965820e+04,-1.577448,0.128657,-7.841881,3.191182e+04,-2.602742e+03,1.586415e+05,9.953306e-01,1.956641e+04
364,1.984188e+04,-5.335053,-1.693029,-5.715843,1.084313e+05,3.440966e+04,1.161706e+05,1.002637e+00,1.989419e+04
365,1.986110e+04,3.484112,6.576213,2.935027,-7.084650e+04,-1.337218e+05,-5.968133e+04,1.003269e+00,1.992603e+04
366,1.987741e+04,6.353854,-1.335074,4.673983,-1.292533e+05,2.715875e+04,-9.508056e+04,1.004435e+00,1.996557e+04
367,2.002968e+04,4.373811,-3.597411,5.650523,-8.931444e+04,7.346014e+04,-1.153853e+05,1.003429e+00,2.009837e+04
368,2.008653e+04,3.384659,-5.366378,-4.872995,-6.921368e+04,1.097383e+05,9.964901e+04,0.000000e+00,0.000000e+00
369,2.009399e+04,-2.238006,-0.373230,7.671508,4.577401e+04,7.633689e+03,-1.569056e+05,9.953380e-01,2.000031e+04
370,2.011843e+04,1.320625,-6.452490,4.541071,-2.702720e+04,1.320532e+05,-9.293515e+04,1.001585e+00,2.015032e+04
371,2.023404e+04,0.298871,-7.174170,-3.527317,-6.134076e+03,1.472440e+05,7.239530e+04,7.903588e-23,1.599215e-18
372,2.035407e+04,4.483746,6.529669,1.122253,-9.229779e+04,-1.344131e+05,-2.310154e+04,1.005333e+00,2.046262e+04
373,2.036774e+04,4.013511,6.542799,2.254664,-8.264574e+04,-1.347286e+05,-4.642777e+04,1.004411e+00,2.045758e+04
374,2.036922e+04,0.181781,0.317699,-7.991622,-3.743345e+03,-6.542266e+03,1.645685e+05,9.923499e-01,2.021339e+04
375,2.038801e+04,-3.597612,6.209913,3.534710,7.411846e+04,-1.279374e+05,-7.282255e+04,9.561382e-01,1.949376e+04
376,2.043612e+04,-3.163782,6.494164,-3.437488,6.525749e+04,-1.339514e+05,7.090308e+04,9.990776e-01,2.041727e+04
377,2.048166e+04,1.891721,0.456461,7.759706,-3.906289e+04,-9.425641e+03,-1.602332e+05,9.997634e-01,2.047681e+04
378,2.049171e+04,-5.696085,0.318069,5.608337,1.176495e+05,-6.569537e+03,-1.158371e+05,0.000000e+00,0.000000e+00
379,2.050747e+04,-0.022720,-0.035121,7.999891,4.694505e+02,7.256889e+02,-1.652969e+05,9.971424e-01,2.044887e+04
380,2.056373e+04,0.897960,0.659934,-7.922004,-1.857945e+04,-1.365451e+04,1.639120e+05,9.917515e-01,2.039411e+04
381,2.060735e+04,1.450416,2.466874,7.470664,-3.004196e+04,-5.109551e+04,-1.547373e+05,9.979384e-01,2.056487e+04
382,2.061044e+04,4.954043,-1.240315,6.157847,-1.026191e+05,2.569215e+04,-1.275549e+05,1.004463e+00,2.070242e+04
383,2.062052e+04,-0.158556,5.529019,5.779689,3.285155e+03,-1.145573e+05,-1.197510e+05,9.943542e-01,2.050410e+04
384,2.069530e+04,-3.424337,-1.094310,-7.146775,7.107830e+04,2.271438e+04,1.483442e+05,9.990800e-01,2.067626e+04
385,2.070517e+04,-2.267266,-0.858526,-7.623807,4.707243e+04,1.782451e+04,1.582836e+05,9.966737e-01,2.063630e+04
386,2.075802e+04,0.002617,-0.042895,-7.999885,-5.439993e+01,8.917146e+02,1.663035e+05,9.925148e-01,2.060264e+04
387,2.076998e+04,-4.056894,4.054849,-5.576720,8.435997e+04,-8.431744e+04,1.159636e+05,1.001118e+00,2.079321e+04
388,2.077435e+04,0.738825,-7.182802,-3.444051,-1.536492e+04,1.493765e+05,7.162390e+04,0.000000e+00,0.000000e+00
389,2.079931e+04,2.663047,1.998638,-7.274175,-5.541508e+04,-4.158947e+04,1.513676e+05,9.935105e-01,2.066434e+04
390,2.090174e+04,5.752272,-2.663892,4.880066,-1.199928e+05,5.556899e+04,-1.017985e+05,1.003731e+00,2.097974e+04
391,2.097540e+04,4.009472,-0.624718,-6.894481,-8.378514e+04,1.305461e+04,1.440726e+05,9.834613e-01,2.062850e+04
392,2.099217e+04,1.992466,4.997675,-5.920585,-4.165281e+04,-1.044771e+05,1.237707e+05,1.002389e+00,2.104231e+04
393,2.100592e+04,7.243095,1.492324,3.051318,-1.514676e+05,-3.120749e+04,-6.380915e+04,1.005486e+00,2.112117e+04
394,2.108533e+04,2.668590,7.150045,-2.399060,-5.591093e+04,-1.498041e+05,5.026389e+04,1.004845e+00,2.118748e+04
395,2.118138e+04,-4.910333,-1.577694,-6.115514,1.031128e+05,3.313023e+04,1.284206e+05,1.002163e+00,2.122719e+04
396,2.151200e+04,-0.739484,-2.764313,-7.470725,1.564927e+04,5.849952e+04,1.580985e+05,9.707381e-01,2.088252e+04
397,2.157126e+04,7.995497,-0.268310,0.005701,-1.694369e+05,5.685892e+03,-1.208211e+02,9.995173e-01,2.156085e+04
398,2.175965e+04,-0.065108,-6.620456,-4.490582,1.385754e+03,1.409089e+05,9.557697e+04,0.000000e+00,0.000000e+00
399,2.182314e+04,2.949242,5.464031,5.044437,-6.286279e+04,-1.164652e+05,-1.075216e+05,1.001546e+00,2.185688e+04
400,2.183457e+04,6.441213,-4.039467,2.488672,-1.373297e+05,8.612337e+04,-5.305969e+04,9.983169e-01,2.179782e+04
401,2.183669e+04,6.469606,-4.547304,-1.210877,-1.379418e+05,9.695541e+04,2.581772e+04,9.819457e-01,2.144245e+04
402,2.184471e+04,-0.445717,5.381154,5.902925,9.505103e+03,-1.147554e+05,-1.258824e+05,9.944898e-01,2.172434e+04
403,2.185214e+04,-4.053682,6.795263,1.179856,8.646122e+04,-1.449366e+05,-2.516522e+04,9.858725e-01,2.154343e+04
404,2.203535e+04,-2.141480,-3.732819,-6.743895,4.586683e+04,7.995057e+04,1.444427e+05,9.876916e-01,2.176413e+04
405,2.208513e+04,-5.526311,-1.485594,-5.590429,1.184977e+05,3.185480e+04,1.198726e+05,1.003134e+00,2.215435e+04
406,2.217213e+04,0.418419,-7.647722,2.310254,-8.989591e+03,1.643087e+05,-4.963500e+04,9.987420e-01,2.214424e+04
407,2.217617e+04,-2.066407,-6.684017,-3.879932,4.440009e+04,1.436169e+05,8.336660e+04,9.528538e-01,2.113065e+04
408,2.220375e+04,-1.071946,6.404593,4.672486,2.304681e+04,-1.376985e+05,-1.004583e+05,9.938634e-01,2.206749e+04
409,2.227919e+04,2.318007,-0.684647,-7.626146,-4.992168e+04,1.474488e+04,1.642402e+05,9.873682e-01,2.199777e+04
410,2.237362e+04,7.581652,-1.237950,2.232943,-1.636276e+05,2.671751e+04,-4.819151e+04,1.002174e+00,2.242227e+04
411,2.239846e+04,2.165811,-7.277269,-2.520045,-4.676859e+04,1.571456e+05,5.441792e+04,2.200521e-01,4.928826e+03
412,2.244935e+04,1.402549,1.159208,7.790320,-3.032108e+04,-2.506040e+04,-1.684154e+05,9.991025e-01,2.242921e+04
413,2.247686e+04,-5.601067,5.040199,2.687832,1.211611e+05,-1.090285e+05,-5.814263e+04,6.375872e-02,1.433096e+03
414,2.248476e+04,-6.044218,-2.354009,-4.682528,1.307702e+05,5.093039e+04,1.013093e+05,1.004191e+00,2.257900e+04
415,2.249122e+04,7.486126,0.524995,2.771695,-1.619900e+05,-1.136021e+04,-5.997589e+04,1.004714e+00,2.259725e+04
416,2.265786e+04,-5.475368,-2.397646,5.317109,1.189180e+05,5.207378e+04,-1.154808e+05,9.285707e-01,2.103943e+04
417,2.283862e+04,2.389143,3.850793,-6.592677,-5.209567e+04,-8.396723e+04,1.437545e+05,1.000220e+00,2.284366e+04
418,2.287626e+04,2.561788,6.674228,-3.590532,-5.590625e+04,-1.456526e+05,7.835668e+04,1.004808e+00,2.298625e+04
419,2.289171e+04,6.663701,3.282952,2.969397,-1.454720e+05,-7.166850e+04,-6.482343e+04,1.006082e+00,2.303093e+04
420,2.314606e+04,-5.021819,0.212960,6.223823,1.102362e+05,-4.674783e+03,-1.366220e+05,3.048316e-02,7.055651e+02
421,2.319100e+04,-1.604886,2.120080,-7.545171,3.526376e+04,-4.658399e+04,1.657881e+05,9.998304e-01,2.318707e+04
422,2.322613e+04,-0.415586,0.167114,-7.987450,9.138483e+03,-3.674728e+03,1.756391e+05,9.948300e-01,2.310605e+04
423,2.322966e+04,-3.084133,-1.611634,7.203524,6.782334e+04,3.544154e+04,-1.584131e+05,9.977419e-01,2.317720e+04
424,2.324060e+04,-2.052684,0.002126,7.732172,4.515131e+04,-4.676233e+01,-1.700787e+05,9.968246e-01,2.316680e+04
425,2.325435e+04,3.439249,6.537975,3.070253,-7.567291e+04,-1.438534e+05,-6.755397e+04,1.003552e+00,2.333696e+04
426,2.325544e+04,2.847409,4.793011,5.737535,-6.265226e+04,-1.054619e+05,-1.262445e+05,1.001387e+00,2.328770e+04
427,2.336594e+04,1.449958,-5.481566,5.643585,-3.197950e+04,1.208985e+05,-1.244719e+05,1.002921e+00,2.343419e+04
428,2.344223e+04,-7.602561,-2.460387,-0.384143,1.679516e+05,5.435351e+04,8.486275e+03,9.961699e-01,2.335245e+04
429,2.345433e+04,-4.597382,6.173985,2.178528,1.015890e+05,-1.364275e+05,-4.813924e+04,9.420024e-01,2.209403e+04
430,2.354044e+04,6.743615,-3.948945,-1.711576,-1.492879e+05,8.742045e+04,3.789031e+04,9.839208e-01,2.316193e+04
431,2.358245e+04,-3.707747,2.675269,-6.564720,8.215409e+04,-5.927706e+04,1.454572e+05,1.002084e+00,2.363158e+04
432,2.359654e+04,3.061947,0.856444,7.341048,-6.786510e+04,-1.898225e+04,-1.627073e+05,1.002254e+00,2.364973e+04
433,2.370760e+04,4.757272,-0.931683,6.363987,-1.056882e+05,2.069839e+04,-1.413832e+05,1.004570e+00,2.381594e+04
434,2.373120e+04,3.185197,-5.735393,4.578187,-7.079796e+04,1.274816e+05,-1.017602e+05,1.001988e+00,2.377837e+04
435,2.377141e+04,6.891313,-0.654829,4.010112,-1.533042e+05,1.456734e+04,-8.920899e+04,1.004770e+00,2.388480e+04
436,2.386167e+04,5.850032,3.331672,-4.321700,-1.303867e+05,-7.425697e+04,9.632293e+04,1.000717e+00,2.387878e+04
437,2.393963e+04,1.119466,3.778066,6.962256,-2.499161e+04,-8.434376e+04,-1.554295e+05,9.981555e-01,2.389547e+04
438,2.400795e+04,1.016135,2.965754,-7.360148,-2.271713e+04,-6.630363e+04,1.645466e+05,9.990191e-01,2.398441e+04
439,2.403998e+04,4.717286,3.024770,5.709464,-1.055320e+05,-6.766812e+04,-1.277283e+05,1.004401e+00,2.414578e+04
440,2.406239e+04,-3.204926,-0.345061,-7.321843,7.173184e+04,7.723061e+03,1.638756e+05,9.998611e-01,2.405904e+04
441,2.413051e+04,-0.273761,-0.190360,-7.993048,6.135916e+03,4.266626e+03,1.791514e+05,9.946864e-01,2.400229e+04
442,2.416771e+04,2.944149,-5.981320,-4.422193,-6.603926e+04,1.341651e+05,9.919278e+04,0.000000e+00,0.000000e+00
443,2.418371e+04,-5.259375,-5.461369,2.551946,1.180104e+05,1.225428e+05,-5.726082e+04,1.005202e+00,2.430951e+04
444,2.430646e+04,-6.994585,3.842372,0.558530,1.573430e+05,-8.643408e+04,-1.256411e+04,4.536987e-01,1.102781e+04
445,2.434380e+04,2.488612,-5.890209,4.807520,-5.602425e+04,1.326018e+05,-1.082281e+05,1.002428e+00,2.440290e+04
446,2.443489e+04,-7.701798,1.253593,1.763748,1.737089e+05,-2.827394e+04,-3.978015e+04,0.000000e+00,0.000000e+00
447,2.464902e+04,-6.854911,1.576051,-3.811333,1.552839e+05,-3.570219e+04,8.633789e+04,9.994801e-01,2.463621e+04
448,2.465015e+04,-6.392909,-2.638911,-4.020804,1.448215e+05,5.978044e+04,9.108510e+04,1.004737e+00,2.476692e+04
449,2.469878e+04,-3.542657,-5.038346,5.105355,8.033254e+04,1.142485e+05,-1.157679e+05,1.002951e+00,2.477166e+04
450,2.487025e+04,1.478442,0.048150,7.862054,-3.364101e+04,-1.095631e+03,-1.788960e+05,1.000471e+00,2.488197e+04
451,2.499927e+04,1.260062,5.581070,5.591413,-2.874618e+04,-1.273227e+05,-1.275587e+05,9.989213e-01,2.497230e+04
452,2.503574e+04,-0.592366,-7.949602,0.673004,1.352368e+04,1.814890e+05,-1.536465e+04,9.975194e-01,2.497364e+04
453,2.504029e+04,5.018928,-2.634764,5.645208,-1.145923e+05,6.015698e+04,-1.288915e+05,1.004394e+00,2.515032e+04
454,2.519381e+04,-3.216586,-7.295545,0.654676,7.366595e+04,1.670819e+05,-1.499333e+04,1.003656e+00,2.528591e+04
455,2.521978e+04,-3.959029,-0.159040,-6.949877,9.071603e+04,3.644202e+03,1.592474e+05,1.001450e+00,2.525635e+04
456,2.526504e+04,3.551532,-0.606017,7.142784,-8.145174e+04,1.389855e+04,-1.638144e+05,1.003558e+00,2.535493e+04
457,2.527164e+04,-4.201162,3.196301,-6.011148,9.636310e+04,-7.331436e+04,1.378792e+05,1.002296e+00,2.532965e+04
458,2.537359e+04,-6.981847,2.053250,-3.322345,1.604671e+05,-4.719082e+04,7.635904e+04,9.978302e-01,2.531854e+04
459,2.540831e+04,-0.303207,-6.028625,5.250118,6.973516e+03,1.386535e+05,-1.207485e+05,1.003058e+00,2.548601e+04
460,2.547869e+04,2.095549,4.483075,-6.285755,-4.826263e+04,-1.032498e+05,1.447674e+05,1.002174e+00,2.553409e+04
461,2.565770e+04,3.387074,1.786693,-7.023920,-7.828132e+04,-4.129367e+04,1.623353e+05,9.949241e-01,2.552746e+04
462,2.567534e+04,1.271136,-0.459347,-7.884999,-2.938831e+04,1.061998e+04,1.822991e+05,9.926683e-01,2.548710e+04
463,2.569030e+04,-2.938783,2.859396,-6.869309,6.796366e+04,-6.612773e+04,1.588628e+05,1.002251e+00,2.574812e+04
464,2.575031e+04,0.452245,3.343246,-7.253839,-1.047103e+04,-7.740771e+04,1.679515e+05,1.000655e+00,2.576719e+04
465,2.591640e+04,3.070899,-0.899480,-7.332156,-7.133086e+04,2.089312e+04,1.703114e+05,9.874524e-01,2.559121e+04
466,2.596716e+04,0.005054,-7.732527,2.051343,-1.175072e+02,1.797870e+05,-4.769524e+04,9.999011e-01,2.596459e+04
467,2.597616e+04,-5.971658,4.129634,3.359379,1.388696e+05,-9.603371e+04,-7.812161e+04,0.000000e+00,0.000000e+00
468,2.598311e+04,1.201914,4.035192,-6.802399,-2.795398e+04,-9.385003e+04,1.582094e+05,1.001623e+00,2.602527e+04
469,2.599739e+04,7.551159,-1.646253,2.066362,-1.756722e+05,3.829887e+04,-4.807242e+04,1.001970e+00,2.604859e+04
470,2.606330e+04,-1.208981,-7.621836,2.108550,2.816170e+04,1.775411e+05,-4.911603e+04,1.001890e+00,2.611255e+04
471,2.615200e+04,-0.251538,-0.190993,-7.993763,5.869220e+03,4.456517e+03,1.865213e+05,9.954907e-01,2.603407e+04
472,2.616865e+04,3.180172,0.083985,7.340262,-7.422769e+04,-1.960279e+03,-1.713274e+05,1.003019e+00,2.624765e+04
473,2.618582e+04,-2.373461,-4.870555,5.885947,5.541661e+04,1.137198e+05,-1.374277e+05,1.002293e+00,2.624587e+04
474,2.623504e+04,-1.493080,-3.211825,7.173207,3.489382e+04,7.506153e+04,-1.676405e+05,1.000730e+00,2.625418e+04
475,2.626568e+04,-1.493646,-1.067797,7.786452,3.492743e+04,2.496937e+04,-1.820785e+05,9.991488e-01,2.624332e+04
476,2.633051e+04,1.735135,5.699218,-5.339309,-4.062445e+04,-1.334349e+05,1.250084e+05,1.004009e+00,2.643606e+04
477,2.642265e+04,5.623981,-1.511433,-5.485108,-1.319036e+05,3.544881e+04,1.286465e+05,9.847637e-01,2.602006e+04
478,2.655680e+04,0.834142,3.781614,-7.000258,-1.961338e+04,-8.891800e+04,1.645988e+05,1.001411e+00,2.659427e+04
479,2.656473e+04,1.177640,5.896073,5.277261,-2.769427e+04,-1.386565e+05,-1.241040e+05,9.993274e-01,2.654687e+04
480,2.656681e+04,3.806785,-6.359596,-3.010636,-8.952673e+04,1.495629e+05,7.080316e+04,1.026809e-02,2.727904e+02
481,2.660350e+04,-5.866284,1.595628,-5.200066,1.380566e+05,-3.755136e+04,1.223779e+05,1.002194e+00,2.666188e+04
482,2.661079e+04,-2.156579,1.315295,7.590729,5.075969e+04,-3.095827e+04,-1.786640e+05,9.953499e-01,2.648705e+04
483,2.670016e+04,-5.078069,2.168276,5.788938,1.197237e+05,-5.112062e+04,-1.364836e+05,0.000000e+00,0.000000e+00
484,2.672285e+04,-5.355402,-5.836880,-1.118258,1.263159e+05,1.376724e+05,2.637595e+04,1.006067e+00,2.688498e+04
485,2.679294e+04,1.062762,0.575084,7.908212,-2.509984e+04,-1.358207e+04,-1.867726e+05,1.000034e+00,2.679385e+04
486,2.681881e+04,-6.870494,1.295853,3.888070,1.623425e+05,-3.061964e+04,-9.187099e+04,0.000000e+00,0.000000e+00
487,2.682325e+04,3.727133,-4.880647,5.127160,-8.807552e+04,1.153341e+05,-1.211594e+05,1.003270e+00,2.691097e+04
488,2.682795e+04,-0.915827,-3.033262,-7.345787,2.164372e+04,7.168500e+04,1.736028e+05,9.769406e-01,2.620932e+04
489,2.683946e+04,3.300232,7.246107,-0.776149,-7.801103e+04,-1.712838e+05,1.834663e+04,1.005198e+00,2.697896e+04
490,2.694047e+04,-0.833462,-5.325349,5.911515,1.973844e+04,1.261175e+05,-1.399993e+05,1.002817e+00,2.701635e+04
491,2.704220e+04,0.325948,4.225136,-6.785424,-7.733816e+03,-1.002505e+05,1.609988e+05,1.002383e+00,2.710663e+04
492,2.713676e+04,0.654058,-0.715285,7.941069,-1.554605e+04,1.700133e+04,-1.887481e+05,1.000372e+00,2.714685e+04
493,2.719225e+04,-7.165601,0.554334,3.513812,1.704904e+05,-1.318921e+04,-8.360375e+04,0.000000e+00,0.000000e+00
494,2.720791e+04,3.368958,5.700118,4.489853,-8.018034e+04,-1.356613e+05,-1.068573e+05,1.003243e+00,2.729614e+04
495,2.729208e+04,1.354176,1.873034,-7.658848,-3.227886e+04,-4.464662e+04,1.825603e+05,9.971347e-01,2.721388e+04
496,2.733731e+04,-3.426804,-2.226855,-6.877364,8.175077e+04,5.312447e+04,1.640683e+05,1.000858e+00,2.736078e+04
497,2.737691e+04,1.860424,7.508202,-2.041011,-4.441490e+04,-1.792474e+05,4.872616e+04,1.004602e+00,2.750290e+04
498,2.737955e+04,3.697341,5.444776,4.547976,-8.827288e+04,-1.299924e+05,-1.085815e+05,1.003663e+00,2.747985e+04
499,2.745830e+04,-0.594838,0.644638,7.951768,1.422199e+04,-1.541265e+04,-1.901188e+05,9.985608e-01,2.741878e+04
500,2.749255e+04,4.842090,2.103575,-6.010752,-1.158417e+05,-5.032574e+04,1.438007e+05,9.968317e-01,2.740544e+04
501,2.750367e+04,-0.267932,0.776652,-7.957702,6.411281e+03,-1.858431e+04,1.904178e+05,9.970525e-01,2.742260e+04
502,2.754364e+04,-1.201254,-3.532104,7.076809,2.876539e+04,8.458022e+04,-1.694622e+05,1.001289e+00,2.757914e+04
503,2.762263e+04,-6.077909,-2.651056,-4.475591,1.457509e+05,6.357350e+04,1.073266e+05,1.004791e+00,2.775498e+04
504,2.766269e+04,-3.764076,0.995730,6.988580,9.032964e+04,-2.389536e+04,-1.677107e+05,8.949174e-01,2.475582e+04
505,2.784507e+04,4.575822,0.359012,-6.552325,-1.101712e+05,-8.643852e+03,1.577590e+05,9.916920e-01,2.761374e+04
506,2.785825e+04,-7.164634,-3.020008,-1.883499,1.725423e+05,7.272934e+04,4.535938e+04,1.004486e+00,2.798324e+04
507,2.786971e+04,-1.079136,-7.922214,-0.272022,2.599363e+04,1.908260e+05,6.552329e+03,9.972646e-01,2.779347e+04
508,2.787690e+04,-7.618552,1.217699,-2.115388,1.835352e+05,-2.933505e+04,5.096089e+04,9.921661e-01,2.765852e+04
509,2.795356e+04,-1.079060,-6.989541,3.739245,2.603087e+04,1.686133e+05,-9.020427e+04,1.003341e+00,2.804696e+04
510,2.796143e+04,5.402764,1.135048,-5.789802,-1.303528e+05,-2.738538e+04,1.396909e+05,9.943707e-01,2.780403e+04
511,2.799359e+04,-3.289734,2.112668,6.979562,7.941723e+04,-5.100177e+04,-1.684931e+05,9.366082e-01,2.621903e+04
512,2.803820e+04,4.012554,0.888171,6.863714,-9.694393e+04,-2.145836e+04,-1.658284e+05,1.003987e+00,2.814999e+04
513,2.813475e+04,4.049542,-1.399825,-6.755864,-9.800588e+04,3.387817e+04,1.635035e+05,9.821146e-01,2.763155e+04
514,2.820881e+04,-1.966457,3.440604,-6.949481,4.765423e+04,-8.337806e+04,1.684106e+05,1.002584e+00,2.828172e+04
515,2.823723e+04,-1.376563,0.531166,7.862756,3.337581e+04,-1.287853e+04,-1.906385e+05,9.986027e-01,2.819777e+04
516,2.825265e+04,-3.008924,-3.843364,6.338370,7.297355e+04,9.321070e+04,-1.537205e+05,1.002027e+00,2.830991e+04
517,2.837994e+04,-2.740740,-6.778882,3.245783,6.661901e+04,1.647739e+05,-7.889507e+04,1.004201e+00,2.849918e+04
518,2.856251e+04,3.156946,3.106695,-6.661992,-7.698214e+04,-7.575677e+04,1.624527e+05,9.996222e-01,2.855172e+04
519,2.858679e+04,-5.760443,-1.500480,-5.344704,1.405281e+05,3.660476e+04,1.303860e+05,1.004028e+00,2.870194e+04
520,2.869374e+04,-6.062070,-1.956317,-4.839848,1.481628e+05,4.781426e+04,1.182905e+05,1.004437e+00,2.882104e+04
521,2.873836e+04,-1.160492,-6.286763,-4.809353,2.838558e+04,1.537739e+05,1.176366e+05,6.004243e-01,1.725521e+04
522,2.880184e+04,-3.233032,2.953004,6.695317,7.916711e+04,-7.231006e+04,-1.639479e+05,9.330716e-01,2.687418e+04
523,2.881037e+04,-2.158276,6.097987,-4.707059,5.285742e+04,-1.493432e+05,1.152786e+05,1.002982e+00,2.889629e+04
524,2.884099e+04,-4.262434,0.261178,6.764868,1.044449e+05,-6.399809e+03,-1.657636e+05,8.333348e-01,2.403420e+04
525,2.899282e+04,0.799308,7.929568,-0.695027,-1.963741e+04,-1.948137e+05,1.707543e+04,1.003153e+00,2.908422e+04
526,2.901891e+04,-3.618977,5.787948,-4.171650,8.895106e+04,-1.422623e+05,1.025352e+05,1.001574e+00,2.906458e+04
527,2.903115e+04,-3.502600,-2.436664,-6.767161,8.610875e+04,5.990352e+04,1.663655e+05,1.001329e+00,2.906972e+04
528,2.909222e+04,3.198605,1.081088,7.252598,-7.871793e+04,-2.660568e+04,-1.784870e+05,1.003085e+00,2.918197e+04
529,2.912748e+04,0.345414,-0.439227,7.980462,-8.505829e+03,1.081596e+04,-1.965188e+05,1.000278e+00,2.913559e+04
530,2.912870e+04,-0.392521,2.420784,7.614836,9.666041e+03,-5.961304e+04,-1.875192e+05,9.982336e-01,2.907725e+04
531,2.916685e+04,0.954808,-4.658504,-6.433248,-2.352803e+04,1.147931e+05,1.585257e+05,0.000000e+00,0.000000e+00
532,2.928102e+04,7.330218,0.796575,-3.103767,-1.809817e+05,-1.966729e+04,7.663142e+04,9.980459e-01,2.922380e+04
533,2.932391e+04,-2.567944,6.256452,4.273461,6.344847e+04,-1.545837e+05,-1.055882e+05,9.927960e-01,2.911266e+04
534,2.935781e+04,2.311909,-5.408781,-5.422191,-5.715540e+04,1.337168e+05,1.340483e+05,7.189147e-01,2.110576e+04
535,2.937914e+04,4.595877,4.878900,4.367408,-1.136613e+05,-1.206608e+05,-1.080110e+05,1.004826e+00,2.952092e+04
536,2.942415e+04,2.266358,1.737477,-7.472937,-5.609255e+04,-4.300270e+04,1.849558e+05,9.967528e-01,2.932861e+04
537,2.957943e+04,-2.226363,-1.990990,-7.421541,5.524788e+04,4.940702e+04,1.841678e+05,9.995246e-01,2.956537e+04
538,2.964259e+04,-3.310268,3.229659,-6.527743,8.223296e+04,-8.023048e+04,1.621608e+05,1.002993e+00,2.973130e+04
539,2.983413e+04,-0.942540,-1.261488,7.843486,2.348989e+04,3.143870e+04,-1.954747e+05,1.000110e+00,2.983740e+04
540,2.989260e+04,-5.783371,-3.767518,4.044556,1.442738e+05,9.398571e+04,-1.008968e+05,1.000881e+00,2.991892e+04
541,2.991385e+04,-0.016779,3.828743,7.024275,4.187341e+02,-9.554701e+04,-1.752921e+05,9.982967e-01,2.986290e+04
542,2.998386e+04,-0.393880,-1.749928,7.796320,9.840842e+03,4.372086e+04,-1.947862e+05,1.000700e+00,3.000485e+04
543,3.010751e+04,2.131758,5.001672,5.868466,-5.337033e+04,-1.252210e+05,-1.469219e+05,1.001375e+00,3.014890e+04
544,3.015751e+04,2.485965,6.611065,3.756834,-6.228986e+04,-1.656509e+05,-9.413356e+04,1.002716e+00,3.023940e+04
545,3.029235e+04,-0.203865,0.455225,-7.984435,5.119563e+03,-1.143188e+04,2.005097e+05,9.973661e-01,3.021256e+04
546,3.034125e+04,-0.928955,-1.509050,-7.801270,2.334728e+04,3.792670e+04,1.960680e+05,9.977464e-01,3.027287e+04
547,3.036071e+04,1.605760,-6.930256,-3.659656,-4.037022e+04,1.742328e+05,9.200701e+04,0.000000e+00,0.000000e+00
548,3.042595e+04,2.424158,5.250514,5.527708,-6.101094e+04,-1.321443e+05,-1.391207e+05,1.001946e+00,3.048515e+04
549,3.056879e+04,7.896657,1.214743,0.408904,-1.992081e+05,-3.064419e+04,-1.031537e+04,1.003806e+00,3.068514e+04
550,3.083219e+04,2.758477,-0.568227,-7.487852,-6.988696e+04,1.439622e+04,1.897073e+05,9.926404e-01,3.060527e+04
551,3.093848e+04,3.089394,-3.319797,6.590493,-7.840567e+04,8.425305e+04,-1.672600e+05,1.004162e+00,3.106724e+04
552,3.114021e+04,0.656689,4.280023,-6.726824,-1.672035e+04,-1.089762e+05,1.712756e+05,1.002857e+00,3.122917e+04
553,3.114077e+04,-4.188196,-1.180155,6.713140,1.066391e+05,3.004889e+04,-1.709287e+05,9.785583e-01,3.047306e+04
554,3.115922e+04,4.831657,-3.814132,5.109549,-1.230592e+05,9.714349e+04,-1.301369e+05,1.004069e+00,3.128600e+04
555,3.122828e+04,-3.921013,5.272553,-4.563534,9.997627e+04,-1.344373e+05,1.163590e+05,1.002084e+00,3.129335e+04
556,3.123645e+04,5.346849,1.486528,5.762069,-1.363495e+05,-3.790781e+04,-1.469379e+05,1.005297e+00,3.140191e+04
557,3.134824e+04,-6.447920,-3.067776,3.607364,1.647217e+05,7.837091e+04,-9.215550e+04,9.806249e-01,3.074087e+04
558,3.135686e+04,-1.652611,6.559653,4.270811,4.222422e+04,-1.675992e+05,-1.091192e+05,9.969112e-01,3.126001e+04
559,3.136421e+04,-0.861881,-1.405467,-7.828271,2.202364e+04,3.591388e+04,2.000358e+05,9.979125e-01,3.129874e+04
560,3.141425e+04,1.836753,-6.319992,4.547971,-4.697197e+04,1.616235e+05,-1.163070e+05,1.003061e+00,3.151041e+04
561,3.150526e+04,-0.654012,1.326405,7.862119,1.674949e+04,-3.396974e+04,-2.013519e+05,9.991583e-01,3.147874e+04
562,3.165883e+04,2.706341,7.517755,-0.398834,-6.947918e+04,-1.930013e+05,1.023917e+04,1.004871e+00,3.181302e+04
563,3.166337e+04,-7.231554,-2.013785,-2.765737,1.856671e+05,5.170307e+04,7.100911e+04,1.004049e+00,3.179158e+04
564,3.191248e+04,7.154046,-0.844952,-3.479323,-1.843982e+05,2.177895e+04,8.968084e+04,9.940313e-01,3.172200e+04
565,3.198907e+04,1.481086,3.832403,6.864333,-3.822133e+04,-9.890007e+04,-1.771429e+05,1.000626e+00,3.200910e+04
566,3.207761e+04,6.840938,-3.282949,2.534525,-1.767833e+05,8.483787e+04,-6.549713e+04,1.001668e+00,3.213111e+04
567,3.224461e+04,1.558365,4.407940,-6.491653,-4.037592e+04,-1.142060e+05,1.681932e+05,1.002956e+00,3.233993e+04
568,3.235646e+04,3.509742,-6.968225,-1.767924,-9.109202e+04,1.808537e+05,4.588478e+04,9.135818e-01,2.956027e+04
569,3.236622e+04,2.321657,1.358084,7.534289,-6.026550e+04,-3.525310e+04,-1.955748e+05,1.002277e+00,3.243991e+04
570,3.239767e+04,-0.259345,-7.009340,-3.847323,6.735326e+03,1.820366e+05,9.991719e+04,4.043075e-01,1.309862e+04
571,3.240829e+04,-4.193004,-0.179432,6.810765,1.089126e+05,4.660719e+03,-1.769085e+05,9.291763e-01,3.011302e+04
572,3.245960e+04,-0.894086,7.868235,1.136433,2.324211e+04,-2.045378e+05,-2.954202e+04,1.000231e+00,3.246709e+04
573,3.262845e+04,4.024780,-1.062690,6.831679,-1.048975e+05,2.769679e+04,-1.780534e+05,1.004555e+00,3.277707e+04
574,3.270560e+04,-7.596722,-0.756234,-2.391219,1.982266e+05,1.973294e+04,6.239575e+04,1.001477e+00,3.275391e+04
575,3.274920e+04,-0.305027,-7.073996,3.723646,7.964582e+03,1.847097e+05,-9.722846e+04,1.003329e+00,3.285821e+04
576,3.276941e+04,2.394878,-0.568249,7.611941,-6.255219e+04,1.484217e+04,-1.988174e+05,1.003033e+00,3.286880e+04
577,3.279325e+04,3.818429,2.939194,-6.385980,-9.977038e+04,-7.679716e+04,1.668570e+05,1.000094e+00,3.279633e+04
578,3.281247e+04,-2.481810,2.327624,7.240358,6.486535e+04,-6.083549e+04,-1.892362e+05,9.926439e-01,3.257110e+04
579,3.288131e+04,2.435401,1.697172,7.428892,-6.371910e+04,-4.440430e+04,-1.943673e+05,1.002389e+00,3.295985e+04
580,3.297543e+04,-1.772570,-7.545912,-1.979192,4.644332e+04,1.977114e+05,5.185705e+04,9.959969e-01,3.284342e+04
581,3.297673e+04,-0.099931,-0.061365,-7.999140,2.618353e+03,1.607866e+03,2.095906e+05,9.974747e-01,3.289345e+04
582,3.309290e+04,6.797591,2.922946,3.041242,-1.784215e+05,-7.672074e+04,-7.982575e+04,1.006048e+00,3.329304e+04
583,3.315055e+04,0.031153,0.428920,-7.988433,-8.183968e+02,-1.126798e+04,2.098609e+05,9.977768e-01,3.307685e+04
584,3.325348e+04,4.805182,5.389589,-3.444206,-1.264309e+05,-1.418074e+05,9.062174e+04,1.004990e+00,3.341942e+04
585,3.329584e+04,-3.989373,-5.922190,3.607294,1.050327e+05,1.559200e+05,-9.497322e+04,1.004641e+00,3.345036e+04
586,3.340805e+04,2.981909,-2.823538,6.865556,-7.864019e+04,7.446358e+04,-1.810614e+05,1.004198e+00,3.354830e+04
587,3.344058e+04,-2.363639,0.247023,7.638861,6.236525e+04,-6.517770e+03,-2.015534e+05,9.993200e-01,3.341784e+04
588,3.349751e+04,2.115045,2.064355,7.434045,-5.585353e+04,-5.451491e+04,-1.963162e+05,1.001973e+00,3.356360e+04
589,3.354967e+04,5.163964,5.790334,1.950774,-1.364746e+05,-1.530285e+05,-5.155558e+04,1.005824e+00,3.374505e+04
590,3.364503e+04,-0.384328,7.798264,-1.743381,1.017154e+04,-2.063873e+05,4.613997e+04,1.003081e+00,3.374868e+04
591,3.367709e+04,1.436378,3.441929,7.077425,-3.803301e+04,-9.113682e+04,-1.873990e+05,1.000874e+00,3.370652e+04
592,3.369451e+04,-1.939626,-1.420648,7.630177,5.137151e+04,3.762624e+04,-2.020872e+05,1.000901e+00,3.372487e+04
593,3.373685e+04,-1.140635,1.717655,-7.729723,3.022900e+04,-4.552113e+04,2.048523e+05,1.000889e+00,3.376684e+04
594,3.375503e+04,5.064056,-2.332847,5.737000,-1.342432e+05,6.184152e+04,-1.520823e+05,1.004918e+00,3.392104e+04
595,3.376397e+04,2.382369,-7.327125,-2.153499,-6.316266e+04,1.942607e+05,5.709474e+04,7.953894e-01,2.685551e+04
596,3.379506e+04,3.026986,-7.393698,-0.413023,-8.029005e+04,1.961160e+05,1.095533e+04,9.873396e-01,3.336720e+04
597,3.386595e+04,-4.047352,-6.278228,2.864052,1.074675e+05,1.667030e+05,-7.604788e+04,1.005007e+00,3.403553e+04
598,3.390869e+04,2.688027,7.386151,-1.489725,-7.141900e+04,-1.962449e+05,3.958097e+04,1.005210e+00,3.408536e+04
599,3.396647e+04,-1.760718,-5.630968,5.402969,4.682090e+04,1.497383e+05,-1.436754e+05,1.003585e+00,3.408822e+04
600,3.403253e+04,0.947366,0.861752,7.896827,-2.521677e+04,-2.293793e+04,-2.101960e+05,1.001061e+00,3.406864e+04
601,3.406801e+04,4.612881,1.411244,-6.381984,-1.228486e+05,-3.758375e+04,1.699627e+05,9.967522e-01,3.395736e+04
602,3.408362e+04,-0.970619,5.068787,6.112716,2.585511e+04,-1.350211e+05,-1.628290e+05,9.982406e-01,3.402366e+04
603,3.409261e+04,-6.452410,-0.330185,4.717772,1.719004e+05,8.796546e+03,-1.256874e+05,0.000000e+00,0.000000e+00
604,3.416514e+04,2.736708,2.272183,7.165725,-7.298686e+04,-6.059818e+04,-1.911069e+05,1.002777e+00,3.426002e+04
605,3.416646e+04,2.921688,-5.974368,-4.446422,-7.792171e+04,1.593370e+05,1.185865e+05,0.000000e+00,0.000000e+00
606,3.424999e+04,0.585695,3.876794,6.973337,-1.563962e+04,-1.035208e+05,-1.862068e+05,9.998758e-01,3.424574e+04
607,3.426697e+04,-0.644652,-1.942466,7.733773,1.721821e+04,5.188190e+04,-2.065637e+05,1.001340e+00,3.431289e+04
608,3.432934e+04,3.743675,3.846718,5.931919,-1.000819e+05,-1.028366e+05,-1.585815e+05,1.003921e+00,3.446394e+04
609,3.435004e+04,4.588957,-5.713547,3.208871,-1.227163e+05,1.527897e+05,-8.581052e+04,1.001185e+00,3.439073e+04
610,3.437740e+04,2.003109,6.311250,-4.489508,-5.358778e+04,-1.688405e+05,1.201047e+05,1.004944e+00,3.454737e+04
611,3.455428e+04,0.028232,-0.328999,7.993182,-7.572097e+02,8.824106e+03,-2.143854e+05,1.000870e+00,3.458433e+04
612,3.456733e+04,0.395382,4.357731,6.697302,-1.060655e+04,-1.169010e+05,-1.796625e+05,9.996795e-01,3.455625e+04
613,3.474960e+04,0.970451,-0.949978,7.883893,-2.610195e+04,2.555130e+04,-2.120510e+05,1.001997e+00,3.481898e+04
614,3.475495e+04,2.598094,-1.087139,-7.487859,-6.988563e+04,2.924275e+04,2.014145e+05,9.925987e-01,3.449772e+04
615,3.481374e+04,-1.830712,3.771567,6.813500,4.928560e+04,-1.015364e+05,-1.834299e+05,9.973008e-01,3.471977e+04
616,3.487525e+04,0.186142,0.304672,-7.992029,-5.015665e+03,-8.209480e+03,2.153478e+05,9.978731e-01,3.480107e+04
617,3.501158e+04,-0.951177,-1.210424,-7.850486,2.567980e+04,3.267894e+04,2.119469e+05,9.988001e-01,3.496957e+04
618,3.531232e+04,1.364167,-7.752163,1.429343,-3.698753e+04,2.101893e+05,-3.875469e+04,9.987535e-01,3.526831e+04
619,3.548978e+04,4.756700,5.163474,3.835668,-1.292951e+05,-1.403519e+05,-1.042599e+05,1.005268e+00,3.567674e+04
620,3.549865e+04,-4.056640,4.525518,-5.202245,1.102801e+05,-1.230266e+05,1.414234e+05,1.003014e+00,3.560564e+04
621,3.550917e+04,0.474530,-3.233682,-7.301926,-1.290204e+04,8.792093e+04,1.985328e+05,8.187748e-01,2.907402e+04
622,3.552571e+04,-6.202635,3.387456,-3.748662,1.686834e+05,-9.212336e+04,1.019465e+05,1.001010e+00,3.556159e+04
623,3.557190e+04,-5.674596,-5.598757,0.672961,1.544234e+05,1.523596e+05,-1.831335e+04,1.006043e+00,3.578686e+04
624,3.558891e+04,0.731013,-5.850296,5.407370,-1.989790e+04,1.592428e+05,-1.471865e+05,1.003904e+00,3.572786e+04
625,3.560110e+04,6.663652,4.107688,-1.650042,-1.814131e+05,-1.118288e+05,4.492120e+04,1.005068e+00,3.578151e+04
626,3.560622e+04,-1.120174,3.256093,7.221016,3.049811e+04,-8.865116e+04,-1.966011e+05,9.989835e-01,3.557003e+04
627,3.569360e+04,-1.064995,-5.515316,-5.696234,2.903135e+04,1.503454e+05,1.552772e+05,5.910386e-01,2.109630e+04
628,3.575725e+04,6.065683,2.603765,-4.519723,-1.654956e+05,-7.104091e+04,1.233157e+05,1.001181e+00,3.579947e+04
629,3.578033e+04,7.734745,-0.191555,-2.033970,-2.111022e+05,5.228067e+03,5.551258e+04,9.992440e-01,3.575328e+04
630,3.582745e+04,7.859190,1.233126,0.844117,-2.146399e+05,-3.367750e+04,-2.305340e+04,1.004491e+00,3.598835e+04
631,3.584406e+04,-4.261986,2.550193,6.271522,1.164247e+05,-6.966366e+04,-1.713193e+05,5.016695e-01,1.798187e+04
632,3.587745e+04,2.242275,-3.785829,6.681295,-6.128079e+04,1.034657e+05,-1.825980e+05,1.004128e+00,3.602555e+04
633,3.589287e+04,3.272809,-7.253305,0.823579,-8.946424e+04,1.982735e+05,-2.251302e+04,9.953704e-01,3.572670e+04
634,3.589559e+04,-5.383742,4.206219,4.162096,1.471734e+05,-1.149839e+05,-1.137777e+05,0.000000e+00,0.000000e+00
635,3.606768e+04,6.772974,-4.248940,-0.270783,-1.855937e+05,1.164299e+05,7.420034e+03,9.951473e-01,3.589266e+04
636,3.608618e+04,0.845185,1.174526,-7.868046,-2.316577e+04,-3.219272e+04,2.156562e+05,9.985411e-01,3.603353e+04
637,3.619843e+04,-7.994671,-0.159624,0.244452,2.194675e+05,4.381952e+03,-6.710627e+03,9.016296e-01,3.263758e+04
638,3.622925e+04,-0.383825,2.354537,-7.636022,1.054114e+04,-6.466360e+04,2.097112e+05,1.001403e+00,3.628007e+04
639,3.638707e+04,2.312733,0.706501,-7.625754,-6.365371e+04,-1.944514e+04,2.098848e+05,9.966497e-01,3.626517e+04
640,3.652312e+04,-6.403498,-1.431840,4.576576,1.765736e+05,3.948235e+04,-1.261971e+05,4.819880e-01,1.760371e+04
641,3.656553e+04,-0.662563,0.737221,-7.938357,1.828048e+04,-2.034035e+04,2.190238e+05,9.996361e-01,3.655222e+04
642,3.666019e+04,-4.159243,-6.509867,-2.079023,1.149043e+05,1.798432e+05,5.743561e+04,1.004470e+00,3.682407e+04
643,3.666645e+04,-7.319225,-0.782806,3.133076,2.022200e+05,2.162786e+04,-8.656254e+04,0.000000e+00,0.000000e+00
644,3.672086e+04,-1.079294,-0.266235,7.922389,2.984153e+04,7.361153e+03,-2.190470e+05,1.000704e+00,3.674673e+04
645,3.688741e+04,6.255028,4.570530,-1.996217,-1.733377e+05,-1.266573e+05,5.531865e+04,1.005227e+00,3.708024e+04
646,3.696730e+04,-2.747277,-3.394205,-6.703122,7.621420e+04,9.416111e+04,1.859562e+05,1.001702e+00,3.703023e+04
647,3.713225e+04,-2.677951,-3.008121,6.912292,7.445657e+04,8.363647e+04,-1.921863e+05,1.002356e+00,3.721973e+04
648,3.717394e+04,-0.266607,-6.880449,-4.072879,7.416771e+03,1.914083e+05,1.133040e+05,3.293726e-01,1.224408e+04
649,3.721071e+04,-0.110140,-1.704059,-7.815629,3.065525e+03,4.742892e+04,2.175317e+05,9.977760e-01,3.712795e+04
650,3.721794e+04,6.739360,2.724299,3.340543,-1.875942e+05,-7.583253e+04,-9.298607e+04,1.006032e+00,3.744245e+04
651,3.725382e+04,2.656773,5.280354,5.390679,-7.398855e+04,-1.470528e+05,-1.501252e+05,1.003006e+00,3.736580e+04
652,3.732362e+04,-7.346177,-3.130486,0.483471,2.047755e+05,8.726263e+04,-1.347680e+04,1.002584e+00,3.742006e+04
653,3.739117e+04,-1.381566,-4.204998,-6.664028,3.854613e+04,1.173208e+05,1.859285e+05,9.584925e-01,3.583916e+04
654,3.740120e+04,1.759486,0.022496,7.804082,-4.909682e+04,-6.277278e+02,-2.177656e+05,1.002609e+00,3.749878e+04
655,3.750822e+04,0.690860,0.000027,-7.970114,-1.930537e+04,-7.600206e-01,2.227165e+05,9.976728e-01,3.742093e+04
656,3.753403e+04,-5.500195,-3.797598,4.396147,1.537501e+05,1.061564e+05,-1.228880e+05,1.003345e+00,3.765958e+04
657,3.753929e+04,1.734223,-4.950261,6.040479,-4.848111e+04,1.383872e+05,-1.688648e+05,1.004158e+00,3.769537e+04
658,3.755985e+04,-0.497503,4.723185,6.437703,1.391177e+04,-1.320753e+05,-1.800187e+05,9.993870e-01,3.753683e+04
659,3.759651e+04,-4.691389,-6.111407,-2.154432,1.312502e+05,1.709778e+05,6.027418e+04,1.005236e+00,3.779337e+04
660,3.759682e+04,-4.489911,2.142222,6.265109,1.256140e+05,-5.993282e+04,-1.752786e+05,3.057420e-01,1.149493e+04
661,3.760796e+04,6.864859,-2.066049,3.550374,-1.920862e+05,5.781028e+04,-9.934332e+04,1.004277e+00,3.776880e+04
662,3.763040e+04,3.415096,3.803569,6.153859,-9.558659e+04,-1.064597e+05,-1.722430e+05,1.003750e+00,3.777152e+04
663,3.766601e+04,4.386539,5.091894,-4.339457,-1.228348e+05,-1.425866e+05,1.215164e+05,1.004581e+00,3.783857e+04
664,3.787210e+04,-1.100243,-5.718235,5.485550,3.089390e+04,1.605633e+05,-1.540297e+05,1.003879e+00,3.801899e+04
665,3.790704e+04,4.633193,-0.082880,6.521246,-1.301562e+05,2.328281e+03,-1.831957e+05,1.005047e+00,3.809837e+04
666,3.793439e+04,0.850916,1.271160,7.852394,-2.391267e+04,-3.572247e+04,-2.206700e+05,1.001336e+00,3.798506e+04
667,3.804046e+04,-5.238543,-4.865222,3.589886,1.474205e+05,1.369147e+05,-1.010248e+05,1.004994e+00,3.823045e+04
668,3.812329e+04,-2.240516,2.756290,7.168190,6.312014e+04,-7.765058e+04,-2.019433e+05,9.970840e-01,3.801212e+04
669,3.813389e+04,-3.309338,-0.436856,-7.270312,9.324410e+04,1.230887e+04,2.048487e+05,1.002201e+00,3.821783e+04
670,3.820170e+04,3.260886,-0.978751,-7.239383,-9.196056e+04,2.760185e+04,2.041585e+05,9.937613e-01,3.796337e+04
671,3.822713e+04,1.039278,-0.684958,-7.902578,-2.931853e+04,1.932301e+04,2.229355e+05,9.972197e-01,3.812084e+04
672,3.835813e+04,5.969078,-4.232593,3.233460,-1.686789e+05,1.196079e+05,-9.137363e+04,1.002560e+00,3.845632e+04
673,3.846651e+04,6.815838,0.719712,4.126302,-1.928791e+05,-2.036691e+04,-1.167689e+05,1.005731e+00,3.868695e+04
674,3.853821e+04,-1.511248,-0.868564,-7.807799,4.280617e+04,2.460211e+04,2.211562e+05,9.999703e-01,3.853707e+04
675,3.854980e+04,1.442726,-1.491005,-7.726283,-4.087142e+04,4.223912e+04,2.188801e+05,9.941717e-01,3.832512e+04
676,3.859619e+04,2.027320,-2.629507,7.278438,-5.746710e+04,7.453688e+04,-2.063170e+05,1.003869e+00,3.874554e+04
677,3.866159e+04,4.555788,5.786545,-3.124210,-1.292492e+05,-1.641662e+05,8.863489e+04,1.005418e+00,3.887107e+04
678,3.866520e+04,5.027443,-5.591125,-2.732057,-1.426369e+05,1.586295e+05,7.751301e+04,9.169406e-01,3.545369e+04
679,3.871511e+04,-7.201576,-1.274268,3.242460,2.044525e+05,3.617642e+04,-9.205333e+04,3.346054e-01,1.295428e+04
680,3.885764e+04,-6.100921,-1.980071,4.781013,1.735235e+05,5.631754e+04,-1.359824e+05,8.808601e-01,3.422814e+04
681,3.889209e+04,-3.920103,-2.078241,6.656854,1.115457e+05,5.913589e+04,-1.894194e+05,1.001127e+00,3.893593e+04
682,3.891051e+04,1.056035,-7.836551,-1.213776,-3.005637e+04,2.230402e+05,3.454591e+04,9.844530e-01,3.830556e+04
683,3.892688e+04,5.339463,0.877034,-5.892448,-1.520012e+05,-2.496698e+04,1.677433e+05,9.970177e-01,3.881079e+04
684,3.901178e+04,-4.991844,0.471046,-6.233747,1.422602e+05,-1.342412e+04,1.776527e+05,1.003909e+00,3.916428e+04
685,3.902108e+04,3.390981,0.630005,-7.218334,-9.664952e+04,-1.795635e+04,2.057365e+05,9.965292e-01,3.888565e+04
686,3.904236e+04,-0.860416,-6.863247,4.019393,2.453021e+04,1.956691e+05,-1.145917e+05,1.004081e+00,3.920169e+04
687,3.905024e+04,0.285619,4.445762,-6.644819,-8.143728e+03,-1.267602e+05,1.894609e+05,1.003745e+00,3.919649e+04
688,3.911145e+04,3.687052,2.738668,6.550217,-1.052097e+05,-7.814765e+04,-1.869099e+05,1.004127e+00,3.927285e+04
689,3.912960e+04,0.535957,4.754994,6.411145,-1.529702e+04,-1.357148e+05,-1.829839e+05,1.000557e+00,3.915138e+04
690,3.940678e+04,0.432826,0.190778,-7.986004,-1.239720e+04,-5.464341e+03,2.287387e+05,9.984452e-01,3.934551e+04
691,3.946081e+04,-7.179501,-1.249320,3.300601,2.057794e+05,3.580811e+04,-9.460208e+04,3.062927e-01,1.208656e+04
692,3.957819e+04,-1.317924,7.797776,1.207377,3.783059e+04,-2.238326e+05,-3.465736e+04,1.000799e+00,3.960981e+04
693,3.968525e+04,-1.674095,0.039830,-7.822776,4.811930e+04,-1.144852e+03,2.248537e+05,1.000670e+00,3.971184e+04
694,4.012663e+04,-5.661295,2.007347,5.283966,1.636277e+05,-5.801810e+04,-1.527218e+05,0.000000e+00,0.000000e+00
695,4.012807e+04,1.913112,2.641281,-7.305042,-5.529543e+04,-7.634197e+04,2.111405e+05,1.000967e+00,4.016686e+04
696,4.026084e+04,1.864608,-0.786058,-7.739855,-5.398257e+04,2.275728e+04,2.240778e+05,9.966552e-01,4.012618e+04
697,4.058410e+04,4.020695,0.898948,6.857543,-1.168702e+05,-2.612988e+04,-1.993293e+05,1.004637e+00,4.077228e+04
698,4.059391e+04,-1.703532,7.739407,-1.095247,4.952281e+04,-2.249898e+05,3.183957e+04,1.002106e+00,4.067941e+04
699,4.064971e+04,0.794329,0.009842,7.960461,-2.310756e+04,-2.862970e+02,-2.315750e+05,1.002045e+00,4.073285e+04
700,4.066676e+04,-2.745236,-2.414588,7.115718,7.987745e+04,7.025667e+04,-2.070443e+05,1.002477e+00,4.076751e+04
701,4.067047e+04,-5.725301,-4.780819,2.892180,1.665952e+05,1.391126e+05,-8.415685e+04,1.005308e+00,4.088634e+04
702,4.085799e+04,-5.740653,1.750744,-5.289593,1.674266e+05,-5.106060e+04,1.542714e+05,1.003656e+00,4.100736e+04
703,4.095482e+04,1.657741,2.062713,7.549643,-4.840542e+04,-6.023044e+04,-2.204467e+05,1.002244e+00,4.104674e+04
704,4.099164e+04,3.158893,-0.634706,7.322469,-9.227991e+04,1.854149e+04,-2.139094e+05,1.004248e+00,4.116579e+04
705,4.110546e+04,1.835496,1.906931,-7.549475,-5.369425e+04,-5.578395e+04,2.208468e+05,9.998908e-01,4.110097e+04
706,4.116711e+04,-0.761893,-0.605930,7.940552,2.230456e+04,1.773871e+04,-2.324613e+05,1.001455e+00,4.122700e+04
707,4.127760e+04,0.431160,3.989886,6.920615,-1.263923e+04,-1.169614e+05,-2.028741e+05,1.000773e+00,4.130953e+04
708,4.138402e+04,7.265978,3.325579,0.382202,-2.132726e+05,-9.761314e+04,-1.121848e+04,1.005633e+00,4.161712e+04
709,4.143387e+04,-1.399352,-3.138920,7.224195,4.109883e+04,9.218974e+04,-2.121739e+05,1.002561e+00,4.153996e+04
710,4.161809e+04,4.428048,-2.913231,5.992118,-1.303401e+05,8.575128e+04,-1.763787e+05,1.004970e+00,4.182494e+04
711,4.164300e+04,0.039789,5.082799,6.177667,-1.171543e+03,-1.496575e+05,-1.818948e+05,1.000443e+00,4.166144e+04
712,4.174011e+04,-2.982972,-4.270218,6.071829,8.793275e+04,1.258785e+05,-1.789868e+05,1.003404e+00,4.188218e+04
713,4.176000e+04,0.166838,0.107879,7.997533,-4.919259e+03,-3.180834e+03,-2.358093e+05,1.001656e+00,4.182915e+04
714,4.201901e+04,4.263602,-5.037010,-4.522192,-1.261027e+05,1.489774e+05,1.337509e+05,0.000000e+00,0.000000e+00
715,4.206432e+04,-0.063599,1.320113,-7.890073,1.882048e+03,-3.906543e+04,2.334870e+05,1.000546e+00,4.208727e+04
716,4.212310e+04,-0.914785,4.593568,6.485546,2.708969e+04,-1.360301e+05,-1.920575e+05,9.998942e-01,4.211864e+04
717,4.222666e+04,6.137648,-4.349591,-2.722192,-1.819785e+05,1.289634e+05,8.071176e+04,9.882358e-01,4.172990e+04
718,4.229802e+04,0.231546,-0.435176,7.984799,-6.871044e+03,1.291366e+04,-2.369456e+05,1.001970e+00,4.238132e+04
719,4.232773e+04,5.569693,-4.588700,-3.452876,-1.653364e+05,1.362156e+05,1.024986e+05,9.527046e-01,4.032582e+04
720,4.250718e+04,1.552840,-1.741329,7.652219,-4.619369e+04,5.180083e+04,-2.276372e+05,1.003468e+00,4.265460e+04
721,4.254618e+04,5.139795,-6.112573,-0.467927,-1.529681e+05,1.819194e+05,1.392620e+04,9.934976e-01,4.226953e+04
722,4.265537e+04,-0.137403,0.012348,7.998810,4.094574e+03,-3.679719e+02,-2.383619e+05,1.001608e+00,4.272397e+04
723,4.267103e+04,3.957008,6.822503,-1.339977,-1.179392e+05,-2.033457e+05,3.993821e+04,1.005780e+00,4.291769e+04
724,4.268619e+04,6.535811,-1.015940,-4.500116,-1.948354e+05,3.028561e+04,1.341504e+05,9.954055e-01,4.249007e+04
725,4.269328e+04,-2.230312,-5.591532,5.268821,6.649211e+04,1.666999e+05,-1.570789e+05,1.004070e+00,4.286704e+04
726,4.270927e+04,-4.721447,2.561142,5.928616,1.407865e+05,-7.636940e+04,-1.767824e+05,1.916771e-02,8.186392e+02
727,4.275166e+04,-2.224594,1.195773,7.590870,6.636695e+04,-3.567385e+04,-2.264606e+05,1.000402e+00,4.276883e+04
728,4.278269e+04,-7.201486,3.347190,0.966915,2.149220e+05,-9.989392e+04,-2.885673e+04,3.105195e-01,1.328486e+04
729,4.278780e+04,-3.710417,-4.080643,-5.794925,1.107407e+05,1.217905e+05,1.729547e+05,1.003459e+00,4.293579e+04
730,4.289102e+04,-6.920095,3.658420,-1.651741,2.067854e+05,-1.093205e+05,4.935712e+04,9.954696e-01,4.269671e+04
731,4.295665e+04,-6.918725,3.107006,-2.545144,2.069026e+05,-9.291419e+04,7.611183e+04,9.998249e-01,4.294913e+04
732,4.321719e+04,-5.252211,0.826541,5.977550,1.575416e+05,-2.479233e+04,-1.792983e+05,1.008326e-08,4.357701e-04
733,4.335432e+04,-0.529672,-0.049435,-7.982293,1.591284e+04,1.485158e+03,2.398107e+05,9.998803e-01,4.334913e+04
734,4.378719e+04,-6.147856,3.106934,-4.068270,1.856188e+05,-9.380593e+04,1.228310e+05,1.002486e+00,4.389605e+04
735,4.379287e+04,1.653601,4.776806,-6.200623,-4.992949e+04,-1.442328e+05,1.872241e+05,1.004141e+00,4.397421e+04
736,4.392823e+04,1.201343,3.319967,7.178760,-3.632983e+04,-1.003992e+05,-2.170931e+05,1.001861e+00,4.400996e+04
737,4.396887e+04,-0.956789,-7.936749,0.304253,2.894766e+04,2.401264e+05,-9.205173e+03,1.001440e+00,4.403220e+04
738,4.399164e+04,0.065402,-0.702847,7.968797,-1.979255e+03,2.127015e+04,-2.411585e+05,1.002133e+00,4.408546e+04
739,4.404252e+04,-1.493109,-2.253832,7.529334,4.521186e+04,6.824679e+04,-2.279908e+05,1.002331e+00,4.414519e+04
740,4.406564e+04,1.389254,-7.753087,1.399861,-4.207812e+04,2.348277e+05,-4.239938e+04,1.000190e+00,4.407402e+04
741,4.413098e+04,4.336162,6.306996,-2.327982,-1.314323e+05,-1.911697e+05,7.056285e+04,1.005758e+00,4.438508e+04
742,4.414809e+04,3.861822,-6.535182,-2.525417,-1.170773e+05,1.981245e+05,7.656208e+04,8.016379e-01,3.539078e+04
743,4.422071e+04,2.491180,7.596111,0.305162,-7.558621e+04,-2.304776e+05,-9.259073e+03,1.004917e+00,4.443813e+04
744,4.423883e+04,-2.363917,-7.302727,2.254347,7.173955e+04,2.216213e+05,-6.841435e+04,1.004552e+00,4.444023e+04
745,4.442347e+04,3.388241,-2.442524,6.823042,-1.030398e+05,7.427962e+04,-2.074956e+05,1.004787e+00,4.463613e+04
746,4.451922e+04,6.981265,-3.618699,-1.472057,-2.125360e+05,1.101668e+05,4.481495e+04,9.958038e-01,4.433241e+04
747,4.504790e+04,-7.928659,0.684793,-0.816965,2.428073e+05,-2.097109e+04,2.501874e+04,9.819012e-01,4.423259e+04
748,4.526715e+04,-3.176131,-2.114947,7.031301,9.750224e+04,6.492556e+04,-2.158499e+05,1.002912e+00,4.539899e+04
749,4.530620e+04,-1.504437,-7.511631,2.304792,4.620376e+04,2.306948e+05,-7.078403e+04,1.004021e+00,4.548840e+04
750,4.535411e+04,1.462759,0.101365,7.864481,-4.494752e+04,-3.114738e+03,-2.416590e+05,1.002947e+00,4.548776e+04
751,4.543163e+04,5.434237,-0.786798,5.818076,-1.671254e+05,2.419732e+04,-1.789300e+05,1.005483e+00,4.568072e+04
752,4.576491e+04,-2.755521,3.263472,-6.764382,8.505398e+04,-1.007328e+05,2.087945e+05,1.004049e+00,4.595020e+04
753,4.581272e+04,-2.737909,6.370412,3.990201,8.455450e+04,-1.967366e+05,-1.232289e+05,9.984159e-01,4.574015e+04
754,4.602679e+04,-4.473751,-5.816829,3.185915,1.384847e+05,1.800596e+05,-9.861982e+04,1.005188e+00,4.626560e+04
755,4.604734e+04,0.666813,0.957767,7.914420,-2.064577e+04,-2.965425e+04,-2.450451e+05,1.002111e+00,4.614454e+04
756,4.606703e+04,-6.091620,-4.902684,-1.689929,1.886482e+05,1.518286e+05,5.233452e+04,1.006190e+00,4.635219e+04
757,4.660016e+04,-6.331829,3.651686,-3.251635,1.972185e+05,-1.137396e+05,1.012792e+05,1.001730e+00,4.668077e+04
758,4.693112e+04,-1.848536,-5.264899,5.732691,5.778074e+04,1.645679e+05,-1.791900e+05,1.004039e+00,4.712068e+04
759,4.697486e+04,3.511891,-6.256419,-3.538905,-1.098243e+05,1.956515e+05,1.106691e+05,0.000000e+00,0.000000e+00
760,4.707089e+04,-0.891912,-6.890250,3.965974,2.792050e+04,2.156929e+05,-1.241512e+05,1.004409e+00,4.727841e+04
761,4.722648e+04,7.484298,-1.669388,-2.280006,-2.346759e+05,5.234495e+04,7.149134e+04,9.982344e-01,4.714310e+04
762,4.729188e+04,7.774422,1.321852,-1.345761,-2.439417e+05,-4.147639e+04,4.222657e+04,1.003432e+00,4.745417e+04
763,4.732936e+04,-1.999181,7.745923,0.062891,6.275410e+04,-2.431438e+05,-1.974157e+03,1.001750e+00,4.741219e+04
764,4.736582e+04,-0.059389,0.174565,7.997875,1.864925e+03,-5.481679e+03,-2.511492e+05,1.002024e+00,4.746170e+04
765,4.750781e+04,0.162501,-7.798094,1.778572,-5.110501e+03,2.452425e+05,-5.593437e+04,1.002297e+00,4.761696e+04
766,4.767544e+04,7.907071,0.280548,1.183012,-2.491080e+05,-8.838524e+03,-3.727014e+04,1.004495e+00,4.788974e+04
767,4.777968e+04,-6.352496,2.555699,-4.136931,2.003506e+05,-8.060388e+04,1.304742e+05,1.003012e+00,4.792361e+04
768,4.788876e+04,-7.258818,-2.459342,2.293729,2.291962e+05,7.765338e+04,-7.242418e+04,9.804506e-01,4.695256e+04
769,4.805041e+04,-6.394640,0.174462,4.803971,2.022504e+05,-5.517913e+03,-1.519405e+05,0.000000e+00,0.000000e+00
770,4.830015e+04,4.538842,-5.245081,3.985981,-1.439276e+05,1.663225e+05,-1.263962e+05,1.003609e+00,4.847449e+04
771,4.831682e+04,1.811049,-2.020589,7.525777,-5.743864e+04,6.408434e+04,-2.386850e+05,1.004022e+00,4.851113e+04
772,4.845776e+04,3.155093,0.288102,-7.345909,-1.002117e+05,-9.150661e+03,2.333200e+05,9.980580e-01,4.836365e+04
773,4.858431e+04,1.866130,1.241011,-7.679678,-5.934917e+04,-3.946830e+04,2.442394e+05,9.998884e-01,4.857889e+04
774,4.859064e+04,0.179804,-3.641841,-7.120721,-5.718733e+03,1.158302e+05,2.264774e+05,8.248475e-01,4.007987e+04
775,4.872881e+04,7.084903,-0.202240,3.709885,-2.256584e+05,6.441479e+03,-1.181621e+05,1.005492e+00,4.899643e+04
776,4.879489e+04,0.937998,7.848100,-1.235912,-2.989604e+04,-2.501361e+05,3.939122e+04,1.004616e+00,4.902012e+04
777,4.903012e+04,3.959127,2.489606,6.490545,-1.264898e+05,-7.954022e+04,-2.073659e+05,1.004737e+00,4.926238e+04
778,4.915777e+04,7.232046,-3.417607,0.132186,-2.313566e+05,1.093309e+05,-4.228685e+03,9.998444e-01,4.915012e+04
779,4.917334e+04,-3.615526,4.223515,-5.752382,1.156807e+05,-1.351337e+05,1.840506e+05,1.004187e+00,4.937922e+04
780,4.928364e+04,-3.327010,-7.134884,1.422827,1.065688e+05,2.285404e+05,-4.557516e+04,1.005112e+00,4.953558e+04
781,4.956693e+04,-5.813878,-2.002822,-5.117375,1.867612e+05,6.433733e+04,1.643872e+05,1.005098e+00,4.981960e+04
782,4.962433e+04,-1.559809,-4.758945,-6.238545,5.013527e+04,1.529617e+05,2.005189e+05,9.673422e-01,4.800371e+04
783,4.989773e+04,3.090406,-3.804326,-6.322697,-9.960486e+04,1.226147e+05,2.037828e+05,0.000000e+00,0.000000e+00
784,4.995336e+04,-7.765726,1.918165,-0.118889,2.504316e+05,-6.185760e+04,3.833966e+03,9.057459e-01,4.524505e+04
785,5.005149e+04,-0.425242,-0.031392,7.988628,1.372679e+04,1.013329e+03,-2.578727e+05,1.002154e+00,5.015930e+04
786,5.012042e+04,-1.442460,0.635675,-7.843164,4.659463e+04,-2.053370e+04,2.533514e+05,1.001938e+00,5.021754e+04
787,5.013614e+04,1.445826,-7.866971,0.142692,-4.671066e+04,2.541603e+05,-4.609986e+03,9.984563e-01,5.005875e+04
788,5.044176e+04,1.203249,0.665050,-7.880983,-3.899199e+04,-2.155132e+04,2.553878e+05,9.998686e-01,5.043514e+04
789,5.046757e+04,-2.094321,-7.717613,-0.228614,6.788506e+04,2.501577e+05,7.410278e+03,1.003126e+00,5.062532e+04
790,5.056316e+04,6.430326,3.484271,3.242030,-2.086291e+05,-1.130456e+05,-1.051862e+05,1.006070e+00,5.087006e+04
791,5.060767e+04,-2.887625,2.992615,6.834169,9.372894e+04,-9.713679e+04,-2.218291e+05,9.929963e-01,5.025323e+04
792,5.065022e+04,0.927687,0.638810,-7.920310,-3.012430e+04,-2.074374e+04,2.571920e+05,1.000062e+00,5.065338e+04
793,5.134215e+04,-5.765204,4.826063,-2.733412,1.884848e+05,-1.577810e+05,8.936485e+04,1.001725e+00,5.143072e+04
794,5.160156e+04,2.575112,7.486495,1.149434,-8.440188e+04,-2.453774e+05,-3.767388e+04,1.004913e+00,5.185506e+04
795,5.163419e+04,-3.645553,4.029262,-5.871541,1.195244e+05,-1.321049e+05,1.925065e+05,1.004302e+00,5.185634e+04
796,5.165667e+04,5.388715,3.789608,-4.538791,-1.767149e+05,-1.242745e+05,1.488429e+05,1.003951e+00,5.186075e+04
797,5.182511e+04,0.779790,4.147640,6.796250,-2.561371e+04,-1.362372e+05,-2.232359e+05,1.002102e+00,5.193403e+04
798,5.209594e+04,2.096209,-5.179913,5.724893,-6.903371e+04,1.705882e+05,-1.885359e+05,1.004692e+00,5.234035e+04
799,5.210086e+04,-5.383832,-2.444197,5.388901,1.773122e+05,8.049768e+04,-1.774791e+05,9.941438e-01,5.179574e+04
800,5.224393e+04,-1.249663,0.436870,7.889708,4.121312e+04,-1.440770e+04,-2.601977e+05,1.002070e+00,5.235210e+04
801,5.248038e+04,6.284308,-3.783042,-3.193128,-2.077211e+05,1.250444e+05,1.055454e+05,9.932980e-01,5.212866e+04
802,5.279599e+04,7.084293,-1.086125,3.554311,-2.348668e+05,3.600851e+04,-1.178367e+05,1.005190e+00,5.306999e+04
803,5.307099e+04,0.562493,-0.796216,-7.940380,-1.869693e+04,2.646575e+04,2.639335e+05,1.000029e+00,5.307256e+04
804,5.322496e+04,2.030655,-2.509548,-7.319741,-6.759559e+04,8.353679e+04,2.436565e+05,9.490862e-01,5.051508e+04
805,5.356311e+04,7.160533,0.297589,3.555026,-2.391128e+05,-9.937446e+03,-1.187135e+05,1.005647e+00,5.386560e+04
806,5.361483e+04,-4.025860,-4.121142,-5.550553,1.345011e+05,1.376844e+05,1.854400e+05,1.004231e+00,5.384167e+04
807,5.367619e+04,-0.351965,7.983689,0.369910,1.176561e+04,-2.668819e+05,-1.236551e+04,1.003328e+00,5.385483e+04
808,5.368654e+04,4.984483,6.253958,0.207231,-1.666393e+05,-2.090799e+05,-6.928068e+03,1.005994e+00,5.400836e+04
809,5.379512e+04,-0.226565,0.770365,-7.959598,7.582091e+03,-2.578057e+04,2.663712e+05,1.001353e+00,5.386791e+04
810,5.443122e+04,-5.564436,-2.692871,-5.077942,1.873138e+05,9.064925e+04,1.709371e+05,1.005212e+00,5.471494e+04
811,5.445263e+04,0.940019,-5.900099,-5.320262,-3.164977e+04,1.986522e+05,1.791295e+05,0.000000e+00,0.000000e+00
812,5.462929e+04,-3.751171,2.353211,-6.662666,1.265040e+05,-7.935938e+04,2.246909e+05,1.004371e+00,5.486807e+04
813,5.501322e+04,-7.612087,-1.175685,-2.161921,2.576095e+05,3.978772e+04,7.316410e+04,1.004099e+00,5.523872e+04
814,5.551048e+04,-0.518529,-6.002274,5.263443,1.762728e+04,2.040460e+05,-1.789295e+05,1.004640e+00,5.576807e+04
815,5.558947e+04,-0.423265,-7.770376,1.855291,1.439904e+04,2.643400e+05,-6.311504e+04,1.003380e+00,5.577735e+04
816,5.592447e+04,1.562257,-2.313419,7.497162,-5.330625e+04,7.893688e+04,-2.558129e+05,1.004250e+00,5.616217e+04
817,5.632920e+04,-2.512056,-5.761338,4.949400,8.602421e+04,1.972944e+05,-1.694900e+05,1.004633e+00,5.659017e+04
818,5.640819e+04,0.036715,6.990961,-3.889102,-1.258168e+03,-2.395701e+05,1.332739e+05,1.005053e+00,5.669324e+04
819,5.650925e+04,7.930544,0.952118,0.447145,-2.720116e+05,-3.265694e+04,-1.533674e+04,1.004720e+00,5.677596e+04
820,5.653448e+04,5.404426,5.407015,2.357195,-1.854091e+05,-1.854979e+05,-8.086804e+04,1.005959e+00,5.687135e+04
821,5.665616e+04,-6.886180,0.772196,3.998029,2.364975e+05,-2.652012e+04,-1.373075e+05,0.000000e+00,0.000000e+00
822,5.667496e+04,7.236702,2.356289,2.465370,-2.485770e+05,-8.093732e+04,-8.468419e+04,1.005942e+00,5.701174e+04
823,5.669643e+04,-6.030101,-4.945217,1.784014,2.071701e+05,1.698979e+05,-6.129159e+04,1.005776e+00,5.702391e+04
824,5.673500e+04,-2.201175,1.089791,7.613618,7.564929e+04,-3.745360e+04,-2.616624e+05,1.002195e+00,5.685956e+04
825,5.676542e+04,-7.724321,1.172699,-1.720362,2.655381e+05,-4.031373e+04,5.914069e+04,9.997155e-01,5.674926e+04
826,5.698273e+04,6.489692,3.643198,2.934453,-2.235220e+05,-1.254813e+05,-1.010703e+05,1.006089e+00,5.732972e+04
827,5.716974e+04,-3.001303,-3.452145,6.563145,1.035422e+05,1.190959e+05,-2.264226e+05,1.003818e+00,5.738800e+04
828,5.723729e+04,7.136149,2.807490,-2.278897,-2.463361e+05,-9.691310e+04,7.866633e+04,1.004471e+00,5.749318e+04
829,5.739604e+04,3.303101,-2.886707,-6.690026,-1.141793e+05,9.978570e+04,2.312562e+05,8.445438e-01,4.847347e+04
830,5.742051e+04,0.978300,-3.332329,7.206838,-3.382440e+04,1.152142e+05,-2.491741e+05,1.004325e+00,5.766888e+04
831,5.779608e+04,1.422169,6.471111,4.483543,-4.933160e+04,-2.244671e+05,-1.555232e+05,1.003355e+00,5.799000e+04
832,5.790259e+04,-0.573731,-0.467079,-7.965718,1.991965e+04,1.621677e+04,2.765659e+05,1.001286e+00,5.797703e+04
833,5.792467e+04,4.119839,-3.587564,-5.844340,-1.430661e+05,1.245822e+05,2.029513e+05,5.527812e-01,3.201967e+04
834,5.793428e+04,1.397869,7.600542,2.068266,-4.854660e+04,-2.639593e+05,-7.182884e+04,1.004083e+00,5.817082e+04
835,5.832962e+04,6.245503,4.766483,1.508089,-2.176390e+05,-1.660991e+05,-5.255284e+04,1.006115e+00,5.868630e+04
836,5.834658e+04,1.025176,-5.097609,-6.079753,-3.572981e+04,1.776638e+05,2.118938e+05,0.000000e+00,0.000000e+00
837,5.838707e+04,4.180650,1.273530,-6.700768,-1.457561e+05,-4.440095e+04,2.336187e+05,1.000369e+00,5.840860e+04
838,5.844492e+04,-1.747119,-0.711607,7.774393,6.094255e+04,2.482210e+04,-2.711843e+05,1.002828e+00,5.861023e+04
839,5.846576e+04,-0.860420,7.707098,-1.964768,3.001829e+04,-2.688849e+05,6.854673e+04,1.004195e+00,5.871105e+04
840,5.869886e+04,-1.331389,-1.612561,-7.721855,4.654194e+04,5.637099e+04,2.699362e+05,1.001967e+00,5.881434e+04
841,5.872903e+04,0.611081,-7.972861,-0.245074,-2.136731e+04,2.787824e+05,8.569365e+03,9.999381e-01,5.872539e+04
842,5.880582e+04,4.914511,-1.389126,-6.157752,-1.719551e+05,4.860449e+04,2.154552e+05,9.972242e-01,5.864258e+04
843,5.925287e+04,7.557065,-2.246277,-1.358309,-2.654193e+05,7.889376e+04,4.770654e+04,1.000253e+00,5.926787e+04
844,5.931990e+04,6.516353,-4.093157,2.187054,-2.289968e+05,1.438412e+05,-7.685718e+04,1.002874e+00,5.949038e+04
845,5.935935e+04,-5.706551,1.661977,-5.354728,2.006055e+05,-5.842440e+04,1.882377e+05,1.004499e+00,5.962642e+04
846,5.975973e+04,1.919799,-7.174193,-2.974110,-6.771497e+04,2.530475e+05,1.049025e+05,5.092898e-01,3.043502e+04
847,5.988522e+04,-6.366553,-2.071606,-4.378978,2.247961e+05,7.314617e+04,1.546170e+05,1.005459e+00,6.021212e+04
848,6.002980e+04,-0.032058,-7.628383,-2.409719,1.133285e+03,2.696749e+05,8.518724e+04,9.810489e-01,5.889217e+04
849,6.040437e+04,2.214957,-4.353492,6.335698,-7.854602e+04,1.543820e+05,-2.246743e+05,1.004938e+00,6.070263e+04
850,6.077263e+04,5.325157,-3.825582,4.583407,-1.894136e+05,1.360743e+05,-1.630298e+05,1.004845e+00,6.106706e+04
851,6.103611e+04,-3.685635,7.046850,0.870628,1.313804e+05,-2.511962e+05,-3.103494e+04,1.001357e+00,6.111894e+04
852,6.111617e+04,2.714332,3.314299,-6.756317,-9.682012e+04,-1.182210e+05,2.409976e+05,1.003334e+00,6.131991e+04
853,6.151252e+04,-0.531928,3.103644,-7.354213,1.903529e+04,-1.110653e+05,2.631738e+05,1.003943e+00,6.175505e+04
854,6.160359e+04,1.293026,-5.211853,5.929981,-4.630574e+04,1.866465e+05,-2.123640e+05,1.004850e+00,6.190235e+04
855,6.220433e+04,-1.797053,-0.834807,-7.750722,6.466896e+04,3.004148e+04,2.789184e+05,1.002406e+00,6.235402e+04
856,6.222264e+04,4.358204,-0.593574,-6.682344,-1.568579e+05,2.136358e+04,2.405070e+05,9.987561e-01,6.214524e+04
857,6.268287e+04,1.457057,-1.668530,-7.687197,-5.263511e+04,6.027443e+04,2.776944e+05,9.991344e-01,6.262861e+04
858,6.281599e+04,-2.780600,-2.956795,-6.893884,1.005537e+05,1.069254e+05,2.493008e+05,1.003450e+00,6.303268e+04
859,6.301874e+04,-4.668046,-2.048177,-6.165575,1.690809e+05,7.418688e+04,2.233228e+05,1.004625e+00,6.331022e+04
860,6.331052e+04,-7.247510,-1.191298,-3.170868,2.631185e+05,4.324970e+04,1.151174e+05,1.004964e+00,6.362479e+04
861,6.344069e+04,7.094463,2.980255,2.187847,-2.578268e+05,-1.083084e+05,-7.951068e+04,1.006022e+00,6.382274e+04
862,6.354584e+04,-3.600871,-6.257593,3.446194,1.309712e+05,2.276017e+05,-1.253453e+05,1.005251e+00,6.387950e+04
863,6.360761e+04,-7.362591,-0.440431,-3.098109,2.679229e+05,1.602718e+04,1.127395e+05,1.004511e+00,6.389454e+04
864,6.372761e+04,7.431390,-2.427426,1.697657,-2.706815e+05,8.841674e+04,-6.183556e+04,1.003678e+00,6.396197e+04
865,6.377072e+04,5.980407,1.868719,-4.974195,-2.179044e+05,-6.808938e+04,1.812417e+05,1.002289e+00,6.391669e+04
866,6.389490e+04,3.281968,3.691430,-6.293014,-1.196995e+05,-1.346333e+05,2.295179e+05,1.003827e+00,6.413944e+04
867,6.469327e+04,-4.710427,1.459693,6.299300,1.728680e+05,-5.356928e+04,-2.311780e+05,6.302446e-01,4.077258e+04
868,6.474971e+04,-4.455863,1.254207,-6.524741,1.635970e+05,-4.604820e+04,2.395559e+05,1.004682e+00,6.505289e+04
869,6.513402e+04,0.092800,0.153416,-7.997990,-3.417242e+03,-5.649349e+03,2.945164e+05,1.001576e+00,6.523664e+04
870,6.527012e+04,-5.390110,4.513937,3.817209,1.986916e+05,-1.663939e+05,-1.407109e+05,2.546998e-01,1.662428e+04
871,6.545801e+04,1.142725,4.277180,-6.663326,-4.218402e+04,-1.578932e+05,2.459785e+05,1.004506e+00,6.575293e+04
872,6.548660e+04,-5.722307,2.443302,5.028467,2.112866e+05,-9.021483e+04,-1.856678e+05,0.000000e+00,0.000000e+00
873,6.550538e+04,-5.233838,6.041689,-0.323940,1.932784e+05,-2.231113e+05,1.196266e+04,1.000985e+00,6.556988e+04
874,6.563308e+04,-2.081667,3.313305,-6.977727,7.694800e+04,-1.224750e+05,2.579289e+05,1.004581e+00,6.593374e+04
875,6.568930e+04,-7.301300,-1.639806,2.828791,2.700052e+05,6.064073e+04,-1.046099e+05,8.996004e-01,5.909412e+04
876,6.573554e+04,2.357701,1.365433,7.521758,-8.721947e+04,-5.051208e+04,-2.782557e+05,1.004221e+00,6.601298e+04
877,6.585834e+04,-0.883956,7.818713,-1.444417,3.273112e+04,-2.895112e+05,5.348385e+04,1.004215e+00,6.613595e+04
878,6.587267e+04,1.980653,-1.441311,-7.615749,-7.334758e+04,5.337465e+04,2.820265e+05,9.996257e-01,6.584802e+04
879,6.602903e+04,0.294783,4.448320,-6.642707,-1.092937e+04,-1.649256e+05,2.462846e+05,1.004711e+00,6.634010e+04
880,6.604338e+04,3.825089,-6.816435,1.704378,-1.418342e+05,2.527532e+05,-6.319828e+04,1.001645e+00,6.615204e+04
881,6.627571e+04,-0.313833,-5.066367,6.183319,1.165737e+04,1.881908e+05,-2.296802e+05,1.004688e+00,6.658639e+04
882,6.634208e+04,-2.743683,-1.697554,-7.320554,1.019655e+05,6.308743e+04,2.720590e+05,1.003260e+00,6.655833e+04
883,6.635092e+04,-3.261378,-7.185931,1.313700,1.212130e+05,2.670737e+05,-4.882522e+04,1.005306e+00,6.670296e+04
884,6.659263e+04,3.334893,7.062548,-1.731734,-1.241708e+05,-2.629658e+05,6.447909e+04,1.005799e+00,6.697880e+04
885,6.660705e+04,-7.375087,2.973741,0.874621,2.746325e+05,-1.107358e+05,-3.256903e+04,6.136580e-01,4.087395e+04
886,6.712101e+04,-6.210540,3.127030,3.956119,2.321578e+05,-1.168923e+05,-1.478847e+05,0.000000e+00,0.000000e+00
887,6.724987e+04,2.828045,-1.660736,7.296856,-1.058173e+05,6.213998e+04,-2.730274e+05,1.004956e+00,6.758317e+04
888,6.789140e+04,0.717601,0.937593,-7.912393,-2.697832e+04,-3.524895e+04,2.974678e+05,1.001900e+00,6.802037e+04
889,6.799602e+04,-1.427774,1.279351,-7.766899,5.371873e+04,-4.813448e+04,2.922228e+05,1.003380e+00,6.822585e+04
890,6.874315e+04,-0.988385,-7.825016,-1.338739,3.739088e+04,2.960224e+05,5.064485e+04,1.001603e+00,6.885335e+04
891,6.909947e+04,3.034782,-3.391063,6.579574,-1.151038e+05,1.286169e+05,-2.495513e+05,1.005202e+00,6.945891e+04
892,6.930791e+04,3.451916,-3.888005,6.080106,-1.311222e+05,1.476872e+05,-2.309549e+05,1.005240e+00,6.967109e+04
893,6.935204e+04,6.887779,-3.895812,-1.175223,-2.617179e+05,1.480309e+05,4.465546e+04,9.996283e-01,6.932626e+04
894,6.961874e+04,-0.921390,4.687668,-6.416916,3.507771e+04,-1.784615e+05,2.442947e+05,1.004962e+00,6.996418e+04
895,6.961916e+04,-1.335743,4.918768,6.166159,5.085246e+04,-1.872602e+05,-2.347490e+05,1.002268e+00,6.977704e+04
896,6.976408e+04,0.799296,-0.362968,7.951690,-3.046128e+04,1.383277e+04,-3.030401e+05,1.003798e+00,7.002907e+04
897,7.004066e+04,-7.445226,-1.610497,-2.444362,2.843005e+05,6.149782e+04,9.333948e+04,1.005084e+00,7.039671e+04
898,7.033301e+04,-7.654769,1.812833,-1.455388,2.929114e+05,-6.936846e+04,5.569074e+04,9.994488e-01,7.029425e+04
899,7.066097e+04,1.156105,-7.804990,1.321196,-4.434163e+04,2.993552e+05,-5.067360e+04,1.002535e+00,7.084008e+04
900,7.067624e+04,-5.823887,-2.612020,4.822830,2.233955e+05,1.001931e+05,-1.849964e+05,9.980067e-01,7.053536e+04
901,7.069533e+04,7.411279,2.881175,-0.878504,-2.843238e+05,-1.105324e+05,3.370261e+04,1.005340e+00,7.107282e+04
902,7.088705e+04,4.176698,-6.697554,-1.303062,-1.604505e+05,2.572908e+05,5.005796e+04,9.944260e-01,7.049192e+04
903,7.106731e+04,-0.329337,2.846394,-7.469242,1.266778e+04,-1.094850e+05,2.873003e+05,1.004012e+00,7.135243e+04
904,7.113114e+04,3.595196,-6.695070,-2.500120,-1.383494e+05,2.576379e+05,9.620894e+04,9.045975e-01,6.434505e+04
905,7.144645e+04,5.923141,-5.374723,-0.169575,-2.284373e+05,2.072865e+05,6.539990e+03,9.998927e-01,7.143878e+04
906,7.168723e+04,-0.920875,5.197907,-6.011136,3.557512e+04,-2.008048e+05,2.322213e+05,1.005107e+00,7.205335e+04
907,7.224035e+04,3.197825,6.404222,3.572094,-1.240136e+05,-2.483596e+05,-1.385279e+05,1.005076e+00,7.260700e+04
908,7.242383e+04,-0.038198,-0.113627,-7.999102,1.483218e+03,4.412099e+03,3.106037e+05,1.001987e+00,7.256774e+04
909,7.246205e+04,-2.617776,-1.961390,7.300699,1.016746e+05,7.618050e+04,-2.835596e+05,1.003895e+00,7.274428e+04
910,7.278029e+04,-3.813943,3.287899,6.216394,1.484587e+05,-1.279823e+05,-2.419748e+05,9.555787e-01,6.954730e+04
911,7.317239e+04,3.398137,-0.223927,7.238958,-1.326292e+05,8.739849e+03,-2.825364e+05,1.005106e+00,7.354604e+04
912,7.330778e+04,1.426016,-3.072594,-7.247458,-5.570885e+04,1.200342e+05,2.831297e+05,9.102467e-01,6.672816e+04
913,7.392133e+04,5.720865,-3.721519,4.173967,-2.244250e+05,1.459922e+05,-1.637414e+05,1.004926e+00,7.428548e+04
914,7.482569e+04,4.187151,0.148920,6.815100,-1.652604e+05,-5.877648e+03,-2.689814e+05,1.005403e+00,7.522995e+04
915,7.504586e+04,6.697179,1.617388,-4.065938,-2.647159e+05,-6.392964e+04,1.607122e+05,1.003102e+00,7.527869e+04
916,7.505177e+04,-0.071470,-0.211882,-7.996874,2.825072e+03,8.375258e+03,3.161006e+05,1.002115e+00,7.521053e+04
917,7.557162e+04,-1.105427,3.174460,-7.259534,4.384641e+04,-1.259140e+05,2.879471e+05,1.004525e+00,7.591361e+04
918,7.589617e+04,6.856843,4.035406,0.836180,-2.725579e+05,-1.604065e+05,-3.323795e+04,1.006030e+00,7.635382e+04
919,7.639290e+04,7.923827,-1.099786,0.058575,-3.159993e+05,4.385908e+04,-2.335939e+03,1.003729e+00,7.667780e+04
920,7.659262e+04,-3.543782,-6.747975,2.430319,1.415093e+05,2.694583e+05,-9.704682e+04,1.005518e+00,7.701525e+04
921,7.660697e+04,1.725031,-0.633455,7.786077,-6.888993e+04,2.529731e+04,-3.109407e+05,1.004477e+00,7.694992e+04
922,7.678043e+04,2.913169,4.216524,-6.142831,-1.164704e+05,-1.685794e+05,2.455944e+05,1.004615e+00,7.713480e+04
923,7.714701e+04,-5.305513,-1.184239,5.869336,2.126237e+05,4.745954e+04,-2.352194e+05,9.654680e-01,7.448297e+04
924,7.727117e+04,7.312429,3.244658,-0.024033,-2.932885e+05,-1.301375e+05,9.639216e+02,1.005741e+00,7.771481e+04
925,7.734771e+04,7.588178,2.177537,1.295331,-3.044990e+05,-8.738038e+04,-5.197916e+04,1.005757e+00,7.779297e+04
926,7.736281e+04,3.288567,6.743666,-2.776381,-1.319768e+05,-2.706368e+05,1.114217e+05,1.005823e+00,7.781331e+04
927,7.755668e+04,-6.838259,-0.995984,-4.030661,2.747766e+05,4.002087e+04,1.619610e+05,1.005321e+00,7.796935e+04
928,7.850307e+04,-6.206115,-1.498059,-4.820784,2.508926e+05,6.056154e+04,1.948882e+05,1.005485e+00,7.893370e+04
929,7.861154e+04,1.746589,-1.575339,-7.646420,-7.065754e+04,6.372968e+04,3.093328e+05,1.000860e+00,7.867917e+04
930,7.950042e+04,-1.160213,1.738204,-7.722212,4.720056e+04,-7.071478e+04,3.141601e+05,1.003893e+00,7.980989e+04
931,7.960057e+04,-0.134225,-0.040660,-7.998771,5.464058e+03,1.655185e+03,3.256162e+05,1.002418e+00,7.979307e+04
932,7.963096e+04,0.409996,-6.452527,4.711347,-1.669341e+04,2.627214e+05,-1.918275e+05,1.005028e+00,8.003131e+04
933,7.965641e+04,2.955294,-3.966040,6.287827,-1.203471e+05,1.615073e+05,-2.560564e+05,1.005303e+00,8.007879e+04
934,8.037484e+04,1.166721,-0.467746,-7.900631,-4.772565e+04,1.913352e+04,3.231815e+05,1.001745e+00,8.051507e+04
935,8.048006e+04,3.999754,5.887175,-3.652826,-1.637201e+05,-2.409771e+05,1.495195e+05,1.005707e+00,8.093938e+04
936,8.135369e+04,-5.793274,1.854392,-5.196076,2.384171e+05,-7.631589e+04,2.138399e+05,1.004886e+00,8.175117e+04
937,8.195815e+04,-0.896521,7.920529,0.679316,3.703235e+04,-3.271711e+05,-2.806031e+04,1.003927e+00,8.228002e+04
938,8.197940e+04,0.624413,-1.100275,-7.899336,-2.579578e+04,4.545463e+04,3.263380e+05,1.002144e+00,8.215517e+04
939,8.212682e+04,-6.588862,-3.974781,-2.188153,2.724442e+05,1.643541e+05,9.047840e+04,1.006061e+00,8.262457e+04
940,8.236481e+04,5.231027,4.168027,-4.389068,-2.166120e+05,-1.725941e+05,1.817472e+05,1.004995e+00,8.277626e+04
941,8.275595e+04,-0.018568,-3.413899,-7.234981,7.707007e+02,1.417017e+05,3.003044e+05,9.788353e-01,8.100444e+04
942,8.307831e+04,-0.466768,-6.079640,5.178813,1.941198e+04,2.528403e+05,-2.153767e+05,1.005114e+00,8.350314e+04
943,8.362566e+04,-0.335774,0.459914,7.979708,1.401011e+04,-1.918982e+04,-3.329518e+05,1.003629e+00,8.392918e+04
944,8.404684e+04,-6.811782,0.545745,4.159542,2.849352e+05,-2.282837e+04,-1.739927e+05,0.000000e+00,0.000000e+00
945,8.462452e+04,-5.284230,5.714011,-1.851214,2.217964e+05,-2.398357e+05,7.770150e+04,1.003251e+00,8.489966e+04
946,8.517065e+04,3.018501,-7.062624,2.237854,-1.271045e+05,2.973964e+05,-9.423265e+04,1.003303e+00,8.545195e+04
947,8.543516e+04,-0.284959,7.007622,-3.848639,1.201781e+04,-2.955382e+05,1.623118e+05,1.005336e+00,8.589101e+04
948,8.546664e+04,7.225709,3.381602,0.594893,-3.047919e+05,-1.426413e+05,-2.509354e+04,1.005911e+00,8.597188e+04
949,8.568209e+04,4.212631,-5.868997,3.436366,-1.779193e+05,2.478755e+05,-1.451340e+05,1.004261e+00,8.604721e+04
950,8.623794e+04,-6.413024,4.153991,-2.370124,2.717294e+05,-1.760108e+05,1.004257e+05,1.003374e+00,8.652895e+04
951,8.637813e+04,1.084629,-1.112571,7.847660,-4.599471e+04,4.717962e+04,-3.327873e+05,1.004490e+00,8.676600e+04
952,8.676268e+04,2.938746,3.706073,-6.452038,-1.248973e+05,-1.575089e+05,2.742130e+05,1.004435e+00,8.714751e+04
953,8.680076e+04,3.300143,6.801226,-2.617706,-1.402876e+05,-2.891170e+05,1.112775e+05,1.005860e+00,8.730937e+04
954,8.736022e+04,1.147795,0.802772,7.876428,-4.894923e+04,-3.423526e+04,-3.359007e+05,1.004196e+00,8.772680e+04
955,8.740386e+04,4.892908,-4.021609,-4.887342,-2.087166e+05,1.715496e+05,2.084792e+05,9.134849e-01,7.984210e+04
956,8.769213e+04,4.775339,2.834345,-5.758701,-2.040371e+05,-1.211038e+05,2.460535e+05,1.003866e+00,8.803112e+04
957,8.781268e+04,7.032231,-2.390427,2.972135,-3.006744e+05,1.022065e+05,-1.270784e+05,1.004996e+00,8.825137e+04
958,8.877981e+04,-6.774199,3.860643,1.790437,2.912324e+05,-1.659745e+05,-7.697342e+04,4.067346e-01,3.610982e+04
959,8.912560e+04,7.567226,2.287586,1.226394,-3.259587e+05,-9.853792e+04,-5.282698e+04,1.005811e+00,8.964347e+04
960,9.039907e+04,4.055415,3.397868,-6.000676,-1.759308e+05,-1.474053e+05,2.603196e+05,1.004309e+00,9.078860e+04
961,9.101452e+04,1.745091,-7.789127,-0.533071,-7.596229e+04,3.390539e+05,2.320411e+04,1.001017e+00,9.110705e+04
962,9.142493e+04,-4.902012,-6.047522,-1.843299,2.138609e+05,2.638363e+05,8.041789e+04,1.005869e+00,9.196154e+04
963,9.337207e+04,7.501073,0.184415,-2.774868,-3.307170e+05,-8.130723e+03,1.223420e+05,1.003283e+00,9.367864e+04
964,9.364168e+04,2.863175,-1.843645,-7.239006,-1.264175e+05,8.140229e+04,3.196231e+05,9.996376e-01,9.360775e+04
965,9.426193e+04,-5.941374,0.961972,-5.270169,2.631963e+05,-4.261429e+04,2.334626e+05,1.005204e+00,9.475244e+04
966,9.541859e+04,2.482916,0.226350,7.601572,-1.106632e+05,-1.008837e+04,-3.388009e+05,1.004966e+00,9.589244e+04
967,9.588574e+04,0.268355,2.116159,7.710373,-1.198978e+04,-9.454750e+04,-3.444904e+05,1.003871e+00,9.625687e+04
968,9.597594e+04,4.165822,1.400439,6.684661,-1.862115e+05,-6.259938e+04,-2.988032e+05,1.005498e+00,9.650363e+04
969,9.607312e+04,-4.398508,5.485678,3.815818,1.967121e+05,-2.453329e+05,-1.706527e+05,9.863164e-01,9.475849e+04
970,9.786084e+04,0.238349,0.431681,-7.984788,-1.075826e+04,-1.948463e+04,3.604064e+05,1.003097e+00,9.816389e+04
971,9.825888e+04,-5.086640,0.988929,6.094925,2.300602e+05,-4.472760e+04,-2.756633e+05,6.490388e-01,6.377383e+04
972,9.934086e+04,-2.339585,4.916358,-5.861380,1.063965e+05,-2.235796e+05,2.665560e+05,1.005284e+00,9.986575e+04
973,1.023797e+05,0.756453,-7.897395,-1.029042,-3.492317e+04,3.645989e+05,4.750776e+04,1.001683e+00,1.025520e+05
974,1.037139e+05,-0.191081,0.155021,-7.996215,8.878937e+03,-7.203343e+03,3.715588e+05,1.003332e+00,1.040595e+05
975,1.048495e+05,0.076652,7.816709,-1.700936,-3.581202e+03,-3.652008e+05,7.946864e+04,1.005249e+00,1.053998e+05
976,1.049981e+05,-0.187336,7.310968,-3.242630,8.758647e+03,-3.418143e+05,1.516047e+05,1.005426e+00,1.055678e+05
977,1.060021e+05,-4.107282,0.577348,6.840826,1.929463e+05,-2.712188e+04,-3.213590e+05,9.931029e-01,1.052710e+05
978,1.063864e+05,2.775445,-5.762414,-4.805360,-1.306172e+05,2.711891e+05,2.261485e+05,0.000000e+00,0.000000e+00
979,1.070109e+05,-3.033759,-1.677052,7.209980,1.431923e+05,7.915627e+04,-3.403085e+05,1.004705e+00,1.075144e+05
980,1.073853e+05,-0.918147,0.673686,-7.918532,4.341197e+04,-3.185333e+04,3.744051e+05,1.003922e+00,1.078064e+05
981,1.078258e+05,-2.244608,6.757040,3.647486,1.063473e+05,-3.201419e+05,-1.728143e+05,1.003522e+00,1.082056e+05
982,1.111929e+05,7.573999,-0.212952,-2.566942,-3.644084e+05,1.024576e+04,1.235035e+05,1.003581e+00,1.115911e+05
983,1.121151e+05,1.439887,-6.667320,-4.180140,-6.956413e+04,3.221129e+05,2.019517e+05,0.000000e+00,0.000000e+00
984,1.137850e+05,0.006764,-5.598427,5.714680,-3.292162e+02,2.724791e+05,-2.781372e+05,1.005350e+00,1.143937e+05
985,1.214448e+05,3.311943,-0.910179,7.225137,-1.665317e+05,4.576577e+04,-3.632957e+05,1.005515e+00,1.221146e+05
986,1.254602e+05,-1.302503,-0.124069,-7.892281,6.656662e+04,6.340758e+03,4.033483e+05,1.004136e+00,1.259791e+05
987,1.255578e+05,-0.852579,-0.714306,7.922302,4.358942e+04,3.652001e+04,-4.050400e+05,1.004520e+00,1.261253e+05
988,1.267932e+05,2.391665,-5.782960,-4.983705,-1.228777e+05,2.971138e+05,2.560502e+05,2.208794e-01,2.800601e+04
989,1.331816e+05,-7.309394,0.678306,3.180041,3.848825e+05,-3.571678e+04,-1.674478e+05,0.000000e+00,0.000000e+00
990,1.353666e+05,-0.389755,3.453011,-7.205887,2.069055e+04,-1.833067e+05,3.825321e+05,1.005203e+00,1.360710e+05
991,1.361666e+05,2.819277,5.284601,-5.303270,-1.501059e+05,-2.813664e+05,2.823603e+05,1.005628e+00,1.369330e+05
992,1.366493e+05,6.322892,-0.400251,-4.884756,-3.372439e+05,2.134820e+04,2.605381e+05,1.002968e+00,1.370548e+05
993,1.367172e+05,6.010318,-0.316685,5.270274,-3.206518e+05,1.689519e+04,-2.811703e+05,1.005929e+00,1.375278e+05
994,1.416875e+05,-0.207130,2.581747,-7.569127,1.124949e+04,-1.402181e+05,4.110893e+05,1.004936e+00,1.423868e+05
995,1.431183e+05,5.814907,4.435926,3.241823,-3.174059e+05,-2.421345e+05,-1.769545e+05,1.006047e+00,1.439837e+05
996,1.468734e+05,3.130163,-5.103036,-5.306703,-1.730865e+05,2.821791e+05,2.934411e+05,0.000000e+00,0.000000e+00
997,1.489894e+05,6.135843,-1.455737,-4.922627,-3.417249e+05,8.107470e+04,2.741570e+05,1.002737e+00,1.493971e+05
998,1.543791e+05,-1.191152,-0.945536,-7.854115,6.752837e+04,5.360397e+04,4.452626e+05,1.004359e+00,1.550520e+05
999,1.623162e+05,-0.381770,2.521038,7.582784,2.219258e+04,-1.465497e+05,-4.407925e+05,1.004646e+00,1.630703e+05

Summary
Radius,2.000000m
Current,1.0000e+05A
Temperature,1.0000e+08K
Mass,9.3688e-26kg
Charge,4.1657e-18C
Dose expected value,3.1149e+04
Total,1000
Seed,781567
