i,eV,x_0,y_0,z_0,v_x,v_y,v_z,hit_p,exp_eV
0,1.514980e+02,5.374109,5.834810,1.036315,-2.061760e+04,-2.238506e+04,-3.975790e+03,0.000000e+00,0.000000e+00
1,1.810215e+02,1.312008,6.641518,-4.262496,-5.502113e+03,-2.785226e+04,1.787546e+04,0.000000e+00,0.000000e+00
2,4.218013e+02,7.322249,-3.185409,-0.487684,-4.687341e+04,2.039141e+04,3.121912e+03,1.195649e-06,5.043262e-04
3,6.178340e+02,7.778017,1.716650,-0.745365,-6.026051e+04,-1.329982e+04,5.774744e+03,3.495367e-13,2.159557e-10
4,6.186883e+02,1.665659,0.080629,7.824262,-1.291368e+04,-6.251112e+02,-6.066070e+04,0.000000e+00,0.000000e+00
5,7.029429e+02,-0.671056,-1.599362,-7.809720,5.545581e+03,1.321706e+04,6.453919e+04,0.000000e+00,0.000000e+00
6,7.195212e+02,-6.981656,-1.192689,-3.719406,5.837250e+04,9.971880e+03,3.109735e+04,0.000000e+00,0.000000e+00
7,1.242752e+03,-1.641088,-5.182342,-5.869426,1.803234e+04,5.694380e+04,6.449350e+04,0.000000e+00,0.000000e+00
8,1.300493e+03,6.560286,2.016607,4.110467,-7.374030e+04,-2.266748e+04,-4.620333e+04,3.728135e-01,4.848414e+02
9,1.347925e+03,0.293739,-7.288808,3.284355,-3.361424e+03,8.340988e+04,-3.758470e+04,8.036763e-01,1.083296e+03
10,1.418586e+03,5.563296,-0.612415,-5.716177,-6.531126e+04,7.189543e+03,6.710602e+04,0.000000e+00,0.000000e+00
11,1.424964e+03,2.544165,1.250060,-7.480947,-2.993473e+04,-1.470825e+04,8.802107e+04,0.000000e+00,0.000000e+00
12,1.561568e+03,-7.351896,3.104337,0.559205,9.055405e+04,-3.823643e+04,-6.887789e+03,3.477548e-02,5.430428e+01
13,1.837678e+03,-0.622884,3.947690,6.930206,8.322811e+03,-5.274797e+04,-9.259956e+04,0.000000e+00,0.000000e+00
14,1.880294e+03,1.210798,-0.907235,7.855628,-1.636488e+04,1.226199e+04,-1.061749e+05,0.000000e+00,0.000000e+00
15,2.088600e+03,-6.738847,-0.191557,4.307116,9.599337e+04,2.728692e+03,-6.135390e+04,6.367580e-01,1.329933e+03
16,2.092450e+03,-2.248000,0.085118,7.677190,3.205177e+04,-1.213598e+03,-1.094606e+05,0.000000e+00,0.000000e+00
17,2.116681e+03,6.687549,3.341530,2.847957,-9.590092e+04,-4.791828e+04,-4.084032e+04,4.384073e-01,9.279684e+02
18,2.162401e+03,6.812767,-4.097687,0.891717,-9.874604e+04,5.939296e+04,-1.292478e+04,5.653466e-01,1.222506e+03
19,2.326176e+03,5.027028,1.636314,-6.004287,-7.557196e+04,-2.459891e+04,9.026321e+04,0.000000e+00,0.000000e+00
20,2.338092e+03,4.683261,4.704813,-4.464505,-7.058414e+04,-7.090897e+04,6.728715e+04,0.000000e+00,0.000000e+00
21,2.359179e+03,-4.172353,-4.417639,-5.203454,6.316689e+04,6.688038e+04,7.877713e+04,0.000000e+00,0.000000e+00
22,2.371574e+03,5.020097,-4.229411,4.572822,-7.620061e+04,6.419871e+04,-6.941138e+04,1.049491e+00,2.488946e+03
23,2.429193e+03,-3.708683,-0.310028,-7.081635,5.697427e+04,4.762767e+03,1.087909e+05,0.000000e+00,0.000000e+00
24,2.486251e+03,4.197759,-6.477876,2.101417,-6.524061e+04,1.006777e+05,-3.265974e+04,8.907612e-01,2.214656e+03
25,2.512621e+03,-4.164990,0.851143,6.777051,6.507370e+04,-1.329824e+04,-1.058845e+05,1.732493e-06,4.353098e-03
26,2.528940e+03,-0.746607,-0.360855,7.956907,1.170278e+04,5.656271e+03,-1.247216e+05,0.000000e+00,0.000000e+00
27,2.564131e+03,-5.686856,0.054309,-5.626431,8.975742e+04,-8.571819e+02,8.880372e+04,0.000000e+00,0.000000e+00
28,2.625771e+03,2.946127,-2.414342,-7.035005,-4.705524e+04,3.856161e+04,1.123624e+05,0.000000e+00,0.000000e+00
29,2.632703e+03,0.739100,3.100149,7.337766,-1.182041e+04,-4.958058e+04,-1.173526e+05,0.000000e+00,0.000000e+00
30,2.875015e+03,-1.186670,7.619905,2.128112,1.983252e+04,-1.273496e+05,-3.556662e+04,2.889049e-01,8.306058e+02
31,2.912489e+03,-1.367523,-5.301197,5.833283,2.300355e+04,8.917315e+04,-9.812355e+04,1.108051e+00,3.227185e+03
32,2.962356e+03,-2.925177,6.474259,-3.677949,4.962480e+04,-1.098340e+05,6.239536e+04,0.000000e+00,0.000000e+00
33,2.988952e+03,-3.138961,-6.819774,2.763622,5.349011e+04,1.162137e+05,-4.709407e+04,9.824485e-01,2.936492e+03
34,2.989821e+03,2.239337,2.983805,-7.076883,-3.816542e+04,-5.085352e+04,1.206126e+05,0.000000e+00,0.000000e+00
35,3.028216e+03,3.450468,-0.992849,7.149023,-5.918333e+04,1.702961e+04,-1.226219e+05,0.000000e+00,0.000000e+00
36,3.080495e+03,-6.581989,4.248959,-1.619805,1.138664e+05,-7.350566e+04,2.802212e+04,3.961756e-03,1.220417e+01
37,3.208952e+03,-0.972814,0.070325,-7.940320,1.717670e+04,-1.241716e+03,1.401999e+05,5.887110e-01,1.889145e+03
38,3.290374e+03,2.281723,6.986139,-3.160317,-4.079563e+04,-1.249073e+05,5.650429e+04,0.000000e+00,0.000000e+00
39,3.342446e+03,-2.697425,-3.774866,-6.517230,4.860821e+04,6.802394e+04,1.174420e+05,0.000000e+00,0.000000e+00
40,3.384991e+03,-4.715940,0.703502,6.423783,8.552147e+04,-1.275769e+04,-1.164924e+05,5.072581e-01,1.717064e+03
41,3.387506e+03,2.814009,-1.999630,7.216844,-5.104975e+04,3.627587e+04,-1.309228e+05,5.253696e-12,1.779693e-08
42,3.411217e+03,-2.377674,1.502366,-7.489297,4.328475e+04,-2.735007e+04,1.363401e+05,6.285986e-03,2.144286e+01
43,3.593842e+03,3.823259,6.212548,3.284347,-7.143997e+04,-1.160853e+05,-6.137007e+04,6.058242e-01,2.177236e+03
44,3.635235e+03,5.234348,5.945433,1.119563,-9.836870e+04,-1.117321e+05,-2.103987e+04,3.461438e-01,1.258314e+03
45,3.705410e+03,-1.628092,0.503105,-7.816406,3.089051e+04,-9.545634e+03,1.483042e+05,2.145493e-01,7.949933e+02
46,3.707592e+03,0.489114,2.204324,-7.674746,-9.282908e+03,-4.183592e+04,1.456592e+05,1.190275e+00,4.413054e+03
47,3.735555e+03,5.131721,-6.135392,-0.149679,-9.776168e+04,1.168821e+05,2.851450e+03,7.247687e-01,2.707414e+03
48,3.830837e+03,3.271781,-7.238734,0.946664,-6.311885e+04,1.396489e+05,-1.826294e+04,9.197161e-01,3.523282e+03
49,3.844566e+03,-2.812900,-3.100667,-6.817144,5.436333e+04,5.992483e+04,1.317511e+05,0.000000e+00,0.000000e+00
50,3.866354e+03,-0.337736,-1.090672,-7.918104,6.545706e+03,2.113844e+04,1.534617e+05,2.695113e-02,1.042026e+02
51,3.868536e+03,-1.954198,7.749167,-0.362658,3.788524e+04,-1.502299e+05,7.030709e+03,9.249687e-02,3.578275e+02
52,4.007537e+03,-2.594361,1.555754,-7.406006,5.119143e+04,-3.069783e+04,1.461339e+05,1.904250e-03,7.631353e+00
53,4.017668e+03,-0.791048,-6.182939,-5.014530,1.562851e+04,1.221547e+05,9.907072e+04,1.231189e-11,4.946507e-08
54,4.092559e+03,-0.129343,-0.461785,7.985614,2.579102e+03,9.207995e+03,-1.592333e+05,0.000000e+00,0.000000e+00
55,4.144590e+03,-1.607058,-0.254403,7.832793,3.224782e+04,5.104936e+03,-1.571757e+05,0.000000e+00,0.000000e+00
56,4.361587e+03,-6.710662,0.466956,-4.330008,1.381388e+05,-9.612272e+03,8.913311e+04,1.336390e-16,5.828781e-13
57,4.364515e+03,2.346184,-1.355214,-7.527205,-4.831234e+04,2.790641e+04,1.549993e+05,0.000000e+00,0.000000e+00
58,4.415861e+03,0.171423,0.205094,-7.995533,-3.550622e+03,-4.248033e+03,1.656087e+05,1.105896e+00,4.883481e+03
59,4.418684e+03,-7.536317,2.658624,-0.368302,1.561470e+05,-5.508476e+04,7.630952e+03,3.719710e-01,1.643622e+03
60,4.478945e+03,-4.242505,1.688195,-6.568953,8.849899e+04,-3.521587e+04,1.370289e+05,0.000000e+00,0.000000e+00
61,4.794347e+03,0.888879,3.604421,7.086469,-1.918383e+04,-7.779082e+04,-1.529406e+05,0.000000e+00,0.000000e+00
62,4.799669e+03,-0.016447,-0.014750,7.999969,3.551491e+02,3.185019e+02,-1.727516e+05,0.000000e+00,0.000000e+00
63,4.855256e+03,-1.097702,-7.655947,2.044880,2.384068e+04,1.662773e+05,-4.441216e+04,1.085390e+00,5.269845e+03
64,4.893990e+03,-1.661858,-3.564243,-6.966664,3.623711e+04,7.771894e+04,1.519093e+05,0.000000e+00,0.000000e+00
65,4.959870e+03,0.964335,-1.788357,7.737689,-2.116855e+04,3.925703e+04,-1.698535e+05,0.000000e+00,0.000000e+00
66,4.980129e+03,-3.414258,-3.616270,6.266214,7.510081e+04,7.954432e+04,-1.378331e+05,1.188872e+00,5.920737e+03
67,5.085256e+03,-1.004992,0.843995,-7.891620,2.233813e+04,-1.875963e+04,1.754085e+05,1.108997e+00,5.639533e+03
68,5.093873e+03,-0.750110,6.182916,5.020845,1.668696e+04,-1.375452e+05,-1.116938e+05,3.817620e-01,1.944647e+03
69,5.129921e+03,1.308996,-6.058709,5.057526,-2.922278e+04,1.352582e+05,-1.129072e+05,1.398286e+00,7.173095e+03
70,5.144562e+03,0.420072,0.029918,-7.988908,-9.391295e+03,-6.688669e+02,1.786034e+05,1.179860e+00,6.069860e+03
71,5.156225e+03,3.221498,-6.876726,2.516464,-7.210275e+04,1.539131e+05,-5.632287e+04,1.167745e+00,6.021154e+03
72,5.282175e+03,1.686799,3.409523,7.037746,-3.821183e+04,-7.723747e+04,-1.594292e+05,0.000000e+00,0.000000e+00
73,5.329339e+03,-0.113073,2.508694,7.595635,2.572905e+03,-5.708373e+04,-1.728339e+05,0.000000e+00,0.000000e+00
74,5.364802e+03,-3.185977,-3.600874,-6.394002,7.273568e+04,8.220775e+04,1.459747e+05,0.000000e+00,0.000000e+00
75,5.498078e+03,0.134997,-7.306129,-3.256110,-3.120028e+03,1.688577e+05,7.525452e+04,2.347342e-01,1.290587e+03
76,5.501858e+03,-5.495286,-3.899235,4.312516,1.270495e+05,9.014927e+04,-9.970422e+04,1.135805e+00,6.249037e+03
77,5.564392e+03,5.899259,5.363641,-0.655813,-1.371622e+05,-1.247087e+05,1.524814e+04,2.804869e-01,1.560739e+03
78,5.566321e+03,-5.470164,-3.375278,-4.762857,1.272074e+05,7.849135e+04,1.107592e+05,3.727798e-04,2.075012e+00
79,5.567809e+03,1.791848,2.890808,-7.241030,-4.167459e+04,-6.723407e+04,1.684110e+05,2.175428e-02,1.211237e+02
80,5.628360e+03,-6.277609,-2.342218,4.371000,1.467957e+05,5.477044e+04,-1.022115e+05,1.077968e+00,6.067190e+03
81,5.692443e+03,-7.571935,-1.372965,-2.186496,1.780673e+05,3.228769e+04,5.141928e+04,2.709199e-01,1.542196e+03
82,5.700751e+03,-6.661879,3.091605,3.171963,1.567800e+05,-7.275756e+04,-7.464869e+04,8.664343e-01,4.939326e+03
83,5.726325e+03,-7.093849,2.460385,2.761125,1.673201e+05,-5.803221e+04,-6.512566e+04,8.678914e-01,4.969828e+03
84,5.741345e+03,5.047648,2.703662,5.586722,-1.192131e+05,-6.385388e+04,-1.319447e+05,6.654191e-01,3.820400e+03
85,5.748847e+03,-2.693025,-5.388481,-5.264209,6.364419e+04,1.273458e+05,1.244089e+05,2.021980e-04,1.162406e+00
86,5.966801e+03,1.405850,-0.508605,-7.859065,-3.384839e+04,1.224558e+04,1.892212e+05,1.092915e-01,6.521205e+02
87,5.972081e+03,-6.778969,1.720845,-3.883848,1.632881e+05,-4.145077e+04,9.355200e+04,1.986469e-03,1.186335e+01
88,5.991735e+03,-2.867758,-2.242981,7.123552,6.919057e+04,5.411653e+04,-1.718704e+05,1.008131e+00,6.040455e+03
89,6.008186e+03,-4.435973,6.632806,-0.572730,1.071738e+05,-1.602496e+05,1.383725e+04,3.105104e-01,1.865604e+03
90,6.120538e+03,7.174651,0.675956,-3.473826,-1.749539e+05,-1.648319e+04,8.470928e+04,1.841267e-02,1.126955e+02
91,6.125740e+03,0.652891,-0.370514,-7.964700,-1.592751e+04,9.038829e+03,1.943018e+05,7.012671e-01,4.295780e+03
92,6.220960e+03,4.411012,-6.581352,1.108505,-1.084414e+05,1.617975e+05,-2.725176e+04,1.056791e+00,6.574255e+03
93,6.305175e+03,6.306729,0.880756,-4.842462,-1.560921e+05,-2.179879e+04,1.198513e+05,2.350235e-05,1.481865e-01
94,6.338450e+03,-5.186367,2.181230,-5.687163,1.287013e+05,-5.412789e+04,1.411287e+05,6.756808e-15,4.282769e-11
95,6.351984e+03,-1.870345,-5.265476,-5.725083,4.646271e+04,1.308038e+05,1.422213e+05,1.105704e-04,7.023413e-01
96,6.462324e+03,1.986786,0.053116,7.749185,-4.978213e+04,-1.330903e+03,-1.941683e+05,0.000000e+00,0.000000e+00
97,6.491217e+03,4.692670,-3.262897,-5.597531,-1.178450e+05,8.193972e+04,1.405684e+05,5.059935e-05,3.284514e-01
98,6.606897e+03,7.980185,0.318147,-0.464153,-2.021807e+05,-8.060362e+03,1.175947e+04,6.618563e-01,4.372817e+03
99,6.629674e+03,-4.827378,-1.370395,6.230444,1.225139e+05,3.477924e+04,-1.581223e+05,1.129599e+00,7.488872e+03
100,6.751126e+03,-4.424523,-4.529245,-4.889738,1.133137e+05,1.159957e+05,1.252281e+05,9.314316e-03,6.288212e+01
101,6.854800e+03,-1.392431,7.228067,3.133078,3.593348e+04,-1.865296e+05,-8.085310e+04,8.047831e-01,5.516627e+03
102,6.933527e+03,-0.945930,2.381757,7.578420,2.455072e+04,-6.181624e+04,-1.966907e+05,0.000000e+00,0.000000e+00
103,6.991810e+03,0.223793,-1.364099,7.879667,-5.832706e+03,3.555238e+04,-2.053670e+05,0.000000e+00,0.000000e+00
104,7.008344e+03,3.434875,5.433143,4.762624,-8.962861e+04,-1.417708e+05,-1.242745e+05,1.058443e+00,7.417934e+03
105,7.066163e+03,-7.906715,1.109872,-0.502035,2.071648e+05,-2.907989e+04,1.315389e+04,6.545003e-01,4.624806e+03
106,7.125747e+03,2.340350,3.234511,-6.932582,-6.157779e+04,-8.510438e+04,1.824056e+05,3.655744e-04,2.604990e+00
107,7.134823e+03,-6.093188,-3.239718,4.046886,1.604221e+05,8.529565e+04,-1.065469e+05,1.150715e+00,8.210146e+03
108,7.158868e+03,0.041514,-0.003429,7.999892,-1.094821e+03,9.043626e+01,-2.109766e+05,0.000000e+00,0.000000e+00
109,7.165838e+03,7.860149,1.466440,0.260035,-2.073921e+05,-3.869241e+04,-6.861101e+03,7.756233e-01,5.557991e+03
110,7.178037e+03,-0.550954,-7.929012,-0.909513,1.454945e+04,2.093871e+05,2.401815e+04,8.923989e-01,6.405672e+03
111,7.233221e+03,3.203255,3.104439,6.640905,-8.491520e+04,-8.229568e+04,-1.760440e+05,0.000000e+00,0.000000e+00
112,7.235137e+03,-2.323846,-2.026162,7.382033,6.161107e+04,5.371872e+04,-1.957165e+05,8.489756e-01,6.142455e+03
113,7.292684e+03,3.734379,-1.109701,-6.987344,-9.940087e+04,2.953777e+04,1.859876e+05,2.428971e-09,1.771372e-05
114,7.305559e+03,-0.440126,7.762579,1.883789,1.172552e+04,-2.068049e+05,-5.018651e+04,7.125846e-01,5.205829e+03
115,7.339284e+03,4.378848,-3.269945,-5.842358,-1.169270e+05,8.731630e+04,1.560066e+05,2.338969e-04,1.716636e+00
116,7.446342e+03,-6.627478,2.068489,-3.974655,1.782575e+05,-5.563559e+04,1.069052e+05,1.176894e-02,8.763559e+01
117,7.612652e+03,1.988965,7.659000,-1.176326,-5.409076e+04,-2.082899e+05,3.199069e+04,2.390019e-01,1.819438e+03
118,7.628807e+03,3.506436,6.987178,1.698310,-9.546019e+04,-1.902209e+05,-4.623525e+04,7.509305e-01,5.728704e+03
119,7.662268e+03,-1.508694,-3.636781,-6.964027,4.116308e+04,9.922563e+04,1.900059e+05,3.060388e-07,2.344951e-03
120,7.680869e+03,1.970158,-0.333063,7.746454,-5.381885e+04,9.098300e+03,-2.116100e+05,0.000000e+00,0.000000e+00
121,7.728790e+03,0.689484,-5.617458,5.654094,-1.889331e+04,1.539301e+05,-1.549340e+05,1.532508e+00,1.184444e+04
122,7.756806e+03,0.679332,-5.629297,-5.643539,-1.864882e+04,1.545339e+05,1.549248e+05,4.529791e-03,3.513671e+01
123,7.763411e+03,-0.379665,-0.829249,7.947842,1.042691e+04,2.277400e+04,-2.182748e+05,0.000000e+00,0.000000e+00
124,7.797230e+03,1.256900,6.985722,-3.690514,-3.459386e+04,-1.922691e+05,1.015746e+05,2.083785e-03,1.624775e+01
125,7.826383e+03,-3.704815,3.873121,5.939132,1.021586e+05,-1.067996e+05,-1.637689e+05,7.753287e-01,6.068020e+03
126,7.835470e+03,1.939804,3.324092,7.013385,-5.352029e+04,-9.171358e+04,-1.935033e+05,0.000000e+00,0.000000e+00
127,7.855754e+03,-0.668273,-1.082773,-7.898165,1.846188e+04,2.991296e+04,2.181967e+05,1.153953e-01,9.065174e+02
128,7.904446e+03,-0.326553,-0.310716,7.987291,9.049345e+03,8.610478e+03,-2.213417e+05,0.000000e+00,0.000000e+00
129,7.956911e+03,-0.236139,-1.322175,7.886450,6.565512e+03,3.676116e+04,-2.192713e+05,0.000000e+00,0.000000e+00
130,7.965843e+03,-1.619242,-0.196034,7.831962,4.504594e+04,5.453512e+03,-2.178786e+05,0.000000e+00,0.000000e+00
131,8.014543e+03,6.803295,-0.982203,4.092733,-1.898396e+05,2.740746e+04,-1.142039e+05,1.371657e+00,1.099320e+04
132,8.044133e+03,-0.173309,-4.098469,6.868225,4.844932e+03,1.145749e+05,-1.920048e+05,1.481228e+00,1.191519e+04
133,8.056461e+03,5.337228,-2.123817,5.568070,-1.493193e+05,5.941791e+04,-1.557776e+05,1.595436e+00,1.285357e+04
134,8.058848e+03,2.746156,2.706712,7.009446,-7.684041e+04,-7.573674e+04,-1.961319e+05,0.000000e+00,0.000000e+00
135,8.063657e+03,5.784728,4.497865,3.210316,-1.619113e+05,-1.258927e+05,-8.985492e+04,1.055128e+00,8.508193e+03
136,8.122937e+03,-3.623317,6.871674,-1.910933,1.017867e+05,-1.930399e+05,5.368216e+04,1.628174e-01,1.322556e+03
137,8.151527e+03,0.335329,-6.466532,-4.698034,-9.436668e+03,1.819780e+05,1.322098e+05,7.420828e-02,6.049108e+02
138,8.171548e+03,6.667964,-2.873476,3.358778,-1.878769e+05,8.096322e+04,-9.463713e+04,1.315485e+00,1.074955e+04
139,8.191527e+03,-5.267370,1.527715,5.824165,1.485950e+05,-4.309757e+04,-1.643025e+05,1.069814e+00,8.763408e+03
140,8.219599e+03,-5.566107,2.988485,4.907893,1.572914e+05,-8.445092e+04,-1.386910e+05,1.020355e+00,8.386913e+03
141,8.242823e+03,1.670856,7.793192,-0.688766,-4.728300e+04,-2.205370e+05,1.949116e+04,3.801595e-01,3.133587e+03
142,8.258189e+03,4.123892,-4.758839,-4.934265,-1.168094e+05,1.347943e+05,1.397632e+05,2.871548e-02,2.371378e+02
143,8.285400e+03,-5.880614,5.329272,1.008581,1.668428e+05,-1.512003e+05,-2.861512e+04,7.751950e-01,6.422801e+03
144,8.334020e+03,0.022812,-0.077874,7.999588,-6.491049e+02,2.215897e+03,-2.276266e+05,0.000000e+00,0.000000e+00
145,8.337966e+03,-2.262729,-3.809050,6.661171,6.440072e+04,1.084114e+05,-1.895870e+05,1.457022e+00,1.214860e+04
146,8.341474e+03,0.898578,1.006916,-7.885346,-2.558027e+04,-2.866439e+04,2.244761e+05,1.058876e+00,8.832585e+03
147,8.366220e+03,-5.581992,-4.386361,3.687981,1.591409e+05,1.250539e+05,-1.051432e+05,1.209130e+00,1.011585e+04
148,8.367910e+03,-3.970780,-0.241261,-6.940799,1.132172e+05,6.878968e+03,1.979001e+05,1.712372e-05,1.432897e-01
149,8.381024e+03,-3.505684,6.430856,-3.217805,1.000344e+05,-1.835039e+05,9.181981e+04,2.332609e-02,1.954965e+02
150,8.455888e+03,5.165588,1.375553,-5.951853,-1.480565e+05,-3.942621e+04,1.705925e+05,4.046810e-05,3.421937e-01
151,8.503983e+03,-5.071835,-0.618175,6.155839,1.457821e+05,1.776850e+04,-1.769402e+05,1.170353e+00,9.952664e+03
152,8.598563e+03,5.404407,3.381950,-4.832680,-1.562029e+05,-9.774807e+04,1.396783e+05,1.214751e-03,1.044512e+01
153,8.598871e+03,-0.548850,7.402680,2.983136,1.586362e+04,-2.139625e+05,-8.622274e+04,8.800618e-01,7.567538e+03
154,8.696593e+03,0.868495,7.915798,0.765414,-2.524469e+04,-2.300898e+05,-2.224841e+04,6.587241e-01,5.728656e+03
155,8.755283e+03,0.850194,-0.122427,7.953753,-2.479599e+04,3.570596e+03,-2.319718e+05,0.000000e+00,0.000000e+00
156,8.776032e+03,7.520041,1.514936,-2.270232,-2.195823e+05,-4.423554e+04,6.628990e+04,3.306256e-01,2.901581e+03
157,8.808312e+03,-3.810239,6.974450,-0.916042,1.114619e+05,-2.040254e+05,2.679722e+04,4.213794e-01,3.711641e+03
158,8.845201e+03,-0.682417,0.472718,-7.956811,2.000469e+04,-1.385749e+04,2.332496e+05,1.052788e+00,9.312119e+03
159,8.878685e+03,2.420279,-2.659374,7.146326,-7.108333e+04,7.810553e+04,-2.098869e+05,1.313115e+00,1.165874e+04
160,8.918163e+03,-1.086357,-1.305200,-7.817690,3.197703e+04,3.841872e+04,2.301146e+05,5.407483e-02,4.822481e+02
161,8.944309e+03,3.112701,-7.142885,-1.813914,-9.175692e+04,2.105596e+05,5.347098e+04,8.259566e-01,7.387611e+03
162,8.948571e+03,3.532770,-1.265604,7.065252,-1.041646e+05,3.731665e+04,-2.083208e+05,4.665175e-01,4.174665e+03
163,9.004073e+03,-1.325689,1.987725,7.634887,3.920930e+04,-5.879005e+04,-2.258136e+05,0.000000e+00,0.000000e+00
164,9.013784e+03,3.442712,0.487875,-7.204840,-1.018784e+05,-1.443744e+04,2.132092e+05,7.265912e-04,6.549336e+00
165,9.026378e+03,-2.965848,-5.778083,-4.670921,8.782813e+04,1.711073e+05,1.383208e+05,9.158031e-02,8.266385e+02
166,9.048571e+03,2.524196,6.615119,3.724062,-7.484127e+04,-1.961353e+05,-1.104167e+05,1.044203e+00,9.448542e+03
167,9.063860e+03,3.253195,3.968374,6.137486,-9.653721e+04,-1.177599e+05,-1.821273e+05,0.000000e+00,0.000000e+00
168,9.117039e+03,-0.566991,-0.340221,7.972626,1.687452e+04,1.012548e+04,-2.372774e+05,0.000000e+00,0.000000e+00
169,9.140436e+03,0.149098,-1.918530,7.765115,-4.443078e+03,5.717158e+04,-2.313979e+05,3.942078e-02,3.603231e+02
170,9.190934e+03,6.969729,-3.523550,1.734205,-2.082686e+05,1.052903e+05,-5.182130e+04,1.150683e+00,1.057585e+04
171,9.204997e+03,3.711637,-6.627020,-2.511247,-1.109955e+05,1.981792e+05,7.509816e+04,6.864664e-01,6.318921e+03
172,9.260826e+03,-3.856612,-0.470881,6.993198,1.156802e+05,1.412420e+04,-2.097629e+05,1.068107e+00,9.891550e+03
173,9.421901e+03,-7.107808,-3.585696,-0.788571,2.150468e+05,1.084853e+05,2.385824e+04,8.723935e-01,8.219606e+03
174,9.437683e+03,-3.936734,-6.856639,-1.220096,1.192056e+05,2.076213e+05,3.694493e+04,9.040797e-01,8.532418e+03
175,9.442636e+03,-3.844038,-6.785346,-1.783942,1.164293e+05,2.055165e+05,5.403253e+04,8.300543e-01,7.837901e+03
176,9.700103e+03,-7.462068,2.883449,-0.057170,2.290738e+05,-8.851738e+04,1.755020e+03,7.910078e-01,7.672857e+03
177,9.708472e+03,7.823438,1.576964,-0.554071,-2.402709e+05,-4.843121e+04,1.701646e+04,7.719454e-01,7.494411e+03
178,9.735350e+03,2.579255,0.577544,7.550754,-7.932282e+04,-1.776189e+04,-2.322171e+05,0.000000e+00,0.000000e+00
179,9.806766e+03,-7.122436,-2.405076,-2.736148,2.198465e+05,7.423690e+04,8.445602e+04,4.737759e-01,4.646210e+03
180,9.817011e+03,1.102864,-7.916546,0.334641,-3.405962e+04,2.444857e+05,-1.033469e+04,1.083180e+00,1.063359e+04
181,9.871507e+03,-2.613075,-7.553984,0.330414,8.092293e+04,2.339353e+05,-1.023241e+04,1.065290e+00,1.051602e+04
182,1.005667e+04,-1.502766,-5.922363,5.164040,4.697280e+04,1.851186e+05,-1.614153e+05,1.538910e+00,1.547631e+04
183,1.008662e+04,-1.497277,7.821302,-0.765115,4.687086e+04,-2.448386e+05,2.395123e+04,4.813926e-01,4.855625e+03
184,1.011996e+04,0.698623,7.595753,-2.411734,-2.190586e+04,-2.381707e+05,7.562178e+04,1.243812e-01,1.258733e+03
185,1.024744e+04,3.737721,-2.047118,-6.770432,-1.179350e+05,6.459198e+04,2.136250e+05,6.734384e-04,6.901018e+00
186,1.029652e+04,0.307098,2.464520,-7.604724,-9.712942e+03,-7.794810e+04,2.405230e+05,1.122998e+00,1.156297e+04
187,1.038381e+04,-0.927665,-1.302713,-7.838519,2.946440e+04,4.137663e+04,2.489662e+05,8.802231e-02,9.140066e+02
188,1.041228e+04,0.752094,-0.923614,-7.910834,-2.392066e+04,2.937594e+04,2.516073e+05,2.428846e-01,2.528982e+03
189,1.053714e+04,4.608779,4.491541,-4.752390,-1.474604e+05,-1.437093e+05,1.520553e+05,6.639997e-03,6.996660e+01
190,1.056078e+04,1.924504,1.546566,7.609495,-6.164459e+04,-4.953868e+04,-2.437428e+05,0.000000e+00,0.000000e+00
191,1.056822e+04,-3.090432,4.573565,-5.790659,9.902576e+04,-1.465493e+05,1.855483e+05,7.351742e-04,7.769483e+00
192,1.063378e+04,-3.785099,6.808027,-1.823126,1.216604e+05,-2.188232e+05,5.859880e+04,3.159770e-01,3.360031e+03
193,1.069237e+04,0.189435,0.615520,-7.974036,-6.105552e+03,-1.983841e+04,2.570060e+05,1.019743e+00,1.090347e+04
194,1.070429e+04,-4.595798,0.235815,-6.543931,1.482067e+05,-7.604646e+03,2.110307e+05,9.277803e-04,9.931230e+00
195,1.074009e+04,1.945146,3.047247,7.136574,-6.283249e+04,-9.843277e+04,-2.305270e+05,0.000000e+00,0.000000e+00
196,1.084450e+04,-5.687188,5.299866,1.888731,1.845995e+05,-1.720274e+05,-6.130599e+04,9.269324e-01,1.005212e+04
197,1.085362e+04,-0.873270,-1.222746,7.857626,2.835723e+04,3.970559e+04,-2.551565e+05,0.000000e+00,0.000000e+00
198,1.100189e+04,1.955079,-1.464903,-7.617856,-6.391842e+04,4.789285e+04,2.490545e+05,1.144862e-02,1.259564e+02
199,1.101510e+04,0.376154,0.692406,7.961098,-1.230520e+04,-2.265076e+04,-2.604326e+05,0.000000e+00,0.000000e+00
200,1.106447e+04,-6.059473,-0.851309,5.153452,1.986681e+05,2.791134e+04,-1.689630e+05,1.198527e+00,1.326107e+04
201,1.106509e+04,-3.809684,-2.313621,-6.643303,1.249092e+05,7.585736e+04,2.178159e+05,2.711779e-03,3.000608e+01
202,1.106929e+04,7.203019,-2.858607,-1.986172,-2.362123e+05,9.374376e+04,6.513354e+04,7.371626e-01,8.159864e+03
203,1.110538e+04,3.286179,-3.055602,6.623015,-1.079409e+05,1.003671e+05,-2.175457e+05,1.766323e+00,1.961569e+04
204,1.116447e+04,-0.352280,-1.780937,7.791288,1.160205e+04,5.865375e+04,-2.565998e+05,1.460709e-01,1.630804e+03
205,1.131343e+04,1.615382,-1.535002,7.683379,-5.355506e+04,5.089019e+04,-2.547284e+05,2.029211e-04,2.295733e+00
206,1.137192e+04,-5.913534,3.407758,-4.173404,1.965586e+05,-1.132697e+05,1.387188e+05,3.891670e-02,4.425577e+02
207,1.147468e+04,2.046017,-4.891914,-5.990241,-6.831368e+04,1.633342e+05,2.000058e+05,1.946868e-02,2.233969e+02
208,1.147943e+04,6.362149,-4.838131,0.339926,-2.124673e+05,1.615719e+05,-1.135201e+04,1.079167e+00,1.238823e+04
209,1.148925e+04,-4.775571,4.628750,-4.446190,1.595509e+05,-1.546456e+05,1.485463e+05,1.942226e-02,2.231472e+02
210,1.166842e+04,7.068539,3.704118,0.561486,-2.379928e+05,-1.247151e+05,-1.890486e+04,9.136051e-01,1.066033e+04
211,1.178855e+04,0.045545,0.603886,-7.977045,-1.541330e+03,-2.043683e+04,2.699605e+05,1.015121e+00,1.196680e+04
212,1.198381e+04,-3.043305,-6.595860,3.351557,1.038415e+05,2.250593e+05,-1.143595e+05,1.346381e+00,1.613478e+04
213,1.210912e+04,0.502892,-1.760744,7.787611,-1.724881e+04,6.039218e+04,-2.671091e+05,6.699334e-02,8.112307e+02
214,1.212986e+04,-7.958959,0.809253,0.008612,2.732199e+05,-2.778051e+04,-2.956452e+02,9.186199e-01,1.114273e+04
215,1.214061e+04,3.235410,-1.452446,7.170950,-1.111162e+05,4.988250e+04,-2.462776e+05,7.863374e-01,9.546612e+03
216,1.224265e+04,6.713295,3.708374,2.275879,-2.315269e+05,-1.278937e+05,-7.849010e+04,1.090216e+00,1.334713e+04
217,1.226513e+04,4.538790,-1.069774,6.500382,-1.566766e+05,3.692803e+04,-2.243898e+05,1.766734e+00,2.166923e+04
218,1.230440e+04,2.573490,7.336695,-1.884157,-8.897760e+04,-2.536639e+05,6.514413e+04,3.365601e-01,4.141168e+03
219,1.235521e+04,-6.288199,-3.754896,3.218589,2.178610e+05,1.300921e+05,-1.115112e+05,1.197499e+00,1.479536e+04
220,1.241243e+04,-2.914532,-2.121245,7.141836,1.012104e+05,7.366265e+04,-2.480084e+05,1.430318e+00,1.775372e+04
221,1.241449e+04,7.626264,-0.220451,2.406555,-2.648526e+05,7.656058e+03,-8.357727e+04,1.206684e+00,1.498037e+04
222,1.249921e+04,3.124006,-6.690369,3.078888,-1.088632e+05,2.331414e+05,-1.072910e+05,1.426583e+00,1.783116e+04
223,1.250284e+04,-7.109834,0.908231,-3.553221,2.477946e+05,-3.165400e+04,1.238382e+05,2.196168e-01,2.745834e+03
224,1.265812e+04,2.187449,-6.873847,3.459088,-7.670975e+04,2.410530e+05,-1.213038e+05,1.477553e+00,1.870304e+04
225,1.274170e+04,-1.777196,3.035171,7.185354,6.252837e+04,-1.067886e+05,-2.528075e+05,0.000000e+00,0.000000e+00
226,1.279350e+04,-3.334252,-5.791020,4.398506,1.175496e+05,2.041633e+05,-1.550700e+05,1.452518e+00,1.858278e+04
227,1.280566e+04,-1.576694,-1.179938,-7.753824,5.561301e+04,4.161866e+04,2.734922e+05,8.082862e-02,1.035063e+03
228,1.283255e+04,-5.870558,-0.611979,5.400188,2.072831e+05,2.160832e+04,-1.906748e+05,1.226366e+00,1.573740e+04
229,1.294379e+04,3.660068,-6.310564,-3.283395,-1.297920e+05,2.237830e+05,1.164346e+05,6.532736e-01,8.455839e+03
230,1.302271e+04,-3.632833,0.980451,7.059833,1.292183e+05,-3.487423e+04,-2.511153e+05,7.901583e-01,1.029000e+04
231,1.304936e+04,-2.420990,-4.151399,-6.395677,8.620168e+04,1.478145e+05,2.277242e+05,1.629654e-02,2.126594e+02
232,1.307917e+04,-1.626413,6.564361,4.273634,5.797608e+04,-2.339971e+05,-1.523405e+05,1.093957e+00,1.430804e+04
233,1.308432e+04,-1.025773,-5.226421,5.969281,3.657252e+04,1.863408e+05,-2.128265e+05,1.612522e+00,2.109876e+04
234,1.309632e+04,-1.287214,1.314030,7.785654,4.591487e+04,-4.687141e+04,-2.777140e+05,0.000000e+00,0.000000e+00
235,1.318125e+04,-7.102676,-3.136467,1.927320,2.541724e+05,1.122399e+05,-6.897002e+04,1.110585e+00,1.463890e+04
236,1.328467e+04,-1.926773,6.949773,3.462399,6.922040e+04,-2.496745e+05,-1.243886e+05,1.023938e+00,1.360268e+04
237,1.336539e+04,-6.724679,-4.233269,0.926353,2.423206e+05,1.525438e+05,-3.338069e+04,1.083073e+00,1.447569e+04
238,1.350402e+04,1.187257,-0.432062,7.899604,-4.300353e+04,1.564967e+04,-2.861310e+05,0.000000e+00,0.000000e+00
239,1.352059e+04,-2.727642,-1.877026,-7.282633,9.885831e+04,6.802931e+04,2.639455e+05,5.645398e-03,7.632911e+01
240,1.356654e+04,3.166322,2.442675,-6.928762,-1.149523e+05,-8.868052e+04,2.515465e+05,1.251374e-02,1.697682e+02
241,1.361697e+04,-0.258123,-0.398901,7.985878,9.388483e+03,1.450888e+04,-2.904631e+05,0.000000e+00,0.000000e+00
242,1.363020e+04,2.717930,7.501813,-0.579366,-9.890482e+04,-2.729892e+05,2.108301e+04,6.720356e-01,9.159982e+03
243,1.369177e+04,-0.739148,-3.847785,-6.974827,2.695810e+04,1.403358e+05,2.543848e+05,9.153053e-03,1.253214e+02
244,1.375728e+04,-3.865412,-6.081415,-3.474909,1.413156e+05,2.223304e+05,1.270392e+05,6.207402e-01,8.539696e+03
245,1.386284e+04,-6.637783,-1.478300,4.213605,2.436000e+05,5.425211e+04,-1.546351e+05,1.195919e+00,1.657883e+04
246,1.387494e+04,-5.714159,2.164523,5.163644,2.097954e+05,-7.947048e+04,-1.895832e+05,1.138863e+00,1.580165e+04
247,1.390232e+04,2.913773,2.642569,-6.966115,-1.070847e+05,-9.711760e+04,2.560132e+05,2.264495e-02,3.148172e+02
248,1.397602e+04,-3.956976,6.894140,-0.901761,1.458086e+05,-2.540387e+05,3.322852e+04,6.607243e-01,9.234294e+03
249,1.401941e+04,5.006809,-2.360250,5.775905,-1.847796e+05,8.710658e+04,-2.131636e+05,1.828103e+00,2.562892e+04
250,1.402672e+04,-4.599614,-3.199236,5.710380,1.697960e+05,1.181007e+05,-2.108002e+05,1.444002e+00,2.025461e+04
251,1.403687e+04,1.307779,3.718623,-6.961433,-4.829447e+04,-1.373236e+05,2.570762e+05,6.904099e-02,9.691192e+02
252,1.407628e+04,-4.907418,-4.800223,-4.107932,1.814785e+05,1.775143e+05,1.519131e+05,3.880116e-01,5.461760e+03
253,1.415215e+04,1.962169,-2.056008,7.478150,-7.275716e+04,7.623670e+04,-2.772895e+05,8.338025e-01,1.180010e+04
254,1.420194e+04,-3.547655,-7.079408,1.138476,1.317781e+05,2.629655e+05,-4.228883e+04,1.153335e+00,1.637959e+04
255,1.421805e+04,3.445595,0.708343,-7.185132,-1.280597e+05,-2.632642e+04,2.670440e+05,1.513717e-02,2.152210e+02
256,1.424996e+04,-0.791340,-1.271991,7.858487,2.944407e+04,4.732806e+04,-2.923976e+05,1.494324e-02,2.129406e+02
257,1.426619e+04,-0.775773,4.138291,6.802406,2.888130e+04,-1.540647e+05,-2.532472e+05,0.000000e+00,0.000000e+00
258,1.441069e+04,6.112235,-4.604543,-2.332116,-2.287022e+05,1.722888e+05,8.726107e+04,8.385471e-01,1.208404e+04
259,1.451352e+04,-2.832839,-7.279131,-1.728952,1.063742e+05,2.733342e+05,6.492280e+04,9.647590e-01,1.400205e+04
260,1.454816e+04,-4.368329,1.906569,6.425162,1.642281e+05,-7.167777e+04,-2.415550e+05,1.212958e+00,1.764631e+04
261,1.455448e+04,-0.780684,5.499524,5.757236,2.935632e+04,-2.068005e+05,-2.164913e+05,5.260374e-01,7.656202e+03
262,1.465429e+04,-0.956726,0.139527,-7.941361,3.609923e+04,-5.264629e+03,2.996439e+05,1.116343e+00,1.635922e+04
263,1.472270e+04,1.027145,4.945784,-6.203563,-3.884665e+04,-1.870497e+05,2.346189e+05,7.127194e-03,1.049315e+02
264,1.473068e+04,7.544232,-1.934260,-1.828443,-2.854003e+05,7.317356e+04,6.917048e+04,8.473793e-01,1.248247e+04
265,1.485170e+04,5.511253,5.798614,-0.046589,-2.093468e+05,-2.202623e+05,1.769715e+03,8.557837e-01,1.270984e+04
266,1.486966e+04,-2.906038,-0.092404,7.452946,1.104536e+05,3.512125e+03,-2.832739e+05,5.906239e-01,8.782378e+03
267,1.487079e+04,-3.657629,-6.546063,2.787617,1.390256e+05,2.488142e+05,-1.059566e+05,1.281764e+00,1.906084e+04
268,1.491329e+04,1.475687,-2.640992,7.405910,-5.617062e+04,1.005268e+05,-2.818988e+05,1.439369e+00,2.146573e+04
269,1.495067e+04,-2.187607,-2.935659,-7.113106,8.337343e+04,1.118830e+05,2.710926e+05,9.725120e-03,1.453970e+02
270,1.507136e+04,5.712046,4.463137,3.384218,-2.185727e+05,-1.707830e+05,-1.294979e+05,1.229770e+00,1.853430e+04
271,1.514491e+04,-1.488819,-7.598080,-2.013106,5.710884e+04,2.914508e+05,7.721968e+04,9.535467e-01,1.444138e+04
272,1.514900e+04,2.232571,3.382729,6.897302,-8.564960e+04,-1.297739e+05,-2.646057e+05,0.000000e+00,0.000000e+00
273,1.519008e+04,-1.324354,-2.458209,-7.496886,5.087592e+04,9.443369e+04,2.879977e+05,1.166148e-02,1.771388e+02
274,1.520105e+04,-3.534062,5.428438,-4.694941,1.358123e+05,-2.086122e+05,1.804243e+05,2.998151e-02,4.557506e+02
275,1.521053e+04,1.616431,-5.985075,5.056286,-6.213800e+04,2.300752e+05,-1.943712e+05,1.651030e+00,2.511305e+04
276,1.522871e+04,0.878699,1.597419,7.789489,-3.379869e+04,-6.144387e+04,-2.996185e+05,5.763816e-02,8.777548e+02
277,1.523992e+04,0.004247,-3.954922,6.954033,-1.634052e+02,1.521799e+05,-2.675816e+05,1.724251e+00,2.627746e+04
278,1.529172e+04,1.137209,-7.745235,1.648664,-4.383254e+04,2.985320e+05,-6.354603e+04,1.244220e+00,1.902627e+04
279,1.536155e+04,5.362727,-2.551490,5.360136,-2.071721e+05,9.856877e+04,-2.070720e+05,1.730540e+00,2.658378e+04
280,1.543704e+04,1.322715,-4.801797,6.260445,-5.122435e+04,1.859576e+05,-2.424461e+05,1.775242e+00,2.740448e+04
281,1.544429e+04,-1.303267,1.214213,-7.799178,5.048302e+04,-4.703347e+04,3.021071e+05,1.075735e+00,1.661397e+04
282,1.544898e+04,-5.352966,-4.813528,3.489371,2.073826e+05,1.864839e+05,-1.351839e+05,1.277124e+00,1.973025e+04
283,1.544957e+04,1.569279,4.621406,-6.338768,-6.079759e+04,-1.790443e+05,2.455789e+05,9.712965e-03,1.500612e+02
284,1.548007e+04,2.798230,0.322303,7.487725,-1.085171e+05,-1.249911e+04,-2.903785e+05,0.000000e+00,0.000000e+00
285,1.548775e+04,-4.207704,-6.160491,2.888526,1.632178e+05,2.389668e+05,-1.120466e+05,1.275901e+00,1.976083e+04
286,1.549230e+04,-1.039439,1.854915,-7.712254,4.032599e+04,-7.196311e+04,2.992040e+05,1.064199e+00,1.648689e+04
287,1.551939e+04,-3.166980,2.506309,-6.905697,1.229733e+05,-9.731953e+04,2.681470e+05,2.084081e-02,3.234367e+02
288,1.552758e+04,0.993763,1.053058,-7.867878,-3.859783e+04,-4.090084e+04,3.055889e+05,1.040662e+00,1.615897e+04
289,1.559578e+04,-4.664137,6.247907,-1.791503,1.815528e+05,-2.432014e+05,6.973471e+04,5.546194e-01,8.649720e+03
290,1.559827e+04,2.423298,-3.604547,-6.718249,-9.433503e+04,1.403191e+05,2.615305e+05,2.068514e-02,3.226523e+02
291,1.565557e+04,-6.539600,2.811649,3.650789,2.550432e+05,-1.096538e+05,-1.423801e+05,1.091705e+00,1.709126e+04
292,1.567980e+04,5.025398,-2.799089,-5.559719,-1.961412e+05,1.092484e+05,2.169957e+05,5.990471e-02,9.392937e+02
293,1.569951e+04,1.240743,-7.406160,-2.758506,-4.845661e+04,2.892438e+05,1.077321e+05,8.734994e-01,1.371351e+04
294,1.571265e+04,-1.217373,2.832326,7.382136,4.756379e+04,-1.106614e+05,-2.884263e+05,0.000000e+00,0.000000e+00
295,1.580000e+04,2.065105,2.292374,7.381082,-8.090935e+04,-8.981359e+04,-2.891856e+05,0.000000e+00,0.000000e+00
296,1.584028e+04,0.026162,-7.933407,1.029745,-1.026304e+03,3.112213e+05,-4.039610e+04,1.185061e+00,1.877170e+04
297,1.584698e+04,0.644201,6.669928,-4.370019,-2.527684e+04,-2.617113e+05,1.714686e+05,3.800869e-02,6.023229e+02
298,1.586033e+04,1.796339,-2.338910,7.436576,-7.051353e+04,9.181160e+04,-2.919155e+05,1.377428e+00,2.184645e+04
299,1.594048e+04,1.413916,-0.517158,7.857060,-5.564198e+04,2.035178e+04,-3.091995e+05,0.000000e+00,0.000000e+00
300,1.595798e+04,3.311977,4.064441,6.042444,-1.304080e+05,-1.600360e+05,-2.379193e+05,2.018994e-02,3.221906e+02
301,1.602687e+04,-1.091223,-0.784409,7.886313,4.305922e+04,3.095244e+04,-3.111906e+05,0.000000e+00,0.000000e+00
302,1.603408e+04,0.304804,-0.738417,7.960015,-1.203015e+04,2.914419e+04,-3.141694e+05,0.000000e+00,0.000000e+00
303,1.608252e+04,6.783840,-1.097755,-4.095662,-2.681518e+05,4.339209e+04,1.618934e+05,2.704945e-01,4.350234e+03
304,1.615333e+04,0.568382,7.663344,-2.224881,-2.251642e+04,-3.035830e+05,8.813854e+04,3.763857e-01,6.079883e+03
305,1.619349e+04,1.099213,7.815808,1.305710,-4.359939e+04,-3.100075e+05,-5.178989e+04,9.416048e-01,1.524787e+04
306,1.626483e+04,7.295080,-3.266004,-0.339163,-2.899899e+05,1.298283e+05,1.348223e+04,1.059606e+00,1.723432e+04
307,1.633580e+04,4.782930,-5.817906,-2.697324,-1.905427e+05,2.317741e+05,1.074562e+05,8.559784e-01,1.398309e+04
308,1.639421e+04,-5.116458,-5.052888,-3.505734,2.041939e+05,2.016568e+05,1.399111e+05,6.522255e-01,1.069272e+04
309,1.643031e+04,4.793751,0.790172,6.355752,-1.915254e+05,-3.156984e+04,-2.539323e+05,1.588472e+00,2.609909e+04
310,1.645295e+04,-2.750960,-1.095679,7.431804,1.099852e+05,4.380597e+04,-2.971284e+05,1.210675e+00,1.991917e+04
311,1.649415e+04,5.140953,6.035819,-1.067470,-2.057959e+05,-2.416180e+05,4.273154e+04,7.290799e-01,1.202555e+04
312,1.655811e+04,5.498422,-4.750148,3.347155,-2.205320e+05,1.905200e+05,-1.342484e+05,1.480196e+00,2.450925e+04
313,1.657451e+04,-0.657096,2.056968,-7.703058,2.636799e+04,-8.254219e+04,3.091090e+05,1.049759e+00,1.739925e+04
314,1.657579e+04,4.663046,-0.880451,-6.440560,-1.871263e+05,3.533219e+04,2.584573e+05,2.228365e-02,3.693692e+02
315,1.657774e+04,-6.223075,2.077465,-4.577934,2.497444e+05,-8.337284e+04,1.837216e+05,9.074319e-02,1.504317e+03
316,1.661929e+04,-7.468918,1.512057,2.434944,3.001179e+05,-6.075783e+04,-9.784153e+04,1.083340e+00,1.800434e+04
317,1.674438e+04,-7.818840,1.634129,-0.441998,3.153587e+05,-6.590961e+04,1.782720e+04,9.387642e-01,1.571902e+04
318,1.681289e+04,2.691216,-1.974276,7.270460,-1.087672e+05,7.979157e+04,-2.938401e+05,1.373145e+00,2.308654e+04
319,1.682209e+04,-2.864979,-7.122665,2.249342,1.158216e+05,2.879456e+05,-9.093340e+04,1.255395e+00,2.111837e+04
320,1.682381e+04,4.464043,0.888101,6.579027,-1.804756e+05,-3.590481e+04,-2.659818e+05,9.183936e-01,1.545088e+04
321,1.684533e+04,-1.194013,7.579172,2.265058,4.830330e+04,-3.066123e+05,-9.163199e+04,9.996199e-01,1.683893e+04
322,1.686039e+04,-1.266585,-7.201865,-3.244827,5.126207e+04,2.914787e+05,1.313268e+05,8.081431e-01,1.362560e+04
323,1.686437e+04,7.086876,0.012261,3.711608,-2.868586e+05,-4.962859e+02,-1.502364e+05,1.448531e+00,2.442856e+04
324,1.689969e+04,-6.726946,0.329631,4.317354,2.725746e+05,-1.335658e+04,-1.749384e+05,1.164682e+00,1.968277e+04
325,1.703441e+04,4.853115,5.718693,2.782773,-1.974295e+05,-2.326421e+05,-1.132060e+05,1.130943e+00,1.926495e+04
326,1.703580e+04,5.043380,1.856454,-5.926035,-2.051781e+05,-7.552547e+04,2.410869e+05,2.392348e-02,4.075558e+02
327,1.704776e+04,0.022167,-0.005407,-7.999967,-9.021277e+02,2.200581e+02,3.255742e+05,1.054092e+00,1.796990e+04
328,1.705770e+04,-2.746797,3.791520,6.486870,1.118188e+05,-1.543482e+05,-2.640727e+05,3.982420e-01,6.793091e+03
329,1.722187e+04,-4.564717,-1.258775,6.448166,1.867162e+05,5.148921e+04,-2.637573e+05,1.417124e+00,2.440553e+04
330,1.722318e+04,-7.515586,-0.651349,-2.663027,3.074309e+05,2.664394e+04,1.089332e+05,6.930854e-01,1.193713e+04
331,1.724573e+04,1.066240,-3.393630,7.165641,-4.364391e+04,1.389099e+05,-2.933080e+05,1.853478e+00,3.196458e+04
332,1.728208e+04,-7.711394,-1.161066,-1.785028,3.159795e+05,4.757547e+04,7.314272e+04,8.689863e-01,1.501789e+04
333,1.739667e+04,-1.624747,-3.381320,-7.065895,6.679547e+04,1.390104e+05,2.904881e+05,2.001187e-02,3.481400e+02
334,1.740325e+04,-2.840976,5.011981,-5.550577,1.168182e+05,-2.060880e+05,2.282345e+05,2.413726e-02,4.200667e+02
335,1.743293e+04,-6.454193,4.518919,-1.386640,2.656166e+05,-1.859721e+05,5.706597e+04,7.586004e-01,1.322463e+04
336,1.745616e+04,-5.636116,-4.937610,-2.802536,2.321038e+05,2.033383e+05,1.154127e+05,8.253803e-01,1.440797e+04
337,1.748711e+04,6.834414,1.739375,3.776952,-2.817010e+05,-7.169358e+04,-1.556785e+05,1.412002e+00,2.469183e+04
338,1.748780e+04,3.684478,6.843295,1.895769,-1.518699e+05,-2.820725e+05,-7.814136e+04,1.033415e+00,1.807214e+04
339,1.756701e+04,-0.897708,-7.242447,3.277360,3.708619e+04,2.992005e+05,-1.353945e+05,1.422759e+00,2.499362e+04
340,1.769227e+04,6.619548,4.005479,2.034139,-2.744405e+05,-1.660636e+05,-8.433355e+04,1.124155e+00,1.988885e+04
341,1.773342e+04,-3.570307,6.978655,-1.597275,1.481937e+05,-2.896650e+05,6.629855e+04,6.268613e-01,1.111639e+04
342,1.773740e+04,-1.474952,-0.299270,7.857159,6.122812e+04,1.242326e+04,-3.261659e+05,0.000000e+00,0.000000e+00
343,1.775172e+04,6.085490,5.042877,-1.239435,-2.527225e+05,-2.094241e+05,5.147212e+04,7.699835e-01,1.366853e+04
344,1.780062e+04,1.033745,1.063223,7.861357,-4.298916e+04,-4.421503e+04,-3.269212e+05,0.000000e+00,0.000000e+00
345,1.784278e+04,2.993234,-1.695441,-7.222605,-1.246235e+05,7.058982e+04,3.007137e+05,1.720617e-02,3.070059e+02
346,1.788978e+04,-3.537191,-1.132185,-7.085650,1.474650e+05,4.720064e+04,2.953999e+05,1.742356e-02,3.117038e+02
347,1.791978e+04,-0.344930,-0.577808,-7.971647,1.439212e+04,2.410895e+04,3.326155e+05,1.199185e+00,2.148914e+04
348,1.799730e+04,3.352841,5.235600,5.034575,-1.401989e+05,-2.189264e+05,-2.105206e+05,1.566741e+00,2.819711e+04
349,1.801004e+04,-1.282095,-0.906574,7.844384,5.362972e+04,3.792179e+04,-3.281287e+05,6.399089e-02,1.152478e+03
350,1.803051e+04,5.888928,-1.938245,5.056059,-2.464724e+05,8.112241e+04,-2.116139e+05,1.692697e+00,3.052019e+04
351,1.814014e+04,-4.239772,1.968325,6.492305,1.779881e+05,-8.263143e+04,-2.725507e+05,1.273404e+00,2.309974e+04
352,1.817538e+04,0.395629,-6.839209,-4.131429,-1.662486e+04,2.873927e+05,1.736081e+05,6.184656e-01,1.124085e+04
353,1.828940e+04,-1.642265,-3.690557,6.905270,6.922626e+04,1.555678e+05,-2.910774e+05,1.636699e+00,2.993423e+04
354,1.830753e+04,0.084365,-0.045736,7.999424,-3.558008e+03,1.928879e+03,-3.373663e+05,0.000000e+00,0.000000e+00
355,1.831428e+04,3.013632,6.215899,-4.034925,-1.271198e+05,-2.621965e+05,1.701996e+05,9.134679e-02,1.672951e+03
356,1.836045e+04,-7.909007,-0.872267,0.828711,3.340347e+05,3.683997e+04,-3.500038e+04,1.064160e+00,1.953845e+04
357,1.846666e+04,6.556064,4.374293,1.372438,-2.776933e+05,-1.852807e+05,-5.813196e+04,1.075957e+00,1.986934e+04
358,1.847614e+04,-1.668497,-2.359703,-7.459754,7.069017e+04,9.997490e+04,3.160518e+05,2.215194e-02,4.092825e+02
359,1.847956e+04,0.115309,0.387014,7.989801,-4.885826e+03,-1.639835e+04,-3.385399e+05,0.000000e+00,0.000000e+00
360,1.849553e+04,6.079507,4.970696,-1.527014,-2.577091e+05,-2.107069e+05,6.472984e+04,7.358715e-01,1.361033e+04
361,1.849759e+04,0.021339,0.753571,7.964400,-9.046099e+02,-3.194551e+04,-3.376282e+05,0.000000e+00,0.000000e+00
362,1.859200e+04,5.978695,-5.181353,-1.186925,-2.540958e+05,2.202086e+05,5.044456e+04,1.038216e+00,1.930252e+04
363,1.861437e+04,-1.577448,0.128657,-7.841881,6.708219e+04,-5.471253e+03,3.334821e+05,1.204775e+00,2.242612e+04
364,1.872005e+04,-5.335053,-1.693029,-5.715843,2.275204e+05,7.220144e+04,2.437597e+05,6.382849e-02,1.194872e+03
365,1.875691e+04,3.484112,6.576213,2.935027,-1.487308e+05,-2.807272e+05,-1.252913e+05,1.122756e+00,2.105942e+04
366,1.879117e+04,6.353854,-1.335074,4.673983,-2.714827e+05,5.704404e+04,-1.997065e+05,1.653258e+00,3.106665e+04
367,1.892630e+04,4.373811,-3.597411,5.650523,-1.875516e+05,1.542592e+05,-2.422979e+05,1.832600e+00,3.468434e+04
368,1.894663e+04,3.384659,-5.366378,-4.872995,-1.452141e+05,2.302371e+05,2.090692e+05,3.329947e-01,6.309128e+03
369,1.898473e+04,-2.238006,-0.373230,7.671508,9.611506e+04,1.602902e+04,-3.294663e+05,3.687570e-01,7.000753e+03
370,1.906013e+04,1.320625,-6.452490,4.541071,-5.682905e+04,2.776632e+05,-1.954111e+05,1.643208e+00,3.131976e+04
371,1.909834e+04,0.298871,-7.174170,-3.527317,-1.287387e+04,3.090278e+05,1.519394e+05,8.008233e-01,1.529440e+04
372,1.918691e+04,4.483746,6.529669,1.122253,-1.935849e+05,-2.819173e+05,-4.845306e+04,1.006598e+00,1.931351e+04
373,1.940358e+04,4.013511,6.542799,2.254664,-1.742583e+05,-2.840747e+05,-9.789279e+04,1.084806e+00,2.104912e+04
374,1.940615e+04,0.181781,0.317699,-7.991622,-7.893068e+03,-1.379476e+04,3.470026e+05,1.033958e+00,2.006515e+04
375,1.945934e+04,-3.597612,6.209913,3.534710,1.564251e+05,-2.700086e+05,-1.536901e+05,1.076301e+00,2.094410e+04
376,1.947470e+04,-3.163782,6.494164,-3.437488,1.376163e+05,-2.824793e+05,1.495218e+05,2.049670e-01,3.991671e+03
377,1.952881e+04,1.891721,0.456461,7.759706,-8.239922e+04,-1.988244e+04,-3.379957e+05,0.000000e+00,0.000000e+00
378,1.957043e+04,-5.696085,0.318069,5.608337,2.483732e+05,-1.386913e+04,-2.445470e+05,1.245325e+00,2.437154e+04
379,1.959106e+04,-0.022720,-0.035121,7.999891,9.912108e+02,1.532240e+03,-3.490125e+05,0.000000e+00,0.000000e+00
380,1.960471e+04,0.897960,0.659934,-7.922004,-3.918911e+04,-2.880108e+04,3.457350e+05,1.053266e+00,2.064897e+04
381,1.970906e+04,1.450416,2.466874,7.470664,-6.346780e+04,-1.079463e+05,-3.269040e+05,0.000000e+00,0.000000e+00
382,1.974641e+04,4.954043,-1.240315,6.157847,-2.169861e+05,5.432557e+04,-2.697125e+05,2.107083e+00,4.160733e+04
383,1.978692e+04,-0.158556,5.529019,5.779689,6.951819e+03,-2.424182e+05,-2.534088e+05,8.060242e-01,1.594873e+04
384,1.984370e+04,-3.424337,-1.094310,-7.146775,1.503543e+05,4.804848e+04,3.137975e+05,2.433309e-02,4.828584e+02
385,1.984396e+04,-2.267266,-0.858526,-7.623807,9.955078e+04,3.769604e+04,3.347450e+05,1.139564e-01,2.261345e+03
386,1.989446e+04,0.002617,-0.042895,-7.999885,-1.150469e+02,1.885829e+03,3.517044e+05,1.067034e+00,2.122807e+04
387,2.000830e+04,-4.056894,4.054849,-5.576720,1.788656e+05,-1.787754e+05,2.458737e+05,3.546044e-02,7.095031e+02
388,2.011157e+04,0.738825,-7.182802,-3.444051,-3.265825e+04,3.175009e+05,1.522371e+05,8.360987e-01,1.681526e+04
389,2.019899e+04,2.663047,1.998638,-7.274175,-1.179700e+05,-8.853746e+04,3.222379e+05,1.686558e-01,3.406676e+03
390,2.027013e+04,5.752272,-2.663892,4.880066,-2.552676e+05,1.182151e+05,-2.165619e+05,1.687469e+00,3.420520e+04
391,2.042181e+04,4.009472,-0.624718,-6.894481,-1.785921e+05,2.782654e+04,3.070978e+05,2.569730e-02,5.247853e+02
392,2.056045e+04,1.992466,4.997675,-5.920585,-8.905029e+04,-2.233636e+05,2.646116e+05,2.624756e-02,5.396616e+02
393,2.056627e+04,7.243095,1.492324,3.051318,-3.237651e+05,-6.670664e+04,-1.363934e+05,1.301789e+00,2.677295e+04
394,2.064379e+04,2.668590,7.150045,-2.399060,-1.195101e+05,-3.202075e+05,1.074395e+05,4.800840e-01,9.910753e+03
395,2.067745e+04,-4.910333,-1.577694,-6.115514,2.200835e+05,7.071300e+04,2.741003e+05,5.097552e-02,1.054044e+03
396,2.074847e+04,-0.739484,-2.764313,-7.470725,3.320092e+04,1.241105e+05,3.354161e+05,2.891686e-02,5.999807e+02
397,2.080576e+04,7.995497,-0.268310,0.005701,-3.594722e+05,1.206302e+04,-2.563305e+02,1.075777e+00,2.238236e+04
398,2.090759e+04,-0.065108,-6.620456,-4.490582,2.934375e+03,2.983788e+05,2.023871e+05,5.757344e-01,1.203722e+04
399,2.091747e+04,2.949242,5.464031,5.044437,-1.329515e+05,-2.463178e+05,-2.274026e+05,1.594821e+00,3.335964e+04
400,2.093121e+04,6.441213,-4.039467,2.488672,-2.904643e+05,1.821584e+05,-1.122258e+05,1.326980e+00,2.777530e+04
401,2.115109e+04,6.469606,-4.547304,-1.210877,-2.932732e+05,2.061334e+05,5.489014e+04,1.046085e+00,2.212585e+04
402,2.122448e+04,-0.445717,5.381154,5.902925,2.023977e+04,-2.443554e+05,-2.680488e+05,6.059965e-01,1.286196e+04
403,2.128733e+04,-4.053682,6.795263,1.179856,1.843480e+05,-3.090259e+05,-5.365594e+04,9.945516e-01,2.117135e+04
404,2.134595e+04,-2.141480,-3.732819,-6.743895,9.752139e+04,1.699897e+05,3.071119e+05,4.257225e-02,9.087449e+02
405,2.147339e+04,-5.526311,-1.485594,-5.590429,2.524141e+05,6.785449e+04,2.553427e+05,9.157349e-02,1.966393e+03
406,2.153877e+04,0.418419,-7.647722,2.310254,-1.914036e+04,3.498409e+05,-1.056813e+05,1.301039e+00,2.802278e+04
407,2.161000e+04,-2.066407,-6.684017,-3.879932,9.468286e+04,3.062620e+05,1.777786e+05,7.545500e-01,1.630583e+04
408,2.177571e+04,-1.071946,6.404593,4.672486,4.930457e+04,-2.945817e+05,-2.149128e+05,1.237901e+00,2.695617e+04
409,2.177806e+04,2.318007,-0.684647,-7.626146,-1.066234e+05,3.149230e+04,3.507864e+05,1.457909e-01,3.175042e+03
410,2.184057e+04,7.581652,-1.237950,2.232943,-3.492399e+05,5.702473e+04,-1.028579e+05,1.250940e+00,2.732125e+04
411,2.184488e+04,2.165811,-7.277269,-2.520045,-9.977540e+04,3.352519e+05,1.160944e+05,9.774207e-01,2.135164e+04
412,2.193626e+04,1.402549,1.159208,7.790320,-6.474815e+04,-5.351440e+04,-3.596372e+05,0.000000e+00,0.000000e+00
413,2.197085e+04,-5.601067,5.040199,2.687832,2.587750e+05,-2.328622e+05,-1.241806e+05,1.067153e+00,2.344625e+04
414,2.197194e+04,-6.044218,-2.354009,-4.682528,2.792559e+05,1.087603e+05,2.163429e+05,3.174539e-01,6.975079e+03
415,2.199615e+04,7.486126,0.524995,2.771695,-3.460656e+05,-2.426925e+04,-1.281288e+05,1.285923e+00,2.828534e+04
416,2.204032e+04,-5.475368,-2.397646,5.317109,2.533672e+05,1.109486e+05,-2.460439e+05,1.372895e+00,3.025904e+04
417,2.205540e+04,2.389143,3.850793,-6.592677,-1.105930e+05,-1.782526e+05,3.051739e+05,3.955647e-02,8.724340e+02
418,2.212886e+04,2.561788,6.674228,-3.590532,-1.187820e+05,-3.094629e+05,1.664817e+05,2.047376e-01,4.530609e+03
419,2.216707e+04,6.663701,3.282952,2.969397,-3.092414e+05,-1.523515e+05,-1.378004e+05,1.241442e+00,2.751913e+04
420,2.222441e+04,-5.021819,0.212960,6.223823,2.333481e+05,-9.895583e+03,-2.892014e+05,1.326894e+00,2.948944e+04
421,2.232071e+04,-1.604886,2.120080,-7.545171,7.473539e+04,-9.872664e+04,3.513590e+05,1.165556e+00,2.601604e+04
422,2.232816e+04,-0.415586,0.167114,-7.987450,1.935600e+04,-7.783351e+03,3.720169e+05,1.049579e+00,2.343517e+04
423,2.246774e+04,-3.084133,-1.611634,7.203524,1.440923e+05,7.529640e+04,-3.365525e+05,1.591896e+00,3.576632e+04
424,2.249959e+04,-2.052684,0.002126,7.732172,9.597041e+04,-9.939468e+01,-3.615071e+05,5.076176e-02,1.142119e+03
425,2.257317e+04,3.439249,6.537975,3.070253,-1.610601e+05,-3.061735e+05,-1.437800e+05,1.147539e+00,2.590358e+04
426,2.259759e+04,2.847409,4.793011,5.737535,-1.334163e+05,-2.245782e+05,-2.688342e+05,9.717540e-01,2.195930e+04
427,2.260698e+04,1.449958,-5.481566,5.643585,-6.795239e+04,2.568940e+05,-2.644870e+05,1.721738e+00,3.892330e+04
428,2.271474e+04,-7.602561,-2.460387,-0.384143,3.571427e+05,1.155807e+05,1.804575e+04,1.047965e+00,2.380425e+04
429,2.279709e+04,-4.597382,6.173985,2.178528,2.163607e+05,-2.905583e+05,-1.025252e+05,1.045366e+00,2.383131e+04
430,2.281834e+04,6.743615,-3.948945,-1.711576,-3.175140e+05,1.859307e+05,8.058725e+04,1.008534e+00,2.301307e+04
431,2.284619e+04,-3.707747,2.675269,-6.564720,1.746808e+05,-1.260383e+05,3.092795e+05,3.383115e-02,7.729131e+02
432,2.285803e+04,3.061947,0.856444,7.341048,-1.442929e+05,-4.035955e+04,-3.459438e+05,0.000000e+00,0.000000e+00
433,2.292498e+04,4.757272,-0.931683,6.363987,-2.245125e+05,4.396940e+04,-3.003391e+05,1.254187e+00,2.875222e+04
434,2.293091e+04,3.185197,-5.735393,4.578187,-1.503402e+05,2.707085e+05,-2.160888e+05,1.680472e+00,3.853476e+04
435,2.301113e+04,6.891313,-0.654829,4.010112,-3.258360e+05,3.096173e+04,-1.896067e+05,1.547514e+00,3.561005e+04
436,2.301881e+04,5.850032,3.331672,-4.321700,-2.766481e+05,-1.575548e+05,2.043733e+05,1.773782e-01,4.083034e+03
437,2.306602e+04,1.119466,3.778066,6.962256,-5.299381e+04,-1.788479e+05,-3.295827e+05,0.000000e+00,0.000000e+00
438,2.311895e+04,1.016135,2.965754,-7.360148,-4.815744e+04,-1.405553e+05,3.488178e+05,1.264394e+00,2.923145e+04
439,2.322308e+04,4.717286,3.024770,5.709464,-2.240682e+05,-1.436747e+05,-2.711960e+05,1.763155e+00,4.094588e+04
440,2.325118e+04,-3.204926,-0.345061,-7.321843,1.523240e+05,1.640008e+04,3.479933e+05,6.427424e-02,1.494452e+03
441,2.332152e+04,-0.273761,-0.190360,-7.993048,1.303101e+04,9.061148e+03,3.804687e+05,1.089425e+00,2.540705e+04
442,2.332569e+04,2.944149,-5.981320,-4.422193,-1.401539e+05,2.847360e+05,2.105150e+05,6.188353e-01,1.443476e+04
443,2.332976e+04,-5.259375,-5.461369,2.551946,2.503902e+05,2.600068e+05,-1.214939e+05,1.207294e+00,2.816587e+04
444,2.335611e+04,-6.994585,3.842372,0.558530,3.331887e+05,-1.830323e+05,-2.660569e+04,1.017565e+00,2.376636e+04
445,2.336147e+04,2.488612,-5.890209,4.807520,-1.185592e+05,2.806137e+05,-2.290336e+05,1.686027e+00,3.938808e+04
446,2.357480e+04,-7.701798,1.253593,1.763748,3.685905e+05,-5.999410e+04,-8.440896e+04,1.086183e+00,2.560655e+04
447,2.357633e+04,-6.854911,1.576051,-3.811333,3.280711e+05,-7.542868e+04,1.824077e+05,4.231199e-01,9.975613e+03
448,2.359068e+04,-6.392909,-2.638911,-4.020804,3.060531e+05,1.263348e+05,1.924913e+05,5.799953e-01,1.368248e+04
449,2.365318e+04,-3.542657,-5.038346,5.105355,1.698251e+05,2.415243e+05,-2.447365e+05,1.572372e+00,3.719159e+04
450,2.371435e+04,1.478442,0.048150,7.862054,-7.096397e+04,-2.311178e+03,-3.773720e+05,0.000000e+00,0.000000e+00
451,2.382705e+04,1.260062,5.581070,5.591413,-6.062545e+04,-2.685225e+05,-2.690201e+05,1.194862e+00,2.847003e+04
452,2.384661e+04,-0.592366,-7.949602,0.673004,2.851224e+04,3.826368e+05,-3.239358e+04,1.159727e+00,2.765554e+04
453,2.386361e+04,5.018928,-2.634764,5.645208,-2.416613e+05,1.268638e+05,-2.718167e+05,1.897400e+00,4.527882e+04
454,2.394207e+04,-3.216586,-7.295545,0.654676,1.551330e+05,3.518574e+05,-3.157443e+04,1.141503e+00,2.732994e+04
455,2.401277e+04,-3.959029,-0.159040,-6.949877,1.912220e+05,7.681681e+03,3.356806e+05,3.811875e-02,9.153367e+02
456,2.402467e+04,3.551532,-0.606017,7.142784,-1.715823e+05,2.927803e+04,-3.450836e+05,1.083938e+00,2.604126e+04
457,2.410948e+04,-4.201162,3.196301,-6.011148,2.033253e+05,-1.546926e+05,2.909239e+05,4.299910e-02,1.036686e+03
458,2.413226e+04,-6.981847,2.053250,-3.322345,3.380628e+05,-9.941888e+04,1.608688e+05,5.657689e-01,1.365328e+04
459,2.419938e+04,-0.303207,-6.028625,5.250118,1.470176e+04,2.923132e+05,-2.545653e+05,1.680906e+00,4.067688e+04
460,2.420610e+04,2.095549,4.483075,-6.285755,-1.016221e+05,-2.174035e+05,3.048231e+05,3.742404e-02,9.058902e+02
461,2.428369e+04,3.387074,1.786693,-7.023920,-1.645167e+05,-8.678314e+04,3.411654e+05,7.661143e-02,1.860408e+03
462,2.445350e+04,1.271136,-0.459347,-7.884999,-6.195701e+04,2.238926e+04,3.843264e+05,1.271906e+00,3.110254e+04
463,2.445477e+04,-2.938783,2.859396,-6.869309,1.432443e+05,-1.393748e+05,3.348288e+05,8.054019e-02,1.969591e+03
464,2.446366e+04,0.452245,3.343246,-7.253839,-2.204765e+04,-1.629886e+05,3.536362e+05,1.430863e+00,3.500416e+04
465,2.451320e+04,3.070899,-0.899480,-7.332156,-1.498627e+05,4.389543e+04,3.578160e+05,5.601551e-02,1.373119e+03
466,2.453709e+04,0.005054,-7.732527,2.051343,-2.467556e+02,3.775383e+05,-1.001562e+05,1.260909e+00,3.093902e+04
467,2.458004e+04,-5.971658,4.129634,3.359379,2.918195e+05,-2.018045e+05,-1.641642e+05,1.095660e+00,2.693137e+04
468,2.470134e+04,1.201914,4.035192,-6.802399,-5.887917e+04,-1.976753e+05,3.332348e+05,1.189654e-01,2.938604e+03
469,2.471312e+04,7.551159,-1.646253,2.066362,-3.700032e+05,8.066559e+04,-1.012508e+05,1.235172e+00,3.052496e+04
470,2.472596e+04,-1.208981,-7.621836,2.108550,5.925487e+04,3.735633e+05,-1.033448e+05,1.249956e+00,3.090636e+04
471,2.480082e+04,-0.251538,-0.190993,-7.993763,1.234708e+04,9.375177e+03,3.923850e+05,1.088099e+00,2.698575e+04
472,2.480344e+04,3.180172,0.083985,7.340262,-1.561114e+05,-4.122745e+03,-3.603260e+05,1.257075e-03,3.117979e+01
473,2.483102e+04,-2.373461,-4.870555,5.885947,1.165756e+05,2.392235e+05,-2.890957e+05,1.667150e+00,4.139704e+04
474,2.492907e+04,-1.493080,-3.211825,7.173207,7.347914e+04,1.580640e+05,-3.530161e+05,1.708276e+00,4.258575e+04
475,2.520604e+04,-1.493646,-1.067797,7.786452,7.391423e+04,5.284075e+04,-3.853186e+05,6.687680e-01,1.685699e+04
476,2.520710e+04,1.735135,5.699218,-5.339309,-8.586629e+04,-2.820361e+05,2.642254e+05,4.966699e-02,1.251961e+03
477,2.524323e+04,5.623981,-1.511433,-5.485108,-2.785123e+05,7.484959e+04,2.716350e+05,1.320304e-01,3.332873e+03
478,2.537251e+04,0.834142,3.781614,-7.000258,-4.141425e+04,-1.877530e+05,3.475552e+05,2.310390e-01,5.862040e+03
479,2.539228e+04,1.177640,5.896073,5.277261,-5.849132e+04,-2.928477e+05,-2.621123e+05,1.538029e+00,3.905406e+04
480,2.548265e+04,3.806785,-6.359596,-3.010636,-1.894125e+05,3.164316e+05,1.497989e+05,9.449853e-01,2.408073e+04
481,2.553403e+04,-5.866284,1.595628,-5.200066,2.921802e+05,-7.947295e+04,2.589981e+05,1.082756e-01,2.764713e+03
482,2.557123e+04,-2.156579,1.315295,7.590729,1.074903e+05,-6.555821e+04,-3.783444e+05,0.000000e+00,0.000000e+00
483,2.567032e+04,-5.078069,2.168276,5.788938,2.535959e+05,-1.082825e+05,-2.890963e+05,1.222370e+00,3.137862e+04
484,2.569571e+04,-5.355402,-5.836880,-1.118258,2.675780e+05,2.916347e+05,5.587280e+04,1.062313e+00,2.729690e+04
485,2.580003e+04,1.062762,0.575084,7.908212,-5.320767e+04,-2.879183e+04,-3.959282e+05,0.000000e+00,0.000000e+00
486,2.586765e+04,-6.870494,1.295853,3.888070,3.444248e+05,-6.496242e+04,-1.949129e+05,1.133719e+00,2.932665e+04
487,2.588696e+04,3.727133,-4.880647,5.127160,-1.869147e+05,2.447631e+05,-2.571257e+05,1.716528e+00,4.443569e+04
488,2.590479e+04,-0.915827,-3.033262,-7.345787,4.594430e+04,1.521696e+05,3.685161e+05,4.496829e-02,1.164894e+03
489,2.596868e+04,3.300232,7.246107,-0.776149,-1.657668e+05,-3.639634e+05,3.898503e+04,8.966187e-01,2.328400e+04
490,2.600268e+04,-0.833462,-5.325349,5.911515,4.189119e+04,2.676610e+05,-2.971227e+05,1.690240e+00,4.395077e+04
491,2.607689e+04,0.325948,4.225136,-6.785424,-1.640605e+04,-2.126653e+05,3.415332e+05,1.344234e-01,3.505343e+03
492,2.609478e+04,0.654058,-0.715285,7.941069,-3.293225e+04,3.601506e+04,-3.998378e+05,0.000000e+00,0.000000e+00
493,2.609657e+04,-7.165601,0.554334,3.513812,3.608049e+05,-2.791202e+04,-1.769287e+05,1.133227e+00,2.957334e+04
494,2.624093e+04,3.368958,5.700118,4.489853,-1.701035e+05,-2.878071e+05,-2.266991e+05,1.461015e+00,3.833840e+04
495,2.625673e+04,1.354176,1.873034,-7.658848,-6.839489e+04,-9.460062e+04,3.868226e+05,1.107025e+00,2.906685e+04
496,2.628769e+04,-3.426804,-2.226855,-6.877364,1.731783e+05,1.125372e+05,3.475571e+05,4.945480e-02,1.300052e+03
497,2.630050e+04,1.860424,7.508202,-2.041011,-9.404202e+04,-3.795299e+05,1.031705e+05,6.762832e-01,1.778659e+04
498,2.632483e+04,3.697341,5.444776,4.547976,-1.869822e+05,-2.753536e+05,-2.300006e+05,1.506280e+00,3.965256e+04
499,2.640507e+04,-0.594838,0.644638,7.951768,3.012802e+04,-3.265033e+04,-4.027499e+05,0.000000e+00,0.000000e+00
500,2.642999e+04,4.842090,2.103575,-6.010752,-2.453632e+05,-1.065944e+05,3.045828e+05,5.095991e-02,1.346870e+03
501,2.658605e+04,-0.267932,0.776652,-7.957702,1.361695e+04,-3.947130e+04,4.044293e+05,1.003757e+00,2.668594e+04
502,2.676027e+04,-1.201254,-3.532104,7.076809,6.125029e+04,1.800971e+05,-3.608368e+05,1.819752e+00,4.869706e+04
503,2.684674e+04,-6.077909,-2.651056,-4.475591,3.104045e+05,1.353919e+05,2.285726e+05,5.027453e-01,1.349707e+04
504,2.685891e+04,-3.764076,0.995730,6.988580,1.922785e+05,-5.086441e+04,-3.569942e+05,1.386824e+00,3.724858e+04
505,2.687695e+04,4.575822,0.359012,-6.552325,-2.338230e+05,-1.834537e+04,3.348216e+05,4.896709e-02,1.316086e+03
506,2.690524e+04,-7.164634,-3.020008,-1.883499,3.663030e+05,1.544026e+05,9.629682e+04,9.895696e-01,2.662460e+04
507,2.694748e+04,-1.079136,-7.922214,-0.272022,5.521578e+04,4.053533e+05,1.391848e+04,1.121820e+00,3.023021e+04
508,2.709065e+04,-7.618552,1.217699,-2.115388,3.908501e+05,-6.247088e+04,1.085245e+05,8.928024e-01,2.418659e+04
509,2.714843e+04,-1.079060,-6.989541,3.739245,5.541737e+04,3.589625e+05,-1.920367e+05,1.475555e+00,4.005901e+04
510,2.721396e+04,5.402764,1.135048,-5.789802,-2.778049e+05,-5.836310e+04,2.977060e+05,6.818475e-02,1.855577e+03
511,2.735367e+04,-3.289734,2.112668,6.979562,1.695886e+05,-1.089098e+05,-3.598024e+05,1.034765e+00,2.830463e+04
512,2.736528e+04,4.012554,0.888171,6.863714,-2.068945e+05,-4.579570e+04,-3.539054e+05,5.137251e-01,1.405823e+04
513,2.737573e+04,4.049542,-1.399825,-6.755864,-2.088415e+05,7.219126e+04,3.484110e+05,5.112912e-02,1.399697e+03
514,2.751519e+04,-1.966457,3.440604,-6.949481,1.016714e+05,-1.778890e+05,3.593078e+05,1.682970e-01,4.630724e+03
515,2.753468e+04,-1.376563,0.531166,7.862756,7.119740e+04,-2.747253e+04,-4.066707e+05,0.000000e+00,0.000000e+00
516,2.755901e+04,-3.008924,-3.843364,6.338370,1.556937e+05,1.988710e+05,-3.279725e+05,1.664315e+00,4.586688e+04
517,2.766980e+04,-2.740740,-6.778882,3.245783,1.421016e+05,3.514707e+05,-1.682870e+05,1.334088e+00,3.691395e+04
518,2.774998e+04,3.156946,3.106695,-6.661992,-1.639179e+05,-1.613088e+05,3.459103e+05,6.185850e-02,1.716572e+03
519,2.779498e+04,-5.760443,-1.500480,-5.344704,2.993416e+05,7.797250e+04,2.777377e+05,1.903274e-01,5.290145e+03
520,2.780736e+04,-6.062070,-1.956317,-4.839848,3.150858e+05,1.016827e+05,2.515589e+05,3.582026e-01,9.960667e+03
521,2.781001e+04,-1.160492,-6.286763,-4.809353,6.032130e+04,3.267802e+05,2.499857e+05,6.033809e-01,1.678003e+04
522,2.797397e+04,-3.233032,2.953004,6.695317,1.685447e+05,-1.539463e+05,-3.490409e+05,1.215667e+00,3.400704e+04
523,2.819576e+04,-2.158276,6.097987,-4.707059,1.129606e+05,-3.191585e+05,2.463597e+05,9.706828e-02,2.736914e+03
524,2.819756e+04,-4.262434,0.261178,6.764868,2.230958e+05,-1.367008e+04,-3.540733e+05,1.448360e+00,4.084021e+04
525,2.823969e+04,0.799308,7.929568,-0.695027,-4.186704e+04,-4.153436e+05,3.640491e+04,9.082814e-01,2.564959e+04
526,2.828788e+04,-3.618977,5.787948,-4.171650,1.897204e+05,-3.034260e+05,2.186936e+05,1.949342e-01,5.514275e+03
527,2.840828e+04,-3.502600,-2.436664,-6.767161,1.840099e+05,1.280107e+05,3.555142e+05,5.713765e-02,1.623182e+03
528,2.849445e+04,3.198605,1.081088,7.252598,-1.682940e+05,-5.688128e+04,-3.815942e+05,0.000000e+00,0.000000e+00
529,2.880166e+04,0.345414,-0.439227,7.980462,-1.827163e+04,2.323410e+04,-4.221481e+05,0.000000e+00,0.000000e+00
530,2.897235e+04,-0.392521,2.420784,7.614836,2.082492e+04,-1.284328e+05,-4.039992e+05,0.000000e+00,0.000000e+00
531,2.900713e+04,0.954808,-4.658504,-6.433248,-5.068699e+04,2.473016e+05,3.415158e+05,1.001422e-01,2.904839e+03
532,2.905893e+04,7.330218,0.796575,-3.103767,-3.894796e+05,-4.232477e+04,1.649138e+05,7.635513e-01,2.218798e+04
533,2.907373e+04,-2.567944,6.256452,4.273461,1.364784e+05,-3.325114e+05,-2.271214e+05,1.134434e+00,3.298223e+04
534,2.910939e+04,2.311909,-5.408781,-5.422191,-1.229463e+05,2.876365e+05,2.883496e+05,3.681596e-01,1.071690e+04
535,2.911468e+04,4.595877,4.878900,4.367408,-2.444288e+05,-2.594812e+05,-2.322779e+05,1.466122e+00,4.268568e+04
536,2.911865e+04,2.266358,1.737477,-7.472937,-1.205431e+05,-9.241294e+04,3.974706e+05,1.348239e+00,3.925890e+04
537,2.916304e+04,-2.226363,-1.990990,-7.421541,1.185060e+05,1.059775e+05,3.950377e+05,6.834271e-02,1.993081e+03
538,2.917856e+04,-3.310268,3.229659,-6.527743,1.762476e+05,-1.719557e+05,3.475546e+05,5.779682e-02,1.686428e+03
539,2.925148e+04,-0.942540,-1.261488,7.843486,5.024602e+04,6.724889e+04,-4.181298e+05,6.777244e-01,1.982444e+04
540,2.928200e+04,-5.783371,-3.767518,4.044556,3.084675e+05,2.009480e+05,-2.157244e+05,1.270081e+00,3.719052e+04
541,2.931209e+04,-0.016779,3.828743,7.024275,8.954245e+02,-2.043185e+05,-3.748461e+05,0.000000e+00,0.000000e+00
542,2.941964e+04,-0.393880,-1.749928,7.796320,2.105768e+04,9.355500e+04,-4.168083e+05,1.067900e+00,3.141722e+04
543,2.942477e+04,2.131758,5.001672,5.868466,-1.139784e+05,-2.674236e+05,-3.137683e+05,8.980845e-01,2.642593e+04
544,2.945310e+04,2.485965,6.611065,3.756834,-1.329807e+05,-3.536429e+05,-2.009628e+05,1.207656e+00,3.556922e+04
545,2.951290e+04,-0.203865,0.455225,-7.984435,1.091631e+04,-2.437590e+04,4.275415e+05,1.015855e+00,2.998084e+04
546,2.952921e+04,-0.928955,-1.509050,-7.801270,4.975639e+04,8.082722e+04,4.178489e+05,2.847965e-01,8.409817e+03
547,2.965350e+04,1.605760,-6.930256,-3.659656,-8.618794e+04,3.719763e+05,1.964293e+05,9.127990e-01,2.706768e+04
548,2.979621e+04,2.424158,5.250514,5.527708,-1.304276e+05,-2.824948e+05,-2.974087e+05,1.727337e+00,5.146810e+04
549,2.980858e+04,7.896657,1.214743,0.408904,-4.249541e+05,-6.537070e+04,-2.200492e+04,1.108478e+00,3.304216e+04
550,2.984903e+04,2.758477,-0.568227,-7.487852,-1.485465e+05,3.059953e+04,4.032277e+05,1.528200e-01,4.561528e+03
551,2.989639e+04,3.089394,-3.319797,6.590493,-1.664987e+05,1.789159e+05,-3.551856e+05,1.870889e+00,5.593283e+04
552,3.002407e+04,0.656689,4.280023,-6.726824,-3.546685e+04,-2.311580e+05,3.633063e+05,1.430974e-01,4.296366e+03
553,3.008401e+04,-4.188196,-1.180155,6.713140,2.264242e+05,6.380210e+04,-3.629289e+05,1.562879e+00,4.701766e+04
554,3.008413e+04,4.831657,-3.814132,5.109549,-2.612119e+05,2.062019e+05,-2.762354e+05,1.728031e+00,5.198630e+04
555,3.014259e+04,-3.921013,5.272553,-4.563534,2.121859e+05,-2.853247e+05,2.469560e+05,1.501572e-01,4.526127e+03
556,3.018731e+04,5.346849,1.486528,5.762069,-2.895597e+05,-8.050324e+04,-3.120460e+05,2.110989e+00,6.372506e+04
557,3.027728e+04,-6.447920,-3.067776,3.607364,3.497085e+05,1.663835e+05,-1.956485e+05,1.199668e+00,3.632268e+04
558,3.035549e+04,-1.652611,6.559653,4.270811,8.974645e+04,-3.562276e+05,-2.319301e+05,1.151478e+00,3.495368e+04
559,3.036160e+04,-0.861881,-1.405467,-7.828271,4.680989e+04,7.633275e+04,4.251638e+05,3.654000e-01,1.109413e+04
560,3.041665e+04,1.836753,-6.319992,4.547971,-9.984687e+04,3.435582e+05,-2.472302e+05,1.677844e+00,5.103441e+04
561,3.053801e+04,-0.654012,1.326405,7.862119,3.562328e+04,-7.224778e+04,-4.282408e+05,0.000000e+00,0.000000e+00
562,3.067345e+04,2.706341,7.517755,-0.398834,-1.477379e+05,-4.103908e+05,2.177218e+04,9.625806e-01,2.952567e+04
563,3.090009e+04,-7.231554,-2.013785,-2.765737,3.962229e+05,1.103370e+05,1.515370e+05,9.193720e-01,2.840868e+04
564,3.090918e+04,7.154046,-0.844952,-3.479323,-3.920338e+05,4.630244e+04,1.906631e+05,7.692834e-01,2.377792e+04
565,3.106029e+04,1.481086,3.832403,6.864333,-8.136003e+04,-2.105241e+05,-3.770762e+05,0.000000e+00,0.000000e+00
566,3.135751e+04,6.840938,-3.282949,2.534525,-3.775848e+05,1.812020e+05,-1.398928e+05,1.288940e+00,4.041794e+04
567,3.147287e+04,1.558365,4.407940,-6.491653,-8.617184e+04,-2.437429e+05,3.589645e+05,8.587329e-02,2.702678e+03
568,3.149168e+04,3.509742,-6.968225,-1.767924,-1.941338e+05,3.854323e+05,9.778888e+04,1.070146e+00,3.370070e+04
569,3.155706e+04,2.321657,1.358084,7.534289,-1.285507e+05,-7.519742e+04,-4.171753e+05,0.000000e+00,0.000000e+00
570,3.159808e+04,-0.259345,-7.009340,-3.847323,1.436930e+04,3.883609e+05,2.131656e+05,9.031023e-01,2.853630e+04
571,3.160340e+04,-4.193004,-0.179432,6.810765,2.323380e+05,9.942490e+03,-3.773904e+05,1.501068e+00,4.743885e+04
572,3.164492e+04,-0.894086,7.868235,1.136433,4.957462e+04,-4.362720e+05,-6.301210e+04,1.032443e+00,3.267156e+04
573,3.167679e+04,4.024780,-1.062690,6.831679,-2.232754e+05,5.895290e+04,-3.789885e+05,1.020776e+00,3.233490e+04
574,3.174757e+04,-7.596722,-0.756234,-2.391219,4.219000e+05,4.199903e+04,1.328014e+05,9.402840e-01,2.985173e+04
575,3.192630e+04,-0.305027,-7.073996,3.723646,1.698793e+04,3.939736e+05,-2.073819e+05,1.477234e+00,4.716261e+04
576,3.196493e+04,2.394878,-0.568249,7.611941,-1.334592e+05,3.166674e+04,-4.241899e+05,7.624179e-02,2.437063e+03
577,3.197906e+04,3.818429,2.939194,-6.385980,-2.128362e+05,-1.638284e+05,3.559496e+05,6.129083e-02,1.960023e+03
578,3.210898e+04,-2.481810,2.327624,7.240358,1.386149e+05,-1.300033e+05,-4.043909e+05,9.799929e-03,3.146658e+02
579,3.219747e+04,2.435401,1.697172,7.428892,-1.362101e+05,-9.492153e+04,-4.154923e+05,0.000000e+00,0.000000e+00
580,3.224561e+04,-1.772570,-7.545912,-1.979192,9.921258e+04,4.223525e+05,1.107774e+05,1.058662e+00,3.413720e+04
581,3.230865e+04,-0.099931,-0.061365,-7.999140,5.598700e+03,3.438024e+03,4.481576e+05,1.028163e+00,3.321856e+04
582,3.270416e+04,6.797591,2.922946,3.041242,-3.831639e+05,-1.647594e+05,-1.714275e+05,1.240632e+00,4.057382e+04
583,3.273609e+04,0.031153,0.428920,-7.988433,-1.756853e+03,-2.418897e+04,4.505086e+05,1.016307e+00,3.326992e+04
584,3.274498e+04,4.805182,5.389589,-3.444206,-2.710256e+05,-3.039877e+05,1.942628e+05,4.943852e-01,1.618864e+04
585,3.276096e+04,-3.989373,-5.922190,3.607294,2.250666e+05,3.341094e+05,-2.035110e+05,1.308089e+00,4.285424e+04
586,3.279446e+04,2.981909,-2.823538,6.865556,-1.683149e+05,1.593757e+05,-3.875288e+05,1.173877e+00,3.849667e+04
587,3.293649e+04,-2.363639,0.247023,7.638861,1.337051e+05,-1.397347e+04,-4.321110e+05,5.460231e-01,1.798408e+04
588,3.297323e+04,2.115045,2.064355,7.434045,-1.197095e+05,-1.168405e+05,-4.207596e+05,0.000000e+00,0.000000e+00
589,3.299202e+04,5.163964,5.790334,1.950774,-2.923585e+05,-3.278205e+05,-1.104433e+05,1.121098e+00,3.698728e+04
590,3.304276e+04,-0.384328,7.798264,-1.743381,2.177549e+04,-4.418391e+05,9.877759e+04,8.189401e-01,2.706004e+04
591,3.308702e+04,1.436378,3.441929,7.077425,-8.143773e+04,-1.951456e+05,-4.012658e+05,0.000000e+00,0.000000e+00
592,3.320915e+04,-1.939626,-1.420648,7.630177,1.101730e+05,8.069441e+04,-4.334026e+05,1.576694e+00,5.236066e+04
593,3.333028e+04,-1.140635,1.717655,-7.729723,6.490742e+04,-9.774253e+04,4.398569e+05,1.031704e+00,3.438698e+04
594,3.338007e+04,5.064056,-2.332847,5.737000,-2.883833e+05,1.328489e+05,-3.267055e+05,1.973930e+00,6.588992e+04
595,3.353553e+04,2.382369,-7.327125,-2.153499,-1.359846e+05,4.182291e+05,1.229208e+05,1.057141e+00,3.545178e+04
596,3.355434e+04,3.026986,-7.393698,-0.413023,-1.728275e+05,4.221474e+05,2.358177e+04,1.120757e+00,3.760626e+04
597,3.356699e+04,-4.047352,-6.278228,2.864052,2.311294e+05,3.585266e+05,-1.635555e+05,1.226095e+00,4.115632e+04
598,3.359325e+04,2.688027,7.386151,-1.489725,-1.535634e+05,-4.219610e+05,8.510602e+04,8.767149e-01,2.945171e+04
599,3.361526e+04,-1.760718,-5.630968,5.402969,1.006204e+05,3.217950e+05,-3.087655e+05,1.691081e+00,5.684611e+04
600,3.365651e+04,0.947366,0.861752,7.896827,-5.417268e+04,-4.927709e+04,-4.515598e+05,0.000000e+00,0.000000e+00
601,3.367257e+04,4.612881,1.411244,-6.381984,-2.638387e+05,-8.071761e+04,3.650244e+05,6.214021e-02,2.092421e+03
602,3.369935e+04,-0.970619,5.068787,6.112716,5.553767e+04,-2.900300e+05,-3.497624e+05,1.138090e+00,3.835291e+04
603,3.383904e+04,-6.452410,-0.330185,4.717772,3.699637e+05,1.893191e+04,-2.705042e+05,1.189990e+00,4.026812e+04
604,3.384359e+04,2.736708,2.272183,7.165725,-1.569259e+05,-1.302896e+05,-4.108908e+05,0.000000e+00,0.000000e+00
605,3.385895e+04,2.921688,-5.974368,-4.446422,-1.675709e+05,3.426548e+05,2.550207e+05,7.804442e-01,2.642502e+04
606,3.398787e+04,0.585695,3.876794,6.973337,-3.365592e+04,-2.227731e+05,-4.007105e+05,0.000000e+00,0.000000e+00
607,3.414570e+04,-0.644652,-1.942466,7.733773,3.712971e+04,1.118792e+05,-4.454382e+05,1.546391e+00,5.280259e+04
608,3.420517e+04,3.743675,3.846718,5.931919,-2.158103e+05,-2.217503e+05,-3.419551e+05,1.002930e+00,3.430540e+04
609,3.421952e+04,4.588957,-5.713547,3.208871,-2.645934e+05,3.294358e+05,-1.850194e+05,1.413826e+00,4.838044e+04
610,3.425916e+04,2.003109,6.311250,-4.489508,-1.155636e+05,-3.641093e+05,2.590092e+05,1.605861e-01,5.501546e+03
611,3.430170e+04,0.028232,-0.328999,7.993182,-1.629771e+03,1.899245e+04,-4.614297e+05,0.000000e+00,0.000000e+00
612,3.431224e+04,0.395382,4.357731,6.697302,-2.282806e+04,-2.516014e+05,-3.866806e+05,0.000000e+00,0.000000e+00
613,3.440658e+04,0.970451,-0.949978,7.883893,-5.610767e+04,5.492401e+04,-4.558160e+05,2.744631e-02,9.443336e+02
614,3.454725e+04,2.598094,-1.087139,-7.487859,-1.505184e+05,6.298252e+04,4.338029e+05,1.545894e-01,5.340638e+03
615,3.455329e+04,-1.830712,3.771567,6.813500,1.060701e+05,-2.185217e+05,-3.947690e+05,4.863983e-04,1.680666e+01
616,3.470017e+04,0.186142,0.304672,-7.992029,-1.080784e+04,-1.768993e+04,4.640352e+05,1.015891e+00,3.525159e+04
617,3.474443e+04,-0.951177,-1.210424,-7.850486,5.526266e+04,7.032473e+04,4.561075e+05,1.640954e+00,5.701402e+04
618,3.482993e+04,1.364167,-7.752163,1.429343,-7.935455e+04,4.509488e+05,-8.314590e+04,1.183984e+00,4.123806e+04
619,3.484592e+04,4.756700,5.163474,3.835668,-2.767641e+05,-3.004319e+05,-2.231747e+05,1.281896e+00,4.466885e+04
620,3.489496e+04,-4.056640,4.525518,-5.202245,2.361978e+05,-2.634982e+05,3.029007e+05,1.045903e-01,3.649676e+03
621,3.511887e+04,0.474530,-3.233682,-7.301926,-2.771798e+04,1.888842e+05,4.265164e+05,6.762925e-02,2.375063e+03
622,3.517760e+04,-6.202635,3.387456,-3.748662,3.626080e+05,-1.980318e+05,2.191479e+05,5.513806e-01,1.939624e+04
623,3.518480e+04,-5.674596,-5.598757,0.672961,3.317726e+05,3.273386e+05,-3.934551e+04,1.114495e+00,3.921328e+04
624,3.523796e+04,0.731013,-5.850296,5.407370,-4.277191e+04,3.423035e+05,-3.163877e+05,1.706776e+00,6.014332e+04
625,3.532969e+04,6.663652,4.107688,-1.650042,-3.904004e+05,-2.406553e+05,9.667027e+04,9.529142e-01,3.366616e+04
626,3.563834e+04,-1.120174,3.256093,7.221016,6.591315e+04,-1.915947e+05,-4.248984e+05,0.000000e+00,0.000000e+00
627,3.565438e+04,-1.064995,-5.515316,-5.696234,6.268042e+04,3.246047e+05,3.352527e+05,3.767607e-01,1.343317e+04
628,3.571187e+04,6.065683,2.603765,-4.519723,-3.572844e+05,-1.533685e+05,2.662233e+05,3.282893e-01,1.172382e+04
629,3.584602e+04,7.734745,-0.191555,-2.033970,-4.564513e+05,1.130428e+04,1.200309e+05,9.970563e-01,3.574050e+04
630,3.584790e+04,7.859190,1.233126,0.844117,-4.638075e+05,-7.277249e+04,-4.981525e+04,1.126902e+00,4.039709e+04
631,3.586966e+04,-4.261986,2.550193,6.271522,2.515960e+05,-1.505444e+05,-3.702241e+05,1.314634e+00,4.715546e+04
632,3.588925e+04,2.242275,-3.785829,6.681295,-1.324034e+05,2.235482e+05,-3.945217e+05,1.744449e+00,6.260697e+04
633,3.589253e+04,3.272809,-7.253305,0.823579,-1.932639e+05,4.283177e+05,-4.863346e+04,1.152913e+00,4.138098e+04
634,3.589289e+04,-5.383742,4.206219,4.162096,3.179190e+05,-2.483843e+05,-2.457788e+05,1.109698e+00,3.983027e+04
635,3.592949e+04,6.772974,-4.248940,-0.270783,-4.001594e+05,2.510350e+05,1.599837e+04,1.116877e+00,4.012884e+04
636,3.611997e+04,0.845185,1.174526,-7.868046,-5.006722e+04,-6.957679e+04,4.660888e+05,1.021215e+00,3.688626e+04
637,3.631363e+04,-7.994671,-0.159624,0.244452,4.748577e+05,9.481149e+03,-1.451966e+04,1.068841e+00,3.881351e+04
638,3.633222e+04,-0.383825,2.354537,-7.636022,2.280381e+04,-1.398877e+05,4.536712e+05,1.033994e+00,3.756730e+04
639,3.647210e+04,2.312733,0.706501,-7.625754,-1.376683e+05,-4.205535e+04,4.539325e+05,1.184908e+00,4.321607e+04
640,3.654550e+04,-6.403498,-1.431840,4.576576,3.815595e+05,8.531775e+04,-2.727003e+05,1.206065e+00,4.407624e+04
641,3.687317e+04,-0.662563,0.737221,-7.938357,3.965614e+04,-4.412463e+04,4.751316e+05,1.017499e+00,3.751841e+04
642,3.691751e+04,-4.159243,-6.509867,-2.079023,2.490913e+05,3.898669e+05,1.245098e+05,1.050329e+00,3.877552e+04
643,3.699875e+04,-7.319225,-0.782806,3.133076,4.388202e+05,4.693274e+04,-1.878419e+05,1.125527e+00,4.164307e+04
644,3.709031e+04,-1.079294,-0.266235,7.922389,6.478855e+04,1.598170e+04,-4.755700e+05,2.691484e-05,9.982797e-01
645,3.710817e+04,6.255028,4.570530,-1.996217,-3.755710e+05,-2.744286e+05,1.198590e+05,9.153930e-01,3.396856e+04
646,3.713400e+04,-2.747277,-3.394205,-6.703122,1.650123e+05,2.038694e+05,4.026160e+05,8.972819e-02,3.331967e+03
647,3.719118e+04,-2.677951,-3.008121,6.912292,1.609721e+05,1.808187e+05,-4.154991e+05,1.663967e+00,6.188490e+04
648,3.721982e+04,-0.266607,-6.880449,-4.072879,1.603194e+04,4.137443e+05,2.449157e+05,9.095903e-01,3.385479e+04
649,3.725952e+04,-0.110140,-1.704059,-7.815629,6.626633e+03,1.025254e+05,4.702303e+05,3.691656e-01,1.375494e+04
650,3.729297e+04,6.739360,2.724299,3.340543,-4.056581e+05,-1.639820e+05,-2.010752e+05,1.267744e+00,4.727792e+04
651,3.776050e+04,2.656773,5.280354,5.390679,-1.609168e+05,-3.198232e+05,-3.265054e+05,1.851624e+00,6.991824e+04
652,3.785307e+04,-7.346177,-3.130486,0.483471,4.454921e+05,1.898412e+05,-2.931898e+04,1.090996e+00,4.129756e+04
653,3.788923e+04,-1.381566,-4.204998,-6.664028,8.382190e+04,2.551243e+05,4.043177e+05,1.078329e-01,4.085706e+03
654,3.791648e+04,1.759486,0.022496,7.804082,-1.067894e+05,-1.365356e+03,-4.736570e+05,0.000000e+00,0.000000e+00
655,3.800270e+04,0.690860,0.000027,-7.970114,-4.197837e+04,-1.652619e+00,4.842836e+05,1.035200e+00,3.934040e+04
656,3.800543e+04,-5.500195,-3.797598,4.396147,3.342173e+05,2.307597e+05,-2.671303e+05,1.284302e+00,4.881047e+04
657,3.830384e+04,1.734223,-4.950261,6.040479,-1.057923e+05,3.019794e+05,-3.684857e+05,1.976549e+00,7.570943e+04
658,3.846254e+04,-0.497503,4.723185,6.437703,3.041186e+04,-2.887234e+05,-3.935301e+05,1.257051e-02,4.834936e+02
659,3.848572e+04,-4.691389,-6.111407,-2.154432,2.868661e+05,3.736965e+05,1.317379e+05,1.045951e+00,4.025419e+04
660,3.856917e+04,-4.489911,2.142222,6.265109,2.748438e+05,-1.311332e+05,-3.835101e+05,1.294897e+00,4.994311e+04
661,3.857295e+04,6.864859,-2.066049,3.550374,-4.202436e+05,1.264765e+05,-2.173420e+05,1.410540e+00,5.440869e+04
662,3.869528e+04,3.415096,3.803569,6.153859,-2.093919e+05,-2.332106e+05,-3.773154e+05,9.784260e-01,3.786047e+04
663,3.876732e+04,4.386539,5.091894,-4.339457,-2.692049e+05,-3.124930e+05,2.663154e+05,2.907958e-01,1.127337e+04
664,3.889061e+04,-1.100243,-5.718235,5.485550,6.762992e+04,3.514896e+05,-3.371868e+05,1.696757e+00,6.598790e+04
665,3.922414e+04,4.633193,-0.082880,6.521246,-2.860126e+05,5.116294e+03,-4.025644e+05,1.004170e+00,3.938771e+04
666,3.933959e+04,0.850916,1.271160,7.852394,-5.260533e+04,-7.858564e+04,-4.854506e+05,0.000000e+00,0.000000e+00
667,3.934325e+04,-5.238543,-4.865222,3.589886,3.238722e+05,3.007917e+05,-2.219442e+05,1.225474e+00,4.821413e+04
668,3.943107e+04,-2.240516,2.756290,7.168190,1.386741e+05,-1.705973e+05,-4.436668e+05,6.518118e-04,2.570164e+01
669,3.962840e+04,-3.309338,-0.436856,-7.270312,2.053395e+05,2.710625e+04,4.511120e+05,1.475949e-01,5.848948e+03
670,3.964186e+04,3.260886,-0.978751,-7.239383,-2.023674e+05,6.074035e+04,4.492692e+05,1.149474e-01,4.556727e+03
671,3.966643e+04,1.039278,-0.684958,-7.902578,-6.451656e+04,4.252103e+04,4.905783e+05,1.163228e+00,4.614109e+04
672,3.973001e+04,5.969078,-4.232593,3.233460,-3.708469e+05,2.629625e+05,-2.008884e+05,1.373565e+00,5.457174e+04
673,3.974643e+04,6.815838,0.719712,4.126302,-4.235419e+05,-4.472354e+04,-2.564119e+05,1.494195e+00,5.938890e+04
674,3.981575e+04,-1.511248,-0.868564,-7.807799,9.399211e+04,5.402035e+04,4.856061e+05,1.307835e+00,5.207242e+04
675,3.997607e+04,1.442726,-1.491005,-7.726283,-8.991085e+04,9.291957e+04,4.815027e+05,3.229525e-01,1.291037e+04
676,3.999971e+04,2.027320,-2.629507,7.278438,-1.263801e+05,1.639196e+05,-4.537271e+05,1.092030e+00,4.368086e+04
677,4.006741e+04,4.555788,5.786545,-3.124210,-2.842413e+05,-3.610298e+05,1.949233e+05,6.704405e-01,2.686281e+04
678,4.016306e+04,5.027443,-5.591125,-2.732057,-3.140426e+05,3.492534e+05,1.706598e+05,1.027793e+00,4.127933e+04
679,4.019046e+04,-7.201576,-1.274268,3.242460,4.500047e+05,7.962515e+04,-2.026115e+05,1.127265e+00,4.530528e+04
680,4.025646e+04,-6.100921,-1.980071,4.781013,3.815410e+05,1.238302e+05,-2.989963e+05,1.239278e+00,4.988895e+04
681,4.034715e+04,-3.920103,-2.078241,6.656854,2.454324e+05,1.301159e+05,-4.167768e+05,1.648831e+00,6.652565e+04
682,4.036473e+04,1.056035,-7.836551,-1.213776,-6.613137e+04,4.907430e+05,7.600946e+04,1.092272e+00,4.408929e+04
683,4.048385e+04,5.339463,0.877034,-5.892448,-3.348625e+05,-5.500289e+04,3.695428e+05,1.113590e-01,4.508240e+03
684,4.049493e+04,-4.991844,0.471046,-6.233747,3.131046e+05,-2.954551e+04,3.910007e+05,8.583415e-02,3.475848e+03
685,4.051560e+04,3.390981,0.630005,-7.218334,-2.127475e+05,-3.952601e+04,4.528727e+05,1.874507e-01,7.594677e+03
686,4.056304e+04,-0.860416,-6.863247,4.019393,5.401345e+04,4.308469e+05,-2.523212e+05,1.481245e+00,6.008379e+04
687,4.067679e+04,0.285619,4.445762,-6.644819,-1.795511e+04,-2.794780e+05,4.177193e+05,1.899849e-01,7.727977e+03
688,4.080025e+04,3.687052,2.738668,6.550217,-2.321340e+05,-1.724244e+05,-4.123967e+05,3.501151e-01,1.428478e+04
689,4.082950e+04,0.535957,4.754994,6.411145,-3.375551e+04,-2.994781e+05,-4.037855e+05,0.000000e+00,0.000000e+00
690,4.089558e+04,0.432826,0.190778,-7.986004,-2.728223e+04,-1.202525e+04,5.033798e+05,1.025333e+00,4.193159e+04
691,4.092741e+04,-7.179501,-1.249320,3.300601,4.527197e+05,7.877872e+04,-2.081269e+05,1.127127e+00,4.613037e+04
692,4.102865e+04,-1.317924,7.797776,1.207377,8.320744e+04,-4.923143e+05,-7.622800e+04,1.050418e+00,4.309723e+04
693,4.118292e+04,-1.674095,0.039830,-7.822776,1.058929e+05,-2.519397e+03,4.948203e+05,1.089792e+00,4.488082e+04
694,4.119799e+04,-5.661295,2.007347,5.283966,3.581639e+05,-1.269956e+05,-3.342921e+05,1.159267e+00,4.775947e+04
695,4.134086e+04,1.913112,2.641281,-7.305042,-1.212434e+05,-1.673911e+05,4.629568e+05,1.189670e+00,4.918196e+04
696,4.135287e+04,1.864608,-0.786058,-7.739855,-1.181866e+05,4.982361e+04,4.905844e+05,1.529682e+00,6.325676e+04
697,4.137376e+04,4.020695,0.898948,6.857543,-2.549128e+05,-5.699349e+04,-4.347695e+05,1.184503e+00,4.900736e+04
698,4.143276e+04,-1.703532,7.739407,-1.095247,1.080812e+05,-4.910296e+05,6.948837e+04,9.557256e-01,3.959835e+04
699,4.143291e+04,0.794329,0.009842,7.960461,-5.039662e+04,-6.244019e+02,-5.050554e+05,0.000000e+00,0.000000e+00
700,4.153831e+04,-2.745236,-2.414588,7.115718,1.743943e+05,1.533895e+05,-4.520341e+05,1.659125e+00,6.891724e+04
701,4.157792e+04,-5.725301,-4.780819,2.892180,3.638796e+05,3.038517e+05,-1.838166e+05,1.162205e+00,4.832206e+04
702,4.175261e+04,-5.740653,1.750744,-5.289593,3.656210e+05,-1.115045e+05,3.368931e+05,2.010057e-01,8.392511e+03
703,4.188623e+04,1.657741,2.062713,7.549643,-1.057500e+05,-1.315838e+05,-4.816040e+05,0.000000e+00,0.000000e+00
704,4.201015e+04,3.158893,-0.634706,7.322469,-2.018088e+05,4.054875e+04,-4.678026e+05,1.228731e+00,5.161916e+04
705,4.201953e+04,1.835496,1.906931,-7.549475,-1.172754e+05,-1.218396e+05,4.823590e+05,1.079819e+00,4.537350e+04
706,4.209763e+04,-0.761893,-0.605930,7.940552,4.872487e+04,3.875065e+04,-5.078174e+05,1.596166e-01,6.719480e+03
707,4.225800e+04,0.431160,3.989886,6.920615,-2.762621e+04,-2.556483e+05,-4.434322e+05,0.000000e+00,0.000000e+00
708,4.241334e+04,7.265978,3.325579,0.382202,-4.664160e+05,-2.134748e+05,-2.453423e+04,1.091965e+00,4.631390e+04
709,4.255129e+04,-1.399352,-3.138920,7.224195,8.997285e+04,2.018202e+05,-4.644874e+05,1.939049e+00,8.250903e+04
710,4.258154e+04,4.428048,-2.913231,5.992118,-2.848073e+05,1.873759e+05,-3.854066e+05,2.023512e+00,8.616428e+04
711,4.280111e+04,0.039789,5.082799,6.177667,-2.565773e+03,-3.277619e+05,-3.983640e+05,5.992942e-01,2.565046e+04
712,4.292255e+04,-2.982972,-4.270218,6.071829,1.926283e+05,2.757534e+05,-3.920942e+05,1.679828e+00,7.210249e+04
713,4.308033e+04,0.166838,0.107879,7.997533,-1.079350e+04,-6.979169e+03,-5.173966e+05,0.000000e+00,0.000000e+00
714,4.320032e+04,4.263602,-5.037010,-4.522192,-2.762156e+05,3.263205e+05,2.929683e+05,8.198441e-01,3.541753e+04
715,4.331540e+04,-0.063599,1.320113,-7.890073,4.125706e+03,-8.563675e+04,5.118354e+05,1.007594e+00,4.364432e+04
716,4.342302e+04,-0.914785,4.593568,6.485546,5.941652e+04,-2.983584e+05,-4.212448e+05,1.565149e-01,6.796348e+03
717,4.359406e+04,6.137648,-4.349591,-2.722192,-3.994328e+05,2.830676e+05,1.771579e+05,1.024224e+00,4.465009e+04
718,4.367415e+04,0.231546,-0.435176,7.984799,-1.508267e+04,2.834686e+04,-5.201208e+05,0.000000e+00,0.000000e+00
719,4.382209e+04,5.569693,-4.588700,-3.452876,-3.634175e+05,2.994086e+05,2.252971e+05,9.739506e-01,4.268056e+04
720,4.383888e+04,1.552840,-1.741329,7.652219,-1.013409e+05,1.136419e+05,-4.993961e+05,1.544593e+00,6.771321e+04
721,4.385125e+04,5.139795,-6.112573,-0.467927,-3.354786e+05,3.989726e+05,3.054195e+04,1.107676e+00,4.857296e+04
722,4.386943e+04,-0.137403,0.012348,7.998810,8.970285e+03,-8.061432e+02,-5.221971e+05,0.000000e+00,0.000000e+00
723,4.389194e+04,3.957008,6.822503,-1.339977,-2.583969e+05,-4.455169e+05,8.750198e+04,9.670674e-01,4.244647e+04
724,4.397982e+04,6.535811,-1.015940,-4.500116,-4.272226e+05,6.640836e+04,2.941565e+05,6.482550e-01,2.851014e+04
725,4.400322e+04,-2.230312,-5.591532,5.268821,1.458263e+05,3.655957e+05,-3.444956e+05,1.667866e+00,7.339145e+04
726,4.407825e+04,-4.721447,2.561142,5.928616,3.089693e+05,-1.675999e+05,-3.879659e+05,1.212079e+00,5.342631e+04
727,4.417050e+04,-2.224594,1.195773,7.590870,1.457286e+05,-7.833269e+04,-4.972626e+05,7.403718e-02,3.270259e+03
728,4.426969e+04,-7.201486,3.347190,0.966915,4.722842e+05,-2.195137e+05,-6.341174e+04,1.063201e+00,4.706760e+04
729,4.427529e+04,-3.710417,-4.080643,-5.794925,2.433501e+05,2.676316e+05,3.800638e+05,3.595345e-01,1.591849e+04
730,4.449177e+04,-6.920095,3.658420,-1.651741,4.549671e+05,-2.405257e+05,1.085950e+05,9.850751e-01,4.382773e+04
731,4.454539e+04,-6.918725,3.107006,-2.545144,4.551510e+05,-2.043956e+05,1.674333e+05,9.178421e-01,4.088564e+04
732,4.458180e+04,-5.252211,0.826541,5.977550,3.456600e+05,-5.439655e+04,-3.933961e+05,1.249029e+00,5.568395e+04
733,4.461582e+04,-0.529672,-0.049435,-7.982293,3.487220e+04,3.254650e+03,5.255332e+05,1.036291e+00,4.623497e+04
734,4.461987e+04,-6.147856,3.106934,-4.068270,4.047771e+05,-2.045617e+05,2.678564e+05,5.760150e-01,2.570172e+04
735,4.470066e+04,1.653601,4.776806,-6.200623,-1.089722e+05,-3.147912e+05,4.086207e+05,9.139759e-02,4.085533e+03
736,4.473472e+04,1.201343,3.319967,7.178760,-7.919855e+04,-2.188690e+05,-4.732601e+05,0.000000e+00,0.000000e+00
737,4.476504e+04,-0.956789,-7.936749,0.304253,6.309771e+04,5.234078e+05,-2.006468e+04,1.114836e+00,4.990568e+04
738,4.477066e+04,0.065402,-0.702847,7.968797,-4.313372e+03,4.635383e+04,-5.255543e+05,1.178109e-02,5.274474e+02
739,4.491873e+04,-1.493109,-2.253832,7.529334,9.863554e+04,1.488892e+05,-4.973915e+05,1.919698e+00,8.623040e+04
740,4.502973e+04,1.389254,-7.753087,1.399861,-9.188811e+04,5.128052e+05,-9.258968e+04,1.148244e+00,5.170510e+04
741,4.504298e+04,4.336162,6.306996,-2.327982,-2.868449e+05,-4.172191e+05,1.540002e+05,8.728579e-01,3.931612e+04
742,4.541658e+04,3.861822,-6.535182,-2.525417,-2.565237e+05,4.341032e+05,1.677523e+05,1.052554e+00,4.780343e+04
743,4.548178e+04,2.491180,7.596111,0.305162,-1.655968e+05,-5.049380e+05,-2.028508e+04,1.042829e+00,4.742972e+04
744,4.556556e+04,-2.363917,-7.302727,2.254347,1.572818e+05,4.858827e+05,-1.499917e+05,1.168671e+00,5.325116e+04
745,4.559686e+04,3.388241,-2.442524,6.823042,-2.255121e+05,1.625677e+05,-4.541231e+05,1.085873e+00,4.951241e+04
746,4.565438e+04,6.981265,-3.618699,-1.472057,-4.649470e+05,2.410026e+05,9.803785e+04,1.074580e+00,4.905928e+04
747,4.579339e+04,-7.928659,0.684793,-0.816965,5.288459e+05,-4.567605e+04,5.449202e+04,1.045384e+00,4.787166e+04
748,4.604572e+04,-3.176131,-2.114947,7.031301,2.124326e+05,1.414563e+05,-4.702820e+05,1.659382e+00,7.640745e+04
749,4.613660e+04,-1.504437,-7.511631,2.304792,1.007221e+05,5.029040e+05,-1.543059e+05,1.178691e+00,5.438077e+04
750,4.618191e+04,1.462759,0.101365,7.864481,-9.797984e+04,-6.789731e+03,-5.267858e+05,0.000000e+00,0.000000e+00
751,4.649455e+04,5.434237,-0.786798,5.818076,-3.652311e+05,5.288013e+04,-3.910286e+05,2.039285e+00,9.481566e+04
752,4.699367e+04,-2.755521,3.263472,-6.764382,1.861879e+05,-2.205096e+05,4.570627e+05,2.017034e-01,9.478784e+03
753,4.706127e+04,-2.737909,6.370412,3.990201,1.851309e+05,-4.307521e+05,-2.698079e+05,1.103793e+00,5.194590e+04
754,4.710447e+04,-4.473751,-5.816829,3.185915,3.026432e+05,3.935006e+05,-2.155228e+05,1.188217e+00,5.597035e+04
755,4.713903e+04,0.666813,0.957767,7.914420,-4.512555e+04,-6.481542e+04,-5.355962e+05,0.000000e+00,0.000000e+00
756,4.735966e+04,-6.091620,-4.902684,-1.689929,4.132046e+05,3.325571e+05,1.146307e+05,1.057827e+00,5.009831e+04
757,4.742593e+04,-6.331829,3.651686,-3.251635,4.297988e+05,-2.478731e+05,2.207180e+05,8.030773e-01,3.808668e+04
758,4.747275e+04,-1.848536,-5.264899,5.732691,1.255389e+05,3.575529e+05,-3.893219e+05,1.689751e+00,8.021711e+04
759,4.752798e+04,3.511891,-6.256419,-3.538905,-2.386403e+05,4.251366e+05,2.404759e+05,1.000309e+00,4.754264e+04
760,4.767561e+04,-0.891912,-6.890250,3.965974,6.070136e+04,4.689334e+05,-2.699144e+05,1.427827e+00,6.807255e+04
761,4.773257e+04,7.484298,-1.669388,-2.280006,-5.096670e+05,1.136823e+05,1.552643e+05,1.031071e+00,4.921565e+04
762,4.813432e+04,7.774422,1.321852,-1.345761,-5.316473e+05,-9.039376e+04,9.202871e+04,1.049032e+00,5.049445e+04
763,4.822140e+04,-1.999181,7.745923,0.062891,1.368359e+05,-5.301773e+05,-4.304667e+03,1.028478e+00,4.959466e+04
764,4.826058e+04,-0.059389,0.174565,7.997875,4.066571e+03,-1.195311e+04,-5.476447e+05,0.000000e+00,0.000000e+00
765,4.842585e+04,0.162501,-7.798094,1.778572,-1.114610e+04,5.348785e+05,-1.219939e+05,1.151516e+00,5.576312e+04
766,4.865314e+04,7.907071,0.280548,1.183012,-5.436246e+05,-1.928818e+04,-8.133406e+04,1.126946e+00,5.482946e+04
767,4.866177e+04,-6.352496,2.555699,-4.136931,4.367837e+05,-1.757242e+05,2.844463e+05,6.224419e-01,3.028913e+04
768,4.867930e+04,-7.258818,-2.459342,2.293729,4.991903e+05,1.691294e+05,-1.577402e+05,1.104276e+00,5.375538e+04
769,4.870522e+04,-6.394640,0.174462,4.803971,4.398777e+05,-1.200100e+04,-3.304579e+05,1.150819e+00,5.605088e+04
770,4.874345e+04,4.538842,-5.245081,3.985981,-3.123426e+05,3.609428e+05,-2.742972e+05,1.529264e+00,7.454159e+04
771,4.878448e+04,1.811049,-2.020589,7.525777,-1.246807e+05,1.391064e+05,-5.181079e+05,1.107004e+00,5.400460e+04
772,4.888227e+04,3.155093,0.288102,-7.345909,-2.174282e+05,-1.985408e+04,5.062316e+05,2.921746e-01,1.428216e+04
773,4.889737e+04,1.866130,1.241011,-7.679678,-1.286213e+05,-8.553554e+04,5.293145e+05,1.053898e+00,5.153285e+04
774,4.940033e+04,0.179804,-3.641841,-7.120721,-1.245638e+04,2.522981e+05,4.933066e+05,8.770973e-02,4.332889e+03
775,4.946200e+04,7.084903,-0.202240,3.709885,-4.911315e+05,1.401948e+04,-2.571724e+05,1.340470e+00,6.630230e+04
776,4.957625e+04,0.937998,7.848100,-1.235912,-6.509787e+04,-5.446650e+05,8.577337e+04,9.745248e-01,4.831329e+04
777,4.985272e+04,3.959127,2.489606,6.490545,-2.755319e+05,-1.732619e+05,-4.517037e+05,1.636704e+00,8.159415e+04
778,4.986295e+04,7.232046,-3.417607,0.132186,-5.033594e+05,2.378697e+05,-9.200293e+03,1.109531e+00,5.532450e+04
779,5.013675e+04,-3.615526,4.223515,-5.752382,2.523351e+05,-2.947679e+05,4.014707e+05,9.483990e-02,4.754964e+03
780,5.019383e+04,-3.327010,-7.134884,1.422827,2.323311e+05,4.982418e+05,-9.935857e+04,1.119154e+00,5.617464e+04
781,5.019962e+04,-5.813878,-2.002822,-5.117375,4.060170e+05,1.398687e+05,3.573761e+05,5.541944e-01,2.782035e+04
782,5.044115e+04,-1.559809,-4.758945,-6.238545,1.091923e+05,3.331434e+05,4.367208e+05,2.922111e-01,1.473946e+04
783,5.067054e+04,3.090406,-3.804326,-6.322697,-2.168310e+05,2.669215e+05,4.436170e+05,2.133056e-01,1.080831e+04
784,5.070131e+04,-7.765726,1.918165,-0.118889,5.450291e+05,-1.346244e+05,8.344089e+03,1.054389e+00,5.345889e+04
785,5.084005e+04,-0.425242,-0.031392,7.988628,2.988593e+04,2.206218e+03,-5.614399e+05,0.000000e+00,0.000000e+00
786,5.085679e+04,-1.442460,0.635675,-7.843164,1.013926e+05,-4.468253e+04,5.513074e+05,1.052564e+00,5.353003e+04
787,5.087278e+04,1.445826,-7.866971,0.142692,-1.016452e+05,5.530678e+05,-1.003160e+04,1.107250e+00,5.632889e+04
788,5.107560e+04,1.203249,0.665050,-7.880983,-8.475989e+04,-4.684776e+04,5.551562e+05,1.050562e+00,5.365808e+04
789,5.109705e+04,-2.094321,-7.717613,-0.228614,1.475602e+05,5.437622e+05,1.610755e+04,1.093515e+00,5.587538e+04
790,5.142102e+04,6.430326,3.484271,3.242030,-4.544974e+05,-2.462693e+05,-2.291477e+05,1.191477e+00,6.126699e+04
791,5.152896e+04,-2.887625,2.992615,6.834169,2.043123e+05,-2.117408e+05,-4.835479e+05,1.423152e+00,7.333354e+04
792,5.196976e+04,0.927687,0.638810,-7.920310,-6.591816e+04,-4.539155e+04,5.627890e+05,1.033099e+00,5.368991e+04
793,5.205931e+04,-5.765204,4.826063,-2.733412,4.100076e+05,-3.432182e+05,1.943937e+05,8.896676e-01,4.631548e+04
794,5.212700e+04,2.575112,7.486495,1.149434,-1.832549e+05,-5.327678e+05,-8.179818e+04,1.069082e+00,5.572803e+04
795,5.224750e+04,-3.645553,4.029262,-5.871541,2.597312e+05,-2.870690e+05,4.183241e+05,9.311593e-02,4.865074e+03
796,5.253038e+04,5.388715,3.789608,-4.538791,-3.849626e+05,-2.707245e+05,3.242451e+05,4.328108e-01,2.273571e+04
797,5.271179e+04,0.779790,4.147640,6.796250,-5.580326e+04,-2.968130e+05,-4.863526e+05,0.000000e+00,0.000000e+00
798,5.291942e+04,2.096209,-5.179913,5.724893,-1.503039e+05,3.714138e+05,-4.104904e+05,1.806346e+00,9.559078e+04
799,5.293268e+04,-5.383832,-2.444197,5.388901,3.860837e+05,1.752775e+05,-3.864472e+05,1.328401e+00,7.031583e+04
800,5.300400e+04,-1.249663,0.436870,7.889708,8.967580e+04,-3.134978e+04,-5.661654e+05,0.000000e+00,0.000000e+00
801,5.307597e+04,6.284308,-3.783042,-3.193128,-4.512679e+05,2.716553e+05,2.292943e+05,1.009185e+00,5.356347e+04
802,5.316220e+04,7.084293,-1.086125,3.554311,-5.091269e+05,7.805658e+04,-2.554377e+05,1.301601e+00,6.919600e+04
803,5.321161e+04,0.562493,-0.796216,-7.940380,-4.044346e+04,5.724824e+04,5.709165e+05,1.051229e+00,5.593757e+04
804,5.338634e+04,2.030655,-2.509548,-7.319741,-1.462444e+05,1.807335e+05,5.271556e+05,1.103592e-01,5.891673e+03
805,5.364849e+04,7.160533,0.297589,3.555026,-5.169543e+05,-2.148444e+04,-2.566549e+05,1.276233e+00,6.846800e+04
806,5.371782e+04,-4.025860,-4.121142,-5.550553,2.908345e+05,2.977178e+05,4.009807e+05,5.513737e-01,2.961859e+04
807,5.374196e+04,-0.351965,7.983689,0.369910,2.543219e+04,-5.768839e+05,-2.672890e+04,1.042648e+00,5.603397e+04
808,5.411122e+04,4.984483,6.253958,0.207231,-3.614031e+05,-4.534471e+05,-1.502542e+04,1.062866e+00,5.751297e+04
809,5.422238e+04,-0.226565,0.770365,-7.959598,1.644410e+04,-5.591312e+04,5.777081e+05,1.011269e+00,5.483340e+04
810,5.425420e+04,-5.564436,-2.692871,-5.077942,4.039856e+05,1.955061e+05,3.686655e+05,6.414363e-01,3.480061e+04
811,5.446830e+04,0.940019,-5.900099,-5.320262,-6.838116e+04,4.291996e+05,3.870196e+05,7.355070e-01,4.006181e+04
812,5.453211e+04,-3.751171,2.353211,-6.662666,2.730367e+05,-1.712833e+05,4.849559e+05,1.366828e-01,7.453600e+03
813,5.461952e+04,-7.612087,-1.175685,-2.161921,5.545053e+05,8.564319e+04,1.574860e+05,1.026335e+00,5.605794e+04
814,5.471115e+04,-0.518529,-6.002274,5.263443,3.780411e+04,4.376045e+05,-3.837390e+05,1.698023e+00,9.290078e+04
815,5.477761e+04,-0.423265,-7.770376,1.855291,3.087751e+04,5.668545e+05,-1.353448e+05,1.134215e+00,6.212957e+04
816,5.480087e+04,1.562257,-2.313419,7.497162,-1.139920e+05,1.688014e+05,-5.470395e+05,1.056146e+00,5.787771e+04
817,5.495056e+04,-2.512056,-5.761338,4.949400,1.835453e+05,4.209567e+05,-3.616318e+05,1.574906e+00,8.654193e+04
818,5.501681e+04,0.036715,6.990961,-3.889102,-2.684224e+03,-5.111080e+05,2.843316e+05,5.080256e-01,2.794995e+04
819,5.538512e+04,7.930544,0.952118,0.447145,-5.817382e+05,-6.984183e+04,-3.279996e+04,1.098723e+00,6.085288e+04
820,5.544164e+04,5.404426,5.407015,2.357195,-3.966392e+05,-3.968292e+05,-1.729982e+05,1.117801e+00,6.197274e+04
821,5.561580e+04,-6.886180,0.772196,3.998029,5.061806e+05,-5.676158e+04,-2.938821e+05,1.103405e+00,6.136673e+04
822,5.566852e+04,7.236702,2.356289,2.465370,-5.321984e+05,-1.732852e+05,-1.813072e+05,1.143305e+00,6.364612e+04
823,5.585919e+04,-6.030101,-4.945217,1.784014,4.442219e+05,3.643013e+05,-1.314237e+05,1.100153e+00,6.145368e+04
824,5.589743e+04,-2.201175,1.089791,7.613618,1.622104e+05,-8.030958e+04,-5.610675e+05,3.155613e-01,1.763907e+04
825,5.608316e+04,-7.724321,1.172699,-1.720362,5.701703e+05,-8.656268e+04,1.269884e+05,1.026179e+00,5.755137e+04
826,5.612087e+04,6.489692,3.643198,2.934453,-4.791972e+05,-2.690128e+05,-2.166793e+05,1.152136e+00,6.465887e+04
827,5.614301e+04,-3.001303,-3.452145,6.563145,2.216592e+05,2.549558e+05,-4.847166e+05,1.657176e+00,9.303884e+04
828,5.669345e+04,7.136149,2.807490,-2.278897,-5.296127e+05,-2.083592e+05,1.691294e+05,9.979364e-01,5.657646e+04
829,5.694738e+04,3.303101,-2.886707,-6.690026,-2.456896e+05,2.147176e+05,4.976141e+05,1.223005e-01,6.964691e+03
830,5.722793e+04,0.978300,-3.332329,7.206838,-7.294642e+04,2.484734e+05,-5.373742e+05,1.114087e+00,6.375690e+04
831,5.731589e+04,1.422169,6.471111,4.483543,-1.061248e+05,-4.828858e+05,-3.345699e+05,1.206296e+00,6.913993e+04
832,5.739090e+04,-0.573731,-0.467079,-7.965718,4.284080e+04,3.487710e+04,5.948049e+05,1.067669e+00,6.127448e+04
833,5.760373e+04,4.119839,-3.587564,-5.844340,-3.082007e+05,2.683818e+05,4.372087e+05,4.350941e-01,2.506304e+04
834,5.768417e+04,1.397869,7.600542,2.068266,-1.046460e+05,-5.689851e+05,-1.548327e+05,1.078258e+00,6.219841e+04
835,5.775507e+04,6.245503,4.766483,1.508089,-4.678326e+05,-3.570436e+05,-1.129666e+05,1.100420e+00,6.355482e+04
836,5.792901e+04,1.025176,-5.097609,-6.079753,-7.690852e+04,3.824218e+05,4.561020e+05,4.401773e-01,2.549904e+04
837,5.798236e+04,4.180650,1.273530,-6.700768,-3.137761e+05,-9.558401e+04,5.029219e+05,1.105756e-01,6.411432e+03
838,5.837981e+04,-1.747119,-0.711607,7.774393,1.315776e+05,5.359199e+04,-5.854986e+05,1.362483e+00,7.954148e+04
839,5.847972e+04,-0.860420,7.707098,-1.964768,6.485467e+04,-5.809270e+05,1.480955e+05,9.440822e-01,5.520966e+04
840,5.875274e+04,-1.331389,-1.612561,-7.721855,1.005882e+05,1.218311e+05,5.833964e+05,6.454147e-01,3.791988e+04
841,5.877109e+04,0.611081,-7.972861,-0.245074,-4.617519e+04,6.024544e+05,1.851857e+04,1.089501e+00,6.403118e+04
842,5.882869e+04,4.914511,-1.389126,-6.157752,-3.715378e+05,1.050181e+05,4.655269e+05,1.890349e-01,1.112068e+04
843,5.901724e+04,7.557065,-2.246277,-1.358309,-5.722301e+05,1.700908e+05,1.028528e+05,1.071752e+00,6.325183e+04
844,5.912722e+04,6.516353,-4.093157,2.187054,-4.938856e+05,3.102274e+05,-1.657606e+05,1.151188e+00,6.806654e+04
845,5.923711e+04,-5.706551,1.661977,-5.354728,4.329111e+05,-1.260811e+05,4.062210e+05,3.080741e-01,1.824942e+04
846,5.958706e+04,1.919799,-7.174193,-2.974110,-1.460696e+05,5.458548e+05,2.262877e+05,1.049031e+00,6.250867e+04
847,5.975200e+04,-6.366553,-2.071606,-4.378978,4.850747e+05,1.578379e+05,3.336392e+05,8.468449e-01,5.060068e+04
848,6.008391e+04,-0.032058,-7.628383,-2.409719,2.449279e+03,5.828270e+05,1.841084e+05,1.061582e+00,6.378403e+04
849,6.036999e+04,2.214957,-4.353492,6.335698,-1.696305e+05,3.334083e+05,-4.852138e+05,1.884280e+00,1.137540e+05
850,6.044498e+04,5.325157,-3.825582,4.583407,-4.080756e+05,2.931607e+05,-3.512341e+05,1.651046e+00,9.979746e+04
851,6.046832e+04,-3.685635,7.046850,0.870628,2.824908e+05,-5.401160e+05,-6.673057e+04,1.051161e+00,6.356195e+04
852,6.049784e+04,2.714332,3.314299,-6.756317,-2.080946e+05,-2.540913e+05,5.179741e+05,2.482845e-01,1.502068e+04
853,6.090007e+04,-0.531928,3.103644,-7.354213,4.091569e+04,-2.387310e+05,5.656830e+05,1.080219e+00,6.578543e+04
854,6.099737e+04,1.293026,-5.211853,5.929981,-9.953843e+04,4.012137e+05,-4.564959e+05,1.895687e+00,1.156319e+05
855,6.117000e+04,-1.797053,-0.834807,-7.750722,1.385346e+05,6.435520e+04,5.975022e+05,1.093828e+00,6.690946e+04
856,6.160030e+04,4.358204,-0.593574,-6.682344,-3.371530e+05,4.591923e+04,5.169497e+05,9.807587e-02,6.041503e+03
857,6.173128e+04,1.457057,-1.668530,-7.687197,-1.128385e+05,1.292155e+05,5.953176e+05,4.832932e-01,2.983431e+04
858,6.175239e+04,-2.780600,-2.956795,-6.893884,2.153741e+05,2.290214e+05,5.339725e+05,1.089627e-01,6.728709e+03
859,6.183531e+04,-4.668046,-2.048177,-6.165575,3.618107e+05,1.587501e+05,4.778812e+05,2.379401e-01,1.471310e+04
860,6.186865e+04,-7.247510,-1.191298,-3.170868,5.618912e+05,9.235999e+04,2.458338e+05,9.873957e-01,6.108884e+04
861,6.193252e+04,7.094463,2.980255,2.187847,-5.503094e+05,-2.311750e+05,-1.697088e+05,1.121050e+00,6.942947e+04
862,6.200884e+04,-3.600871,-6.257593,3.446194,2.794875e+05,4.856934e+05,-2.674820e+05,1.177396e+00,7.300898e+04
863,6.212948e+04,-7.362591,-0.440431,-3.098109,5.720152e+05,3.421801e+04,2.406986e+05,9.834855e-01,6.110344e+04
864,6.242547e+04,7.431390,-2.427426,1.697657,-5.787340e+05,1.890405e+05,-1.322083e+05,1.123314e+00,7.012340e+04
865,6.256813e+04,5.980407,1.868719,-4.974195,-4.662678e+05,-1.456964e+05,3.878176e+05,4.719032e-01,2.952610e+04
866,6.261674e+04,3.281968,3.691430,-6.293014,-2.559810e+05,-2.879174e+05,4.908310e+05,1.109335e-01,6.946292e+03
867,6.282561e+04,-4.710427,1.459693,6.299300,3.680075e+05,-1.140402e+05,-4.921400e+05,1.246154e+00,7.829041e+04
868,6.291573e+04,-4.455863,1.254207,-6.524741,3.483690e+05,-9.805658e+04,5.101184e+05,9.968795e-02,6.271940e+03
869,6.292824e+04,0.092800,0.153416,-7.997990,-7.256012e+03,-1.199556e+04,6.253623e+05,1.032694e+00,6.498563e+04
870,6.296317e+04,-5.390110,4.513937,3.817209,4.215693e+05,-3.530424e+05,-2.985501e+05,1.076921e+00,6.780636e+04
871,6.301379e+04,1.142725,4.277180,-6.663326,-8.941033e+04,-3.346596e+05,5.213590e+05,2.983283e-01,1.879879e+04
872,6.308261e+04,-5.722307,2.443302,5.028467,4.479752e+05,-1.912758e+05,-3.936575e+05,1.105010e+00,6.970693e+04
873,6.312956e+04,-5.233838,6.041689,-0.323940,4.098875e+05,-4.731543e+05,2.536933e+04,1.038262e+00,6.554501e+04
874,6.329904e+04,-2.081667,3.313305,-6.977727,1.632443e+05,-2.598293e+05,5.471931e+05,1.339262e+00,8.477398e+04
875,6.333157e+04,-7.301300,-1.639806,2.828791,5.727148e+05,1.286265e+05,-2.218907e+05,1.088798e+00,6.895530e+04
876,6.344670e+04,2.357701,1.365433,7.521758,-1.851063e+05,-1.072020e+05,-5.905435e+05,0.000000e+00,0.000000e+00
877,6.394376e+04,-0.883956,7.818713,-1.444417,6.967195e+04,-6.162578e+05,1.138465e+05,9.931790e-01,6.350759e+04
878,6.412845e+04,1.980653,-1.441311,-7.615749,-1.563370e+05,1.137657e+05,6.011267e+05,4.259288e-01,2.731416e+04
879,6.421079e+04,0.294783,4.448320,-6.642707,-2.328279e+04,-3.513404e+05,5.246590e+05,3.117490e-01,2.001765e+04
880,6.446319e+04,3.825089,-6.816435,1.704378,-3.027091e+05,5.394377e+05,-1.348807e+05,1.120974e+00,7.226153e+04
881,6.480773e+04,-0.313833,-5.066367,6.183319,2.490233e+04,4.020112e+05,-4.906402e+05,1.890741e+00,1.225346e+05
882,6.489051e+04,-2.743683,-1.697554,-7.320554,2.178475e+05,1.347852e+05,5.812495e+05,1.782704e-01,1.156806e+04
883,6.522317e+04,-3.261378,-7.185931,1.313700,2.596152e+05,5.720211e+05,-1.045743e+05,1.093722e+00,7.133604e+04
884,6.571547e+04,3.334893,7.062548,-1.731734,-2.664672e+05,-5.643172e+05,1.383703e+05,9.925870e-01,6.522832e+04
885,6.578537e+04,-7.375087,2.973741,0.874621,5.896032e+05,-2.377365e+05,-6.992184e+04,1.057615e+00,6.957556e+04
886,6.602347e+04,-6.210540,3.127030,3.956119,4.974009e+05,-2.504432e+05,-3.168448e+05,1.079089e+00,7.124517e+04
887,6.642907e+04,2.828045,-1.660736,7.296856,-2.271923e+05,1.334160e+05,-5.861961e+05,9.912866e-01,6.585025e+04
888,6.706940e+04,0.717601,0.937593,-7.912393,-5.792594e+04,-7.568406e+04,6.387018e+05,1.023350e+00,6.863547e+04
889,6.730157e+04,-1.427774,1.279351,-7.766899,1.154516e+05,-1.034500e+05,6.280415e+05,1.047119e+00,7.047272e+04
890,6.742121e+04,-0.988385,-7.825016,-1.338739,7.999313e+04,6.333030e+05,1.083483e+05,1.069818e+00,7.212840e+04
891,6.749134e+04,3.034782,-3.391063,6.579574,-2.457421e+05,2.745920e+05,-5.327824e+05,1.179962e+00,7.963719e+04
892,6.749201e+04,3.451916,-3.888005,6.080106,-2.795211e+05,3.148335e+05,-4.923403e+05,1.972499e+00,1.331279e+05
893,6.787293e+04,6.887779,-3.895812,-1.175223,-5.593138e+05,3.163548e+05,9.543257e+04,1.074059e+00,7.289954e+04
894,6.805695e+04,-0.921390,4.687668,-6.416916,7.492172e+04,-3.811721e+05,5.217838e+05,2.134420e-01,1.452621e+04
895,6.807911e+04,-1.335743,4.918768,6.166159,1.086320e+05,-4.000289e+05,-5.014755e+05,1.713957e+00,1.166847e+05
896,6.809068e+04,0.799296,-0.362968,7.951690,-6.500990e+04,2.952165e+04,-6.467424e+05,0.000000e+00,0.000000e+00
897,6.830849e+04,-7.445226,-1.610497,-2.444362,6.065174e+05,1.311974e+05,1.991274e+05,1.031513e+00,7.046107e+04
898,6.836188e+04,-7.654769,1.812833,-1.455388,6.238313e+05,-1.477382e+05,1.186079e+05,1.037452e+00,7.092215e+04
899,6.887508e+04,1.156105,-7.804990,1.321196,-9.457063e+04,6.384567e+05,-1.080753e+05,1.100864e+00,7.582207e+04
900,6.911045e+04,-5.823887,-2.612020,4.822830,4.772136e+05,2.140308e+05,-3.951863e+05,1.180302e+00,8.157118e+04
901,6.928058e+04,7.411279,2.881175,-0.878504,-6.080328e+05,-2.363761e+05,7.207378e+04,1.061393e+00,7.353389e+04
902,6.962800e+04,4.176698,-6.697554,-1.303062,-3.435208e+05,5.508536e+05,1.071729e+05,1.072681e+00,7.468864e+04
903,6.991660e+04,-0.329337,2.846394,-7.469242,2.714308e+04,-2.345920e+05,6.155945e+05,1.061929e+00,7.424645e+04
904,7.013516e+04,3.595196,-6.695070,-2.500120,-2.967690e+05,5.526511e+05,2.063749e+05,1.059689e+00,7.432146e+04
905,7.047147e+04,5.923141,-5.374723,-0.169575,-4.901024e+05,4.447243e+05,1.403126e+04,1.082545e+00,7.628851e+04
906,7.049648e+04,-0.920875,5.197907,-6.011136,7.621011e+04,-4.301701e+05,4.974716e+05,1.131444e-01,7.976283e+03
907,7.101072e+04,3.197825,6.404222,3.572094,-2.656102e+05,-5.319323e+05,-2.966968e+05,1.116357e+00,7.927330e+04
908,7.143134e+04,-0.038198,-0.113627,-7.999102,3.182087e+03,9.465691e+03,6.663673e+05,1.033647e+00,7.383479e+04
909,7.146115e+04,-2.617776,-1.961390,7.300699,2.181200e+05,1.634282e+05,-6.083135e+05,1.819162e+00,1.299994e+05
910,7.173898e+04,-3.813943,3.287899,6.216394,3.184050e+05,-2.744885e+05,-5.189723e+05,1.237450e+00,8.877341e+04
911,7.174838e+04,3.398137,-0.223927,7.238958,-2.837103e+05,1.869561e+04,-6.043801e+05,9.934925e-01,7.128148e+04
912,7.201784e+04,1.426016,-3.072594,-7.247458,-1.192814e+05,2.570120e+05,6.062249e+05,1.120002e-01,8.066015e+03
913,7.226001e+04,5.720865,-3.721519,4.173967,-4.793346e+05,3.118152e+05,-3.497245e+05,1.421156e+00,1.026928e+05
914,7.275981e+04,4.187151,0.148920,6.815100,-3.520404e+05,-1.252066e+04,-5.729887e+05,9.618218e-01,6.998197e+04
915,7.306181e+04,6.697179,1.617388,-4.065938,-5.642417e+05,-1.362660e+05,3.425579e+05,8.540236e-01,6.239651e+04
916,7.438645e+04,-0.071470,-0.211882,-7.996874,6.075743e+03,1.801225e+04,6.798220e+05,1.037398e+00,7.716839e+04
917,7.449599e+04,-1.105427,3.174460,-7.259534,9.404257e+04,-2.700625e+05,6.175943e+05,1.104505e+00,8.228118e+04
918,7.483097e+04,6.856843,4.035406,0.836180,-5.846460e+05,-3.440773e+05,-7.129654e+04,1.078654e+00,8.071670e+04
919,7.513886e+04,7.923827,-1.099786,0.058575,-6.770104e+05,9.396556e+04,-5.004616e+03,1.079220e+00,8.109138e+04
920,7.531899e+04,-3.543782,-6.747975,2.430319,3.031428e+05,5.772364e+05,-2.078947e+05,1.100376e+00,8.287924e+04
921,7.568396e+04,1.725031,-0.633455,7.786077,-1.479200e+05,5.431822e+04,-6.676498e+05,5.191062e-01,3.928801e+04
922,7.570784e+04,2.913169,4.216524,-6.142831,-2.498413e+05,-3.616205e+05,5.268258e+05,1.167680e-01,8.840250e+03
923,7.579659e+04,-5.305513,-1.184239,5.869336,4.552818e+05,1.016231e+05,-5.036651e+05,1.272315e+00,9.643714e+04
924,7.590239e+04,7.312429,3.244658,-0.024033,-6.279390e+05,-2.786280e+05,2.063783e+03,1.070641e+00,8.126419e+04
925,7.607100e+04,7.588178,2.177537,1.295331,-6.523417e+05,-1.871988e+05,-1.113572e+05,1.088313e+00,8.278906e+04
926,7.682705e+04,3.288567,6.743666,-2.776381,-2.841135e+05,-5.826144e+05,2.398635e+05,9.325260e-01,7.164323e+04
927,7.696687e+04,-6.838259,-0.995984,-4.030661,5.913240e+05,8.612559e+04,3.485429e+05,9.394542e-01,7.230685e+04
928,7.721721e+04,-6.206115,-1.498059,-4.820784,5.375327e+05,1.297520e+05,4.175445e+05,8.083101e-01,6.241545e+04
929,7.750189e+04,1.746589,-1.575339,-7.646420,-1.515566e+05,1.366967e+05,6.635021e+05,7.974065e-01,6.180050e+04
930,7.772220e+04,-1.160213,1.738204,-7.722212,1.008181e+05,-1.510433e+05,6.710305e+05,1.027018e+00,7.982208e+04
931,7.783170e+04,-0.134225,-0.040660,-7.998771,1.167183e+04,3.535657e+03,6.955519e+05,1.027280e+00,7.995496e+04
932,7.876324e+04,0.409996,-6.452527,4.711347,-3.586487e+04,5.644425e+05,-4.121307e+05,1.563377e+00,1.231366e+05
933,7.906009e+04,2.955294,-3.966040,6.287827,-2.590046e+05,3.475872e+05,-5.510706e+05,1.436278e+00,1.135523e+05
934,7.934555e+04,1.166721,-0.467746,-7.900631,-1.024369e+05,4.106762e+04,6.936671e+05,1.077754e+00,8.551500e+04
935,7.946556e+04,3.999754,5.887175,-3.652826,-3.514397e+05,-5.172786e+05,3.209567e+05,8.082456e-01,6.422769e+04
936,7.953273e+04,-5.793274,1.854392,-5.196076,5.092430e+05,-1.630056e+05,4.567478e+05,4.996736e-01,3.974041e+04
937,7.973922e+04,-0.896521,7.920529,0.679316,7.890865e+04,-6.971372e+05,-5.979099e+04,1.049978e+00,8.372442e+04
938,7.980964e+04,0.624413,-1.100275,-7.899336,-5.498286e+04,9.688506e+04,6.955787e+05,1.103044e+00,8.803357e+04
939,8.047488e+04,-6.588862,-3.974781,-2.188153,5.825975e+05,3.514564e+05,1.934799e+05,1.048488e+00,8.437698e+04
940,8.050873e+04,5.231027,4.168027,-4.389068,-4.626329e+05,-3.686210e+05,3.881699e+05,6.739421e-01,5.425822e+04
941,8.053525e+04,-0.018568,-3.413899,-7.234981,1.642414e+03,3.019755e+05,6.399683e+05,1.143341e-01,9.207927e+03
942,8.073874e+04,-0.466768,-6.079640,5.178813,4.133998e+04,5.384519e+05,-4.586689e+05,1.665040e+00,1.344332e+05
943,8.195783e+04,-0.335774,0.459914,7.979708,2.996196e+04,-4.103929e+04,-7.120496e+05,0.000000e+00,0.000000e+00
944,8.242684e+04,-6.811782,0.545745,4.159542,6.095693e+05,-4.883732e+04,-3.722271e+05,1.078633e+00,8.890835e+04
945,8.255393e+04,-5.284230,5.714011,-1.851214,4.732370e+05,-5.117266e+05,1.657882e+05,1.013904e+00,8.370179e+04
946,8.410082e+04,3.018501,-7.062624,2.237854,-2.728471e+05,6.384020e+05,-2.022832e+05,1.104324e+00,9.287458e+04
947,8.413295e+04,-0.284959,7.007622,-3.848639,2.576283e+04,-6.335513e+05,3.479512e+05,7.172906e-01,6.034778e+04
948,8.485822e+04,7.225709,3.381602,0.594893,-6.560780e+05,-3.070418e+05,-5.401495e+04,1.071352e+00,9.091301e+04
949,8.527072e+04,4.212631,-5.868997,3.436366,-3.834259e+05,5.341853e+05,-3.127717e+05,1.187570e+00,1.012650e+05
950,8.540268e+04,-6.413024,4.153991,-2.370124,5.841531e+05,-3.783810e+05,2.158911e+05,1.007798e+00,8.606869e+04
951,8.745598e+04,1.084629,-1.112571,7.847660,-9.997793e+04,1.025535e+05,-7.233741e+05,9.828081e-01,8.595244e+04
952,8.760219e+04,2.938746,3.706073,-6.452038,-2.711113e+05,-3.419003e+05,5.952268e+05,2.113341e-01,1.851333e+04
953,8.808213e+04,3.300143,6.801226,-2.617706,-3.052845e+05,-6.291572e+05,2.421546e+05,9.715172e-01,8.557330e+04
954,8.975827e+04,1.147795,0.802772,7.876428,-1.071839e+05,-7.496481e+04,-7.355202e+05,0.000000e+00,0.000000e+00
955,9.132963e+04,4.892908,-4.021609,-4.887342,-4.608939e+05,3.788207e+05,4.603696e+05,9.318355e-01,8.510419e+04
956,9.200812e+04,4.775339,2.834345,-5.758701,-4.514871e+05,-2.679747e+05,5.444596e+05,2.174974e-01,2.001152e+04
957,9.203389e+04,7.032231,-2.390427,2.972135,-6.649593e+05,2.260359e+05,-2.810415e+05,1.114989e+00,1.026167e+05
958,9.259547e+04,-6.774199,3.860643,1.790437,6.425114e+05,-3.661699e+05,-1.698173e+05,1.049367e+00,9.716662e+04
959,9.262110e+04,7.567226,2.287586,1.226394,-7.178269e+05,-2.170004e+05,-1.163357e+05,1.073232e+00,9.940389e+04
960,9.276144e+04,4.055415,3.397868,-6.000676,-3.849879e+05,-3.225658e+05,5.696550e+05,1.261152e-01,1.169863e+04
961,9.302611e+04,1.745091,-7.789127,-0.533071,-1.659008e+05,7.404901e+05,5.067753e+04,1.060595e+00,9.866307e+04
962,9.487184e+04,-4.902012,-6.047522,-1.843299,4.706208e+05,5.805962e+05,1.769670e+05,1.051741e+00,9.978062e+04
963,9.495355e+04,7.501073,0.184415,-2.774868,-7.204553e+05,-1.771249e+04,2.665176e+05,1.035781e+00,9.835110e+04
964,9.512925e+04,2.863175,-1.843645,-7.239006,-2.752536e+05,1.772403e+05,6.959275e+05,2.014141e-01,1.916037e+04
965,9.551596e+04,-5.941374,0.961972,-5.270169,5.723384e+05,-9.266771e+04,5.076806e+05,6.120115e-01,5.845687e+04
966,9.559509e+04,2.482916,0.226350,7.601572,-2.392808e+05,-2.181352e+04,-7.325702e+05,2.286041e-01,2.185343e+04
967,9.610958e+04,0.268355,2.116159,7.710373,-2.593110e+04,-2.044842e+05,-7.450523e+05,7.795580e-01,7.492299e+04
968,9.735706e+04,4.165822,1.400439,6.684661,-4.051469e+05,-1.361996e+05,-6.501165e+05,9.380366e-01,9.132448e+04
969,9.841249e+04,-4.398508,5.485678,3.815818,4.300892e+05,-5.363934e+05,-3.731134e+05,1.054635e+00,1.037893e+05
970,9.847426e+04,0.238349,0.431681,-7.984788,-2.331323e+04,-4.222332e+04,7.810032e+05,1.014006e+00,9.985344e+04
971,9.866885e+04,-5.086640,0.988929,6.094925,4.980227e+05,-9.682402e+04,-5.967418e+05,1.147594e+00,1.132318e+05
972,1.006214e+05,-2.339585,4.916358,-5.861380,2.313194e+05,-4.860899e+05,5.795261e+05,1.236589e-01,1.244273e+04
973,1.006700e+05,0.756453,-7.897395,-1.029042,-7.481009e+04,7.810196e+05,1.017680e+05,1.055030e+00,1.062099e+05
974,1.011081e+05,-0.191081,0.155021,-7.996215,1.893820e+04,-1.536427e+04,7.925113e+05,1.012664e+00,1.023885e+05
975,1.012006e+05,0.076652,7.816709,-1.700936,-7.600475e+03,-7.750749e+05,1.686583e+05,1.019453e+00,1.031693e+05
976,1.029831e+05,-0.187336,7.310968,-3.242630,1.873841e+04,-7.312837e+05,3.243459e+05,9.157167e-01,9.430333e+04
977,1.036512e+05,-4.107282,0.577348,6.840826,4.121637e+05,-5.793659e+04,-6.864733e+05,1.429541e+00,1.481736e+05
978,1.040792e+05,2.775445,-5.762414,-4.805360,-2.790890e+05,5.794481e+05,4.832101e+05,9.934964e-01,1.034023e+05
979,1.062393e+05,-3.033759,-1.677052,7.209980,3.082135e+05,1.703795e+05,-7.324950e+05,1.737552e+00,1.845963e+05
980,1.062451e+05,-0.918147,0.673686,-7.918532,9.328136e+04,-6.844476e+04,8.045021e+05,1.009528e+00,1.072574e+05
981,1.068098e+05,-2.244608,6.757040,3.647486,2.286515e+05,-6.883194e+05,-3.715584e+05,1.054193e+00,1.125981e+05
982,1.121673e+05,7.573999,-0.212952,-2.566942,-7.906538e+05,2.223013e+04,2.679644e+05,1.044372e+00,1.171444e+05
983,1.123784e+05,1.439887,-6.667320,-4.180140,-1.504520e+05,6.966599e+05,4.367775e+05,1.032528e+00,1.160339e+05
984,1.125987e+05,0.006764,-5.598427,5.714680,-7.074712e+02,5.855456e+05,-5.977047e+05,1.640420e+00,1.847091e+05
985,1.134033e+05,3.311943,-0.910179,7.225137,-3.476352e+05,9.553610e+04,-7.583801e+05,9.806529e-01,1.112092e+05
986,1.158779e+05,-1.302503,-0.124069,-7.892281,1.381997e+05,1.316412e+04,8.373958e+05,1.003814e+00,1.163198e+05
987,1.179543e+05,-0.852579,-0.714306,7.922302,9.126821e+04,7.646618e+04,-8.480791e+05,1.248424e+00,1.472570e+05
988,1.196484e+05,2.391665,-5.782960,-4.983705,-2.578588e+05,6.234932e+05,5.373211e+05,9.956780e-01,1.191313e+05
989,1.240221e+05,-7.309394,0.678306,3.180041,8.023411e+05,-7.445659e+04,-3.490683e+05,1.045290e+00,1.296391e+05
990,1.313446e+05,-0.389755,3.453011,-7.205887,4.402768e+04,-3.900606e+05,8.139948e+05,1.008182e+00,1.324193e+05
991,1.346345e+05,2.819277,5.284601,-5.303270,-3.224363e+05,-6.043915e+05,6.065266e+05,4.456506e-01,5.999993e+04
992,1.351067e+05,6.322892,-0.400251,-4.884756,-7.244062e+05,4.585633e+04,5.596407e+05,9.228942e-01,1.246891e+05
993,1.355957e+05,6.010318,-0.316685,5.270274,-6.898402e+05,3.634778e+04,-6.049009e+05,1.537712e+00,2.085072e+05
994,1.374240e+05,-0.207130,2.581747,-7.569127,2.393326e+04,-2.983136e+05,8.745913e+05,1.006069e+00,1.382580e+05
995,1.423911e+05,5.814907,4.435926,3.241823,-6.839308e+05,-5.217396e+05,-3.812929e+05,1.059884e+00,1.509180e+05
996,1.446307e+05,3.130163,-5.103036,-5.306703,-3.710439e+05,6.049047e+05,6.290470e+05,9.797692e-01,1.417047e+05
997,1.556701e+05,6.135843,-1.455737,-4.922627,-7.545794e+05,1.790250e+05,6.053794e+05,9.683907e-01,1.507495e+05
998,1.835065e+05,-1.191152,-0.945536,-7.854115,1.590454e+05,1.262501e+05,1.048699e+06,9.632663e-01,1.767656e+05
999,2.338322e+05,-0.381770,2.521038,7.582784,5.754167e+04,-3.799791e+05,-1.142902e+06,0.000000e+00,0.000000e+00

Summary
Radius,2.000000m
Current,1.0000e+05A
Temperature,1.0000e+08K
Mass,2.0076e-26kg
Charge,9.6132e-19C
Dose expected value,2.8749e+04
Total,1000
Seed,443414
