i,eV,x_0,y_0,z_0,v_x,v_y,v_z,hit_p,exp_eV
0,4.749881e+02,5.374109,5.834810,1.036315,-6.323194e+04,-6.865256e+04,-1.219332e+04,7.634011e-03,3.626065e+00
1,6.267648e+02,1.312008,6.641518,-4.262496,-1.773280e+04,-8.976527e+04,5.761094e+04,0.000000e+00,0.000000e+00
2,6.974834e+02,7.322249,-3.185409,-0.487684,-1.043999e+05,4.541725e+04,6.953352e+03,1.883915e-01,1.314000e+02
3,7.905246e+02,7.778017,1.716650,-0.745365,-1.180634e+05,-2.605722e+04,1.131397e+04,1.227094e-01,9.700481e+01
4,8.097310e+02,1.665659,0.080629,7.824262,-2.558852e+04,-1.238661e+03,-1.201994e+05,0.000000e+00,0.000000e+00
5,8.375402e+02,-0.671056,-1.599362,-7.809720,1.048457e+04,2.498839e+04,1.220189e+05,0.000000e+00,0.000000e+00
6,8.775677e+02,-6.981656,-1.192689,-3.719406,1.116574e+05,1.907463e+04,5.948433e+04,0.000000e+00,0.000000e+00
7,9.708295e+02,-1.641088,-5.182342,-5.869426,2.760527e+04,8.717386e+04,9.873151e+04,0.000000e+00,0.000000e+00
8,9.874519e+02,6.560286,2.016607,4.110467,-1.112934e+05,-3.421116e+04,-6.973292e+04,8.663022e-01,8.554317e+02
9,1.235137e+03,0.293739,-7.288808,3.284355,-5.573250e+03,1.382938e+05,-6.231554e+04,1.146603e+00,1.416212e+03
10,1.276946e+03,5.563296,-0.612415,-5.716177,-1.073265e+05,1.181464e+04,1.102759e+05,0.000000e+00,0.000000e+00
11,1.281522e+03,2.544165,1.250060,-7.480947,-4.916964e+04,-2.415921e+04,1.445800e+05,2.876859e-03,3.686758e+00
12,1.453862e+03,-7.351896,3.104337,0.559205,1.513386e+05,-6.390270e+04,-1.151123e+04,5.212834e-01,7.578743e+02
13,1.598116e+03,-0.622884,3.947690,6.930206,1.344312e+04,-8.519926e+04,-1.495681e+05,0.000000e+00,0.000000e+00
14,1.660043e+03,1.210798,-0.907235,7.855628,-2.663301e+04,1.995576e+04,-1.727942e+05,0.000000e+00,0.000000e+00
15,1.760725e+03,-6.738847,-0.191557,4.307116,1.526582e+05,4.339436e+03,-9.757105e+04,9.800692e-01,1.725632e+03
16,1.776446e+03,-2.248000,0.085118,7.677190,5.115182e+04,-1.936796e+03,-1.746896e+05,0.000000e+00,0.000000e+00
17,1.908775e+03,6.687549,3.341530,2.847957,-1.577368e+05,-7.881547e+04,-6.717373e+04,9.356308e-01,1.785909e+03
18,1.916282e+03,6.812767,-4.097687,0.891717,-1.610060e+05,9.684055e+04,-2.107393e+04,9.643379e-01,1.847944e+03
19,1.997245e+03,5.027028,1.636314,-6.004287,-1.212874e+05,-3.947944e+04,1.448658e+05,0.000000e+00,0.000000e+00
20,2.209891e+03,4.683261,4.704813,-4.464505,-1.188564e+05,-1.194034e+05,1.133046e+05,1.364094e-05,3.014500e-02
21,2.284933e+03,-4.172353,-4.417639,-5.203454,1.076729e+05,1.140029e+05,1.342818e+05,2.930438e-03,6.695857e+00
22,2.378274e+03,5.020097,-4.229411,4.572822,-1.321697e+05,1.113524e+05,-1.203938e+05,1.468820e+00,3.493256e+03
23,2.392679e+03,-3.708683,-0.310028,-7.081635,9.793786e+04,8.187120e+03,1.870098e+05,3.478586e-07,8.323140e-04
24,2.435186e+03,4.197759,-6.477876,2.101417,-1.118336e+05,1.725788e+05,-5.598439e+04,1.198691e+00,2.919037e+03
25,2.542936e+03,-4.164990,0.851143,6.777051,1.133888e+05,-2.317176e+04,-1.845003e+05,8.066745e-01,2.051321e+03
26,2.560290e+03,-0.746607,-0.360855,7.956907,2.039506e+04,9.857485e+03,-2.173589e+05,0.000000e+00,0.000000e+00
27,2.576263e+03,-5.686856,0.054309,-5.626431,1.558318e+05,-1.488191e+03,1.541760e+05,2.280343e-04,5.874763e-01
28,2.608794e+03,2.946127,-2.414342,-7.035005,-8.123816e+04,6.657441e+04,1.939872e+05,1.596598e-07,4.165195e-04
29,2.611823e+03,0.739100,3.100149,7.337766,-2.039220e+04,-8.553487e+04,-2.024531e+05,0.000000e+00,0.000000e+00
30,2.655281e+03,-1.186670,7.619905,2.128112,3.301215e+04,-2.119793e+05,-5.920227e+04,7.765646e-01,2.061997e+03
31,2.681378e+03,-1.367523,-5.301197,5.833283,3.822983e+04,1.481977e+05,-1.630725e+05,1.506003e+00,4.038163e+03
32,2.723849e+03,-2.925177,6.474259,-3.677949,8.241994e+04,-1.824191e+05,1.036301e+05,5.911674e-03,1.610251e+01
33,2.730509e+03,-3.138961,-6.819774,2.763622,8.855161e+04,1.923891e+05,-7.796312e+04,1.225807e+00,3.347076e+03
34,2.866290e+03,2.239337,2.983805,-7.076883,-6.472442e+04,-8.624208e+04,2.045459e+05,1.770555e-02,5.074924e+01
35,2.918428e+03,3.450468,-0.992849,7.149023,-1.006332e+05,2.895652e+04,-2.085018e+05,1.404275e-01,4.098275e+02
36,3.004595e+03,-6.581989,4.248959,-1.619805,1.947775e+05,-1.257373e+05,4.793407e+04,4.023521e-01,1.208905e+03
37,3.016190e+03,-0.972814,0.070325,-7.940320,2.884351e+04,-2.085119e+03,2.354269e+05,1.167902e+00,3.522616e+03
38,3.021287e+03,2.281723,6.986139,-3.160317,-6.770918e+04,-2.073108e+05,9.378111e+04,2.923950e-02,8.834092e+01
39,3.063645e+03,-2.697425,-3.774866,-6.517230,8.060412e+04,1.128001e+05,1.947471e+05,1.258796e-03,3.856504e+00
40,3.145894e+03,-4.715940,0.703502,6.423783,1.428003e+05,-2.130228e+04,-1.945143e+05,1.127290e+00,3.546334e+03
41,3.147545e+03,2.814009,-1.999630,7.216844,-8.523151e+04,6.056537e+04,-2.185858e+05,8.233742e-01,2.591608e+03
42,3.236157e+03,-2.377674,1.502366,-7.489297,7.302234e+04,-4.614017e+04,2.300088e+05,1.424860e-01,4.611070e+02
43,3.461268e+03,3.823259,6.212548,3.284347,-1.214339e+05,-1.973223e+05,-1.043171e+05,1.060710e+00,3.671403e+03
44,3.470760e+03,5.234348,5.945433,1.119563,-1.664806e+05,-1.890969e+05,-3.560817e+04,8.608881e-01,2.987936e+03
45,3.520260e+03,-1.628092,0.503105,-7.816406,5.215007e+04,-1.611516e+04,2.503705e+05,1.311258e+00,4.615969e+03
46,3.564123e+03,0.489114,2.204324,-7.674746,-1.576431e+04,-7.104613e+04,2.473598e+05,1.082499e+00,3.858161e+03
47,3.580030e+03,5.131721,-6.135392,-0.149679,-1.657658e+05,1.981866e+05,4.834951e+03,1.047629e+00,3.750544e+03
48,3.667296e+03,3.271781,-7.238734,0.946664,-1.069660e+05,2.366597e+05,-3.094977e+04,1.153631e+00,4.230708e+03
49,3.688156e+03,-2.812900,-3.100667,-6.817144,9.222480e+04,1.016596e+05,2.235094e+05,2.392137e-03,8.822576e+00
50,3.889474e+03,-0.337736,-1.090672,-7.918104,1.137134e+04,3.672215e+04,2.665970e+05,2.443494e-01,9.503906e+02
51,3.929516e+03,-1.954198,7.749167,-0.362658,6.613431e+04,-2.622486e+05,1.227315e+04,6.415404e-01,2.520943e+03
52,4.137477e+03,-2.594361,1.555754,-7.406006,9.009213e+04,-5.402532e+04,2.571820e+05,1.199308e-01,4.962107e+02
53,4.138163e+03,-0.791048,-6.182939,-5.014530,2.747230e+04,2.147274e+05,1.741497e+05,1.476429e-01,6.109705e+02
54,4.166402e+03,-0.129343,-0.461785,7.985614,4.507256e+03,1.609195e+04,-2.782771e+05,0.000000e+00,0.000000e+00
55,4.167613e+03,-1.607058,-0.254403,7.832793,5.600977e+04,8.866533e+03,-2.729914e+05,0.000000e+00,0.000000e+00
56,4.314598e+03,-6.710662,0.466956,-4.330008,2.379711e+05,-1.655902e+04,1.535492e+05,9.730508e-02,4.198323e+02
57,4.365441e+03,2.346184,-1.355214,-7.527205,-8.368830e+04,4.834044e+04,2.684952e+05,1.323964e-02,5.779686e+01
58,4.393751e+03,0.171423,0.205094,-7.995533,-6.134443e+03,-7.339366e+03,2.861237e+05,1.050309e+00,4.614799e+03
59,4.522180e+03,-7.536317,2.658624,-0.368302,2.736036e+05,-9.652049e+04,1.337109e+04,8.715247e-01,3.941191e+03
60,4.538989e+03,-4.242505,1.688195,-6.568953,1.543088e+05,-6.140317e+04,2.389266e+05,5.114254e-03,2.321354e+01
61,4.543401e+03,0.888879,3.604421,7.086469,-3.234608e+04,-1.311640e+05,-2.578749e+05,0.000000e+00,0.000000e+00
62,4.563922e+03,-0.016447,-0.014750,7.999969,5.998391e+02,5.379428e+02,-2.917737e+05,0.000000e+00,0.000000e+00
63,4.620948e+03,-1.097702,-7.655947,2.044880,4.028457e+04,2.809656e+05,-7.504504e+04,1.257888e+00,5.812633e+03
64,4.675572e+03,-1.661858,-3.564243,-6.966664,6.134795e+04,1.315750e+05,2.571763e+05,9.770921e-03,4.568465e+01
65,4.678956e+03,0.964335,-1.788357,7.737689,-3.561157e+04,6.604157e+04,-2.857422e+05,2.335176e-01,1.092619e+03
66,4.692093e+03,-3.414258,-3.616270,6.266214,1.262607e+05,1.337312e+05,-2.317273e+05,1.547697e+00,7.261938e+03
67,4.717384e+03,-1.004992,0.843995,-7.891620,3.726505e+04,-3.129529e+04,2.926210e+05,1.045113e+00,4.930199e+03
68,4.733979e+03,-0.750110,6.182916,5.020845,2.786293e+04,-2.296652e+05,-1.864999e+05,1.251163e+00,5.922979e+03
69,4.739351e+03,1.308996,-6.058709,5.057526,-4.865038e+04,2.251792e+05,-1.879690e+05,1.636102e+00,7.754061e+03
70,4.755396e+03,0.420072,0.029918,-7.988908,-1.563887e+04,-1.113832e+03,2.974195e+05,1.082584e+00,5.148118e+03
71,4.803562e+03,3.221498,-6.876726,2.516464,-1.205392e+05,2.573073e+05,-9.415886e+04,1.355874e+00,6.513023e+03
72,4.849386e+03,1.686799,3.409523,7.037746,-6.341551e+04,-1.281816e+05,-2.645852e+05,0.000000e+00,0.000000e+00
73,4.851495e+03,-0.113073,2.508694,7.595635,4.251925e+03,-9.433527e+04,-2.856213e+05,0.000000e+00,0.000000e+00
74,4.884765e+03,-3.185977,-3.600874,-6.394002,1.202135e+05,1.358684e+05,2.412589e+05,2.189309e-02,1.069426e+02
75,4.950565e+03,0.134997,-7.306129,-3.256110,-5.127918e+03,2.775258e+05,1.236845e+05,7.604863e-01,3.764837e+03
76,4.971098e+03,-5.495286,-3.899235,4.312516,2.091728e+05,1.484206e+05,-1.641518e+05,1.321553e+00,6.569568e+03
77,5.048303e+03,5.899259,5.363641,-0.655813,-2.262866e+05,-2.057411e+05,2.515598e+04,7.915059e-01,3.995762e+03
78,5.076237e+03,-5.470164,-3.375278,-4.762857,2.104069e+05,1.298283e+05,1.832007e+05,1.818207e-01,9.229650e+02
79,5.120516e+03,1.791848,2.890808,-7.241030,-6.922240e+04,-1.116773e+05,2.797344e+05,2.032437e-01,1.040713e+03
80,5.148098e+03,-6.277609,-2.342218,4.371000,2.431679e+05,9.072759e+04,-1.693140e+05,1.251755e+00,6.444155e+03
81,5.149858e+03,-7.571935,-1.372965,-2.186496,2.933548e+05,5.319195e+04,8.471004e+04,7.732939e-01,3.982353e+03
82,5.173131e+03,-6.661879,3.091605,3.171963,2.586796e+05,-1.200465e+05,-1.231668e+05,1.075404e+00,5.563205e+03
83,5.175861e+03,-7.093849,2.460385,2.761125,2.755256e+05,-9.556151e+04,-1.072423e+05,1.073310e+00,5.555305e+03
84,5.198592e+03,5.047648,2.703662,5.586722,-1.964810e+05,-1.052408e+05,-2.174646e+05,1.852254e+00,9.629112e+03
85,5.280095e+03,-2.693025,-5.388481,-5.264209,1.056452e+05,2.113858e+05,2.065107e+05,1.580669e-01,8.346079e+02
86,5.282326e+03,1.405850,-0.508605,-7.859065,-5.516205e+04,1.995639e+04,3.083700e+05,5.059863e-01,2.672785e+03
87,5.313494e+03,-6.778969,1.720845,-3.883848,2.667733e+05,-6.772056e+04,1.528414e+05,2.101837e-01,1.116810e+03
88,5.464735e+03,-2.867758,-2.242981,7.123552,1.144500e+05,8.951562e+04,-2.842954e+05,1.552601e+00,8.484554e+03
89,5.484317e+03,-4.435973,6.632806,-0.572730,1.773531e+05,-2.651840e+05,2.289812e+04,7.917089e-01,4.341982e+03
90,5.519370e+03,7.174651,0.675956,-3.473826,-2.877625e+05,-2.711139e+04,1.393290e+05,3.789068e-01,2.091327e+03
91,5.524837e+03,0.652891,-0.370514,-7.964700,-2.619926e+04,1.486802e+04,3.196082e+05,1.178023e+00,6.508385e+03
92,5.525915e+03,4.411012,-6.581352,1.108505,-1.770227e+05,2.641228e+05,-4.448654e+04,1.198825e+00,6.624603e+03
93,5.539763e+03,6.306729,0.880756,-4.842462,-2.534186e+05,-3.539076e+04,1.945810e+05,7.976165e-02,4.418606e+02
94,5.615110e+03,-5.186367,2.181230,-5.687163,2.098124e+05,-8.824077e+04,2.300719e+05,2.697489e-02,1.514670e+02
95,5.621456e+03,-1.870345,-5.265476,-5.725083,7.570679e+04,2.131330e+05,2.317367e+05,9.686231e-02,5.445072e+02
96,5.748576e+03,1.986786,0.053116,7.749185,-8.132421e+04,-2.174167e+03,-3.171939e+05,0.000000e+00,0.000000e+00
97,5.810978e+03,4.692670,-3.262897,-5.597531,-1.931227e+05,1.342816e+05,2.303614e+05,8.134463e-02,4.726918e+02
98,5.829037e+03,7.980185,0.318147,-0.464153,-3.289274e+05,-1.311338e+04,1.913145e+04,9.971724e-01,5.812555e+03
99,5.917240e+03,-4.827378,-1.370395,6.230444,2.004747e+05,5.691073e+04,-2.587422e+05,1.400822e+00,8.289000e+03
100,5.933541e+03,-4.424523,-4.529245,-4.889738,1.839976e+05,1.883525e+05,2.033440e+05,2.601306e-01,1.543496e+03
101,6.003346e+03,-1.392431,7.228067,3.133078,5.824507e+04,-3.023483e+05,-1.310559e+05,1.057835e+00,6.350551e+03
102,6.058461e+03,-0.945930,2.381757,7.578420,3.974924e+04,-1.000846e+05,-3.184553e+05,0.000000e+00,0.000000e+00
103,6.102511e+03,0.223793,-1.364099,7.879667,-9.438222e+03,5.752927e+04,-3.323157e+05,2.131370e-02,1.300671e+02
104,6.104760e+03,3.434875,5.433143,4.762624,-1.448885e+05,-2.291786e+05,-2.008951e+05,1.516128e+00,9.255596e+03
105,6.120149e+03,-7.906715,1.109872,-0.502035,3.339380e+05,-4.687514e+04,2.120333e+04,9.616054e-01,5.885169e+03
106,6.158715e+03,2.340350,3.234511,-6.932582,-9.915500e+04,-1.370384e+05,2.937168e+05,7.236198e-02,4.456568e+02
107,6.197334e+03,-6.093188,-3.239718,4.046886,2.589618e+05,1.376887e+05,-1.719935e+05,1.267588e+00,7.855667e+03
108,6.204790e+03,0.041514,-0.003429,7.999892,-1.765408e+03,1.458292e+02,-3.402016e+05,0.000000e+00,0.000000e+00
109,6.240016e+03,7.860149,1.466440,0.260035,-3.352064e+05,-6.253825e+04,-1.108955e+04,1.051654e+00,6.562338e+03
110,6.263724e+03,-0.550954,-7.929012,-0.909513,2.354076e+04,3.387849e+05,3.886097e+04,1.079086e+00,6.759096e+03
111,6.328244e+03,3.203255,3.104439,6.640905,-1.375694e+05,-1.333256e+05,-2.852053e+05,0.000000e+00,0.000000e+00
112,6.366114e+03,-2.323846,-2.026162,7.382033,1.000998e+05,8.727705e+04,-3.179815e+05,1.561071e+00,9.937958e+03
113,6.468717e+03,3.734379,-1.109701,-6.987344,-1.621497e+05,4.818410e+04,3.033960e+05,2.219315e-02,1.435612e+02
114,6.486447e+03,-0.440126,7.762579,1.883789,1.913681e+04,-3.375189e+05,-8.190763e+04,1.006218e+00,6.526779e+03
115,6.534903e+03,4.378848,-3.269945,-5.842358,-1.911033e+05,1.427081e+05,2.549743e+05,7.881718e-02,5.150626e+02
116,6.614565e+03,-6.627478,2.068489,-3.974655,2.909964e+05,-9.082229e+04,1.745174e+05,2.655872e-01,1.756744e+03
117,6.631486e+03,1.988965,7.659000,-1.176326,-8.744222e+04,-3.367179e+05,5.171562e+04,7.256313e-01,4.812014e+03
118,6.669434e+03,3.506436,6.987178,1.698310,-1.545963e+05,-3.080597e+05,-7.487727e+04,1.038656e+00,6.927250e+03
119,6.732995e+03,-1.508694,-3.636781,-6.964027,6.683346e+04,1.611054e+05,3.084986e+05,3.420590e-02,2.303081e+02
120,6.807271e+03,1.970158,-0.333063,7.746454,-8.775590e+04,1.483550e+04,-3.450469e+05,0.000000e+00,0.000000e+00
121,6.881263e+03,0.689484,-5.617458,5.654094,-3.087784e+04,2.515722e+05,-2.532129e+05,1.693446e+00,1.165304e+04
122,6.969197e+03,0.679332,-5.629297,-5.643539,-3.061695e+04,2.537080e+05,2.543499e+05,1.777901e-01,1.239054e+03
123,6.977068e+03,-0.379665,-0.829249,7.947842,1.712089e+04,3.739471e+04,-3.584053e+05,0.000000e+00,0.000000e+00
124,7.050364e+03,1.256900,6.985722,-3.690514,-5.697644e+04,-3.166691e+05,1.672944e+05,1.593678e-01,1.123601e+03
125,7.074827e+03,-3.704815,3.873121,5.939132,1.682337e+05,-1.758764e+05,-2.696929e+05,1.291462e+00,9.136874e+03
126,7.157796e+03,1.939804,3.324092,7.013385,-8.860051e+04,-1.518278e+05,-3.203362e+05,0.000000e+00,0.000000e+00
127,7.280190e+03,-0.668273,-1.082773,-7.898165,3.078321e+04,4.987666e+04,3.638197e+05,5.504904e-01,4.007675e+03
128,7.312085e+03,-0.326553,-0.310716,7.987291,1.507519e+04,1.434408e+04,-3.687303e+05,0.000000e+00,0.000000e+00
129,7.408135e+03,-0.236139,-1.322175,7.886450,1.097265e+04,6.143728e+04,-3.664584e+05,2.138478e-01,1.584213e+03
130,7.499862e+03,-1.619242,-0.196034,7.831962,7.570544e+04,9.165321e+03,-3.661726e+05,1.610653e-28,1.207968e-24
131,7.532531e+03,6.803295,-0.982203,4.092733,-3.187707e+05,4.602147e+04,-1.917664e+05,1.573848e+00,1.185506e+04
132,7.571579e+03,-0.173309,-4.098469,6.868225,8.141454e+03,1.925323e+05,-3.226461e+05,1.903263e+00,1.441070e+04
133,7.599030e+03,5.337228,-2.123817,5.568070,-2.511791e+05,9.995049e+04,-2.620429e+05,1.867845e+00,1.419381e+04
134,7.615398e+03,2.746156,2.706712,7.009446,-1.293779e+05,-1.275196e+05,-3.302317e+05,0.000000e+00,0.000000e+00
135,7.619344e+03,5.784728,4.497865,3.210316,-2.726029e+05,-2.119600e+05,-1.512848e+05,1.236453e+00,9.420962e+03
136,7.641661e+03,-3.623317,6.871674,-1.910933,1.709972e+05,-3.242986e+05,9.018368e+04,6.772198e-01,5.175084e+03
137,7.670378e+03,0.335329,-6.466532,-4.698034,-1.585507e+04,3.057514e+05,2.221330e+05,5.536993e-01,4.247083e+03
138,7.672936e+03,6.667964,-2.873476,3.358778,-3.153281e+05,1.358867e+05,-1.588367e+05,1.457597e+00,1.118405e+04
139,7.706317e+03,-5.267370,1.527715,5.824165,2.496353e+05,-7.240263e+04,-2.760233e+05,1.235124e+00,9.518258e+03
140,7.750392e+03,-5.566107,2.988485,4.907893,2.645465e+05,-1.420370e+05,-2.332629e+05,1.147237e+00,8.891534e+03
141,7.773840e+03,1.670856,7.793192,-0.688766,-7.953266e+04,-3.709555e+05,3.278522e+04,8.584853e-01,6.673728e+03
142,7.785370e+03,4.123892,-4.758839,-4.934265,-1.964425e+05,2.266884e+05,2.350449e+05,3.859548e-01,3.004801e+03
143,7.884394e+03,-5.880614,5.329272,1.008581,2.819003e+05,-2.554705e+05,-4.834856e+04,1.019190e+00,8.035695e+03
144,8.036494e+03,0.022812,-0.077874,7.999588,-1.104032e+03,3.768915e+03,-3.871592e+05,0.000000e+00,0.000000e+00
145,8.066460e+03,-2.262729,-3.809050,6.661171,1.097142e+05,1.846915e+05,-3.229838e+05,1.655081e+00,1.335065e+04
146,8.068701e+03,0.898578,1.006916,-7.885346,-4.357587e+04,-4.882966e+04,3.823941e+05,1.031990e+00,8.326821e+03
147,8.151166e+03,-5.581992,-4.386361,3.687981,2.720744e+05,2.137977e+05,-1.797576e+05,1.272219e+00,1.037007e+04
148,8.151589e+03,-3.970780,-0.241261,-6.940799,1.935467e+05,1.175971e+04,3.383135e+05,3.956994e-02,3.225579e+02
149,8.171066e+03,-3.505684,6.430856,-3.217805,1.710806e+05,-3.138317e+05,1.570319e+05,3.706865e-01,3.028904e+03
150,8.179030e+03,5.165588,1.375553,-5.951853,-2.522083e+05,-6.716097e+04,2.905974e+05,5.039781e-02,4.122052e+02
151,8.193346e+03,-5.071835,-0.618175,6.155839,2.478474e+05,3.020862e+04,-3.008199e+05,1.373571e+00,1.125414e+04
152,8.241985e+03,5.404407,3.381950,-4.832680,-2.648821e+05,-1.657570e+05,2.368605e+05,1.081893e-01,8.916947e+02
153,8.266940e+03,-0.548850,7.402680,2.983136,2.694105e+04,-3.633708e+05,-1.464314e+05,1.088306e+00,8.996962e+03
154,8.402013e+03,0.868495,7.915798,0.765414,-4.297816e+04,-3.917194e+05,-3.787710e+04,9.923601e-01,8.337823e+03
155,8.414411e+03,0.850194,-0.122427,7.953753,-4.210356e+04,6.062867e+03,-3.938879e+05,0.000000e+00,0.000000e+00
156,8.523744e+03,7.520041,1.514936,-2.270232,-3.748211e+05,-7.550888e+04,1.131551e+05,8.550130e-01,7.287911e+03
157,8.565238e+03,-3.810239,6.974450,-0.916042,1.903753e+05,-3.484724e+05,4.576924e+04,8.816858e-01,7.551849e+03
158,8.622550e+03,-0.682417,0.472718,-7.956811,3.421026e+04,-2.369786e+04,3.988831e+05,1.029711e+00,8.878736e+03
159,8.628987e+03,2.420279,-2.659374,7.146326,-1.213763e+05,1.333669e+05,-3.583863e+05,1.342465e+00,1.158412e+04
160,8.634930e+03,-1.086357,-1.305200,-7.817690,5.449925e+04,6.547797e+04,3.921900e+05,2.975836e-01,2.569613e+03
161,8.752244e+03,3.112701,-7.142885,-1.813914,-1.572120e+05,3.607631e+05,9.161469e+04,1.055416e+00,9.237258e+03
162,8.762562e+03,3.532770,-1.265604,7.065252,-1.785335e+05,6.395905e+04,-3.570523e+05,1.520038e+00,1.331942e+04
163,8.774942e+03,-1.325689,1.987725,7.634887,6.704283e+04,-1.005234e+05,-3.861121e+05,0.000000e+00,0.000000e+00
164,8.809996e+03,3.442712,0.487875,-7.204840,-1.744525e+05,-2.472208e+04,3.650908e+05,8.692649e-02,7.658221e+02
165,8.948913e+03,-2.965848,-5.778083,-4.670921,1.514686e+05,2.950921e+05,2.385483e+05,6.027841e-01,5.394263e+03
166,8.968412e+03,2.524196,6.615119,3.724062,-1.290534e+05,-3.382082e+05,-1.903984e+05,1.207291e+00,1.082748e+04
167,8.982494e+03,3.253195,3.968374,6.137486,-1.664551e+05,-2.030485e+05,-3.140347e+05,2.818073e-01,2.531332e+03
168,9.030216e+03,-0.566991,-0.340221,7.972626,2.908803e+04,1.745415e+04,-4.090149e+05,0.000000e+00,0.000000e+00
169,9.117891e+03,0.149098,-1.918530,7.765115,-7.686141e+03,9.890187e+04,-4.002983e+05,1.123276e+00,1.024191e+04
170,9.125244e+03,6.969729,-3.523550,1.734205,-3.594404e+05,1.817153e+05,-8.943579e+04,1.220719e+00,1.113936e+04
171,9.171730e+03,3.711637,-6.627020,-2.511247,-1.919021e+05,3.426357e+05,1.298386e+05,1.008293e+00,9.247787e+03
172,9.186338e+03,-3.856612,-0.470881,6.993198,1.995565e+05,2.436525e+04,-3.618559e+05,1.532406e+00,1.407720e+04
173,9.264993e+03,-7.107808,-3.585696,-0.788571,3.693575e+05,1.863308e+05,4.097814e+04,1.057384e+00,9.796655e+03
174,9.269120e+03,-3.936734,-6.856639,-1.220096,2.046181e+05,3.563848e+05,6.341647e+04,1.074143e+00,9.956356e+03
175,9.270003e+03,-3.844038,-6.785346,-1.783942,1.998096e+05,3.526961e+05,9.272764e+04,1.047538e+00,9.710681e+03
176,9.324658e+03,-7.462068,2.883449,-0.057170,3.890132e+05,-1.503202e+05,2.980375e+03,1.021487e+00,9.525017e+03
177,9.413231e+03,7.823438,1.576964,-0.554071,-4.097847e+05,-8.259997e+04,2.902176e+04,1.045660e+00,9.843043e+03
178,9.429293e+03,2.579255,0.577544,7.550754,-1.352143e+05,-3.027706e+04,-3.958390e+05,0.000000e+00,0.000000e+00
179,9.469427e+03,-7.122436,-2.405076,-2.736148,3.741787e+05,1.263512e+05,1.437441e+05,9.117063e-01,8.633336e+03
180,9.657451e+03,1.102864,-7.916546,0.334641,-5.851161e+04,4.200062e+05,-1.775414e+04,1.144239e+00,1.105043e+04
181,9.669044e+03,-2.613075,-7.553984,0.330414,1.387178e+05,4.010112e+05,-1.754036e+04,1.131884e+00,1.094423e+04
182,9.704894e+03,-1.502766,-5.922363,5.164040,7.992367e+04,3.149772e+05,-2.746462e+05,1.674753e+00,1.625330e+04
183,9.721014e+03,-1.497277,7.821302,-0.765115,7.969784e+04,-4.163164e+05,4.072596e+04,9.105366e-01,8.851339e+03
184,9.726187e+03,0.698623,7.595753,-2.411734,-3.719656e+04,-4.044183e+05,1.284072e+05,6.315904e-01,6.142966e+03
185,9.806545e+03,3.737721,-2.047118,-6.770432,-1.998267e+05,1.094434e+05,3.619621e+05,5.731663e-02,5.620781e+02
186,9.817699e+03,0.307098,2.464520,-7.604724,-1.642749e+04,-1.318335e+05,4.067963e+05,1.054906e+00,1.035675e+04
187,9.837635e+03,-0.927665,-1.302713,-7.838519,4.967357e+04,6.975619e+04,4.197281e+05,4.175663e-01,4.107864e+03
188,9.932070e+03,0.752094,-0.923614,-7.910834,-4.046511e+04,4.969347e+04,4.256286e+05,1.274784e+00,1.266125e+04
189,9.936193e+03,4.608779,4.491541,-4.752390,-2.480188e+05,-2.417097e+05,2.557471e+05,1.322513e-01,1.314074e+03
190,9.965465e+03,1.924504,1.546566,7.609495,-1.037185e+05,-8.335004e+04,-4.101033e+05,0.000000e+00,0.000000e+00
191,1.002800e+04,-3.090432,4.573565,-5.790659,1.670764e+05,-2.472582e+05,3.130574e+05,5.706641e-02,5.722621e+02
192,1.002804e+04,-3.785099,6.808027,-1.823126,2.046323e+05,-3.680595e+05,9.856292e+04,8.067969e-01,8.090595e+03
193,1.004753e+04,0.189435,0.615520,-7.974036,-1.025128e+04,-3.330889e+04,4.315156e+05,1.006526e+00,1.011310e+04
194,1.006244e+04,-4.595798,0.235815,-6.543931,2.488864e+05,-1.277063e+04,3.543879e+05,5.681278e-02,5.716749e+02
195,1.009243e+04,1.945146,3.047247,7.136574,-1.054967e+05,-1.652701e+05,-3.870582e+05,0.000000e+00,0.000000e+00
196,1.017934e+04,-5.687188,5.299866,1.888731,3.097748e+05,-2.886778e+05,-1.028771e+05,1.062651e+00,1.081709e+04
197,1.030306e+04,-0.873270,-1.222746,7.857626,4.785423e+04,6.700515e+04,-4.305893e+05,6.527270e-01,6.725086e+03
198,1.035343e+04,1.955079,-1.464903,-7.617856,-1.073977e+05,8.047107e+04,4.184692e+05,1.587902e-01,1.644023e+03
199,1.049096e+04,0.376154,0.692406,7.961098,-2.079996e+04,-3.828747e+04,-4.402194e+05,0.000000e+00,0.000000e+00
200,1.051902e+04,-6.059473,-0.851309,5.153452,3.355144e+05,4.713720e+04,-2.853478e+05,1.253157e+00,1.318198e+04
201,1.053447e+04,-3.809684,-2.313621,-6.643303,2.110979e+05,1.281997e+05,3.681112e+05,6.889334e-02,7.257547e+02
202,1.058252e+04,7.203019,-2.858607,-1.986172,-4.000349e+05,1.587588e+05,1.103062e+05,1.020402e+00,1.079842e+04
203,1.065498e+04,3.286179,-3.055602,6.623015,-1.831286e+05,1.702792e+05,-3.690801e+05,1.379584e+00,1.469943e+04
204,1.074854e+04,-0.352280,-1.780937,7.791288,1.971746e+04,9.968091e+04,-4.360864e+05,1.259886e+00,1.354193e+04
205,1.076955e+04,1.615382,-1.535002,7.683379,-9.050297e+04,8.599959e+04,-4.304668e+05,8.128043e-01,8.753536e+03
206,1.093149e+04,-5.913534,3.407758,-4.173404,3.337916e+05,-1.923522e+05,2.355694e+05,3.683278e-01,4.026371e+03
207,1.099108e+04,2.046017,-4.891914,-5.990241,-1.158026e+05,2.768775e+05,3.390417e+05,2.167787e-01,2.382632e+03
208,1.099734e+04,6.362149,-4.838131,0.339926,-3.601939e+05,2.739114e+05,-1.924495e+04,1.140859e+00,1.254642e+04
209,1.102901e+04,-4.775571,4.628750,-4.446190,2.707585e+05,-2.624343e+05,2.520838e+05,2.256894e-01,2.489130e+03
210,1.106972e+04,7.068539,3.704118,0.561486,-4.015009e+05,-2.103981e+05,-3.189306e+04,1.091023e+00,1.207731e+04
211,1.111009e+04,0.045545,0.603886,-7.977045,-2.591702e+03,-3.436393e+04,4.539307e+05,1.006583e+00,1.118324e+04
212,1.112669e+04,-3.043305,-6.595860,3.351557,1.733074e+05,3.756151e+05,-1.908615e+05,1.307693e+00,1.455029e+04
213,1.117851e+04,0.502892,-1.760744,7.787611,-2.870486e+04,1.005025e+05,-4.445134e+05,1.043130e+00,1.166064e+04
214,1.118478e+04,-7.958959,0.809253,0.008612,4.544213e+05,-4.620474e+04,-4.917193e+02,1.054651e+00,1.179604e+04
215,1.122419e+04,3.235410,-1.452446,7.170950,-1.850527e+05,8.307421e+04,-4.101502e+05,1.092907e+00,1.226700e+04
216,1.123312e+04,6.713295,3.708374,2.275879,-3.841268e+05,-2.121888e+05,-1.302231e+05,1.164062e+00,1.307604e+04
217,1.128632e+04,4.538790,-1.069774,6.500382,-2.603184e+05,6.135597e+04,-3.728239e+05,1.096712e+00,1.237784e+04
218,1.132929e+04,2.573490,7.336695,-1.884157,-1.478811e+05,-4.215902e+05,1.082698e+05,8.205529e-01,9.296282e+03
219,1.138190e+04,-6.288199,-3.754896,3.218589,3.621782e+05,2.162688e+05,-1.853794e+05,1.182545e+00,1.345961e+04
220,1.143390e+04,-2.914532,-2.121245,7.141836,1.682499e+05,1.224551e+05,-4.122833e+05,1.660103e+00,1.898145e+04
221,1.146886e+04,7.626264,-0.220451,2.406555,-4.409208e+05,1.274564e+04,-1.391376e+05,1.223588e+00,1.403316e+04
222,1.151575e+04,3.124006,-6.690369,3.078888,-1.809867e+05,3.876010e+05,-1.783728e+05,1.383707e+00,1.593443e+04
223,1.158148e+04,-7.109834,0.908231,-3.553221,4.130761e+05,-5.276753e+04,2.064395e+05,7.200526e-01,8.339273e+03
224,1.161531e+04,2.187449,-6.873847,3.459088,-1.272747e+05,3.999483e+05,-2.012638e+05,1.458548e+00,1.694148e+04
225,1.170629e+04,-1.777196,3.035171,7.185354,1.038087e+05,-1.772889e+05,-4.197073e+05,0.000000e+00,0.000000e+00
226,1.172587e+04,-3.334252,-5.791020,4.398506,1.949214e+05,3.385448e+05,-2.571380e+05,1.466229e+00,1.719281e+04
227,1.172827e+04,-1.576694,-1.179938,-7.753824,9.218347e+04,6.898659e+04,4.533374e+05,3.702574e-01,4.342477e+03
228,1.174599e+04,-5.870558,-0.611979,5.400188,3.434890e+05,3.580717e+04,-3.159675e+05,1.259956e+00,1.479943e+04
229,1.190396e+04,3.660068,-6.310564,-3.283395,-2.155875e+05,3.717085e+05,1.934005e+05,9.812593e-01,1.168087e+04
230,1.194867e+04,-3.632833,0.980451,7.059833,2.143848e+05,-5.785946e+04,-4.166227e+05,1.471085e+00,1.757751e+04
231,1.196418e+04,-2.420990,-4.151399,-6.395677,1.429628e+05,2.451459e+05,3.776736e+05,1.319390e-01,1.578542e+03
232,1.197650e+04,-1.626413,6.564361,4.273634,9.609137e+04,-3.878341e+05,-2.524939e+05,1.145087e+00,1.371414e+04
233,1.203999e+04,-1.025773,-5.226421,5.969281,6.076493e+04,3.096037e+05,-3.536094e+05,1.696669e+00,2.042788e+04
234,1.210454e+04,-1.287214,1.314030,7.785654,7.645634e+04,-7.804915e+04,-4.624428e+05,0.000000e+00,0.000000e+00
235,1.211074e+04,-7.102676,-3.136467,1.927320,4.219840e+05,1.863437e+05,-1.145059e+05,1.121033e+00,1.357653e+04
236,1.218183e+04,-1.926773,6.949773,3.462399,1.148089e+05,-4.141099e+05,-2.063109e+05,1.102701e+00,1.343292e+04
237,1.229106e+04,-6.724679,-4.233269,0.926353,4.024898e+05,2.533723e+05,-5.544467e+04,1.107775e+00,1.361572e+04
238,1.230584e+04,1.187257,-0.432062,7.899604,-7.110315e+04,2.587558e+04,-4.730963e+05,0.000000e+00,0.000000e+00
239,1.236344e+04,-2.727642,-1.877026,-7.282633,1.637365e+05,1.126752e+05,4.371664e+05,8.558459e-02,1.058120e+03
240,1.236939e+04,3.166322,2.442675,-6.928762,-1.901156e+05,-1.466657e+05,4.160241e+05,1.619481e-01,2.003199e+03
241,1.237800e+04,-0.258123,-0.398901,7.985878,1.550391e+04,2.395960e+04,-4.796634e+05,0.000000e+00,0.000000e+00
242,1.239706e+04,2.717930,7.501813,-0.579366,-1.633753e+05,-4.509353e+05,3.482582e+04,9.825684e-01,1.218096e+04
243,1.241984e+04,-0.739148,-3.847785,-6.974827,4.447113e+04,2.315035e+05,4.196432e+05,7.591034e-02,9.427944e+02
244,1.243099e+04,-3.865412,-6.081415,-3.474909,2.326683e+05,3.660548e+05,2.091630e+05,9.614232e-01,1.195144e+04
245,1.261769e+04,-6.637783,-1.478300,4.213605,4.025332e+05,8.964810e+04,-2.555245e+05,1.180002e+00,1.488890e+04
246,1.263883e+04,-5.714159,2.164523,5.163644,3.468123e+05,-1.313725e+05,-3.133996e+05,1.155979e+00,1.461022e+04
247,1.266757e+04,2.913773,2.642569,-6.966115,-1.770480e+05,-1.605689e+05,4.232782e+05,1.929121e-01,2.443727e+03
248,1.266848e+04,-3.956976,6.894140,-0.901761,2.404442e+05,-4.189199e+05,5.479516e+04,9.676949e-01,1.225922e+04
249,1.276795e+04,5.006809,-2.360250,5.775905,-3.054290e+05,1.439817e+05,-3.523459e+05,1.982098e+00,2.530732e+04
250,1.281491e+04,-4.599614,-3.199236,5.710380,2.811045e+05,1.955207e+05,-3.489888e+05,1.538510e+00,1.971587e+04
251,1.282085e+04,1.307779,3.718623,-6.961433,-7.994315e+04,-2.273156e+05,4.255452e+05,3.404939e-01,4.365421e+03
252,1.282857e+04,-4.907418,-4.800223,-4.107932,3.000758e+05,2.935211e+05,2.511893e+05,8.514645e-01,1.092308e+04
253,1.296354e+04,1.962169,-2.056008,7.478150,-1.206110e+05,1.263791e+05,-4.596684e+05,1.275353e+00,1.653309e+04
254,1.307471e+04,-3.547655,-7.079408,1.138476,2.190010e+05,4.370204e+05,-7.027949e+04,1.131330e+00,1.479182e+04
255,1.320947e+04,3.445595,0.708343,-7.185132,-2.137940e+05,-4.395163e+04,4.458267e+05,1.747285e-01,2.308071e+03
256,1.321395e+04,-0.791340,-1.271991,7.858487,4.910978e+04,7.893851e+04,-4.876902e+05,8.632588e-01,1.140706e+04
257,1.322214e+04,-0.775773,4.138291,6.802406,4.815864e+04,-2.568979e+05,-4.222816e+05,0.000000e+00,0.000000e+00
258,1.324881e+04,6.112235,-4.604543,-2.332116,-3.798194e+05,2.861302e+05,1.449196e+05,1.040349e+00,1.378339e+04
259,1.327192e+04,-2.832839,-7.279131,-1.728952,1.761884e+05,4.527256e+05,1.075322e+05,1.070670e+00,1.420985e+04
260,1.332536e+04,-4.368329,1.906569,6.425162,2.722347e+05,-1.188175e+05,-4.004167e+05,1.338226e+00,1.783234e+04
261,1.333324e+04,-0.780684,5.499524,5.757236,4.866667e+04,-3.428322e+05,-3.588976e+05,1.603553e+00,2.138056e+04
262,1.335580e+04,-0.956726,0.139527,-7.941361,5.969131e+04,-8.705244e+03,4.954714e+05,1.032016e+00,1.378340e+04
263,1.339682e+04,1.027145,4.945784,-6.203563,-6.418320e+04,-3.090471e+05,3.876419e+05,8.579176e-02,1.149337e+03
264,1.341882e+04,7.544232,-1.934260,-1.828443,-4.718032e+05,1.209653e+05,1.143477e+05,1.043812e+00,1.400672e+04
265,1.344905e+04,5.511253,5.798614,-0.046589,-3.450522e+05,-3.630435e+05,2.916902e+03,1.047583e+00,1.408899e+04
266,1.349462e+04,-2.906038,-0.092404,7.452946,1.822512e+05,5.795092e+03,-4.674089e+05,1.494540e+00,2.016825e+04
267,1.350520e+04,-3.657629,-6.546063,2.787617,2.294768e+05,4.106949e+05,-1.748929e+05,1.200189e+00,1.620879e+04
268,1.352101e+04,1.475687,-2.640992,7.405910,-9.263769e+04,1.657908e+05,-4.649131e+05,1.140196e+00,1.541661e+04
269,1.360008e+04,-2.187607,-2.935659,-7.113106,1.377301e+05,1.848269e+05,4.478358e+05,7.489547e-02,1.018585e+03
270,1.360983e+04,5.712046,4.463137,3.384218,-3.597550e+05,-2.810965e+05,-2.131442e+05,1.220217e+00,1.660695e+04
271,1.361255e+04,-1.488819,-7.598080,-2.013106,9.377787e+04,4.785885e+05,1.268017e+05,1.066519e+00,1.451803e+04
272,1.363186e+04,2.232571,3.382729,6.897302,-1.407251e+05,-2.132227e+05,-4.347559e+05,0.000000e+00,0.000000e+00
273,1.364247e+04,-1.324354,-2.458209,-7.496886,8.351017e+04,1.550080e+05,4.727332e+05,1.300483e-01,1.774180e+03
274,1.372764e+04,-3.534062,5.428438,-4.694941,2.235429e+05,-3.433693e+05,2.969728e+05,1.977679e-01,2.714886e+03
275,1.373266e+04,1.616431,-5.985075,5.056286,-1.022641e+05,3.786480e+05,-3.198878e+05,1.710687e+00,2.349229e+04
276,1.378029e+04,0.878699,1.597419,7.789489,-5.568754e+04,-1.012364e+05,-4.936587e+05,6.900584e-02,9.509202e+02
277,1.379125e+04,0.004247,-3.954922,6.954033,-2.692384e+02,2.507428e+05,-4.408870e+05,1.999480e+00,2.757534e+04
278,1.385931e+04,1.137209,-7.745235,1.648664,-7.227695e+04,4.922594e+05,-1.047832e+05,1.172580e+00,1.625114e+04
279,1.391482e+04,5.362727,-2.551490,5.360136,-3.415177e+05,1.624880e+05,-3.413527e+05,1.754706e+00,2.441641e+04
280,1.396208e+04,1.322715,-4.801797,6.260445,-8.437817e+04,3.063145e+05,-3.993640e+05,2.000729e+00,2.793434e+04
281,1.400651e+04,-1.303267,1.214213,-7.799178,8.326968e+04,-7.757979e+04,4.983134e+05,1.035011e+00,1.449689e+04
282,1.403227e+04,-5.352966,-4.813528,3.489371,3.423316e+05,3.078336e+05,-2.231515e+05,1.201093e+00,1.685405e+04
283,1.403254e+04,1.569279,4.621406,-6.338768,-1.003591e+05,-2.955500e+05,4.053794e+05,1.076590e-01,1.510729e+03
284,1.408600e+04,2.798230,0.322303,7.487725,-1.792941e+05,-2.065128e+04,-4.797692e+05,0.000000e+00,0.000000e+00
285,1.419385e+04,-4.207704,-6.160491,2.888526,2.706350e+05,3.962361e+05,-1.857869e+05,1.190155e+00,1.689289e+04
286,1.426704e+04,-1.039439,1.854915,-7.712254,6.702774e+04,-1.196133e+05,4.973211e+05,1.032777e+00,1.473467e+04
287,1.430752e+04,-3.166980,2.506309,-6.905697,2.045107e+05,-1.618473e+05,4.459420e+05,1.915059e-01,2.739974e+03
288,1.433740e+04,0.993763,1.053058,-7.867878,-6.424018e+04,-6.807319e+04,5.086061e+05,1.030370e+00,1.477283e+04
289,1.436011e+04,-4.664137,6.247907,-1.791503,3.017442e+05,-4.042054e+05,1.159004e+05,9.278793e-01,1.332445e+04
290,1.438100e+04,2.423298,-3.604547,-6.718249,-1.568881e+05,2.333640e+05,4.349500e+05,1.034872e-01,1.488248e+03
291,1.440011e+04,-6.539600,2.811649,3.650789,4.236652e+05,-1.821514e+05,-2.365148e+05,1.099921e+00,1.583898e+04
292,1.443847e+04,5.025398,-2.799089,-5.559719,-3.260016e+05,1.815792e+05,3.606634e+05,3.584453e-01,5.175402e+03
293,1.447016e+04,1.240743,-7.406160,-2.758506,-8.057629e+04,4.809704e+05,1.791427e+05,1.044453e+00,1.511340e+04
294,1.447434e+04,-1.217373,2.832326,7.382136,7.906999e+04,-1.839633e+05,-4.794796e+05,0.000000e+00,0.000000e+00
295,1.453135e+04,2.065105,2.292374,7.381082,-1.343952e+05,-1.491857e+05,-4.803543e+05,0.000000e+00,0.000000e+00
296,1.460736e+04,0.026162,-7.933407,1.029745,-1.707029e+03,5.176477e+05,-6.718997e+04,1.134762e+00,1.657588e+04
297,1.461708e+04,0.644201,6.669928,-4.370019,-4.204754e+04,-4.353516e+05,2.852347e+05,2.520242e-01,3.683859e+03
298,1.462314e+04,1.796339,-2.338910,7.436576,-1.172728e+05,1.526942e+05,-4.854920e+05,1.093045e+00,1.598376e+04
299,1.466774e+04,1.413916,-0.517158,7.857060,-9.244725e+04,3.381379e+04,-5.137245e+05,0.000000e+00,0.000000e+00
300,1.469275e+04,3.311977,4.064441,6.042444,-2.167342e+05,-2.659751e+05,-3.954147e+05,9.510336e-01,1.397330e+04
301,1.472350e+04,-1.091223,-0.784409,7.886313,7.148384e+04,5.138504e+04,-5.166165e+05,6.177130e-01,9.094898e+03
302,1.475656e+04,0.304804,-0.738417,7.960015,-1.998951e+04,4.842651e+04,-5.220297e+05,7.312522e-03,1.079077e+02
303,1.484846e+04,6.783840,-1.097755,-4.095662,-4.462775e+05,7.221624e+04,2.694347e+05,7.772998e-01,1.154171e+04
304,1.486060e+04,0.568382,7.663344,-2.224881,-3.740650e+04,-5.043421e+05,1.464245e+05,8.420183e-01,1.251290e+04
305,1.490022e+04,1.099213,7.815808,1.305710,-7.243811e+04,-5.150613e+05,-8.604620e+04,1.063335e+00,1.584393e+04
306,1.490228e+04,7.295080,-3.266004,-0.339163,-4.807785e+05,2.152443e+05,2.235239e+04,1.104127e+00,1.645401e+04
307,1.490652e+04,4.782930,-5.817906,-2.697324,-3.152614e+05,3.834807e+05,1.777911e+05,1.040010e+00,1.550293e+04
308,1.491157e+04,-5.116458,-5.052888,-3.505734,3.373027e+05,3.331119e+05,2.311157e+05,9.713930e-01,1.448500e+04
309,1.497291e+04,4.793751,0.790172,6.355752,-3.166775e+05,-5.219912e+04,-4.198641e+05,1.000910e+00,1.498653e+04
310,1.513886e+04,-2.750960,-1.095679,7.431804,1.827341e+05,7.278111e+04,-4.936618e+05,1.667819e+00,2.524888e+04
311,1.527015e+04,5.140953,6.035819,-1.067470,-3.429683e+05,-4.026675e+05,7.121408e+04,1.004918e+00,1.534525e+04
312,1.537887e+04,5.498422,-4.750148,3.347155,-3.681196e+05,3.180226e+05,-2.240922e+05,1.364335e+00,2.098193e+04
313,1.539397e+04,-0.657096,2.056968,-7.703058,4.401418e+04,-1.377817e+05,5.159733e+05,1.031185e+00,1.587404e+04
314,1.549818e+04,4.663046,-0.880451,-6.440560,-3.133998e+05,5.917447e+04,4.328652e+05,9.477877e-02,1.468899e+03
315,1.566456e+04,-6.223075,2.077465,-4.577934,4.204872e+05,-1.403723e+05,3.093266e+05,4.765753e-01,7.465340e+03
316,1.568709e+04,-7.468918,1.512057,2.434944,5.050305e+05,-1.022417e+05,-1.646451e+05,1.086461e+00,1.704341e+04
317,1.580864e+04,-7.818840,1.634129,-0.441998,5.307357e+05,-1.109231e+05,3.000244e+04,1.049259e+00,1.658735e+04
318,1.582425e+04,2.691216,-1.974276,7.270460,-1.827674e+05,1.340782e+05,-4.937557e+05,1.020126e+00,1.614273e+04
319,1.584266e+04,-2.864979,-7.122665,2.249342,1.946813e+05,4.839999e+05,-1.528474e+05,1.156086e+00,1.831547e+04
320,1.589187e+04,4.464043,0.888101,6.579027,-3.038117e+05,-6.044197e+04,-4.477524e+05,9.342318e-01,1.484669e+04
321,1.599454e+04,-1.194013,7.579172,2.265058,8.152365e+04,-5.174833e+05,-1.546514e+05,1.073647e+00,1.717250e+04
322,1.607380e+04,-1.266585,-7.201865,-3.244827,8.669265e+04,4.929387e+05,2.220954e+05,1.025357e+00,1.648138e+04
323,1.608686e+04,7.086876,0.012261,3.711608,-4.852652e+05,-8.395435e+02,-2.541479e+05,1.343082e+00,2.160597e+04
324,1.614195e+04,-6.726946,0.329631,4.317354,4.614074e+05,-2.260969e+04,-2.961313e+05,1.125295e+00,1.816446e+04
325,1.621771e+04,4.853115,5.718693,2.782773,-3.336599e+05,-3.931699e+05,-1.913204e+05,1.137093e+00,1.844105e+04
326,1.622059e+04,5.043380,1.856454,-5.926035,-3.467718e+05,-1.276457e+05,4.074612e+05,1.059440e-01,1.718475e+03
327,1.623507e+04,0.022167,-0.005407,-7.999967,-1.524832e+03,3.719558e+02,5.503057e+05,1.039945e+00,1.688358e+04
328,1.624782e+04,-2.746797,3.791520,6.486870,1.890222e+05,-2.609153e+05,-4.463971e+05,1.538448e+00,2.499643e+04
329,1.626149e+04,-4.564717,-1.258775,6.448166,3.142554e+05,8.665965e+04,-4.439204e+05,1.531490e+00,2.490431e+04
330,1.629409e+04,-7.515586,-0.651349,-2.663027,5.179246e+05,4.488668e+04,1.835182e+05,9.858811e-01,1.606403e+04
331,1.629912e+04,1.066240,-3.393630,7.165641,-7.348957e+04,2.339028e+05,-4.938850e+05,1.156601e+00,1.885159e+04
332,1.631585e+04,-7.711394,-1.161066,-1.785028,5.317731e+05,8.006644e+04,1.230945e+05,1.032951e+00,1.685347e+04
333,1.646678e+04,-1.624747,-3.381320,-7.065895,1.125586e+05,2.342498e+05,4.895084e+05,8.833125e-02,1.454531e+03
334,1.650086e+04,-2.840976,5.011981,-5.550577,1.970196e+05,-3.475773e+05,3.849286e+05,9.804325e-02,1.617798e+03
335,1.652542e+04,-6.454193,4.518919,-1.386640,4.479266e+05,-3.136169e+05,9.623405e+04,1.002008e+00,1.655859e+04
336,1.653266e+04,-5.636116,-4.937610,-2.802536,3.912370e+05,3.427494e+05,1.945410e+05,1.025160e+00,1.694862e+04
337,1.657952e+04,6.834414,1.739375,3.776952,-4.750901e+05,-1.209116e+05,-2.625525e+05,1.304920e+00,2.163495e+04
338,1.661757e+04,3.684478,6.843295,1.895769,-2.564180e+05,-4.762530e+05,-1.319343e+05,1.094555e+00,1.818886e+04
339,1.662098e+04,-0.897708,-7.242447,3.277360,6.248161e+04,5.040833e+05,-2.281083e+05,1.268840e+00,2.108936e+04
340,1.671225e+04,6.619548,4.005479,2.034139,-4.619920e+05,-2.795507e+05,-1.419668e+05,1.128748e+00,1.886392e+04
341,1.673128e+04,-3.570307,6.978655,-1.597275,2.493210e+05,-4.873320e+05,1.115406e+05,9.606194e-01,1.607239e+04
342,1.677431e+04,-1.474952,-0.299270,7.857159,1.031309e+05,2.092539e+04,-5.493847e+05,5.188348e-01,8.703095e+03
343,1.688854e+04,6.085490,5.042877,-1.239435,-4.269533e+05,-3.538043e+05,8.695781e+04,1.019458e+00,1.721716e+04
344,1.689018e+04,1.033745,1.063223,7.861357,-7.253025e+04,-7.459850e+04,-5.515734e+05,0.000000e+00,0.000000e+00
345,1.694868e+04,2.993234,-1.695441,-7.222605,-2.103766e+05,1.191624e+05,5.076338e+05,1.112102e-01,1.884866e+03
346,1.695226e+04,-3.537191,-1.132185,-7.085650,2.486343e+05,7.958290e+04,4.980607e+05,1.013512e-01,1.718132e+03
347,1.695759e+04,-0.344930,-0.577808,-7.971647,2.424941e+04,4.062137e+04,5.604268e+05,1.053583e+00,1.786624e+04
348,1.698465e+04,3.352841,5.235600,5.034575,-2.359011e+05,-3.683694e+05,-3.542255e+05,1.677709e+00,2.849530e+04
349,1.714034e+04,-1.282095,-0.906574,7.844384,9.061886e+04,6.407696e+04,-5.544434e+05,9.755537e-01,1.672132e+04
350,1.717632e+04,5.888928,-1.938245,5.056059,-4.166678e+05,1.371395e+05,-3.577387e+05,1.732031e+00,2.974992e+04
351,1.735310e+04,-4.239772,1.968325,6.492305,3.015225e+05,-1.399826e+05,-4.617173e+05,1.337999e+00,2.321843e+04
352,1.739394e+04,0.395629,-6.839209,-4.131429,-2.816929e+04,4.869603e+05,2.941629e+05,9.711187e-01,1.689159e+04
353,1.749664e+04,-1.642265,-3.690557,6.905270,1.172760e+05,2.635469e+05,-4.931133e+05,1.956292e+00,3.422854e+04
354,1.750829e+04,0.084365,-0.045736,7.999424,-6.026630e+03,3.267177e+03,-5.714383e+05,0.000000e+00,0.000000e+00
355,1.751013e+04,3.013632,6.215899,-4.034925,-2.152899e+05,-4.440555e+05,2.882496e+05,4.755749e-01,8.327376e+03
356,1.763981e+04,-7.909007,-0.872267,0.828711,5.670972e+05,6.254394e+04,-5.942082e+04,1.073908e+00,1.894354e+04
357,1.765374e+04,6.556064,4.374293,1.372438,-4.702732e+05,-3.137726e+05,-9.844641e+04,1.104908e+00,1.950576e+04
358,1.766800e+04,-1.668497,-2.359703,-7.459754,1.197313e+05,1.693322e+05,5.353118e+05,1.606334e-01,2.838071e+03
359,1.769199e+04,0.115309,0.387014,7.989801,-8.280205e+03,-2.779095e+04,-5.737372e+05,0.000000e+00,0.000000e+00
360,1.770217e+04,6.079507,4.970696,-1.527014,-4.366871e+05,-3.570419e+05,1.096844e+05,1.009350e+00,1.786769e+04
361,1.772073e+04,0.021339,0.753571,7.964400,-1.533576e+03,-5.415689e+04,-5.723776e+05,0.000000e+00,0.000000e+00
362,1.777278e+04,5.978695,-5.181353,-1.186925,-4.303014e+05,3.729147e+05,8.542590e+04,1.083916e+00,1.926420e+04
363,1.779545e+04,-1.577448,0.128657,-7.841881,1.136052e+05,-9.265689e+03,5.647593e+05,1.056936e+00,1.880866e+04
364,1.788283e+04,-5.335053,-1.693029,-5.715843,3.851639e+05,1.222281e+05,4.126550e+05,3.324219e-01,5.944645e+03
365,1.791399e+04,3.484112,6.576213,2.935027,-2.517543e+05,-4.751828e+05,-2.120787e+05,1.119830e+00,2.006062e+04
366,1.801383e+04,6.353854,-1.335074,4.673983,-4.603932e+05,9.673796e+04,-3.386716e+05,1.664861e+00,2.999051e+04
367,1.803707e+04,4.373811,-3.597411,5.650523,-3.171259e+05,2.608326e+05,-4.096948e+05,1.845414e+00,3.328587e+04
368,1.806584e+04,3.384659,-5.366378,-4.872995,-2.456024e+05,3.894027e+05,3.536012e+05,8.314799e-01,1.502138e+04
369,1.807413e+04,-2.238006,-0.373230,7.671508,1.624346e+05,2.708907e+04,-5.567985e+05,1.415618e+00,2.558606e+04
370,1.808473e+04,1.320625,-6.452490,4.541071,-9.587915e+04,4.684595e+05,-3.296879e+05,1.632391e+00,2.952136e+04
371,1.815047e+04,0.298871,-7.174170,-3.527317,-2.173781e+04,5.218002e+05,2.565530e+05,1.021790e+00,1.854597e+04
372,1.815610e+04,4.483746,6.529669,1.122253,-3.261677e+05,-4.749972e+05,-8.163768e+04,1.080238e+00,1.961291e+04
373,1.820432e+04,4.013511,6.542799,2.254664,-2.923481e+05,-4.765841e+05,-1.642320e+05,1.102752e+00,2.007484e+04
374,1.823705e+04,0.181781,0.317699,-7.991622,-1.325299e+04,-2.316234e+04,5.826408e+05,1.026769e+00,1.872523e+04
375,1.825920e+04,-3.597612,6.209913,3.534710,2.624484e+05,-4.530176e+05,-2.578596e+05,1.081762e+00,1.975210e+04
376,1.826696e+04,-3.163782,6.494164,-3.437488,2.308491e+05,-4.738545e+05,2.508205e+05,6.868909e-01,1.254741e+04
377,1.837329e+04,1.891721,0.456461,7.759706,-1.384329e+05,-3.340303e+04,-5.678419e+05,0.000000e+00,0.000000e+00
378,1.841141e+04,-5.696085,0.318069,5.608337,4.172619e+05,-2.329986e+04,-4.108340e+05,1.193338e+00,2.197104e+04
379,1.844464e+04,-0.022720,-0.035121,7.999891,1.665838e+03,2.575097e+03,-5.865538e+05,0.000000e+00,0.000000e+00
380,1.848055e+04,0.897960,0.659934,-7.922004,-6.590270e+04,-4.843359e+04,5.814082e+05,1.035843e+00,1.914294e+04
381,1.859125e+04,1.450416,2.466874,7.470664,-1.067666e+05,-1.815892e+05,-5.499234e+05,0.000000e+00,0.000000e+00
382,1.859518e+04,4.954043,-1.240315,6.157847,-3.647108e+05,9.131056e+04,-4.533334e+05,1.502573e+00,2.794062e+04
383,1.870696e+04,-0.158556,5.529019,5.779689,1.170770e+04,-4.082614e+05,-4.267708e+05,1.741949e+00,3.258656e+04
384,1.874983e+04,-3.424337,-1.094310,-7.146775,2.531418e+05,8.089612e+04,5.283205e+05,1.275703e-01,2.391922e+03
385,1.885024e+04,-2.267266,-0.858526,-7.623807,1.680543e+05,6.363567e+04,5.650918e+05,7.421335e-01,1.398939e+04
386,1.889782e+04,0.002617,-0.042895,-7.999885,-1.942116e+02,3.183485e+03,5.937153e+05,1.045893e+00,1.976510e+04
387,1.894158e+04,-4.056894,4.054849,-5.576720,3.014328e+05,-3.012808e+05,4.143579e+05,1.258284e-01,2.383388e+03
388,1.907598e+04,0.738825,-7.182802,-3.444051,-5.509014e+04,5.355820e+05,2.568039e+05,1.029717e+00,1.964286e+04
389,1.918245e+04,2.663047,1.998638,-7.274175,-1.991222e+05,-1.494428e+05,5.439068e+05,1.220275e+00,2.340788e+04
390,1.920124e+04,5.752272,-2.663892,4.880066,-4.303213e+05,1.992829e+05,-3.650724e+05,1.715786e+00,3.294522e+04
391,1.922806e+04,4.009472,-0.624718,-6.894481,-3.001536e+05,4.676710e+04,5.161286e+05,9.866280e-02,1.897094e+03
392,1.925169e+04,1.992466,4.997675,-5.920585,-1.492499e+05,-3.743614e+05,4.434940e+05,9.351462e-02,1.800314e+03
393,1.928141e+04,7.243095,1.492324,3.051318,-5.429780e+05,-1.118720e+05,-2.287418e+05,1.180391e+00,2.275960e+04
394,1.930967e+04,2.668590,7.150045,-2.399060,-2.001971e+05,-5.363952e+05,1.799771e+05,9.066861e-01,1.750781e+04
395,1.932745e+04,-4.910333,-1.577694,-6.115514,3.685420e+05,1.184128e+05,4.589961e+05,2.104133e-01,4.066752e+03
396,1.933421e+04,-0.739484,-2.764313,-7.470725,5.551124e+04,2.075101e+05,5.608086e+05,1.555975e-01,3.008355e+03
397,1.945994e+04,7.995497,-0.268310,0.005701,-6.021503e+05,2.020671e+04,-4.293780e+02,1.091274e+00,2.123613e+04
398,1.949029e+04,-0.065108,-6.620456,-4.490582,4.907197e+03,4.989830e+05,3.384547e+05,9.494533e-01,1.850512e+04
399,1.949324e+04,2.949242,5.464031,5.044437,-2.223009e+05,-4.118545e+05,-3.802273e+05,1.612259e+00,3.142816e+04
400,1.958425e+04,6.441213,-4.039467,2.488672,-4.866422e+05,3.051871e+05,-1.880225e+05,1.173835e+00,2.298868e+04
401,1.959036e+04,6.469606,-4.547304,-1.210877,-4.888637e+05,3.436085e+05,9.149762e+04,1.079437e+00,2.114656e+04
402,1.967241e+04,-0.445717,5.381154,5.902925,3.375021e+04,-4.074674e+05,-4.469766e+05,1.736659e+00,3.416428e+04
403,1.967753e+04,-4.053682,6.795263,1.179856,3.069896e+05,-5.146124e+05,-8.935176e+04,1.054570e+00,2.075133e+04
404,1.970907e+04,-2.141480,-3.732819,-6.743895,1.623065e+05,2.829168e+05,5.111314e+05,1.404350e-01,2.767844e+03
405,1.974570e+04,-5.526311,-1.485594,-5.590429,4.192377e+05,1.127003e+05,4.241018e+05,4.160602e-01,8.215401e+03
406,1.991204e+04,0.418419,-7.647722,2.310254,-3.187558e+04,5.826109e+05,-1.759974e+05,1.149554e+00,2.288996e+04
407,1.991733e+04,-2.066407,-6.684017,-3.879932,1.574418e+05,5.092627e+05,2.956163e+05,1.003954e+00,1.999608e+04
408,1.995985e+04,-1.071946,6.404593,4.672486,8.175989e+04,-4.884936e+05,-3.563816e+05,1.143239e+00,2.281889e+04
409,2.014115e+04,2.318007,-0.684647,-7.626146,-1.776011e+05,5.245629e+04,5.843001e+05,1.211247e+00,2.439590e+04
410,2.014833e+04,7.581652,-1.237950,2.232943,-5.809945e+05,9.486617e+04,-1.711141e+05,1.140055e+00,2.297020e+04
411,2.015296e+04,2.165811,-7.277269,-2.520045,-1.659888e+05,5.577332e+05,1.931374e+05,1.060439e+00,2.137098e+04
412,2.015611e+04,1.402549,1.159208,7.790320,-1.075004e+05,-8.884917e+04,-5.971004e+05,0.000000e+00,0.000000e+00
413,2.022125e+04,-5.601067,5.040199,2.687832,4.299951e+05,-3.869371e+05,-2.063454e+05,1.067240e+00,2.158092e+04
414,2.030002e+04,-6.044218,-2.354009,-4.682528,4.649188e+05,1.810694e+05,3.601781e+05,7.940334e-01,1.611890e+04
415,2.033136e+04,7.486126,0.524995,2.771695,-5.762740e+05,-4.041355e+04,-2.133622e+05,1.157280e+00,2.352908e+04
416,2.039000e+04,-5.475368,-2.397646,5.317109,4.220954e+05,1.848342e+05,-4.098952e+05,1.277548e+00,2.604921e+04
417,2.040444e+04,2.389143,3.850793,-6.592677,-1.842439e+05,-2.969622e+05,5.084085e+05,2.147988e-01,4.382849e+03
418,2.057758e+04,2.561788,6.674228,-3.590532,-1.983942e+05,-5.168767e+05,2.780639e+05,6.822377e-01,1.403880e+04
419,2.062288e+04,6.663701,3.282952,2.969397,-5.166291e+05,-2.545235e+05,-2.302139e+05,1.144204e+00,2.359678e+04
420,2.064417e+04,-5.021819,0.212960,6.223823,3.895368e+05,-1.651907e+04,-4.827749e+05,1.290589e+00,2.664315e+04
421,2.070983e+04,-1.604886,2.120080,-7.545171,1.246870e+05,-1.647135e+05,5.862002e+05,1.078944e+00,2.234474e+04
422,2.072514e+04,-0.415586,0.167114,-7.987450,3.229970e+04,-1.298822e+04,6.207913e+05,1.035946e+00,2.147012e+04
423,2.076824e+04,-3.084133,-1.611634,7.203524,2.399505e+05,1.253877e+05,-5.604457e+05,1.654313e+00,3.435717e+04
424,2.079037e+04,-2.052684,0.002126,7.732172,1.597871e+05,-1.654884e+02,-6.018958e+05,9.407121e-01,1.955776e+04
425,2.084293e+04,3.439249,6.537975,3.070253,-2.680598e+05,-5.095787e+05,-2.392997e+05,1.112036e+00,2.317808e+04
426,2.087225e+04,2.847409,4.793011,5.737535,-2.220870e+05,-3.738365e+05,-4.475058e+05,1.267907e+00,2.646407e+04
427,2.090319e+04,1.449958,-5.481566,5.643585,-1.131750e+05,4.278580e+05,-4.405042e+05,1.708777e+00,3.571889e+04
428,2.094187e+04,-7.602561,-2.460387,-0.384143,5.939588e+05,1.922206e+05,3.001161e+04,1.062978e+00,2.226074e+04
429,2.097191e+04,-4.597382,6.173985,2.178528,3.594333e+05,-4.826955e+05,-1.703220e+05,1.061626e+00,2.226433e+04
430,2.098772e+04,6.743615,-3.948945,-1.711576,-5.274291e+05,3.088534e+05,1.338652e+05,1.068762e+00,2.243089e+04
431,2.100460e+04,-3.707747,2.675269,-6.564720,2.901055e+05,-2.093213e+05,5.136438e+05,1.409110e-01,2.959779e+03
432,2.104319e+04,3.061947,0.856444,7.341048,-2.397961e+05,-6.707231e+04,-5.749135e+05,2.061448e-02,4.337943e+02
433,2.107865e+04,4.757272,-0.931683,6.363987,-3.728791e+05,7.302610e+04,-4.988149e+05,1.157672e+00,2.440217e+04
434,2.109968e+04,3.185197,-5.735393,4.578187,-2.497830e+05,4.497693e+05,-3.590212e+05,1.642208e+00,3.465006e+04
435,2.111052e+04,6.891313,-0.654829,4.010112,-5.405554e+05,5.136490e+04,-3.145536e+05,1.346007e+00,2.841492e+04
436,2.114344e+04,5.850032,3.331672,-4.321700,-4.592348e+05,-2.615404e+05,3.392588e+05,6.364436e-01,1.345661e+04
437,2.114450e+04,1.119466,3.778066,6.962256,-8.788164e+04,-2.965903e+05,-5.465594e+05,0.000000e+00,0.000000e+00
438,2.114890e+04,1.016135,2.965754,-7.360148,-7.977813e+04,-2.328454e+05,5.778553e+05,1.083665e+00,2.291832e+04
439,2.121529e+04,4.717286,3.024770,5.709464,-3.709415e+05,-2.378513e+05,-4.489609e+05,1.940746e+00,4.117348e+04
440,2.127161e+04,-3.204926,-0.345061,-7.321843,2.523520e+05,2.716967e+04,5.765132e+05,2.638523e-01,5.612563e+03
441,2.131459e+04,-0.273761,-0.190360,-7.993048,2.157738e+04,1.500389e+04,6.299985e+05,1.046001e+00,2.229508e+04
442,2.137615e+04,2.944149,-5.981320,-4.422193,-2.323878e+05,4.721179e+05,3.490528e+05,9.640911e-01,2.060855e+04
443,2.140360e+04,-5.259375,-5.461369,2.551946,4.153997e+05,4.313538e+05,-2.015596e+05,1.107441e+00,2.370321e+04
444,2.144149e+04,-6.994585,3.842372,0.558530,5.529401e+05,-3.037495e+05,-4.415322e+04,1.054338e+00,2.260658e+04
445,2.146023e+04,2.488612,-5.890209,4.807520,-1.968172e+05,4.658398e+05,-3.802130e+05,1.680366e+00,3.606103e+04
446,2.148773e+04,-7.701798,1.253593,1.763748,6.095033e+05,-9.920658e+04,-1.395791e+05,1.066840e+00,2.292397e+04
447,2.156326e+04,-6.854911,1.576051,-3.811333,5.434351e+05,-1.249442e+05,3.021501e+05,8.626606e-01,1.860177e+04
448,2.156708e+04,-6.392909,-2.638911,-4.020804,5.068540e+05,2.092228e+05,3.187846e+05,9.413471e-01,2.030211e+04
449,2.160258e+04,-3.542657,-5.038346,5.105355,2.811063e+05,3.997878e+05,-4.051048e+05,1.487389e+00,3.213144e+04
450,2.163017e+04,1.478442,0.048150,7.862054,-1.173878e+05,-3.823124e+03,-6.242444e+05,0.000000e+00,0.000000e+00
451,2.171616e+04,1.260062,5.581070,5.591413,-1.002471e+05,-4.440150e+05,-4.448379e+05,1.793223e+00,3.894192e+04
452,2.174106e+04,-0.592366,-7.949602,0.673004,4.715404e+04,6.328115e+05,-5.357308e+04,1.091377e+00,2.372770e+04
453,2.177887e+04,5.018928,-2.634764,5.645208,-3.998686e+05,2.099172e+05,-4.497657e+05,1.818316e+00,3.960086e+04
454,2.187370e+04,-3.216586,-7.295545,0.654676,2.568296e+05,5.825156e+05,-5.227287e+04,1.084426e+00,2.372040e+04
455,2.190516e+04,-3.959029,-0.159040,-6.949877,3.163374e+05,1.270776e+04,5.553145e+05,1.311711e-01,2.873324e+03
456,2.196517e+04,3.551532,-0.606017,7.142784,-2.841657e+05,4.848874e+04,-5.715095e+05,9.626513e-01,2.114480e+04
457,2.209500e+04,-4.201162,3.196301,-6.011148,3.371360e+05,-2.564977e+05,4.823843e+05,1.058735e-01,2.339276e+03
458,2.210924e+04,-6.981847,2.053250,-3.322345,5.604617e+05,-1.648229e+05,2.666984e+05,9.330106e-01,2.062815e+04
459,2.214302e+04,-0.303207,-6.028625,5.250118,2.435827e+04,4.843122e+05,-4.217705e+05,1.696240e+00,3.755987e+04
460,2.214918e+04,2.095549,4.483075,-6.285755,-1.683702e+05,-3.601998e+05,5.050391e+05,1.473867e-01,3.264494e+03
461,2.218312e+04,3.387074,1.786693,-7.023920,-2.723483e+05,-1.436647e+05,5.647804e+05,2.962278e-01,6.571256e+03
462,2.219846e+04,1.271136,-0.459347,-7.884999,-1.022450e+05,3.694803e+04,6.342373e+05,1.089949e+00,2.419520e+04
463,2.233511e+04,-2.938783,2.859396,-6.869309,2.371102e+05,-2.307050e+05,5.542373e+05,3.106299e-01,6.937954e+03
464,2.253206e+04,0.452245,3.343246,-7.253839,-3.664904e+04,-2.709302e+05,5.878371e+05,1.089696e+00,2.455308e+04
465,2.253452e+04,3.070899,-0.899480,-7.332156,-2.488733e+05,7.289607e+04,5.942163e+05,2.369482e-01,5.339514e+03
466,2.257347e+04,0.005054,-7.732527,2.051343,-4.099352e+02,6.272046e+05,-1.663895e+05,1.116610e+00,2.520576e+04
467,2.268565e+04,-5.971658,4.129634,3.359379,4.855782e+05,-3.357962e+05,-2.731639e+05,1.068843e+00,2.424740e+04
468,2.269304e+04,1.201914,4.035192,-6.802399,-9.774811e+04,-3.281703e+05,5.532190e+05,5.526620e-01,1.254158e+04
469,2.278729e+04,7.551159,-1.646253,2.066362,-6.153875e+05,1.341626e+05,-1.683998e+05,1.121479e+00,2.555547e+04
470,2.282552e+04,-1.208981,-7.621836,2.108550,9.860944e+04,6.216682e+05,-1.719820e+05,1.112709e+00,2.539817e+04
471,2.295794e+04,-0.251538,-0.190993,-7.993763,2.057588e+04,1.562333e+04,6.538926e+05,1.044872e+00,2.398811e+04
472,2.295836e+04,3.180172,0.083985,7.340262,-2.601415e+05,-6.870077e+03,-6.004415e+05,7.796853e-01,1.790029e+04
473,2.298354e+04,-2.373461,-4.870555,5.885947,1.942582e+05,3.986352e+05,-4.817408e+05,1.678157e+00,3.856998e+04
474,2.299236e+04,-1.493080,-3.211825,7.173207,1.222260e+05,2.629253e+05,-5.872105e+05,1.871220e+00,4.302377e+04
475,2.299324e+04,-1.493646,-1.067797,7.786452,1.222746e+05,8.741327e+04,-6.374239e+05,1.622921e+00,3.731621e+04
476,2.303682e+04,1.735135,5.699218,-5.339309,-1.421782e+05,-4.669982e+05,4.375069e+05,1.482011e-01,3.414080e+03
477,2.309353e+04,5.623981,-1.511433,-5.485108,-4.614001e+05,1.240003e+05,4.500067e+05,5.353276e-01,1.236260e+04
478,2.309366e+04,0.834142,3.781614,-7.000258,-6.843449e+04,-3.102503e+05,5.743135e+05,1.084125e+00,2.503641e+04
479,2.314752e+04,1.177640,5.896073,5.277261,-9.672827e+04,-4.842881e+05,-4.334604e+05,1.556086e+00,3.601954e+04
480,2.316407e+04,3.806785,-6.359596,-3.010636,-3.127911e+05,5.225473e+05,2.473742e+05,1.049252e+00,2.430495e+04
481,2.320933e+04,-5.866284,1.595628,-5.200066,4.824842e+05,-1.312356e+05,4.276898e+05,4.526234e-01,1.050509e+04
482,2.337839e+04,-2.156579,1.315295,7.590729,1.780170e+05,-1.085723e+05,-6.265842e+05,3.615930e-01,8.453460e+03
483,2.340879e+04,-5.078069,2.168276,5.788938,4.194466e+05,-1.790988e+05,-4.781641e+05,1.140789e+00,2.670448e+04
484,2.344338e+04,-5.355402,-5.836880,-1.118258,4.426810e+05,4.824803e+05,9.243594e+04,1.062831e+00,2.491635e+04
485,2.347752e+04,1.062762,0.575084,7.908212,-8.791255e+04,-4.757140e+04,-6.541737e+05,0.000000e+00,0.000000e+00
486,2.348457e+04,-6.870494,1.295853,3.888070,5.684182e+05,-1.072101e+05,-3.216726e+05,1.081646e+00,2.540201e+04
487,2.349049e+04,3.727133,-4.880647,5.127160,-3.083966e+05,4.038426e+05,-4.242399e+05,1.705183e+00,4.005560e+04
488,2.349883e+04,-0.915827,-3.033262,-7.345787,7.579233e+04,2.510277e+05,6.079251e+05,1.276370e-01,2.999321e+03
489,2.360345e+04,3.300232,7.246107,-0.776149,-2.737291e+05,-6.010093e+05,6.437560e+04,1.036064e+00,2.445469e+04
490,2.367024e+04,-0.833462,-5.325349,5.911515,6.922701e+04,4.423215e+05,-4.910082e+05,1.679851e+00,3.976247e+04
491,2.367595e+04,0.325948,4.225136,-6.785424,-2.707638e+04,-3.509806e+05,5.636628e+05,7.914850e-01,1.873916e+04
492,2.372359e+04,0.654058,-0.715285,7.941069,-5.438704e+04,5.947824e+04,-6.603251e+05,3.214317e-01,7.625512e+03
493,2.381045e+04,-7.165601,0.554334,3.513812,5.969323e+05,-4.617894e+04,-2.927190e+05,1.079115e+00,2.569420e+04
494,2.391299e+04,3.368958,5.700118,4.489853,-2.812557e+05,-4.758712e+05,-3.748330e+05,1.214490e+00,2.904209e+04
495,2.406480e+04,1.354176,1.873034,-7.658848,-1.134110e+05,-1.568648e+05,6.414211e+05,1.050494e+00,2.527993e+04
496,2.435394e+04,-3.426804,-2.226855,-6.877364,2.887105e+05,1.876140e+05,5.794224e+05,1.111720e-01,2.707475e+03
497,2.435746e+04,1.860424,7.508202,-2.041011,-1.567533e+05,-6.326167e+05,1.719690e+05,9.783409e-01,2.382990e+04
498,2.445308e+04,3.697341,5.444776,4.547976,-3.121368e+05,-4.596587e+05,-3.839491e+05,1.237423e+00,3.025881e+04
499,2.450947e+04,-0.594838,0.644638,7.951768,5.027528e+04,-5.448431e+04,-6.720774e+05,0.000000e+00,0.000000e+00
500,2.479548e+04,4.842090,2.103575,-6.010752,-4.116308e+05,-1.788270e+05,5.109798e+05,1.352960e-01,3.354731e+03
501,2.488442e+04,-0.267932,0.776652,-7.957702,2.281798e+04,-6.614223e+04,6.777041e+05,1.014941e+00,2.525620e+04
502,2.488997e+04,-1.201254,-3.532104,7.076809,1.023142e+05,3.008391e+05,-6.027516e+05,1.434820e+00,3.571263e+04
503,2.504629e+04,-6.077909,-2.651056,-4.475591,5.192955e+05,2.265058e+05,3.823937e+05,9.101663e-01,2.279629e+04
504,2.509961e+04,-3.764076,0.995730,6.988580,3.219442e+05,-8.516554e+04,-5.977383e+05,1.540450e+00,3.866470e+04
505,2.516530e+04,4.575822,0.359012,-6.552325,-3.918852e+05,-3.074668e+04,5.611580e+05,1.094284e-01,2.753797e+03
506,2.522501e+04,-7.164634,-3.020008,-1.883499,6.143252e+05,2.589479e+05,1.614990e+05,1.049233e+00,2.646692e+04
507,2.524787e+04,-1.079136,-7.922214,-0.272022,9.257146e+04,6.795910e+05,2.333490e+04,1.070617e+00,2.703080e+04
508,2.530402e+04,-7.618552,1.217699,-2.115388,6.542683e+05,-1.045739e+05,1.816660e+05,1.028918e+00,2.603577e+04
509,2.533955e+04,-1.079060,-6.989541,3.739245,9.273284e+04,6.006711e+05,-3.213454e+05,1.221723e+00,3.095792e+04
510,2.537962e+04,5.402764,1.135048,-5.789802,-4.646728e+05,-9.762154e+04,4.979606e+05,2.593396e-01,6.581942e+03
511,2.539043e+04,-3.289734,2.112668,6.979562,2.829987e+05,-1.817418e+05,-6.004154e+05,1.561766e+00,3.965391e+04
512,2.544190e+04,4.012554,0.888171,6.863714,-3.455289e+05,-7.648216e+04,-5.910478e+05,9.194675e-01,2.339300e+04
513,2.554415e+04,4.049542,-1.399825,-6.755864,-3.494140e+05,1.207836e+05,5.829285e+05,1.135802e-01,2.901310e+03
514,2.559523e+04,-1.966457,3.440604,-6.949481,1.698449e+05,-2.971686e+05,6.002340e+05,1.236281e+00,3.164291e+04
515,2.560902e+04,-1.376563,0.531166,7.862756,1.189272e+05,-4.588976e+04,-6.792974e+05,6.561922e-03,1.680444e+02
516,2.563097e+04,-3.008924,-3.843364,6.338370,2.600653e+05,3.321870e+05,-5.478337e+05,1.657585e+00,4.248550e+04
517,2.565979e+04,-2.740740,-6.778882,3.245783,2.370189e+05,5.862371e+05,-2.806950e+05,1.137772e+00,2.919499e+04
518,2.573907e+04,3.156946,3.106695,-6.661992,-2.734338e+05,-2.690814e+05,5.770178e+05,2.381766e-01,6.130444e+03
519,2.577422e+04,-5.760443,-1.500480,-5.344704,4.992721e+05,1.300504e+05,4.632389e+05,6.385757e-01,1.645879e+04
520,2.583396e+04,-6.062070,-1.956317,-4.839848,5.260235e+05,1.697553e+05,4.199677e+05,8.238437e-01,2.128315e+04
521,2.586660e+04,-1.160492,-6.286763,-4.809353,1.007629e+05,5.458653e+05,4.175851e+05,9.567753e-01,2.474853e+04
522,2.587123e+04,-3.233032,2.953004,6.695317,2.807419e+05,-2.564255e+05,-5.813911e+05,1.506113e+00,3.896500e+04
523,2.603208e+04,-2.158276,6.097987,-4.707059,1.879966e+05,-5.311652e+05,4.100084e+05,4.089008e-01,1.064454e+04
524,2.606144e+04,-4.262434,0.261178,6.764868,3.714886e+05,-2.276277e+04,-5.895861e+05,1.459413e+00,3.803440e+04
525,2.608217e+04,0.799308,7.929568,-0.695027,-6.969068e+04,-6.913692e+05,6.059857e+04,1.034292e+00,2.697658e+04
526,2.611552e+04,-3.618977,5.787948,-4.171650,3.157358e+05,-5.049665e+05,3.639535e+05,6.427997e-01,1.678705e+04
527,2.625441e+04,-3.502600,-2.436664,-6.767161,3.063941e+05,2.131500e+05,5.919654e+05,1.313730e-01,3.449122e+03
528,2.631160e+04,3.198605,1.081088,7.252598,-2.801063e+05,-9.467243e+04,-6.351201e+05,2.489201e-01,6.549486e+03
529,2.635336e+04,0.345414,-0.439227,7.980462,-3.027243e+04,3.849424e+04,-6.994147e+05,3.957152e-02,1.042843e+03
530,2.641745e+04,-0.392521,2.420784,7.614836,3.444273e+04,-2.124174e+05,-6.681819e+05,0.000000e+00,0.000000e+00
531,2.651091e+04,0.954808,-4.658504,-6.433248,-8.392997e+04,4.094939e+05,5.654983e+05,4.112204e-01,1.090183e+04
532,2.653929e+04,7.330218,0.796575,-3.103767,-6.446889e+05,-7.005838e+04,2.729747e+05,1.006107e+00,2.670136e+04
533,2.655951e+04,-2.567944,6.256452,4.273461,2.259354e+05,-5.504614e+05,-3.759918e+05,1.078879e+00,2.865450e+04
534,2.660321e+04,2.311909,-5.408781,-5.422191,-2.035760e+05,4.762721e+05,4.774529e+05,8.325037e-01,2.214727e+04
535,2.678418e+04,4.595877,4.878900,4.367408,-4.060657e+05,-4.310720e+05,-3.858794e+05,1.192731e+00,3.194634e+04
536,2.682496e+04,2.266358,1.737477,-7.472937,-2.003950e+05,-1.536305e+05,6.607689e+05,1.105728e+00,2.966111e+04
537,2.684508e+04,-2.226363,-1.990990,-7.421541,1.969323e+05,1.761125e+05,6.564704e+05,2.364382e-01,6.347205e+03
538,2.696275e+04,-3.310268,3.229659,-6.527743,2.934499e+05,-2.863040e+05,5.786738e+05,1.990592e-01,5.367184e+03
539,2.699824e+04,-0.942540,-1.261488,7.843486,8.360958e+04,1.119024e+05,-6.957697e+05,1.590628e+00,4.294415e+04
540,2.715499e+04,-5.783371,-3.767518,4.044556,5.145108e+05,3.351728e+05,-3.598192e+05,1.117335e+00,3.034121e+04
541,2.722641e+04,-0.016779,3.828743,7.024275,1.494725e+03,-3.410673e+05,-6.257277e+05,0.000000e+00,0.000000e+00
542,2.731928e+04,-0.393880,-1.749928,7.796320,3.514691e+04,1.561506e+05,-6.956855e+05,1.382752e+00,3.777578e+04
543,2.737108e+04,2.131758,5.001672,5.868466,-1.904024e+05,-4.467349e+05,-5.241544e+05,1.151324e+00,3.151298e+04
544,2.749167e+04,2.485965,6.611065,3.756834,-2.225277e+05,-5.917804e+05,-3.362879e+05,1.101739e+00,3.028865e+04
545,2.751798e+04,-0.203865,0.455225,-7.984435,1.825739e+04,-4.076839e+04,7.150578e+05,1.015967e+00,2.795736e+04
546,2.756717e+04,-0.928955,-1.509050,-7.801270,8.326829e+04,1.352659e+05,6.992784e+05,1.036543e+00,2.857455e+04
547,2.763424e+04,1.605760,-6.930256,-3.659656,-1.441096e+05,6.219590e+05,3.284375e+05,1.038296e+00,2.869253e+04
548,2.769674e+04,2.424158,5.250514,5.527708,-2.178030e+05,-4.717423e+05,-4.966473e+05,1.767968e+00,4.896695e+04
549,2.796299e+04,7.896657,1.214743,0.408904,-7.128920e+05,-1.096642e+05,-3.691489e+04,1.073696e+00,3.002376e+04
550,2.801765e+04,2.758477,-0.568227,-7.487852,-2.492722e+05,5.134831e+04,6.766464e+05,1.280705e+00,3.588234e+04
551,2.802554e+04,3.089394,-3.319797,6.590493,-2.792152e+05,3.000386e+05,-5.956395e+05,1.151593e+00,3.227401e+04
552,2.803361e+04,0.656689,4.280023,-6.726824,-5.935919e+04,-3.868782e+05,6.080485e+05,9.045000e-01,2.535640e+04
553,2.803578e+04,-4.188196,-1.180155,6.713140,3.785925e+05,1.066803e+05,-6.068351e+05,1.607840e+00,4.507706e+04
554,2.804432e+04,4.831657,-3.814132,5.109549,-4.368247e+05,3.448315e+05,-4.619486e+05,1.710300e+00,4.796419e+04
555,2.811203e+04,-3.921013,5.272553,-4.563534,3.549221e+05,-4.772608e+05,4.130818e+05,5.593229e-01,1.572370e+04
556,2.813939e+04,5.346849,1.486528,5.762069,-4.842214e+05,-1.346230e+05,-5.218245e+05,1.901830e+00,5.351635e+04
557,2.814787e+04,-6.447920,-3.067776,3.607364,5.840246e+05,2.778658e+05,-3.267394e+05,1.089186e+00,3.065825e+04
558,2.826689e+04,-1.652611,6.559653,4.270811,1.500024e+05,-5.953996e+05,-3.876485e+05,1.080933e+00,3.055462e+04
559,2.842972e+04,-0.861881,-1.405467,-7.828271,7.845529e+04,1.279368e+05,7.125918e+05,1.086847e+00,3.089874e+04
560,2.845619e+04,1.836753,-6.319992,4.547971,-1.672737e+05,5.755640e+05,-4.141854e+05,1.511751e+00,4.301868e+04
561,2.848721e+04,-0.654012,1.326405,7.862119,5.959353e+04,-1.208620e+05,-7.163962e+05,0.000000e+00,0.000000e+00
562,2.856905e+04,2.706341,7.517755,-0.398834,-2.469558e+05,-6.860010e+05,3.639394e+04,1.045513e+00,2.986931e+04
563,2.861859e+04,-7.231554,-2.013785,-2.765737,6.604569e+05,1.839187e+05,2.525944e+05,1.033510e+00,2.957760e+04
564,2.863902e+04,7.154046,-0.844952,-3.479323,-6.536111e+05,7.719688e+04,3.178795e+05,1.008190e+00,2.887356e+04
565,2.896558e+04,1.481086,3.832403,6.864333,-1.360849e+05,-3.521283e+05,-6.307077e+05,0.000000e+00,0.000000e+00
566,2.898612e+04,6.840938,-3.282949,2.534525,-6.287810e+05,3.017504e+05,-2.329594e+05,1.108698e+00,3.213686e+04
567,2.900431e+04,1.558365,4.407940,-6.491653,-1.432812e+05,-4.052805e+05,5.968639e+05,2.736524e-01,7.937101e+03
568,2.900980e+04,3.509742,-6.968225,-1.767924,-3.227277e+05,6.407420e+05,1.625641e+05,1.060669e+00,3.076979e+04
569,2.906613e+04,2.321657,1.358084,7.534289,-2.136881e+05,-1.249997e+05,-6.934650e+05,0.000000e+00,0.000000e+00
570,2.911472e+04,-0.259345,-7.009340,-3.847323,2.389032e+04,6.456871e+05,3.544081e+05,1.034118e+00,3.010805e+04
571,2.915199e+04,-4.193004,-0.179432,6.810765,3.864988e+05,1.653952e+04,-6.277962e+05,1.526093e+00,4.448867e+04
572,2.920073e+04,-0.894086,7.868235,1.136433,8.248308e+04,-7.258768e+05,-1.048406e+05,1.051321e+00,3.069933e+04
573,2.945832e+04,4.024780,-1.062690,6.831679,-3.729365e+05,9.846893e+04,-6.330239e+05,1.019897e+00,3.004444e+04
574,2.953772e+04,-7.596722,-0.756234,-2.391219,7.048609e+05,7.016705e+04,2.218689e+05,1.036425e+00,3.061365e+04
575,2.962395e+04,-0.305027,-7.073996,3.723646,2.834316e+04,6.573172e+05,-3.460020e+05,1.188424e+00,3.520583e+04
576,2.963621e+04,2.394878,-0.568249,7.611941,-2.225787e+05,5.281271e+04,-7.074495e+05,9.365794e-01,2.775667e+04
577,2.981483e+04,3.818429,2.939194,-6.385980,-3.559504e+05,-2.739890e+05,5.952952e+05,1.441275e-01,4.297136e+03
578,2.991942e+04,-2.481810,2.327624,7.240358,2.317576e+05,-2.173593e+05,-6.761224e+05,1.066820e+00,3.191865e+04
579,2.994533e+04,2.435401,1.697172,7.428892,-2.275221e+05,-1.585547e+05,-6.940284e+05,0.000000e+00,0.000000e+00
580,3.000647e+04,-1.772570,-7.545912,-1.979192,1.657676e+05,7.056801e+05,1.850905e+05,1.055649e+00,3.167629e+04
581,3.004967e+04,-0.099931,-0.061365,-7.999140,9.352081e+03,5.742883e+03,7.486035e+05,1.020237e+00,3.065778e+04
582,3.008269e+04,6.797591,2.922946,3.041242,-6.365053e+05,-2.736955e+05,-2.847724e+05,1.103685e+00,3.320181e+04
583,3.025352e+04,0.031153,0.428920,-7.988433,-2.925301e+03,-4.027657e+04,7.501329e+05,1.009722e+00,3.054764e+04
584,3.026005e+04,4.805182,5.389589,-3.444206,-4.512668e+05,-5.061498e+05,3.234541e+05,9.092931e-01,2.751525e+04
585,3.038504e+04,-3.989373,-5.922190,3.607294,3.754251e+05,5.573152e+05,-3.394690e+05,1.114539e+00,3.386531e+04
586,3.055419e+04,2.981909,-2.823538,6.865556,-2.813963e+05,2.664513e+05,-6.478877e+05,1.067048e+00,3.260280e+04
587,3.064047e+04,-2.363639,0.247023,7.638861,2.233663e+05,-2.334392e+04,-7.218800e+05,1.551822e+00,4.754856e+04
588,3.064880e+04,2.115045,2.064355,7.434045,-1.999011e+05,-1.951101e+05,-7.026201e+05,0.000000e+00,0.000000e+00
589,3.067796e+04,5.163964,5.790334,1.950774,-4.882982e+05,-5.475270e+05,-1.844628e+05,1.071800e+00,3.288065e+04
590,3.072131e+04,-0.384328,7.798264,-1.743381,3.636724e+04,-7.379152e+05,1.649684e+05,1.012200e+00,3.109610e+04
591,3.089146e+04,1.436378,3.441929,7.077425,-1.362940e+05,-3.265953e+05,-6.715575e+05,0.000000e+00,0.000000e+00
592,3.099894e+04,-1.939626,-1.420648,7.630177,1.843657e+05,1.350357e+05,-7.252650e+05,1.929660e+00,5.981741e+04
593,3.100870e+04,-1.140635,1.717655,-7.729723,1.084369e+05,-1.632926e+05,7.348427e+05,1.014153e+00,3.144758e+04
594,3.101182e+04,5.064056,-2.332847,5.737000,-4.814496e+05,2.217882e+05,-5.454276e+05,1.784443e+00,5.533883e+04
595,3.101990e+04,2.382369,-7.327125,-2.153499,-2.265259e+05,6.966946e+05,2.047640e+05,1.056485e+00,3.277207e+04
596,3.110860e+04,3.026986,-7.393698,-0.413023,-2.882301e+05,7.040291e+05,3.932809e+04,1.061795e+00,3.303094e+04
597,3.116606e+04,-4.047352,-6.278228,2.864052,3.857452e+05,5.983658e+05,-2.729672e+05,1.085985e+00,3.384586e+04
598,3.117276e+04,2.688027,7.386151,-1.489725,-2.562181e+05,-7.040354e+05,1.419981e+05,1.026773e+00,3.200734e+04
599,3.121807e+04,-1.760718,-5.630968,5.402969,1.679506e+05,5.371243e+05,-5.153760e+05,1.642530e+00,5.127664e+04
600,3.125456e+04,0.947366,0.861752,7.896827,-9.041971e+04,-8.224847e+04,-7.536991e+05,0.000000e+00,0.000000e+00
601,3.127028e+04,4.612881,1.411244,-6.381984,-4.403793e+05,-1.347276e+05,6.092707e+05,1.198867e-01,3.748891e+03
602,3.128952e+04,-0.970619,5.068787,6.112716,9.269086e+04,-4.840521e+05,-5.837439e+05,1.780483e+00,5.571047e+04
603,3.129054e+04,-6.452410,-0.330185,4.717772,6.161936e+05,3.153208e+04,-4.505388e+05,1.087520e+00,3.402908e+04
604,3.133159e+04,2.736708,2.272183,7.165725,-2.615221e+05,-2.171317e+05,-6.847626e+05,0.000000e+00,0.000000e+00
605,3.136848e+04,2.921688,-5.974368,-4.446422,-2.793632e+05,5.712516e+05,4.251538e+05,1.008770e+00,3.164357e+04
606,3.139081e+04,0.585695,3.876794,6.973337,-5.602236e+04,-3.708195e+05,-6.670073e+05,0.000000e+00,0.000000e+00
607,3.140785e+04,-0.644652,-1.942466,7.733773,6.167842e+04,1.858494e+05,-7.399446e+05,1.144285e+00,3.593952e+04
608,3.159915e+04,3.743675,3.846718,5.931919,-3.592730e+05,-3.691617e+05,-5.692743e+05,1.119718e+00,3.538215e+04
609,3.161481e+04,4.588957,-5.713547,3.208871,-4.405021e+05,5.484534e+05,-3.080252e+05,1.137520e+00,3.596246e+04
610,3.162395e+04,2.003109,6.311250,-4.489508,-1.923098e+05,-6.059155e+05,4.310180e+05,5.757774e-01,1.820835e+04
611,3.163055e+04,0.028232,-0.328999,7.993182,-2.710707e+03,3.158909e+04,-7.674706e+05,1.118514e-01,3.537920e+03
612,3.186503e+04,0.395382,4.357731,6.697302,-3.810328e+04,-4.199584e+05,-6.454249e+05,0.000000e+00,0.000000e+00
613,3.186682e+04,0.970451,-0.949978,7.883893,-9.352580e+04,9.155275e+04,-7.597990e+05,8.112564e-01,2.585216e+04
614,3.187070e+04,2.598094,-1.087139,-7.487859,-2.504029e+05,1.047779e+05,7.216758e+05,5.997089e-01,1.911314e+04
615,3.189636e+04,-1.830712,3.771567,6.813500,1.765141e+05,-3.636479e+05,-6.569458e+05,1.358022e+00,4.331596e+04
616,3.194254e+04,0.186142,0.304672,-7.992029,-1.796051e+04,-2.939719e+04,7.711351e+05,1.013191e+00,3.236391e+04
617,3.196637e+04,-0.951177,-1.210424,-7.850486,9.181137e+04,1.168349e+05,7.577604e+05,1.111832e+00,3.554122e+04
618,3.199028e+04,1.364167,-7.752163,1.429343,-1.317241e+05,7.485496e+05,-1.380175e+05,1.072637e+00,3.431396e+04
619,3.204660e+04,4.756700,5.163474,3.835668,-4.597116e+05,-4.990242e+05,-3.706983e+05,1.107534e+00,3.549270e+04
620,3.219275e+04,-4.056640,4.525518,-5.202245,3.929472e+05,-4.383652e+05,5.039165e+05,3.957279e-01,1.273957e+04
621,3.245235e+04,0.474530,-3.233682,-7.301926,-4.615036e+04,3.144916e+05,7.101485e+05,1.454146e-01,4.719047e+03
622,3.256740e+04,-6.202635,3.387456,-3.748662,6.043053e+05,-3.300304e+05,3.652216e+05,9.264026e-01,3.017052e+04
623,3.257944e+04,-5.674596,-5.598757,0.672961,5.529622e+05,5.455721e+05,-6.557679e+04,1.054715e+00,3.436201e+04
624,3.262750e+04,0.731013,-5.850296,5.407370,-7.128625e+04,5.705037e+05,-5.273108e+05,1.675629e+00,5.467158e+04
625,3.275007e+04,6.663652,4.107688,-1.650042,-6.510392e+05,-4.013213e+05,1.612092e+05,1.044003e+00,3.419118e+04
626,3.277717e+04,-1.120174,3.256093,7.221016,1.094863e+05,-3.182521e+05,-7.057854e+05,0.000000e+00,0.000000e+00
627,3.280416e+04,-1.064995,-5.515316,-5.696234,1.041359e+05,5.392914e+05,5.569818e+05,8.345431e-01,2.737649e+04
628,3.282143e+04,6.065683,2.603765,-4.519723,-5.932629e+05,-2.546650e+05,4.420579e+05,8.015565e-01,2.630823e+04
629,3.282475e+04,7.734745,-0.191555,-2.033970,-7.565461e+05,1.873629e+04,1.989454e+05,1.051313e+00,3.450909e+04
630,3.286495e+04,7.859190,1.233126,0.844117,-7.691888e+05,-1.206876e+05,-8.261475e+04,1.067252e+00,3.507520e+04
631,3.288962e+04,-4.261986,2.550193,6.271522,4.172824e+05,-2.496842e+05,-6.140321e+05,1.155583e+00,3.800669e+04
632,3.289627e+04,2.242275,-3.785829,6.681295,-2.195589e+05,3.707004e+05,-6.542182e+05,1.134750e+00,3.732903e+04
633,3.294464e+04,3.272809,-7.253305,0.823579,-3.207021e+05,7.107502e+05,-8.070234e+04,1.065745e+00,3.511058e+04
634,3.302458e+04,-5.383742,4.206219,4.162096,5.281916e+05,-4.126665e+05,-4.083376e+05,1.056728e+00,3.489798e+04
635,3.322442e+04,6.772974,-4.248940,-0.270783,-6.664949e+05,4.181172e+05,2.664646e+04,1.061285e+00,3.526057e+04
636,3.328637e+04,0.845185,1.174526,-7.868046,-8.324797e+04,-1.156870e+05,7.749770e+05,1.015730e+00,3.380996e+04
637,3.333861e+04,-7.994671,-0.159624,0.244452,7.880667e+05,1.573477e+04,-2.409661e+04,1.047748e+00,3.493047e+04
638,3.335672e+04,-0.383825,2.354537,-7.636022,3.784546e+04,-2.321592e+05,7.529177e+05,1.012864e+00,3.378581e+04
639,3.338784e+04,2.312733,0.706501,-7.625754,-2.281436e+05,-6.969404e+04,7.522560e+05,1.083842e+00,3.618716e+04
640,3.344624e+04,-6.403498,-1.431840,4.576576,6.322366e+05,1.413698e+05,-4.518591e+05,1.087519e+00,3.637342e+04
641,3.354045e+04,-0.662563,0.737221,-7.938357,6.550889e+04,-7.289051e+04,7.848809e+05,1.011832e+00,3.393729e+04
642,3.359961e+04,-4.159243,-6.509867,-2.079023,4.115950e+05,6.442106e+05,2.057383e+05,1.050351e+00,3.529138e+04
643,3.370269e+04,-7.319225,-0.782806,3.133076,7.254142e+05,7.758457e+04,-3.105216e+05,1.057866e+00,3.565294e+04
644,3.384692e+04,-1.079294,-0.266235,7.922389,1.071984e+05,2.644314e+04,-7.868725e+05,7.347449e-01,2.486885e+04
645,3.389570e+04,6.255028,4.570530,-1.996217,-6.217134e+05,-4.542841e+05,1.984124e+05,1.035342e+00,3.509363e+04
646,3.390120e+04,-2.747277,-3.394205,-6.703122,2.730855e+05,3.373916e+05,6.663054e+05,2.752520e-01,9.331374e+03
647,3.391679e+04,-2.677951,-3.008121,6.912292,2.662556e+05,2.990828e+05,-6.872553e+05,1.934684e+00,6.561825e+04
648,3.393018e+04,-0.266607,-6.880449,-4.072879,2.651262e+04,6.842244e+05,4.050263e+05,1.032408e+00,3.502979e+04
649,3.394260e+04,-0.110140,-1.704059,-7.815629,1.095487e+04,1.694907e+05,7.773653e+05,1.108969e+00,3.764130e+04
650,3.398807e+04,6.739360,2.724299,3.340543,-6.707653e+05,-2.711482e+05,-3.324826e+05,1.098922e+00,3.735023e+04
651,3.400954e+04,2.656773,5.280354,5.390679,-2.645108e+05,-5.257171e+05,-5.367011e+05,1.625114e+00,5.526937e+04
652,3.401560e+04,-7.346177,-3.130486,0.483471,7.314575e+05,3.117019e+05,-4.813910e+04,1.049531e+00,3.570044e+04
653,3.441958e+04,-1.381566,-4.204998,-6.664028,1.383767e+05,4.211699e+05,6.674646e+05,3.822724e-01,1.315766e+04
654,3.451773e+04,1.759486,0.022496,7.804082,-1.764801e+05,-2.256388e+03,-7.827654e+05,3.361458e-04,1.160299e+01
655,3.469307e+04,0.690860,0.000027,-7.970114,-6.947050e+04,-2.734939e+00,8.014466e+05,1.011937e+00,3.510720e+04
656,3.476866e+04,-5.500195,-3.797598,4.396147,5.536824e+05,3.822889e+05,-4.425424e+05,1.105848e+00,3.844887e+04
657,3.499557e+04,1.734223,-4.950261,6.040479,-1.751459e+05,4.999463e+05,-6.100516e+05,1.957364e+00,6.849908e+04
658,3.505005e+04,-0.497503,4.723185,6.437703,5.028390e+04,-4.773840e+05,-6.506747e+05,1.645805e+00,5.768556e+04
659,3.541503e+04,-4.691389,-6.111407,-2.154432,4.766328e+05,6.209029e+05,2.188847e+05,1.048465e+00,3.713143e+04
660,3.560326e+04,-4.489911,2.142222,6.265109,4.573738e+05,-2.182218e+05,-6.382079e+05,1.140242e+00,4.059633e+04
661,3.566444e+04,6.864859,-2.066049,3.550374,-6.999033e+05,2.106430e+05,-3.619767e+05,1.123248e+00,4.006002e+04
662,3.569063e+04,3.415096,3.803569,6.153859,-3.483122e+05,-3.879333e+05,-6.276439e+05,9.471472e-01,3.380428e+04
663,3.606447e+04,4.386539,5.091894,-4.339457,-4.497286e+05,-5.220448e+05,4.449015e+05,7.675209e-01,2.768023e+04
664,3.606714e+04,-1.100243,-5.718235,5.485550,1.128062e+05,5.862820e+05,-5.624251e+05,1.663660e+00,6.000346e+04
665,3.615187e+04,4.633193,-0.082880,6.521246,-4.755920e+05,8.507556e+03,-6.693984e+05,1.074555e+00,3.884718e+04
666,3.634481e+04,0.850916,1.271160,7.852394,-8.757834e+04,-1.308308e+05,-8.081873e+05,0.000000e+00,0.000000e+00
667,3.639390e+04,-5.238543,-4.865222,3.589886,5.395274e+05,5.010784e+05,-3.697291e+05,1.079952e+00,3.930365e+04
668,3.658075e+04,-2.240516,2.756290,7.168190,2.313466e+05,-2.846033e+05,-7.401582e+05,1.030565e+00,3.769886e+04
669,3.660964e+04,-3.309338,-0.436856,-7.270312,3.418437e+05,4.512576e+04,7.509992e+05,3.987812e-01,1.459924e+04
670,3.668516e+04,3.260886,-0.978751,-7.239383,-3.371860e+05,1.012060e+05,7.485753e+05,2.811449e-01,1.031384e+04
671,3.670849e+04,1.039278,-0.684958,-7.902578,-1.074988e+05,7.084939e+04,8.174114e+05,1.028688e+00,3.776160e+04
672,3.670886e+04,5.969078,-4.232593,3.233460,-6.174210e+05,4.378049e+05,-3.344580e+05,1.106324e+00,4.061190e+04
673,3.681283e+04,6.815838,0.719712,4.126302,-7.060046e+05,-7.454994e+04,-4.274146e+05,1.148786e+00,4.229008e+04
674,3.688341e+04,-1.511248,-0.868564,-7.807799,1.566896e+05,9.005463e+04,8.095298e+05,1.072667e+00,3.956363e+04
675,3.691483e+04,1.442726,-1.491005,-7.726283,-1.496487e+05,1.546565e+05,8.014191e+05,1.099569e+00,4.059040e+04
676,3.707336e+04,2.027320,-2.629507,7.278438,-2.107376e+05,2.733342e+05,-7.565852e+05,1.018857e+00,3.777245e+04
677,3.710560e+04,4.555788,5.786545,-3.124210,-4.737748e+05,-6.017662e+05,3.248992e+05,9.784717e-01,3.630678e+04
678,3.711644e+04,5.027443,-5.591125,-2.732057,-5.229004e+05,5.815286e+05,2.841592e+05,1.050072e+00,3.897493e+04
679,3.715762e+04,-7.201576,-1.274268,3.242460,7.494457e+05,1.326091e+05,-3.374327e+05,1.054694e+00,3.918992e+04
680,3.719072e+04,-6.100921,-1.980071,4.781013,6.351867e+05,2.061516e+05,-4.977668e+05,1.090200e+00,4.054532e+04
681,3.736316e+04,-3.920103,-2.078241,6.656854,4.090797e+05,2.168734e+05,-6.946716e+05,1.637666e+00,6.118837e+04
682,3.737264e+04,1.056035,-7.836551,-1.213776,-1.102158e+05,8.178818e+05,1.266788e+05,1.050691e+00,3.926710e+04
683,3.738909e+04,5.339463,0.877034,-5.892448,-5.573894e+05,-9.155407e+04,6.151158e+05,4.095097e-01,1.531119e+04
684,3.740567e+04,-4.991844,0.471046,-6.233747,5.212168e+05,-4.918363e+04,6.508885e+05,2.348213e-01,8.783648e+03
685,3.744288e+04,3.390981,0.630005,-7.218334,-3.542409e+05,-6.581382e+04,7.540675e+05,1.200778e+00,4.496057e+04
686,3.745947e+04,-0.860416,-6.863247,4.019393,8.990382e+04,7.171321e+05,-4.199813e+05,1.158933e+00,4.341300e+04
687,3.749431e+04,0.285619,4.445762,-6.644819,-2.985782e+04,-4.647481e+05,6.946316e+05,1.182746e+00,4.434625e+04
688,3.753289e+04,3.687052,2.738668,6.550217,-3.856328e+05,-2.864402e+05,-6.850944e+05,8.711164e-01,3.269552e+04
689,3.759836e+04,0.535957,4.754994,6.411145,-5.610515e+04,-4.977636e+05,-6.711333e+05,1.422116e+00,5.346922e+04
690,3.772861e+04,0.432826,0.190778,-7.986004,-4.538764e+04,-2.000561e+04,8.374398e+05,1.005976e+00,3.795408e+04
691,3.780109e+04,-7.179501,-1.249320,3.300601,7.535899e+05,1.311338e+05,-3.464446e+05,1.054202e+00,3.984999e+04
692,3.788962e+04,-1.317924,7.797776,1.207377,1.384967e+05,-8.194446e+05,-1.268796e+05,1.044962e+00,3.959323e+04
693,3.835776e+04,-1.674095,0.039830,-7.822776,1.770090e+05,-4.211389e+03,8.271346e+05,1.012706e+00,3.884515e+04
694,3.845903e+04,-5.661295,2.007347,5.283966,5.993818e+05,-2.125251e+05,-5.594327e+05,1.068822e+00,4.110584e+04
695,3.846120e+04,1.913112,2.641281,-7.305042,-2.025539e+05,-2.796499e+05,7.734332e+05,1.056353e+00,4.062861e+04
696,3.847450e+04,1.864608,-0.786058,-7.739855,-1.974525e+05,8.323951e+04,8.196114e+05,1.095039e+00,4.213108e+04
697,3.850140e+04,4.020695,0.898948,6.857543,-4.259201e+05,-9.522735e+04,-7.264329e+05,9.510347e-01,3.661617e+04
698,3.850283e+04,-1.703532,7.739407,-1.095247,1.804618e+05,-8.198656e+05,1.160238e+05,1.034399e+00,3.982727e+04
699,3.859503e+04,0.794329,0.009842,7.960461,-8.424711e+04,-1.043801e+03,-8.442918e+05,0.000000e+00,0.000000e+00
700,3.872711e+04,-2.745236,-2.414588,7.115718,2.916594e+05,2.565307e+05,-7.559881e+05,1.899913e+00,7.357812e+04
701,3.890151e+04,-5.725301,-4.780819,2.892180,6.096354e+05,5.090661e+05,-3.079620e+05,1.059394e+00,4.121204e+04
702,3.890218e+04,-5.740653,1.750744,-5.289593,6.112755e+05,-1.864225e+05,5.632457e+05,6.497426e-01,2.527640e+04
703,3.901415e+04,1.657741,2.062713,7.549643,-1.767732e+05,-2.199574e+05,-8.050561e+05,0.000000e+00,0.000000e+00
704,3.903496e+04,3.158893,-0.634706,7.322469,-3.369383e+05,6.769987e+04,-7.810396e+05,9.708224e-01,3.789601e+04
705,3.908659e+04,1.835496,1.906931,-7.549475,-1.959097e+05,-2.035342e+05,8.057852e+05,1.014421e+00,3.965027e+04
706,3.949221e+04,-0.761893,-0.605930,7.940552,8.174067e+04,6.500796e+04,-8.519128e+05,9.355877e-01,3.694843e+04
707,3.949556e+04,0.431160,3.989886,6.920615,-4.625957e+04,-4.280784e+05,-7.425189e+05,0.000000e+00,0.000000e+00
708,3.958300e+04,7.265978,3.325579,0.382202,-7.804357e+05,-3.571991e+05,-4.105218e+04,1.054506e+00,4.174052e+04
709,3.961347e+04,-1.399352,-3.138920,7.224195,1.503617e+05,3.372798e+05,-7.762464e+05,1.157920e+00,4.586924e+04
710,3.984755e+04,4.428048,-2.913231,5.992118,-4.772016e+05,3.139528e+05,-6.457581e+05,1.992513e+00,7.939677e+04
711,3.988281e+04,0.039789,5.082799,6.177667,-4.289871e+03,-5.480049e+05,-6.660488e+05,2.036379e+00,8.121653e+04
712,3.995520e+04,-2.982972,-4.270218,6.071829,3.219027e+05,4.608137e+05,-6.552317e+05,1.635434e+00,6.534408e+04
713,4.012205e+04,0.166838,0.107879,7.997533,-1.804160e+04,-1.166585e+04,-8.648409e+05,0.000000e+00,0.000000e+00
714,4.026733e+04,4.263602,-5.037010,-4.522192,-4.618934e+05,5.456799e+05,4.899075e+05,1.016105e+00,4.091584e+04
715,4.054133e+04,-0.063599,1.320113,-7.890073,6.913321e+03,-1.434989e+05,8.576670e+05,1.013474e+00,4.108760e+04
716,4.067184e+04,-0.914785,4.593568,6.485546,9.959894e+04,-5.001332e+05,-7.061258e+05,1.817444e+00,7.391877e+04
717,4.070367e+04,6.137648,-4.349591,-2.722192,-6.685093e+05,4.737551e+05,2.964997e+05,1.048018e+00,4.265817e+04
718,4.088733e+04,0.231546,-0.435176,7.984799,-2.527675e+04,4.750592e+04,-8.716598e+05,4.561234e-01,1.864967e+04
719,4.097660e+04,5.569693,-4.588700,-3.452876,-6.086784e+05,5.014716e+05,3.773441e+05,1.042307e+00,4.271021e+04
720,4.107932e+04,1.552840,-1.741329,7.652219,-1.699132e+05,1.905378e+05,-8.373127e+05,1.002715e+00,4.119085e+04
721,4.125525e+04,5.139795,-6.112573,-0.467927,-5.636040e+05,6.702740e+05,5.131047e+04,1.049510e+00,4.329781e+04
722,4.134071e+04,-0.137403,0.012348,7.998810,1.508255e+04,-1.355442e+03,-8.780172e+05,4.378665e-04,1.810171e+01
723,4.144818e+04,3.957008,6.822503,-1.339977,-4.349189e+05,-7.498686e+05,1.472783e+05,1.039318e+00,4.307783e+04
724,4.151542e+04,6.535811,-1.015940,-4.500116,-7.189403e+05,1.117536e+05,4.950136e+05,9.750647e-01,4.048022e+04
725,4.162146e+04,-2.230312,-5.591532,5.268821,2.456479e+05,6.158546e+05,-5.803110e+05,1.476323e+00,6.144673e+04
726,4.167064e+04,-4.721447,2.561142,5.928616,5.203300e+05,-2.822522e+05,-6.533668e+05,1.083196e+00,4.513748e+04
727,4.170996e+04,-2.224594,1.195773,7.590870,2.452784e+05,-1.318431e+05,-8.369512e+05,9.856249e-01,4.111038e+04
728,4.193539e+04,-7.201486,3.347190,0.966915,7.961614e+05,-3.700491e+05,-1.068975e+05,1.040252e+00,4.362339e+04
729,4.202964e+04,-3.710417,-4.080643,-5.794925,4.106665e+05,4.516428e+05,6.413784e+05,8.267667e-01,3.474871e+04
730,4.218039e+04,-6.920095,3.658420,-1.651741,7.672838e+05,-4.056369e+05,1.831411e+05,1.036564e+00,4.372266e+04
731,4.218433e+04,-6.918725,3.107006,-2.545144,7.671677e+05,-3.445136e+05,2.822127e+05,1.027430e+00,4.334145e+04
732,4.254861e+04,-5.252211,0.826541,5.977550,5.848892e+05,-9.204408e+04,-6.656633e+05,1.104534e+00,4.699640e+04
733,4.263289e+04,-0.529672,-0.049435,-7.982293,5.904293e+04,5.510524e+03,8.897925e+05,1.002474e+00,4.273836e+04
734,4.270385e+04,-6.147856,3.106934,-4.068270,6.858765e+05,-3.466205e+05,4.538706e+05,9.421605e-01,4.023388e+04
735,4.276174e+04,1.653601,4.776806,-6.200623,-1.846065e+05,-5.332783e+05,6.922320e+05,2.461238e-01,1.052468e+04
736,4.276385e+04,1.201343,3.319967,7.178760,-1.341201e+05,-3.706473e+05,-8.014502e+05,0.000000e+00,0.000000e+00
737,4.285126e+04,-0.956789,-7.936749,0.304253,1.069268e+05,8.869786e+05,-3.400205e+04,1.045754e+00,4.481189e+04
738,4.294123e+04,0.065402,-0.702847,7.968797,-7.316747e+03,7.862972e+04,-8.914946e+05,8.038289e-01,3.451740e+04
739,4.303200e+04,-1.493109,-2.253832,7.529334,1.672153e+05,2.524096e+05,-8.432202e+05,1.122317e+00,4.829556e+04
740,4.307404e+04,1.389254,-7.753087,1.399861,-1.556604e+05,8.687027e+05,-1.568489e+05,1.051760e+00,4.530353e+04
741,4.378153e+04,4.336162,6.306996,-2.327982,-4.898236e+05,-7.124538e+05,2.629746e+05,1.025275e+00,4.488810e+04
742,4.378497e+04,3.861822,-6.535182,-2.525417,-4.362580e+05,7.382592e+05,2.852886e+05,1.046793e+00,4.583378e+04
743,4.380831e+04,2.491180,7.596111,0.305162,-2.814958e+05,-8.583378e+05,-3.448235e+04,1.044414e+00,4.575403e+04
744,4.395417e+04,-2.363917,-7.302727,2.254347,2.675598e+05,8.265588e+05,-2.551581e+05,1.053893e+00,4.632301e+04
745,4.398676e+04,3.388241,-2.442524,6.823042,-3.836401e+05,2.765594e+05,-7.725520e+05,1.057267e+00,4.650577e+04
746,4.413744e+04,6.981265,-3.618699,-1.472057,-7.918199e+05,4.104353e+05,1.669617e+05,1.048137e+00,4.626210e+04
747,4.419315e+04,-7.928659,0.684793,-0.816965,8.998412e+05,-7.771865e+04,9.271918e+04,1.040304e+00,4.597429e+04
748,4.423978e+04,-3.176131,-2.114947,7.031301,3.606563e+05,2.401567e+05,-7.984190e+05,1.776065e+00,7.857274e+04
749,4.459147e+04,-1.504437,-7.511631,2.304792,1.715096e+05,8.563451e+05,-2.627522e+05,1.055011e+00,4.704451e+04
750,4.477882e+04,1.462759,0.101365,7.864481,-1.671082e+05,-1.158013e+04,-8.984524e+05,0.000000e+00,0.000000e+00
751,4.487815e+04,5.434237,-0.786798,5.818076,-6.215052e+05,8.998490e+04,-6.654043e+05,1.664732e+00,7.471011e+04
752,4.492135e+04,-2.755521,3.263472,-6.764382,3.152962e+05,-3.734177e+05,7.740040e+05,9.632433e-01,4.327019e+04
753,4.493563e+04,-2.737909,6.370412,3.990201,3.133309e+05,-7.290404e+05,-4.566452e+05,1.045125e+00,4.696336e+04
754,4.503555e+04,-4.473751,-5.816829,3.185915,5.125523e+05,6.664272e+05,-3.650065e+05,1.058722e+00,4.768012e+04
755,4.519857e+04,0.666813,0.957767,7.914420,-7.653413e+04,-1.099287e+05,-9.083854e+05,0.000000e+00,0.000000e+00
756,4.535040e+04,-6.091620,-4.902684,-1.689929,7.003450e+05,5.636547e+05,1.942888e+05,1.041949e+00,4.725281e+04
757,4.536117e+04,-6.331829,3.651686,-3.251635,7.280480e+05,-4.198790e+05,3.738803e+05,1.007387e+00,4.569626e+04
758,4.574335e+04,-1.848536,-5.264899,5.732691,2.134424e+05,6.079148e+05,-6.619287e+05,1.628332e+00,7.448536e+04
759,4.576333e+04,3.511891,-6.256419,-3.538905,-4.055912e+05,7.225590e+05,4.087111e+05,1.042981e+00,4.773028e+04
760,4.580801e+04,-0.891912,-6.890250,3.965974,1.030580e+05,7.961490e+05,-4.582571e+05,1.111036e+00,5.089436e+04
761,4.583193e+04,7.484298,-1.669388,-2.280006,-8.650153e+05,1.929435e+05,2.635171e+05,1.046381e+00,4.795767e+04
762,4.591282e+04,7.774422,1.321852,-1.345761,-8.993397e+05,-1.529110e+05,1.556767e+05,1.047367e+00,4.808758e+04
763,4.604547e+04,-1.999181,7.745923,0.062891,2.315977e+05,-8.973364e+05,-7.285741e+03,1.039183e+00,4.784969e+04
764,4.606034e+04,-0.059389,0.174565,7.997875,6.881076e+03,-2.022594e+04,-9.266738e+05,0.000000e+00,0.000000e+00
765,4.610145e+04,0.162501,-7.798094,1.778572,-1.883659e+04,9.039293e+05,-2.061662e+05,1.049786e+00,4.839667e+04
766,4.614341e+04,7.907071,0.280548,1.183012,-9.169785e+05,-3.253503e+04,-1.371932e+05,1.050279e+00,4.846345e+04
767,4.640714e+04,-6.352496,2.555699,-4.136931,7.387976e+05,-2.972287e+05,4.811266e+05,9.596300e-01,4.453368e+04
768,4.644872e+04,-7.258818,-2.459342,2.293729,8.445814e+05,2.861505e+05,-2.668811e+05,1.041114e+00,4.835843e+04
769,4.682466e+04,-6.394640,0.174462,4.803971,7.470370e+05,-2.038110e+04,-5.612113e+05,1.055450e+00,4.942107e+04
770,4.690286e+04,4.538842,-5.245081,3.985981,-5.306808e+05,6.132542e+05,-4.660404e+05,1.127637e+00,5.288942e+04
771,4.693612e+04,1.811049,-2.020589,7.525777,-2.118227e+05,2.363308e+05,-8.802248e+05,9.988851e-01,4.688379e+04
772,4.714829e+04,3.155093,0.288102,-7.345909,-3.698569e+05,-3.377285e+04,8.611270e+05,1.107757e+00,5.222884e+04
773,4.715403e+04,1.866130,1.241011,-7.679678,-2.187711e+05,-1.454869e+05,9.003079e+05,9.952006e-01,4.692772e+04
774,4.720429e+04,0.179804,-3.641841,-7.120721,-2.109008e+04,4.271696e+05,8.352247e+05,1.713831e-01,8.090015e+03
775,4.746369e+04,7.084903,-0.202240,3.709885,-8.333037e+05,2.378688e+04,-4.363449e+05,1.081188e+00,5.131716e+04
776,4.773568e+04,0.937998,7.848100,-1.235912,-1.106400e+05,-9.257097e+05,1.457800e+05,1.036012e+00,4.945472e+04
777,4.774295e+04,3.959127,2.489606,6.490545,-4.670278e+05,-2.936797e+05,-7.656398e+05,9.578733e-01,4.573170e+04
778,4.780774e+04,7.232046,-3.417607,0.132186,-8.536876e+05,4.034224e+05,-1.560351e+04,1.045631e+00,4.998924e+04
779,4.783633e+04,-3.615526,4.223515,-5.752382,4.269127e+05,-4.987026e+05,6.792276e+05,2.651310e-01,1.268289e+04
780,4.788952e+04,-3.327010,-7.134884,1.422827,3.930637e+05,8.429384e+05,-1.680974e+05,1.042695e+00,4.993418e+04
781,4.804673e+04,-5.813878,-2.002822,-5.117375,6.879969e+05,2.370080e+05,6.055749e+05,9.340743e-01,4.487921e+04
782,4.821024e+04,-1.559809,-4.758945,-6.238545,1.848969e+05,5.641168e+05,7.395058e+05,7.759982e-01,3.741106e+04
783,4.839214e+04,3.090406,-3.804326,-6.322697,-3.670215e+05,4.518078e+05,7.508937e+05,7.021653e-01,3.397928e+04
784,4.870846e+04,-7.765726,1.918165,-0.118889,9.252796e+05,-2.285477e+05,1.416551e+04,1.037656e+00,5.054264e+04
785,4.871515e+04,-0.425242,-0.031392,7.988628,5.067065e+04,3.740573e+03,-9.519035e+05,3.133519e-01,1.526498e+04
786,4.937046e+04,-1.442460,0.635675,-7.843164,1.730319e+05,-7.625310e+04,9.408352e+05,9.968560e-01,4.921524e+04
787,4.963693e+04,1.445826,-7.866971,0.142692,-1.739030e+05,9.462342e+05,-1.716290e+04,1.041060e+00,5.167504e+04
788,4.974527e+04,1.203249,0.665050,-7.880983,-1.448839e+05,-8.007900e+04,9.489536e+05,1.000507e+00,4.977051e+04
789,4.976629e+04,-2.094321,-7.717613,-0.228614,2.522317e+05,9.294785e+05,2.753341e+04,1.039466e+00,5.173037e+04
790,4.989582e+04,6.430326,3.484271,3.242030,-7.754500e+05,-4.201774e+05,-3.909650e+05,1.058390e+00,5.280925e+04
791,4.994957e+04,-2.887625,2.992615,6.834169,3.484139e+05,-3.610817e+05,-8.245943e+05,1.488701e+00,7.435997e+04
792,4.999024e+04,0.927687,0.638810,-7.920310,-1.119781e+05,-7.710862e+04,9.560343e+05,1.003518e+00,5.016610e+04
793,5.005620e+04,-5.765204,4.826063,-2.733412,6.963575e+05,-5.829222e+05,3.301586e+05,1.021820e+00,5.114845e+04
794,5.015721e+04,2.575112,7.486495,1.149434,-3.113518e+05,-9.051778e+05,-1.389759e+05,1.041941e+00,5.226086e+04
795,5.023083e+04,-3.645553,4.029262,-5.871541,4.411002e+05,-4.875278e+05,7.104377e+05,2.188984e-01,1.099545e+04
796,5.034566e+04,5.388715,3.789608,-4.538791,-6.527621e+05,-4.590541e+05,5.498065e+05,8.841670e-01,4.451397e+04
797,5.036121e+04,0.779790,4.147640,6.796250,-9.447446e+04,-5.025020e+05,-8.233910e+05,0.000000e+00,0.000000e+00
798,5.062889e+04,2.096209,-5.179913,5.724893,-2.546376e+05,6.292314e+05,-6.954330e+05,1.627286e+00,8.238770e+04
799,5.065231e+04,-5.383832,-2.444197,5.388901,6.541537e+05,2.969782e+05,-6.547697e+05,1.107243e+00,5.608440e+04
800,5.075738e+04,-1.249663,0.436870,7.889708,1.519956e+05,-5.313619e+04,-9.596198e+05,5.262133e-01,2.670921e+04
801,5.082505e+04,6.284308,-3.783042,-3.193128,-7.648655e+05,4.604354e+05,3.886368e+05,1.042430e+00,5.298155e+04
802,5.086703e+04,7.084293,-1.086125,3.554311,-8.625879e+05,1.322473e+05,-4.327751e+05,1.070845e+00,5.447069e+04
803,5.087376e+04,0.562493,-0.796216,-7.940380,-6.849402e+04,9.695417e+04,9.668897e+05,9.856029e-01,5.014133e+04
804,5.100015e+04,2.030655,-2.509548,-7.319741,-2.475771e+05,3.059637e+05,8.924218e+05,2.741856e-01,1.398351e+04
805,5.135175e+04,7.160533,0.297589,3.555026,-8.760152e+05,-3.640688e+04,-4.349196e+05,1.067334e+00,5.480948e+04
806,5.150592e+04,-4.025860,-4.121142,-5.550553,4.932601e+05,5.049343e+05,6.800698e+05,9.342941e-01,4.812168e+04
807,5.178959e+04,-0.351965,7.983689,0.369910,4.324231e+04,-9.808746e+05,-4.544711e+04,1.038369e+00,5.377671e+04
808,5.190175e+04,4.984483,6.253958,0.207231,-6.130555e+05,-7.691918e+05,-2.548793e+04,1.042781e+00,5.412217e+04
809,5.196065e+04,-0.226565,0.770365,-7.959598,2.788167e+04,-9.480307e+04,9.795287e+05,1.011757e+00,5.257155e+04
810,5.210805e+04,-5.564436,-2.692871,-5.077942,6.857444e+05,3.318613e+05,6.257903e+05,9.686644e-01,5.047521e+04
811,5.219790e+04,0.940019,-5.900099,-5.320262,-1.159449e+05,7.277371e+05,6.562182e+05,9.995893e-01,5.217646e+04
812,5.236525e+04,-3.751171,2.353211,-6.662666,4.634225e+05,-2.907174e+05,8.231108e+05,3.319614e-01,1.738324e+04
813,5.254211e+04,-7.612087,-1.175685,-2.161921,9.419897e+05,1.454900e+05,2.675360e+05,1.037886e+00,5.453271e+04
814,5.269786e+04,-0.518529,-6.002274,5.263443,6.426259e+04,7.438768e+05,-6.523116e+05,1.513982e+00,7.978361e+04
815,5.280282e+04,-0.423265,-7.770376,1.855291,5.250855e+04,9.639606e+05,-2.301596e+05,1.042888e+00,5.506743e+04
816,5.283027e+04,1.562257,-2.313419,7.497162,-1.938575e+05,2.870678e+05,-9.303086e+05,1.005381e+00,5.311457e+04
817,5.291942e+04,-2.512056,-5.761338,4.949400,3.119791e+05,7.155164e+05,-6.146795e+05,1.192801e+00,6.312234e+04
818,5.293281e+04,0.036715,6.990961,-3.889102,-4.560307e+03,-8.683365e+05,4.830593e+05,9.167559e-01,4.852647e+04
819,5.297713e+04,7.930544,0.952118,0.447145,-9.854529e+05,-1.183107e+05,-5.556247e+04,1.043444e+00,5.527868e+04
820,5.315236e+04,5.404426,5.407015,2.357195,-6.726661e+05,-6.729883e+05,-2.933901e+05,1.045491e+00,5.557032e+04
821,5.316957e+04,-6.886180,0.772196,3.998029,8.572325e+05,-9.612748e+04,-4.976984e+05,1.039259e+00,5.525693e+04
822,5.318196e+04,7.236702,2.356289,2.465370,-9.009725e+05,-2.933590e+05,-3.069396e+05,1.048554e+00,5.576416e+04
823,5.325836e+04,-6.030101,-4.945217,1.784014,7.512893e+05,6.161238e+05,-2.222700e+05,1.037270e+00,5.524333e+04
824,5.367177e+04,-2.201175,1.089791,7.613618,2.753064e+05,-1.363029e+05,-9.522539e+05,1.261951e+00,6.773112e+04
825,5.397426e+04,-7.724321,1.172699,-1.720362,9.688183e+05,-1.470850e+05,2.157754e+05,1.036735e+00,5.595703e+04
826,5.407191e+04,6.489692,3.643198,2.934453,-8.147016e+05,-4.573591e+05,-3.683847e+05,1.049851e+00,5.676746e+04
827,5.485456e+04,-3.001303,-3.452145,6.563145,3.794939e+05,4.364998e+05,-8.298643e+05,1.645775e+00,9.027825e+04
828,5.486784e+04,7.136149,2.807490,-2.278897,-9.024259e+05,-3.550307e+05,2.881856e+05,1.040237e+00,5.707554e+04
829,5.495929e+04,3.303101,-2.886707,-6.690026,-4.180528e+05,3.653524e+05,8.467146e+05,4.866051e-01,2.674347e+04
830,5.544209e+04,0.978300,-3.332329,7.206838,-1.243599e+05,4.236004e+05,-9.161219e+05,1.034899e+00,5.737695e+04
831,5.544435e+04,1.422169,6.471111,4.483543,-1.807876e+05,-8.226142e+05,-5.699525e+05,1.054706e+00,5.847747e+04
832,5.552121e+04,-0.573731,-0.467079,-7.965718,7.298374e+04,5.941675e+04,1.013312e+06,9.874528e-01,5.482457e+04
833,5.569344e+04,4.119839,-3.587564,-5.844340,-5.248933e+05,4.570780e+05,7.446054e+05,8.832313e-01,4.919019e+04
834,5.572410e+04,1.397869,7.600542,2.068266,-1.781462e+05,-9.686230e+05,-2.635825e+05,1.038474e+00,5.786801e+04
835,5.574227e+04,6.245503,4.766483,1.508089,-7.960648e+05,-6.075459e+05,-1.922242e+05,1.042287e+00,5.809946e+04
836,5.608532e+04,1.025176,-5.097609,-6.079753,-1.310725e+05,6.517482e+05,7.773189e+05,8.844753e-01,4.960608e+04
837,5.622202e+04,4.180650,1.273530,-6.700768,-5.351625e+05,-1.630239e+05,8.577613e+05,2.788627e-01,1.567823e+04
838,5.633489e+04,-1.747119,-0.711607,7.774393,2.238721e+05,9.118384e+04,-9.961939e+05,1.246550e+00,7.022426e+04
839,5.703438e+04,-0.860420,7.707098,-1.964768,1.109347e+05,-9.936832e+05,2.533193e+05,1.029587e+00,5.872183e+04
840,5.777504e+04,-1.331389,-1.612561,-7.721855,1.727682e+05,2.092546e+05,1.002029e+06,9.773890e-01,5.646869e+04
841,5.783185e+04,0.611081,-7.972861,-0.245074,-7.933612e+04,1.035110e+06,3.181777e+04,1.035917e+00,5.990900e+04
842,5.790280e+04,4.914511,-1.389126,-6.157752,-6.384381e+05,1.804596e+05,7.999459e+05,7.051874e-01,4.083232e+04
843,5.794216e+04,7.557065,-2.246277,-1.358309,-9.820627e+05,2.919103e+05,1.765162e+05,1.040638e+00,6.029679e+04
844,5.799787e+04,6.516353,-4.093157,2.187054,-8.472261e+05,5.321733e+05,-2.843507e+05,1.043515e+00,6.052167e+04
845,5.812227e+04,-5.706551,1.661977,-5.354728,7.427346e+05,-2.163142e+05,6.969432e+05,7.995025e-01,4.646890e+04
846,5.814490e+04,1.919799,-7.174193,-2.974110,-2.499195e+05,9.339369e+05,3.871698e+05,1.039851e+00,6.046202e+04
847,5.836685e+04,-6.366553,-2.071606,-4.378978,8.303786e+05,2.701960e+05,5.711426e+05,1.017490e+00,5.938766e+04
848,5.845080e+04,-0.032058,-7.628383,-2.409719,4.184226e+03,9.956722e+05,3.145215e+05,1.038343e+00,6.069197e+04
849,5.846637e+04,2.214957,-4.353492,6.335698,-2.891393e+05,5.683024e+05,-8.270585e+05,1.181499e+00,6.907796e+04
850,5.908077e+04,5.325157,-3.825582,4.583407,-6.987861e+05,5.020064e+05,-6.014509e+05,1.145255e+00,6.766258e+04
851,5.921344e+04,-3.685635,7.046850,0.870628,4.841848e+05,-9.257503e+05,-1.143752e+05,1.033778e+00,6.121355e+04
852,5.951532e+04,2.714332,3.314299,-6.756317,-3.574917e+05,-4.365106e+05,8.898425e+05,1.076404e+00,6.406253e+04
853,5.956700e+04,-0.531928,3.103644,-7.354213,7.008813e+04,-4.089436e+05,9.690088e+05,9.840453e-01,5.861662e+04
854,5.969776e+04,1.293026,-5.211853,5.929981,-1.705591e+05,6.874797e+05,-7.822057e+05,1.867064e+00,1.114596e+05
855,6.010356e+04,-1.797053,-0.834807,-7.750722,2.378481e+05,1.104905e+05,1.025843e+06,9.491014e-01,5.704438e+04
856,6.038202e+04,4.358204,-0.593574,-6.682344,-5.781627e+05,7.874402e+04,8.864849e+05,4.662656e-01,2.815406e+04
857,6.045583e+04,1.457057,-1.668530,-7.687197,-1.934124e+05,2.214837e+05,1.020412e+06,9.739324e-01,5.887989e+04
858,6.053440e+04,-2.780600,-2.956795,-6.893884,3.693416e+05,3.927453e+05,9.157011e+05,3.630525e-01,2.197717e+04
859,6.059360e+04,-4.668046,-2.048177,-6.165575,6.203506e+05,2.721884e+05,8.193617e+05,7.539900e-01,4.568697e+04
860,6.067252e+04,-7.247510,-1.191298,-3.170868,9.637703e+05,1.584182e+05,4.216605e+05,1.034039e+00,6.273773e+04
861,6.078136e+04,7.094463,2.980255,2.187847,-9.442640e+05,-3.966682e+05,-2.911996e+05,1.041011e+00,6.327409e+04
862,6.086051e+04,-3.600871,-6.257593,3.446194,4.795833e+05,8.334198e+05,-4.589825e+05,1.046122e+00,6.366749e+04
863,6.116883e+04,-7.362591,-0.440431,-3.098109,9.830699e+05,5.880734e+04,4.136666e+05,1.033453e+00,6.321513e+04
864,6.215330e+04,7.431390,-2.427426,1.697657,-1.000209e+06,3.267133e+05,-2.284918e+05,1.038618e+00,6.455355e+04
865,6.246124e+04,5.980407,1.868719,-4.974195,-8.069093e+05,-2.521378e+05,6.711457e+05,9.134470e-01,5.705503e+04
866,6.250346e+04,3.281968,3.691430,-6.293014,-4.429708e+05,-4.982363e+05,8.493749e+05,2.835735e-01,1.772432e+04
867,6.283215e+04,-4.710427,1.459693,6.299300,6.374409e+05,-1.975337e+05,-8.524559e+05,1.075552e+00,6.757927e+04
868,6.328016e+04,-4.455863,1.254207,-6.524741,6.051378e+05,-1.703301e+05,8.861062e+05,2.681653e-01,1.696954e+04
869,6.356904e+04,0.092800,0.153416,-7.997990,-1.263161e+04,-2.088244e+04,1.088660e+06,1.001854e+00,6.368687e+04
870,6.429119e+04,-5.390110,4.513937,3.817209,7.378398e+05,-6.179025e+05,-5.225290e+05,1.031003e+00,6.628443e+04
871,6.440106e+04,1.142725,4.277180,-6.663326,-1.565586e+05,-5.859933e+05,9.129064e+05,9.957378e-01,6.412657e+04
872,6.530534e+04,-5.722307,2.443302,5.028467,7.894673e+05,-3.370855e+05,-6.937431e+05,1.035760e+00,6.764065e+04
873,6.590624e+04,-5.233838,6.041689,-0.323940,7.253911e+05,-8.373563e+05,4.489691e+04,1.032641e+00,6.805750e+04
874,6.603737e+04,-2.081667,3.313305,-6.977727,2.887985e+05,-4.596688e+05,9.680494e+05,9.309614e-01,6.147825e+04
875,6.606187e+04,-7.301300,-1.639806,2.828791,1.013128e+06,2.275393e+05,-3.925229e+05,1.031042e+00,6.811258e+04
876,6.642742e+04,2.357701,1.365433,7.521758,-3.280583e+05,-1.899909e+05,-1.046602e+06,0.000000e+00,0.000000e+00
877,6.664041e+04,-0.883956,7.818713,-1.444417,1.231937e+05,-1.089665e+06,2.013029e+05,1.033103e+00,6.884643e+04
878,6.676891e+04,1.980653,-1.441311,-7.615749,-2.763022e+05,2.010637e+05,1.062401e+06,9.356552e-01,6.247267e+04
879,6.696848e+04,0.294783,4.448320,-6.642707,-4.118383e+04,-6.214696e+05,9.280449e+05,9.570091e-01,6.408944e+04
880,6.699762e+04,3.825089,-6.816435,1.704378,-5.345150e+05,9.525235e+05,-2.381685e+05,1.034764e+00,6.932670e+04
881,6.705515e+04,-0.313833,-5.066367,6.183319,4.387360e+04,7.082741e+05,-8.644232e+05,1.352437e+00,9.068786e+04
882,6.721185e+04,-2.743683,-1.697554,-7.320554,3.840126e+05,2.375939e+05,1.024603e+06,7.652417e-01,5.143331e+04
883,6.755506e+04,-3.261378,-7.185931,1.313700,4.576346e+05,1.008325e+06,-1.843375e+05,1.031355e+00,6.967322e+04
884,6.765753e+04,3.334893,7.062548,-1.731734,-4.683048e+05,-9.917637e+05,2.431800e+05,1.034802e+00,7.001215e+04
885,6.791761e+04,-7.375087,2.973741,0.874621,1.037641e+06,-4.183917e+05,-1.230552e+05,1.030002e+00,6.995529e+04
886,6.814327e+04,-6.210540,3.127030,3.956119,8.752447e+05,-4.406890e+05,-5.575316e+05,1.029969e+00,7.018546e+04
887,6.822028e+04,2.828045,-1.660736,7.296856,-3.987786e+05,2.341780e+05,-1.028919e+06,1.002531e+00,6.839291e+04
888,6.831266e+04,0.717601,0.937593,-7.912393,-1.012563e+05,-1.322980e+05,1.116470e+06,1.009522e+00,6.896314e+04
889,6.837203e+04,-1.427774,1.279351,-7.766899,2.015521e+05,-1.806000e+05,1.096417e+06,9.990844e-01,6.830943e+04
890,6.863437e+04,-0.988385,-7.825016,-1.338739,1.397931e+05,1.106738e+06,1.893457e+05,1.032534e+00,7.086731e+04
891,6.889642e+04,3.034782,-3.391063,6.579574,-4.300455e+05,4.805326e+05,-9.323624e+05,1.085282e+00,7.477204e+04
892,6.927786e+04,3.451916,-3.888005,6.080106,-4.905081e+05,5.524750e+05,-8.639669e+05,1.280778e+00,8.872953e+04
893,6.931760e+04,6.887779,-3.895812,-1.175223,-9.790157e+05,5.537433e+05,1.670439e+05,1.034999e+00,7.174365e+04
894,6.948215e+04,-0.921390,4.687668,-6.416916,1.311199e+05,-6.670865e+05,9.131700e+05,9.996187e-01,6.945566e+04
895,6.994330e+04,-1.335743,4.918768,6.166159,1.907149e+05,-7.022926e+05,-8.803927e+05,1.201475e+00,8.403509e+04
896,6.997855e+04,0.799296,-0.362968,7.951690,-1.141507e+05,5.183700e+04,-1.135614e+06,7.029241e-01,4.918961e+04
897,7.007341e+04,-7.445226,-1.610497,-2.444362,1.064004e+06,2.301576e+05,3.493260e+05,1.033938e+00,7.245157e+04
898,7.057407e+04,-7.654769,1.812833,-1.455388,1.097851e+06,-2.599974e+05,2.087324e+05,1.032551e+00,7.287135e+04
899,7.061345e+04,1.156105,-7.804990,1.321196,-1.658554e+05,1.119708e+06,-1.895395e+05,1.031589e+00,7.284407e+04
900,7.062779e+04,-5.823887,-2.612020,4.822830,8.355827e+05,3.747597e+05,-6.919560e+05,1.048979e+00,7.408705e+04
901,7.092246e+04,7.411279,2.881175,-0.878504,-1.065550e+06,-4.142383e+05,1.263060e+05,1.036553e+00,7.351486e+04
902,7.195911e+04,4.176698,-6.697554,-1.303062,-6.048736e+05,9.699464e+05,1.887107e+05,1.032757e+00,7.431627e+04
903,7.213243e+04,-0.329337,2.846394,-7.469242,4.775236e+04,-4.127138e+05,1.083005e+06,9.972318e-01,7.193275e+04
904,7.297499e+04,3.595196,-6.695070,-2.500120,-5.243223e+05,9.764068e+05,3.646167e+05,1.034686e+00,7.550616e+04
905,7.309838e+04,5.923141,-5.374723,-0.169575,-8.645589e+05,7.845103e+05,2.475168e+04,1.031819e+00,7.542429e+04
906,7.366063e+04,-0.920875,5.197907,-6.011136,1.349296e+05,-7.616139e+05,8.807708e+05,2.921067e-01,2.151677e+04
907,7.392926e+04,3.197825,6.404222,3.572094,-4.694092e+05,-9.400766e+05,-5.243481e+05,1.035124e+00,7.652594e+04
908,7.519830e+04,-0.038198,-0.113627,-7.999102,5.654996e+03,1.682180e+04,1.184224e+06,1.006457e+00,7.568384e+04
909,7.548290e+04,-2.617776,-1.961390,7.300699,3.882804e+05,2.909222e+05,-1.082873e+06,1.125855e+00,8.498283e+04
910,7.565472e+04,-3.813943,3.287899,6.216394,5.663448e+05,-4.882308e+05,-9.230925e+05,1.056526e+00,7.993121e+04
911,7.575359e+04,3.398137,-0.223927,7.238958,-5.049301e+05,3.327330e+04,-1.075639e+06,9.901947e-01,7.501080e+04
912,7.649035e+04,1.426016,-3.072594,-7.247458,-2.129200e+05,4.587724e+05,1.082126e+06,5.912880e-01,4.522783e+04
913,7.794408e+04,5.720865,-3.721519,4.173967,-8.622674e+05,5.609194e+05,-6.291139e+05,1.059673e+00,8.259525e+04
914,7.809556e+04,4.187151,0.148920,6.815100,-6.317140e+05,-2.246753e+04,-1.028192e+06,1.026429e+00,8.015951e+04
915,7.860061e+04,6.697179,1.617388,-4.065938,-1.013663e+06,-2.448025e+05,6.154069e+05,1.024334e+00,8.051328e+04
916,7.898713e+04,-0.071470,-0.211882,-7.996874,1.084404e+04,3.214844e+04,1.213353e+06,1.006574e+00,7.950640e+04
917,7.916140e+04,-1.105427,3.174460,-7.259534,1.679096e+05,-4.821867e+05,1.102692e+06,9.769604e-01,7.733755e+04
918,7.946481e+04,6.856843,4.035406,0.836180,-1.043519e+06,-6.141343e+05,-1.272553e+05,1.032224e+00,8.202546e+04
919,7.948543e+04,7.923827,-1.099786,0.058575,-1.206056e+06,1.673943e+05,-8.915441e+03,1.031459e+00,8.198593e+04
920,8.062092e+04,-3.543782,-6.747975,2.430319,5.432247e+05,1.034394e+06,-3.725424e+05,1.028644e+00,8.293023e+04
921,8.131931e+04,1.725031,-0.633455,7.786077,-2.655721e+05,9.752165e+04,-1.198683e+06,1.005887e+00,8.179804e+04
922,8.146234e+04,2.913169,4.216524,-6.142831,-4.488827e+05,-6.497132e+05,9.465329e+05,4.016754e-01,3.272142e+04
923,8.211497e+04,-5.305513,-1.184239,5.869336,8.207810e+05,1.832058e+05,-9.080063e+05,1.063987e+00,8.736926e+04
924,8.219542e+04,7.312429,3.244658,-0.024033,-1.131812e+06,-5.022054e+05,3.719810e+03,1.032159e+00,8.483873e+04
925,8.228428e+04,7.588178,2.177537,1.295331,-1.175127e+06,-3.372195e+05,-2.005986e+05,1.030977e+00,8.483319e+04
926,8.250581e+04,3.288567,6.743666,-2.776381,-5.099618e+05,-1.045748e+06,4.305366e+05,1.028790e+00,8.488113e+04
927,8.275905e+04,-6.838259,-0.995984,-4.030661,1.062043e+06,1.546852e+05,6.259977e+05,1.028517e+00,8.511908e+04
928,8.303068e+04,-6.206115,-1.498059,-4.820784,9.654456e+05,2.330434e+05,7.499384e+05,1.016118e+00,8.436895e+04
929,8.349330e+04,1.746589,-1.575339,-7.646420,-2.724615e+05,2.457471e+05,1.192814e+06,8.805819e-01,7.352269e+04
930,8.401993e+04,-1.160213,1.738204,-7.722212,1.815589e+05,-2.720074e+05,1.208430e+06,1.006945e+00,8.460348e+04
931,8.411843e+04,-0.134225,-0.040660,-7.998771,2.101681e+04,6.366461e+03,1.252442e+06,1.005366e+00,8.456984e+04
932,8.417831e+04,0.409996,-6.452527,4.711347,-6.421970e+04,1.010692e+06,-7.379619e+05,1.086911e+00,9.149436e+04
933,8.428526e+04,2.955294,-3.966040,6.287827,-4.631965e+05,6.216151e+05,-9.855191e+05,1.132748e+00,9.547395e+04
934,8.431684e+04,1.166721,-0.467746,-7.900631,-1.828997e+05,7.332567e+04,1.238533e+06,9.938240e-01,8.379610e+04
935,8.431839e+04,3.999754,5.887175,-3.652826,-6.270225e+05,-9.229046e+05,5.726362e+05,1.016578e+00,8.571620e+04
936,8.447116e+04,-5.793274,1.854392,-5.196076,9.090065e+05,-2.909676e+05,8.153018e+05,9.325085e-01,7.877008e+04
937,8.511705e+04,-0.896521,7.920529,0.679316,1.412074e+05,-1.247530e+06,-1.069963e+05,1.028745e+00,8.756371e+04
938,8.533395e+04,0.624413,-1.100275,-7.899336,-9.847392e+04,1.735205e+05,1.245777e+06,9.741331e-01,8.312663e+04
939,8.588635e+04,-6.588862,-3.974781,-2.188153,1.042464e+06,6.288745e+05,3.462011e+05,1.030010e+00,8.846376e+04
940,8.594842e+04,5.231027,4.168027,-4.389068,-8.279318e+05,-6.596873e+05,6.946722e+05,9.932097e-01,8.536480e+04
941,8.621396e+04,-0.018568,-3.413899,-7.234981,2.943330e+03,5.411631e+05,1.146872e+06,2.902628e-01,2.502470e+04
942,8.644667e+04,-0.466768,-6.079640,5.178813,7.409076e+04,9.650297e+05,-8.220402e+05,1.171557e+00,1.012772e+05
943,8.685471e+04,-0.335774,0.459914,7.979708,5.342350e+04,-7.317486e+04,-1.269616e+06,1.653597e-02,1.436227e+03
944,8.732041e+04,-6.811782,0.545745,4.159542,1.086694e+06,-8.706348e+04,-6.635782e+05,1.026016e+00,8.959214e+04
945,8.744403e+04,-5.284230,5.714011,-1.851214,8.435979e+05,-9.122100e+05,2.955360e+05,1.030132e+00,9.007888e+04
946,8.782546e+04,3.018501,-7.062624,2.237854,-4.829366e+05,1.129965e+06,-3.580393e+05,1.028201e+00,9.030220e+04
947,8.912021e+04,-0.284959,7.007622,-3.848639,4.592607e+04,-1.129399e+06,6.202746e+05,1.000477e+00,8.916275e+04
948,8.940801e+04,7.225709,3.381602,0.594893,-1.166426e+06,-5.458827e+05,-9.603198e+04,1.029732e+00,9.206634e+04
949,8.953769e+04,4.212631,-5.868997,3.436366,-6.805265e+05,9.481030e+05,-5.551254e+05,1.034037e+00,9.258530e+04
950,8.958320e+04,-6.413024,4.153991,-2.370124,1.036251e+06,-6.712240e+05,3.829773e+05,1.030067e+00,9.227668e+04
951,9.047293e+04,1.084629,-1.112571,7.847660,-1.761284e+05,1.806658e+05,-1.274348e+06,1.003114e+00,9.075469e+04
952,9.104651e+04,2.938746,3.706073,-6.452038,-4.787209e+05,-6.037182e+05,1.051035e+06,7.479886e-01,6.810175e+04
953,9.182562e+04,3.300143,6.801226,-2.617706,-5.398877e+05,-1.112648e+06,4.282441e+05,1.030268e+00,9.460496e+04
954,9.198828e+04,1.147795,0.802772,7.876428,-1.879400e+05,-1.314459e+05,-1.289687e+06,0.000000e+00,0.000000e+00
955,9.211658e+04,4.892908,-4.021609,-4.887342,-8.017236e+05,6.589575e+05,8.008115e+05,1.029435e+00,9.482802e+04
956,9.224647e+04,4.775339,2.834345,-5.758701,-7.830108e+05,-4.647466e+05,9.442523e+05,8.419398e-01,7.766597e+04
957,9.233023e+04,7.032231,-2.390427,2.972135,-1.153596e+06,3.921354e+05,-4.875613e+05,1.029516e+00,9.505546e+04
958,9.319290e+04,-6.774199,3.860643,1.790437,1.116447e+06,-6.362676e+05,-2.950795e+05,1.024094e+00,9.543831e+04
959,9.563048e+04,7.567226,2.287586,1.226394,-1.263350e+06,-3.819129e+05,-2.047466e+05,1.027763e+00,9.828544e+04
960,9.592100e+04,4.055415,3.397868,-6.000676,-6.780798e+05,-5.681356e+05,1.003334e+06,5.343207e-01,5.125258e+04
961,9.787149e+04,1.745091,-7.789127,-0.533071,-2.947371e+05,1.315544e+06,9.003299e+04,1.025066e+00,1.003247e+05
962,9.823636e+04,-4.902012,-6.047522,-1.843299,8.294671e+05,1.023298e+06,3.119037e+05,1.026610e+00,1.008504e+05
963,9.844160e+04,7.501073,0.184415,-2.774868,-1.270578e+06,-3.123734e+04,4.700243e+05,1.032639e+00,1.016546e+05
964,9.852793e+04,2.863175,-1.843645,-7.239006,-4.851949e+05,3.124249e+05,1.226725e+06,6.243866e-01,6.151952e+04
965,9.948566e+04,-5.941374,0.961972,-5.270169,1.011709e+06,-1.638066e+05,8.974154e+05,9.687511e-01,9.637684e+04
966,9.966743e+04,2.482916,0.226350,7.601572,-4.231822e+05,-3.857849e+04,-1.295593e+06,1.003474e+00,1.000137e+05
967,1.013058e+05,0.268355,2.116159,7.710373,-4.611215e+04,-3.636254e+05,-1.324894e+06,6.314252e-01,6.396703e+04
968,1.014216e+05,4.165822,1.400439,6.684661,-7.162335e+05,-2.407788e+05,-1.149300e+06,1.022256e+00,1.036789e+05
969,1.031993e+05,-4.398508,5.485678,3.815818,7.628384e+05,-9.513874e+05,-6.617818e+05,1.022716e+00,1.055437e+05
970,1.076446e+05,0.238349,0.431681,-7.984788,-4.221801e+04,-7.646236e+04,1.414322e+06,1.011859e+00,1.089212e+05
971,1.079337e+05,-5.086640,0.988929,6.094925,9.021903e+05,-1.754010e+05,-1.081024e+06,1.040525e+00,1.123077e+05
972,1.080355e+05,-2.339585,4.916358,-5.861380,4.151555e+05,-8.723994e+05,1.040092e+06,5.174852e-01,5.590677e+04
973,1.087123e+05,0.756453,-7.897395,-1.029042,-1.346512e+05,1.405762e+06,1.831729e+05,1.023751e+00,1.112944e+05
974,1.088712e+05,-0.191081,0.155021,-7.996215,3.403791e+04,-2.761443e+04,1.424392e+06,1.012463e+00,1.102281e+05
975,1.090236e+05,0.076652,7.816709,-1.700936,-1.366375e+04,-1.393391e+06,3.032054e+05,1.028706e+00,1.121532e+05
976,1.105293e+05,-0.187336,7.310968,-3.242630,3.362398e+04,-1.312207e+06,5.820025e+05,1.024705e+00,1.132600e+05
977,1.121721e+05,-4.107282,0.577348,6.840826,7.426526e+05,-1.043924e+05,-1.236915e+06,1.112921e+00,1.248387e+05
978,1.131013e+05,2.775445,-5.762414,-4.805360,-5.039125e+05,1.046229e+06,8.724657e+05,1.031185e+00,1.166283e+05
979,1.137010e+05,-3.033759,-1.677052,7.209980,5.522704e+05,3.052934e+05,-1.312517e+06,1.077385e+00,1.224997e+05
980,1.138717e+05,-0.918147,0.673686,-7.918532,1.672665e+05,-1.227310e+05,1.442584e+06,1.011154e+00,1.151418e+05
981,1.190559e+05,-2.244608,6.757040,3.647486,4.181234e+05,-1.258695e+06,-6.794502e+05,1.021551e+00,1.216217e+05
982,1.206563e+05,7.573999,-0.212952,-2.566942,-1.420329e+06,3.993416e+04,4.813708e+05,1.028728e+00,1.241225e+05
983,1.216973e+05,1.439887,-6.667320,-4.180140,-2.711800e+05,1.255684e+06,7.872633e+05,1.029385e+00,1.252734e+05
984,1.220956e+05,0.006764,-5.598427,5.714680,-1.276006e+03,1.056099e+06,-1.078029e+06,1.338786e+00,1.634598e+05
985,1.228304e+05,3.311943,-0.910179,7.225137,-6.266492e+05,1.722139e+05,-1.367060e+06,1.010237e+00,1.240878e+05
986,1.236818e+05,-1.302503,-0.124069,-7.892281,2.472978e+05,2.355619e+04,1.498456e+06,1.012985e+00,1.252878e+05
987,1.248416e+05,-0.852579,-0.714306,7.922302,1.626308e+05,1.362551e+05,-1.511192e+06,1.019942e+00,1.273311e+05
988,1.262844e+05,2.391665,-5.782960,-4.983705,-4.588428e+05,1.109465e+06,9.561277e+05,1.030199e+00,1.300980e+05
989,1.275881e+05,-7.309394,0.678306,3.180041,1.409533e+06,-1.308035e+05,-6.132344e+05,1.019557e+00,1.300834e+05
990,1.321482e+05,-0.389755,3.453011,-7.205887,7.649111e+04,-6.776685e+05,1.414187e+06,1.012020e+00,1.337367e+05
991,1.334278e+05,2.819277,5.284601,-5.303270,-5.559677e+05,-1.042135e+06,1.045817e+06,9.583325e-01,1.278682e+05
992,1.357461e+05,6.322892,-0.400251,-4.884756,-1.257674e+06,7.961324e+04,9.716173e+05,1.027393e+00,1.394646e+05
993,1.412790e+05,6.010318,-0.316685,5.270274,-1.219621e+06,6.426200e+04,-1.069450e+06,1.045997e+00,1.477774e+05
994,1.417860e+05,-0.207130,2.581747,-7.569127,4.210638e+04,-5.248304e+05,1.538690e+06,1.010175e+00,1.432287e+05
995,1.504612e+05,5.814907,4.435926,3.241823,-1.217709e+06,-9.289349e+05,-6.788757e+05,1.020536e+00,1.535510e+05
996,1.617527e+05,3.130163,-5.103036,-5.306703,-6.796439e+05,1.108008e+06,1.152230e+06,1.028627e+00,1.663831e+05
997,1.732522e+05,6.135843,-1.455737,-4.922627,-1.378803e+06,3.271229e+05,1.106178e+06,1.028465e+00,1.781838e+05
998,1.825424e+05,-1.191152,-0.945536,-7.854115,2.747501e+05,2.180964e+05,1.811623e+06,1.017947e+00,1.858185e+05
999,2.282104e+05,-0.381770,2.521038,7.582784,9.845971e+04,-6.501833e+05,-1.955623e+06,0.000000e+00,0.000000e+00

Summary
Radius,2.000000m
Current,1.0000e+05A
Temperature,1.0000e+08K
Mass,6.6920e-27kg
Charge,3.2044e-19C
Dose expected value,3.0727e+04
Total,1000
Seed,443414
