i,eV,x_0,y_0,z_0,v_x,v_y,v_z,hit_p,exp_eV
0,1.878690e+02,5.374109,5.834810,1.036315,-1.988349e+04,-2.158802e+04,-3.834229e+03,0.000000e+00,0.000000e+00
1,2.019974e+02,1.312008,6.641518,-4.262496,-5.033476e+03,-2.547997e+04,1.635293e+04,0.000000e+00,0.000000e+00
2,2.413620e+02,7.322249,-3.185409,-0.487684,-3.070702e+04,1.335852e+04,2.045181e+03,0.000000e+00,0.000000e+00
3,5.624017e+02,7.778017,1.716650,-0.745365,-4.979100e+04,-1.098914e+04,4.771455e+03,0.000000e+00,0.000000e+00
4,6.814574e+02,1.665659,0.080629,7.824262,-1.173719e+04,-5.681608e+02,-5.513424e+04,0.000000e+00,0.000000e+00
5,8.237787e+02,-0.671056,-1.599362,-7.809720,5.199037e+03,1.239113e+04,6.050613e+04,0.000000e+00,0.000000e+00
6,8.249178e+02,-6.981656,-1.192689,-3.719406,5.412806e+04,9.246795e+03,2.883617e+04,0.000000e+00,0.000000e+00
7,9.372572e+02,-1.641088,-5.182342,-5.869426,1.356188e+04,4.282666e+04,4.850469e+04,0.000000e+00,0.000000e+00
8,9.593616e+02,6.560286,2.016607,4.110467,-5.484950e+04,-1.686052e+04,-3.436695e+04,3.935679e-01,3.775739e+02
9,1.445629e+03,0.293739,-7.288808,3.284355,-3.014736e+03,7.480723e+04,-3.370833e+04,7.276181e-01,1.051865e+03
10,1.657003e+03,5.563296,-0.612415,-5.716177,-6.112974e+04,6.729237e+03,6.280960e+04,0.000000e+00,0.000000e+00
11,1.733991e+03,2.544165,1.250060,-7.480947,-2.859746e+04,-1.405119e+04,8.408890e+04,0.000000e+00,0.000000e+00
12,1.797234e+03,-7.351896,3.104337,0.559205,8.413183e+04,-3.552465e+04,-6.399298e+03,9.605186e-03,1.726276e+01
13,1.826553e+03,-0.622884,3.947690,6.930206,7.185917e+03,-4.554261e+04,-7.995047e+04,0.000000e+00,0.000000e+00
14,1.891447e+03,1.210798,-0.907235,7.855628,-1.421437e+04,1.065064e+04,-9.222247e+04,0.000000e+00,0.000000e+00
15,1.899953e+03,-6.738847,-0.191557,4.307116,7.928950e+04,2.253871e+03,-5.067767e+04,4.611398e-01,8.761438e+02
16,1.981038e+03,-2.248000,0.085118,7.677190,2.700856e+04,-1.022644e+03,-9.223747e+04,0.000000e+00,0.000000e+00
17,2.082091e+03,6.687549,3.341530,2.847957,-8.237122e+04,-4.115797e+04,-3.507857e+04,2.899651e-01,6.037336e+02
18,2.450237e+03,6.812767,-4.097687,0.891717,-9.103037e+04,5.475220e+04,-1.191488e+04,4.813208e-01,1.179350e+03
19,2.507059e+03,5.027028,1.636314,-6.004287,-6.794419e+04,-2.211605e+04,8.115260e+04,0.000000e+00,0.000000e+00
20,2.600077e+03,4.683261,4.704813,-4.464505,-6.446145e+04,-6.475811e+04,6.145045e+04,0.000000e+00,0.000000e+00
21,2.684503e+03,-4.172353,-4.417639,-5.203454,5.835414e+04,6.178469e+04,7.277502e+04,0.000000e+00,0.000000e+00
22,2.784800e+03,5.020097,-4.229411,4.572822,-7.151016e+04,6.024702e+04,-6.513884e+04,9.949261e-01,2.770670e+03
23,2.789934e+03,-3.708683,-0.310028,-7.081635,5.287804e+04,4.420342e+03,1.009693e+05,0.000000e+00,0.000000e+00
24,2.822242e+03,4.197759,-6.477876,2.101417,-6.019678e+04,9.289415e+04,-3.013477e+04,8.370801e-01,2.362442e+03
25,2.883201e+03,-4.164990,0.851143,6.777051,6.036846e+04,-1.233670e+04,-9.822835e+04,0.000000e+00,0.000000e+00
26,2.891177e+03,-0.746607,-0.360855,7.956907,1.083647e+04,5.237558e+03,-1.154889e+05,0.000000e+00,0.000000e+00
27,2.985058e+03,-5.686856,0.054309,-5.626431,8.387013e+04,-8.009584e+02,8.297898e+04,0.000000e+00,0.000000e+00
28,3.095680e+03,2.946127,-2.414342,-7.035005,-4.424745e+04,3.626064e+04,1.056577e+05,0.000000e+00,0.000000e+00
29,3.101568e+03,0.739100,3.100149,7.337766,-1.111099e+04,-4.660494e+04,-1.103096e+05,0.000000e+00,0.000000e+00
30,3.117455e+03,-1.186670,7.619905,2.128112,1.788499e+04,-1.148440e+05,-3.207401e+04,1.922224e-01,5.992448e+02
31,3.145572e+03,-1.367523,-5.301197,5.833283,2.070347e+04,8.025690e+04,-8.831237e+04,1.007562e+00,3.169359e+03
32,3.162098e+03,-2.925177,6.474259,-3.677949,4.440158e+04,-9.827351e+04,5.582800e+04,0.000000e+00,0.000000e+00
33,3.238924e+03,-3.138961,-6.819774,2.763622,4.822198e+04,1.047681e+05,-4.245587e+04,9.117458e-01,2.953075e+03
34,3.269947e+03,2.239337,2.983805,-7.076883,-3.456594e+04,-4.605740e+04,1.092373e+05,0.000000e+00,0.000000e+00
35,3.315001e+03,3.450468,-0.992849,7.149023,-5.362638e+04,1.543064e+04,-1.111085e+05,0.000000e+00,0.000000e+00
36,3.350161e+03,-6.581989,4.248959,-1.619805,1.028368e+05,-6.638562e+04,2.530779e+04,1.459862e-05,4.890774e-02
37,3.371920e+03,-0.972814,0.070325,-7.940320,1.524851e+04,-1.102326e+03,1.244616e+05,3.797739e-01,1.280567e+03
38,3.418842e+03,2.281723,6.986139,-3.160317,-3.601315e+04,-1.102644e+05,4.988028e+04,0.000000e+00,0.000000e+00
39,3.501028e+03,-2.697425,-3.774866,-6.517230,4.308299e+04,6.029176e+04,1.040925e+05,0.000000e+00,0.000000e+00
40,3.510271e+03,-4.715940,0.703502,6.423783,7.542187e+04,-1.125108e+04,-1.027353e+05,2.964366e-01,1.040573e+03
41,3.833353e+03,2.814009,-1.999630,7.216844,-4.702985e+04,3.341934e+04,-1.206134e+05,0.000000e+00,0.000000e+00
42,3.883318e+03,-2.377674,1.502366,-7.489297,3.999562e+04,-2.527178e+04,1.259799e+05,2.290046e-03,8.892978e+00
43,3.949808e+03,3.823259,6.212548,3.284347,-6.486051e+04,-1.053941e+05,-5.571802e+04,4.994104e-01,1.972575e+03
44,3.959920e+03,5.234348,5.945433,1.119563,-8.891284e+04,-1.009916e+05,-1.901738e+04,2.406551e-01,9.529749e+02
45,3.985270e+03,-1.628092,0.503105,-7.816406,2.774383e+04,-8.573262e+03,1.331971e+05,1.595549e-01,6.358691e+02
46,3.986428e+03,0.489114,2.204324,-7.674746,-8.336057e+03,-3.756869e+04,1.308021e+05,1.224259e+00,4.880421e+03
47,4.037621e+03,5.131721,-6.135392,-0.149679,-8.802063e+04,1.052359e+05,2.567329e+03,6.266438e-01,2.530150e+03
48,4.107326e+03,3.271781,-7.238734,0.946664,-5.660079e+04,1.252279e+05,-1.637699e+04,8.450521e-01,3.470905e+03
49,4.171841e+03,-2.812900,-3.100667,-6.817144,4.904299e+04,5.406020e+04,1.188571e+05,0.000000e+00,0.000000e+00
50,4.278603e+03,-0.337736,-1.090672,-7.918104,5.963309e+03,1.925767e+04,1.398076e+05,1.367641e-02,5.851591e+01
51,4.387166e+03,-1.954198,7.749167,-0.362658,3.493971e+04,-1.385497e+05,6.484081e+03,4.350860e-02,1.908795e+02
52,4.450248e+03,-2.594361,1.555754,-7.406006,4.671767e+04,-2.801507e+04,1.333628e+05,2.888402e-04,1.285411e+00
53,4.456595e+03,-0.791048,-6.182939,-5.014530,1.425486e+04,1.114180e+05,9.036297e+04,0.000000e+00,0.000000e+00
54,4.513322e+03,-0.129343,-0.461785,7.985614,2.345578e+03,8.374258e+03,-1.448155e+05,0.000000e+00,0.000000e+00
55,4.516675e+03,-1.607058,-0.254403,7.832793,2.915409e+04,4.615190e+03,-1.420969e+05,0.000000e+00,0.000000e+00
56,4.548289e+03,-6.710662,0.466956,-4.330008,1.221654e+05,-8.500774e+03,7.882635e+04,0.000000e+00,0.000000e+00
57,4.554533e+03,2.346184,-1.355214,-7.527205,-4.274080e+04,2.468815e+04,1.371243e+05,0.000000e+00,0.000000e+00
58,4.589082e+03,0.171423,0.205094,-7.995533,-3.134659e+03,-3.750366e+03,1.462073e+05,1.119952e+00,5.139550e+03
59,4.698712e+03,-7.536317,2.658624,-0.368302,1.394464e+05,-4.919320e+04,6.814788e+03,2.508215e-01,1.178538e+03
60,4.791789e+03,-4.242505,1.688195,-6.568953,7.927384e+04,-3.154497e+04,1.227450e+05,0.000000e+00,0.000000e+00
61,4.846981e+03,0.888879,3.604421,7.086469,-1.670463e+04,-6.773761e+04,-1.331755e+05,0.000000e+00,0.000000e+00
62,4.917311e+03,-0.016447,-0.014750,7.999969,3.113146e+02,2.791906e+02,-1.514296e+05,0.000000e+00,0.000000e+00
63,4.940547e+03,-1.097702,-7.655947,2.044880,2.082719e+04,1.452597e+05,-3.879841e+04,1.018677e+00,5.032820e+03
64,4.943455e+03,-1.661858,-3.564243,-6.966664,3.154046e+04,6.764586e+04,1.322205e+05,0.000000e+00,0.000000e+00
65,4.980740e+03,0.964335,-1.788357,7.737689,-1.837104e+04,3.406904e+04,-1.474066e+05,0.000000e+00,0.000000e+00
66,5.062495e+03,-3.414258,-3.616270,6.266214,6.557485e+04,6.945473e+04,-1.203500e+05,1.063588e+00,5.384411e+03
67,5.070783e+03,-1.004992,0.843995,-7.891620,1.931784e+04,-1.622318e+04,1.516919e+05,1.128235e+00,5.721037e+03
68,5.107782e+03,-0.750110,6.182916,5.020845,1.447104e+04,-1.192802e+05,-9.686162e+04,1.149471e-01,5.871246e+02
69,5.126088e+03,1.308996,-6.058709,5.057526,-2.529821e+04,1.170932e+05,-9.774394e+04,1.294994e+00,6.638252e+03
70,5.155139e+03,0.420072,0.029918,-7.988908,-8.141456e+03,-5.798509e+02,1.548340e+05,1.213268e+00,6.254562e+03
71,5.158049e+03,3.221498,-6.876726,2.516464,-6.245385e+04,1.333163e+05,-4.878566e+04,1.090717e+00,5.625971e+03
72,5.343383e+03,1.686799,3.409523,7.037746,-3.328360e+04,-6.727604e+04,-1.388674e+05,0.000000e+00,0.000000e+00
73,5.356891e+03,-0.113073,2.508694,7.595635,2.233954e+03,-4.956359e+04,-1.500649e+05,0.000000e+00,0.000000e+00
74,5.456746e+03,-3.185977,-3.600874,-6.394002,6.352843e+04,7.180148e+04,1.274965e+05,0.000000e+00,0.000000e+00
75,5.526121e+03,0.134997,-7.306129,-3.256110,-2.708905e+03,1.466075e+05,6.533832e+04,9.956841e-02,5.502270e+02
76,5.815449e+03,-5.495286,-3.899235,4.312516,1.131203e+05,8.026566e+04,-8.877304e+04,1.070169e+00,6.223514e+03
77,5.819354e+03,5.899259,5.363641,-0.655813,-1.214769e+05,-1.104475e+05,1.350442e+04,1.578614e-01,9.186511e+02
78,5.838892e+03,-5.470164,-3.375278,-4.762857,1.128299e+05,6.961992e+04,9.824069e+04,1.552274e-09,9.063561e-06
79,5.887814e+03,1.791848,2.890808,-7.241030,-3.711392e+04,-5.987630e+04,1.499809e+05,7.653034e-03,4.505964e+01
80,5.891578e+03,-6.277609,-2.342218,4.371000,1.300675e+05,4.852905e+04,-9.056395e+04,1.006053e+00,5.927240e+03
81,5.971927e+03,-7.571935,-1.372965,-2.186496,1.579512e+05,2.864017e+04,4.561047e+04,1.476636e-01,8.818360e+02
82,5.997762e+03,-6.661879,3.091605,3.171963,1.392676e+05,-6.463048e+04,-6.631037e+04,7.850378e-01,4.708470e+03
83,6.217042e+03,-7.093849,2.460385,2.761125,1.509846e+05,-5.236651e+04,-5.876743e+04,8.003304e-01,4.975688e+03
84,6.243469e+03,5.047648,2.703662,5.586722,-1.076616e+05,-5.766657e+04,-1.191595e+05,3.150965e-01,1.967295e+03
85,6.392463e+03,-2.693025,-5.388481,-5.264209,5.812101e+04,1.162945e+05,1.136124e+05,1.655114e-07,1.058026e-03
86,6.399559e+03,1.405850,-0.508605,-7.859065,-3.035798e+04,1.098283e+04,1.697089e+05,7.112454e-02,4.551657e+02
87,6.473675e+03,-6.778969,1.720845,-3.883848,1.472305e+05,-3.737454e+04,8.435219e+04,5.679230e-06,3.676549e-02
88,6.525320e+03,-2.867758,-2.242981,7.123552,6.253197e+04,4.890860e+04,-1.553303e+05,8.547493e-01,5.577513e+03
89,6.613160e+03,-4.435973,6.632806,-0.572730,9.737605e+04,-1.455997e+05,1.257225e+04,2.098372e-01,1.387687e+03
90,6.637045e+03,7.174651,0.675956,-3.473826,-1.577781e+05,-1.486498e+04,7.639310e+04,2.681986e-03,1.780046e+01
91,6.640172e+03,0.652891,-0.370514,-7.964700,-1.436114e+04,8.149917e+03,1.751934e+05,4.199895e-01,2.788802e+03
92,6.737843e+03,4.411012,-6.581352,1.108505,-9.773662e+04,1.458258e+05,-2.456162e+04,1.003019e+00,6.758182e+03
93,6.741869e+03,6.306729,0.880756,-4.842462,-1.397826e+05,-1.952111e+04,1.073285e+05,3.477450e-19,2.344451e-15
94,6.780342e+03,-5.186367,2.181230,-5.687163,1.152784e+05,-4.848261e+04,1.264096e+05,0.000000e+00,0.000000e+00
95,6.791831e+03,-1.870345,-5.265476,-5.725083,4.160772e+04,1.171358e+05,1.273602e+05,1.861853e-10,1.264539e-06
96,6.839895e+03,1.986786,0.053116,7.749185,-4.435417e+04,-1.185789e+03,-1.729973e+05,0.000000e+00,0.000000e+00
97,6.859416e+03,4.692670,-3.262897,-5.597531,-1.049113e+05,7.294669e+04,1.251407e+05,1.675896e-15,1.149567e-11
98,6.874967e+03,7.980185,0.318147,-0.464153,-1.786105e+05,-7.120684e+03,1.038855e+04,5.333600e-01,3.666833e+03
99,6.981397e+03,-4.827378,-1.370395,6.230444,1.088783e+05,3.090835e+04,-1.405235e+05,1.040224e+00,7.262219e+03
100,7.042900e+03,-4.424523,-4.529245,-4.889738,1.002307e+05,1.026030e+05,1.107695e+05,1.624912e-04,1.144409e+00
101,7.105785e+03,-1.392431,7.228067,3.133078,3.168389e+04,-1.644701e+05,-7.129120e+04,6.930491e-01,4.924658e+03
102,7.153070e+03,-0.945930,2.381757,7.578420,2.159553e+04,-5.437539e+04,-1.730149e+05,0.000000e+00,0.000000e+00
103,7.259516e+03,0.223793,-1.364099,7.879667,-5.147066e+03,3.137317e+04,-1.812259e+05,0.000000e+00,0.000000e+00
104,7.330770e+03,3.434875,5.433143,4.762624,-7.938609e+04,-1.255696e+05,-1.100727e+05,8.520850e-01,6.246439e+03
105,7.335811e+03,-7.906715,1.109872,-0.502035,1.828011e+05,-2.565994e+04,1.160692e+04,5.348648e-01,3.923668e+03
106,7.419189e+03,2.340350,3.234511,-6.932582,-5.441489e+04,-7.520480e+04,1.611877e+05,4.874917e-08,3.616793e-04
107,7.421761e+03,-6.093188,-3.239718,4.046886,1.416957e+05,7.533892e+04,-9.410943e+04,1.094467e+00,8.122874e+03
108,7.423745e+03,0.041514,-0.003429,7.999892,-9.655237e+02,7.975586e+01,-1.860606e+05,0.000000e+00,0.000000e+00
109,7.427825e+03,7.860149,1.466440,0.260035,-1.828607e+05,-3.411566e+04,-6.049532e+03,6.547692e-01,4.863511e+03
110,7.446657e+03,-0.550954,-7.929012,-0.909513,1.283379e+04,1.846964e+05,2.118596e+04,8.100383e-01,6.032078e+03
111,7.481664e+03,3.203255,3.104439,6.640905,-7.479099e+04,-7.248379e+04,-1.550547e+05,0.000000e+00,0.000000e+00
112,7.504480e+03,-2.323846,-2.026162,7.382033,5.434083e+04,4.737979e+04,-1.726215e+05,6.147836e-01,4.613631e+03
113,7.523002e+03,3.734379,-1.109701,-6.987344,-8.743246e+04,2.598126e+04,1.635936e+05,0.000000e+00,0.000000e+00
114,7.589923e+03,-0.440126,7.762579,1.883789,1.035034e+04,-1.825507e+05,-4.430060e+04,6.020446e-01,4.569473e+03
115,7.601001e+03,4.378848,-3.269945,-5.842358,-1.030514e+05,7.695459e+04,1.374935e+05,1.178176e-09,8.955313e-06
116,7.635100e+03,-6.627478,2.068489,-3.974655,1.563199e+05,-4.878869e+04,9.374876e+04,2.646288e-04,2.020467e+00
117,7.655126e+03,1.988965,7.659000,-1.176326,-4.697447e+04,-1.808868e+05,2.778193e+04,1.152051e-01,8.819099e+02
118,7.662516e+03,3.506436,6.987178,1.698310,-8.285339e+04,-1.650997e+05,-4.012927e+04,6.193009e-01,4.745403e+03
119,7.665130e+03,-1.508694,-3.636781,-6.964027,3.565493e+04,8.594797e+04,1.645807e+05,0.000000e+00,0.000000e+00
120,7.769215e+03,1.970158,-0.333063,7.746454,-4.687577e+04,7.924544e+03,-1.843106e+05,0.000000e+00,0.000000e+00
121,7.822728e+03,0.689484,-5.617458,5.654094,-1.646122e+04,1.341151e+05,-1.349898e+05,1.454228e+00,1.137603e+04
122,7.955735e+03,0.679332,-5.629297,-5.643539,-1.635614e+04,1.355355e+05,1.358784e+05,5.481149e-05,4.360657e-01
123,7.959501e+03,-0.379665,-0.829249,7.947842,9.143295e+03,1.997039e+04,-1.914039e+05,0.000000e+00,0.000000e+00
124,7.962774e+03,1.256900,6.985722,-3.690514,-3.027553e+04,-1.682682e+05,8.889508e+04,6.387720e-06,5.086397e-02
125,7.986731e+03,-3.704815,3.873121,5.939132,8.937369e+04,-9.343385e+04,-1.432736e+05,4.921132e-01,3.930375e+03
126,7.988980e+03,1.939804,3.324092,7.013385,-4.680177e+04,-8.020056e+04,-1.692123e+05,0.000000e+00,0.000000e+00
127,8.010915e+03,-0.668273,-1.082773,-7.898165,1.614558e+04,2.615996e+04,1.908209e+05,6.686920e-02,5.356835e+02
128,8.067781e+03,-0.326553,-0.310716,7.987291,7.917518e+03,7.533542e+03,-1.936579e+05,0.000000e+00,0.000000e+00
129,8.072187e+03,-0.236139,-1.322175,7.886450,5.726939e+03,3.206588e+04,-1.912651e+05,0.000000e+00,0.000000e+00
130,8.108555e+03,-1.619242,-0.196034,7.831962,3.935883e+04,4.764999e+03,-1.903711e+05,0.000000e+00,0.000000e+00
131,8.160718e+03,6.803295,-0.982203,4.092733,-1.658984e+05,2.395103e+04,-9.980131e+04,1.282302e+00,1.046451e+04
132,8.167654e+03,-0.173309,-4.098469,6.868225,4.227926e+03,9.998366e+04,-1.675529e+05,1.389528e+00,1.134918e+04
133,8.229096e+03,5.337228,-2.123817,5.568070,-1.306924e+05,5.200581e+04,-1.363451e+05,1.466841e+00,1.207077e+04
134,8.294613e+03,2.746156,2.706712,7.009446,-6.751214e+04,-6.654246e+04,-1.723219e+05,0.000000e+00,0.000000e+00
135,8.312063e+03,5.784728,4.497865,3.210316,-1.423627e+05,-1.106928e+05,-7.900614e+04,9.664649e-01,8.033318e+03
136,8.366006e+03,-3.623317,6.871674,-1.910933,8.945902e+04,-1.696603e+05,4.718057e+04,6.977900e-02,5.837716e+02
137,8.406901e+03,0.335329,-6.466532,-4.698034,-8.299421e+03,1.600472e+05,1.162767e+05,2.235320e-02,1.879211e+02
138,8.451267e+03,6.667964,-2.873476,3.358778,-1.654676e+05,7.130618e+04,-8.334911e+04,1.248662e+00,1.055278e+04
139,8.469312e+03,-5.267370,1.527715,5.824165,1.308509e+05,-3.795116e+04,-1.446826e+05,9.842188e-01,8.335656e+03
140,8.566816e+03,-5.566107,2.988485,4.907893,1.390657e+05,-7.466541e+04,-1.226206e+05,9.480710e-01,8.121950e+03
141,8.602145e+03,1.670856,7.793192,-0.688766,-4.183127e+04,-1.951091e+05,1.724383e+04,2.514251e-01,2.162795e+03
142,8.616432e+03,4.123892,-4.758839,-4.934265,-1.033308e+05,1.192404e+05,1.236360e+05,5.533827e-03,4.768184e+01
143,8.654956e+03,-5.880614,5.329272,1.008581,1.476773e+05,-1.338317e+05,-2.532805e+04,6.749879e-01,5.841991e+03
144,8.733939e+03,0.022812,-0.077874,7.999588,-5.754708e+02,1.964527e+03,-2.018048e+05,0.000000e+00,0.000000e+00
145,8.809196e+03,-2.262729,-3.809050,6.661171,5.732703e+04,9.650360e+04,-1.687631e+05,1.362848e+00,1.200560e+04
146,8.839566e+03,0.898578,1.006916,-7.885346,-2.280498e+04,-2.555450e+04,2.001220e+05,1.073302e+00,9.487527e+03
147,8.897363e+03,-5.581992,-4.386361,3.687981,1.421276e+05,1.116847e+05,-9.390268e+04,1.160927e+00,1.032918e+04
148,8.975501e+03,-3.970780,-0.241261,-6.940799,1.015463e+05,6.169853e+03,1.774997e+05,9.204332e-12,8.261349e-08
149,9.001502e+03,-3.505684,6.430856,-3.217805,8.978193e+04,-1.646967e+05,8.240924e+04,4.712280e-03,4.241759e+01
150,9.139734e+03,5.165588,1.375553,-5.951853,-1.333046e+05,-3.549792e+04,1.535952e+05,2.622598e-11,2.396985e-07
151,9.244702e+03,-5.071835,-0.618175,6.155839,1.316347e+05,1.604415e+04,-1.597690e+05,1.104021e+00,1.020634e+04
152,9.247492e+03,5.404407,3.381950,-4.832680,-1.402874e+05,-8.778855e+04,1.254465e+05,2.696233e-05,2.493339e-01
153,9.322413e+03,-0.548850,7.402680,2.983136,1.430462e+04,-1.929353e+05,-7.774919e+04,8.010671e-01,7.467878e+03
154,9.344458e+03,0.868495,7.915798,0.765414,-2.266226e+04,-2.065525e+05,-1.997248e+04,5.565214e-01,5.200391e+03
155,9.356913e+03,0.850194,-0.122427,7.953753,-2.219950e+04,3.196705e+03,-2.076811e+05,0.000000e+00,0.000000e+00
156,9.421551e+03,7.520041,1.514936,-2.270232,-1.970335e+05,-3.969301e+04,5.948262e+04,2.139584e-01,2.015820e+03
157,9.500995e+03,-3.810239,6.974450,-0.916042,1.002526e+05,-1.835072e+05,2.410230e+04,3.103547e-01,2.948678e+03
158,9.513097e+03,-0.682417,0.472718,-7.956811,1.796675e+04,-1.244578e+04,2.094878e+05,1.079450e+00,1.026891e+04
159,9.545157e+03,2.420279,-2.659374,7.146326,-6.382864e+04,7.013416e+04,-1.884660e+05,1.113071e+00,1.062444e+04
160,9.554451e+03,-1.086357,-1.305200,-7.817690,2.866381e+04,3.443806e+04,2.062719e+05,2.879425e-02,2.751132e+02
161,9.570716e+03,3.112701,-7.142885,-1.813914,-8.219933e+04,1.886273e+05,4.790133e+04,7.389607e-01,7.072383e+03
162,9.644294e+03,3.532770,-1.265604,7.065252,-9.365033e+04,3.354993e+04,-1.872930e+05,2.578340e-01,2.486627e+03
163,9.646850e+03,-1.325689,1.987725,7.634887,3.514738e+04,-5.269965e+04,-2.024203e+05,0.000000e+00,0.000000e+00
164,9.723579e+03,3.442712,0.487875,-7.204840,-9.163733e+04,-1.298614e+04,1.917768e+05,2.854341e-05,2.775441e-01
165,9.740746e+03,-2.965848,-5.778083,-4.670921,7.901392e+04,1.539354e+05,1.244392e+05,4.105925e-02,3.999477e+02
166,9.785712e+03,2.524196,6.615119,3.724062,-6.740281e+04,-1.766414e+05,-9.944244e+04,9.728035e-01,9.519575e+03
167,9.822115e+03,3.253195,3.968374,6.137486,-8.703046e+04,-1.061631e+05,-1.641919e+05,0.000000e+00,0.000000e+00
168,9.928457e+03,-0.566991,-0.340221,7.972626,1.525022e+04,9.150829e+03,-2.144376e+05,0.000000e+00,0.000000e+00
169,1.014247e+04,0.149098,-1.918530,7.765115,-4.053247e+03,5.215539e+04,-2.110953e+05,4.563774e-05,4.628794e-01
170,1.014548e+04,6.969729,-3.523550,1.734205,-1.895007e+05,9.580219e+04,-4.715148e+04,1.113437e+00,1.129635e+04
171,1.015020e+04,3.711637,-6.627020,-2.511247,-1.009396e+05,1.802247e+05,6.829446e+04,5.902312e-01,5.990967e+03
172,1.016826e+04,-3.856612,-0.470881,6.993198,1.049755e+05,1.281719e+04,-1.903522e+05,9.333148e-01,9.490187e+03
173,1.017174e+04,-7.107808,-3.585696,-0.788571,1.935050e+05,9.761798e+04,2.146829e+04,8.038448e-01,8.176502e+03
174,1.017321e+04,-3.936734,-6.856639,-1.220096,1.071824e+05,1.866805e+05,3.321863e+04,8.399238e-01,8.544718e+03
175,1.021636e+04,-3.844038,-6.785346,-1.783942,1.048804e+05,1.851308e+05,4.867291e+04,7.500207e-01,7.662479e+03
176,1.024116e+04,-7.462068,2.883449,-0.057170,2.038414e+05,-7.876723e+04,1.561705e+03,6.966579e-01,7.134584e+03
177,1.025070e+04,7.823438,1.576964,-0.554071,-2.138125e+05,-4.309802e+04,1.514263e+04,6.617546e-01,6.783448e+03
178,1.030505e+04,2.579255,0.577544,7.550754,-7.067700e+04,-1.582593e+04,-2.069065e+05,0.000000e+00,0.000000e+00
179,1.034241e+04,-7.122436,-2.405076,-2.736148,1.955231e+05,6.602347e+04,7.511197e+04,3.425450e-01,3.542740e+03
180,1.035122e+04,1.102864,-7.916546,0.334641,-3.028841e+04,2.174153e+05,-9.190394e+03,1.042239e+00,1.078844e+04
181,1.039631e+04,-2.613075,-7.553984,0.330414,7.192006e+04,2.079095e+05,-9.094029e+03,1.025794e+00,1.066447e+04
182,1.043518e+04,-1.502766,-5.922363,5.164040,4.143811e+04,1.633066e+05,-1.423961e+05,1.474363e+00,1.538523e+04
183,1.044729e+04,-1.497277,7.821302,-0.765115,4.131071e+04,-2.157941e+05,2.110996e+04,3.467626e-01,3.622731e+03
184,1.047434e+04,0.698623,7.595753,-2.411734,-1.930033e+04,-2.098422e+05,6.662718e+04,5.344318e-02,5.597819e+02
185,1.047613e+04,3.737721,-2.047118,-6.770432,-1.032680e+05,5.655904e+04,1.870577e+05,3.515686e-07,3.683078e-03
186,1.053926e+04,0.307098,2.464520,-7.604724,-8.510232e+03,-6.829613e+04,2.107401e+05,1.153803e+00,1.216023e+04
187,1.060922e+04,-0.927665,-1.302713,-7.838519,2.579239e+04,3.622005e+04,2.179387e+05,4.965782e-02,5.268305e+02
188,1.062112e+04,0.752094,-0.923614,-7.910834,-2.092262e+04,2.569417e+04,2.200727e+05,1.632289e-01,1.733675e+03
189,1.064395e+04,4.608779,4.491541,-4.752390,-1.283500e+05,-1.250851e+05,1.323495e+05,3.285813e-04,3.497403e+00
190,1.068606e+04,1.924504,1.546566,7.609495,-5.370149e+04,-4.315546e+04,-2.123358e+05,0.000000e+00,0.000000e+00
191,1.072551e+04,-3.090432,4.573565,-5.790659,8.639466e+04,-1.278564e+05,1.618809e+05,3.581628e-07,3.841479e-03
192,1.074195e+04,-3.785099,6.808027,-1.823126,1.058955e+05,-1.904678e+05,5.100549e+04,1.788508e-01,1.921206e+03
193,1.074513e+04,0.189435,0.615520,-7.974036,-5.300593e+03,-1.722290e+04,2.231222e+05,1.025136e+00,1.101522e+04
194,1.075154e+04,-4.595798,0.235815,-6.543931,1.286338e+05,-6.600337e+03,1.831609e+05,8.860295e-07,9.526184e-03
195,1.076172e+04,1.945146,3.047247,7.136574,-5.446929e+04,-8.533106e+04,-1.998431e+05,0.000000e+00,0.000000e+00
196,1.083058e+04,-5.687188,5.299866,1.888731,1.597652e+05,-1.488845e+05,-5.305847e+04,8.452731e-01,9.154801e+03
197,1.086870e+04,-0.873270,-1.222746,7.857626,2.457514e+04,3.440994e+04,-2.211255e+05,0.000000e+00,0.000000e+00
198,1.089540e+04,1.955079,-1.464903,-7.617856,-5.508643e+04,4.127520e+04,2.146411e+05,1.372916e-03,1.495846e+01
199,1.091477e+04,0.376154,0.692406,7.961098,-1.060797e+04,-1.952659e+04,-2.245117e+05,0.000000e+00,0.000000e+00
200,1.092204e+04,-6.059473,-0.851309,5.153452,1.709406e+05,2.401585e+04,-1.453813e+05,1.138995e+00,1.244015e+04
201,1.095947e+04,-3.809684,-2.313621,-6.643303,1.076570e+05,6.538010e+04,1.877316e+05,1.584627e-05,1.736667e-01
202,1.099043e+04,7.203019,-2.858607,-1.986172,-2.038359e+05,8.089479e+04,5.620602e+04,5.912909e-01,6.498542e+03
203,1.101092e+04,3.286179,-3.055602,6.623015,-9.308114e+04,8.655002e+04,-1.875971e+05,1.619593e+00,1.783321e+04
204,1.104720e+04,-0.352280,-1.780937,7.791288,9.994762e+03,5.052816e+04,-2.210518e+05,4.933445e-04,5.450076e+00
205,1.111203e+04,1.615382,-1.535002,7.683379,-4.596536e+04,4.367815e+04,-2.186289e+05,0.000000e+00,0.000000e+00
206,1.111729e+04,-5.913534,3.407758,-4.173404,1.683082e+05,-9.698998e+04,1.187814e+05,8.227859e-03,9.147147e+01
207,1.112197e+04,2.046017,-4.891914,-5.990241,-5.824501e+04,1.392606e+05,1.705272e+05,2.071689e-03,2.304125e+01
208,1.115496e+04,6.362149,-4.838131,0.339926,-1.813830e+05,1.379337e+05,-9.691189e+03,1.020605e+00,1.138481e+04
209,1.115721e+04,-4.775571,4.628750,-4.446190,1.361638e+05,-1.319776e+05,1.267723e+05,1.724613e-03,1.924187e+01
210,1.117470e+04,7.068539,3.704118,0.561486,-2.017002e+05,-1.056967e+05,-1.602197e+04,7.944139e-01,8.877336e+03
211,1.127452e+04,0.045545,0.603886,-7.977045,-1.305405e+03,-1.730864e+04,2.286387e+05,1.022849e+00,1.153213e+04
212,1.133864e+04,-3.043305,-6.595860,3.351557,8.747515e+04,1.895879e+05,-9.633538e+04,1.295069e+00,1.468433e+04
213,1.146475e+04,0.502892,-1.760744,7.787611,-1.453502e+04,5.089057e+04,-2.250843e+05,0.000000e+00,0.000000e+00
214,1.146516e+04,-7.958959,0.809253,0.008612,2.300409e+05,-2.339015e+04,-2.489222e+02,8.195980e-01,9.396824e+03
215,1.159546e+04,3.235410,-1.452446,7.170950,-9.404418e+04,4.221848e+04,-2.084392e+05,3.777324e-01,4.379980e+03
216,1.161908e+04,6.713295,3.708374,2.275879,-1.953351e+05,-1.079016e+05,-6.622068e+04,1.005374e+00,1.168151e+04
217,1.167371e+04,4.538790,-1.069774,6.500382,-1.323742e+05,3.120004e+04,-1.895842e+05,1.382341e+00,1.613705e+04
218,1.170138e+04,2.573490,7.336695,-1.884157,-7.514493e+04,-2.142287e+05,5.501667e+04,1.718267e-01,2.010609e+03
219,1.174442e+04,-6.288199,-3.754896,3.218589,1.839504e+05,1.098430e+05,-9.415424e+04,1.153912e+00,1.355202e+04
220,1.179360e+04,-2.914532,-2.121245,7.141836,8.543794e+04,6.218316e+04,-2.093591e+05,1.241832e+00,1.464568e+04
221,1.182400e+04,7.626264,-0.220451,2.406555,-2.238478e+05,6.470736e+03,-7.063772e+04,1.143838e+00,1.352474e+04
222,1.183825e+04,3.124006,-6.690369,3.078888,-9.175172e+04,1.964954e+05,-9.042661e+04,1.368710e+00,1.620313e+04
223,1.189088e+04,-7.109834,0.908231,-3.553221,2.092788e+05,-2.673387e+04,1.045895e+05,9.225528e-02,1.096997e+03
224,1.192574e+04,2.187449,-6.873847,3.459088,-6.448214e+04,2.026289e+05,-1.019678e+05,1.414384e+00,1.686758e+04
225,1.193143e+04,-1.777196,3.035171,7.185354,5.240108e+04,-8.949278e+04,-2.118620e+05,0.000000e+00,0.000000e+00
226,1.200543e+04,-3.334252,-5.791020,4.398506,9.861567e+04,1.712784e+05,-1.300926e+05,1.391240e+00,1.670244e+04
227,1.201838e+04,-1.576694,-1.179938,-7.753824,4.665831e+04,3.491730e+04,2.294550e+05,3.735672e-02,4.489673e+02
228,1.203517e+04,-5.870558,-0.611979,5.400188,1.738458e+05,1.812264e+04,-1.599167e+05,1.158923e+00,1.394783e+04
229,1.206476e+04,3.660068,-6.310564,-3.283395,-1.085194e+05,1.871054e+05,9.735117e+04,4.631504e-01,5.587798e+03
230,1.207310e+04,-3.632833,0.980451,7.059833,1.077491e+05,-2.907997e+04,-2.093932e+05,3.976002e-01,4.800267e+03
231,1.208515e+04,-2.420990,-4.151399,-6.395677,7.184189e+04,1.231911e+05,1.897891e+05,1.637188e-03,1.978566e+01
232,1.209364e+04,-1.626413,6.564361,4.273634,4.828007e+04,-1.948631e+05,-1.268628e+05,1.000311e+00,1.209740e+04
233,1.215605e+04,-1.025773,-5.226421,5.969281,3.052855e+04,1.555462e+05,-1.776548e+05,1.540859e+00,1.873076e+04
234,1.218725e+04,-1.287214,1.314030,7.785654,3.835855e+04,-3.915767e+04,-2.320100e+05,0.000000e+00,0.000000e+00
235,1.225458e+04,-7.102676,-3.136467,1.927320,2.122413e+05,9.372352e+04,-5.759195e+04,1.064529e+00,1.304536e+04
236,1.227333e+04,-1.926773,6.949773,3.462399,5.761963e+04,-2.078311e+05,-1.035421e+05,9.308732e-01,1.142491e+04
237,1.233611e+04,-6.724679,-4.233269,0.926353,2.016134e+05,1.269181e+05,-2.777310e+04,1.030418e+00,1.271135e+04
238,1.234777e+04,1.187257,-0.432062,7.899604,-3.561209e+04,1.295981e+04,-2.369508e+05,0.000000e+00,0.000000e+00
239,1.256253e+04,-2.727642,-1.877026,-7.282633,8.252483e+04,5.678943e+04,2.203362e+05,2.532282e-04,3.181188e+00
240,1.258358e+04,3.166322,2.442675,-6.928762,-9.587730e+04,-7.396502e+04,2.098053e+05,1.268925e-03,1.596761e+01
241,1.259018e+04,-0.258123,-0.398901,7.985878,7.818112e+03,1.208204e+04,-2.418786e+05,0.000000e+00,0.000000e+00
242,1.266586e+04,2.717930,7.501813,-0.579366,-8.256848e+04,-2.278989e+05,1.760068e+04,4.923429e-01,6.235947e+03
243,1.273474e+04,-0.739148,-3.847785,-6.974827,2.251569e+04,1.172100e+05,2.124649e+05,3.450549e-04,4.394185e+00
244,1.273570e+04,-3.865412,-6.081415,-3.474909,1.177513e+05,1.852570e+05,1.058555e+05,4.264047e-01,5.430563e+03
245,1.281249e+04,-6.637783,-1.478300,4.213605,2.028143e+05,4.516874e+04,-1.287447e+05,1.153774e+00,1.478272e+04
246,1.293347e+04,-5.714159,2.164523,5.163644,1.754157e+05,-6.644748e+04,-1.585158e+05,1.078301e+00,1.394618e+04
247,1.294463e+04,2.913773,2.642569,-6.966115,-8.948686e+04,-8.115771e+04,2.139411e+05,3.256011e-03,4.214786e+01
248,1.298047e+04,-3.956976,6.894140,-0.901761,1.216935e+05,-2.120235e+05,2.773289e+04,4.836877e-01,6.278492e+03
249,1.299121e+04,5.006809,-2.360250,5.775905,-1.540439e+05,7.261753e+04,-1.777066e+05,1.710231e+00,2.221796e+04
250,1.307569e+04,-4.599614,-3.199236,5.710380,1.419751e+05,9.875005e+04,-1.762609e+05,1.357557e+00,1.775099e+04
251,1.308935e+04,1.307779,3.718623,-6.961433,-4.038796e+04,-1.148418e+05,2.149891e+05,2.715834e-02,3.554850e+02
252,1.316201e+04,-4.907418,-4.800223,-4.107932,1.519753e+05,1.486556e+05,1.272164e+05,2.070133e-01,2.724712e+03
253,1.320300e+04,1.962169,-2.056008,7.478150,-6.085992e+04,6.377049e+04,-2.319472e+05,4.354478e-01,5.749216e+03
254,1.331723e+04,-3.547655,-7.079408,1.138476,1.105114e+05,2.205274e+05,-3.546415e+04,1.115957e+00,1.486146e+04
255,1.340889e+04,3.445595,0.708343,-7.185132,-1.077009e+05,-2.214108e+04,2.245897e+05,2.163933e-03,2.901594e+01
256,1.342885e+04,-0.791340,-1.271991,7.858487,2.475376e+04,3.978890e+04,-2.458199e+05,0.000000e+00,0.000000e+00
257,1.344883e+04,-0.775773,4.138291,6.802406,2.428486e+04,-1.295454e+05,-2.129430e+05,0.000000e+00,0.000000e+00
258,1.349328e+04,6.112235,-4.604543,-2.332116,-1.916538e+05,1.443790e+05,7.312529e+04,6.910058e-01,9.323935e+03
259,1.354083e+04,-2.832839,-7.279131,-1.728952,8.898223e+04,2.286446e+05,5.430806e+04,8.752389e-01,1.185146e+04
260,1.366325e+04,-4.368329,1.906569,6.425162,1.378323e+05,-6.015728e+04,-2.027308e+05,1.061636e+00,1.450540e+04
261,1.368250e+04,-0.780684,5.499524,5.757236,2.464998e+04,-1.736467e+05,-1.817839e+05,9.427656e-02,1.289939e+03
262,1.372869e+04,-0.956726,0.139527,-7.941361,3.025942e+04,-4.412965e+03,2.511702e+05,1.145061e+00,1.572019e+04
263,1.384507e+04,1.027145,4.945784,-6.203563,-3.262407e+04,-1.570875e+05,1.970369e+05,4.814761e-04,6.666072e+00
264,1.387591e+04,7.544232,-1.934260,-1.828443,-2.398857e+05,6.150411e+04,5.813943e+04,7.038806e-01,9.766981e+03
265,1.388304e+04,5.511253,5.798614,-0.046589,-1.752876e+05,-1.844273e+05,1.481796e+03,7.078594e-01,9.827241e+03
266,1.389324e+04,-2.906038,-0.092404,7.452946,9.246170e+04,2.940031e+03,-2.371311e+05,2.308112e-01,3.206716e+03
267,1.404953e+04,-3.657629,-6.546063,2.787617,1.170278e+05,2.094449e+05,-8.919131e+04,1.251745e+00,1.758643e+04
268,1.408104e+04,1.475687,-2.640992,7.405910,-4.726835e+04,8.459468e+04,-2.372217e+05,1.196616e+00,1.684960e+04
269,1.408286e+04,-2.187607,-2.935659,-7.113106,7.007667e+04,9.403939e+04,2.278575e+05,7.773664e-04,1.094754e+01
270,1.409096e+04,5.712046,4.463137,3.384218,-1.830293e+05,-1.430109e+05,-1.084395e+05,1.161955e+00,1.637306e+04
271,1.415777e+04,-1.488819,-7.598080,-2.013106,4.781873e+04,2.440394e+05,6.465807e+04,8.604124e-01,1.218152e+04
272,1.417838e+04,2.232571,3.382729,6.897302,-7.175915e+04,-1.087274e+05,-2.216926e+05,0.000000e+00,0.000000e+00
273,1.425649e+04,-1.324354,-2.458209,-7.496886,4.268440e+04,7.922895e+04,2.416273e+05,1.588148e-03,2.264142e+01
274,1.427239e+04,-3.534062,5.428438,-4.694941,1.139675e+05,-1.750580e+05,1.514039e+05,6.783878e-03,9.682214e+01
275,1.432012e+04,1.616431,-5.985075,5.056286,-5.221426e+04,1.933311e+05,-1.633291e+05,1.593181e+00,2.281454e+04
276,1.445933e+04,0.878699,1.597419,7.789489,-2.852155e+04,-5.185036e+04,-2.528377e+05,9.124086e-02,1.319282e+03
277,1.447149e+04,0.004247,-3.954922,6.954033,-1.378992e+02,1.284261e+05,-2.258146e+05,1.565108e+00,2.264945e+04
278,1.450625e+04,1.137209,-7.745235,1.648664,-3.697231e+04,2.518088e+05,-5.360045e+04,1.216022e+00,1.763991e+04
279,1.464750e+04,5.362727,-2.551490,5.360136,-1.751968e+05,8.335548e+04,-1.751121e+05,1.656689e+00,2.426634e+04
280,1.466918e+04,1.322715,-4.801797,6.260445,-4.324422e+04,1.569877e+05,-2.046760e+05,1.652698e+00,2.424373e+04
281,1.468681e+04,-1.303267,1.214213,-7.799178,4.263395e+04,-3.972074e+04,2.551357e+05,1.093125e+00,1.605452e+04
282,1.474330e+04,-5.352966,-4.813528,3.489371,1.754489e+05,1.577682e+05,-1.143677e+05,1.252289e+00,1.846288e+04
283,1.475263e+04,1.569279,4.621406,-6.338768,-5.145095e+04,-1.515191e+05,2.078252e+05,1.200084e-03,1.770438e+01
284,1.475345e+04,2.798230,0.322303,7.487725,-9.174640e+04,-1.056744e+04,-2.455022e+05,0.000000e+00,0.000000e+00
285,1.475905e+04,-4.207704,-6.160491,2.888526,1.379854e+05,2.020241e+05,-9.472491e+04,1.251177e+00,1.846619e+04
286,1.480718e+04,-1.039439,1.854915,-7.712254,3.414238e+04,-6.092825e+04,2.533239e+05,1.091623e+00,1.616386e+04
287,1.488455e+04,-3.166980,2.506309,-6.905697,1.042970e+05,-8.253938e+04,2.274229e+05,4.439585e-03,6.608125e+01
288,1.488596e+04,0.993763,1.053058,-7.867878,-3.272879e+04,-3.468161e+04,2.591223e+05,1.063986e+00,1.583846e+04
289,1.508457e+04,-4.664137,6.247907,-1.791503,1.546310e+05,-2.071380e+05,5.939400e+04,3.830212e-01,5.777710e+03
290,1.516256e+04,2.423298,-3.604547,-6.718249,-8.054744e+04,1.198107e+05,2.233064e+05,4.625279e-03,7.013108e+01
291,1.521828e+04,-6.539600,2.811649,3.650789,2.177673e+05,-9.362732e+04,-1.215705e+05,1.054940e+00,1.605438e+04
292,1.529958e+04,5.025398,-2.799089,-5.559719,-1.677911e+05,9.345771e+04,1.856313e+05,2.180047e-02,3.335380e+02
293,1.530591e+04,1.240743,-7.406160,-2.758506,-4.143528e+04,2.473326e+05,9.212175e+04,7.602527e-01,1.163636e+04
294,1.531900e+04,-1.217373,2.832326,7.382136,4.067219e+04,-9.462744e+04,-2.466357e+05,0.000000e+00,0.000000e+00
295,1.555790e+04,2.065105,2.292374,7.381082,-6.953063e+04,-7.718262e+04,-2.485159e+05,0.000000e+00,0.000000e+00
296,1.560064e+04,0.026162,-7.933407,1.029745,-8.820562e+02,2.674790e+05,-3.471841e+04,1.161268e+00,1.811653e+04
297,1.571806e+04,0.644201,6.669928,-4.370019,-2.180117e+04,-2.257248e+05,1.478909e+05,1.346410e-02,2.116295e+02
298,1.575584e+04,1.796339,-2.338910,7.436576,-6.086502e+04,7.924883e+04,-2.519721e+05,9.981479e-01,1.572665e+04
299,1.576082e+04,1.413916,-0.517158,7.857060,-4.791503e+04,1.752555e+04,-2.662613e+05,0.000000e+00,0.000000e+00
300,1.583871e+04,3.311977,4.064441,6.042444,-1.125138e+05,-1.380764e+05,-2.052727e+05,0.000000e+00,0.000000e+00
301,1.590889e+04,-1.091223,-0.784409,7.886313,3.715287e+04,2.670675e+04,-2.685052e+05,0.000000e+00,0.000000e+00
302,1.597842e+04,0.304804,-0.738417,7.960015,-1.040032e+04,2.519576e+04,-2.716061e+05,0.000000e+00,0.000000e+00
303,1.603610e+04,6.783840,-1.097755,-4.095662,-2.318909e+05,3.752438e+04,1.400014e+05,1.477152e-01,2.368777e+03
304,1.613596e+04,0.568382,7.663344,-2.224881,-1.948930e+04,-2.627692e+05,7.628917e+04,2.317471e-01,3.739462e+03
305,1.614550e+04,1.099213,7.815808,1.305710,-3.770218e+04,-2.680762e+05,-4.478485e+04,8.589137e-01,1.386759e+04
306,1.617315e+04,7.295080,-3.266004,-0.339163,-2.504298e+05,1.121173e+05,1.164300e+04,1.004514e+00,1.624616e+04
307,1.618747e+04,4.782930,-5.817906,-2.697324,-1.642639e+05,1.998089e+05,9.263632e+04,7.419223e-01,1.200985e+04
308,1.628078e+04,-5.116458,-5.052888,-3.505734,1.762243e+05,1.740348e+05,1.207467e+05,5.053789e-01,8.227963e+03
309,1.632353e+04,4.793751,0.790172,6.355752,-1.653260e+05,-2.725129e+04,-2.191960e+05,1.111327e+00,1.814078e+04
310,1.635351e+04,-2.750960,-1.095679,7.431804,9.496169e+04,3.782227e+04,-2.565420e+05,9.482265e-01,1.550683e+04
311,1.640586e+04,5.140953,6.035819,-1.067470,-1.777468e+05,-2.086865e+05,3.690742e+04,5.931436e-01,9.731032e+03
312,1.647362e+04,5.498422,-4.750148,3.347155,-1.904984e+05,1.645737e+05,-1.159655e+05,1.444009e+00,2.378805e+04
313,1.654360e+04,-0.657096,2.056968,-7.703058,2.281404e+04,-7.141694e+04,2.674465e+05,1.071739e+00,1.773041e+04
314,1.654991e+04,4.663046,-0.880451,-6.440560,-1.619296e+05,3.057467e+04,2.236558e+05,5.487425e-03,9.081636e+01
315,1.655265e+04,-6.223075,2.077465,-4.577934,2.161213e+05,-7.214833e+04,1.589871e+05,3.954578e-02,6.545876e+02
316,1.666561e+04,-7.468918,1.512057,2.434944,2.602717e+05,-5.269110e+04,-8.485125e+04,1.051914e+00,1.753079e+04
317,1.667045e+04,-7.818840,1.634129,-0.441998,2.725052e+05,-5.695326e+04,1.540469e+04,8.652243e-01,1.442368e+04
318,1.680166e+04,2.691216,-1.974276,7.270460,-9.416367e+04,6.907845e+04,-2.543881e+05,1.165083e+00,1.957533e+04
319,1.687749e+04,-2.864979,-7.122665,2.249342,1.004695e+05,2.497785e+05,-7.888021e+04,1.242220e+00,2.096555e+04
320,1.698893e+04,4.464043,0.888101,6.579027,-1.570616e+05,-3.124670e+04,-2.314746e+05,4.067623e-01,6.910457e+03
321,1.701702e+04,-1.194013,7.579172,2.265058,4.204452e+04,-2.668838e+05,-7.975900e+04,9.412325e-01,1.601697e+04
322,1.705799e+04,-1.266585,-7.201865,-3.244827,4.465365e+04,2.539029e+05,1.143969e+05,6.910571e-01,1.178805e+04
323,1.707421e+04,7.086876,0.012261,3.711608,-2.499677e+05,-4.324619e+02,-1.309155e+05,1.401906e+00,2.393644e+04
324,1.711006e+04,-6.726946,0.329631,4.317354,2.375212e+05,-1.163891e+04,-1.524411e+05,1.142854e+00,1.955431e+04
325,1.725839e+04,4.853115,5.718693,2.782773,-1.720994e+05,-2.027942e+05,-9.868171e+04,1.085033e+00,1.872592e+04
326,1.736361e+04,5.043380,1.856454,-5.926035,-1.793909e+05,-6.603327e+04,2.107866e+05,8.383168e-03,1.455621e+02
327,1.739915e+04,0.022167,-0.005407,-7.999967,-7.892761e+02,1.925299e+02,2.848465e+05,1.085227e+00,1.888202e+04
328,1.743889e+04,-2.746797,3.791520,6.486870,9.791396e+04,-1.351548e+05,-2.312348e+05,1.182497e-01,2.062144e+03
329,1.744576e+04,-4.564717,-1.258775,6.448166,1.627487e+05,4.487988e+04,-2.299005e+05,1.347699e+00,2.351163e+04
330,1.746176e+04,-7.515586,-0.651349,-2.663027,2.680807e+05,2.323360e+04,9.499009e+04,5.658950e-01,9.881525e+03
331,1.757501e+04,1.066240,-3.393630,7.165641,-3.815586e+04,1.214426e+05,-2.564256e+05,1.682367e+00,2.956761e+04
332,1.760102e+04,-7.711394,-1.161066,-1.785028,2.761599e+05,4.158002e+04,6.392530e+04,7.767771e-01,1.367207e+04
333,1.771290e+04,-1.624747,-3.381320,-7.065895,5.836996e+04,1.214758e+05,2.538462e+05,5.951162e-03,1.054123e+02
334,1.782052e+04,-2.840976,5.011981,-5.550577,1.023732e+05,-1.806044e+05,2.000124e+05,7.660404e-03,1.365123e+02
335,1.796920e+04,-6.454193,4.518919,-1.386640,2.335420e+05,-1.635150e+05,5.017495e+04,6.498368e-01,1.167705e+04
336,1.800535e+04,-5.636116,-4.937610,-2.802536,2.041453e+05,1.788448e+05,1.015104e+05,7.232244e-01,1.302191e+04
337,1.802745e+04,6.834414,1.739375,3.776952,-2.477006e+05,-6.304041e+04,-1.368886e+05,1.373589e+00,2.476230e+04
338,1.808872e+04,3.684478,6.843295,1.895769,-1.337638e+05,-2.484436e+05,-6.882528e+04,9.761895e-01,1.765802e+04
339,1.815595e+04,-0.897708,-7.242447,3.277360,3.265152e+04,2.634229e+05,-1.192044e+05,1.413168e+00,2.565741e+04
340,1.817360e+04,6.619548,4.005479,2.034139,-2.408838e+05,-1.457584e+05,-7.402182e+04,1.084955e+00,1.971754e+04
341,1.822021e+04,-3.570307,6.978655,-1.597275,1.300891e+05,-2.542770e+05,5.819894e+04,4.961307e-01,9.039604e+03
342,1.825569e+04,-1.474952,-0.299270,7.857159,5.379423e+04,1.091491e+04,-2.865651e+05,0.000000e+00,0.000000e+00
343,1.834304e+04,6.085490,5.042877,-1.239435,-2.224795e+05,-1.843625e+05,4.531251e+04,6.548986e-01,1.201283e+04
344,1.844600e+04,1.033745,1.063223,7.861357,-3.789860e+04,-3.897931e+04,-2.882089e+05,0.000000e+00,0.000000e+00
345,1.848379e+04,2.993234,-1.695441,-7.222605,-1.098487e+05,6.222100e+04,2.650624e+05,5.973919e-03,1.104207e+02
346,1.849992e+04,-3.537191,-1.132185,-7.085650,1.298680e+05,4.156816e+04,2.601497e+05,6.022269e-03,1.114115e+02
347,1.853642e+04,-0.344930,-0.577808,-7.971647,1.267658e+04,2.123516e+04,2.929677e+05,1.266040e+00,2.346786e+04
348,1.863469e+04,3.352841,5.235600,5.034575,-1.235471e+05,-1.929240e+05,-1.855165e+05,1.410587e+00,2.628585e+04
349,1.869255e+04,-1.282095,-0.906574,7.844384,4.731656e+04,3.345773e+04,-2.895021e+05,7.904129e-08,1.477483e-03
350,1.870229e+04,5.888928,-1.938245,5.056059,-2.173914e+05,7.155085e+04,-1.866458e+05,1.654886e+00,3.095016e+04
351,1.871582e+04,-4.239772,1.968325,6.492305,1.565690e+05,-7.268754e+04,-2.397519e+05,1.179966e+00,2.208403e+04
352,1.876837e+04,0.395629,-6.839209,-4.131429,-1.463054e+04,2.529169e+05,1.527820e+05,4.860335e-01,9.122058e+03
353,1.886544e+04,-1.642265,-3.690557,6.905270,6.088850e+04,1.368309e+05,-2.560193e+05,1.592017e+00,3.003409e+04
354,1.886954e+04,0.084365,-0.045736,7.999424,-3.128263e+03,1.695905e+03,-2.966184e+05,0.000000e+00,0.000000e+00
355,1.891251e+04,3.013632,6.215899,-4.034925,-1.118725e+05,-2.307476e+05,1.497851e+05,4.622940e-02,8.743138e+02
356,1.893592e+04,-7.909007,-0.872267,0.828711,2.937811e+05,3.240048e+04,-3.078257e+04,1.033496e+00,1.957019e+04
357,1.894214e+04,6.556064,4.374293,1.372438,-2.435658e+05,-1.625104e+05,-5.098777e+04,1.025588e+00,1.942682e+04
358,1.895740e+04,-1.668497,-2.359703,-7.459754,6.201167e+04,8.770117e+04,2.772507e+05,8.443435e-03,1.600656e+02
359,1.899994e+04,0.115309,0.387014,7.989801,-4.290412e+03,-1.439996e+04,-2.972835e+05,0.000000e+00,0.000000e+00
360,1.902159e+04,6.079507,4.970696,-1.527014,-2.263343e+05,-1.850543e+05,5.684930e+04,6.155492e-01,1.170872e+04
361,1.921425e+04,0.021339,0.753571,7.964400,-7.984470e+02,-2.819646e+04,-2.980049e+05,0.000000e+00,0.000000e+00
362,1.935136e+04,5.978695,-5.181353,-1.186925,-2.245023e+05,1.945618e+05,4.456948e+04,9.937171e-01,1.922977e+04
363,1.939754e+04,-1.577448,0.128657,-7.841881,5.930442e+04,-4.836895e+03,2.948169e+05,1.281959e+00,2.486685e+04
364,1.940598e+04,-5.335053,-1.693029,-5.715843,2.006158e+05,6.366354e+04,2.149348e+05,3.192504e-02,6.195366e+02
365,1.953906e+04,3.484112,6.576213,2.935027,-1.314627e+05,-2.481341e+05,-1.107446e+05,1.088948e+00,2.127703e+04
366,1.963026e+04,6.353854,-1.335074,4.673983,-2.403029e+05,5.049252e+04,-1.767701e+05,1.614523e+00,3.169351e+04
367,1.964090e+04,4.373811,-3.597411,5.650523,-1.654624e+05,1.360910e+05,-2.137608e+05,1.774034e+00,3.484362e+04
368,1.980226e+04,3.384659,-5.366378,-4.872995,-1.285674e+05,2.038437e+05,1.851024e+05,2.161831e-01,4.280914e+03
369,1.982621e+04,-2.238006,-0.373230,7.671508,8.506281e+04,1.418585e+04,-2.915811e+05,1.326926e-01,2.630791e+03
370,1.982772e+04,1.320625,-6.452490,4.541071,-5.019662e+04,2.452575e+05,-1.726050e+05,1.613296e+00,3.198798e+04
371,1.988439e+04,0.298871,-7.174170,-3.527317,-1.137622e+04,2.730779e+05,1.342639e+05,6.951165e-01,1.382197e+04
372,1.989107e+04,4.483746,6.529669,1.122253,-1.706981e+05,-2.485873e+05,-4.272464e+04,9.503386e-01,1.890325e+04
373,1.993422e+04,4.013511,6.542799,2.254664,-1.529617e+05,-2.493572e+05,-8.592906e+04,1.040029e+00,2.073218e+04
374,2.001789e+04,0.181781,0.317699,-7.991622,-6.942500e+03,-1.213345e+04,3.052128e+05,1.031704e+00,2.065254e+04
375,2.007756e+04,-3.597612,6.209913,3.534710,1.376032e+05,-2.375197e+05,-1.351973e+05,1.045397e+00,2.098903e+04
376,2.009515e+04,-3.163782,6.494164,-3.437488,1.210628e+05,-2.485006e+05,1.315363e+05,1.200362e-01,2.412144e+03
377,2.016068e+04,1.891721,0.456461,7.759706,-7.250508e+04,-1.749504e+04,-2.974106e+05,0.000000e+00,0.000000e+00
378,2.019321e+04,-5.696085,0.318069,5.608337,2.184932e+05,-1.220064e+04,-2.151273e+05,1.221192e+00,2.465978e+04
379,2.019867e+04,-0.022720,-0.035121,7.999891,8.716238e+02,1.347379e+03,-3.069051e+05,0.000000e+00,0.000000e+00
380,2.024670e+04,0.897960,0.659934,-7.922004,-3.448998e+04,-2.534757e+04,3.042783e+05,1.047370e+00,2.120580e+04
381,2.025344e+04,1.450416,2.466874,7.470664,-5.571865e+04,-9.476655e+04,-2.869904e+05,0.000000e+00,0.000000e+00
382,2.026807e+04,4.954043,-1.240315,6.157847,-1.903815e+05,4.766472e+04,-2.366431e+05,1.994285e+00,4.042030e+04
383,2.028070e+04,-0.158556,5.529019,5.779689,6.095110e+03,-2.125437e+05,-2.221799e+05,2.872429e-01,5.825488e+03
384,2.030495e+04,-3.424337,-1.094310,-7.146775,1.317153e+05,4.209204e+04,2.748968e+05,9.761690e-03,1.982106e+02
385,2.031990e+04,-2.267266,-0.858526,-7.623807,8.724127e+04,3.303490e+04,2.933536e+05,7.156027e-02,1.454098e+03
386,2.038896e+04,0.002617,-0.042895,-7.999885,-1.008642e+02,1.653349e+03,3.083472e+05,1.062789e+00,2.166917e+04
387,2.048207e+04,-4.056894,4.054849,-5.576720,1.567254e+05,-1.566463e+05,2.154390e+05,1.804393e-02,3.695769e+02
388,2.058272e+04,0.738825,-7.182802,-3.444051,-2.861224e+04,2.781660e+05,1.333766e+05,7.313923e-01,1.505404e+04
389,2.059239e+04,2.663047,1.998638,-7.274175,-1.031551e+05,-7.741878e+04,2.817707e+05,1.106113e-01,2.277751e+03
390,2.059864e+04,5.752272,-2.663892,4.880066,-2.228524e+05,1.032035e+05,-1.890617e+05,1.653568e+00,3.406125e+04
391,2.059943e+04,4.009472,-0.624718,-6.894481,-1.553365e+05,2.420307e+04,2.671086e+05,9.595326e-03,1.976582e+02
392,2.064010e+04,1.992466,4.997675,-5.920585,-7.726905e+04,-1.938128e+05,2.296039e+05,9.412928e-03,1.942838e+02
393,2.065033e+04,7.243095,1.492324,3.051318,-2.809612e+05,-5.788759e+04,-1.183613e+05,1.282342e+00,2.648079e+04
394,2.065640e+04,2.668590,7.150045,-2.399060,-1.035304e+05,-2.773925e+05,9.307374e+04,3.303282e-01,6.823392e+03
395,2.069252e+04,-4.910333,-1.577694,-6.115514,1.906674e+05,6.126157e+04,2.374643e+05,2.494874e-02,5.162523e+02
396,2.070344e+04,-0.739484,-2.764313,-7.470725,2.872162e+04,1.073661e+05,2.901635e+05,1.136700e-02,2.353361e+02
397,2.079437e+04,7.995497,-0.268310,0.005701,-3.112268e+05,1.044402e+04,-2.219280e+02,1.030646e+00,2.143164e+04
398,2.079769e+04,-0.065108,-6.620456,-4.490582,2.534556e+03,2.577236e+05,1.748111e+05,4.168247e-01,8.668992e+03
399,2.087409e+04,2.949242,5.464031,5.044437,-1.150199e+05,-2.130962e+05,-1.967321e+05,1.438523e+00,3.002786e+04
400,2.090640e+04,6.441213,-4.039467,2.488672,-2.514004e+05,1.576603e+05,-9.713282e+04,1.323285e+00,2.766511e+04
401,2.093267e+04,6.469606,-4.547304,-1.210877,-2.526672e+05,1.775927e+05,4.729017e+04,9.961051e-01,2.085114e+04
402,2.095020e+04,-0.445717,5.381154,5.902925,1.741453e+04,-2.102462e+05,-2.306323e+05,1.609722e-01,3.372401e+03
403,2.106667e+04,-4.053682,6.795263,1.179856,1.588204e+05,-2.662336e+05,-4.622594e+04,9.416393e-01,1.983721e+04
404,2.112038e+04,-2.141480,-3.732819,-6.743895,8.400858e+04,1.464355e+05,2.645577e+05,2.192090e-02,4.629777e+02
405,2.112930e+04,-5.526311,-1.485594,-5.590429,2.168386e+05,5.829100e+04,2.193544e+05,4.637667e-02,9.799067e+02
406,2.114710e+04,0.418419,-7.647722,2.310254,-1.642463e+04,3.002038e+05,-9.068674e+04,1.311108e+00,2.772614e+04
407,2.125398e+04,-2.066407,-6.684017,-3.879932,8.131950e+04,2.630367e+05,1.526873e+05,6.144614e-01,1.305975e+04
408,2.127730e+04,-1.071946,6.404593,4.672486,4.220753e+04,-2.521788e+05,-1.839776e+05,1.210366e+00,2.575332e+04
409,2.136917e+04,2.318007,-0.684647,-7.626146,-9.146760e+04,2.701588e+04,3.009245e+05,8.973606e-02,1.917585e+03
410,2.137877e+04,7.581652,-1.237950,2.232943,-2.992360e+05,4.885998e+04,-8.813080e+04,1.240210e+00,2.651416e+04
411,2.144336e+04,2.165811,-7.277269,-2.520045,-8.561024e+04,2.876561e+05,9.961239e+04,9.096783e-01,1.950656e+04
412,2.153778e+04,1.402549,1.159208,7.790320,-5.556191e+04,-4.592197e+04,-3.086132e+05,0.000000e+00,0.000000e+00
413,2.159133e+04,-5.601067,5.040199,2.687832,2.221617e+05,-1.999153e+05,-1.066106e+05,1.037191e+00,2.239434e+04
414,2.168644e+04,-6.044218,-2.354009,-4.682528,2.402663e+05,9.357525e+04,1.861372e+05,1.877641e-01,4.071936e+03
415,2.169241e+04,7.486126,0.524995,2.771695,-2.976252e+05,-2.087217e+04,-1.101940e+05,1.273890e+00,2.763374e+04
416,2.170020e+04,-5.475368,-2.397646,5.317109,2.177228e+05,9.534008e+04,-2.114297e+05,1.352097e+00,2.934078e+04
417,2.178107e+04,2.389143,3.850793,-6.592677,-9.517883e+04,-1.534082e+05,2.626395e+05,1.576025e-02,3.432751e+02
418,2.185894e+04,2.561788,6.674228,-3.590532,-1.022390e+05,-2.663632e+05,1.432953e+05,1.112617e-01,2.432064e+03
419,2.190708e+04,6.663701,3.282952,2.969397,-2.662358e+05,-1.311642e+05,-1.186367e+05,1.223482e+00,2.680291e+04
420,2.193727e+04,-5.021819,0.212960,6.223823,2.007756e+05,-8.514285e+03,-2.488326e+05,1.284709e+00,2.818300e+04
421,2.199220e+04,-1.604886,2.120080,-7.545171,6.424469e+04,-8.486826e+04,3.020383e+05,1.237741e+00,2.722063e+04
422,2.207748e+04,-0.415586,0.167114,-7.987450,1.666842e+04,-6.702634e+03,3.203624e+05,1.047140e+00,2.311820e+04
423,2.209935e+04,-3.084133,-1.611634,7.203524,1.237603e+05,6.467179e+04,-2.890636e+05,1.481007e+00,3.272929e+04
424,2.210106e+04,-2.052684,0.002126,7.732172,8.237345e+04,-8.531258e+01,-3.102893e+05,0.000000e+00,0.000000e+00
425,2.210366e+04,3.439249,6.537975,3.070253,-1.380239e+05,-2.623820e+05,-1.232154e+05,1.119540e+00,2.474593e+04
426,2.215905e+04,2.847409,4.793011,5.737535,-1.144153e+05,-1.925940e+05,-2.305471e+05,4.310485e-01,9.551626e+03
427,2.232584e+04,1.449958,-5.481566,5.643585,-5.848143e+04,2.210890e+05,-2.276238e+05,1.692743e+00,3.779190e+04
428,2.241719e+04,-7.602561,-2.460387,-0.384143,3.072622e+05,9.943806e+04,1.552538e+04,1.011365e+00,2.267195e+04
429,2.242945e+04,-4.597382,6.173985,2.178528,1.858569e+05,-2.495937e+05,-8.807062e+04,1.008678e+00,2.262409e+04
430,2.243175e+04,6.743615,-3.948945,-1.711576,-2.726359e+05,1.596509e+05,6.919687e+04,9.479664e-01,2.126454e+04
431,2.246044e+04,-3.707747,2.675269,-6.564720,1.499954e+05,-1.082269e+05,2.655731e+05,1.381652e-02,3.103251e+02
432,2.248052e+04,3.061947,0.856444,7.341048,-1.239252e+05,-3.466256e+04,-2.971118e+05,0.000000e+00,0.000000e+00
433,2.248582e+04,4.757272,-0.931683,6.363987,-1.925622e+05,3.771213e+04,-2.575979e+05,1.998343e+00,4.493439e+04
434,2.253292e+04,3.185197,-5.735393,4.578187,-1.290636e+05,2.323970e+05,-1.855073e+05,1.649787e+00,3.717452e+04
435,2.271254e+04,6.891313,-0.654829,4.010112,-2.803455e+05,2.663911e+04,-1.631353e+05,1.524858e+00,3.463339e+04
436,2.271440e+04,5.850032,3.331672,-4.321700,-2.379949e+05,-1.355413e+05,1.758183e+05,9.668125e-02,2.196057e+03
437,2.273035e+04,1.119466,3.778066,6.962256,-4.555883e+04,-1.537557e+05,-2.833425e+05,0.000000e+00,0.000000e+00
438,2.274360e+04,1.016135,2.965754,-7.360148,-4.136562e+04,-1.207323e+05,2.996228e+05,1.577719e+00,3.588301e+04
439,2.286959e+04,4.717286,3.024770,5.709464,-1.925662e+05,-1.234753e+05,-2.330683e+05,1.772487e+00,4.053605e+04
440,2.296249e+04,-3.204926,-0.345061,-7.321843,1.310950e+05,1.411444e+04,2.994943e+05,2.816782e-02,6.468034e+02
441,2.296424e+04,-0.273761,-0.190360,-7.993048,1.119841e+04,7.786843e+03,3.269619e+05,1.081575e+00,2.483755e+04
442,2.299430e+04,2.944149,-5.981320,-4.422193,-1.205115e+05,2.448307e+05,1.810116e+05,4.609473e-01,1.059916e+04
443,2.304277e+04,-5.259375,-5.461369,2.551946,2.155064e+05,2.237832e+05,-1.045677e+05,1.215341e+00,2.800482e+04
444,2.319556e+04,-6.994585,3.842372,0.558530,2.875564e+05,-1.579649e+05,-2.296188e+04,9.762416e-01,2.264447e+04
445,2.320433e+04,2.488612,-5.890209,4.807520,-1.023294e+05,2.421999e+05,-1.976807e+05,1.658505e+00,3.848450e+04
446,2.324391e+04,-7.701798,1.253593,1.763748,3.169607e+05,-5.159051e+04,-7.258549e+04,1.068299e+00,2.483144e+04
447,2.327487e+04,-6.854911,1.576051,-3.811333,2.822956e+05,-6.490419e+04,1.569565e+05,2.760953e-01,6.426085e+03
448,2.331615e+04,-6.392909,-2.638911,-4.020804,2.635030e+05,1.087707e+05,1.657296e+05,4.216314e-01,9.830820e+03
449,2.331706e+04,-3.542657,-5.038346,5.105355,1.460241e+05,2.076747e+05,-2.104367e+05,1.546902e+00,3.606922e+04
450,2.342269e+04,1.478442,0.048150,7.862054,-6.107750e+04,-1.989193e+03,-3.247978e+05,0.000000e+00,0.000000e+00
451,2.358970e+04,1.260062,5.581070,5.591413,-5.224102e+04,-2.313861e+05,-2.318150e+05,8.948455e-01,2.110913e+04
452,2.364456e+04,-0.592366,-7.949602,0.673004,2.458749e+04,3.299663e+05,-2.793457e+04,1.160658e+00,2.744323e+04
453,2.364987e+04,5.018928,-2.634764,5.645208,-2.083455e+05,1.093742e+05,-2.343436e+05,1.847877e+00,4.370205e+04
454,2.366896e+04,-3.216586,-7.295545,0.654676,1.335806e+05,3.029744e+05,-2.718785e+04,1.137900e+00,2.693290e+04
455,2.373416e+04,-3.959029,-0.159040,-6.949877,1.646396e+05,6.613826e+03,2.890166e+05,1.703504e-02,4.043125e+02
456,2.379038e+04,3.551532,-0.606017,7.142784,-1.478683e+05,2.523157e+04,-2.973903e+05,5.624574e-01,1.338107e+04
457,2.385304e+04,-4.201162,3.196301,-6.011148,1.751459e+05,-1.332534e+05,2.506040e+05,2.180629e-02,5.201464e+02
458,2.389305e+04,-6.981847,2.053250,-3.322345,2.913163e+05,-8.567149e+04,1.386243e+05,4.086327e-01,9.763480e+03
459,2.399640e+04,-0.303207,-6.028625,5.250118,1.267859e+04,2.520868e+05,-2.195335e+05,1.653310e+00,3.967348e+04
460,2.401338e+04,2.095549,4.483075,-6.285755,-8.765629e+04,-1.875259e+05,2.629316e+05,1.646700e-02,3.954285e+02
461,2.404069e+04,3.387074,1.786693,-7.023920,-1.417610e+05,-7.477942e+04,2.939759e+05,3.545797e-02,8.524339e+02
462,2.418686e+04,1.271136,-0.459347,-7.884999,-5.336301e+04,1.928366e+04,3.310168e+05,1.380636e+00,3.339325e+04
463,2.423384e+04,-2.938783,2.859396,-6.869309,1.234916e+05,-1.201556e+05,2.886575e+05,3.832277e-02,9.287080e+02
464,2.438586e+04,0.452245,3.343246,-7.253839,-1.906344e+04,-1.409276e+05,3.057706e+05,5.092266e-01,1.241793e+04
465,2.441005e+04,3.070899,-0.899480,-7.332156,-1.295115e+05,3.793449e+04,3.092251e+05,2.554152e-02,6.234697e+02
466,2.441904e+04,0.005054,-7.732527,2.051343,-2.131820e+02,3.261703e+05,-8.652890e+04,1.278465e+00,3.121888e+04
467,2.448060e+04,-5.971658,4.129634,3.359379,2.522113e+05,-1.744139e+05,-1.418825e+05,1.080966e+00,2.646269e+04
468,2.462221e+04,1.201914,4.035192,-6.802399,-5.090912e+04,-1.709175e+05,2.881272e+05,6.905265e-02,1.700229e+03
469,2.463486e+04,7.551159,-1.646253,2.066362,-3.199244e+05,6.974775e+04,-8.754678e+04,1.237070e+00,3.047504e+04
470,2.463941e+04,-1.208981,-7.621836,2.108550,5.122634e+04,3.229486e+05,-8.934243e+04,1.269025e+00,3.126802e+04
471,2.466071e+04,-0.251538,-0.190993,-7.993763,1.066264e+04,8.096174e+03,3.388541e+05,1.071108e+00,2.641428e+04
472,2.466345e+04,3.180172,0.083985,7.340262,-1.348144e+05,-3.560312e+03,-3.111696e+05,0.000000e+00,0.000000e+00
473,2.478934e+04,-2.373461,-4.870555,5.885947,1.008726e+05,2.069997e+05,-2.501540e+05,1.642896e+00,4.072631e+04
474,2.480022e+04,-1.493080,-3.211825,7.173207,6.347013e+04,1.365332e+05,-3.049297e+05,1.625666e+00,4.031688e+04
475,2.481916e+04,-1.493646,-1.067797,7.786452,6.351845e+04,4.540888e+04,-3.311249e+05,3.960088e-01,9.828606e+03
476,2.496006e+04,1.735135,5.699218,-5.339309,-7.399711e+04,-2.430507e+05,2.277019e+05,2.913205e-02,7.271377e+02
477,2.500921e+04,5.623981,-1.511433,-5.485108,-2.400781e+05,6.452047e+04,2.341498e+05,7.773405e-02,1.944067e+03
478,2.505489e+04,0.834142,3.781614,-7.000258,-3.564060e+04,-1.615780e+05,2.991018e+05,1.475870e-01,3.697777e+03
479,2.523507e+04,1.177640,5.896073,5.277261,-5.049792e+04,-2.528272e+05,-2.262921e+05,1.346996e+00,3.399154e+04
480,2.526218e+04,3.806785,-6.359596,-3.010636,-1.633249e+05,2.728498e+05,1.291672e+05,8.681285e-01,2.193082e+04
481,2.531298e+04,-5.866284,1.595628,-5.200066,2.519378e+05,-6.852702e+04,2.233259e+05,6.476436e-02,1.639379e+03
482,2.541350e+04,-2.156579,1.315295,7.590729,9.280180e+04,-5.659970e+04,-3.266438e+05,0.000000e+00,0.000000e+00
483,2.546446e+04,-5.078069,2.168276,5.788938,2.187381e+05,-9.339860e+04,-2.493588e+05,1.210325e+00,3.082027e+04
484,2.551083e+04,-5.355402,-5.836880,-1.118258,2.308942e+05,2.516528e+05,4.821287e+04,1.033555e+00,2.636684e+04
485,2.558254e+04,1.062762,0.575084,7.908212,-4.588457e+04,-2.482914e+04,-3.414356e+05,0.000000e+00,0.000000e+00
486,2.573113e+04,-6.870494,1.295853,3.888070,2.974925e+05,-5.611046e+04,-1.683535e+05,1.131290e+00,2.910937e+04
487,2.587144e+04,3.727133,-4.880647,5.127160,-1.618243e+05,2.119075e+05,-2.226106e+05,1.697991e+00,4.392947e+04
488,2.587487e+04,-0.915827,-3.033262,-7.345787,3.976594e+04,1.317066e+05,3.189599e+05,2.257269e-02,5.840654e+02
489,2.594579e+04,3.300232,7.246107,-0.776149,-1.434949e+05,-3.150626e+05,3.374714e+04,8.006555e-01,2.077364e+04
490,2.596626e+04,-0.833462,-5.325349,5.911515,3.625342e+04,2.316389e+05,-2.571356e+05,1.667769e+00,4.330572e+04
491,2.603841e+04,0.325948,4.225136,-6.785424,-1.419757e+04,-1.840376e+05,2.955581e+05,8.205610e-02,2.136610e+03
492,2.609391e+04,0.654058,-0.715285,7.941069,-2.851969e+04,3.118944e+04,-3.462639e+05,0.000000e+00,0.000000e+00
493,2.612141e+04,-7.165601,0.554334,3.513812,3.126149e+05,-2.418402e+04,-1.532976e+05,1.132618e+00,2.958559e+04
494,2.613961e+04,3.368958,5.700118,4.489853,-1.470293e+05,-2.487666e+05,-1.959478e+05,1.450407e+00,3.791308e+04
495,2.627874e+04,1.354176,1.873034,-7.658848,-5.925653e+04,-8.196088e+04,3.351386e+05,1.097129e+00,2.883117e+04
496,2.632855e+04,-3.426804,-2.226855,-6.877364,1.500933e+05,9.753582e+04,3.012272e+05,2.939591e-02,7.739518e+02
497,2.638256e+04,1.860424,7.508202,-2.041011,-8.156972e+04,-3.291949e+05,8.948752e+04,5.408934e-01,1.427015e+04
498,2.645826e+04,3.697341,5.444776,4.547976,-1.623412e+05,-2.390668e+05,-1.996905e+05,1.485246e+00,3.929701e+04
499,2.645861e+04,-0.594838,0.644638,7.951768,2.611807e+04,-2.830466e+04,-3.491450e+05,0.000000e+00,0.000000e+00
500,2.652595e+04,4.842090,2.103575,-6.010752,-2.128761e+05,-9.248092e+04,2.642548e+05,3.224206e-02,8.552511e+02
501,2.667774e+04,-0.267932,0.776652,-7.957702,1.181294e+04,-3.424204e+04,3.508495e+05,1.013424e+00,2.703585e+04
502,2.675477e+04,-1.201254,-3.532104,7.076809,5.303886e+04,1.559526e+05,-3.124617e+05,1.676708e+00,4.485994e+04
503,2.681543e+04,-6.077909,-2.651056,-4.475591,2.686614e+05,1.171845e+05,1.978342e+05,3.528691e-01,9.462335e+03
504,2.693198e+04,-3.764076,0.995730,6.988580,1.667444e+05,-4.410975e+04,-3.095863e+05,1.250088e+00,3.366734e+04
505,2.702684e+04,4.575822,0.359012,-6.552325,-2.030605e+05,-1.593180e+04,2.907714e+05,2.811798e-02,7.599401e+02
506,2.722908e+04,-7.164634,-3.020008,-1.883499,3.191312e+05,1.345189e+05,8.389589e+04,9.398106e-01,2.559018e+04
507,2.739593e+04,-1.079136,-7.922214,-0.272022,4.821451e+04,3.539551e+05,1.215364e+04,1.116039e+00,3.057493e+04
508,2.741393e+04,-7.618552,1.217699,-2.115388,3.404998e+05,-5.442322e+04,9.454410e+04,8.069218e-01,2.212090e+04
509,2.742170e+04,-1.079060,-6.989541,3.739245,4.823378e+04,3.124313e+05,-1.671436e+05,1.486517e+00,4.076281e+04
510,2.752505e+04,5.402764,1.135048,-5.789802,-2.419573e+05,-5.083200e+04,2.592904e+05,4.437074e-02,1.221307e+03
511,2.756993e+04,-3.289734,2.112668,6.979562,1.474475e+05,-9.469080e+04,-3.128273e+05,6.958206e-01,1.918373e+04
512,2.766463e+04,4.012554,0.888171,6.863714,-1.801532e+05,-3.987657e+04,-3.081628e+05,2.538398e-01,7.022384e+03
513,2.774101e+04,4.049542,-1.399825,-6.755864,-1.820647e+05,6.293519e+04,3.037391e+05,3.272911e-02,9.079387e+02
514,2.779730e+04,-1.966457,3.440604,-6.949481,8.850023e+04,-1.548441e+05,3.127609e+05,1.118193e-01,3.108276e+03
515,2.787679e+04,-1.376563,0.531166,7.862756,6.204062e+04,-2.393926e+04,-3.543683e+05,0.000000e+00,0.000000e+00
516,2.788997e+04,-3.008924,-3.843364,6.338370,1.356419e+05,1.732583e+05,-2.857329e+05,1.640823e+00,4.576250e+04
517,2.790827e+04,-2.740740,-6.778882,3.245783,1.235927e+05,3.056914e+05,-1.463675e+05,1.360347e+00,3.796493e+04
518,2.804882e+04,3.156946,3.106695,-6.661992,-1.427194e+05,-1.404477e+05,3.011758e+05,3.183221e-02,8.928558e+02
519,2.817725e+04,-5.760443,-1.500480,-5.344704,2.610141e+05,6.798894e+04,2.421763e+05,1.165898e-01,3.285181e+03
520,2.820146e+04,-6.062070,-1.956317,-4.839848,2.747992e+05,8.868164e+04,2.193947e+05,2.347050e-01,6.619022e+03
521,2.829931e+04,-1.160492,-6.286763,-4.809353,5.269734e+04,2.854787e+05,2.183902e+05,4.637210e-01,1.312298e+04
522,2.838310e+04,-3.233032,2.953004,6.695317,1.470275e+05,-1.342928e+05,-3.044807e+05,9.066993e-01,2.573494e+04
523,2.846126e+04,-2.158276,6.097987,-4.707059,9.828623e+04,-2.776977e+05,2.143559e+05,6.365866e-02,1.811806e+03
524,2.863118e+04,-4.262434,0.261178,6.764868,1.946866e+05,-1.192932e+04,-3.089852e+05,1.391080e+00,3.982827e+04
525,2.871836e+04,0.799308,7.929568,-0.695027,-3.656392e+04,-3.627338e+05,3.179365e+04,8.263684e-01,2.373194e+04
526,2.875407e+04,-3.618977,5.787948,-4.171650,1.656511e+05,-2.649311e+05,1.909485e+05,1.197720e-01,3.443933e+03
527,2.881334e+04,-3.502600,-2.436664,-6.767161,1.604893e+05,1.116480e+05,3.100716e+05,3.835467e-02,1.105126e+03
528,2.903428e+04,3.198605,1.081088,7.252598,-1.471210e+05,-4.972508e+04,-3.335860e+05,0.000000e+00,0.000000e+00
529,2.903741e+04,0.345414,-0.439227,7.980462,-1.588833e+04,2.020350e+04,-3.670842e+05,0.000000e+00,0.000000e+00
530,2.912076e+04,-0.392521,2.420784,7.614836,1.808104e+04,-1.115106e+05,-3.507685e+05,0.000000e+00,0.000000e+00
531,2.912651e+04,0.954808,-4.658504,-6.433248,-4.398646e+04,2.146097e+05,2.963693e+05,6.574068e-02,1.914797e+03
532,2.924834e+04,7.330218,0.796575,-3.103767,-3.383968e+05,-3.677360e+04,1.432842e+05,6.340732e-01,1.854559e+04
533,2.929446e+04,-2.567944,6.256452,4.273461,1.186416e+05,-2.890544e+05,-1.974382e+05,1.130076e+00,3.310495e+04
534,2.929592e+04,2.311909,-5.408781,-5.422191,-1.068152e+05,2.498974e+05,2.505169e+05,2.396069e-01,7.019505e+03
535,2.932819e+04,4.595877,4.878900,4.367408,-2.124564e+05,-2.255398e+05,-2.018948e+05,1.476119e+00,4.329191e+04
536,2.935625e+04,2.266358,1.737477,-7.472937,-1.048184e+05,-8.035781e+04,3.456212e+05,5.708987e-01,1.675944e+04
537,2.938710e+04,-2.226363,-1.990990,-7.421541,1.030227e+05,9.213107e+04,3.434244e+05,3.666920e-02,1.077601e+03
538,2.940721e+04,-3.310268,3.229659,-6.527743,1.532317e+05,-1.495003e+05,3.021681e+05,3.174701e-02,9.335910e+02
539,2.949423e+04,-0.942540,-1.261488,7.843486,4.369451e+04,5.848041e+04,-3.636104e+05,4.371272e-01,1.289273e+04
540,2.950515e+04,-5.783371,-3.767518,4.044556,2.681567e+05,1.746879e+05,-1.875333e+05,1.286590e+00,3.796104e+04
541,2.955609e+04,-0.016779,3.828743,7.024275,7.786811e+02,-1.776800e+05,-3.259745e+05,0.000000e+00,0.000000e+00
542,2.963254e+04,-0.393880,-1.749928,7.796320,1.830236e+04,8.131364e+04,-3.622704e+05,7.479254e-01,2.216293e+04
543,2.976095e+04,2.131758,5.001672,5.868466,-9.927042e+04,-2.329149e+05,-2.732792e+05,3.233271e-01,9.622521e+03
544,2.977088e+04,2.485965,6.611065,3.756834,-1.157842e+05,-3.079115e+05,-1.749752e+05,1.211567e+00,3.606941e+04
545,2.995699e+04,-0.203865,0.455225,-7.984435,9.524660e+03,-2.126838e+04,3.730371e+05,1.024793e+00,3.069970e+04
546,2.999945e+04,-0.928955,-1.509050,-7.801270,4.343203e+04,7.055357e+04,3.647377e+05,1.945031e-01,5.834985e+03
547,3.009756e+04,1.605760,-6.930256,-3.659656,-7.519775e+04,3.245440e+05,1.713818e+05,8.295841e-01,2.496846e+04
548,3.013013e+04,2.424158,5.250514,5.527708,-1.135848e+05,-2.460147e+05,-2.590027e+05,1.472179e+00,4.435694e+04
549,3.028632e+04,7.896657,1.214743,0.408904,-3.709584e+05,-5.706454e+04,-1.920893e+04,1.091561e+00,3.305935e+04
550,3.039612e+04,2.758477,-0.568227,-7.487852,-1.298186e+05,2.674173e+04,3.523912e+05,1.009189e-01,3.067542e+03
551,3.042446e+04,3.089394,-3.319797,6.590493,-1.454600e+05,1.563081e+05,-3.103044e+05,2.062418e+00,6.274796e+04
552,3.046159e+04,0.656689,4.280023,-6.726824,-3.093818e+04,-2.016421e+05,3.169166e+05,9.069836e-02,2.762816e+03
553,3.047738e+04,-4.188196,-1.180155,6.713140,1.973670e+05,5.561431e+04,-3.163539e+05,1.509759e+00,4.601350e+04
554,3.052527e+04,4.831657,-3.814132,5.109549,-2.278686e+05,1.798806e+05,-2.409744e+05,1.713656e+00,5.230982e+04
555,3.056664e+04,-3.921013,5.272553,-4.563534,1.850465e+05,-2.488305e+05,2.153693e+05,9.559724e-02,2.922087e+03
556,3.057455e+04,5.346849,1.486528,5.762069,-2.523694e+05,-7.016360e+04,-2.719676e+05,2.083513e+00,6.370247e+04
557,3.068151e+04,-6.447920,-3.067776,3.607364,3.048714e+05,1.450510e+05,-1.705639e+05,1.216785e+00,3.733280e+04
558,3.069175e+04,-1.652611,6.559653,4.270811,7.815200e+04,-3.102061e+05,-2.019667e+05,1.152717e+00,3.537889e+04
559,3.074370e+04,-0.861881,-1.405467,-7.828271,4.079285e+04,6.652077e+04,3.705123e+05,2.496029e-01,7.673716e+03
560,3.075469e+04,1.836753,-6.319992,4.547971,-8.694910e+04,2.991789e+05,-2.152941e+05,1.667373e+00,5.127954e+04
561,3.082527e+04,-0.654012,1.326405,7.862119,3.099543e+04,-6.286200e+04,-3.726076e+05,0.000000e+00,0.000000e+00
562,3.086175e+04,2.706341,7.517755,-0.398834,-1.283369e+05,-3.564980e+05,1.891305e+04,8.986653e-01,2.773438e+04
563,3.096411e+04,-7.231554,-2.013785,-2.765737,3.434943e+05,9.565354e+04,1.313708e+05,8.395697e-01,2.599653e+04
564,3.100157e+04,7.154046,-0.844952,-3.479323,-3.400182e+05,4.015897e+04,1.653656e+05,6.388903e-01,1.980660e+04
565,3.109536e+04,1.481086,3.832403,6.864333,-7.049962e+04,-1.824222e+05,-3.267419e+05,0.000000e+00,0.000000e+00
566,3.110093e+04,6.840938,-3.282949,2.534525,-3.256574e+05,1.562822e+05,-1.206541e+05,1.316430e+00,4.094220e+04
567,3.110634e+04,1.558365,4.407940,-6.491653,-7.419119e+04,-2.098548e+05,3.090569e+05,4.364482e-02,1.357631e+03
568,3.114148e+04,3.509742,-6.968225,-1.767924,-1.671874e+05,3.319330e+05,8.421546e+04,1.044914e+00,3.254017e+04
569,3.114863e+04,2.321657,1.358084,7.534289,-1.106054e+05,-6.470007e+04,-3.589388e+05,0.000000e+00,0.000000e+00
570,3.124521e+04,-0.259345,-7.009340,-3.847323,1.237449e+04,3.344472e+05,1.835731e+05,8.073368e-01,2.522541e+04
571,3.143306e+04,-4.193004,-0.179432,6.810765,2.006676e+05,8.587213e+03,-3.259477e+05,1.451888e+00,4.563729e+04
572,3.145424e+04,-0.894086,7.868235,1.136433,4.280334e+04,-3.766827e+05,-5.440543e+04,9.973487e-01,3.137084e+04
573,3.153758e+04,4.024780,-1.062690,6.831679,-1.929368e+05,5.094240e+04,-3.274917e+05,1.156127e+00,3.646144e+04
574,3.161913e+04,-7.596722,-0.756234,-2.391219,3.646363e+05,3.629858e+04,1.147765e+05,8.686474e-01,2.746587e+04
575,3.176940e+04,-0.305027,-7.073996,3.723646,1.467578e+04,3.403517e+05,-1.791561e+05,1.502638e+00,4.773789e+04
576,3.181815e+04,2.394878,-0.568249,7.611941,-1.153134e+05,2.736116e+04,-3.665148e+05,1.209108e-23,3.847158e-19
577,3.192276e+04,3.818429,2.939194,-6.385980,-1.841593e+05,-1.417546e+05,3.079899e+05,3.643216e-02,1.163015e+03
578,3.200138e+04,-2.481810,2.327624,7.240358,1.198427e+05,-1.123973e+05,-3.496255e+05,0.000000e+00,0.000000e+00
579,3.201702e+04,2.435401,1.697172,7.428892,-1.176304e+05,-8.197378e+04,-3.588171e+05,0.000000e+00,0.000000e+00
580,3.203290e+04,-1.772570,-7.545912,-1.979192,8.563676e+04,3.645596e+05,9.561911e+04,1.032820e+00,3.308422e+04
581,3.214597e+04,-0.099931,-0.061365,-7.999140,4.836395e+03,2.969911e+03,3.871376e+05,1.063939e+00,3.420136e+04
582,3.217634e+04,6.797591,2.922946,3.041242,-3.291410e+05,-1.415297e+05,-1.472577e+05,1.259704e+00,4.053266e+04
583,3.223681e+04,0.031153,0.428920,-7.988433,-1.509832e+03,-2.078790e+04,3.871652e+05,1.019638e+00,3.286987e+04
584,3.226584e+04,4.805182,5.389589,-3.444206,-2.329915e+05,-2.613279e+05,1.670011e+05,3.394013e-01,1.095107e+04
585,3.227480e+04,-3.989373,-5.922190,3.607294,1.934618e+05,2.871923e+05,-1.749331e+05,1.347857e+00,4.350183e+04
586,3.237825e+04,2.981909,-2.823538,6.865556,-1.448371e+05,1.371447e+05,-3.334733e+05,1.417378e+00,4.589221e+04
587,3.260466e+04,-2.363639,0.247023,7.638861,1.152072e+05,-1.204026e+04,-3.723292e+05,2.553366e-01,8.325165e+03
588,3.260635e+04,2.115045,2.064355,7.434045,-1.030931e+05,-1.006223e+05,-3.623556e+05,0.000000e+00,0.000000e+00
589,3.268427e+04,5.163964,5.790334,1.950774,-2.520062e+05,-2.825736e+05,-9.519956e+04,1.110709e+00,3.630271e+04
590,3.271612e+04,-0.384328,7.798264,-1.743381,1.876469e+04,-3.807479e+05,8.512004e+04,7.006617e-01,2.292293e+04
591,3.277338e+04,1.436378,3.441929,7.077425,-7.019208e+04,-1.681982e+05,-3.458554e+05,0.000000e+00,0.000000e+00
592,3.295083e+04,-1.939626,-1.420648,7.630177,9.504077e+04,6.961109e+04,-3.738751e+05,1.356208e+00,4.468819e+04
593,3.296794e+04,-1.140635,1.717655,-7.729723,5.590509e+04,-8.418615e+04,3.788511e+05,1.064366e+00,3.508996e+04
594,3.306776e+04,5.064056,-2.332847,5.737000,-2.485762e+05,1.145110e+05,-2.816086e+05,1.935148e+00,6.399102e+04
595,3.307125e+04,2.382369,-7.327125,-2.153499,-1.169480e+05,3.596811e+05,1.057131e+05,1.028190e+00,3.400354e+04
596,3.310803e+04,3.026986,-7.393698,-0.413023,-1.486742e+05,3.631508e+05,2.028614e+04,1.123352e+00,3.719196e+04
597,3.323877e+04,-4.047352,-6.278228,2.864052,1.991829e+05,3.089714e+05,-1.409490e+05,1.263036e+00,4.198176e+04
598,3.352062e+04,2.688027,7.386151,-1.489725,-1.328459e+05,-3.650336e+05,7.362425e+04,7.754733e-01,2.599434e+04
599,3.360805e+04,-1.760718,-5.630968,5.402969,8.713051e+04,2.786528e+05,-2.673701e+05,1.675238e+00,5.630148e+04
600,3.360946e+04,0.947366,0.861752,7.896827,-4.688212e+04,-4.264537e+04,-3.907888e+05,0.000000e+00,0.000000e+00
601,3.363558e+04,4.612881,1.411244,-6.381984,-2.283655e+05,-6.986510e+04,3.159467e+05,4.496340e-02,1.512370e+03
602,3.365764e+04,-0.970619,5.068787,6.112716,4.806726e+04,-2.510178e+05,-3.027156e+05,4.875251e-01,1.640895e+04
603,3.385637e+04,-6.452410,-0.330185,4.717772,3.204800e+05,1.639972e+04,-2.343235e+05,1.204151e+00,4.076817e+04
604,3.397686e+04,2.736708,2.272183,7.165725,-1.361692e+05,-1.130560e+05,-3.565418e+05,0.000000e+00,0.000000e+00
605,3.404538e+04,2.921688,-5.974368,-4.446422,-1.455196e+05,2.975635e+05,2.214616e+05,6.548803e-01,2.229565e+04
606,3.409497e+04,0.585695,3.876794,6.973337,-2.919277e+04,-1.932309e+05,-3.475718e+05,0.000000e+00,0.000000e+00
607,3.422709e+04,-0.644652,-1.942466,7.733773,3.219357e+04,9.700565e+04,-3.862203e+05,1.344533e+00,4.601945e+04
608,3.426095e+04,3.743675,3.846718,5.931919,-1.870495e+05,-1.921979e+05,-2.963832e+05,1.337832e+00,4.583540e+04
609,3.440004e+04,4.588957,-5.713547,3.208871,-2.297482e+05,2.860513e+05,-1.606536e+05,1.461691e+00,5.028224e+04
610,3.449020e+04,2.003109,6.311250,-4.489508,-1.004179e+05,-3.163894e+05,2.250636e+05,1.023400e-01,3.529727e+03
611,3.451595e+04,0.028232,-0.328999,7.993182,-1.415824e+03,1.649923e+04,-4.008559e+05,0.000000e+00,0.000000e+00
612,3.453972e+04,0.395382,4.357731,6.697302,-1.983511e+04,-2.186143e+05,-3.359835e+05,0.000000e+00,0.000000e+00
613,3.462491e+04,0.970451,-0.949978,7.883893,-4.874459e+04,4.771626e+04,-3.959987e+05,0.000000e+00,0.000000e+00
614,3.467024e+04,2.598094,-1.087139,-7.487859,-1.305846e+05,5.464147e+04,3.763525e+05,9.789267e-02,3.393962e+03
615,3.476918e+04,-1.830712,3.771567,6.813500,9.214589e+04,-1.898356e+05,-3.429463e+05,0.000000e+00,0.000000e+00
616,3.479304e+04,0.186142,0.304672,-7.992029,-9.372384e+03,-1.534042e+04,4.024037e+05,1.025692e+00,3.568694e+04
617,3.479543e+04,-0.951177,-1.210424,-7.850486,4.789398e+04,6.094768e+04,3.952905e+05,4.077416e-01,1.418754e+04
618,3.498791e+04,1.364167,-7.752163,1.429343,-6.887874e+04,3.914178e+05,-7.216958e+04,1.209955e+00,4.233380e+04
619,3.500898e+04,4.756700,5.163474,3.835668,-2.402449e+05,-2.607897e+05,-1.937266e+05,1.310559e+00,4.588131e+04
620,3.505025e+04,-4.056640,4.525518,-5.202245,2.050080e+05,-2.287034e+05,2.629027e+05,6.964277e-02,2.440996e+03
621,3.506734e+04,0.474530,-3.233682,-7.301926,-2.398686e+04,1.634585e+05,3.691029e+05,4.683241e-02,1.642288e+03
622,3.509977e+04,-6.202635,3.387456,-3.748662,3.136801e+05,-1.713107e+05,1.895776e+05,4.016133e-01,1.409653e+04
623,3.520677e+04,-5.674596,-5.598757,0.672961,2.874132e+05,2.835720e+05,-3.408485e+04,1.122791e+00,3.952985e+04
624,3.523999e+04,0.731013,-5.850296,5.407370,-3.704262e+04,2.964520e+05,-2.740076e+05,1.700580e+00,5.992843e+04
625,3.557497e+04,6.663652,4.107688,-1.650042,-3.392683e+05,-2.091358e+05,8.400902e+04,8.835646e-01,3.143279e+04
626,3.568035e+04,-1.120174,3.256093,7.221016,5.711611e+04,-1.660237e+05,-3.681896e+05,0.000000e+00,0.000000e+00
627,3.579565e+04,-1.064995,-5.515316,-5.696234,5.439028e+04,2.816723e+05,2.909120e+05,2.508180e-01,8.978194e+03
628,3.583593e+04,6.065683,2.603765,-4.519723,-3.099544e+05,-1.330515e+05,2.309563e+05,2.102211e-01,7.533467e+03
629,3.587365e+04,7.734745,-0.191555,-2.033970,-3.954508e+05,9.793563e+03,1.039899e+05,9.446758e-01,3.388897e+04
630,3.592997e+04,7.859190,1.233126,0.844117,-4.021286e+05,-6.309493e+04,-4.319063e+04,1.126244e+00,4.046593e+04
631,3.612086e+04,-4.261986,2.550193,6.271522,2.186501e+05,-1.308310e+05,-3.217442e+05,1.315144e+00,4.750414e+04
632,3.619791e+04,2.242275,-3.785829,6.681295,-1.151567e+05,1.944292e+05,-3.431319e+05,2.056364e+00,7.443610e+04
633,3.628528e+04,3.272809,-7.253305,0.823579,-1.682847e+05,3.729579e+05,-4.234762e+04,1.175202e+00,4.264252e+04
634,3.647157e+04,-5.383742,4.206219,4.162096,2.775365e+05,-2.168342e+05,-2.145596e+05,1.113930e+00,4.062677e+04
635,3.648704e+04,6.772974,-4.248940,-0.270783,-3.492267e+05,2.190830e+05,1.396208e+04,1.118220e+00,4.080054e+04
636,3.650098e+04,0.845185,1.174526,-7.868046,-4.358757e+04,-6.057222e+04,4.057680e+05,1.024659e+00,3.740107e+04
637,3.668692e+04,-7.994671,-0.159624,0.244452,4.133471e+05,8.253010e+03,-1.263886e+04,1.061204e+00,3.893230e+04
638,3.674535e+04,-0.383825,2.354537,-7.636022,1.986064e+04,-1.218331e+05,3.951182e+05,1.044613e+00,3.838468e+04
639,3.689307e+04,2.312733,0.706501,-7.625754,-1.199103e+05,-3.663059e+04,3.953793e+05,1.454538e+00,5.366239e+04
640,3.705997e+04,-6.403498,-1.431840,4.576576,3.327580e+05,7.440560e+04,-2.378219e+05,1.230565e+00,4.560470e+04
641,3.707648e+04,-0.662563,0.737221,-7.938357,3.443777e+04,-3.831826e+04,4.126089e+05,1.013190e+00,3.756550e+04
642,3.708001e+04,-4.159243,-6.509867,-2.079023,2.161936e+05,3.383769e+05,1.080657e+05,1.027899e+00,3.811451e+04
643,3.713522e+04,-7.319225,-0.782806,3.133076,3.807297e+05,4.071984e+04,-1.629756e+05,1.138097e+00,4.226349e+04
644,3.729863e+04,-1.079294,-0.266235,7.922389,5.626588e+04,1.387937e+04,-4.130107e+05,0.000000e+00,0.000000e+00
645,3.759435e+04,6.255028,4.570530,-1.996217,-3.273778e+05,-2.392140e+05,1.044787e+05,8.324780e-01,3.129647e+04
646,3.759675e+04,-2.747277,-3.394205,-6.703122,1.437925e+05,1.776527e+05,3.508415e+05,6.373395e-02,2.396189e+03
647,3.765292e+04,-2.677951,-3.008121,6.912292,1.402687e+05,1.575627e+05,-3.620596e+05,1.656470e+00,6.237095e+04
648,3.765706e+04,-0.266607,-6.880449,-4.072879,1.396538e+04,3.604115e+05,2.133454e+05,8.253474e-01,3.108016e+04
649,3.771717e+04,-0.110140,-1.704059,-7.815629,5.773969e+03,8.933319e+04,4.097247e+05,2.496756e-01,9.417057e+03
650,3.787771e+04,6.739360,2.724299,3.340543,-3.540537e+05,-1.431216e+05,-1.754961e+05,1.302388e+00,4.933146e+04
651,3.799259e+04,2.656773,5.280354,5.390679,-1.397856e+05,-2.778249e+05,-2.836296e+05,1.779956e+00,6.762514e+04
652,3.806071e+04,-7.346177,-3.130486,0.483471,3.868642e+05,1.648576e+05,-2.546053e+04,1.094999e+00,4.167646e+04
653,3.806113e+04,-1.381566,-4.204998,-6.664028,7.275638e+04,2.214447e+05,3.509428e+05,7.313199e-02,2.783486e+03
654,3.816988e+04,1.759486,0.022496,7.804082,-9.279082e+04,-1.186378e+03,-4.115673e+05,0.000000e+00,0.000000e+00
655,3.840221e+04,0.690860,0.000027,-7.970114,-3.654493e+04,-1.438713e+00,4.216007e+05,1.059603e+00,4.069110e+04
656,3.862981e+04,-5.500195,-3.797598,4.396147,2.918085e+05,2.014786e+05,-2.332342e+05,1.320137e+00,5.099663e+04
657,3.867618e+04,1.734223,-4.950261,6.040479,-9.206304e+04,2.627898e+05,-3.206652e+05,1.914505e+00,7.404574e+04
658,3.874524e+04,-0.497503,4.723185,6.437703,2.643406e+04,-2.509590e+05,-3.420572e+05,0.000000e+00,0.000000e+00
659,3.881251e+04,-4.691389,-6.111407,-2.154432,2.494859e+05,3.250018e+05,1.145717e+05,1.023391e+00,3.972039e+04
660,3.881957e+04,-4.489911,2.142222,6.265109,2.387931e+05,-1.139328e+05,-3.332059e+05,1.304553e+00,5.064221e+04
661,3.888406e+04,6.864859,-2.066049,3.550374,-3.654063e+05,1.099727e+05,-1.889812e+05,1.463441e+00,5.690453e+04
662,3.890475e+04,3.415096,3.803569,6.153859,-1.818289e+05,-2.025123e+05,-3.276480e+05,4.177267e-01,1.625155e+04
663,3.900197e+04,4.386539,5.091894,-4.339457,-2.338428e+05,-2.714447e+05,2.313329e+05,1.869282e-01,7.290570e+03
664,3.904267e+04,-1.100243,-5.718235,5.485550,5.868361e+04,3.049934e+05,-2.925827e+05,1.689766e+00,6.597297e+04
665,3.908279e+04,4.633193,-0.082880,6.521246,-2.472475e+05,4.422850e+03,-3.480023e+05,1.011502e+00,3.953231e+04
666,3.922618e+04,0.850916,1.271160,7.852394,-4.549184e+04,-6.795899e+04,-4.198061e+05,0.000000e+00,0.000000e+00
667,3.927080e+04,-5.238543,-4.865222,3.589886,2.802232e+05,2.602533e+05,-1.920323e+05,1.266181e+00,4.972392e+04
668,3.935054e+04,-2.240516,2.756290,7.168190,1.199726e+05,-1.475907e+05,-3.838341e+05,0.000000e+00,0.000000e+00
669,3.937169e+04,-3.309338,-0.436856,-7.270312,1.772523e+05,2.339854e+04,3.894070e+05,8.699559e-02,3.425164e+03
670,3.937229e+04,3.260886,-0.978751,-7.239383,-1.746584e+05,5.242353e+04,3.877534e+05,6.602495e-02,2.599553e+03
671,3.953799e+04,1.039278,-0.684958,-7.902578,-5.578246e+04,3.676463e+04,4.241649e+05,1.171877e+00,4.633367e+04
672,3.972828e+04,5.969078,-4.232593,3.233460,-3.211559e+05,2.277273e+05,-1.739707e+05,1.428429e+00,5.674902e+04
673,3.974477e+04,6.815838,0.719712,4.126302,-3.667904e+05,-3.873091e+04,-2.220546e+05,1.531890e+00,6.088462e+04
674,3.979870e+04,-1.511248,-0.868564,-7.807799,8.138212e+04,4.677297e+04,4.204572e+05,6.051738e-01,2.408513e+04
675,3.986186e+04,1.442726,-1.491005,-7.726283,-7.775377e+04,8.035567e+04,4.163974e+05,2.087428e-01,8.320876e+03
676,3.990854e+04,2.027320,-2.629507,7.278438,-1.093236e+05,1.417966e+05,-3.924911e+05,1.265367e+00,5.049894e+04
677,4.011201e+04,4.555788,5.786545,-3.124210,-2.462972e+05,-3.128349e+05,1.689025e+05,5.330192e-01,2.138047e+04
678,4.011218e+04,5.027443,-5.591125,-2.732057,-2.717965e+05,3.022707e+05,1.477021e+05,9.907745e-01,3.974212e+04
679,4.019012e+04,-7.201576,-1.274268,3.242460,3.897139e+05,6.895711e+04,-1.754660e+05,1.145625e+00,4.604282e+04
680,4.024974e+04,-6.100921,-1.980071,4.781013,3.303966e+05,1.072312e+05,-2.589167e+05,1.267950e+00,5.103464e+04
681,4.036800e+04,-3.920103,-2.078241,6.656854,2.126056e+05,1.127128e+05,-3.610325e+05,1.625765e+00,6.562886e+04
682,4.036971e+04,1.056035,-7.836551,-1.213776,-5.727498e+04,4.250221e+05,6.583018e+04,1.094028e+00,4.416560e+04
683,4.048213e+04,5.339463,0.877034,-5.892448,-2.899933e+05,-4.763289e+04,3.200267e+05,7.610757e-02,3.080997e+03
684,4.055554e+04,-4.991844,0.471046,-6.233747,2.713594e+05,-2.560631e+04,3.388699e+05,6.444807e-02,2.613726e+03
685,4.071735e+04,3.390981,0.630005,-7.218334,-1.847030e+05,-3.431565e+04,3.931745e+05,1.253732e-01,5.104866e+03
686,4.089794e+04,-0.860416,-6.863247,4.019393,4.696973e+04,3.746615e+05,-2.194168e+05,1.525498e+00,6.238972e+04
687,4.108904e+04,0.285619,4.445762,-6.644819,-1.562818e+04,-2.432584e+05,3.635841e+05,1.279470e-01,5.257220e+03
688,4.120013e+04,3.687052,2.738668,6.550217,-2.020167e+05,-1.500539e+05,-3.588919e+05,9.244783e-02,3.808862e+03
689,4.121225e+04,0.535957,4.754994,6.411145,-2.936983e+04,-2.605684e+05,-3.513237e+05,0.000000e+00,0.000000e+00
690,4.141372e+04,0.432826,0.190778,-7.986004,-2.377630e+04,-1.047993e+04,4.386926e+05,1.022835e+00,4.235941e+04
691,4.181002e+04,-7.179501,-1.249320,3.300601,3.962717e+05,6.895608e+04,-1.821763e+05,1.145201e+00,4.788088e+04
692,4.196382e+04,-1.317924,7.797776,1.207377,7.287636e+04,-4.311883e+05,-6.676349e+04,1.033948e+00,4.338840e+04
693,4.198890e+04,-1.674095,0.039830,-7.822776,9.259895e+04,-2.203109e+03,4.326999e+05,1.161186e+00,4.875693e+04
694,4.207608e+04,-5.661295,2.007347,5.283966,3.134672e+05,-1.111473e+05,-2.925744e+05,1.176212e+00,4.949040e+04
695,4.213078e+04,1.913112,2.641281,-7.305042,-1.059983e+05,-1.463434e+05,4.047447e+05,1.489391e+00,6.274919e+04
696,4.213787e+04,1.864608,-0.786058,-7.739855,-1.033195e+05,4.355613e+04,4.288721e+05,4.055282e-01,1.708810e+04
697,4.219322e+04,4.020695,0.898948,6.857543,-2.229365e+05,-4.984421e+04,-3.802319e+05,6.919916e-01,2.919735e+04
698,4.223572e+04,-1.703532,7.739407,-1.095247,9.450371e+04,-4.293449e+05,6.075902e+04,8.982508e-01,3.793827e+04
699,4.233009e+04,0.794329,0.009842,7.960461,-4.411476e+04,-5.465712e+02,-4.421010e+05,0.000000e+00,0.000000e+00
700,4.249399e+04,-2.745236,-2.414588,7.115718,1.527574e+05,1.343586e+05,-3.959507e+05,1.657927e+00,7.045193e+04
701,4.256840e+04,-5.725301,-4.780819,2.892180,3.188605e+05,2.662592e+05,-1.610748e+05,1.191271e+00,5.071052e+04
702,4.261990e+04,-5.740653,1.750744,-5.289593,3.199088e+05,-9.756356e+04,2.947726e+05,1.368052e-01,5.830624e+03
703,4.263875e+04,1.657741,2.062713,7.549643,-9.240122e+04,-1.149740e+05,-4.208112e+05,0.000000e+00,0.000000e+00
704,4.292996e+04,3.158893,-0.634706,7.322469,-1.766745e+05,3.549860e+04,-4.095401e+05,7.927387e-01,3.403224e+04
705,4.299414e+04,1.835496,1.906931,-7.549475,-1.027346e+05,-1.067329e+05,4.225519e+05,1.169196e+00,5.026858e+04
706,4.307820e+04,-0.761893,-0.605930,7.940552,4.268558e+04,3.394764e+04,-4.448752e+05,2.653497e-03,1.143079e+02
707,4.340058e+04,0.431160,3.989886,6.920615,-2.424629e+04,-2.243711e+05,-3.891806e+05,0.000000e+00,0.000000e+00
708,4.364813e+04,7.265978,3.325579,0.382202,-4.097657e+05,-1.875464e+05,-2.155434e+04,1.086686e+00,4.743181e+04
709,4.365998e+04,-1.399352,-3.138920,7.224195,7.892734e+04,1.770438e+05,-4.074646e+05,1.888386e+00,8.244689e+04
710,4.372595e+04,4.428048,-2.913231,5.992118,-2.499428e+05,1.644384e+05,-3.382273e+05,2.012179e+00,8.798446e+04
711,4.391532e+04,0.039789,5.082799,6.177667,-2.250761e+03,-2.875210e+05,-3.494550e+05,1.999112e-01,8.779163e+03
712,4.396431e+04,-2.982972,-4.270218,6.071829,1.688333e+05,2.416901e+05,-3.436595e+05,1.678285e+00,7.378466e+04
713,4.398936e+04,0.166838,0.107879,7.997533,-9.445551e+03,-6.107573e+03,-4.527813e+05,0.000000e+00,0.000000e+00
714,4.405701e+04,4.263602,-5.037010,-4.522192,-2.415699e+05,2.853902e+05,2.562213e+05,7.099939e-01,3.128021e+04
715,4.411603e+04,-0.063599,1.320113,-7.890073,3.605836e+03,-7.484587e+04,4.473402e+05,1.006734e+00,4.441310e+04
716,4.427886e+04,-0.914785,4.593568,6.485546,5.196083e+04,-2.609198e+05,-3.683863e+05,2.365897e-03,1.047592e+02
717,4.431548e+04,6.137648,-4.349591,-2.722192,-3.487694e+05,2.471638e+05,1.546875e+05,9.902085e-01,4.388157e+04
718,4.444037e+04,0.231546,-0.435176,7.984799,-1.317606e+04,2.476351e+04,-4.543719e+05,0.000000e+00,0.000000e+00
719,4.450676e+04,5.569693,-4.588700,-3.452876,-3.171779e+05,2.613132e+05,1.966313e+05,9.194592e-01,4.092214e+04
720,4.471404e+04,1.552840,-1.741329,7.652219,-8.863545e+04,9.939431e+04,-4.367853e+05,1.341636e+00,5.998998e+04
721,4.473911e+04,5.139795,-6.112573,-0.467927,-2.934595e+05,3.490008e+05,2.671653e+04,1.117763e+00,5.000773e+04
722,4.475599e+04,-0.137403,0.012348,7.998810,7.846599e+03,-7.051596e+02,-4.567827e+05,0.000000e+00,0.000000e+00
723,4.479100e+04,3.957008,6.822503,-1.339977,-2.260586e+05,-3.897605e+05,7.655111e+04,9.114335e-01,4.082402e+04
724,4.482034e+04,6.535811,-1.015940,-4.500116,-3.735044e+05,5.805829e+04,2.571698e+05,5.169258e-01,2.316879e+04
725,4.489677e+04,-2.230312,-5.591532,5.268821,1.275651e+05,3.198137e+05,-3.013559e+05,1.666121e+00,7.480345e+04
726,4.493247e+04,-4.721447,2.561142,5.928616,2.701556e+05,-1.465455e+05,-3.392284e+05,1.237619e+00,5.560928e+04
727,4.511872e+04,-2.224594,1.195773,7.590870,1.275521e+05,-6.856238e+04,-4.352399e+05,2.403511e-09,1.084434e-04
728,4.512479e+04,-7.201486,3.347190,0.966915,4.129414e+05,-1.919317e+05,-5.544402e+04,1.059933e+00,4.782925e+04
729,4.514527e+04,-3.710417,-4.080643,-5.794925,2.128078e+05,2.340418e+05,3.323630e+05,2.478564e-01,1.118954e+04
730,4.531716e+04,-6.920095,3.658420,-1.651741,3.976510e+05,-2.102246e+05,9.491437e+04,9.426554e-01,4.271847e+04
731,4.552760e+04,-6.918725,3.107006,-2.545144,3.984943e+05,-1.789527e+05,1.465913e+05,8.460496e-01,3.851860e+04
732,4.560690e+04,-5.252211,0.826541,5.977550,3.027723e+05,-4.764732e+04,-3.445856e+05,1.268650e+00,5.785921e+04
733,4.562603e+04,-0.529672,-0.049435,-7.982293,3.054020e+04,2.850341e+03,4.602488e+05,1.032017e+00,4.708686e+04
734,4.567888e+04,-6.147856,3.106934,-4.068270,3.546828e+05,-1.792456e+05,2.347071e+05,4.419404e-01,2.018734e+04
735,4.573560e+04,1.653601,4.776806,-6.200623,-9.545894e+04,-2.757550e+05,3.579490e+05,7.039148e-02,3.219397e+03
736,4.574965e+04,1.201343,3.319967,7.178760,-6.936165e+04,-1.916842e+05,-4.144785e+05,0.000000e+00,0.000000e+00
737,4.587544e+04,-0.956789,-7.936749,0.304253,5.531780e+04,4.588719e+05,-1.759071e+04,1.131212e+00,5.189487e+04
738,4.606300e+04,0.065402,-0.702847,7.968797,-3.789020e+03,4.071886e+04,-4.616656e+05,0.000000e+00,0.000000e+00
739,4.626690e+04,-1.493109,-2.253832,7.529334,8.669330e+04,1.308625e+05,-4.371701e+05,1.696920e+00,7.851124e+04
740,4.632591e+04,1.389254,-7.753087,1.399861,-8.071463e+04,4.504487e+05,-8.133089e+04,1.182583e+00,5.478425e+04
741,4.643990e+04,4.336162,6.306996,-2.327982,-2.522376e+05,-3.668824e+05,1.354204e+05,7.826903e-01,3.634806e+04
742,4.646122e+04,3.861822,-6.535182,-2.525417,-2.246965e+05,3.802434e+05,1.469390e+05,1.035004e+00,4.808755e+04
743,4.652661e+04,2.491180,7.596111,0.305162,-1.450489e+05,-4.422835e+05,-1.776803e+04,1.021112e+00,4.750890e+04
744,4.682517e+04,-2.363917,-7.302727,2.254347,1.380799e+05,4.265632e+05,-1.316798e+05,1.203252e+00,5.634248e+04
745,4.690346e+04,3.388241,-2.442524,6.823042,-1.980776e+05,1.427907e+05,-3.988772e+05,1.117003e+00,5.239132e+04
746,4.698395e+04,6.981265,-3.618699,-1.472057,-4.084770e+05,2.117317e+05,8.613070e+04,1.067193e+00,5.014094e+04
747,4.710625e+04,-7.928659,0.684793,-0.816965,4.645128e+05,-4.011964e+04,4.786316e+04,1.032257e+00,4.862576e+04
748,4.745086e+04,-3.176131,-2.114947,7.031301,1.867580e+05,1.243599e+05,-4.134438e+05,1.660623e+00,7.879800e+04
749,4.761583e+04,-1.504437,-7.511631,2.304792,8.861520e+04,4.424545e+05,-1.357582e+05,1.214981e+00,5.785234e+04
750,4.779469e+04,1.462759,0.101365,7.864481,-8.632194e+04,-5.981871e+03,-4.641075e+05,0.000000e+00,0.000000e+00
751,4.782621e+04,5.434237,-0.786798,5.818076,-3.207970e+05,4.644673e+04,-3.434560e+05,1.994366e+00,9.538296e+04
752,4.785233e+04,-2.755521,3.263472,-6.764382,1.627099e+05,-1.927037e+05,3.994278e+05,1.416487e-01,6.778218e+03
753,4.785671e+04,-2.737909,6.370412,3.990201,1.616773e+05,-3.761817e+05,-2.356269e+05,1.115335e+00,5.337628e+04
754,4.790599e+04,-4.473751,-5.816829,3.185915,2.643172e+05,3.436686e+05,-1.882295e+05,1.233073e+00,5.907160e+04
755,4.815997e+04,0.666813,0.957767,7.914420,-3.950080e+04,-5.673639e+04,-4.688359e+05,0.000000e+00,0.000000e+00
756,4.841818e+04,-6.091620,-4.902684,-1.689929,3.618226e+05,2.912036e+05,1.003763e+05,1.049630e+00,5.082118e+04
757,4.844296e+04,-6.331829,3.651686,-3.251635,3.761865e+05,-2.169539e+05,1.931860e+05,6.960036e-01,3.371647e+04
758,4.862947e+04,-1.848536,-5.264899,5.732691,1.100364e+05,3.133997e+05,-3.412456e+05,1.691411e+00,8.225241e+04
759,4.872734e+04,3.511891,-6.256419,-3.538905,-2.092599e+05,3.727956e+05,2.108696e+05,9.605518e-01,4.680513e+04
760,4.916422e+04,-0.891912,-6.890250,3.965974,5.338331e+04,4.123996e+05,-2.373740e+05,1.485556e+00,7.303622e+04
761,4.922335e+04,7.484298,-1.669388,-2.280006,-4.482242e+05,9.997734e+04,1.365464e+05,1.003452e+00,4.939325e+04
762,4.947756e+04,7.774422,1.321852,-1.345761,-4.668001e+05,-7.936807e+04,8.080359e+04,1.028452e+00,5.088530e+04
763,4.951200e+04,-1.999181,7.745923,0.062891,1.200787e+05,-4.652508e+05,-3.777509e+03,1.006378e+00,4.982780e+04
764,4.958824e+04,-0.059389,0.174565,7.997875,3.569867e+03,-1.049312e+04,-4.807537e+05,0.000000e+00,0.000000e+00
765,4.962643e+04,0.162501,-7.798094,1.778572,-9.771730e+03,4.689253e+05,-1.069515e+05,1.190242e+00,5.906748e+04
766,4.972396e+04,7.907071,0.280548,1.183012,-4.759455e+05,-1.688687e+04,-7.120828e+04,1.143202e+00,5.684455e+04
767,5.034733e+04,-6.352496,2.555699,-4.136931,3.847612e+05,-1.547949e+05,2.505678e+05,5.007559e-01,2.521172e+04
768,5.047077e+04,-7.258818,-2.459342,2.293729,4.401944e+05,1.491412e+05,-1.390980e+05,1.121113e+00,5.658342e+04
769,5.051897e+04,-6.394640,0.174462,4.803971,3.879735e+05,-1.058492e+04,-2.914650e+05,1.174917e+00,5.935559e+04
770,5.055531e+04,4.538842,-5.245081,3.985981,-2.754781e+05,3.183422e+05,-2.419231e+05,1.588717e+00,8.031810e+04
771,5.067026e+04,1.811049,-2.020589,7.525777,-1.100438e+05,1.227760e+05,-4.572846e+05,1.864180e+00,9.445851e+04
772,5.067391e+04,3.155093,0.288102,-7.345909,-1.917181e+05,-1.750641e+04,4.463715e+05,2.034235e-01,1.030826e+04
773,5.092442e+04,1.866130,1.241011,-7.679678,-1.136747e+05,-7.559577e+04,4.678049e+05,1.091554e+00,5.558676e+04
774,5.107179e+04,0.179804,-3.641841,-7.120721,-1.096852e+04,2.221622e+05,4.343834e+05,7.197673e-02,3.675981e+03
775,5.128339e+04,7.084903,-0.202240,3.709885,-4.330928e+05,1.236275e+04,-2.267814e+05,1.406347e+00,7.212222e+04
776,5.131430e+04,0.937998,7.848100,-1.235912,-5.735612e+04,-4.798908e+05,7.557279e+04,9.285841e-01,4.764964e+04
777,5.142556e+04,3.959127,2.489606,6.490545,-2.423526e+05,-1.523979e+05,-3.973099e+05,7.877155e-01,4.050872e+04
778,5.143059e+04,7.232046,-3.417607,0.132186,-4.427215e+05,2.092144e+05,-8.091966e+03,1.124015e+00,5.780879e+04
779,5.168976e+04,-3.615526,4.223515,-5.752382,2.218873e+05,-2.592000e+05,3.530276e+05,7.627113e-02,3.942436e+03
780,5.185415e+04,-3.327010,-7.134884,1.422827,2.045053e+05,4.385684e+05,-8.745861e+04,1.139969e+00,5.911210e+04
781,5.229885e+04,-5.813878,-2.002822,-5.117375,3.588977e+05,1.236366e+05,3.159017e+05,4.299190e-01,2.248427e+04
782,5.245240e+04,-1.559809,-4.758945,-6.238545,9.643013e+04,2.942064e+05,3.856778e+05,2.034870e-01,1.067338e+04
783,5.245279e+04,3.090406,-3.804326,-6.322697,-1.910550e+05,2.351910e+05,3.908817e+05,1.495916e-01,7.846497e+03
784,5.283787e+04,-7.765726,1.918165,-0.118889,4.818517e+05,-1.190193e+05,7.376878e+03,1.049705e+00,5.546419e+04
785,5.285581e+04,-0.425242,-0.031392,7.988628,2.639009e+04,1.948150e+03,-4.957666e+05,0.000000e+00,0.000000e+00
786,5.288857e+04,-1.442460,0.635675,-7.843164,8.954544e+04,-3.946161e+04,4.868900e+05,1.035462e+00,5.476409e+04
787,5.297335e+04,1.445826,-7.866971,0.142692,-8.982625e+04,4.887592e+05,-8.865166e+03,1.125271e+00,5.960940e+04
788,5.308767e+04,1.203249,0.665050,-7.880983,-7.483610e+04,-4.136277e+04,4.901578e+05,1.032225e+00,5.479843e+04
789,5.342321e+04,-2.094321,-7.717613,-0.228614,1.306673e+05,4.815115e+05,1.426354e+04,1.107446e+00,5.916333e+04
790,5.355075e+04,6.430326,3.484271,3.242030,-4.016747e+05,-2.176473e+05,-2.025156e+05,1.227586e+00,6.573815e+04
791,5.358727e+04,-2.887625,2.992615,6.834169,1.804390e+05,-1.869995e+05,-4.270466e+05,1.185935e+00,6.355101e+04
792,5.367528e+04,0.927687,0.638810,-7.920310,-5.801597e+04,-3.995007e+04,4.953225e+05,1.026673e+00,5.510698e+04
793,5.370740e+04,-5.765204,4.826063,-2.733412,3.606537e+05,-3.019039e+05,1.709940e+05,8.099080e-01,4.349805e+04
794,5.379620e+04,2.575112,7.486495,1.149434,-1.612243e+05,-4.687195e+05,-7.196456e+04,1.064847e+00,5.728469e+04
795,5.381965e+04,-3.645553,4.029262,-5.871541,2.282929e+05,-2.523217e+05,3.676895e+05,7.542507e-02,4.059350e+03
796,5.397847e+04,5.388715,3.789608,-4.538791,-3.379514e+05,-2.376639e+05,2.846486e+05,3.132092e-01,1.690656e+04
797,5.399324e+04,0.779790,4.147640,6.796250,-4.891094e+04,-2.601533e+05,-4.262827e+05,0.000000e+00,0.000000e+00
798,5.402079e+04,2.096209,-5.179913,5.724893,-1.315146e+05,3.249838e+05,-3.591754e+05,1.812596e+00,9.791789e+04
799,5.408406e+04,-5.383832,-2.444197,5.388901,3.379752e+05,1.534368e+05,-3.382934e+05,1.367366e+00,7.395269e+04
800,5.423573e+04,-1.249663,0.436870,7.889708,7.855870e+04,-2.746335e+04,-4.959779e+05,0.000000e+00,0.000000e+00
801,5.427427e+04,6.284308,-3.783042,-3.193128,-3.951966e+05,2.379013e+05,2.008038e+05,9.732963e-01,5.282495e+04
802,5.440034e+04,7.084293,-1.086125,3.554311,-4.460217e+05,6.838163e+04,-2.237767e+05,1.380026e+00,7.507388e+04
803,5.443934e+04,0.562493,-0.796216,-7.940380,-3.542682e+04,5.014712e+04,5.000995e+05,1.111542e+00,6.051161e+04
804,5.452745e+04,2.030655,-2.509548,-7.319741,-1.279977e+05,1.581837e+05,4.613834e+05,8.601909e-02,4.690401e+03
805,5.456988e+04,7.160533,0.297589,3.555026,-4.515237e+05,-1.876517e+04,-2.241702e+05,1.343767e+00,7.332919e+04
806,5.491056e+04,-4.025860,-4.121142,-5.550553,2.546510e+05,2.606779e+05,3.510936e+05,4.183433e-01,2.297147e+04
807,5.512114e+04,-0.351965,7.983689,0.369910,2.230575e+04,-5.059661e+05,-2.344305e+04,1.028221e+00,5.667670e+04
808,5.513716e+04,4.984483,6.253958,0.207231,-3.159374e+05,-3.964020e+05,-1.313517e+04,1.053519e+00,5.808802e+04
809,5.516501e+04,-0.226565,0.770365,-7.959598,1.436426e+04,-4.884127e+04,5.046400e+05,1.007661e+00,5.558764e+04
810,5.524368e+04,-5.564436,-2.692871,-5.077942,3.530377e+05,1.708502e+05,3.221719e+05,5.157387e-01,2.849130e+04
811,5.524388e+04,0.940019,-5.900099,-5.320262,-5.963995e+04,3.743347e+05,3.375467e+05,6.111017e-01,3.375963e+04
812,5.538441e+04,-3.751171,2.353211,-6.662666,2.382974e+05,-1.494904e+05,4.232534e+05,1.014348e-01,5.617908e+03
813,5.543722e+04,-7.612087,-1.175685,-2.161921,4.837970e+05,7.472230e+04,1.374040e+05,1.003810e+00,5.564843e+04
814,5.567014e+04,-0.518529,-6.002274,5.263443,3.302501e+04,3.822836e+05,-3.352276e+05,1.698184e+00,9.453815e+04
815,5.584831e+04,-0.423265,-7.770376,1.855291,2.700079e+04,4.956849e+05,-1.183520e+05,1.174675e+00,6.560359e+04
816,5.601353e+04,1.562257,-2.313419,7.497162,-9.980623e+04,1.477949e+05,-4.789631e+05,1.168199e+00,6.543493e+04
817,5.613018e+04,-2.512056,-5.761338,4.949400,1.606520e+05,3.684514e+05,-3.165260e+05,1.606381e+00,9.016646e+04
818,5.634400e+04,0.036715,6.990961,-3.889102,-2.352477e+03,-4.479395e+05,2.491907e+05,3.773243e-01,2.125996e+04
819,5.673505e+04,7.930544,0.952118,0.447145,-5.099028e+05,-6.121748e+04,-2.874969e+04,1.110369e+00,6.299686e+04
820,5.677539e+04,5.404426,5.407015,2.357195,-3.476069e+05,-3.477734e+05,-1.516123e+05,1.135595e+00,6.447387e+04
821,5.706815e+04,-6.886180,0.772196,3.998029,4.440521e+05,-4.979468e+04,-2.578111e+05,1.120715e+00,6.395713e+04
822,5.718773e+04,7.236702,2.356289,2.465370,-4.671440e+05,-1.521033e+05,-1.591447e+05,1.173214e+00,6.709343e+04
823,5.723006e+04,-6.030101,-4.945217,1.784014,3.893995e+05,3.193421e+05,-1.152044e+05,1.121310e+00,6.417264e+04
824,5.744044e+04,-2.201175,1.089791,7.613618,1.424040e+05,-7.050355e+04,-4.925595e+05,7.120753e-02,4.090192e+03
825,5.760043e+04,-7.724321,1.172699,-1.720362,5.004168e+05,-7.597277e+04,1.114529e+05,1.005951e+00,5.794321e+04
826,5.775387e+04,6.489692,3.643198,2.934453,-4.209915e+05,-2.363372e+05,-1.903603e+05,1.188170e+00,6.862140e+04
827,5.812541e+04,-3.001303,-3.452145,6.563145,1.953222e+05,2.246626e+05,-4.271238e+05,1.666626e+00,9.687330e+04
828,5.823220e+04,7.136149,2.807490,-2.278897,-4.648408e+05,-1.828768e+05,1.484448e+05,9.582163e-01,5.579904e+04
829,5.828490e+04,3.303101,-2.886707,-6.690026,-2.152577e+05,1.881219e+05,4.359779e+05,9.569134e-02,5.577360e+03
830,5.842946e+04,0.978300,-3.332329,7.206838,-6.383318e+04,2.174315e+05,-4.702398e+05,1.196159e+00,6.989090e+04
831,5.845183e+04,1.422169,6.471111,4.483543,-9.281306e+04,-4.223151e+05,-2.926032e+05,1.263693e+00,7.386519e+04
832,5.846833e+04,-0.573731,-0.467079,-7.965718,3.744786e+04,3.048666e+04,5.199289e+05,1.044918e+00,6.109463e+04
833,5.852259e+04,4.119839,-3.587564,-5.844340,-2.690300e+05,2.342718e+05,3.816418e+05,3.084729e-01,1.805263e+04
834,5.858710e+04,1.397869,7.600542,2.068266,-9.133265e+04,-4.965972e+05,-1.351345e+05,1.083813e+00,6.349747e+04
835,5.863976e+04,6.245503,4.766483,1.508089,-4.082462e+05,-3.115680e+05,-9.857839e+04,1.113713e+00,6.530787e+04
836,5.889400e+04,1.025176,-5.097609,-6.079753,-6.715720e+04,3.339341e+05,3.982724e+05,3.137402e-01,1.847742e+04
837,5.902626e+04,4.180650,1.273530,-6.700768,-2.741733e+05,-8.352001e+04,4.394463e+05,8.747572e-02,5.163364e+03
838,5.932236e+04,-1.747119,-0.711607,7.774393,1.148657e+05,4.678519e+04,-5.111336e+05,1.014546e+00,6.018524e+04
839,5.939385e+04,-0.860420,7.707098,-1.964768,5.660307e+04,-5.070144e+05,1.292530e+05,8.812680e-01,5.234190e+04
840,5.944241e+04,-1.331389,-1.612561,-7.721855,8.762174e+04,1.061263e+05,5.081928e+05,3.507846e-01,2.085148e+04
841,5.944688e+04,0.611081,-7.972861,-0.245074,-4.021814e+04,5.247318e+05,1.612950e+04,1.107855e+00,6.585852e+04
842,5.948775e+04,4.914511,-1.389126,-6.157752,-3.235585e+05,9.145638e+04,4.054102e+05,1.350121e-01,8.031565e+03
843,5.949316e+04,7.557065,-2.246277,-1.358309,-4.975599e+05,1.478957e+05,8.943155e+04,1.070898e+00,6.371112e+04
844,5.960088e+04,6.516353,-4.093157,2.187054,-4.294273e+05,2.697388e+05,-1.441268e+05,1.200697e+00,7.156262e+04
845,5.964629e+04,-5.706551,1.661977,-5.354728,3.762046e+05,-1.095659e+05,3.530107e+05,2.083118e-01,1.242503e+04
846,5.968671e+04,1.919799,-7.174193,-2.974110,-1.266057e+05,4.731192e+05,1.961347e+05,1.035577e+00,6.181017e+04
847,5.969422e+04,-6.366553,-2.071606,-4.378978,4.198839e+05,1.366256e+05,2.888003e+05,7.404469e-01,4.420040e+04
848,5.986482e+04,-0.032058,-7.628383,-2.409719,2.117267e+03,5.038219e+05,1.591516e+05,1.058618e+00,6.337395e+04
849,5.989164e+04,2.214957,-4.353492,6.335698,-1.463212e+05,2.875938e+05,-4.185393e+05,1.977726e+00,1.184493e+05
850,5.996160e+04,5.325157,-3.825582,4.583407,-3.519879e+05,2.528674e+05,-3.029589e+05,1.691690e+00,1.014364e+05
851,6.005730e+04,-3.685635,7.046850,0.870628,2.438113e+05,-4.661618e+05,-5.759363e+04,1.046630e+00,6.285776e+04
852,6.049039e+04,2.714332,3.314299,-6.756317,-1.802041e+05,-2.200359e+05,4.485511e+05,1.949529e-01,1.179277e+04
853,6.055544e+04,-0.531928,3.103644,-7.354213,3.533363e+04,-2.061613e+05,4.885078e+05,1.060259e+00,6.420442e+04
854,6.064237e+04,1.293026,-5.211853,5.929981,-8.595160e+04,3.464487e+05,-3.941850e+05,1.880314e+00,1.140267e+05
855,6.075408e+04,-1.797053,-0.834807,-7.750722,1.195659e+05,5.554343e+04,5.156898e+05,1.325798e+00,8.054766e+04
856,6.087251e+04,4.358204,-0.593574,-6.682344,-2.902531e+05,3.953160e+04,4.450391e+05,8.155306e-02,4.964339e+03
857,6.092566e+04,1.457057,-1.668530,-7.687197,-9.708123e+04,1.111713e+05,5.121849e+05,3.069152e-01,1.869901e+04
858,6.105785e+04,-2.780600,-2.956795,-6.893884,1.854675e+05,1.972199e+05,4.598259e+05,8.755005e-02,5.345618e+03
859,6.151547e+04,-4.668046,-2.048177,-6.165575,3.125259e+05,1.371256e+05,4.127855e+05,1.591504e-01,9.790212e+03
860,6.157589e+04,-7.247510,-1.191298,-3.170868,4.854593e+05,7.979662e+04,2.123940e+05,9.424202e-01,5.803036e+04
861,6.158107e+04,7.094463,2.980255,2.187847,-4.752278e+05,-1.996346e+05,-1.465545e+05,1.147495e+00,7.066395e+04
862,6.274836e+04,-3.600871,-6.257593,3.446194,2.434824e+05,4.231236e+05,-2.330234e+05,1.237806e+00,7.767030e+04
863,6.285204e+04,-7.362591,-0.440431,-3.098109,4.982520e+05,2.980548e+04,2.096598e+05,9.398436e-01,5.907109e+04
864,6.323457e+04,7.431390,-2.427426,1.697657,-5.044360e+05,1.647715e+05,-1.152354e+05,1.152689e+00,7.288981e+04
865,6.328874e+04,5.980407,1.868719,-4.974195,-4.061184e+05,-1.269013e+05,3.377884e+05,3.381404e-01,2.140048e+04
866,6.329700e+04,3.281968,3.691430,-6.293014,-2.228869e+05,-2.506945e+05,4.273749e+05,8.884111e-02,5.623376e+03
867,6.337064e+04,-4.710427,1.459693,6.299300,3.200833e+05,-9.918917e+04,-4.280505e+05,1.283872e+00,8.135975e+04
868,6.364343e+04,-4.455863,1.254207,-6.524741,3.034361e+05,-8.540918e+04,4.443230e+05,8.359969e-02,5.320571e+03
869,6.429520e+04,0.092800,0.153416,-7.997990,-6.351775e+03,-1.050069e+04,5.474303e+05,1.035199e+00,6.655833e+04
870,6.434744e+04,-5.390110,4.513937,3.817209,3.690812e+05,-3.090864e+05,-2.613787e+05,1.090313e+00,7.015883e+04
871,6.456780e+04,1.142725,4.277180,-6.663326,-7.838059e+04,-2.933757e+05,4.570437e+05,2.308237e-01,1.490378e+04
872,6.488237e+04,-5.722307,2.443302,5.028467,3.934533e+05,-1.679961e+05,-3.457464e+05,1.125308e+00,7.301262e+04
873,6.490573e+04,-5.233838,6.041689,-0.323940,3.599320e+05,-4.154881e+05,2.227741e+04,1.027507e+00,6.669110e+04
874,6.494029e+04,-2.081667,3.313305,-6.977727,1.431947e+05,-2.279173e+05,4.799873e+05,4.178226e-01,2.713352e+04
875,6.504597e+04,-7.301300,-1.639806,2.828791,5.026539e+05,1.128915e+05,-1.947466e+05,1.108438e+00,7.209942e+04
876,6.517635e+04,2.357701,1.365433,7.521758,-1.624772e+05,-9.409665e+04,-5.183499e+05,0.000000e+00,0.000000e+00
877,6.519650e+04,-0.883956,7.818713,-1.444417,6.092586e+04,-5.388974e+05,9.955509e+04,9.558851e-01,6.232036e+04
878,6.546293e+04,1.980653,-1.441311,-7.615749,-1.367933e+05,9.954379e+04,5.259798e+05,3.013868e-01,1.972966e+04
879,6.576731e+04,0.294783,4.448320,-6.642707,-2.040641e+04,-3.079355e+05,4.598422e+05,2.376580e-01,1.563013e+04
880,6.594933e+04,3.825089,-6.816435,1.704378,-2.651584e+05,4.725211e+05,-1.181489e+05,1.156831e+00,7.629225e+04
881,6.647030e+04,-0.313833,-5.066367,6.183319,2.184093e+04,3.525893e+05,-4.303226e+05,1.862628e+00,1.238095e+05
882,6.684900e+04,-2.743683,-1.697554,-7.320554,1.914873e+05,1.184758e+05,5.109167e+05,1.383867e-01,9.251014e+03
883,6.692511e+04,-3.261378,-7.185931,1.313700,2.277479e+05,5.018065e+05,-9.173800e+04,1.117264e+00,7.477304e+04
884,6.693283e+04,3.334893,7.062548,-1.731734,-2.328950e+05,-4.932189e+05,1.209371e+05,9.525449e-01,6.375652e+04
885,6.756072e+04,-7.375087,2.973741,0.874621,5.174554e+05,-2.086455e+05,-6.136573e+04,1.062580e+00,7.178865e+04
886,6.760174e+04,-6.210540,3.127030,3.956119,4.358800e+05,-2.194673e+05,-2.776560e+05,1.094518e+00,7.399135e+04
887,6.780905e+04,2.828045,-1.660736,7.296856,-1.987874e+05,1.167356e+05,-5.129066e+05,1.007352e+00,6.830761e+04
888,6.810080e+04,0.717601,0.937593,-7.912393,-5.054958e+04,-6.604637e+04,5.573688e+05,1.025478e+00,6.983589e+04
889,6.812940e+04,-1.427774,1.279351,-7.766899,1.005971e+05,-9.013964e+04,5.472347e+05,1.048736e+00,7.144977e+04
890,6.856136e+04,-0.988385,-7.825016,-1.338739,6.985939e+04,5.530745e+05,9.462248e+04,1.079994e+00,7.404587e+04
891,6.870528e+04,3.034782,-3.391063,6.579574,-2.147243e+05,2.399328e+05,-4.655341e+05,1.245406e+00,8.556598e+04
892,6.981302e+04,3.451916,-3.888005,6.080106,-2.461995e+05,2.773024e+05,-4.336487e+05,1.981901e+00,1.383625e+05
893,7.057690e+04,6.887779,-3.895812,-1.175223,-4.939343e+05,2.793753e+05,8.427723e+04,1.081779e+00,7.634863e+04
894,7.076795e+04,-0.921390,4.687668,-6.416916,6.616380e+04,-3.366153e+05,4.607903e+05,1.719667e-01,1.216973e+04
895,7.088294e+04,-1.335743,4.918768,6.166159,9.599584e+04,-3.534971e+05,-4.431433e+05,1.591015e+00,1.127758e+05
896,7.094881e+04,0.799296,-0.362968,7.951690,-5.746969e+04,2.609756e+04,-5.717297e+05,0.000000e+00,0.000000e+00
897,7.118179e+04,-7.445226,-1.610497,-2.444362,5.361928e+05,1.159853e+05,1.760389e+05,1.017011e+00,7.239269e+04
898,7.153133e+04,-7.654769,1.812833,-1.455388,5.526356e+05,-1.308774e+05,1.050716e+05,1.027781e+00,7.351850e+04
899,7.162375e+04,1.156105,-7.804990,1.321196,-8.351883e+04,5.638448e+05,-9.544530e+04,1.126048e+00,8.065181e+04
900,7.214830e+04,-5.823887,-2.612020,4.822830,4.222646e+05,1.893861e+05,-3.496824e+05,1.227142e+00,8.853624e+04
901,7.229650e+04,7.411279,2.881175,-0.878504,-5.379111e+05,-2.091159e+05,6.376184e+04,1.058763e+00,7.654484e+04
902,7.233894e+04,4.176698,-6.697554,-1.303062,-3.032340e+05,4.862515e+05,9.460407e+04,1.082854e+00,7.833249e+04
903,7.262440e+04,-0.329337,2.846394,-7.469242,2.395746e+04,-2.070594e+05,5.433460e+05,1.066259e+00,7.743644e+04
904,7.270948e+04,3.595196,-6.695070,-2.500120,-2.616838e+05,4.873145e+05,1.819764e+05,1.059134e+00,7.700910e+04
905,7.282603e+04,5.923141,-5.374723,-0.169575,-4.314734e+05,3.915237e+05,1.235276e+04,1.099884e+00,8.010022e+04
906,7.294820e+04,-0.920875,5.197907,-6.011136,6.713775e+04,-3.789610e+05,4.382506e+05,9.468743e-02,6.907278e+03
907,7.306782e+04,3.197825,6.404222,3.572094,-2.333332e+05,-4.672918e+05,-2.606421e+05,1.143023e+00,8.351823e+04
908,7.326741e+04,-0.038198,-0.113627,-7.999102,2.790961e+03,8.302215e+03,5.844607e+05,1.043687e+00,7.646822e+04
909,7.335575e+04,-2.617776,-1.961390,7.300699,1.913852e+05,1.433969e+05,-5.337528e+05,1.690498e+00,1.240077e+05
910,7.403053e+04,-3.813943,3.287899,6.216394,2.801163e+05,-2.414808e+05,-4.565651e+05,1.291006e+00,9.557388e+04
911,7.415440e+04,3.398137,-0.223927,7.238958,-2.497860e+05,1.646011e+04,-5.321122e+05,1.532746e+00,1.136599e+05
912,7.438967e+04,1.426016,-3.072594,-7.247458,-1.049879e+05,2.262144e+05,5.335814e+05,9.521083e-02,7.082702e+03
913,7.452991e+04,5.720865,-3.721519,4.173967,-4.215855e+05,2.742485e+05,-3.075905e+05,1.527866e+00,1.138717e+05
914,7.482782e+04,4.187151,0.148920,6.815100,-3.091782e+05,-1.099623e+04,-5.032253e+05,9.477519e-01,7.091821e+04
915,7.485734e+04,6.697179,1.617388,-4.065938,-4.946156e+05,-1.194511e+05,3.002870e+05,7.570847e-01,5.667335e+04
916,7.559126e+04,-0.071470,-0.211882,-7.996874,5.304188e+03,1.572489e+04,5.934918e+05,1.049330e+00,7.932015e+04
917,7.592983e+04,-1.105427,3.174460,-7.259534,8.222330e+04,-2.361211e+05,5.399750e+05,1.053958e+00,8.002684e+04
918,7.630391e+04,6.856843,4.035406,0.836180,-5.112771e+05,-3.008980e+05,-6.234933e+04,1.091717e+00,8.330228e+04
919,7.642118e+04,7.923827,-1.099786,0.058575,-5.912900e+05,8.206801e+04,-4.370951e+03,1.095075e+00,8.368695e+04
920,7.652120e+04,-3.543782,-6.747975,2.430319,2.646163e+05,5.038752e+05,-1.814733e+05,1.130069e+00,8.647426e+04
921,7.680497e+04,1.725031,-0.633455,7.786077,-1.290477e+05,4.738805e+04,-5.824680e+05,2.759115e-01,2.119137e+04
922,7.684871e+04,2.913169,4.216524,-6.142831,-2.179931e+05,-3.155234e+05,4.596694e+05,9.714482e-02,7.465455e+03
923,7.700676e+04,-5.305513,-1.184239,5.869336,3.974207e+05,8.870793e+04,-4.396551e+05,1.322272e+00,1.018239e+05
924,7.723867e+04,7.312429,3.244658,-0.024033,-5.485772e+05,-2.434137e+05,1.802953e+03,1.078288e+00,8.328555e+04
925,7.730981e+04,7.588178,2.177537,1.295331,-5.695260e+05,-1.634337e+05,-9.722027e+04,1.108968e+00,8.573411e+04
926,7.797296e+04,3.288567,6.743666,-2.776381,-2.478777e+05,-5.083078e+05,2.092714e+05,8.611444e-01,6.714598e+04
927,7.843825e+04,-6.838259,-0.995984,-4.030661,5.169734e+05,7.529652e+04,3.047186e+05,8.747601e-01,6.861465e+04
928,7.944942e+04,-6.206115,-1.498059,-4.820784,4.721977e+05,1.139811e+05,3.667935e+05,7.044597e-01,5.596891e+04
929,8.059331e+04,1.746589,-1.575339,-7.646420,-1.338440e+05,1.207208e+05,5.859578e+05,4.116167e-01,3.317355e+04
930,8.120010e+04,-1.160213,1.738204,-7.722212,8.924312e+04,-1.337020e+05,5.939893e+05,1.038878e+00,8.435703e+04
931,8.213374e+04,-0.134225,-0.040660,-7.998771,1.038370e+04,3.145454e+03,6.187892e+05,1.038489e+00,8.529502e+04
932,8.230838e+04,0.409996,-6.452527,4.711347,-3.175120e+04,4.997014e+05,-3.648596e+05,1.628574e+00,1.340453e+05
933,8.233652e+04,2.955294,-3.966040,6.287827,-2.289052e+05,3.071935e+05,-4.870298e+05,1.794664e+00,1.477664e+05
934,8.244708e+04,1.166721,-0.467746,-7.900631,-9.043020e+04,3.625405e+04,6.123618e+05,1.075836e+00,8.869951e+04
935,8.249154e+04,3.999754,5.887175,-3.652826,-3.100963e+05,-4.564260e+05,2.831994e+05,7.057666e-01,5.821977e+04
936,8.257670e+04,-5.793274,1.854392,-5.196076,4.493777e+05,-1.438431e+05,4.030537e+05,3.805712e-01,3.142631e+04
937,8.267845e+04,-0.896521,7.920529,0.679316,6.958496e+04,-6.147649e+05,-5.272621e+04,1.050363e+00,8.684235e+04
938,8.283931e+04,0.624413,-1.100275,-7.899336,-4.851193e+04,8.548265e+04,6.137161e+05,1.054344e+00,8.734115e+04
939,8.323395e+04,-6.588862,-3.974781,-2.188153,5.131205e+05,3.095439e+05,1.704067e+05,1.047044e+00,8.714959e+04
940,8.332196e+04,5.231027,4.168027,-4.389068,-4.075917e+05,-3.247648e+05,3.419879e+05,5.546602e-01,4.621537e+04
941,8.348898e+04,-0.018568,-3.413899,-7.234981,1.448221e+03,2.662710e+05,5.643008e+05,9.966568e-02,8.320986e+03
942,8.376748e+04,-0.466768,-6.079640,5.178813,3.646680e+04,4.749789e+05,-4.046007e+05,1.689219e+00,1.415016e+05
943,8.388764e+04,-0.335774,0.459914,7.979708,2.625153e+04,-3.595706e+04,-6.238708e+05,0.000000e+00,0.000000e+00
944,8.390431e+04,-6.811782,0.545745,4.159542,5.326127e+05,-4.267174e+04,-3.252343e+05,1.099095e+00,9.221884e+04
945,8.401839e+04,-5.284230,5.714011,-1.851214,4.134544e+05,-4.470817e+05,1.448447e+05,9.906779e-01,8.323516e+04
946,8.417275e+04,3.018501,-7.062624,2.237854,-2.363936e+05,5.531088e+05,-1.752573e+05,1.145655e+00,9.643296e+04
947,8.459560e+04,-0.284959,7.007622,-3.848639,2.237253e+04,-5.501781e+05,3.021620e+05,5.900405e-01,4.991483e+04
948,8.550460e+04,7.225709,3.381602,0.594893,-5.703401e+05,-2.669168e+05,-4.695614e+04,1.085349e+00,9.280232e+04
949,8.561439e+04,4.212631,-5.868997,3.436366,-3.327250e+05,4.635493e+05,-2.714135e+05,1.277041e+00,1.093331e+05
950,8.595092e+04,-6.413024,4.153991,-2.370124,5.075126e+05,-3.287377e+05,1.875664e+05,9.797887e-01,8.421374e+04
951,8.641031e+04,1.084629,-1.112571,7.847660,-8.606426e+04,8.828142e+04,-6.227040e+05,7.441729e-01,6.430421e+04
952,8.652068e+04,2.938746,3.706073,-6.452038,-2.333354e+05,-2.942609e+05,5.122896e+05,1.613303e-01,1.395840e+04
953,8.803129e+04,3.300143,6.801226,-2.617706,-2.643078e+05,-5.447088e+05,2.096515e+05,9.179638e-01,8.080954e+04
954,8.857209e+04,1.147795,0.802772,7.876428,-9.220860e+04,-6.449102e+04,-6.327563e+05,0.000000e+00,0.000000e+00
955,8.942587e+04,4.892908,-4.021609,-4.887342,-3.949639e+05,3.246311e+05,3.945145e+05,8.505416e-01,7.606042e+04
956,8.998845e+04,4.775339,2.834345,-5.758701,-3.866840e+05,-2.295116e+05,4.663120e+05,1.500068e-01,1.349888e+04
957,9.074260e+04,7.032231,-2.390427,2.972135,-5.718175e+05,1.943747e+05,-2.416756e+05,1.173376e+00,1.064752e+05
958,9.077215e+04,-6.774199,3.860643,1.790437,5.509256e+05,-3.139747e+05,-1.456109e+05,1.059643e+00,9.618607e+04
959,9.114918e+04,7.567226,2.287586,1.226394,-6.166969e+05,-1.864286e+05,-9.994590e+04,1.095002e+00,9.980857e+04
960,9.283733e+04,4.055415,3.397868,-6.000676,-3.335456e+05,-2.794644e+05,4.935375e+05,1.066228e-01,9.898572e+03
961,9.396197e+04,1.745091,-7.789127,-0.533071,-1.443952e+05,6.445009e+05,4.410823e+04,1.076321e+00,1.011332e+05
962,9.524178e+04,-4.902012,-6.047522,-1.843299,4.083634e+05,5.037905e+05,1.535565e+05,1.058286e+00,1.007931e+05
963,9.701308e+04,7.501073,0.184415,-2.774868,-6.306628e+05,-1.550493e+04,2.333007e+05,1.021964e+00,9.914388e+04
964,9.918193e+04,2.863175,-1.843645,-7.239006,-2.434013e+05,1.567301e+05,6.153949e+05,1.593353e-01,1.580318e+04
965,1.001852e+05,-5.941374,0.961972,-5.270169,5.076300e+05,-8.219072e+04,4.502824e+05,5.011291e-01,5.020570e+04
966,1.014280e+05,2.482916,0.226350,7.601572,-2.134517e+05,-1.945887e+04,-6.534931e+05,3.579709e-02,3.630827e+03
967,1.024361e+05,0.268355,2.116159,7.710373,-2.318434e+04,-1.828241e+05,-6.661324e+05,1.141927e+00,1.169746e+05
968,1.036296e+05,4.165822,1.400439,6.684661,-3.619939e+05,-1.216928e+05,-5.808714e+05,9.153537e-01,9.485774e+04
969,1.050176e+05,-4.398508,5.485678,3.815818,3.847647e+05,-4.798661e+05,-3.337932e+05,1.065567e+00,1.119033e+05
970,1.054135e+05,0.238349,0.431681,-7.984788,-2.088910e+04,-3.783290e+04,6.997938e+05,1.019010e+00,1.074174e+05
971,1.063190e+05,-5.086640,0.988929,6.094925,4.477082e+05,-8.704204e+04,-5.364539e+05,1.182809e+00,1.257550e+05
972,1.073608e+05,-2.339585,4.916358,-5.861380,2.069285e+05,-4.348355e+05,5.184195e+05,1.119996e-01,1.202436e+04
973,1.073803e+05,0.756453,-7.897395,-1.029042,-6.691187e+04,6.985620e+05,9.102363e+04,1.065216e+00,1.143833e+05
974,1.092771e+05,-0.191081,0.155021,-7.996215,1.705066e+04,-1.383293e+04,7.135226e+05,1.020656e+00,1.115343e+05
975,1.100719e+05,0.076652,7.816709,-1.700936,-6.864643e+03,-7.000368e+05,1.523298e+05,1.005824e+00,1.107130e+05
976,1.111483e+05,-0.187336,7.310968,-3.242630,1.685900e+04,-6.579379e+05,2.918149e+05,8.598157e-01,9.556702e+04
977,1.131443e+05,-4.107282,0.577348,6.840826,3.729319e+05,-5.242191e+04,-6.211315e+05,1.462562e+00,1.654806e+05
978,1.136943e+05,2.775445,-5.762414,-4.805360,-2.526159e+05,5.244843e+05,4.373750e+05,9.659496e-01,1.098230e+05
979,1.138702e+05,-3.033759,-1.677052,7.209980,2.763407e+05,1.527603e+05,-6.567466e+05,1.664764e+00,1.895671e+05
980,1.153786e+05,-0.918147,0.673686,-7.918532,8.418482e+04,-6.177022e+04,7.260492e+05,1.016649e+00,1.172995e+05
981,1.154957e+05,-2.244608,6.757040,3.647486,2.059122e+05,-6.198664e+05,-3.346072e+05,1.064861e+00,1.229869e+05
982,1.166080e+05,7.573999,-0.212952,-2.566942,-6.981489e+05,1.962925e+04,2.366131e+05,1.040921e+00,1.213797e+05
983,1.168029e+05,1.439887,-6.667320,-4.180140,-1.328355e+05,6.150874e+05,3.856349e+05,1.021448e+00,1.193081e+05
984,1.217728e+05,0.006764,-5.598427,5.714680,-6.371592e+02,5.273511e+05,-5.383018e+05,1.660817e+00,2.022424e+05
985,1.234948e+05,3.311943,-0.910179,7.225137,-3.141709e+05,8.633953e+04,-6.853763e+05,9.745502e-01,1.203519e+05
986,1.240348e+05,-1.302503,-0.124069,-7.892281,1.238253e+05,1.179489e+04,7.502966e+05,1.037041e+00,1.286291e+05
987,1.264958e+05,-0.852579,-0.714306,7.922302,8.185238e+04,6.857743e+04,-7.605857e+05,9.508106e-01,1.202735e+05
988,1.268041e+05,2.391665,-5.782960,-4.983705,-2.298929e+05,5.558728e+05,4.790464e+05,9.637766e-01,1.222108e+05
989,1.268390e+05,-7.309394,0.678306,3.180041,7.026943e+05,-6.520946e+04,-3.057157e+05,1.057861e+00,1.341781e+05
990,1.315585e+05,-0.389755,3.453011,-7.205887,3.816012e+04,-3.380773e+05,7.055138e+05,1.083333e+00,1.425216e+05
991,1.348108e+05,2.819277,5.284601,-5.303270,-2.794208e+05,-5.237610e+05,5.256113e+05,2.915761e-01,3.930760e+04
992,1.351721e+05,6.322892,-0.400251,-4.884756,-6.275062e+05,3.972237e+04,4.847805e+05,8.455952e-01,1.143009e+05
993,1.373108e+05,6.010318,-0.316685,5.270274,-6.011855e+05,3.167655e+04,-5.271621e+05,1.676091e+00,2.301453e+05
994,1.382015e+05,-0.207130,2.581747,-7.569127,2.078537e+04,-2.590769e+05,7.595579e+05,1.012026e+00,1.398635e+05
995,1.416524e+05,5.814907,4.435926,3.241823,-5.907632e+05,-4.506662e+05,-3.293517e+05,1.084811e+00,1.536661e+05
996,1.416601e+05,3.130163,-5.103036,-5.306703,-3.180164e+05,5.184551e+05,5.391471e+05,9.252813e-01,1.310755e+05
997,1.498379e+05,6.135843,-1.455737,-4.922627,-6.411265e+05,1.521081e+05,5.143591e+05,9.040497e-01,1.354609e+05
998,1.572724e+05,-1.191152,-0.945536,-7.854115,1.275123e+05,1.012192e+05,8.407796e+05,1.039240e+00,1.634438e+05
999,1.751261e+05,-0.381770,2.521038,7.582784,4.312572e+04,-2.847827e+05,-8.565700e+05,0.000000e+00,0.000000e+00

Summary
Radius,2.000000m
Current,1.0000e+05A
Temperature,1.0000e+08K
Mass,2.6768e-26kg
Charge,1.2818e-18C
Dose expected value,2.7980e+04
Total,1000
Seed,443414
