i,eV,x_0,y_0,z_0,v_x,v_y,v_z,hit_p,exp_eV
0,2.818035e+02,5.374109,5.834810,1.036315,-1.988349e+04,-2.158802e+04,-3.834229e+03,1.000968e+00,2.820763e+02
1,3.029961e+02,1.312008,6.641518,-4.262496,-5.033476e+03,-2.547997e+04,1.635293e+04,9.796436e-01,2.968282e+02
2,3.620430e+02,7.322249,-3.185409,-0.487684,-3.070702e+04,1.335852e+04,2.045181e+03,9.930661e-01,3.595326e+02
3,7.088060e+02,7.778017,1.716650,-0.745365,-4.564000e+04,-1.007299e+04,4.373665e+03,1.004581e+00,7.120528e+02
4,7.790843e+02,1.665659,0.080629,7.824262,-1.024687e+04,-4.960193e+02,-4.813364e+04,0.000000e+00,0.000000e+00
5,8.436026e+02,-0.671056,-1.599362,-7.809720,4.295770e+03,1.023832e+04,4.999395e+04,0.000000e+00,0.000000e+00
6,9.128476e+02,-6.981656,-1.192689,-3.719406,4.649119e+04,7.942174e+03,2.476770e+04,9.746844e-01,8.897383e+02
7,1.022186e+03,-1.641088,-5.182342,-5.869426,1.156405e+04,3.651776e+04,4.135935e+04,0.000000e+00,0.000000e+00
8,1.235668e+03,6.560286,2.016607,4.110467,-5.082610e+04,-1.562374e+04,-3.184602e+04,9.949287e-01,1.229402e+03
9,1.237377e+03,0.293739,-7.288808,3.284355,-2.277332e+03,5.650938e+04,-2.546327e+04,9.996216e-01,1.236908e+03
10,1.257764e+03,5.563296,-0.612415,-5.716177,-4.348553e+04,4.786941e+03,4.468053e+04,9.871822e-01,1.241642e+03
11,1.261657e+03,2.544165,1.250060,-7.480947,-1.991724e+04,-9.786215e+03,5.856530e+04,9.472030e-01,1.195046e+03
12,1.305656e+03,-7.351896,3.104337,0.559205,5.854998e+04,-2.472272e+04,-4.453472e+03,1.001772e+00,1.307969e+03
13,1.405886e+03,-0.622884,3.947690,6.930206,5.147488e+03,-3.262354e+04,-5.727093e+04,8.138716e-01,1.144211e+03
14,1.439042e+03,1.210798,-0.907235,7.855628,-1.012329e+04,7.585248e+03,-6.567964e+04,0.000000e+00,0.000000e+00
15,1.601580e+03,-6.738847,-0.191557,4.307116,5.943920e+04,1.689609e+03,-3.799040e+04,9.835786e-01,1.575279e+03
16,1.806799e+03,-2.248000,0.085118,7.677190,2.106029e+04,-7.974201e+02,-7.192341e+04,0.000000e+00,0.000000e+00
17,1.956247e+03,6.687549,3.341530,2.847957,-6.519164e+04,-3.257394e+04,-2.776248e+04,1.002626e+00,1.961384e+03
18,1.983023e+03,6.812767,-4.097687,0.891717,-6.686525e+04,4.021756e+04,-8.751932e+03,1.003753e+00,1.990465e+03
19,2.168443e+03,5.027028,1.636314,-6.004287,-5.159390e+04,-1.679398e+04,6.162380e+04,9.965433e-01,2.160947e+03
20,2.485505e+03,4.683261,4.704813,-4.464505,-5.145987e+04,-5.169669e+04,4.905617e+04,1.002492e+00,2.491699e+03
21,2.600986e+03,-4.172353,-4.417639,-5.203454,4.689895e+04,4.965607e+04,5.848894e+04,1.173686e-01,3.052742e+02
22,2.625152e+03,5.020097,-4.229411,4.572822,-5.668947e+04,4.776065e+04,-5.163862e+04,9.995021e-01,2.623845e+03
23,2.695851e+03,-3.708683,-0.310028,-7.081635,4.244052e+04,3.547817e+03,8.103908e+04,0.000000e+00,0.000000e+00
24,2.726639e+03,4.197759,-6.477876,2.101417,-4.831081e+04,7.455204e+04,-2.418461e+04,1.003435e+00,2.736005e+03
25,2.739830e+03,-4.164990,0.851143,6.777051,4.804949e+04,-9.819234e+03,-7.818359e+04,1.259048e-09,3.449577e-06
26,2.830136e+03,-0.746607,-0.360855,7.956907,8.754040e+03,4.231064e+03,-9.329555e+04,0.000000e+00,0.000000e+00
27,2.837171e+03,-5.686856,0.054309,-5.626431,6.676180e+04,-6.375741e+02,6.605243e+04,9.524595e-01,2.702291e+03
28,2.849929e+03,2.946127,-2.414342,-7.035005,-3.466423e+04,2.840722e+04,8.277410e+04,9.237270e-01,2.632556e+03
29,2.971557e+03,0.739100,3.100149,7.337766,-8.879908e+03,-3.724669e+04,-8.815946e+04,9.178499e-01,2.727443e+03
30,3.000529e+03,-1.186670,7.619905,2.128112,1.432656e+04,-9.199443e+04,-2.569250e+04,1.003046e+00,3.009669e+03
31,3.123136e+03,-1.367523,-5.301197,5.833283,1.684392e+04,6.529538e+04,-7.184914e+04,9.943062e-01,3.105354e+03
32,3.295257e+03,-2.925177,6.474259,-3.677949,3.700921e+04,-8.191205e+04,4.653325e+04,1.003313e+00,3.306174e+03
33,3.334595e+03,-3.138961,-6.819774,2.763622,3.995035e+04,8.679697e+04,-3.517332e+04,1.004983e+00,3.351211e+03
34,3.393310e+03,2.239337,2.983805,-7.076883,-2.875042e+04,-3.830851e+04,9.085877e+04,9.987416e-01,3.389040e+03
35,3.534540e+03,3.450468,-0.992849,7.149023,-4.521239e+04,1.300957e+04,-9.367554e+04,9.914937e-01,3.504475e+03
36,3.631689e+03,-6.581989,4.248959,-1.619805,8.742277e+04,-5.643518e+04,2.151444e+04,1.004425e+00,3.647759e+03
37,3.675356e+03,-0.972814,0.070325,-7.940320,1.299849e+04,-9.396704e+02,1.060964e+05,0.000000e+00,0.000000e+00
38,3.760589e+03,2.281723,6.986139,-3.160317,-3.083926e+04,-9.442308e+04,4.271414e+04,1.005008e+00,3.779422e+03
39,3.900115e+03,-2.697425,-3.774866,-6.517230,3.712796e+04,5.195810e+04,8.970462e+04,0.000000e+00,0.000000e+00
40,3.931823e+03,-4.715940,0.703502,6.423783,6.517459e+04,-9.722443e+03,-8.877709e+04,6.868633e-01,2.700625e+03
41,4.026754e+03,2.814009,-1.999630,7.216844,-3.935647e+04,2.796664e+04,-1.009341e+05,9.868000e-01,3.973601e+03
42,4.110586e+03,-2.377674,1.502366,-7.489297,3.359829e+04,-2.122954e+04,1.058293e+05,8.687488e-01,3.571067e+03
43,4.177199e+03,3.823259,6.212548,3.284347,-5.446147e+04,-8.849636e+04,-4.678479e+04,1.003487e+00,4.191767e+03
44,4.184901e+03,5.234348,5.945433,1.119563,-7.463082e+04,-8.476941e+04,-1.596263e+04,1.005684e+00,4.208687e+03
45,4.233362e+03,-1.628092,0.503105,-7.816406,2.334719e+04,-7.214635e+03,1.120890e+05,1.221708e-01,5.171933e+02
46,4.290928e+03,0.489114,2.204324,-7.674746,-7.061528e+03,-3.182468e+04,1.108033e+05,9.931069e-01,4.261350e+03
47,4.293940e+03,5.131721,-6.135392,-0.149679,-7.411464e+04,8.861013e+04,2.161728e+03,1.004520e+00,4.313350e+03
48,4.324801e+03,3.271781,-7.238734,0.946664,-4.742205e+04,1.049201e+05,-1.372119e+04,1.004620e+00,4.344781e+03
49,4.336765e+03,-2.812900,-3.100667,-6.817144,4.082727e+04,4.500400e+04,9.894606e+04,0.000000e+00,0.000000e+00
50,4.426144e+03,-0.337736,-1.090672,-7.918104,4.952260e+03,1.599263e+04,1.161040e+05,0.000000e+00,0.000000e+00
51,4.477588e+03,-1.954198,7.749167,-0.362658,2.882065e+04,-1.142852e+05,5.348510e+03,1.005356e+00,4.501571e+03
52,4.540408e+03,-2.594361,1.555754,-7.406006,3.852928e+04,-2.310476e+04,1.099878e+05,9.103715e-01,4.133458e+03
53,4.643520e+03,-0.791048,-6.182939,-5.014530,1.188063e+04,9.286064e+04,7.531248e+04,9.115868e-01,4.232972e+03
54,4.652352e+03,-0.129343,-0.461785,7.985614,1.944430e+03,6.942068e+03,-1.200487e+05,0.000000e+00,0.000000e+00
55,4.676183e+03,-1.607058,-0.254403,7.832793,2.422090e+04,3.834249e+03,-1.180526e+05,5.996628e-01,2.804133e+03
56,4.718357e+03,-6.710662,0.466956,-4.330008,1.015953e+05,-7.069427e+03,6.555370e+04,1.004324e+00,4.738758e+03
57,4.743147e+03,2.346184,-1.355214,-7.527205,-3.561298e+04,2.057094e+04,1.142563e+05,9.367979e-01,4.443370e+03
58,4.805047e+03,0.171423,0.205094,-7.995533,-2.618970e+03,-3.133386e+03,1.221544e+05,6.273902e-01,3.014639e+03
59,4.858386e+03,-7.536317,2.658624,-0.368302,1.157759e+05,-4.084284e+04,5.658005e+03,1.005091e+00,4.883119e+03
60,4.904920e+03,-4.242505,1.688195,-6.568953,6.548644e+04,-2.605863e+04,1.013970e+05,9.891861e-01,4.851879e+03
61,4.972502e+03,0.888879,3.604421,7.086469,-1.381475e+04,-5.601910e+04,-1.101363e+05,9.896556e-01,4.921064e+03
62,5.025241e+03,-0.016447,-0.014750,7.999969,2.569618e+02,2.304464e+02,-1.249913e+05,0.000000e+00,0.000000e+00
63,5.057881e+03,-1.097702,-7.655947,2.044880,1.720608e+04,1.200041e+05,-3.205274e+04,1.005212e+00,5.084244e+03
64,5.128262e+03,-1.661858,-3.564243,-6.966664,2.622963e+04,5.625556e+04,1.099570e+05,0.000000e+00,0.000000e+00
65,5.138817e+03,0.964335,-1.788357,7.737689,-1.523606e+04,2.825523e+04,-1.222520e+05,2.512970e-01,1.291369e+03
66,5.220170e+03,-3.414258,-3.616270,6.266214,5.436904e+04,5.758591e+04,-9.978392e+04,9.178016e-01,4.791080e+03
67,5.251542e+03,-1.004992,0.843995,-7.891620,1.605162e+04,-1.348019e+04,1.260441e+05,7.200138e-01,3.781182e+03
68,5.265406e+03,-0.750110,6.182916,5.020845,1.199648e+04,-9.888316e+04,-8.029821e+04,1.000251e+00,5.266728e+03
69,5.302580e+03,1.308996,-6.058709,5.057526,-2.100849e+04,9.723817e+04,-8.116986e+04,1.002964e+00,5.318295e+03
70,5.304292e+03,0.420072,0.029918,-7.988908,-6.742951e+03,-4.802465e+02,1.282372e+05,6.928913e-01,3.675298e+03
71,5.325275e+03,3.221498,-6.876726,2.516464,-5.181338e+04,1.106027e+05,-4.047388e+04,1.004587e+00,5.349704e+03
72,5.353597e+03,1.686799,3.409523,7.037746,-2.720191e+04,-5.498313e+04,-1.134931e+05,9.953049e-01,5.328461e+03
73,5.438359e+03,-0.113073,2.508694,7.595635,1.837833e+03,-4.077507e+04,-1.234557e+05,7.621623e-01,4.144912e+03
74,5.490024e+03,-3.185977,-3.600874,-6.394002,5.202868e+04,5.880416e+04,1.044174e+05,0.000000e+00,0.000000e+00
75,5.516064e+03,0.134997,-7.306129,-3.256110,-2.209799e+03,1.195956e+05,5.329995e+04,1.001743e+00,5.525676e+03
76,5.520526e+03,-5.495286,-3.899235,4.312516,8.998986e+04,6.385321e+04,-7.062103e+04,1.003833e+00,5.541687e+03
77,5.543955e+03,5.899259,5.363641,-0.655813,-9.681004e+04,-8.802026e+04,1.076224e+04,1.006112e+00,5.577843e+03
78,5.727434e+03,-5.470164,-3.375278,-4.762857,9.124171e+04,5.629926e+04,7.944392e+04,9.597035e-01,5.496639e+03
79,5.750030e+03,1.791848,2.890808,-7.241030,-2.994672e+04,-4.831337e+04,1.210176e+05,1.001804e+00,5.760400e+03
80,5.824977e+03,-6.277609,-2.342218,4.371000,1.055977e+05,3.939921e+04,-7.352601e+04,1.002949e+00,5.842157e+03
81,5.892628e+03,-7.571935,-1.372965,-2.186496,1.281075e+05,2.322882e+04,3.699271e+04,1.005485e+00,5.924951e+03
82,5.924711e+03,-6.661879,3.091605,3.171963,1.130169e+05,-5.244822e+04,-5.381146e+04,1.003144e+00,5.943339e+03
83,5.939880e+03,-7.093849,2.460385,2.761125,1.204991e+05,-4.179313e+04,-4.690163e+04,1.003722e+00,5.961987e+03
84,5.977904e+03,5.047648,2.703662,5.586722,-8.601548e+04,-4.607231e+04,-9.520167e+04,1.001512e+00,5.986944e+03
85,5.979641e+03,-2.693025,-5.388481,-5.264209,4.589770e+04,9.183685e+04,8.971886e+04,6.795167e-01,4.063266e+03
86,5.994960e+03,1.405850,-0.508605,-7.859065,-2.399083e+04,8.679344e+03,1.341149e+05,8.904026e-01,5.337929e+03
87,6.056432e+03,-6.778969,1.720845,-3.883848,1.162747e+05,-2.951639e+04,6.661679e+04,1.004578e+00,6.084160e+03
88,6.084351e+03,-2.867758,-2.242981,7.123552,4.930179e+04,3.856078e+04,-1.224664e+05,0.000000e+00,0.000000e+00
89,6.160990e+03,-4.435973,6.632806,-0.572730,7.674096e+04,-1.147455e+05,9.908051e+03,1.005323e+00,6.193785e+03
90,6.168290e+03,7.174651,0.675956,-3.473826,-1.241927e+05,-1.170075e+04,6.013171e+04,1.004758e+00,6.197637e+03
91,6.257761e+03,0.652891,-0.370514,-7.964700,-1.138317e+04,6.459924e+03,1.388647e+05,6.946876e-01,4.347189e+03
92,6.324882e+03,4.411012,-6.581352,1.108505,-7.731744e+04,1.153598e+05,-1.943019e+04,1.005121e+00,6.357274e+03
93,6.391234e+03,6.306729,0.880756,-4.842462,-1.111244e+05,-1.551890e+04,8.532409e+04,1.003807e+00,6.415567e+03
94,6.417904e+03,-5.186367,2.181230,-5.687163,9.157416e+04,-3.851334e+04,1.004166e+05,1.004029e+00,6.443760e+03
95,6.505158e+03,-1.870345,-5.265476,-5.725083,3.324787e+04,9.360081e+04,1.017709e+05,3.264254e-01,2.123449e+03
96,6.517804e+03,1.986786,0.053116,7.749185,-3.535206e+04,-9.451216e+02,-1.378858e+05,9.241907e-01,6.023693e+03
97,6.547062e+03,4.692670,-3.262897,-5.597531,-8.368668e+04,5.818883e+04,9.982350e+04,1.002066e+00,6.560590e+03
98,6.580749e+03,7.980185,0.318147,-0.464153,-1.426802e+05,-5.688247e+03,8.298728e+03,1.005843e+00,6.619202e+03
99,6.675372e+03,-4.827378,-1.370395,6.230444,8.692849e+04,2.467725e+04,-1.121940e+05,8.970254e-01,5.987978e+03
100,6.678360e+03,-4.424523,-4.529245,-4.889738,7.969194e+04,8.157813e+04,8.807113e+04,9.056789e-01,6.048450e+03
101,6.684892e+03,-1.392431,7.228067,3.133078,2.509193e+04,-1.302514e+05,-5.645878e+04,1.003836e+00,6.710535e+03
102,6.769983e+03,-0.945930,2.381757,7.578420,1.715402e+04,-4.319210e+04,-1.374313e+05,5.621014e-01,3.805417e+03
103,6.775012e+03,0.223793,-1.364099,7.879667,-4.059900e+03,2.474651e+04,-1.429473e+05,0.000000e+00,0.000000e+00
104,6.798035e+03,3.434875,5.433143,4.762624,-6.241884e+04,-9.873154e+04,-8.654681e+04,1.002823e+00,6.817227e+03
105,6.800059e+03,-7.906715,1.109872,-0.502035,1.437029e+05,-2.017169e+04,9.124387e+03,1.005509e+00,6.837520e+03
106,6.822433e+03,2.340350,3.234511,-6.932582,-4.260530e+04,-5.888320e+04,1.262053e+05,1.002679e+00,6.840712e+03
107,6.831800e+03,-6.093188,-3.239718,4.046886,1.110006e+05,5.901846e+04,-7.372276e+04,1.004370e+00,6.861652e+03
108,6.883623e+03,0.041514,-0.003429,7.999892,-7.591268e+02,6.270670e+01,-1.462870e+05,0.000000e+00,0.000000e+00
109,6.939556e+03,7.860149,1.466440,0.260035,-1.443144e+05,-2.692422e+04,-4.774316e+03,1.005947e+00,6.980823e+03
110,7.004808e+03,-0.550954,-7.929012,-0.909513,1.016311e+04,1.462616e+05,1.677722e+04,1.004898e+00,7.039117e+03
111,7.048069e+03,3.203255,3.104439,6.640905,-5.927064e+04,-5.744223e+04,-1.228783e+05,1.000492e+00,7.051533e+03
112,7.116603e+03,-2.323846,-2.026162,7.382033,4.320726e+04,3.767243e+04,-1.372541e+05,0.000000e+00,0.000000e+00
113,7.187683e+03,3.734379,-1.109701,-6.987344,-6.977919e+04,2.073545e+04,1.305629e+05,1.001166e+00,7.196067e+03
114,7.270471e+03,-0.440126,7.762579,1.883789,8.271262e+03,-1.458815e+05,-3.540190e+04,1.005052e+00,7.307204e+03
115,7.317849e+03,4.378848,-3.269945,-5.842358,-8.255904e+04,6.165172e+04,1.101521e+05,1.002223e+00,7.334119e+03
116,7.375967e+03,-6.627478,2.068489,-3.974655,1.254501e+05,-3.915396e+04,7.523536e+04,1.004734e+00,7.410883e+03
117,7.410821e+03,1.988965,7.659000,-1.176326,-3.773751e+04,-1.453176e+05,2.231895e+04,1.005953e+00,7.454941e+03
118,7.415183e+03,3.506436,6.987178,1.698310,-6.654875e+04,-1.326099e+05,-3.223227e+04,1.005541e+00,7.456273e+03
119,7.471111e+03,-1.508694,-3.636781,-6.964027,2.874132e+04,6.928238e+04,1.326680e+05,0.000000e+00,0.000000e+00
120,7.593743e+03,1.970158,-0.333063,7.746454,-3.783922e+04,6.396877e+03,-1.487798e+05,9.362777e-01,7.109852e+03
121,7.606175e+03,0.689484,-5.617458,5.654094,-1.325319e+04,1.079782e+05,-1.086824e+05,1.003845e+00,7.635423e+03
122,7.661673e+03,0.679332,-5.629297,-5.643539,-1.310560e+04,1.085998e+05,1.088745e+05,9.619502e-01,7.370148e+03
123,7.681302e+03,-0.379665,-0.829249,7.947842,7.333843e+03,1.601827e+04,-1.535252e+05,0.000000e+00,0.000000e+00
124,7.689131e+03,1.256900,6.985722,-3.690514,-2.429140e+04,-1.350091e+05,7.132447e+04,1.005272e+00,7.729670e+03
125,7.732708e+03,-3.704815,3.873121,5.939132,7.180346e+04,-7.506542e+04,-1.151070e+05,9.986664e-01,7.722395e+03
126,7.737073e+03,1.939804,3.324092,7.013385,-3.760619e+04,-6.444281e+04,-1.359656e+05,9.997947e-01,7.735484e+03
127,7.826051e+03,-0.668273,-1.082773,-7.898165,1.302982e+04,2.111163e+04,1.539964e+05,0.000000e+00,0.000000e+00
128,7.952623e+03,-0.326553,-0.310716,7.987291,6.418324e+03,6.107054e+03,-1.569885e+05,0.000000e+00,0.000000e+00
129,8.015074e+03,-0.236139,-1.322175,7.886450,4.659455e+03,2.608890e+04,-1.556139e+05,0.000000e+00,0.000000e+00
130,8.035336e+03,-1.619242,-0.196034,7.831962,3.199093e+04,3.872999e+03,-1.547340e+05,4.079415e-01,3.277947e+03
131,8.185119e+03,6.803295,-0.982203,4.092733,-1.356578e+05,1.958515e+04,-8.160916e+04,1.004402e+00,8.221148e+03
132,8.234769e+03,-0.173309,-4.098469,6.868225,3.466241e+03,8.197104e+04,-1.373673e+05,9.824624e-01,8.090350e+03
133,8.270644e+03,5.337228,-2.123817,5.568070,-1.069790e+05,4.256963e+04,-1.116060e+05,1.003037e+00,8.295765e+03
134,8.283285e+03,2.746156,2.706712,7.009446,-5.508578e+04,-5.429458e+04,-1.406041e+05,1.000837e+00,8.290214e+03
135,8.289181e+03,5.784728,4.497865,3.210316,-1.160785e+05,-9.025584e+04,-6.441939e+04,1.005009e+00,8.330701e+03
136,8.293795e+03,-3.623317,6.871674,-1.910933,7.272706e+04,-1.379279e+05,3.835616e+04,1.005471e+00,8.339172e+03
137,8.424942e+03,0.335329,-6.466532,-4.698034,-6.783717e+03,1.308181e+05,9.504136e+04,9.974765e-01,8.403682e+03
138,8.503662e+03,6.667964,-2.873476,3.358778,-1.355218e+05,5.840145e+04,-6.826489e+04,1.004893e+00,8.545267e+03
139,8.611711e+03,-5.267370,1.527715,5.824165,1.077337e+05,-3.124640e+04,-1.191219e+05,9.947419e-01,8.566430e+03
140,8.671730e+03,-5.566107,2.988485,4.907893,1.142398e+05,-6.133621e+04,-1.007305e+05,1.002218e+00,8.690964e+03
141,8.723174e+03,1.670856,7.793192,-0.688766,-3.439453e+04,-1.604227e+05,1.417823e+04,1.005962e+00,8.775182e+03
142,8.729030e+03,4.123892,-4.758839,-4.934265,-8.491870e+04,9.799345e+04,1.016058e+05,1.003279e+00,8.757655e+03
143,8.758337e+03,-5.880614,5.329272,1.008581,1.212960e+05,-1.099238e+05,-2.080341e+04,1.005216e+00,8.804018e+03
144,8.782160e+03,0.022812,-0.077874,7.999588,-4.711653e+02,1.608452e+03,-1.652271e+05,0.000000e+00,0.000000e+00
145,8.831721e+03,-2.262729,-3.809050,6.661171,4.686713e+04,7.889553e+04,-1.379705e+05,9.349608e-01,8.257313e+03
146,8.833047e+03,0.898578,1.006916,-7.885346,-1.861332e+04,-2.085746e+04,1.633387e+05,9.926261e-01,8.767913e+03
147,8.837368e+03,-5.581992,-4.386361,3.687981,1.156548e+05,9.088222e+04,-7.641228e+04,1.005274e+00,8.883974e+03
148,8.869414e+03,-3.970780,-0.241261,-6.940799,8.242071e+04,5.007803e+03,1.440688e+05,6.860961e-01,6.085271e+03
149,8.913992e+03,-3.505684,6.430856,-3.217805,7.294944e+04,-1.338191e+05,6.695900e+04,1.005164e+00,8.960023e+03
150,8.957890e+03,5.165588,1.375553,-5.951853,-1.077546e+05,-2.869415e+04,1.241561e+05,1.003820e+00,8.992106e+03
151,8.996643e+03,-5.071835,-0.618175,6.155839,1.060275e+05,1.292304e+04,-1.286887e+05,9.606097e-01,8.642263e+03
152,9.325564e+03,5.404407,3.381950,-4.832680,-1.150267e+05,-7.198099e+04,1.028581e+05,1.004834e+00,9.370642e+03
153,9.357673e+03,-0.548850,7.402680,2.983136,1.170174e+04,-1.578287e+05,-6.360189e+04,1.004671e+00,9.401380e+03
154,9.365204e+03,0.868495,7.915798,0.765414,-1.852419e+04,-1.688365e+05,-1.632556e+04,1.005747e+00,9.419023e+03
155,9.504075e+03,0.850194,-0.122427,7.953753,-1.826780e+04,2.630544e+03,-1.708992e+05,2.720026e-01,2.585133e+03
156,9.588695e+03,7.520041,1.514936,-2.270232,-1.622979e+05,-3.269543e+04,4.899627e+04,1.005724e+00,9.643576e+03
157,9.599338e+03,-3.810239,6.974450,-0.916042,8.227841e+04,-1.506065e+05,1.978104e+04,1.005632e+00,9.653402e+03
158,9.710513e+03,-0.682417,0.472718,-7.956811,1.482122e+04,-1.026684e+04,1.728117e+05,8.374213e-01,8.131791e+03
159,9.787981e+03,2.420279,-2.659374,7.146326,-5.277460e+04,5.798812e+04,-1.558269e+05,1.001560e+00,9.803251e+03
160,9.804113e+03,-1.086357,-1.305200,-7.817690,2.370771e+04,2.848356e+04,1.706065e+05,0.000000e+00,0.000000e+00
161,9.919741e+03,3.112701,-7.142885,-1.813914,-6.832830e+04,1.567967e+05,3.981804e+04,1.004864e+00,9.967987e+03
162,9.939000e+03,3.532770,-1.265604,7.065252,-7.762467e+04,2.780879e+04,-1.552430e+05,1.002679e+00,9.965625e+03
163,9.955567e+03,-1.325689,1.987725,7.634887,2.915329e+04,-4.371217e+04,-1.678992e+05,2.849234e-01,2.836574e+03
164,9.960258e+03,3.442712,0.487875,-7.204840,-7.572669e+04,-1.073141e+04,1.584793e+05,1.003378e+00,9.993900e+03
165,9.966150e+03,-2.965848,-5.778083,-4.670921,6.525677e+04,1.271337e+05,1.027731e+05,9.767888e-01,9.734824e+03
166,1.005186e+04,2.524196,6.615119,3.724062,-5.577753e+04,-1.461752e+05,-8.229114e+04,1.004596e+00,1.009805e+04
167,1.010676e+04,3.253195,3.968374,6.137486,-7.208239e+04,-8.792891e+04,-1.359908e+05,1.002594e+00,1.013298e+04
168,1.011280e+04,-0.566991,-0.340221,7.972626,1.256682e+04,7.540666e+03,-1.767056e+05,0.000000e+00,0.000000e+00
169,1.017051e+04,0.149098,-1.918530,7.765115,-3.314034e+03,4.264353e+04,-1.725967e+05,4.635885e-03,4.714933e+01
170,1.018775e+04,6.969729,-3.523550,1.734205,-1.550487e+05,7.838493e+04,-3.857914e+04,1.005588e+00,1.024467e+04
171,1.025984e+04,3.711637,-6.627020,-2.511247,-8.286075e+04,1.479455e+05,5.606255e+04,1.004677e+00,1.030783e+04
172,1.028912e+04,-3.856612,-0.470881,6.993198,8.622003e+04,1.052721e+04,-1.563429e+05,3.204939e-02,3.297601e+02
173,1.031245e+04,-7.107808,-3.585696,-0.788571,1.590852e+05,8.025414e+04,1.764961e+04,1.006008e+00,1.037440e+04
174,1.047210e+04,-3.936734,-6.856639,-1.220096,8.879038e+04,1.546469e+05,2.751845e+04,1.005640e+00,1.053116e+04
175,1.056435e+04,-3.844038,-6.785346,-1.783942,8.708073e+04,1.537115e+05,4.041244e+04,1.005468e+00,1.062211e+04
176,1.065868e+04,-7.462068,2.883449,-0.057170,1.697946e+05,-6.561106e+04,1.300860e+03,1.005596e+00,1.071832e+04
177,1.072960e+04,7.823438,1.576964,-0.554071,-1.786087e+05,-3.600201e+04,1.264942e+04,1.006000e+00,1.079398e+04
178,1.073155e+04,2.579255,0.577544,7.550754,-5.888960e+04,-1.318651e+04,-1.723990e+05,9.985814e-01,1.071633e+04
179,1.082787e+04,-7.122436,-2.405076,-2.736148,1.633478e+05,5.515863e+04,6.275152e+04,1.005760e+00,1.089024e+04
180,1.087440e+04,1.102864,-7.916546,0.334641,-2.534765e+04,1.819497e+05,-7.691224e+03,1.005524e+00,1.093447e+04
181,1.088927e+04,-2.613075,-7.553984,0.330414,6.009860e+04,1.737355e+05,-7.599248e+03,1.005815e+00,1.095259e+04
182,1.099616e+04,-1.502766,-5.922363,5.164040,3.473160e+04,1.368764e+05,-1.193502e+05,1.004976e+00,1.105088e+04
183,1.100372e+04,-1.497277,7.821302,-0.765115,3.461663e+04,-1.808264e+05,1.768926e+04,1.005824e+00,1.106780e+04
184,1.112878e+04,0.698623,7.595753,-2.411734,-1.624351e+04,-1.766069e+05,5.607462e+04,1.005811e+00,1.119346e+04
185,1.113264e+04,3.737721,-2.047118,-6.770432,-8.691986e+04,4.760527e+04,1.574449e+05,1.003101e+00,1.116717e+04
186,1.113562e+04,0.307098,2.464520,-7.604724,-7.142460e+03,-5.731952e+04,1.768698e+05,1.003775e+00,1.117765e+04
187,1.114174e+04,-0.927665,-1.302713,-7.838519,2.158146e+04,3.030667e+04,1.823575e+05,0.000000e+00,0.000000e+00
188,1.116999e+04,0.752094,-0.923614,-7.910834,-1.751909e+04,2.151444e+04,1.842730e+05,7.945506e-01,8.875120e+03
189,1.120800e+04,4.608779,4.491541,-4.752390,-1.075383e+05,-1.048027e+05,1.108892e+05,1.005150e+00,1.126572e+04
190,1.122250e+04,1.924504,1.546566,7.609495,-4.493417e+04,-3.610989e+04,-1.776698e+05,9.946022e-01,1.116192e+04
191,1.125672e+04,-3.090432,4.573565,-5.790659,7.226670e+04,-1.069483e+05,1.354088e+05,1.004521e+00,1.130761e+04
192,1.128450e+04,-3.785099,6.808027,-1.823126,8.861996e+04,-1.593953e+05,4.268458e+04,1.005633e+00,1.134807e+04
193,1.138489e+04,0.189435,0.615520,-7.974036,-4.454893e+03,-1.447502e+04,1.875234e+05,9.687581e-01,1.102920e+04
194,1.140150e+04,-4.595798,0.235815,-6.543931,1.081571e+05,-5.549656e+03,1.540043e+05,9.783891e-01,1.115510e+04
195,1.144292e+04,1.945146,3.047247,7.136574,-4.585998e+04,-7.184379e+04,-1.682563e+05,1.001911e+00,1.146479e+04
196,1.145265e+04,-5.687188,5.299866,1.888731,1.341417e+05,-1.250060e+05,-4.454882e+04,1.005146e+00,1.151158e+04
197,1.148269e+04,-0.873270,-1.222746,7.857626,2.062450e+04,2.887827e+04,-1.855779e+05,0.000000e+00,0.000000e+00
198,1.149377e+04,1.955079,-1.464903,-7.617856,-4.619647e+04,3.461413e+04,1.800019e+05,9.755246e-01,1.121246e+04
199,1.149769e+04,0.376154,0.692406,7.961098,-8.889650e+03,-1.636360e+04,-1.881444e+05,1.758191e-01,2.021515e+03
200,1.165382e+04,-6.059473,-0.851309,5.153452,1.441724e+05,2.025511e+04,-1.226155e+05,1.003119e+00,1.169017e+04
201,1.169661e+04,-3.809684,-2.313621,-6.643303,9.080963e+04,5.514869e+04,1.583533e+05,0.000000e+00,0.000000e+00
202,1.171599e+04,7.203019,-2.858607,-1.986172,-1.718372e+05,6.819572e+04,4.738266e+04,1.005475e+00,1.178014e+04
203,1.173409e+04,3.286179,-3.055602,6.623015,-7.845651e+04,7.295155e+04,-1.581224e+05,1.003743e+00,1.177801e+04
204,1.178729e+04,-0.352280,-1.780937,7.791288,8.429613e+03,4.261560e+04,-1.864357e+05,0.000000e+00,0.000000e+00
205,1.183827e+04,1.615382,-1.535002,7.683379,-3.873758e+04,3.681002e+04,-1.842508e+05,9.570555e-01,1.132988e+04
206,1.193360e+04,-5.913534,3.407758,-4.173404,1.423790e+05,-8.204792e+04,1.004822e+05,1.005045e+00,1.199381e+04
207,1.193925e+04,2.046017,-4.891914,-5.990241,-4.927321e+04,1.178095e+05,1.442600e+05,9.975448e-01,1.190994e+04
208,1.194416e+04,6.362149,-4.838131,0.339926,-1.532480e+05,1.165382e+05,-8.187952e+03,1.005669e+00,1.201187e+04
209,1.198010e+04,-4.775571,4.628750,-4.446190,1.152042e+05,-1.116624e+05,1.072584e+05,1.004943e+00,1.203932e+04
210,1.198347e+04,7.068539,3.704118,0.561486,-1.705430e+05,-8.936947e+04,-1.354702e+04,1.006038e+00,1.205583e+04
211,1.201637e+04,0.045545,0.603886,-7.977045,-1.100366e+03,-1.458999e+04,1.927267e+05,9.653144e-01,1.159958e+04
212,1.210167e+04,-3.043305,-6.595860,3.351557,7.378722e+04,1.599216e+05,-8.126103e+04,1.005613e+00,1.216960e+04
213,1.210828e+04,0.502892,-1.760744,7.787611,-1.219633e+04,4.270223e+04,-1.888681e+05,4.150273e-01,5.025267e+03
214,1.216283e+04,-7.958959,0.809253,0.008612,1.934580e+05,-1.967046e+04,-2.093367e+02,1.005772e+00,1.223304e+04
215,1.224108e+04,3.235410,-1.452446,7.170950,-7.889549e+04,3.541791e+04,-1.748637e+05,1.003298e+00,1.228145e+04
216,1.225148e+04,6.713295,3.708374,2.275879,-1.637733e+05,-9.046715e+04,-5.552090e+04,1.005722e+00,1.232159e+04
217,1.234364e+04,4.538790,-1.069774,6.500382,-1.111411e+05,2.619550e+04,-1.591746e+05,1.003465e+00,1.238641e+04
218,1.236042e+04,2.573490,7.336695,-1.884157,-6.305975e+04,-1.797754e+05,4.616861e+04,1.005977e+00,1.243430e+04
219,1.243668e+04,-6.288199,-3.754896,3.218589,1.545580e+05,9.229181e+04,-7.910988e+04,1.005602e+00,1.250635e+04
220,1.244192e+04,-2.914532,-2.121245,7.141836,7.165155e+04,5.214920e+04,-1.755766e+05,1.772993e-05,2.205944e-01
221,1.246809e+04,7.626264,-0.220451,2.406555,-1.876830e+05,5.425326e+03,-5.922551e+04,1.005656e+00,1.253862e+04
222,1.248373e+04,3.124006,-6.690369,3.078888,-7.693024e+04,1.647538e+05,-7.581918e+04,1.005310e+00,1.255002e+04
223,1.254901e+04,-7.109834,0.908231,-3.553221,1.755405e+05,-2.242404e+04,8.772836e+04,1.005434e+00,1.261721e+04
224,1.259106e+04,2.187449,-6.873847,3.459088,-5.409812e+04,1.699981e+05,-8.554721e+04,1.005228e+00,1.265689e+04
225,1.261035e+04,-1.777196,3.035171,7.185354,4.398575e+04,-7.512072e+04,-1.778381e+05,9.714917e-01,1.225085e+04
226,1.267690e+04,-3.334252,-5.791020,4.398506,8.274047e+04,1.437059e+05,-1.091503e+05,1.005391e+00,1.274524e+04
227,1.270397e+04,-1.576694,-1.179938,-7.753824,3.916789e+04,2.931176e+04,1.926188e+05,0.000000e+00,0.000000e+00
228,1.285022e+04,-5.870558,-0.611979,5.400188,1.466722e+05,1.528991e+04,-1.349203e+05,1.002476e+00,1.288205e+04
229,1.290322e+04,3.660068,-6.310564,-3.283395,-9.163286e+04,1.579902e+05,8.220254e+04,1.004741e+00,1.296439e+04
230,1.292465e+04,-3.632833,0.980451,7.059833,9.102650e+04,-2.456678e+04,-1.768955e+05,5.567429e-01,7.195706e+03
231,1.298243e+04,-2.420990,-4.151399,-6.395677,6.079728e+04,1.042523e+05,1.606119e+05,0.000000e+00,0.000000e+00
232,1.310091e+04,-1.626413,6.564361,4.273634,4.102934e+04,-1.655984e+05,-1.078105e+05,1.004240e+00,1.315646e+04
233,1.321379e+04,-1.025773,-5.226421,5.969281,2.598831e+04,1.324132e+05,-1.512338e+05,1.004873e+00,1.327818e+04
234,1.325935e+04,-1.287214,1.314030,7.785654,3.266817e+04,-3.334874e+04,-1.975919e+05,0.000000e+00,0.000000e+00
235,1.334580e+04,-7.102676,-3.136467,1.927320,1.808454e+05,7.985942e+04,-4.907263e+04,1.005909e+00,1.342467e+04
236,1.334604e+04,-1.926773,6.949773,3.462399,4.905914e+04,-1.769538e+05,-8.815895e+04,1.004747e+00,1.340940e+04
237,1.346325e+04,-6.724679,-4.233269,0.926353,1.719727e+05,1.082590e+05,-2.368997e+04,1.006096e+00,1.354532e+04
238,1.350225e+04,1.187257,-0.432062,7.899604,-3.040610e+04,1.106527e+04,-2.023119e+05,8.143087e-01,1.099500e+04
239,1.367678e+04,-2.727642,-1.877026,-7.282633,7.030598e+04,4.838103e+04,1.877126e+05,0.000000e+00,0.000000e+00
240,1.370960e+04,3.166322,2.442675,-6.928762,-8.171099e+04,-6.303635e+04,1.788056e+05,1.004363e+00,1.376941e+04
241,1.386705e+04,-0.258123,-0.398901,7.985878,6.699345e+03,1.035311e+04,-2.072659e+05,0.000000e+00,0.000000e+00
242,1.387124e+04,2.717930,7.501813,-0.579366,-7.055193e+04,-1.947318e+05,1.503918e+04,1.006040e+00,1.395502e+04
243,1.388471e+04,-0.739148,-3.847785,-6.974827,1.919610e+04,9.992918e+04,1.811403e+05,0.000000e+00,0.000000e+00
244,1.398362e+04,-3.865412,-6.081415,-3.474909,1.007439e+05,1.584993e+05,9.056622e+04,1.004578e+00,1.404764e+04
245,1.401669e+04,-6.637783,-1.478300,4.213605,1.732043e+05,3.857431e+04,-1.099486e+05,1.004965e+00,1.408628e+04
246,1.403537e+04,-5.714159,2.164523,5.163644,1.492029e+05,-5.651806e+04,-1.348284e+05,1.003641e+00,1.408648e+04
247,1.404403e+04,2.913773,2.642569,-6.966115,-7.610528e+04,-6.902164e+04,1.819490e+05,1.004410e+00,1.410596e+04
248,1.405425e+04,-3.956976,6.894140,-0.901761,1.033904e+05,-1.801346e+05,2.356179e+04,1.005767e+00,1.413531e+04
249,1.413233e+04,5.006809,-2.360250,5.775905,-1.311840e+05,6.184119e+04,-1.513352e+05,1.004181e+00,1.419141e+04
250,1.413288e+04,-4.599614,-3.199236,5.710380,1.205174e+05,8.382524e+04,-1.496213e+05,1.002330e+00,1.416581e+04
251,1.425149e+04,1.307779,3.718623,-6.961433,-3.440943e+04,-9.784202e+04,1.831648e+05,1.004508e+00,1.431573e+04
252,1.426965e+04,-4.907418,-4.800223,-4.107932,1.292030e+05,1.263808e+05,1.081541e+05,1.002704e+00,1.430823e+04
253,1.431774e+04,1.962169,-2.056008,7.478150,-5.174717e+04,5.422193e+04,-1.972170e+05,9.972013e-01,1.427766e+04
254,1.433168e+04,-3.547655,-7.079408,1.138476,9.360584e+04,1.867921e+05,-3.003900e+04,1.005994e+00,1.441759e+04
255,1.435607e+04,3.445595,0.708343,-7.185132,-9.099032e+04,-1.870573e+04,1.897430e+05,1.004338e+00,1.441836e+04
256,1.441930e+04,-0.791340,-1.271991,7.858487,2.094344e+04,3.366425e+04,-2.079812e+05,0.000000e+00,0.000000e+00
257,1.446644e+04,-0.775773,4.138291,6.802406,2.056499e+04,-1.097021e+05,-1.803252e+05,1.002167e+00,1.449778e+04
258,1.447027e+04,6.112235,-4.604543,-2.332116,-1.620509e+05,1.220782e+05,6.183033e+04,1.005346e+00,1.454763e+04
259,1.453230e+04,-2.832839,-7.279131,-1.728952,7.526656e+04,1.934015e+05,4.593704e+04,1.005578e+00,1.461336e+04
260,1.458537e+04,-4.368329,1.906569,6.425162,1.162752e+05,-5.074862e+04,-1.710235e+05,9.905015e-01,1.444683e+04
261,1.460058e+04,-0.780684,5.499524,5.757236,2.079089e+04,-1.464614e+05,-1.533247e+05,1.003543e+00,1.465230e+04
262,1.461112e+04,-0.956726,0.139527,-7.941361,2.548838e+04,-3.717167e+03,2.115679e+05,7.872514e-01,1.150262e+04
263,1.467857e+04,1.027145,4.945784,-6.203563,-2.742753e+04,-1.320657e+05,1.656518e+05,1.004775e+00,1.474866e+04
264,1.471257e+04,7.544232,-1.934260,-1.828443,-2.016844e+05,5.170972e+04,4.888085e+04,1.005704e+00,1.479650e+04
265,1.473317e+04,5.511253,5.798614,-0.046589,-1.474387e+05,-1.551263e+05,1.246375e+03,1.006084e+00,1.482280e+04
266,1.474218e+04,-2.906038,-0.092404,7.452946,7.776698e+04,2.472779e+03,-1.994444e+05,0.000000e+00,0.000000e+00
267,1.481457e+04,-3.657629,-6.546063,2.787617,9.811995e+04,1.756054e+05,-7.478089e+04,1.005844e+00,1.490114e+04
268,1.489268e+04,1.475687,-2.640992,7.405910,-3.969117e+04,7.103405e+04,-1.991948e+05,9.946960e-01,1.481369e+04
269,1.492017e+04,-2.187607,-2.935659,-7.113106,5.889376e+04,7.903249e+04,1.914958e+05,0.000000e+00,0.000000e+00
270,1.513385e+04,5.712046,4.463137,3.384218,-1.548744e+05,-1.210119e+05,-9.175848e+04,1.005431e+00,1.521604e+04
271,1.514285e+04,-1.488819,-7.598080,-2.013106,4.037931e+04,2.060728e+05,5.459885e+04,1.005418e+00,1.522490e+04
272,1.515314e+04,2.232571,3.382729,6.897302,-6.057168e+04,-9.177651e+04,-1.871301e+05,1.003343e+00,1.520379e+04
273,1.516504e+04,-1.324354,-2.458209,-7.496886,3.594504e+04,6.671963e+04,2.034772e+05,0.000000e+00,0.000000e+00
274,1.521371e+04,-3.534062,5.428438,-4.694941,9.607376e+04,-1.475725e+05,1.276323e+05,1.005151e+00,1.529207e+04
275,1.521822e+04,1.616431,-5.985075,5.056286,-4.394931e+04,1.627289e+05,-1.374759e+05,1.004899e+00,1.529277e+04
276,1.522530e+04,0.878699,1.597419,7.789489,-2.389661e+04,-4.344252e+04,-2.118386e+05,9.600201e-01,1.461660e+04
277,1.525239e+04,0.004247,-3.954922,6.954033,-1.155922e+02,1.076515e+05,-1.892861e+05,9.978391e-01,1.521943e+04
278,1.525761e+04,1.137209,-7.745235,1.648664,-3.095970e+04,2.108584e+05,-4.488369e+04,1.005718e+00,1.534485e+04
279,1.525981e+04,5.362727,-2.551490,5.360136,-1.460069e+05,6.946746e+04,-1.459363e+05,1.004535e+00,1.532901e+04
280,1.529726e+04,1.322715,-4.801797,6.260445,-3.605672e+04,1.308952e+05,-1.706574e+05,1.004820e+00,1.537099e+04
281,1.532454e+04,-1.303267,1.214213,-7.799178,3.555821e+04,-3.312849e+04,2.127921e+05,9.863153e-01,1.511482e+04
282,1.533443e+04,-5.352966,-4.813528,3.489371,1.460970e+05,1.313743e+05,-9.523444e+04,1.005708e+00,1.542195e+04
283,1.536174e+04,1.569279,4.621406,-6.338768,-4.286801e+04,-1.262430e+05,1.731562e+05,1.004788e+00,1.543529e+04
284,1.537605e+04,2.798230,0.322303,7.487725,-7.647490e+04,-8.808458e+03,-2.046376e+05,1.002811e+00,1.541927e+04
285,1.545758e+04,-4.207704,-6.160491,2.888526,1.152999e+05,1.688104e+05,-7.915167e+04,1.005855e+00,1.554809e+04
286,1.551361e+04,-1.039439,1.854915,-7.712254,2.853438e+04,-5.092059e+04,2.117146e+05,1.001806e+00,1.554164e+04
287,1.552682e+04,-3.166980,2.506309,-6.905697,8.697604e+04,-6.883177e+04,1.896540e+05,1.004968e+00,1.560396e+04
288,1.553958e+04,0.993763,1.053058,-7.867878,-2.730333e+04,-2.893243e+04,2.161675e+05,1.002237e+00,1.557435e+04
289,1.559446e+04,-4.664137,6.247907,-1.791503,1.283718e+05,-1.719621e+05,4.930781e+04,1.005719e+00,1.568365e+04
290,1.565277e+04,2.423298,-3.604547,-6.718249,-6.682137e+04,9.939379e+04,1.852528e+05,9.982351e-01,1.562514e+04
291,1.567094e+04,-6.539600,2.811649,3.650789,1.804313e+05,-7.757498e+04,-1.007273e+05,1.004820e+00,1.574648e+04
292,1.571151e+04,5.025398,-2.799089,-5.559719,-1.388329e+05,7.732835e+04,1.535942e+05,1.004607e+00,1.578390e+04
293,1.571419e+04,1.240743,-7.406160,-2.758506,-3.428002e+04,2.046219e+05,7.621370e+04,1.005123e+00,1.579470e+04
294,1.580889e+04,-1.217373,2.832326,7.382136,3.373552e+04,-7.848867e+04,-2.045718e+05,9.700190e-01,1.533493e+04
295,1.584313e+04,2.065105,2.292374,7.381082,-5.728958e+04,-6.359441e+04,-2.047640e+05,1.002801e+00,1.588751e+04
296,1.591382e+04,0.026162,-7.933407,1.029745,-7.273888e+02,2.205769e+05,-2.863058e+04,1.005790e+00,1.600596e+04
297,1.593169e+04,0.644201,6.669928,-4.370019,-1.792113e+04,-1.855518e+05,1.215702e+05,1.005495e+00,1.601922e+04
298,1.595055e+04,1.796339,-2.338910,7.436576,-5.000221e+04,6.510499e+04,-2.070017e+05,9.985783e-01,1.592787e+04
299,1.596592e+04,1.413916,-0.517158,7.857060,-3.937620e+04,1.440236e+04,-2.188115e+05,9.315898e-01,1.487369e+04
300,1.602909e+04,3.311977,4.064441,6.042444,-9.241761e+04,-1.134144e+05,-1.686087e+05,1.003946e+00,1.609234e+04
301,1.608827e+04,-1.091223,-0.784409,7.886313,3.050572e+04,2.192856e+04,-2.204660e+05,0.000000e+00,0.000000e+00
302,1.611279e+04,0.304804,-0.738417,7.960015,-8.527453e+03,2.065857e+04,-2.226959e+05,7.494998e-08,1.207653e-03
303,1.611292e+04,6.783840,-1.097755,-4.095662,-1.897911e+05,3.071183e+04,1.145841e+05,1.005257e+00,1.619763e+04
304,1.611770e+04,0.568382,7.663344,-2.224881,-1.590394e+04,-2.144287e+05,6.225458e+04,1.005912e+00,1.621299e+04
305,1.612731e+04,1.099213,7.815808,1.305710,-3.076636e+04,-2.187600e+05,-3.654607e+04,1.005812e+00,1.622105e+04
306,1.614258e+04,7.295080,-3.266004,-0.339163,-2.042817e+05,9.145683e+04,9.497481e+03,1.005828e+00,1.623666e+04
307,1.624587e+04,4.782930,-5.817906,-2.697324,-1.343627e+05,1.634373e+05,7.577356e+04,1.005226e+00,1.633078e+04
308,1.625760e+04,-5.116458,-5.052888,-3.505734,1.437840e+05,1.419976e+05,9.851905e+04,1.005268e+00,1.634324e+04
309,1.630305e+04,4.793751,0.790172,6.355752,-1.349034e+05,-2.223663e+04,-1.788605e+05,1.004027e+00,1.636870e+04
310,1.634310e+04,-2.750960,-1.095679,7.431804,7.751120e+04,3.087192e+04,-2.093989e+05,0.000000e+00,0.000000e+00
311,1.637216e+04,5.140953,6.035819,-1.067470,-1.449805e+05,-1.702167e+05,3.010381e+04,1.006085e+00,1.647179e+04
312,1.638305e+04,5.498422,-4.750148,3.347155,-1.551131e+05,1.340040e+05,-9.442485e+04,1.005431e+00,1.647202e+04
313,1.643920e+04,-0.657096,2.056968,-7.703058,1.856872e+04,-5.812740e+04,2.176790e+05,1.003766e+00,1.650111e+04
314,1.647854e+04,4.663046,-0.880451,-6.440560,-1.319295e+05,2.491023e+04,1.822200e+05,1.004597e+00,1.655429e+04
315,1.648565e+04,-6.223075,2.077465,-4.577934,1.761047e+05,-5.878951e+04,1.295494e+05,1.005413e+00,1.657488e+04
316,1.651638e+04,-7.468918,1.512057,2.434944,2.115574e+05,-4.282905e+04,-6.896987e+04,1.005437e+00,1.660617e+04
317,1.656925e+04,-7.818840,1.634129,-0.441998,2.218231e+05,-4.636078e+04,1.253964e+04,1.005813e+00,1.666557e+04
318,1.657080e+04,2.691216,-1.974276,7.270460,-7.635428e+04,5.601348e+04,-2.062750e+05,1.003914e+00,1.663566e+04
319,1.657288e+04,-2.864979,-7.122665,2.249342,8.128933e+04,2.020945e+05,-6.382158e+04,1.005905e+00,1.667075e+04
320,1.665327e+04,4.464043,0.888101,6.579027,-1.269671e+05,-2.525953e+04,-1.871219e+05,1.003968e+00,1.671935e+04
321,1.666804e+04,-1.194013,7.579172,2.265058,3.397538e+04,-2.156637e+05,-6.445174e+04,1.005494e+00,1.675962e+04
322,1.667593e+04,-1.266585,-7.201865,-3.244827,3.604893e+04,2.049760e+05,9.235271e+04,1.005118e+00,1.676127e+04
323,1.668295e+04,7.086876,0.012261,3.711608,-2.017457e+05,-3.490345e+02,-1.056602e+05,1.005413e+00,1.677325e+04
324,1.669725e+04,-6.726946,0.329631,4.317354,1.915815e+05,-9.387793e+03,-1.229570e+05,1.004865e+00,1.677848e+04
325,1.672332e+04,4.853115,5.718693,2.782773,-1.383232e+05,-1.629938e+05,-7.931442e+04,1.005642e+00,1.681767e+04
326,1.673244e+04,5.043380,1.856454,-5.926035,-1.437853e+05,-5.292694e+04,1.689495e+05,1.004920e+00,1.681477e+04
327,1.673582e+04,0.022167,-0.005407,-7.999967,-6.320375e+02,1.541743e+02,2.280997e+05,9.313609e-01,1.558709e+04
328,1.676205e+04,-2.746797,3.791520,6.486870,7.837961e+04,-1.081907e+05,-1.851023e+05,1.002223e+00,1.679930e+04
329,1.688862e+04,-4.564717,-1.258775,6.448166,1.307447e+05,3.605439e+04,-1.846913e+05,9.607692e-01,1.622607e+04
330,1.691178e+04,-7.515586,-0.651349,-2.663027,2.154123e+05,1.866902e+04,7.632788e+04,1.005763e+00,1.700924e+04
331,1.700797e+04,1.066240,-3.393630,7.165641,-3.064743e+04,9.754472e+04,-2.059654e+05,1.000991e+00,1.702481e+04
332,1.719713e+04,-7.711394,-1.161066,-1.785028,2.228814e+05,3.355815e+04,5.159244e+04,1.005863e+00,1.729795e+04
333,1.719774e+04,-1.624747,-3.381320,-7.065895,4.696071e+04,9.773160e+04,2.042283e+05,0.000000e+00,0.000000e+00
334,1.725465e+04,-2.840976,5.011981,-5.550577,8.224956e+04,-1.451027e+05,1.606957e+05,1.005080e+00,1.734230e+04
335,1.729227e+04,-6.454193,4.518919,-1.386640,1.870600e+05,-1.309705e+05,4.018860e+04,1.005733e+00,1.739140e+04
336,1.739319e+04,-5.636116,-4.937610,-2.802536,1.638259e+05,1.435223e+05,8.146176e+04,1.005812e+00,1.749427e+04
337,1.742861e+04,6.834414,1.739375,3.776952,-1.988592e+05,-5.061015e+04,-1.098970e+05,1.005423e+00,1.752314e+04
338,1.751057e+04,3.684478,6.843295,1.895769,-1.074581e+05,-1.995852e+05,-5.529025e+04,1.005823e+00,1.761254e+04
339,1.755206e+04,-0.897708,-7.242447,3.277360,2.621274e+04,2.114767e+05,-9.569766e+04,1.005650e+00,1.765123e+04
340,1.761662e+04,6.619548,4.005479,2.034139,-1.936434e+05,-1.171734e+05,-5.950520e+04,1.005878e+00,1.772017e+04
341,1.769040e+04,-3.570307,6.978655,-1.597275,1.046616e+05,-2.045755e+05,4.682326e+04,1.005820e+00,1.779337e+04
342,1.773601e+04,-1.474952,-0.299270,7.857159,4.329312e+04,8.784225e+03,-2.306251e+05,2.460290e-01,4.363572e+03
343,1.775737e+04,6.085490,5.042877,-1.239435,-1.787302e+05,-1.481088e+05,3.640208e+04,1.006078e+00,1.786529e+04
344,1.783633e+04,1.033745,1.063223,7.861357,-3.042840e+04,-3.129609e+04,-2.314000e+05,9.516389e-01,1.697374e+04
345,1.788862e+04,2.993234,-1.695441,-7.222605,-8.823526e+04,4.997861e+04,2.129096e+05,1.003544e+00,1.795202e+04
346,1.789714e+04,-3.537191,-1.132185,-7.085650,1.042950e+05,3.338275e+04,2.089222e+05,8.741072e-02,1.564402e+03
347,1.800815e+04,-0.344930,-0.577808,-7.971647,1.020183e+04,1.708958e+04,2.357739e+05,6.435846e-01,1.158977e+04
348,1.802757e+04,3.352841,5.235600,5.034575,-9.921893e+04,-1.549345e+05,-1.489857e+05,1.004713e+00,1.811254e+04
349,1.805276e+04,-1.282095,-0.906574,7.844384,3.796689e+04,2.684654e+04,-2.322970e+05,0.000000e+00,0.000000e+00
350,1.809714e+04,5.888928,-1.938245,5.056059,-1.746040e+05,5.746809e+04,-1.499099e+05,1.004913e+00,1.818606e+04
351,1.810965e+04,-4.239772,1.968325,6.492305,1.257508e+05,-5.838011e+04,-1.925604e+05,9.939134e-01,1.799942e+04
352,1.812772e+04,0.395629,-6.839209,-4.131429,-1.174013e+04,2.029507e+05,1.225984e+05,1.004784e+00,1.821444e+04
353,1.814045e+04,-1.642265,-3.690557,6.905270,4.875064e+04,1.095542e+05,-2.049830e+05,9.735844e-01,1.766126e+04
354,1.823408e+04,0.084365,-0.045736,7.999424,-2.510839e+03,1.361185e+03,-2.380749e+05,0.000000e+00,0.000000e+00
355,1.828087e+04,3.013632,6.215899,-4.034925,-8.980527e+04,-1.852318e+05,1.202394e+05,1.005708e+00,1.838522e+04
356,1.829408e+04,-7.909007,-0.872267,0.828711,2.357710e+05,2.600267e+04,-2.470423e+04,1.005931e+00,1.840259e+04
357,1.833763e+04,6.556064,4.374293,1.372438,-1.956716e+05,-1.305547e+05,-4.096165e+04,1.005983e+00,1.844734e+04
358,1.838187e+04,-1.668497,-2.359703,-7.459754,4.985781e+04,7.051234e+04,2.229114e+05,3.679894e-01,6.764333e+03
359,1.840999e+04,0.115309,0.387014,7.989801,-3.448292e+03,-1.157354e+04,-2.389328e+05,1.896333e-02,3.491149e+02
360,1.850417e+04,6.079507,4.970696,-1.527014,-1.822704e+05,-1.490270e+05,4.578159e+04,1.006062e+00,1.861635e+04
361,1.852165e+04,0.021339,0.753571,7.964400,-6.400717e+02,-2.260358e+04,-2.388944e+05,1.771473e-01,3.281060e+03
362,1.868338e+04,5.978695,-5.181353,-1.186925,-1.801139e+05,1.560932e+05,3.575724e+04,1.005676e+00,1.878942e+04
363,1.876837e+04,-1.577448,0.128657,-7.841881,4.763009e+04,-3.884731e+03,2.367809e+05,7.915387e-01,1.485589e+04
364,1.882638e+04,-5.335053,-1.693029,-5.715843,1.613375e+05,5.119893e+04,1.728530e+05,9.918748e-01,1.867342e+04
365,1.884380e+04,3.484112,6.576213,2.935027,-1.054119e+05,-1.989634e+05,-8.879929e+04,1.005596e+00,1.894925e+04
366,1.887537e+04,6.353854,-1.335074,4.673983,-1.923969e+05,4.042649e+04,-1.415298e+05,1.005129e+00,1.897218e+04
367,1.888527e+04,4.373811,-3.597411,5.650523,-1.324752e+05,1.089594e+05,-1.711447e+05,1.004743e+00,1.897484e+04
368,1.899879e+04,3.384659,-5.366378,-4.872995,-1.028232e+05,1.630262e+05,1.480376e+05,1.004899e+00,1.909187e+04
369,1.910211e+04,-2.238006,-0.373230,7.671508,6.817339e+04,1.136921e+04,-2.336869e+05,0.000000e+00,0.000000e+00
370,1.910355e+04,1.320625,-6.452490,4.541071,-4.022996e+04,1.965610e+05,-1.383338e+05,1.005280e+00,1.920441e+04
371,1.921874e+04,0.298871,-7.174170,-3.527317,-9.131849e+03,2.192033e+05,1.077755e+05,1.005176e+00,1.931822e+04
372,1.923250e+04,4.483746,6.529669,1.122253,-1.370478e+05,-1.995823e+05,-3.430217e+04,1.005982e+00,1.934755e+04
373,1.930624e+04,4.013511,6.542799,2.254664,-1.229098e+05,-2.003667e+05,-6.904682e+04,1.005790e+00,1.941802e+04
374,1.940021e+04,0.181781,0.317699,-7.991622,-5.580387e+03,-9.752874e+03,2.453303e+05,9.821680e-01,1.905426e+04
375,1.941694e+04,-3.597612,6.209913,3.534710,1.104887e+05,-1.907168e+05,-1.085569e+05,1.005067e+00,1.951532e+04
376,1.947070e+04,-3.163782,6.494164,-3.437488,9.729944e+04,-1.997225e+05,1.057171e+05,1.005636e+00,1.958043e+04
377,1.948681e+04,1.891721,0.456461,7.759706,-5.820237e+04,-1.404388e+04,-2.387419e+05,9.957277e-01,1.940356e+04
378,1.961353e+04,-5.696085,0.318069,5.608337,1.758197e+05,-9.817751e+03,-1.731112e+05,1.003620e+00,1.968453e+04
379,1.963402e+04,-0.022720,-0.035121,7.999891,7.016600e+02,1.084645e+03,-2.470596e+05,0.000000e+00,0.000000e+00
380,1.972577e+04,0.897960,0.659934,-7.922004,-2.779631e+04,-2.042822e+04,2.452252e+05,1.001244e+00,1.975031e+04
381,1.973457e+04,1.450416,2.466874,7.470664,-4.490755e+04,-7.637899e+04,-2.313056e+05,1.002627e+00,1.978642e+04
382,1.974301e+04,4.954043,-1.240315,6.157847,-1.534191e+05,3.841067e+04,-1.906991e+05,1.004539e+00,1.983263e+04
383,1.980450e+04,-0.158556,5.529019,5.779689,4.917862e+03,-1.714917e+05,-1.792666e+05,1.004251e+00,1.988869e+04
384,1.984863e+04,-3.424337,-1.094310,-7.146775,1.063298e+05,3.397963e+04,2.219159e+05,8.407363e-02,1.668746e+03
385,1.997150e+04,-2.267266,-0.858526,-7.623807,7.061888e+04,2.674064e+04,2.374599e+05,0.000000e+00,0.000000e+00
386,1.997585e+04,0.002617,-0.042895,-7.999885,-8.151667e+01,1.336208e+03,2.492008e+05,9.466336e-01,1.890981e+04
387,2.011334e+04,-4.056894,4.054849,-5.576720,1.268086e+05,-1.267447e+05,1.743147e+05,1.005261e+00,2.021915e+04
388,2.014328e+04,0.738825,-7.182802,-3.444051,-2.311106e+04,2.246839e+05,1.077327e+05,1.005244e+00,2.024891e+04
389,2.017324e+04,2.663047,1.998638,-7.274175,-8.336422e+04,-6.256553e+04,2.277113e+05,1.004916e+00,2.027242e+04
390,2.018778e+04,5.752272,-2.663892,4.880066,-1.801345e+05,8.342073e+04,-1.528210e+05,1.005102e+00,2.029077e+04
391,2.023992e+04,4.009472,-0.624718,-6.894481,-1.257201e+05,1.958852e+04,2.161817e+05,1.004865e+00,2.033839e+04
392,2.029964e+04,1.992466,4.997675,-5.920585,-6.256741e+04,-1.569369e+05,1.859182e+05,1.005229e+00,2.040579e+04
393,2.031125e+04,7.243095,1.492324,3.051318,-2.275127e+05,-4.687536e+04,-9.584486e+04,1.005713e+00,2.042729e+04
394,2.036049e+04,2.668590,7.150045,-2.399060,-8.392454e+04,-2.248619e+05,7.544811e+04,1.005981e+00,2.048227e+04
395,2.043233e+04,-4.910333,-1.577694,-6.115514,1.546974e+05,4.970439e+04,1.926660e+05,9.647192e-01,1.971146e+04
396,2.049488e+04,-0.739484,-2.764313,-7.470725,2.333268e+04,8.722138e+04,2.357211e+05,0.000000e+00,0.000000e+00
397,2.052121e+04,7.995497,-0.268310,0.005701,-2.524411e+05,8.471312e+03,-1.800093e+02,1.006000e+00,2.064434e+04
398,2.052375e+04,-0.065108,-6.620456,-4.490582,2.055782e+03,2.090400e+05,1.417895e+05,1.004421e+00,2.061449e+04
399,2.059303e+04,2.949242,5.464031,5.044437,-9.327895e+04,-1.728169e+05,-1.595460e+05,1.004853e+00,2.069297e+04
400,2.063871e+04,6.441213,-4.039467,2.488672,-2.039492e+05,1.279023e+05,-7.879924e+04,1.005740e+00,2.075717e+04
401,2.070721e+04,6.469606,-4.547304,-1.210877,-2.051879e+05,1.442208e+05,3.840375e+04,1.005749e+00,2.082625e+04
402,2.076761e+04,-0.445717,5.381154,5.902925,1.415681e+04,-1.709156e+05,-1.874880e+05,1.004277e+00,2.085643e+04
403,2.078071e+04,-4.053682,6.795263,1.179856,1.287932e+05,-2.158985e+05,-3.748629e+04,1.005724e+00,2.089966e+04
404,2.078613e+04,-2.141480,-3.732819,-6.743895,6.804779e+04,1.186142e+05,2.142944e+05,0.000000e+00,0.000000e+00
405,2.081386e+04,-5.526311,-1.485594,-5.590429,1.757214e+05,4.723779e+04,1.777602e+05,1.000254e+00,2.081914e+04
406,2.082185e+04,0.418419,-7.647722,2.310254,-1.330712e+04,2.432231e+05,-7.347377e+04,1.005794e+00,2.094250e+04
407,2.082456e+04,-2.066407,-6.684017,-3.879932,6.572292e+04,2.125879e+05,1.234028e+05,1.004846e+00,2.092547e+04
408,2.083987e+04,-1.071946,6.404593,4.672486,3.410621e+04,-2.037755e+05,-1.486649e+05,1.004787e+00,2.093963e+04
409,2.107429e+04,2.318007,-0.684647,-7.626146,-7.416591e+04,2.190565e+04,2.440027e+05,1.003290e+00,2.114361e+04
410,2.112156e+04,7.581652,-1.237950,2.232943,-2.428510e+05,3.965329e+04,-7.152432e+04,1.005842e+00,2.124495e+04
411,2.112429e+04,2.165811,-7.277269,-2.520045,-6.937847e+04,2.331162e+05,8.072580e+04,1.005414e+00,2.123866e+04
412,2.113644e+04,1.402549,1.159208,7.790320,-4.494144e+04,-3.714414e+04,-2.496228e+05,9.912959e-01,2.095247e+04
413,2.118188e+04,-5.601067,5.040199,2.687832,1.796661e+05,-1.616750e+05,-8.621791e+04,1.005387e+00,2.129599e+04
414,2.123665e+04,-6.044218,-2.354009,-4.682528,1.941316e+05,7.560740e+04,1.503961e+05,1.005131e+00,2.134563e+04
415,2.126757e+04,7.486126,0.524995,2.771695,-2.406186e+05,-1.687435e+04,-8.908765e+04,1.005781e+00,2.139051e+04
416,2.138474e+04,-5.475368,-2.397646,5.317109,1.764730e+05,7.727696e+04,-1.713723e+05,1.004949e+00,2.149057e+04
417,2.140858e+04,2.389143,3.850793,-6.592677,-7.704582e+04,-1.241816e+05,2.126027e+05,1.005083e+00,2.151739e+04
418,2.145064e+04,2.561788,6.674228,-3.590532,-8.269444e+04,-2.154439e+05,1.159023e+05,1.005836e+00,2.157583e+04
419,2.148018e+04,6.663701,3.282952,2.969397,-2.152522e+05,-1.060465e+05,-9.591803e+04,1.005747e+00,2.160363e+04
420,2.162896e+04,-5.021819,0.212960,6.223823,1.627766e+05,-6.902861e+03,-2.017382e+05,9.968939e-01,2.156178e+04
421,2.168900e+04,-1.604886,2.120080,-7.545171,5.209272e+04,-6.881532e+04,2.449074e+05,1.004624e+00,2.178930e+04
422,2.170724e+04,-0.415586,0.167114,-7.987450,1.349511e+04,-5.426595e+03,2.593722e+05,9.494159e-01,2.060919e+04
423,2.175937e+04,-3.084133,-1.611634,7.203524,1.002696e+05,5.239655e+04,-2.341970e+05,2.684637e-03,5.841601e+01
424,2.191631e+04,-2.052684,0.002126,7.732172,6.697593e+04,-6.936567e+01,-2.522890e+05,0.000000e+00,0.000000e+00
425,2.192481e+04,3.439249,6.537975,3.070253,-1.122392e+05,-2.133655e+05,-1.001971e+05,1.005630e+00,2.204824e+04
426,2.192520e+04,2.847409,4.793011,5.737535,-9.292544e+04,-1.564204e+05,-1.872450e+05,1.004619e+00,2.202648e+04
427,2.197124e+04,1.449958,-5.481566,5.643585,-4.736917e+04,1.790792e+05,-1.843722e+05,1.005179e+00,2.208504e+04
428,2.200378e+04,-7.602561,-2.460387,-0.384143,2.485545e+05,8.043870e+04,1.255899e+04,1.006032e+00,2.213651e+04
429,2.203021e+04,-4.597382,6.173985,2.178528,1.503948e+05,-2.019705e+05,-7.126650e+04,1.005549e+00,2.215245e+04
430,2.211496e+04,6.743615,-3.948945,-1.711576,-2.210288e+05,1.294307e+05,5.609864e+04,1.005741e+00,2.224191e+04
431,2.212894e+04,-3.707747,2.675269,-6.564720,1.215636e+05,-8.771238e+04,2.152333e+05,1.005532e+00,2.225136e+04
432,2.213018e+04,3.061947,0.856444,7.341048,-1.003929e+05,-2.808047e+04,-2.406931e+05,1.004392e+00,2.222737e+04
433,2.213857e+04,4.757272,-0.931683,6.363987,-1.560076e+05,3.055314e+04,-2.086975e+05,1.004633e+00,2.224114e+04
434,2.221076e+04,3.185197,-5.735393,4.578187,-1.046239e+05,1.883900e+05,-1.503794e+05,1.005307e+00,2.232863e+04
435,2.223428e+04,6.891313,-0.654829,4.010112,-2.264783e+05,2.152052e+04,-1.317896e+05,1.005493e+00,2.235641e+04
436,2.232683e+04,5.850032,3.331672,-4.321700,-1.926570e+05,-1.097208e+05,1.423250e+05,1.005675e+00,2.245354e+04
437,2.232894e+04,1.119466,3.778066,6.962256,-3.686870e+04,-1.244276e+05,-2.292963e+05,1.004165e+00,2.242194e+04
438,2.249159e+04,1.016135,2.965754,-7.360148,-3.358725e+04,-9.802982e+04,2.432818e+05,1.005122e+00,2.260679e+04
439,2.262685e+04,4.717286,3.024770,5.709464,-1.563930e+05,-1.002807e+05,-1.892869e+05,1.004800e+00,2.273545e+04
440,2.274385e+04,-3.204926,-0.345061,-7.321843,1.065278e+05,1.146939e+04,2.433691e+05,7.482728e-01,1.701860e+04
441,2.274471e+04,-0.273761,-0.190360,-7.993048,9.099652e+03,6.327469e+03,2.656842e+05,9.112234e-01,2.072551e+04
442,2.282743e+04,2.944149,-5.981320,-4.422193,-9.803956e+04,1.991767e+05,1.472581e+05,1.005185e+00,2.294578e+04
443,2.294937e+04,-5.259375,-5.461369,2.551946,1.756032e+05,1.823475e+05,-8.520593e+04,1.005983e+00,2.308667e+04
444,2.295562e+04,-6.994585,3.842372,0.558530,2.335713e+05,-1.283090e+05,-1.865107e+04,1.005806e+00,2.308890e+04
445,2.295886e+04,2.488612,-5.890209,4.807520,-8.310850e+04,1.967066e+05,-1.605496e+05,1.005295e+00,2.308044e+04
446,2.297850e+04,-7.701798,1.253593,1.763748,2.573155e+05,-4.188229e+04,-5.892646e+04,1.005758e+00,2.311080e+04
447,2.300408e+04,-6.854911,1.576051,-3.811333,2.291486e+05,-5.268487e+04,1.274067e+05,1.005652e+00,2.313410e+04
448,2.312562e+04,-6.392909,-2.638911,-4.020804,2.142685e+05,8.844726e+04,1.347636e+05,1.005880e+00,2.326160e+04
449,2.332767e+04,-3.542657,-5.038346,5.105355,1.192553e+05,1.696043e+05,-1.718599e+05,1.005646e+00,2.345938e+04
450,2.333684e+04,1.478442,0.048150,7.862054,-4.977810e+04,-1.621190e+03,-2.647099e+05,9.798172e-01,2.286584e+04
451,2.339377e+04,1.260062,5.581070,5.591413,-4.247711e+04,-1.881398e+05,-1.884885e+05,1.004679e+00,2.350323e+04
452,2.340096e+04,-0.592366,-7.949602,0.673004,1.997192e+04,2.680250e+05,-2.269068e+04,1.005901e+00,2.353905e+04
453,2.357709e+04,5.018928,-2.634764,5.645208,-1.698514e+05,8.916612e+04,-1.910461e+05,1.004982e+00,2.369456e+04
454,2.363375e+04,-3.216586,-7.295545,0.654676,1.089870e+05,2.471935e+05,-2.218227e+04,1.006013e+00,2.377587e+04
455,2.364122e+04,-3.959029,-0.159040,-6.949877,1.341642e+05,5.389583e+03,2.355186e+05,9.594596e-01,2.268280e+04
456,2.369635e+04,3.551532,-0.606017,7.142784,-1.204951e+05,2.056074e+04,-2.423379e+05,1.004701e+00,2.380776e+04
457,2.375807e+04,-4.201162,3.196301,-6.011148,1.427211e+05,-1.085841e+05,2.042095e+05,1.005477e+00,2.388820e+04
458,2.386334e+04,-6.981847,2.053250,-3.322345,2.377108e+05,-6.990698e+04,1.131158e+05,1.005675e+00,2.399876e+04
459,2.396763e+04,-0.303207,-6.028625,5.250118,1.034582e+04,2.057045e+05,-1.791409e+05,1.005452e+00,2.409831e+04
460,2.405416e+04,2.095549,4.483075,-6.285755,-7.163180e+04,-1.532442e+05,2.148649e+05,1.005268e+00,2.418088e+04
461,2.420394e+04,3.387074,1.786693,-7.023920,-1.161397e+05,-6.126411e+04,2.408439e+05,1.005100e+00,2.432738e+04
462,2.421825e+04,1.271136,-0.459347,-7.884999,-4.359898e+04,1.575526e+04,2.704494e+05,9.962677e-01,2.412786e+04
463,2.425973e+04,-2.938783,2.859396,-6.869309,1.008843e+05,-9.815905e+04,2.358137e+05,1.005532e+00,2.439392e+04
464,2.428121e+04,0.452245,3.343246,-7.253839,-1.553180e+04,-1.148197e+05,2.491243e+05,1.005210e+00,2.440773e+04
465,2.432804e+04,3.070899,-0.899480,-7.332156,-1.055680e+05,3.092131e+04,2.520567e+05,1.004923e+00,2.444781e+04
466,2.442117e+04,0.005054,-7.732527,2.051343,-1.740699e+02,2.663285e+05,-7.065363e+04,1.005870e+00,2.456452e+04
467,2.448529e+04,-5.971658,4.129634,3.359379,2.059494e+05,-1.424221e+05,-1.158577e+05,1.005321e+00,2.461558e+04
468,2.450132e+04,1.201914,4.035192,-6.802399,-4.146495e+04,-1.392105e+05,2.346766e+05,1.005185e+00,2.462836e+04
469,2.453027e+04,7.551159,-1.646253,2.066362,-2.606621e+05,5.682778e+04,-7.132974e+04,1.005888e+00,2.467471e+04
470,2.460879e+04,-1.208981,-7.621836,2.108550,4.180013e+04,2.635225e+05,-7.290244e+04,1.005911e+00,2.475425e+04
471,2.471043e+04,-0.251538,-0.190993,-7.993763,8.714780e+03,6.617159e+03,2.769520e+05,9.272367e-01,2.291241e+04
472,2.481540e+04,3.180172,0.083985,7.340262,-1.104140e+05,-2.915924e+03,-2.548504e+05,1.004689e+00,2.493175e+04
473,2.482486e+04,-2.373461,-4.870555,5.885947,8.242114e+04,1.691356e+05,-2.043962e+05,1.005508e+00,2.496160e+04
474,2.482898e+04,-1.493080,-3.211825,7.173207,5.185318e+04,1.115435e+05,-2.491184e+05,9.263864e-01,2.300122e+04
475,2.499841e+04,-1.493646,-1.067797,7.786452,5.204954e+04,3.720984e+04,-2.713369e+05,0.000000e+00,0.000000e+00
476,2.500568e+04,1.735135,5.699218,-5.339309,-6.047357e+04,-1.986313e+05,1.860876e+05,1.005529e+00,2.514394e+04
477,2.520249e+04,5.623981,-1.511433,-5.485108,-1.967790e+05,5.288392e+04,1.919199e+05,1.005244e+00,2.533467e+04
478,2.531623e+04,0.834142,3.781614,-7.000258,-2.925180e+04,-1.326141e+05,2.454859e+05,1.005209e+00,2.544810e+04
479,2.539409e+04,1.177640,5.896073,5.277261,-4.136108e+04,-2.070819e+05,-1.853480e+05,1.004905e+00,2.551863e+04
480,2.543972e+04,3.806785,-6.359596,-3.010636,-1.338220e+05,2.235624e+05,1.058346e+05,1.005470e+00,2.557887e+04
481,2.548340e+04,-5.866284,1.595628,-5.200066,2.063977e+05,-5.614012e+04,1.829577e+05,1.005726e+00,2.562932e+04
482,2.552553e+04,-2.156579,1.315295,7.590729,7.593917e+04,-4.631521e+04,-2.672907e+05,1.006396e-01,2.568878e+03
483,2.558699e+04,-5.078069,2.168276,5.788938,1.790281e+05,-7.644290e+04,-2.040899e+05,1.004388e+00,2.569927e+04
484,2.561131e+04,-5.355402,-5.836880,-1.118258,1.888952e+05,2.058779e+05,3.944310e+04,1.006010e+00,2.576524e+04
485,2.566509e+04,1.062762,0.575084,7.908212,-3.752499e+04,-2.030559e+04,-2.792304e+05,9.604273e-01,2.464946e+04
486,2.588759e+04,-6.870494,1.295853,3.888070,2.436390e+05,-4.595307e+04,-1.378773e+05,1.005366e+00,2.602650e+04
487,2.604541e+04,3.727133,-4.880647,5.127160,-1.325725e+05,1.736026e+05,-1.823709e+05,1.005270e+00,2.618267e+04
488,2.609872e+04,-0.915827,-3.033262,-7.345787,3.260890e+04,1.080022e+05,2.615538e+05,0.000000e+00,0.000000e+00
489,2.615833e+04,3.300232,7.246107,-0.776149,-1.176420e+05,-2.582991e+05,2.766706e+04,1.006071e+00,2.631714e+04
490,2.616864e+04,-0.833462,-5.325349,5.911515,2.971592e+04,1.898680e+05,-2.107669e+05,1.005583e+00,2.631474e+04
491,2.619265e+04,0.325948,4.225136,-6.785424,-1.162655e+04,-1.507105e+05,2.420359e+05,1.005259e+00,2.633039e+04
492,2.636251e+04,0.654058,-0.715285,7.941069,-2.340577e+04,2.559680e+04,-2.841747e+05,7.322398e-01,1.930368e+04
493,2.640154e+04,-7.165601,0.554334,3.513812,2.566140e+05,-1.985177e+04,-1.258364e+05,1.005520e+00,2.654727e+04
494,2.656935e+04,3.368958,5.700118,4.489853,-1.210317e+05,-2.047799e+05,-1.613005e+05,1.005337e+00,2.671114e+04
495,2.673077e+04,1.354176,1.873034,-7.658848,-4.879711e+04,-6.749389e+04,2.759830e+05,1.005311e+00,2.687273e+04
496,2.684363e+04,-3.426804,-2.226855,-6.877364,1.237437e+05,8.041289e+04,2.483451e+05,0.000000e+00,0.000000e+00
497,2.686409e+04,1.860424,7.508202,-2.041011,-6.720645e+04,-2.712283e+05,7.373003e+04,1.006017e+00,2.702572e+04
498,2.695380e+04,3.697341,5.444776,4.547976,-1.337866e+05,-1.970167e+05,-1.645664e+05,1.005344e+00,2.709785e+04
499,2.700803e+04,-0.594838,0.644638,7.951768,2.154559e+04,-2.334938e+04,-2.880204e+05,0.000000e+00,0.000000e+00
500,2.704118e+04,4.842090,2.103575,-6.010752,-1.754926e+05,-7.624018e+04,2.178485e+05,1.005358e+00,2.718606e+04
501,2.712766e+04,-0.267932,0.776652,-7.957702,9.726220e+03,-2.819329e+04,2.888730e+05,9.979194e-01,2.707122e+04
502,2.713308e+04,-1.201254,-3.532104,7.076809,4.361115e+04,1.282319e+05,-2.569213e+05,9.831316e-01,2.667539e+04
503,2.718887e+04,-6.077909,-2.651056,-4.475591,2.208833e+05,9.634465e+04,1.626519e+05,1.005685e+00,2.734343e+04
504,2.723393e+04,-3.764076,0.995730,6.988580,1.369073e+05,-3.621680e+04,-2.541892e+05,9.188500e-01,2.502390e+04
505,2.726040e+04,4.575822,0.359012,-6.552325,-1.665131e+05,-1.306435e+04,2.384375e+05,1.005217e+00,2.740262e+04
506,2.731183e+04,-7.164634,-3.020008,-1.883499,2.609651e+05,1.100010e+05,6.860472e+04,1.005989e+00,2.747541e+04
507,2.732487e+04,-1.079136,-7.922214,-0.272022,3.931589e+04,2.886281e+05,9.910531e+03,1.005894e+00,2.748592e+04
508,2.733031e+04,-7.618552,1.217699,-2.115388,2.775925e+05,-4.436854e+04,7.707711e+04,1.005843e+00,2.748999e+04
509,2.738353e+04,-1.079060,-6.989541,3.739245,3.935530e+04,2.549215e+05,-1.363772e+05,1.005747e+00,2.754090e+04
510,2.740281e+04,5.402764,1.135048,-5.789802,-1.971181e+05,-4.141189e+04,2.112391e+05,1.005374e+00,2.755007e+04
511,2.741881e+04,-3.289734,2.112668,6.979562,1.200599e+05,-7.710253e+04,-2.547214e+05,9.832764e-01,2.696027e+04
512,2.751456e+04,4.012554,0.888171,6.863714,-1.466950e+05,-3.247065e+04,-2.509305e+05,1.004761e+00,2.764554e+04
513,2.766901e+04,4.049542,-1.399825,-6.755864,-1.484622e+05,5.131963e+04,2.476799e+05,1.005222e+00,2.781348e+04
514,2.772569e+04,-1.966457,3.440604,-6.949481,7.216699e+04,-1.262667e+05,2.550390e+05,1.005476e+00,2.787751e+04
515,2.774988e+04,-1.376563,0.531166,7.862756,5.054051e+04,-1.950178e+04,-2.886811e+05,0.000000e+00,0.000000e+00
516,2.780463e+04,-3.008924,-3.843364,6.338370,1.105816e+05,1.412483e+05,-2.329428e+05,1.002850e+00,2.788387e+04
517,2.795203e+04,-2.740740,-6.778882,3.245783,1.009921e+05,2.497916e+05,-1.196022e+05,1.005878e+00,2.811633e+04
518,2.803882e+04,3.156946,3.106695,-6.661992,-1.165092e+05,-1.146546e+05,2.458652e+05,1.005294e+00,2.818725e+04
519,2.805343e+04,-5.760443,-1.500480,-5.344704,2.126483e+05,5.539063e+04,1.973012e+05,1.004685e+00,2.818488e+04
520,2.807373e+04,-6.062070,-1.956317,-4.839848,2.238639e+05,7.224410e+04,1.787289e+05,1.005588e+00,2.823061e+04
521,2.815256e+04,-1.160492,-6.286763,-4.809353,4.291549e+04,2.324872e+05,1.778519e+05,1.003394e+00,2.824810e+04
522,2.822500e+04,-3.233032,2.953004,6.695317,1.197127e+05,-1.093438e+05,-2.479141e+05,1.002062e+00,2.828320e+04
523,2.829815e+04,-2.158276,6.097987,-4.707059,8.002009e+04,-2.260886e+05,1.745186e+05,1.005616e+00,2.845707e+04
524,2.830431e+04,-4.262434,0.261178,6.764868,1.580509e+05,-9.684487e+03,-2.508411e+05,9.582555e-01,2.712276e+04
525,2.836876e+04,0.799308,7.929568,-0.695027,-2.967204e+04,-2.943627e+05,2.580091e+04,1.006031e+00,2.853985e+04
526,2.837017e+04,-3.618977,5.787948,-4.171650,1.343476e+05,-2.148664e+05,1.548645e+05,1.005657e+00,2.853066e+04
527,2.840387e+04,-3.502600,-2.436664,-6.767161,1.301045e+05,9.051018e+04,2.513670e+05,0.000000e+00,0.000000e+00
528,2.841321e+04,3.198605,1.081088,7.252598,-1.188321e+05,-4.016376e+04,-2.694429e+05,1.004808e+00,2.854981e+04
529,2.843611e+04,0.345414,-0.439227,7.980462,-1.283774e+04,1.632440e+04,-2.966034e+05,3.941154e-01,1.120711e+04
530,2.849992e+04,-0.392521,2.420784,7.614836,1.460489e+04,-9.007223e+04,-2.833319e+05,9.870229e-01,2.813007e+04
531,2.853238e+04,0.954808,-4.658504,-6.433248,-3.554660e+04,1.734317e+05,2.395038e+05,9.901084e-01,2.825015e+04
532,2.854588e+04,7.330218,0.796575,-3.103767,-2.729617e+05,-2.966276e+04,1.155777e+05,1.005854e+00,2.871300e+04
533,2.882137e+04,-2.567944,6.256452,4.273461,9.608508e+04,-2.340984e+05,-1.599006e+05,1.005222e+00,2.897188e+04
534,2.900452e+04,2.311909,-5.408781,-5.422191,-8.677941e+04,2.030230e+05,2.035264e+05,1.005172e+00,2.915453e+04
535,2.902704e+04,4.595877,4.878900,4.367408,-1.725769e+05,-1.832046e+05,-1.639978e+05,1.005484e+00,2.918621e+04
536,2.909631e+04,2.266358,1.737477,-7.472937,-8.520412e+04,-6.532075e+04,2.809463e+05,1.005326e+00,2.925127e+04
537,2.910897e+04,-2.226363,-1.990990,-7.421541,8.371869e+04,7.486788e+04,2.790747e+05,0.000000e+00,0.000000e+00
538,2.930859e+04,-3.310268,3.229659,-6.527743,1.249032e+05,-1.218617e+05,2.463052e+05,1.005586e+00,2.947232e+04
539,2.944539e+04,-0.942540,-1.261488,7.843486,3.564687e+04,4.770950e+04,-2.966408e+05,0.000000e+00,0.000000e+00
540,2.946135e+04,-5.783371,-3.767518,4.044556,2.187864e+05,1.425262e+05,-1.530066e+05,1.005786e+00,2.963183e+04
541,2.947184e+04,-0.016779,3.828743,7.024275,6.348837e+02,-1.448682e+05,-2.657775e+05,1.004500e+00,2.960448e+04
542,2.970339e+04,-0.393880,-1.749928,7.796320,1.496166e+04,6.647164e+04,-2.961459e+05,1.660106e-02,4.931077e+02
543,2.973932e+04,2.131758,5.001672,5.868466,-8.102451e+04,-1.901051e+05,-2.230505e+05,1.004932e+00,2.988601e+04
544,2.974158e+04,2.485965,6.611065,3.756834,-9.449090e+04,-2.512849e+05,-1.427963e+05,1.005573e+00,2.990733e+04
545,2.982659e+04,-0.203865,0.455225,-7.984435,7.759908e+03,-1.732772e+04,3.039198e+05,9.934333e-01,2.963072e+04
546,2.983660e+04,-0.928955,-1.509050,-7.801270,3.536573e+04,5.745018e+04,2.969977e+05,0.000000e+00,0.000000e+00
547,2.990133e+04,1.605760,-6.930256,-3.659656,-6.119822e+04,2.641238e+05,1.394757e+05,1.005517e+00,3.006630e+04
548,3.002684e+04,2.424158,5.250514,5.527708,-9.258248e+04,-2.005255e+05,-2.111120e+05,1.005063e+00,3.017887e+04
549,3.010655e+04,7.896657,1.214743,0.408904,-3.019860e+05,-4.645452e+04,-1.563740e+04,1.006049e+00,3.028866e+04
550,3.011633e+04,2.758477,-0.568227,-7.487852,-1.055075e+05,2.173381e+04,2.863989e+05,1.005178e+00,3.027228e+04
551,3.014272e+04,3.089394,-3.319797,6.590493,-1.182164e+05,1.270328e+05,-2.521867e+05,1.005200e+00,3.029945e+04
552,3.028982e+04,0.656689,4.280023,-6.726824,-2.518960e+04,-1.641752e+05,2.580307e+05,1.005370e+00,3.045247e+04
553,3.029800e+04,-4.188196,-1.180155,6.713140,1.606745e+05,4.527507e+04,-2.575406e+05,9.545688e-01,2.892153e+04
554,3.037006e+04,4.831657,-3.814132,5.109549,-1.855803e+05,1.464980e+05,-1.962539e+05,1.005371e+00,3.053318e+04
555,3.038016e+04,-3.921013,5.272553,-4.563534,1.506282e+05,-2.025485e+05,1.753111e+05,1.005622e+00,3.055095e+04
556,3.040211e+04,5.346849,1.486528,5.762069,-2.054768e+05,-5.712656e+04,-2.214335e+05,1.005147e+00,3.055860e+04
557,3.042106e+04,-6.447920,-3.067776,3.607364,2.478677e+05,1.179299e+05,-1.386725e+05,1.005812e+00,3.059788e+04
558,3.045742e+04,-1.652611,6.559653,4.270811,6.356678e+04,-2.523135e+05,-1.642744e+05,1.005297e+00,3.061877e+04
559,3.047985e+04,-0.861881,-1.405467,-7.828271,3.316399e+04,5.408041e+04,3.012210e+05,0.000000e+00,0.000000e+00
560,3.058345e+04,1.836753,-6.319992,4.547971,-7.079571e+04,2.435975e+05,-1.752968e+05,1.005557e+00,3.075339e+04
561,3.072310e+04,-0.654012,1.326405,7.862119,2.526568e+04,-5.124148e+04,-3.037283e+05,5.784347e-01,1.777130e+04
562,3.087408e+04,2.706341,7.517755,-0.398834,-1.048076e+05,-2.911376e+05,1.544552e+04,1.006063e+00,3.106126e+04
563,3.088859e+04,-7.231554,-2.013785,-2.765737,2.801197e+05,7.800549e+04,1.071329e+05,1.005952e+00,3.107244e+04
564,3.089795e+04,7.154046,-0.844952,-3.479323,-2.771594e+05,3.273482e+04,1.347947e+05,1.005761e+00,3.107596e+04
565,3.089915e+04,1.481086,3.832403,6.864333,-5.738080e+04,-1.484764e+05,-2.659406e+05,1.004774e+00,3.104667e+04
566,3.094232e+04,6.840938,-3.282949,2.534525,-2.652193e+05,1.272781e+05,-9.826211e+04,1.005862e+00,3.112370e+04
567,3.096015e+04,1.558365,4.407940,-6.491653,-6.043434e+04,-1.709426e+05,2.517502e+05,1.005413e+00,3.112772e+04
568,3.097550e+04,3.509742,-6.968225,-1.767924,-1.361437e+05,2.702990e+05,6.857814e+04,1.005721e+00,3.115271e+04
569,3.098460e+04,2.321657,1.358084,7.534289,-9.007083e+04,-5.268811e+04,-2.922997e+05,1.004667e+00,3.112920e+04
570,3.103878e+04,-0.259345,-7.009340,-3.847323,1.007030e+04,2.721714e+05,1.493909e+05,1.005545e+00,3.121090e+04
571,3.104541e+04,-4.193004,-0.179432,6.810765,1.628310e+05,6.968061e+03,-2.644890e+05,9.418222e-01,2.923926e+04
572,3.104725e+04,-0.894086,7.868235,1.136433,3.472194e+04,-3.055638e+05,-4.413352e+04,1.005915e+00,3.123088e+04
573,3.105517e+04,4.024780,-1.062690,6.831679,-1.563227e+05,4.127495e+04,-2.653429e+05,1.005023e+00,3.121117e+04
574,3.119155e+04,-7.596722,-0.756234,-2.391219,2.957044e+05,2.943659e+04,9.307882e+04,1.005913e+00,3.137600e+04
575,3.119654e+04,-0.305027,-7.073996,3.723646,1.187420e+04,2.753791e+05,-1.449555e+05,1.005763e+00,3.137631e+04
576,3.131114e+04,2.394878,-0.568249,7.611941,-9.339981e+04,2.216159e+04,-2.968643e+05,1.004345e+00,3.144718e+04
577,3.135960e+04,3.818429,2.939194,-6.385980,-1.490332e+05,-1.147167e+05,2.492446e+05,1.005416e+00,3.152944e+04
578,3.139901e+04,-2.481810,2.327624,7.240358,9.692586e+04,-9.090420e+04,-2.827685e+05,9.778056e-01,3.070213e+04
579,3.142530e+04,2.435401,1.697172,7.428892,-9.515316e+04,-6.630993e+04,-2.902531e+05,1.004831e+00,3.157713e+04
580,3.160001e+04,-1.772570,-7.545912,-1.979192,6.944805e+04,2.956435e+05,7.754335e+04,1.005817e+00,3.178382e+04
581,3.168057e+04,-0.099931,-0.061365,-7.999140,3.920210e+03,2.407304e+03,3.137999e+05,9.762413e-01,3.092788e+04
582,3.169396e+04,6.797591,2.922946,3.041242,-2.667204e+05,-1.146891e+05,-1.193307e+05,1.005847e+00,3.187928e+04
583,3.172065e+04,0.031153,0.428920,-7.988433,-1.222864e+03,-1.683682e+04,3.135781e+05,9.972201e-01,3.163247e+04
584,3.188097e+04,4.805182,5.389589,-3.444206,-1.890988e+05,-2.120969e+05,1.355401e+05,1.005942e+00,3.207040e+04
585,3.191595e+04,-3.989373,-5.922190,3.607294,1.570803e+05,2.331843e+05,-1.420360e+05,1.005893e+00,3.210403e+04
586,3.205375e+04,2.981909,-2.823538,6.865556,-1.176649e+05,1.114156e+05,-2.709119e+05,1.005269e+00,3.222264e+04
587,3.206815e+04,-2.363639,0.247023,7.638861,9.328916e+04,-9.749616e+03,-3.014940e+05,0.000000e+00,0.000000e+00
588,3.216251e+04,2.115045,2.064355,7.434045,-8.360028e+04,-8.159668e+04,-2.938416e+05,1.004792e+00,3.231662e+04
589,3.216504e+04,5.163964,5.790334,1.950774,-2.041213e+05,-2.288804e+05,-7.711023e+04,1.005963e+00,3.235685e+04
590,3.230666e+04,-0.384328,7.798264,-1.743381,1.522513e+04,-3.089278e+05,6.906394e+04,1.006002e+00,3.250058e+04
591,3.238699e+04,1.436378,3.441929,7.077425,-5.697274e+04,-1.365213e+05,-2.807202e+05,1.004827e+00,3.254331e+04
592,3.252966e+04,-1.939626,-1.420648,7.630177,7.710294e+04,5.647281e+04,-3.033105e+05,0.000000e+00,0.000000e+00
593,3.253861e+04,-1.140635,1.717655,-7.729723,4.534813e+04,-6.828866e+04,3.073098e+05,1.004816e+00,3.269532e+04
594,3.267161e+04,5.064056,-2.332847,5.737000,-2.017422e+05,9.293611e+04,-2.285510e+05,1.005261e+00,3.284349e+04
595,3.278841e+04,2.382369,-7.327125,-2.153499,-9.507847e+04,2.924198e+05,8.594446e+04,1.005700e+00,3.297530e+04
596,3.282541e+04,3.026986,-7.393698,-0.413023,-1.208728e+05,2.952431e+05,1.649271e+04,1.005854e+00,3.301757e+04
597,3.283156e+04,-4.047352,-6.278228,2.864052,1.616329e+05,2.507240e+05,-1.143772e+05,1.005975e+00,3.302773e+04
598,3.286062e+04,2.688027,7.386151,-1.489725,-1.073951e+05,-2.951000e+05,5.951921e+04,1.006058e+00,3.305971e+04
599,3.290590e+04,-1.760718,-5.630968,5.402969,7.039468e+04,2.251298e+05,-2.160143e+05,1.005723e+00,3.309423e+04
600,3.298830e+04,0.947366,0.861752,7.896827,-3.792370e+04,-3.449654e+04,-3.161154e+05,9.789703e-01,3.229456e+04
601,3.311622e+04,4.612881,1.411244,-6.381984,-1.850145e+05,-5.660249e+04,2.559700e+05,1.005414e+00,3.329549e+04
602,3.314902e+04,-0.970619,5.068787,6.112716,3.894908e+04,-2.034007e+05,-2.452916e+05,1.004923e+00,3.331220e+04
603,3.315159e+04,-6.452410,-0.330185,4.717772,2.589329e+05,1.325021e+04,-1.893225e+05,1.005495e+00,3.333376e+04
604,3.315549e+04,2.736708,2.272183,7.165725,-1.098295e+05,-9.118725e+04,-2.875749e+05,1.004930e+00,3.331893e+04
605,3.323858e+04,2.921688,-5.974368,-4.446422,-1.174000e+05,2.400636e+05,1.786672e+05,1.005496e+00,3.342125e+04
606,3.348875e+04,0.585695,3.876794,6.973337,-2.362294e+04,-1.563634e+05,-2.812569e+05,1.004840e+00,3.365083e+04
607,3.362578e+04,-0.644652,-1.942466,7.733773,2.605402e+04,7.850595e+04,-3.125652e+05,6.116493e-02,2.056718e+03
608,3.364417e+04,3.743675,3.846718,5.931919,-1.513443e+05,-1.555100e+05,-2.398077e+05,1.005116e+00,3.381629e+04
609,3.364762e+04,4.588957,-5.713547,3.208871,-1.855258e+05,2.309915e+05,-1.297306e+05,1.005779e+00,3.384206e+04
610,3.369066e+04,2.003109,6.311250,-4.489508,-8.103496e+04,-2.553190e+05,1.816212e+05,1.005811e+00,3.388642e+04
611,3.372077e+04,0.028232,-0.328999,7.993182,-1.142622e+03,1.331548e+04,-3.235054e+05,1.993396e-02,6.721886e+02
612,3.372873e+04,0.395382,4.357731,6.697302,-1.600404e+04,-1.763898e+05,-2.710897e+05,1.004882e+00,3.389338e+04
613,3.379938e+04,0.970451,-0.949978,7.883893,-3.932247e+04,3.849292e+04,-3.194539e+05,9.471665e-01,3.201364e+04
614,3.393685e+04,2.598094,-1.087139,-7.487859,-1.054881e+05,4.414018e+04,3.040230e+05,1.005035e+00,3.410772e+04
615,3.398142e+04,-1.830712,3.771567,6.813500,7.437960e+04,-1.532342e+05,-2.768242e+05,1.004450e+00,3.413264e+04
616,3.406881e+04,0.186142,0.304672,-7.992029,-7.572455e+03,-1.239435e+04,3.251237e+05,9.980169e-01,3.400125e+04
617,3.407161e+04,-0.951177,-1.210424,-7.850486,3.869640e+04,4.924326e+04,3.193787e+05,1.926327e-03,6.563306e+01
618,3.409552e+04,1.364167,-7.752163,1.429343,-5.551742e+04,3.154893e+05,-5.816989e+04,1.005924e+00,3.429752e+04
619,3.411540e+04,4.756700,5.163474,3.835668,-1.936395e+05,-2.101988e+05,-1.561454e+05,1.005691e+00,3.430955e+04
620,3.412755e+04,-4.056640,4.525518,-5.202245,1.651704e+05,-1.842612e+05,2.118149e+05,1.005604e+00,3.431880e+04
621,3.430438e+04,0.474530,-3.233682,-7.301926,-1.937096e+04,1.320034e+05,2.980748e+05,7.808267e-01,2.678577e+04
622,3.444636e+04,-6.202635,3.387456,-3.748662,2.537236e+05,-1.385666e+05,1.533419e+05,1.005741e+00,3.464410e+04
623,3.449146e+04,-5.674596,-5.598757,0.672961,2.322757e+05,2.291714e+05,-2.754599e+04,1.006095e+00,3.470169e+04
624,3.456416e+04,0.731013,-5.850296,5.407370,-2.995375e+04,2.397198e+05,-2.215706e+05,1.005561e+00,3.475637e+04
625,3.479334e+04,6.663652,4.107688,-1.650042,-2.739514e+05,-1.688723e+05,6.783535e+04,1.006062e+00,3.500427e+04
626,3.480649e+04,-1.120174,3.256093,7.221016,4.606049e+04,-1.338875e+05,-2.969214e+05,1.002951e+00,3.490921e+04
627,3.486587e+04,-1.064995,-5.515316,-5.696234,4.382892e+04,2.269780e+05,2.344235e+05,9.881351e-01,3.445219e+04
628,3.491231e+04,6.065683,2.603765,-4.519723,-2.497941e+05,-1.072270e+05,1.861290e+05,1.005777e+00,3.511401e+04
629,3.497422e+04,7.734745,-0.191555,-2.033970,-3.188108e+05,7.895531e+03,8.383621e+04,1.005962e+00,3.518273e+04
630,3.497559e+04,7.859190,1.233126,0.844117,-3.239466e+05,-5.082799e+04,-3.479349e+04,1.006044e+00,3.518698e+04
631,3.513403e+04,-4.261986,2.550193,6.271522,1.760715e+05,-1.053538e+05,-2.590896e+05,1.004373e+00,3.528767e+04
632,3.515126e+04,2.242275,-3.785829,6.681295,-9.265577e+04,1.564388e+05,-2.760859e+05,1.005452e+00,3.534291e+04
633,3.538454e+04,3.272809,-7.253305,0.823579,-1.356877e+05,3.007155e+05,-3.414483e+04,1.005916e+00,3.559386e+04
634,3.546684e+04,-5.383742,4.206219,4.162096,2.234645e+05,-1.745887e+05,-1.727573e+05,1.005399e+00,3.565831e+04
635,3.547480e+04,6.772974,-4.248940,-0.270783,-2.811593e+05,1.763818e+05,1.124075e+04,1.005947e+00,3.568578e+04
636,3.550344e+04,0.845185,1.174526,-7.868046,-3.509942e+04,-4.877653e+04,3.267497e+05,1.005299e+00,3.569158e+04
637,3.560124e+04,-7.994671,-0.159624,0.244452,3.324652e+05,6.638099e+03,-1.016575e+04,1.005997e+00,3.581475e+04
638,3.568556e+04,-0.383825,2.354537,-7.636022,1.598059e+04,-9.803132e+04,3.179263e+05,1.005626e+00,3.588634e+04
639,3.576376e+04,2.312733,0.706501,-7.625754,-9.639625e+04,-2.944743e+04,3.178465e+05,1.005494e+00,3.596025e+04
640,3.577957e+04,-6.403498,-1.431840,4.576576,2.669610e+05,5.969321e+04,-1.907969e+05,1.005648e+00,3.598166e+04
641,3.583957e+04,-0.662563,0.737221,-7.938357,2.764532e+04,-3.076042e+04,3.312265e+05,9.986483e-01,3.579112e+04
642,3.589536e+04,-4.159243,-6.509867,-2.079023,1.736787e+05,2.718343e+05,8.681434e+04,1.005953e+00,3.610903e+04
643,3.600332e+04,-7.319225,-0.782806,3.133076,3.060902e+05,3.273699e+04,-1.310253e+05,1.005800e+00,3.621214e+04
644,3.602007e+04,-1.079294,-0.266235,7.922389,4.514663e+04,1.113653e+04,-3.313916e+05,0.000000e+00,0.000000e+00
645,3.628029e+04,6.255028,4.570530,-1.996217,-2.625897e+05,-1.918735e+05,8.380235e+04,1.006053e+00,3.649989e+04
646,3.635077e+04,-2.747277,-3.394205,-6.703122,1.154442e+05,1.426290e+05,2.816741e+05,0.000000e+00,0.000000e+00
647,3.657879e+04,-2.677951,-3.008121,6.912292,1.128835e+05,1.268011e+05,-2.913734e+05,9.730311e-01,3.559231e+04
648,3.661507e+04,-0.266607,-6.880449,-4.072879,1.124382e+04,2.901749e+05,1.717689e+05,1.005609e+00,3.682044e+04
649,3.662856e+04,-0.110140,-1.704059,-7.815629,4.645893e+03,7.187992e+04,3.296757e+05,4.482095e-01,1.641727e+04
650,3.669357e+04,6.739360,2.724299,3.340543,-2.845291e+05,-1.150172e+05,-1.410344e+05,1.005838e+00,3.690781e+04
651,3.672090e+04,2.656773,5.280354,5.390679,-1.122081e+05,-2.230143e+05,-2.276738e+05,1.005295e+00,3.691532e+04
652,3.688775e+04,-7.346177,-3.130486,0.483471,3.109679e+05,1.325153e+05,-2.046560e+04,1.006074e+00,3.711180e+04
653,3.695229e+04,-1.381566,-4.204998,-6.664028,5.853361e+04,1.781556e+05,2.823388e+05,6.945637e-03,2.566572e+02
654,3.695912e+04,1.759486,0.022496,7.804082,-7.455208e+04,-9.531863e+02,-3.306707e+05,1.001067e+00,3.699854e+04
655,3.699518e+04,0.690860,0.000027,-7.970114,-2.928707e+04,-1.152984e+00,3.378704e+05,1.000408e+00,3.701027e+04
656,3.701960e+04,-5.500195,-3.797598,4.396147,2.332421e+05,1.610415e+05,-1.864237e+05,1.005824e+00,3.723521e+04
657,3.718401e+04,1.734223,-4.950261,6.040479,-7.370484e+04,2.103872e+05,-2.567217e+05,1.005507e+00,3.738877e+04
658,3.720032e+04,-0.497503,4.723185,6.437703,2.114864e+04,-2.007804e+05,-2.736638e+05,1.005018e+00,3.738699e+04
659,3.722874e+04,-4.691389,-6.111407,-2.154432,1.995049e+05,2.598923e+05,9.161891e+04,1.005978e+00,3.745128e+04
660,3.744009e+04,-4.489911,2.142222,6.265109,1.914781e+05,-9.135789e+04,-2.671838e+05,1.004291e+00,3.760075e+04
661,3.745880e+04,6.864859,-2.066049,3.550374,-2.928340e+05,8.813137e+04,-1.514482e+05,1.005797e+00,3.767596e+04
662,3.751382e+04,3.415096,3.803569,6.153859,-1.457846e+05,-1.623678e+05,-2.626977e+05,1.005152e+00,3.770710e+04
663,3.758234e+04,4.386539,5.091894,-4.339457,-1.874248e+05,-2.175626e+05,1.854131e+05,1.005867e+00,3.780282e+04
664,3.785260e+04,-1.100243,-5.718235,5.485550,4.717906e+04,2.452014e+05,-2.352237e+05,1.005731e+00,3.806954e+04
665,3.796946e+04,4.633193,-0.082880,6.521246,-1.989806e+05,3.559434e+03,-2.800663e+05,1.005187e+00,3.816641e+04
666,3.804849e+04,0.850916,1.271160,7.852394,-3.658210e+04,-5.464897e+04,-3.375856e+05,9.918257e-01,3.773747e+04
667,3.806296e+04,-5.238543,-4.865222,3.589886,2.252552e+05,2.092026e+05,-1.543636e+05,1.005926e+00,3.828853e+04
668,3.811954e+04,-2.240516,2.756290,7.168190,9.641287e+04,-1.186074e+05,-3.084583e+05,9.985320e-01,3.806358e+04
669,3.812026e+04,-3.309338,-0.436856,-7.270312,1.424073e+05,1.879875e+04,3.128557e+05,8.971689e-01,3.420031e+04
670,3.814372e+04,3.260886,-0.978751,-7.239383,-1.403654e+05,4.213052e+04,3.116206e+05,1.005493e+00,3.835325e+04
671,3.819668e+04,1.039278,-0.684958,-7.902578,-4.476695e+04,2.950462e+04,3.404040e+05,9.975583e-01,3.810342e+04
672,3.826624e+04,5.969078,-4.232593,3.233460,-2.573524e+05,1.824851e+05,-1.394082e+05,1.005824e+00,3.848909e+04
673,3.837381e+04,6.815838,0.719712,4.126302,-2.942726e+05,-3.107346e+04,-1.781523e+05,1.005726e+00,3.859353e+04
674,3.847149e+04,-1.511248,-0.868564,-7.807799,6.533087e+04,3.754780e+04,3.375291e+05,1.559122e-01,5.998176e+03
675,3.859670e+04,1.442726,-1.491005,-7.726283,-6.247009e+04,6.456055e+04,3.345482e+05,9.970079e-01,3.848121e+04
676,3.880716e+04,2.027320,-2.629507,7.278438,-8.802202e+04,1.141677e+05,-3.160146e+05,1.005387e+00,3.901623e+04
677,3.881230e+04,4.555788,5.786545,-3.124210,-1.978159e+05,-2.512564e+05,1.356557e+05,1.005995e+00,3.904499e+04
678,3.891868e+04,5.027443,-5.591125,-2.732057,-2.185945e+05,2.431036e+05,1.187906e+05,1.005738e+00,3.914199e+04
679,3.894940e+04,-7.201576,-1.274268,3.242460,3.132499e+05,5.542736e+04,-1.410386e+05,1.005832e+00,3.917656e+04
680,3.905762e+04,-6.100921,-1.980071,4.781013,2.657427e+05,8.624754e+04,-2.082504e+05,1.005705e+00,3.928044e+04
681,3.914087e+04,-3.920103,-2.078241,6.656854,1.709329e+05,9.062001e+04,-2.902668e+05,9.855404e-01,3.857491e+04
682,3.918211e+04,1.056035,-7.836551,-1.213776,-4.607183e+04,3.418865e+05,5.295361e+04,1.005853e+00,3.941145e+04
683,3.920942e+04,5.339463,0.877034,-5.892448,-2.330268e+05,-3.827584e+04,2.571604e+05,1.005567e+00,3.942770e+04
684,3.936711e+04,-4.991844,0.471046,-6.233747,2.182935e+05,-2.059885e+04,2.726020e+05,1.005578e+00,3.958669e+04
685,3.941812e+04,3.390981,0.630005,-7.218334,-1.483838e+05,-2.756797e+04,3.158624e+05,1.005504e+00,3.963508e+04
686,3.950518e+04,-0.860416,-6.863247,4.019393,3.769196e+04,3.006559e+05,-1.760762e+05,1.005813e+00,3.973483e+04
687,3.955139e+04,0.285619,4.445762,-6.644819,-1.251932e+04,-1.948678e+05,2.912575e+05,1.005545e+00,3.977070e+04
688,3.955887e+04,3.687052,2.738668,6.550217,-1.616271e+05,-1.200534e+05,-2.871380e+05,1.005144e+00,3.976238e+04
689,3.964027e+04,0.535957,4.754994,6.411145,-2.351857e+04,-2.086562e+05,-2.813306e+05,1.005094e+00,3.984219e+04
690,3.968739e+04,0.432826,0.190778,-7.986004,-1.900434e+04,-8.376585e+03,3.506460e+05,1.000878e+00,3.972223e+04
691,3.968791e+04,-7.179501,-1.249320,3.300601,3.152365e+05,5.485496e+04,-1.449223e+05,1.005829e+00,3.991927e+04
692,3.978892e+04,-1.317924,7.797776,1.207377,5.794082e+04,-3.428190e+05,-5.308074e+04,1.005939e+00,4.002524e+04
693,3.994516e+04,-1.674095,0.039830,-7.822776,7.374375e+04,-1.754507e+03,3.445926e+05,9.351581e-01,3.735504e+04
694,4.001660e+04,-5.661295,2.007347,5.283966,2.496025e+05,-8.850252e+04,-2.329664e+05,1.005370e+00,4.023150e+04
695,4.013215e+04,1.913112,2.641281,-7.305042,-8.446946e+04,-1.166202e+05,3.225388e+05,1.005524e+00,4.035385e+04
696,4.019811e+04,1.864608,-0.786058,-7.739855,-8.239547e+04,3.473523e+04,3.420178e+05,1.004276e+00,4.036999e+04
697,4.022314e+04,4.020695,0.898948,6.857543,-1.777265e+05,-3.973615e+04,-3.031235e+05,1.005179e+00,4.043145e+04
698,4.039797e+04,-1.703532,7.739407,-1.095247,7.546456e+04,-3.428471e+05,4.851823e+04,1.006010e+00,4.064074e+04
699,4.054026e+04,0.794329,0.009842,7.960461,-3.524982e+04,-4.367368e+02,-3.532601e+05,9.380230e-01,3.802769e+04
700,4.084362e+04,-2.745236,-2.414588,7.115718,1.222799e+05,1.075519e+05,-3.169523e+05,8.584314e-01,3.506145e+04
701,4.109389e+04,-5.725301,-4.780819,2.892180,2.557997e+05,2.136013e+05,-1.292192e+05,1.005997e+00,4.134032e+04
702,4.112090e+04,-5.740653,1.750744,-5.289593,2.565699e+05,-7.824688e+04,2.364104e+05,1.005849e+00,4.136140e+04
703,4.113255e+04,1.657741,2.062713,7.549643,-7.410076e+04,-9.220293e+04,-3.374677e+05,1.004905e+00,4.133430e+04
704,4.116752e+04,3.158893,-0.634706,7.322469,-1.412620e+05,2.838329e+04,-3.274522e+05,1.005354e+00,4.138792e+04
705,4.128758e+04,1.835496,1.906931,-7.549475,-8.220082e+04,-8.539996e+04,3.380956e+05,1.005588e+00,4.151828e+04
706,4.138518e+04,-0.761893,-0.605930,7.940552,3.416090e+04,2.716800e+04,-3.560297e+05,0.000000e+00,0.000000e+00
707,4.161152e+04,0.431160,3.989886,6.920615,-1.938468e+04,-1.793826e+05,-3.111462e+05,1.005115e+00,4.182436e+04
708,4.181518e+04,7.265978,3.325579,0.382202,-3.274720e+05,-1.498813e+05,-1.722556e+04,1.006075e+00,4.206923e+04
709,4.183495e+04,-1.399352,-3.138920,7.224195,6.308262e+04,1.415021e+05,-3.256658e+05,9.692776e-01,4.054968e+04
710,4.186241e+04,4.428048,-2.913231,5.992118,-1.996814e+05,1.313712e+05,-2.702126e+05,1.005408e+00,4.208881e+04
711,4.199012e+04,0.039789,5.082799,6.177667,-1.797005e+03,-2.295565e+05,-2.790045e+05,1.005173e+00,4.220736e+04
712,4.201282e+04,-2.982972,-4.270218,6.071829,1.347576e+05,1.929097e+05,-2.742986e+05,1.005613e+00,4.224862e+04
713,4.203959e+04,0.166838,0.107879,7.997533,-7.539405e+03,-4.875043e+03,-3.614084e+05,5.818707e-01,2.446160e+04
714,4.211095e+04,4.263602,-5.037010,-4.522192,-1.928356e+05,2.278156e+05,2.045312e+05,1.005611e+00,4.234722e+04
715,4.226588e+04,-0.063599,1.320113,-7.890073,2.881755e+03,-5.981622e+04,3.575107e+05,1.005199e+00,4.248561e+04
716,4.230218e+04,-0.914785,4.593568,6.485546,4.146805e+04,-2.082306e+05,-2.939957e+05,1.005151e+00,4.252010e+04
717,4.244896e+04,6.137648,-4.349591,-2.722192,-2.787075e+05,1.975127e+05,1.236134e+05,1.005809e+00,4.269554e+04
718,4.257466e+04,0.231546,-0.435176,7.984799,-1.052996e+04,1.979034e+04,-3.631220e+05,5.374552e-01,2.288197e+04
719,4.269189e+04,5.569693,-4.588700,-3.452876,-2.536396e+05,2.089659e+05,1.572413e+05,1.005726e+00,4.293636e+04
720,4.280379e+04,1.552840,-1.741329,7.652219,-7.080778e+04,7.940266e+04,-3.489326e+05,1.002458e+00,4.290900e+04
721,4.288185e+04,5.139795,-6.112573,-0.467927,-2.345825e+05,2.789805e+05,2.135637e+04,1.005925e+00,4.313592e+04
722,4.294678e+04,-0.137403,0.012348,7.998810,6.275893e+03,-5.640031e+02,-3.653455e+05,4.704134e-02,2.020274e+03
723,4.301836e+04,3.957008,6.822503,-1.339977,-1.808868e+05,-3.118773e+05,6.125442e+04,1.006077e+00,4.327979e+04
724,4.313111e+04,6.535811,-1.015940,-4.500116,-2.991630e+05,4.650251e+04,2.059833e+05,1.005733e+00,4.337836e+04
725,4.368114e+04,-2.230312,-5.591532,5.268821,1.027367e+05,2.575674e+05,-2.427021e+05,1.005828e+00,4.393572e+04
726,4.387251e+04,-4.721447,2.561142,5.928616,2.179638e+05,-1.182342e+05,-2.736923e+05,1.005226e+00,4.410180e+04
727,4.394388e+04,-2.224594,1.195773,7.590870,1.027810e+05,-5.524730e+04,-3.507146e+05,4.115386e-01,1.808460e+04
728,4.403438e+04,-7.201486,3.347190,0.966915,3.330666e+05,-1.548065e+05,-4.471955e+04,1.005926e+00,4.429532e+04
729,4.408065e+04,-3.710417,-4.080643,-5.794925,1.716959e+05,1.888277e+05,2.681543e+05,9.491121e-01,4.183747e+04
730,4.411081e+04,-6.920095,3.658420,-1.651741,3.203300e+05,-1.693476e+05,7.645881e+04,1.005934e+00,4.437258e+04
731,4.424135e+04,-6.918725,3.107006,-2.545144,3.207401e+05,-1.440355e+05,1.179885e+05,1.005891e+00,4.450200e+04
732,4.425772e+04,-5.252211,0.826541,5.977550,2.435285e+05,-3.832411e+04,-2.771602e+05,1.004934e+00,4.447610e+04
733,4.429246e+04,-0.529672,-0.049435,-7.982293,2.456885e+04,2.293030e+03,3.702590e+05,9.784300e-01,4.333707e+04
734,4.444881e+04,-6.147856,3.106934,-4.068270,2.856714e+05,-1.443694e+05,1.890397e+05,1.005801e+00,4.470664e+04
735,4.464142e+04,1.653601,4.776806,-6.200623,-7.700392e+04,-2.224435e+05,2.887470e+05,1.005655e+00,4.489387e+04
736,4.465632e+04,1.201343,3.319967,7.178760,-5.595274e+04,-1.546280e+05,-3.343520e+05,1.005197e+00,4.488840e+04
737,4.493548e+04,-0.956789,-7.936749,0.304253,4.470168e+04,3.708091e+05,-1.421485e+04,1.005991e+00,4.520470e+04
738,4.499917e+04,0.065402,-0.702847,7.968797,-3.057789e+03,3.286065e+04,-3.725702e+05,3.038354e-01,1.367234e+04
739,4.514634e+04,-1.493109,-2.253832,7.529334,6.992234e+04,1.055470e+05,-3.525988e+05,3.406312e-01,1.537825e+04
740,4.519519e+04,1.389254,-7.753087,1.399861,-6.509397e+04,3.632736e+05,-6.559096e+04,1.005965e+00,4.546477e+04
741,4.542947e+04,4.336162,6.306996,-2.327982,-2.036983e+05,-2.962814e+05,1.093608e+05,1.006051e+00,4.570436e+04
742,4.559418e+04,3.861822,-6.535182,-2.525417,-1.817440e+05,3.075569e+05,1.188505e+05,1.005787e+00,4.585801e+04
743,4.563669e+04,2.491180,7.596111,0.305162,-1.172938e+05,-3.576526e+05,-1.436812e+04,1.006053e+00,4.591295e+04
744,4.569239e+04,-2.363917,-7.302727,2.254347,1.113697e+05,3.440488e+05,-1.062076e+05,1.006010e+00,4.596700e+04
745,4.571606e+04,3.388241,-2.442524,6.823042,-1.596694e+05,1.151029e+05,-3.215330e+05,1.005457e+00,4.596553e+04
746,4.578791e+04,6.981265,-3.618699,-1.472057,-3.292476e+05,1.706636e+05,6.942453e+04,1.005943e+00,4.606004e+04
747,4.584996e+04,-7.928659,0.684793,-0.816965,3.741815e+05,-3.231779e+04,3.855547e+04,1.005992e+00,4.612470e+04
748,4.586182e+04,-3.176131,-2.114947,7.031301,1.499122e+05,9.982474e+04,-3.318749e+05,9.010679e-01,4.132462e+04
749,4.602227e+04,-1.504437,-7.511631,2.304792,7.113297e+04,3.551659e+05,-1.089755e+05,1.005991e+00,4.629797e+04
750,4.603762e+04,1.462759,0.101365,7.864481,-6.917389e+04,-4.793559e+03,-3.719114e+05,9.991075e-01,4.599653e+04
751,4.606979e+04,5.434237,-0.786798,5.818076,-2.570750e+05,3.722071e+04,-2.752331e+05,1.005473e+00,4.632193e+04
752,4.610826e+04,-2.755521,3.263472,-6.764382,1.304086e+05,-1.544480e+05,3.201331e+05,1.005761e+00,4.637388e+04
753,4.611555e+04,-2.737909,6.370412,3.990201,1.295853e+05,-3.015118e+05,-1.888563e+05,1.005596e+00,4.637362e+04
754,4.613204e+04,-4.473751,-5.816829,3.185915,2.117806e+05,2.753599e+05,-1.508164e+05,1.005988e+00,4.640826e+04
755,4.621106e+04,0.666813,0.957767,7.914420,-3.159295e+04,-4.537807e+04,-3.749774e+05,9.808017e-01,4.532389e+04
756,4.623790e+04,-6.091620,-4.902684,-1.689929,2.886987e+05,2.323518e+05,8.009043e+04,1.006041e+00,4.651723e+04
757,4.629262e+04,-6.331829,3.651686,-3.251635,3.002604e+05,-1.731659e+05,1.541951e+05,1.005857e+00,4.656376e+04
758,4.650235e+04,-1.848536,-5.264899,5.732691,8.785743e+04,2.502307e+05,-2.724640e+05,1.005853e+00,4.677451e+04
759,4.664304e+04,3.511891,-6.256419,-3.538905,-1.671658e+05,2.978052e+05,1.684517e+05,1.005719e+00,4.690979e+04
760,4.671222e+04,-0.891912,-6.890250,3.965974,4.248646e+04,3.282187e+05,-1.889201e+05,1.005860e+00,4.698594e+04
761,4.672295e+04,7.484298,-1.669388,-2.280006,-3.565572e+05,7.953083e+04,1.086211e+05,1.005945e+00,4.700073e+04
762,4.676677e+04,7.774422,1.321852,-1.345761,-3.705526e+05,-6.300350e+04,6.414305e+04,1.006047e+00,4.704958e+04
763,4.730637e+04,-1.999181,7.745923,0.062891,9.583518e+04,-3.713180e+05,-3.014841e+03,1.006005e+00,4.759043e+04
764,4.742869e+04,-0.059389,0.174565,7.997875,2.850609e+03,-8.378959e+03,-3.838913e+05,3.748918e-01,1.778063e+04
765,4.765410e+04,0.162501,-7.798094,1.778572,-7.818428e+03,3.751903e+05,-8.557260e+04,1.005981e+00,4.793913e+04
766,4.788415e+04,7.907071,0.280548,1.183012,-3.813507e+05,-1.353059e+04,-5.705555e+04,1.006039e+00,4.817331e+04
767,4.800207e+04,-6.352496,2.555699,-4.136931,3.067520e+05,-1.234107e+05,1.997659e+05,1.005829e+00,4.828188e+04
768,4.802553e+04,-7.258818,-2.459342,2.293729,3.506026e+05,1.187868e+05,-1.107876e+05,1.005999e+00,4.831362e+04
769,4.804935e+04,-6.394640,0.174462,4.803971,3.089391e+05,-8.428659e+03,-2.320904e+05,1.005664e+00,4.832151e+04
770,4.821896e+04,4.538842,-5.245081,3.985981,-2.196681e+05,2.538482e+05,-1.929111e+05,1.005792e+00,4.849824e+04
771,4.824328e+04,1.811049,-2.020589,7.525777,-8.767218e+04,9.781592e+04,-3.643198e+05,1.004965e+00,4.848282e+04
772,4.826451e+04,3.155093,0.288102,-7.345909,-1.527704e+05,-1.394997e+04,3.556908e+05,1.005642e+00,4.853681e+04
773,4.835521e+04,1.866130,1.241011,-7.679678,-9.044335e+04,-6.014652e+04,3.722011e+05,1.005698e+00,4.863076e+04
774,4.839876e+04,0.179804,-3.641841,-7.120721,-8.718245e+03,1.765839e+05,3.452662e+05,8.246081e-01,3.991001e+04
775,4.841220e+04,7.084903,-0.202240,3.709885,-3.435772e+05,9.807504e+03,-1.799082e+05,1.005854e+00,4.869560e+04
776,4.880331e+04,0.937998,7.848100,-1.235912,-4.567090e+04,-3.821222e+05,6.017627e+04,1.006054e+00,4.909877e+04
777,4.882697e+04,3.959127,2.489606,6.490545,-1.928157e+05,-1.212477e+05,-3.160997e+05,1.005338e+00,4.908761e+04
778,4.890699e+04,7.232046,-3.417607,0.132186,-3.525005e+05,1.665792e+05,-6.442926e+03,1.006007e+00,4.920076e+04
779,4.890953e+04,-3.615526,4.223515,-5.752382,1.762306e+05,-2.058656e+05,2.803868e+05,1.005723e+00,4.918946e+04
780,4.902640e+04,-3.327010,-7.134884,1.422827,1.623612e+05,3.481889e+05,-6.943528e+04,1.006056e+00,4.932329e+04
781,4.907418e+04,-5.813878,-2.002822,-5.117375,2.838608e+05,9.778718e+04,2.498543e+05,1.005747e+00,4.935619e+04
782,4.916008e+04,-1.559809,-4.758945,-6.238545,7.622382e+04,2.325573e+05,3.048615e+05,8.686630e-01,4.270354e+04
783,4.945191e+04,3.090406,-3.804326,-6.322697,-1.514677e+05,1.864585e+05,3.098896e+05,1.005624e+00,4.973005e+04
784,4.960164e+04,-7.765726,1.918165,-0.118889,3.811915e+05,-9.415581e+04,5.835826e+03,1.005989e+00,4.989868e+04
785,4.960688e+04,-0.425242,-0.031392,7.988628,2.087468e+04,1.540996e+03,-3.921536e+05,0.000000e+00,0.000000e+00
786,5.028092e+04,-1.442460,0.635675,-7.843164,7.128835e+04,-3.141593e+04,3.876198e+05,9.978857e-01,5.017461e+04
787,5.041208e+04,1.445826,-7.866971,0.142692,-7.154780e+04,3.893031e+05,-7.061222e+03,1.005963e+00,5.071271e+04
788,5.045337e+04,1.203249,0.665050,-7.880983,-5.956810e+04,-3.292397e+04,3.901563e+05,1.005546e+00,5.073319e+04
789,5.048647e+04,-2.094321,-7.717613,-0.228614,1.037156e+05,3.821937e+05,1.132151e+04,1.006009e+00,5.078983e+04
790,5.058581e+04,6.430326,3.484271,3.242030,-3.187575e+05,-1.727187e+05,-1.607106e+05,1.005914e+00,5.088497e+04
791,5.078456e+04,-2.887625,2.992615,6.834169,1.434233e+05,-1.486380e+05,-3.394413e+05,1.004317e+00,5.100377e+04
792,5.096377e+04,0.927687,0.638810,-7.920310,-4.615784e+04,-3.178451e+04,3.940815e+05,1.005364e+00,5.123711e+04
793,5.096530e+04,-5.765204,4.826063,-2.733412,2.868567e+05,-2.401283e+05,1.360052e+05,1.005914e+00,5.126669e+04
794,5.114246e+04,2.575112,7.486495,1.149434,-1.283512e+05,-3.731491e+05,-5.729122e+04,1.006026e+00,5.145064e+04
795,5.133129e+04,-3.645553,4.029262,-5.871541,1.820403e+05,-2.012008e+05,2.931948e+05,1.005743e+00,5.162608e+04
796,5.139143e+04,5.388715,3.789608,-4.538791,-2.692425e+05,-1.893445e+05,2.267768e+05,1.005894e+00,5.169434e+04
797,5.173530e+04,0.779790,4.147640,6.796250,-3.909167e+04,-2.079254e+05,-3.407029e+05,1.005323e+00,5.201069e+04
798,5.177392e+04,2.096209,-5.179913,5.724893,-1.051243e+05,2.597712e+05,-2.871018e+05,1.005652e+00,5.206654e+04
799,5.180958e+04,-5.383832,-2.444197,5.388901,2.700907e+05,1.226180e+05,-2.703450e+05,1.005774e+00,5.210871e+04
800,5.200536e+04,-1.249663,0.436870,7.889708,6.281017e+04,-2.195782e+04,-3.965501e+05,0.000000e+00,0.000000e+00
801,5.215377e+04,6.284308,-3.783042,-3.193128,-3.163103e+05,1.904132e+05,1.607209e+05,1.005838e+00,5.245822e+04
802,5.240303e+04,7.084293,-1.086125,3.554311,-3.574273e+05,5.479883e+04,-1.793274e+05,1.005885e+00,5.271142e+04
803,5.251346e+04,0.562493,-0.796216,-7.940380,-2.840962e+04,4.021418e+04,4.010419e+05,9.918502e-01,5.208549e+04
804,5.257537e+04,2.030655,-2.509548,-7.319741,-1.026220e+05,1.268235e+05,3.699133e+05,1.003906e+00,5.278074e+04
805,5.264965e+04,7.160533,0.297589,3.555026,-3.621231e+05,-1.504971e+04,-1.797850e+05,1.005891e+00,5.295981e+04
806,5.281015e+04,-4.025860,-4.121142,-5.550553,2.039062e+05,2.087321e+05,2.811305e+05,9.911038e-01,5.234034e+04
807,5.282372e+04,-0.351965,7.983689,0.369910,1.782898e+04,-4.044186e+05,-1.873803e+04,1.006025e+00,5.314196e+04
808,5.285998e+04,4.984483,6.253958,0.207231,-2.525787e+05,-3.169067e+05,-1.050102e+04,1.006079e+00,5.318133e+04
809,5.336246e+04,-0.226565,0.770365,-7.959598,1.153517e+04,-3.922179e+04,4.052492e+05,1.004096e+00,5.358101e+04
810,5.352053e+04,-5.564436,-2.692871,-5.077942,2.837229e+05,1.373058e+05,2.589173e+05,1.005468e+00,5.381317e+04
811,5.357613e+04,0.940019,-5.900099,-5.320262,-4.795515e+04,3.009942e+05,2.714137e+05,1.005517e+00,5.387171e+04
812,5.369348e+04,-3.751171,2.353211,-6.662666,1.915758e+05,-1.201807e+05,3.402686e+05,1.005923e+00,5.401153e+04
813,5.381047e+04,-7.612087,-1.175685,-2.161921,3.891797e+05,6.010869e+04,1.105316e+05,1.005996e+00,5.413311e+04
814,5.389496e+04,-0.518529,-6.002274,5.263443,2.653140e+04,3.071164e+05,-2.693128e+05,1.005802e+00,5.420764e+04
815,5.418129e+04,-0.423265,-7.770376,1.855291,2.171453e+04,3.986390e+05,-9.518087e+04,1.006001e+00,5.450644e+04
816,5.442792e+04,1.562257,-2.313419,7.497162,-8.032975e+04,1.189538e+05,-3.854968e+05,1.005023e+00,5.470132e+04
817,5.462686e+04,-2.512056,-5.761338,4.949400,1.294033e+05,2.967834e+05,-2.549580e+05,1.005884e+00,5.494827e+04
818,5.466960e+04,0.036715,6.990961,-3.889102,-1.892034e+03,-3.602657e+05,2.004173e+05,1.005943e+00,5.499450e+04
819,5.475146e+04,7.930544,0.952118,0.447145,-4.089912e+05,-4.910231e+04,-2.306002e+04,1.006064e+00,5.508345e+04
820,5.503038e+04,5.404426,5.407015,2.357195,-2.794241e+05,-2.795580e+05,-1.218737e+05,1.005990e+00,5.536002e+04
821,5.511803e+04,-6.886180,0.772196,3.998029,3.563184e+05,-3.995648e+04,-2.068740e+05,1.005768e+00,5.543596e+04
822,5.533936e+04,7.236702,2.356289,2.465370,-3.752069e+05,-1.221684e+05,-1.278239e+05,1.005994e+00,5.567110e+04
823,5.533961e+04,-6.030101,-4.945217,1.784014,3.126480e+05,2.563991e+05,-9.249739e+04,1.006074e+00,5.567577e+04
824,5.561472e+04,-2.201175,1.089791,7.613618,1.144096e+05,-5.664366e+04,-3.957300e+05,4.143554e-01,2.304426e+04
825,5.562002e+04,-7.724321,1.172699,-1.720362,4.015031e+05,-6.095580e+04,8.942284e+04,1.005977e+00,5.595247e+04
826,5.570283e+04,6.489692,3.643198,2.934453,-3.375793e+05,-1.895110e+05,-1.526437e+05,1.005957e+00,5.603467e+04
827,5.594795e+04,-3.001303,-3.452145,6.563145,1.564642e+05,1.799675e+05,-3.421505e+05,1.003673e+00,5.615344e+04
828,5.597637e+04,7.136149,2.807490,-2.278897,-3.721169e+05,-1.463975e+05,1.188338e+05,1.006040e+00,5.631447e+04
829,5.639512e+04,3.303101,-2.886707,-6.690026,-1.728844e+05,1.510903e+05,3.501560e+05,1.005708e+00,5.671704e+04
830,5.657576e+04,0.978300,-3.332329,7.206838,-5.128616e+04,1.746932e+05,-3.778096e+05,1.005526e+00,5.688837e+04
831,5.681656e+04,1.422169,6.471111,4.483543,-7.471398e+04,-3.399612e+05,-2.355439e+05,1.005694e+00,5.714010e+04
832,5.698889e+04,-0.573731,-0.467079,-7.965718,3.018673e+04,2.457531e+04,4.191149e+05,9.552526e-01,5.443879e+04
833,5.725481e+04,4.119839,-3.587564,-5.844340,-2.172698e+05,1.891989e+05,3.082155e+05,1.005710e+00,5.758175e+04
834,5.731120e+04,1.397869,7.600542,2.068266,-7.375631e+04,-4.010305e+05,-1.091288e+05,1.005966e+00,5.765311e+04
835,5.760332e+04,6.245503,4.766483,1.508089,-3.303727e+05,-2.521360e+05,-7.977444e+04,1.006047e+00,5.795163e+04
836,5.792736e+04,1.025176,-5.097609,-6.079753,-5.438176e+04,2.704092e+05,3.225083e+05,1.004368e+00,5.818038e+04
837,5.794471e+04,4.180650,1.273530,-6.700768,-2.218011e+05,-6.756615e+04,3.555040e+05,1.005683e+00,5.827399e+04
838,5.801427e+04,-1.747119,-0.711607,7.774393,9.274767e+04,3.777643e+04,-4.127119e+05,7.043996e-01,4.086523e+04
839,5.822936e+04,-0.860420,7.707098,-1.964768,4.576090e+04,-4.098972e+05,1.044950e+05,1.006029e+00,5.858045e+04
840,5.832608e+04,-1.331389,-1.612561,-7.721855,7.086789e+04,8.583425e+04,4.110230e+05,0.000000e+00,0.000000e+00
841,5.835712e+04,0.611081,-7.972861,-0.245074,-3.253559e+04,4.244966e+05,1.304841e+04,1.005977e+00,5.870592e+04
842,5.850296e+04,4.914511,-1.389126,-6.157752,-2.619886e+05,7.405315e+04,3.282647e+05,1.005692e+00,5.883597e+04
843,5.856400e+04,7.557065,-2.246277,-1.358309,-4.030710e+05,1.198096e+05,7.244809e+04,1.006004e+00,5.891564e+04
844,5.859308e+04,6.516353,-4.093157,2.187054,-3.476489e+05,2.183708e+05,-1.166798e+05,1.005979e+00,5.894339e+04
845,5.883927e+04,-5.706551,1.661977,-5.354728,3.050847e+05,-8.885292e+04,2.862755e+05,1.005927e+00,5.918800e+04
846,5.890619e+04,1.919799,-7.174193,-2.974110,-1.026950e+05,3.837661e+05,1.590928e+05,1.005839e+00,5.925012e+04
847,5.902581e+04,-6.366553,-2.071606,-4.378978,3.409090e+05,1.109280e+05,2.344805e+05,1.006061e+00,5.938354e+04
848,5.905754e+04,-0.032058,-7.628383,-2.409719,1.717046e+03,4.085857e+05,1.290676e+05,1.005897e+00,5.940579e+04
849,5.905843e+04,2.214957,-4.353492,6.335698,-1.186368e+05,2.331802e+05,-3.393505e+05,1.005688e+00,5.939437e+04
850,5.930699e+04,5.325157,-3.825582,4.583407,-2.858238e+05,2.053352e+05,-2.460110e+05,1.005784e+00,5.965004e+04
851,5.959242e+04,-3.685635,7.046850,0.870628,1.982992e+05,-3.791435e+05,-4.684265e+04,1.005978e+00,5.994864e+04
852,5.969805e+04,2.714332,3.314299,-6.756317,-1.461693e+05,-1.784781e+05,3.638339e+05,1.005710e+00,6.003892e+04
853,5.979279e+04,-0.531928,3.103644,-7.354213,2.866754e+04,-1.672666e+05,3.963452e+05,1.005793e+00,6.013915e+04
854,5.986280e+04,1.293026,-5.211853,5.929981,-6.972664e+04,2.810501e+05,-3.197753e+05,1.005743e+00,6.020659e+04
855,6.028518e+04,-1.797053,-0.834807,-7.750722,9.724768e+04,4.517568e+04,4.194310e+05,5.080607e-01,3.062853e+04
856,6.037461e+04,4.358204,-0.593574,-6.682344,-2.360195e+05,3.214514e+04,3.618837e+05,1.005700e+00,6.071874e+04
857,6.055200e+04,1.457057,-1.668530,-7.687197,-7.902305e+04,9.049224e+04,4.169128e+05,1.001852e+00,6.066416e+04
858,6.055456e+04,-2.780600,-2.956795,-6.893884,1.508082e+05,1.603643e+05,3.738957e+05,0.000000e+00,0.000000e+00
859,6.072320e+04,-4.668046,-2.048177,-6.165575,2.535278e+05,1.112392e+05,3.348605e+05,9.930039e-01,6.029838e+04
860,6.083331e+04,-7.247510,-1.191298,-3.170868,3.939786e+05,6.475962e+04,1.723701e+05,1.005994e+00,6.119794e+04
861,6.174397e+04,7.094463,2.980255,2.187847,-3.885347e+05,-1.632164e+05,-1.198194e+05,1.006020e+00,6.211567e+04
862,6.180019e+04,-3.600871,-6.257593,3.446194,1.972948e+05,3.428588e+05,-1.888198e+05,1.005990e+00,6.217038e+04
863,6.181837e+04,-7.362591,-0.440431,-3.098109,4.034619e+05,2.413513e+04,1.697730e+05,1.005975e+00,6.218776e+04
864,6.212057e+04,7.431390,-2.427426,1.697657,-4.082262e+05,1.333450e+05,-9.325683e+04,1.006016e+00,6.249429e+04
865,6.224953e+04,5.980407,1.868719,-4.974195,-3.288606e+05,-1.027602e+05,2.735294e+05,1.005862e+00,6.261444e+04
866,6.294573e+04,3.281968,3.691430,-6.293014,-1.814808e+05,-2.041225e+05,3.479805e+05,1.005768e+00,6.330882e+04
867,6.298335e+04,-4.710427,1.459693,6.299300,2.605471e+05,-8.073977e+04,-3.484321e+05,1.005045e+00,6.330110e+04
868,6.320680e+04,-4.455863,1.254207,-6.524741,2.469032e+05,-6.949668e+04,3.615416e+05,1.005991e+00,6.358545e+04
869,6.349513e+04,0.092800,0.153416,-7.997990,-5.153834e+03,-8.520264e+03,4.441853e+05,1.002464e+00,6.365155e+04
870,6.374099e+04,-5.390110,4.513937,3.817209,2.999301e+05,-2.511759e+05,-2.124068e+05,1.005743e+00,6.410708e+04
871,6.385261e+04,1.142725,4.277180,-6.663326,-6.364206e+04,-2.382099e+05,3.711021e+05,1.005746e+00,6.421953e+04
872,6.392985e+04,-5.722307,2.443302,5.028467,3.188864e+05,-1.361576e+05,-2.802209e+05,1.005674e+00,6.429259e+04
873,6.434140e+04,-5.233838,6.041689,-0.323940,2.926029e+05,-3.377666e+05,1.811018e+04,1.006002e+00,6.472761e+04
874,6.435094e+04,-2.081667,3.313305,-6.977727,1.163863e+05,-1.852473e+05,3.901256e+05,1.005839e+00,6.472671e+04
875,6.449121e+04,-7.301300,-1.639806,2.828791,4.086613e+05,9.178162e+04,-1.583304e+05,1.005972e+00,6.487638e+04
876,6.510087e+04,2.357701,1.365433,7.521758,-1.325852e+05,-7.678509e+04,-4.229858e+05,1.005575e+00,6.546381e+04
877,6.594647e+04,-0.883956,7.818713,-1.444417,5.003106e+04,-4.425314e+05,8.175258e+04,1.006044e+00,6.634507e+04
878,6.598404e+04,1.980653,-1.441311,-7.615749,-1.121349e+05,8.160002e+04,4.311666e+05,1.005124e+00,6.632216e+04
879,6.603584e+04,0.294783,4.448320,-6.642707,-1.669574e+04,-2.519410e+05,3.762253e+05,1.005761e+00,6.641625e+04
880,6.608552e+04,3.825089,-6.816435,1.704378,-2.167243e+05,3.862100e+05,-9.656776e+04,1.005990e+00,6.648134e+04
881,6.616249e+04,-0.313833,-5.066367,6.183319,1.779170e+04,2.872206e+05,-3.505424e+05,1.005889e+00,6.655213e+04
882,6.647323e+04,-2.743683,-1.697554,-7.320554,1.559087e+05,9.646285e+04,4.159876e+05,0.000000e+00,0.000000e+00
883,6.707106e+04,-3.261378,-7.185931,1.313700,1.861580e+05,4.101698e+05,-7.498540e+04,1.006064e+00,6.747779e+04
884,6.710867e+04,3.334893,7.062548,-1.731734,-1.904076e+05,-4.032402e+05,9.887432e+04,1.006072e+00,6.751618e+04
885,6.718650e+04,-7.375087,2.973741,0.874621,4.213288e+05,-1.698859e+05,-4.996595e+04,1.005987e+00,6.758877e+04
886,6.723051e+04,-6.210540,3.127030,3.956119,3.549160e+05,-1.787016e+05,-2.260818e+05,1.005768e+00,6.761832e+04
887,6.734515e+04,2.828045,-1.660736,7.296856,-1.617531e+05,9.498761e+04,-4.173515e+05,1.005722e+00,6.773047e+04
888,6.739871e+04,0.717601,0.937593,-7.912393,-4.106025e+04,-5.364793e+04,4.527377e+05,1.005754e+00,6.778651e+04
889,6.767809e+04,-1.427774,1.279351,-7.766899,8.186466e+04,-7.335453e+04,4.453329e+05,1.005286e+00,6.803582e+04
890,6.768719e+04,-0.988385,-7.825016,-1.338739,5.667515e+04,4.486953e+05,7.676481e+04,1.005976e+00,6.809171e+04
891,6.771791e+04,3.034782,-3.391063,6.579574,-1.740573e+05,1.944915e+05,-3.773658e+05,1.005687e+00,6.810299e+04
892,6.797575e+04,3.451916,-3.888005,6.080106,-1.983583e+05,2.234173e+05,-3.493826e+05,1.005685e+00,6.836220e+04
893,6.805108e+04,6.887779,-3.895812,-1.175223,-3.960133e+05,2.239900e+05,6.756952e+04,1.005996e+00,6.845914e+04
894,6.862447e+04,-0.921390,4.687668,-6.416916,5.319809e+04,-2.706509e+05,3.704921e+05,1.005786e+00,6.902152e+04
895,6.881316e+04,-1.335743,4.918768,6.166159,7.722745e+04,-2.843840e+05,-3.565033e+05,1.005543e+00,6.919457e+04
896,6.909450e+04,0.799296,-0.362968,7.951690,-4.630655e+04,2.102827e+04,-4.606746e+05,9.778052e-01,6.756096e+04
897,6.948886e+04,-7.445226,-1.610497,-2.444362,4.325622e+05,9.356870e+04,1.420157e+05,1.006017e+00,6.990696e+04
898,6.965985e+04,-7.654769,1.812833,-1.455388,4.452833e+05,-1.054538e+05,8.466093e+04,1.006001e+00,7.007785e+04
899,6.969184e+04,1.156105,-7.804990,1.321196,-6.726687e+04,4.541260e+05,-7.687255e+04,1.006010e+00,7.011070e+04
900,6.978992e+04,-5.823887,-2.612020,4.822830,3.390958e+05,1.520848e+05,-2.808092e+05,1.005913e+00,7.020260e+04
901,7.035519e+04,7.411279,2.881175,-0.878504,-4.332657e+05,-1.684344e+05,5.135759e+04,1.006079e+00,7.078288e+04
902,7.047593e+04,4.176698,-6.697554,-1.303062,-2.443805e+05,3.918769e+05,7.624275e+04,1.005952e+00,7.089541e+04
903,7.060148e+04,-0.329337,2.846394,-7.469242,1.928683e+04,-1.666921e+05,4.374179e+05,1.005854e+00,7.101476e+04
904,7.116599e+04,3.595196,-6.695070,-2.500120,-2.113839e+05,3.936447e+05,1.469976e+05,1.005896e+00,7.158559e+04
905,7.223995e+04,5.923141,-5.374723,-0.169575,-3.508761e+05,3.183889e+05,1.004532e+04,1.006006e+00,7.267384e+04
906,7.266443e+04,-0.920875,5.197907,-6.011136,5.471102e+04,-3.088179e+05,3.571335e+05,1.005823e+00,7.308755e+04
907,7.294421e+04,3.197825,6.404222,3.572094,-1.903545e+05,-3.812193e+05,-2.126333e+05,1.005904e+00,7.337490e+04
908,7.374634e+04,-0.038198,-0.113627,-7.999102,2.286246e+03,6.800849e+03,4.787673e+05,1.000241e+00,7.376413e+04
909,7.383502e+04,-2.617776,-1.961390,7.300699,1.567750e+05,1.174649e+05,-4.372287e+05,7.304037e-01,5.392938e+04
910,7.426801e+04,-3.813943,3.287899,6.216394,2.290805e+05,-1.974842e+05,-3.733812e+05,1.005612e+00,7.468480e+04
911,7.438236e+04,3.398137,-0.223927,7.238958,-2.042627e+05,1.346027e+04,-4.351351e+05,1.005660e+00,7.480334e+04
912,7.458594e+04,1.426016,-3.072594,-7.247458,-8.583531e+04,1.849468e+05,4.362417e+05,1.001622e+00,7.470693e+04
913,7.570615e+04,5.720865,-3.721519,4.173967,-3.469288e+05,2.256830e+05,-2.531207e+05,1.005887e+00,7.615184e+04
914,7.577846e+04,4.187151,0.148920,6.815100,-2.540415e+05,-9.035235e+03,-4.134835e+05,1.005617e+00,7.620410e+04
915,7.578234e+04,6.697179,1.617388,-4.065938,-4.063394e+05,-9.813214e+04,2.466935e+05,1.005959e+00,7.623393e+04
916,7.601087e+04,-0.071470,-0.211882,-7.996874,4.342855e+03,1.287490e+04,4.859271e+05,9.988782e-01,7.592560e+04
917,7.638664e+04,-1.105427,3.174460,-7.259534,6.733669e+04,-1.933711e+05,4.422120e+05,1.005870e+00,7.683501e+04
918,7.778123e+04,6.856843,4.035406,0.836180,-4.214778e+05,-2.480491e+05,-5.139846e+04,1.006075e+00,7.825373e+04
919,7.844828e+04,7.923827,-1.099786,0.058575,-4.891474e+05,6.789114e+04,-3.615889e+03,1.006058e+00,7.892349e+04
920,7.925680e+04,-3.543782,-6.747975,2.430319,2.198864e+05,4.187017e+05,-1.507976e+05,1.006050e+00,7.973633e+04
921,7.928372e+04,1.725031,-0.633455,7.786077,-1.070538e+05,3.931159e+04,-4.831965e+05,1.004832e+00,7.966684e+04
922,7.946002e+04,2.913169,4.216524,-6.142831,-1.809894e+05,-2.619642e+05,3.816418e+05,1.005848e+00,7.992473e+04
923,8.051292e+04,-5.305513,-1.184239,5.869336,3.317976e+05,7.406025e+04,-3.670581e+05,1.005718e+00,8.097327e+04
924,8.056110e+04,7.312429,3.244658,-0.024033,-4.574434e+05,-2.029760e+05,1.503433e+03,1.006083e+00,8.105117e+04
925,8.069430e+04,7.588178,2.177537,1.295331,-4.750857e+05,-1.363327e+05,-8.109896e+04,1.006063e+00,8.118353e+04
926,8.096771e+04,3.288567,6.743666,-2.776381,-2.062413e+05,-4.229266e+05,1.741198e+05,1.006052e+00,8.145772e+04
927,8.112608e+04,-6.838259,-0.995984,-4.030661,4.292782e+05,6.252383e+04,2.530286e+05,1.006028e+00,8.161513e+04
928,8.141141e+04,-6.206115,-1.498059,-4.820784,3.902793e+05,9.420731e+04,3.031610e+05,1.006078e+00,8.190621e+04
929,8.160051e+04,1.746589,-1.575339,-7.646420,-1.099639e+05,9.918213e+04,4.814128e+05,1.004954e+00,8.200476e+04
930,8.185482e+04,-1.160213,1.738204,-7.722212,7.315987e+04,-1.096064e+05,4.869416e+05,1.005920e+00,8.233937e+04
931,8.236584e+04,-0.134225,-0.040660,-7.998771,8.490225e+03,2.571878e+03,5.059526e+05,1.001463e+00,8.248630e+04
932,8.307255e+04,0.409996,-6.452527,4.711347,-2.604482e+04,4.098941e+05,-2.992864e+05,1.005897e+00,8.356245e+04
933,8.315583e+04,2.955294,-3.966040,6.287827,-1.878279e+05,2.520673e+05,-3.996317e+05,1.005765e+00,8.363526e+04
934,8.331634e+04,1.166721,-0.467746,-7.900631,-7.422416e+04,2.975694e+04,5.026202e+05,1.005070e+00,8.373872e+04
935,8.377246e+04,3.999754,5.887175,-3.652826,-2.551508e+05,-3.755525e+05,2.330197e+05,1.006023e+00,8.427701e+04
936,8.380013e+04,-5.793274,1.854392,-5.196076,3.696234e+05,-1.183142e+05,3.315209e+05,1.005956e+00,8.429921e+04
937,8.451599e+04,-0.896521,7.920529,0.679316,5.744379e+04,-5.075008e+05,-4.352655e+04,1.006036e+00,8.502616e+04
938,8.510258e+04,0.624413,-1.100275,-7.899336,-4.014727e+04,7.074333e+04,5.078962e+05,9.981605e-01,8.494604e+04
939,8.560223e+04,-6.588862,-3.974781,-2.188153,4.248797e+05,2.563119e+05,1.411020e+05,1.006056e+00,8.612064e+04
940,8.578159e+04,5.231027,4.168027,-4.389068,-3.376735e+05,-2.690547e+05,2.833234e+05,1.005982e+00,8.629477e+04
941,8.584509e+04,-0.018568,-3.413899,-7.234981,1.199036e+03,2.204558e+05,4.672058e+05,8.466441e-01,7.268024e+04
942,8.640065e+04,-0.466768,-6.079640,5.178813,3.023937e+04,3.938668e+05,-3.355072e+05,1.005905e+00,8.691082e+04
943,8.663081e+04,-0.335774,0.459914,7.979708,2.178192e+04,-2.983498e+04,-5.176500e+05,6.588869e-01,5.707990e+04
944,8.678693e+04,-6.811782,0.545745,4.159542,4.422837e+05,-3.543478e+04,-2.700759e+05,1.005885e+00,8.729768e+04
945,8.707510e+04,-5.284230,5.714011,-1.851214,3.436701e+05,-3.716217e+05,1.203973e+05,1.006013e+00,8.759866e+04
946,8.718812e+04,3.018501,-7.062624,2.237854,-1.964414e+05,4.596294e+05,-1.456376e+05,1.006004e+00,8.771158e+04
947,8.734829e+04,-0.284959,7.007622,-3.848639,1.856191e+04,-4.564687e+05,2.506961e+05,1.005995e+00,8.787199e+04
948,8.764419e+04,7.225709,3.381602,0.594893,-4.714711e+05,-2.206465e+05,-3.881625e+04,1.006079e+00,8.817696e+04
949,8.834101e+04,4.212631,-5.868997,3.436366,-2.759610e+05,3.844662e+05,-2.251094e+05,1.005957e+00,8.886729e+04
950,8.909078e+04,-6.413024,4.153991,-2.370124,4.218833e+05,-2.732719e+05,1.559195e+05,1.005994e+00,8.962479e+04
951,8.923163e+04,1.084629,-1.112571,7.847660,-7.140914e+04,7.324877e+04,-5.166693e+05,1.000546e+00,8.928033e+04
952,8.953007e+04,2.938746,3.706073,-6.452038,-1.938026e+05,-2.444058e+05,4.254950e+05,1.005853e+00,9.005406e+04
953,8.954132e+04,3.300143,6.801226,-2.617706,-2.176495e+05,-4.485512e+05,1.726417e+05,1.006059e+00,9.008389e+04
954,8.979723e+04,1.147795,0.802772,7.876428,-7.580692e+04,-5.301963e+04,-5.202042e+05,1.003694e+00,9.012893e+04
955,9.008595e+04,4.892908,-4.021609,-4.887342,-3.236746e+05,2.660366e+05,3.233064e+05,1.005859e+00,9.061381e+04
956,9.130876e+04,4.775339,2.834345,-5.758701,-3.180339e+05,-1.887652e+05,3.835251e+05,1.005895e+00,9.184702e+04
957,9.138849e+04,7.032231,-2.390427,2.972135,-4.685457e+05,1.592701e+05,-1.980283e+05,1.005997e+00,9.193652e+04
958,9.218833e+04,-6.774199,3.860643,1.790437,4.533243e+05,-2.583513e+05,-1.198147e+05,1.005978e+00,9.273947e+04
959,9.236383e+04,7.567226,2.287586,1.226394,-5.068748e+05,-1.532292e+05,-8.214742e+04,1.006067e+00,9.292424e+04
960,9.485185e+04,4.055415,3.397868,-6.000676,-2.752778e+05,-2.306441e+05,4.073203e+05,1.005892e+00,9.541068e+04
961,9.493311e+04,1.745091,-7.789127,-0.533071,-1.185059e+05,5.289452e+05,3.619985e+04,1.006007e+00,9.550340e+04
962,9.505595e+04,-4.902012,-6.047522,-1.843299,3.331019e+05,4.109417e+05,1.252560e+05,1.006055e+00,9.563152e+04
963,9.518161e+04,7.501073,0.184415,-2.774868,-5.100503e+05,-1.253966e+04,1.886826e+05,1.006022e+00,9.575479e+04
964,9.552051e+04,2.863175,-1.843645,-7.239006,-1.950335e+05,1.255853e+05,4.931060e+05,1.005898e+00,9.608386e+04
965,9.602342e+04,-5.941374,0.961972,-5.270169,4.057780e+05,-6.569980e+04,3.599368e+05,1.006016e+00,9.660113e+04
966,9.652116e+04,2.482916,0.226350,7.601572,-1.700147e+05,-1.549902e+04,-5.205084e+05,1.005806e+00,9.708152e+04
967,9.732355e+04,0.268355,2.116159,7.710373,-1.845150e+04,-1.455025e+05,-5.301484e+05,1.004621e+00,9.777332e+04
968,9.865096e+04,4.165822,1.400439,6.684661,-2.883795e+05,-9.694556e+04,-4.627465e+05,1.005714e+00,9.921463e+04
969,9.970544e+04,-4.398508,5.485678,3.815818,3.061103e+05,-3.817709e+05,-2.655585e+05,1.005866e+00,1.002903e+05
970,1.002735e+05,0.238349,0.431681,-7.984788,-1.663486e+04,-3.012791e+04,5.572750e+05,1.005461e+00,1.008211e+05
971,1.003877e+05,-5.086640,0.988929,6.094925,3.552092e+05,-6.905868e+04,-4.256196e+05,1.005726e+00,1.009625e+05
972,1.003992e+05,-2.339585,4.916358,-5.861380,1.633869e+05,-3.433379e+05,4.093343e+05,1.005898e+00,1.009914e+05
973,1.021512e+05,0.756453,-7.897395,-1.029042,-5.328646e+04,5.563123e+05,7.248829e+04,1.006006e+00,1.027648e+05
974,1.047195e+05,-0.191081,0.155021,-7.996215,1.362840e+04,-1.105650e+04,5.703105e+05,1.004113e+00,1.051503e+05
975,1.058654e+05,0.076652,7.816709,-1.700936,-5.496813e+03,-5.605495e+05,1.219770e+05,1.006063e+00,1.065073e+05
976,1.067727e+05,-0.187336,7.310968,-3.242630,1.349164e+04,-5.265238e+05,2.335289e+05,1.006032e+00,1.074168e+05
977,1.094223e+05,-4.107282,0.577348,6.840826,2.994474e+05,-4.209241e+04,-4.987404e+05,1.001706e+00,1.096090e+05
978,1.096017e+05,2.775445,-5.762414,-4.805360,-2.025137e+05,4.204615e+05,3.506289e+05,1.005928e+00,1.102514e+05
979,1.102843e+05,-3.033759,-1.677052,7.209980,2.220501e+05,1.227486e+05,-5.277205e+05,9.100549e-01,1.003648e+05
980,1.110458e+05,-0.918147,0.673686,-7.918532,6.743363e+04,-4.947911e+04,5.815791e+05,1.005031e+00,1.116044e+05
981,1.113032e+05,-2.244608,6.757040,3.647486,1.650469e+05,-4.968478e+05,-2.682011e+05,1.005912e+00,1.119612e+05
982,1.115845e+05,7.573999,-0.212952,-2.566942,-5.576224e+05,1.567819e+04,1.889866e+05,1.006034e+00,1.122578e+05
983,1.122860e+05,1.439887,-6.667320,-4.180140,-1.063419e+05,4.924104e+05,3.087214e+05,1.005956e+00,1.129548e+05
984,1.144559e+05,0.006764,-5.598427,5.714680,-5.043664e+02,4.174439e+05,-4.261123e+05,1.005937e+00,1.151354e+05
985,1.147818e+05,3.311943,-0.910179,7.225137,-2.473048e+05,6.796358e+04,-5.395052e+05,1.005830e+00,1.154509e+05
986,1.161865e+05,-1.302503,-0.124069,-7.892281,9.785197e+04,9.320824e+03,5.929162e+05,9.941415e-01,1.155058e+05
987,1.169594e+05,-0.852579,-0.714306,7.922302,6.426364e+04,5.384125e+04,-5.971482e+05,0.000000e+00,0.000000e+00
988,1.196360e+05,2.391665,-5.782960,-4.983705,-1.823243e+05,4.408534e+05,3.799237e+05,1.005952e+00,1.203481e+05
989,1.237373e+05,-7.309394,0.678306,3.180041,5.666890e+05,-5.258827e+04,-2.465449e+05,1.005983e+00,1.244776e+05
990,1.242590e+05,-0.389755,3.453011,-7.205887,3.028088e+04,-2.682717e+05,5.598406e+05,1.005927e+00,1.249955e+05
991,1.252335e+05,2.819277,5.284601,-5.303270,-2.198928e+05,-4.121786e+05,4.136347e+05,1.005979e+00,1.259822e+05
992,1.256512e+05,6.322892,-0.400251,-4.884756,-4.939832e+05,3.127010e+04,3.816272e+05,1.005956e+00,1.263996e+05
993,1.258565e+05,6.010318,-0.316685,5.270274,-4.699464e+05,2.476154e+04,-4.120823e+05,1.005901e+00,1.265992e+05
994,1.260276e+05,-0.207130,2.581747,-7.569127,1.620647e+04,-2.020038e+05,5.922317e+05,1.005971e+00,1.267801e+05
995,1.289264e+05,5.814907,4.435926,3.241823,-4.601789e+05,-3.510494e+05,-2.565507e+05,1.006016e+00,1.297020e+05
996,1.296155e+05,3.130163,-5.103036,-5.306703,-2.483753e+05,4.049208e+05,4.210816e+05,1.005950e+00,1.303867e+05
997,1.487729e+05,6.135843,-1.455737,-4.922627,-5.216140e+05,1.237536e+05,4.184773e+05,1.005965e+00,1.496603e+05
998,1.973377e+05,-1.191152,-0.945536,-7.854115,1.166233e+05,9.257550e+04,7.689805e+05,9.551413e-01,1.884854e+05
999,2.124902e+05,-0.381770,2.521038,7.582784,3.878686e+04,-2.561309e+05,-7.703910e+05,1.005768e+00,2.137158e+05

Summary
Radius,2.000000m
Current,1.0000e+05A
Temperature,1.0000e+08K
Mass,4.0152e-26kg
Charge,1.9226e-18C
Dose expected value,3.1398e+04
Total,1000
Seed,822761
