i,eV,x_0,y_0,z_0,v_x,v_y,v_z,hit_p,exp_eV
0,1.514980e+02,5.374109,5.834810,1.036315,-2.061760e+04,-2.238506e+04,-3.975790e+03,0.000000e+00,0.000000e+00
1,1.810215e+02,1.312008,6.641518,-4.262496,-5.502113e+03,-2.785226e+04,1.787546e+04,0.000000e+00,0.000000e+00
2,4.218013e+02,7.322249,-3.185409,-0.487684,-4.687341e+04,2.039141e+04,3.121912e+03,7.750026e-01,3.268971e+02
3,6.178340e+02,7.778017,1.716650,-0.745365,-6.026051e+04,-1.329982e+04,5.774744e+03,0.000000e+00,0.000000e+00
4,6.186883e+02,1.665659,0.080629,7.824262,-1.291368e+04,-6.251112e+02,-6.066070e+04,0.000000e+00,0.000000e+00
5,7.029429e+02,-0.671056,-1.599362,-7.809720,5.545581e+03,1.321706e+04,6.453919e+04,1.023983e+00,7.198018e+02
6,7.195212e+02,-6.981656,-1.192689,-3.719406,5.837250e+04,9.971880e+03,3.109735e+04,1.341329e+00,9.651144e+02
7,1.242752e+03,-1.641088,-5.182342,-5.869426,1.803234e+04,5.694380e+04,6.449350e+04,1.032053e+00,1.282586e+03
8,1.300493e+03,6.560286,2.016607,4.110467,-7.374030e+04,-2.266748e+04,-4.620333e+04,0.000000e+00,0.000000e+00
9,1.347925e+03,0.293739,-7.288808,3.284355,-3.361424e+03,8.340988e+04,-3.758470e+04,1.530496e+00,2.062994e+03
10,1.418586e+03,5.563296,-0.612415,-5.716177,-6.531126e+04,7.189543e+03,6.710602e+04,9.989069e-01,1.417035e+03
11,1.424964e+03,2.544165,1.250060,-7.480947,-2.993473e+04,-1.470825e+04,8.802107e+04,1.029012e+00,1.466306e+03
12,1.561568e+03,-7.351896,3.104337,0.559205,9.055405e+04,-3.823643e+04,-6.887789e+03,1.026896e+00,1.603567e+03
13,1.837678e+03,-0.622884,3.947690,6.930206,8.322811e+03,-5.274797e+04,-9.259956e+04,1.317489e-01,2.421121e+02
14,1.880294e+03,1.210798,-0.907235,7.855628,-1.636488e+04,1.226199e+04,-1.061749e+05,0.000000e+00,0.000000e+00
15,2.088600e+03,-6.738847,-0.191557,4.307116,9.599337e+04,2.728692e+03,-6.135390e+04,3.249802e-03,6.787536e+00
16,2.092450e+03,-2.248000,0.085118,7.677190,3.205177e+04,-1.213598e+03,-1.094606e+05,0.000000e+00,0.000000e+00
17,2.116681e+03,6.687549,3.341530,2.847957,-9.590092e+04,-4.791828e+04,-4.084032e+04,0.000000e+00,0.000000e+00
18,2.162401e+03,6.812767,-4.097687,0.891717,-9.874604e+04,5.939296e+04,-1.292478e+04,1.037002e+00,2.242414e+03
19,2.326176e+03,5.027028,1.636314,-6.004287,-7.557196e+04,-2.459891e+04,9.026321e+04,9.593736e-01,2.231672e+03
20,2.338092e+03,4.683261,4.704813,-4.464505,-7.058414e+04,-7.090897e+04,6.728715e+04,1.559684e-01,3.646685e+02
21,2.359179e+03,-4.172353,-4.417639,-5.203454,6.316689e+04,6.688038e+04,7.877713e+04,1.007297e+00,2.376393e+03
22,2.371574e+03,5.020097,-4.229411,4.572822,-7.620061e+04,6.419871e+04,-6.941138e+04,1.016513e+00,2.410735e+03
23,2.429193e+03,-3.708683,-0.310028,-7.081635,5.697427e+04,4.762767e+03,1.087909e+05,1.004956e+00,2.441233e+03
24,2.486251e+03,4.197759,-6.477876,2.101417,-6.524061e+04,1.006777e+05,-3.265974e+04,1.012959e+00,2.518471e+03
25,2.512621e+03,-4.164990,0.851143,6.777051,6.507370e+04,-1.329824e+04,-1.058845e+05,0.000000e+00,0.000000e+00
26,2.528940e+03,-0.746607,-0.360855,7.956907,1.170278e+04,5.656271e+03,-1.247216e+05,0.000000e+00,0.000000e+00
27,2.564131e+03,-5.686856,0.054309,-5.626431,8.975742e+04,-8.571819e+02,8.880372e+04,1.009461e+00,2.588391e+03
28,2.625771e+03,2.946127,-2.414342,-7.035005,-4.705524e+04,3.856161e+04,1.123624e+05,1.016929e+00,2.670223e+03
29,2.632703e+03,0.739100,3.100149,7.337766,-1.182041e+04,-4.958058e+04,-1.173526e+05,3.015775e-01,7.939639e+02
30,2.875015e+03,-1.186670,7.619905,2.128112,1.983252e+04,-1.273496e+05,-3.556662e+04,9.254605e-01,2.660713e+03
31,2.912489e+03,-1.367523,-5.301197,5.833283,2.300355e+04,8.917315e+04,-9.812355e+04,6.494286e-01,1.891453e+03
32,2.962356e+03,-2.925177,6.474259,-3.677949,4.962480e+04,-1.098340e+05,6.239536e+04,1.002016e+00,2.968327e+03
33,2.988952e+03,-3.138961,-6.819774,2.763622,5.349011e+04,1.162137e+05,-4.709407e+04,1.530768e+00,4.575393e+03
34,2.989821e+03,2.239337,2.983805,-7.076883,-3.816542e+04,-5.085352e+04,1.206126e+05,1.015310e+00,3.035594e+03
35,3.028216e+03,3.450468,-0.992849,7.149023,-5.918333e+04,1.702961e+04,-1.226219e+05,8.804376e-01,2.666155e+03
36,3.080495e+03,-6.581989,4.248959,-1.619805,1.138664e+05,-7.350566e+04,2.802212e+04,1.008318e+00,3.106117e+03
37,3.208952e+03,-0.972814,0.070325,-7.940320,1.717670e+04,-1.241716e+03,1.401999e+05,1.094076e+00,3.510839e+03
38,3.290374e+03,2.281723,6.986139,-3.160317,-4.079563e+04,-1.249073e+05,5.650429e+04,5.791408e-01,1.905590e+03
39,3.342446e+03,-2.697425,-3.774866,-6.517230,4.860821e+04,6.802394e+04,1.174420e+05,1.008245e+00,3.370005e+03
40,3.384991e+03,-4.715940,0.703502,6.423783,8.552147e+04,-1.275769e+04,-1.164924e+05,0.000000e+00,0.000000e+00
41,3.387506e+03,2.814009,-1.999630,7.216844,-5.104975e+04,3.627587e+04,-1.309228e+05,8.110780e-01,2.747532e+03
42,3.411217e+03,-2.377674,1.502366,-7.489297,4.328475e+04,-2.735007e+04,1.363401e+05,1.135264e+00,3.872633e+03
43,3.593842e+03,3.823259,6.212548,3.284347,-7.143997e+04,-1.160853e+05,-6.137007e+04,0.000000e+00,0.000000e+00
44,3.635235e+03,5.234348,5.945433,1.119563,-9.836870e+04,-1.117321e+05,-2.103987e+04,0.000000e+00,0.000000e+00
45,3.705410e+03,-1.628092,0.503105,-7.816406,3.089051e+04,-9.545634e+03,1.483042e+05,1.120248e+00,4.150979e+03
46,3.707592e+03,0.489114,2.204324,-7.674746,-9.282908e+03,-4.183592e+04,1.456592e+05,1.445863e+00,5.360671e+03
47,3.735555e+03,5.131721,-6.135392,-0.149679,-9.776168e+04,1.168821e+05,2.851450e+03,1.013652e+00,3.786553e+03
48,3.830837e+03,3.271781,-7.238734,0.946664,-6.311885e+04,1.396489e+05,-1.826294e+04,1.009308e+00,3.866496e+03
49,3.844566e+03,-2.812900,-3.100667,-6.817144,5.436333e+04,5.992483e+04,1.317511e+05,1.007969e+00,3.875205e+03
50,3.866354e+03,-0.337736,-1.090672,-7.918104,6.545706e+03,2.113844e+04,1.534617e+05,1.002969e+00,3.877833e+03
51,3.868536e+03,-1.954198,7.749167,-0.362658,3.788524e+04,-1.502299e+05,7.030709e+03,9.894249e-01,3.827626e+03
52,4.007537e+03,-2.594361,1.555754,-7.406006,5.119143e+04,-3.069783e+04,1.461339e+05,1.068160e+00,4.280690e+03
53,4.017668e+03,-0.791048,-6.182939,-5.014530,1.562851e+04,1.221547e+05,9.907072e+04,1.008209e+00,4.050649e+03
54,4.092559e+03,-0.129343,-0.461785,7.985614,2.579102e+03,9.207995e+03,-1.592333e+05,0.000000e+00,0.000000e+00
55,4.144590e+03,-1.607058,-0.254403,7.832793,3.224782e+04,5.104936e+03,-1.571757e+05,0.000000e+00,0.000000e+00
56,4.361587e+03,-6.710662,0.466956,-4.330008,1.381388e+05,-9.612272e+03,8.913311e+04,1.008449e+00,4.398437e+03
57,4.364515e+03,2.346184,-1.355214,-7.527205,-4.831234e+04,2.790641e+04,1.549993e+05,1.012053e+00,4.417121e+03
58,4.415861e+03,0.171423,0.205094,-7.995533,-3.550622e+03,-4.248033e+03,1.656087e+05,1.216583e+00,5.372262e+03
59,4.418684e+03,-7.536317,2.658624,-0.368302,1.561470e+05,-5.508476e+04,7.630952e+03,1.012230e+00,4.472723e+03
60,4.478945e+03,-4.242505,1.688195,-6.568953,8.849899e+04,-3.521587e+04,1.370289e+05,1.007647e+00,4.513196e+03
61,4.794347e+03,0.888879,3.604421,7.086469,-1.918383e+04,-7.779082e+04,-1.529406e+05,8.555401e-01,4.101757e+03
62,4.799669e+03,-0.016447,-0.014750,7.999969,3.551491e+02,3.185019e+02,-1.727516e+05,0.000000e+00,0.000000e+00
63,4.855256e+03,-1.097702,-7.655947,2.044880,2.384068e+04,1.662773e+05,-4.441216e+04,1.495319e+00,7.260157e+03
64,4.893990e+03,-1.661858,-3.564243,-6.966664,3.623711e+04,7.771894e+04,1.519093e+05,1.007764e+00,4.931988e+03
65,4.959870e+03,0.964335,-1.788357,7.737689,-2.116855e+04,3.925703e+04,-1.698535e+05,1.323960e-01,6.566668e+02
66,4.980129e+03,-3.414258,-3.616270,6.266214,7.510081e+04,7.954432e+04,-1.378331e+05,0.000000e+00,0.000000e+00
67,5.085256e+03,-1.004992,0.843995,-7.891620,2.233813e+04,-1.875963e+04,1.754085e+05,1.039322e+00,5.285218e+03
68,5.093873e+03,-0.750110,6.182916,5.020845,1.668696e+04,-1.375452e+05,-1.116938e+05,1.014562e+00,5.168049e+03
69,5.129921e+03,1.308996,-6.058709,5.057526,-2.922278e+04,1.352582e+05,-1.129072e+05,9.949078e-01,5.103798e+03
70,5.144562e+03,0.420072,0.029918,-7.988908,-9.391295e+03,-6.688669e+02,1.786034e+05,1.164835e+00,5.992568e+03
71,5.156225e+03,3.221498,-6.876726,2.516464,-7.210275e+04,1.539131e+05,-5.632287e+04,1.007632e+00,5.195579e+03
72,5.282175e+03,1.686799,3.409523,7.037746,-3.821183e+04,-7.723747e+04,-1.594292e+05,9.761208e-01,5.156040e+03
73,5.329339e+03,-0.113073,2.508694,7.595635,2.572905e+03,-5.708373e+04,-1.728339e+05,1.444093e-02,7.696063e+01
74,5.364802e+03,-3.185977,-3.600874,-6.394002,7.273568e+04,8.220775e+04,1.459747e+05,1.007420e+00,5.404611e+03
75,5.498078e+03,0.134997,-7.306129,-3.256110,-3.120028e+03,1.688577e+05,7.525452e+04,1.008129e+00,5.542774e+03
76,5.501858e+03,-5.495286,-3.899235,4.312516,1.270495e+05,9.014927e+04,-9.970422e+04,8.675216e-01,4.772981e+03
77,5.564392e+03,5.899259,5.363641,-0.655813,-1.371622e+05,-1.247087e+05,1.524814e+04,0.000000e+00,0.000000e+00
78,5.566321e+03,-5.470164,-3.375278,-4.762857,1.272074e+05,7.849135e+04,1.107592e+05,1.007295e+00,5.606929e+03
79,5.567809e+03,1.791848,2.890808,-7.241030,-4.167459e+04,-6.723407e+04,1.684110e+05,1.396910e+00,7.777726e+03
80,5.628360e+03,-6.277609,-2.342218,4.371000,1.467957e+05,5.477044e+04,-1.022115e+05,7.108054e-01,4.000669e+03
81,5.692443e+03,-7.571935,-1.372965,-2.186496,1.780673e+05,3.228769e+04,5.141928e+04,1.009172e+00,5.744652e+03
82,5.700751e+03,-6.661879,3.091605,3.171963,1.567800e+05,-7.275756e+04,-7.464869e+04,1.018093e+00,5.803897e+03
83,5.726325e+03,-7.093849,2.460385,2.761125,1.673201e+05,-5.803221e+04,-6.512566e+04,1.018583e+00,5.832738e+03
84,5.741345e+03,5.047648,2.703662,5.586722,-1.192131e+05,-6.385388e+04,-1.319447e+05,6.365618e-01,3.654721e+03
85,5.748847e+03,-2.693025,-5.388481,-5.264209,6.364419e+04,1.273458e+05,1.244089e+05,1.006036e+00,5.783545e+03
86,5.966801e+03,1.405850,-0.508605,-7.859065,-3.384839e+04,1.224558e+04,1.892212e+05,1.001412e+00,5.975228e+03
87,5.972081e+03,-6.778969,1.720845,-3.883848,1.632881e+05,-4.145077e+04,9.355200e+04,1.007513e+00,6.016947e+03
88,5.991735e+03,-2.867758,-2.242981,7.123552,6.919057e+04,5.411653e+04,-1.718704e+05,0.000000e+00,0.000000e+00
89,6.008186e+03,-4.435973,6.632806,-0.572730,1.071738e+05,-1.602496e+05,1.383725e+04,1.006983e+00,6.050142e+03
90,6.120538e+03,7.174651,0.675956,-3.473826,-1.749539e+05,-1.648319e+04,8.470928e+04,9.263952e-01,5.670037e+03
91,6.125740e+03,0.652891,-0.370514,-7.964700,-1.592751e+04,9.038829e+03,1.943018e+05,9.998263e-01,6.124676e+03
92,6.220960e+03,4.411012,-6.581352,1.108505,-1.084414e+05,1.617975e+05,-2.725176e+04,1.008977e+00,6.276806e+03
93,6.305175e+03,6.306729,0.880756,-4.842462,-1.560921e+05,-2.179879e+04,1.198513e+05,9.995895e-01,6.302587e+03
94,6.338450e+03,-5.186367,2.181230,-5.687163,1.287013e+05,-5.412789e+04,1.411287e+05,1.007273e+00,6.384547e+03
95,6.351984e+03,-1.870345,-5.265476,-5.725083,4.646271e+04,1.308038e+05,1.422213e+05,1.007344e+00,6.398636e+03
96,6.462324e+03,1.986786,0.053116,7.749185,-4.978213e+04,-1.330903e+03,-1.941683e+05,7.173238e-01,4.635579e+03
97,6.491217e+03,4.692670,-3.262897,-5.597531,-1.178450e+05,8.193972e+04,1.405684e+05,1.012642e+00,6.573281e+03
98,6.606897e+03,7.980185,0.318147,-0.464153,-2.021807e+05,-8.060362e+03,1.175947e+04,6.569735e-01,4.340557e+03
99,6.629674e+03,-4.827378,-1.370395,6.230444,1.225139e+05,3.477924e+04,-1.581223e+05,0.000000e+00,0.000000e+00
100,6.751126e+03,-4.424523,-4.529245,-4.889738,1.133137e+05,1.159957e+05,1.252281e+05,1.001684e+00,6.762495e+03
101,6.854800e+03,-1.392431,7.228067,3.133078,3.593348e+04,-1.865296e+05,-8.085310e+04,1.003613e+00,6.879565e+03
102,6.933527e+03,-0.945930,2.381757,7.578420,2.455072e+04,-6.181624e+04,-1.966907e+05,0.000000e+00,0.000000e+00
103,6.991810e+03,0.223793,-1.364099,7.879667,-5.832706e+03,3.555238e+04,-2.053670e+05,0.000000e+00,0.000000e+00
104,7.008344e+03,3.434875,5.433143,4.762624,-8.962861e+04,-1.417708e+05,-1.242745e+05,4.189749e-01,2.936320e+03
105,7.066163e+03,-7.906715,1.109872,-0.502035,2.071648e+05,-2.907989e+04,1.315389e+04,1.010392e+00,7.139593e+03
106,7.125747e+03,2.340350,3.234511,-6.932582,-6.157779e+04,-8.510438e+04,1.824056e+05,1.009045e+00,7.190196e+03
107,7.134823e+03,-6.093188,-3.239718,4.046886,1.604221e+05,8.529565e+04,-1.065469e+05,9.324339e-01,6.652750e+03
108,7.158868e+03,0.041514,-0.003429,7.999892,-1.094821e+03,9.043626e+01,-2.109766e+05,0.000000e+00,0.000000e+00
109,7.165838e+03,7.860149,1.466440,0.260035,-2.073921e+05,-3.869241e+04,-6.861101e+03,5.108402e-03,3.660598e+01
110,7.178037e+03,-0.550954,-7.929012,-0.909513,1.454945e+04,2.093871e+05,2.401815e+04,1.001648e+00,7.189867e+03
111,7.233221e+03,3.203255,3.104439,6.640905,-8.491520e+04,-8.229568e+04,-1.760440e+05,9.935445e-01,7.186527e+03
112,7.235137e+03,-2.323846,-2.026162,7.382033,6.161107e+04,5.371872e+04,-1.957165e+05,0.000000e+00,0.000000e+00
113,7.292684e+03,3.734379,-1.109701,-6.987344,-9.940087e+04,2.953777e+04,1.859876e+05,1.012294e+00,7.382339e+03
114,7.305559e+03,-0.440126,7.762579,1.883789,1.172552e+04,-2.068049e+05,-5.018651e+04,9.781467e-01,7.145908e+03
115,7.339284e+03,4.378848,-3.269945,-5.842358,-1.169270e+05,8.731630e+04,1.560066e+05,1.011327e+00,7.422414e+03
116,7.446342e+03,-6.627478,2.068489,-3.974655,1.782575e+05,-5.563559e+04,1.069052e+05,1.007148e+00,7.499570e+03
117,7.612652e+03,1.988965,7.659000,-1.176326,-5.409076e+04,-2.082899e+05,3.199069e+04,7.316367e-01,5.569696e+03
118,7.628807e+03,3.506436,6.987178,1.698310,-9.546019e+04,-1.902209e+05,-4.623525e+04,0.000000e+00,0.000000e+00
119,7.662268e+03,-1.508694,-3.636781,-6.964027,4.116308e+04,9.922563e+04,1.900059e+05,1.007183e+00,7.717307e+03
120,7.680869e+03,1.970158,-0.333063,7.746454,-5.381885e+04,9.098300e+03,-2.116100e+05,7.692433e-01,5.908457e+03
121,7.728790e+03,0.689484,-5.617458,5.654094,-1.889331e+04,1.539301e+05,-1.549340e+05,9.913978e-01,7.662305e+03
122,7.756806e+03,0.679332,-5.629297,-5.643539,-1.864882e+04,1.545339e+05,1.549248e+05,1.007834e+00,7.817571e+03
123,7.763411e+03,-0.379665,-0.829249,7.947842,1.042691e+04,2.277400e+04,-2.182748e+05,0.000000e+00,0.000000e+00
124,7.797230e+03,1.256900,6.985722,-3.690514,-3.459386e+04,-1.922691e+05,1.015746e+05,9.857922e-01,7.686449e+03
125,7.826383e+03,-3.704815,3.873121,5.939132,1.021586e+05,-1.067996e+05,-1.637689e+05,1.014366e+00,7.938815e+03
126,7.835470e+03,1.939804,3.324092,7.013385,-5.352029e+04,-9.171358e+04,-1.935033e+05,9.994276e-01,7.830985e+03
127,7.855754e+03,-0.668273,-1.082773,-7.898165,1.846188e+04,2.991296e+04,2.181967e+05,1.007216e+00,7.912439e+03
128,7.904446e+03,-0.326553,-0.310716,7.987291,9.049345e+03,8.610478e+03,-2.213417e+05,0.000000e+00,0.000000e+00
129,7.956911e+03,-0.236139,-1.322175,7.886450,6.565512e+03,3.676116e+04,-2.192713e+05,0.000000e+00,0.000000e+00
130,7.965843e+03,-1.619242,-0.196034,7.831962,4.504594e+04,5.453512e+03,-2.178786e+05,0.000000e+00,0.000000e+00
131,8.014543e+03,6.803295,-0.982203,4.092733,-1.898396e+05,2.740746e+04,-1.142039e+05,1.012881e+00,8.117782e+03
132,8.044133e+03,-0.173309,-4.098469,6.868225,4.844932e+03,1.145749e+05,-1.920048e+05,7.876216e-01,6.335733e+03
133,8.056461e+03,5.337228,-2.123817,5.568070,-1.493193e+05,5.941791e+04,-1.557776e+05,1.015619e+00,8.182291e+03
134,8.058848e+03,2.746156,2.706712,7.009446,-7.684041e+04,-7.573674e+04,-1.961319e+05,1.008373e+00,8.126324e+03
135,8.063657e+03,5.784728,4.497865,3.210316,-1.619113e+05,-1.258927e+05,-8.985492e+04,0.000000e+00,0.000000e+00
136,8.122937e+03,-3.623317,6.871674,-1.910933,1.017867e+05,-1.930399e+05,5.368216e+04,1.006732e+00,8.177623e+03
137,8.151527e+03,0.335329,-6.466532,-4.698034,-9.436668e+03,1.819780e+05,1.322098e+05,1.007672e+00,8.214063e+03
138,8.171548e+03,6.667964,-2.873476,3.358778,-1.878769e+05,8.096322e+04,-9.463713e+04,1.019382e+00,8.329930e+03
139,8.191527e+03,-5.267370,1.527715,5.824165,1.485950e+05,-4.309757e+04,-1.643025e+05,0.000000e+00,0.000000e+00
140,8.219599e+03,-5.566107,2.988485,4.907893,1.572914e+05,-8.445092e+04,-1.386910e+05,8.491906e-01,6.980006e+03
141,8.242823e+03,1.670856,7.793192,-0.688766,-4.728300e+04,-2.205370e+05,1.949116e+04,8.036652e-01,6.624470e+03
142,8.258189e+03,4.123892,-4.758839,-4.934265,-1.168094e+05,1.347943e+05,1.397632e+05,1.009463e+00,8.336335e+03
143,8.285400e+03,-5.880614,5.329272,1.008581,1.668428e+05,-1.512003e+05,-2.861512e+04,1.010641e+00,8.373562e+03
144,8.334020e+03,0.022812,-0.077874,7.999588,-6.491049e+02,2.215897e+03,-2.276266e+05,0.000000e+00,0.000000e+00
145,8.337966e+03,-2.262729,-3.809050,6.661171,6.440072e+04,1.084114e+05,-1.895870e+05,2.121447e-01,1.768855e+03
146,8.341474e+03,0.898578,1.006916,-7.885346,-2.558027e+04,-2.866439e+04,2.244761e+05,1.157580e+00,9.655920e+03
147,8.366220e+03,-5.581992,-4.386361,3.687981,1.591409e+05,1.250539e+05,-1.051432e+05,9.952385e-01,8.326384e+03
148,8.367910e+03,-3.970780,-0.241261,-6.940799,1.132172e+05,6.878968e+03,1.979001e+05,1.007122e+00,8.427510e+03
149,8.381024e+03,-3.505684,6.430856,-3.217805,1.000344e+05,-1.835039e+05,9.181981e+04,1.006918e+00,8.439003e+03
150,8.455888e+03,5.165588,1.375553,-5.951853,-1.480565e+05,-3.942621e+04,1.705925e+05,1.016026e+00,8.591400e+03
151,8.503983e+03,-5.071835,-0.618175,6.155839,1.457821e+05,1.776850e+04,-1.769402e+05,0.000000e+00,0.000000e+00
152,8.598563e+03,5.404407,3.381950,-4.832680,-1.562029e+05,-9.774807e+04,1.396783e+05,9.378764e-01,8.064389e+03
153,8.598871e+03,-0.548850,7.402680,2.983136,1.586362e+04,-2.139625e+05,-8.622274e+04,9.943352e-01,8.550160e+03
154,8.696593e+03,0.868495,7.915798,0.765414,-2.524469e+04,-2.300898e+05,-2.224841e+04,9.078830e-01,7.895489e+03
155,8.755283e+03,0.850194,-0.122427,7.953753,-2.479599e+04,3.570596e+03,-2.319718e+05,2.135641e-01,1.869814e+03
156,8.776032e+03,7.520041,1.514936,-2.270232,-2.195823e+05,-4.423554e+04,6.628990e+04,6.264460e-01,5.497711e+03
157,8.808312e+03,-3.810239,6.974450,-0.916042,1.114619e+05,-2.040254e+05,2.679722e+04,1.006906e+00,8.869146e+03
158,8.845201e+03,-0.682417,0.472718,-7.956811,2.000469e+04,-1.385749e+04,2.332496e+05,1.052294e+00,9.307753e+03
159,8.878685e+03,2.420279,-2.659374,7.146326,-7.108333e+04,7.810553e+04,-2.098869e+05,9.621825e-01,8.542915e+03
160,8.918163e+03,-1.086357,-1.305200,-7.817690,3.197703e+04,3.841872e+04,2.301146e+05,1.007006e+00,8.980642e+03
161,8.944309e+03,3.112701,-7.142885,-1.813914,-9.175692e+04,2.105596e+05,5.347098e+04,1.007798e+00,9.014060e+03
162,8.948571e+03,3.532770,-1.265604,7.065252,-1.041646e+05,3.731665e+04,-2.083208e+05,9.964794e-01,8.917067e+03
163,9.004073e+03,-1.325689,1.987725,7.634887,3.920930e+04,-5.879005e+04,-2.258136e+05,0.000000e+00,0.000000e+00
164,9.013784e+03,3.442712,0.487875,-7.204840,-1.018784e+05,-1.443744e+04,2.132092e+05,1.012316e+00,9.124795e+03
165,9.026378e+03,-2.965848,-5.778083,-4.670921,8.782813e+04,1.711073e+05,1.383208e+05,1.002207e+00,9.046301e+03
166,9.048571e+03,2.524196,6.615119,3.724062,-7.484127e+04,-1.961353e+05,-1.104167e+05,6.008502e-01,5.436836e+03
167,9.063860e+03,3.253195,3.968374,6.137486,-9.653721e+04,-1.177599e+05,-1.821273e+05,9.475928e-01,8.588849e+03
168,9.117039e+03,-0.566991,-0.340221,7.972626,1.687452e+04,1.012548e+04,-2.372774e+05,0.000000e+00,0.000000e+00
169,9.140436e+03,0.149098,-1.918530,7.765115,-4.443078e+03,5.717158e+04,-2.313979e+05,7.572284e-02,6.921398e+02
170,9.190934e+03,6.969729,-3.523550,1.734205,-2.082686e+05,1.052903e+05,-5.182130e+04,1.017358e+00,9.350467e+03
171,9.204997e+03,3.711637,-6.627020,-2.511247,-1.109955e+05,1.981792e+05,7.509816e+04,1.008097e+00,9.279530e+03
172,9.260826e+03,-3.856612,-0.470881,6.993198,1.156802e+05,1.412420e+04,-2.097629e+05,0.000000e+00,0.000000e+00
173,9.421901e+03,-7.107808,-3.585696,-0.788571,2.150468e+05,1.084853e+05,2.385824e+04,1.003563e+00,9.455474e+03
174,9.437683e+03,-3.936734,-6.856639,-1.220096,1.192056e+05,2.076213e+05,3.694493e+04,1.004117e+00,9.476541e+03
175,9.442636e+03,-3.844038,-6.785346,-1.783942,1.164293e+05,2.055165e+05,5.403253e+04,1.434832e+00,1.354859e+04
176,9.700103e+03,-7.462068,2.883449,-0.057170,2.290738e+05,-8.851738e+04,1.755020e+03,1.009318e+00,9.790485e+03
177,9.708472e+03,7.823438,1.576964,-0.554071,-2.402709e+05,-4.843121e+04,1.701646e+04,1.469458e-01,1.426620e+03
178,9.735350e+03,2.579255,0.577544,7.550754,-7.932282e+04,-1.776189e+04,-2.322171e+05,9.546851e-01,9.294194e+03
179,9.806766e+03,-7.122436,-2.405076,-2.736148,2.198465e+05,7.423690e+04,8.445602e+04,1.007199e+00,9.877366e+03
180,9.817011e+03,1.102864,-7.916546,0.334641,-3.405962e+04,2.444857e+05,-1.033469e+04,1.006944e+00,9.885183e+03
181,9.871507e+03,-2.613075,-7.553984,0.330414,8.092293e+04,2.339353e+05,-1.023241e+04,1.304327e+00,1.287567e+04
182,1.005667e+04,-1.502766,-5.922363,5.164040,4.697280e+04,1.851186e+05,-1.614153e+05,9.941532e-01,9.997868e+03
183,1.008662e+04,-1.497277,7.821302,-0.765115,4.687086e+04,-2.448386e+05,2.395123e+04,1.005498e+00,1.014207e+04
184,1.011996e+04,0.698623,7.595753,-2.411734,-2.190586e+04,-2.381707e+05,7.562178e+04,9.905615e-01,1.002444e+04
185,1.024744e+04,3.737721,-2.047118,-6.770432,-1.179350e+05,6.459198e+04,2.136250e+05,1.009803e+00,1.034789e+04
186,1.029652e+04,0.307098,2.464520,-7.604724,-9.712942e+03,-7.794810e+04,2.405230e+05,9.968949e-01,1.026454e+04
187,1.038381e+04,-0.927665,-1.302713,-7.838519,2.946440e+04,4.137663e+04,2.489662e+05,1.006905e+00,1.045550e+04
188,1.041228e+04,0.752094,-0.923614,-7.910834,-2.392066e+04,2.937594e+04,2.516073e+05,1.002466e+00,1.043795e+04
189,1.053714e+04,4.608779,4.491541,-4.752390,-1.474604e+05,-1.437093e+05,1.520553e+05,9.484441e-01,9.993892e+03
190,1.056078e+04,1.924504,1.546566,7.609495,-6.164459e+04,-4.953868e+04,-2.437428e+05,9.154384e-01,9.667743e+03
191,1.056822e+04,-3.090432,4.573565,-5.790659,9.902576e+04,-1.465493e+05,1.855483e+05,1.007192e+00,1.064423e+04
192,1.063378e+04,-3.785099,6.808027,-1.823126,1.216604e+05,-2.188232e+05,5.859880e+04,1.006823e+00,1.070634e+04
193,1.069237e+04,0.189435,0.615520,-7.974036,-6.105552e+03,-1.983841e+04,2.570060e+05,1.217829e+00,1.302148e+04
194,1.070429e+04,-4.595798,0.235815,-6.543931,1.482067e+05,-7.604646e+03,2.110307e+05,1.006974e+00,1.077894e+04
195,1.074009e+04,1.945146,3.047247,7.136574,-6.283249e+04,-9.843277e+04,-2.305270e+05,9.960456e-01,1.069762e+04
196,1.084450e+04,-5.687188,5.299866,1.888731,1.845995e+05,-1.720274e+05,-6.130599e+04,1.011826e+00,1.097274e+04
197,1.085362e+04,-0.873270,-1.222746,7.857626,2.835723e+04,3.970559e+04,-2.551565e+05,0.000000e+00,0.000000e+00
198,1.100189e+04,1.955079,-1.464903,-7.617856,-6.391842e+04,4.789285e+04,2.490545e+05,1.007989e+00,1.108978e+04
199,1.101510e+04,0.376154,0.692406,7.961098,-1.230520e+04,-2.265076e+04,-2.604326e+05,7.885941e-02,8.686446e+02
200,1.106447e+04,-6.059473,-0.851309,5.153452,1.986681e+05,2.791134e+04,-1.689630e+05,4.091014e-01,4.526490e+03
201,1.106509e+04,-3.809684,-2.313621,-6.643303,1.249092e+05,7.585736e+04,2.178159e+05,1.006826e+00,1.114062e+04
202,1.106929e+04,7.203019,-2.858607,-1.986172,-2.362123e+05,9.374376e+04,6.513354e+04,1.016672e+00,1.125383e+04
203,1.110538e+04,3.286179,-3.055602,6.623015,-1.079409e+05,1.003671e+05,-2.175457e+05,1.001379e+00,1.112070e+04
204,1.116447e+04,-0.352280,-1.780937,7.791288,1.160205e+04,5.865375e+04,-2.565998e+05,2.977848e-10,3.324609e-06
205,1.131343e+04,1.615382,-1.535002,7.683379,-5.355506e+04,5.089019e+04,-2.547284e+05,8.450581e-01,9.560503e+03
206,1.137192e+04,-5.913534,3.407758,-4.173404,1.965586e+05,-1.132697e+05,1.387188e+05,1.006598e+00,1.144696e+04
207,1.147468e+04,2.046017,-4.891914,-5.990241,-6.831368e+04,1.633342e+05,2.000058e+05,1.007532e+00,1.156111e+04
208,1.147943e+04,6.362149,-4.838131,0.339926,-2.124673e+05,1.615719e+05,-1.135201e+04,1.011041e+00,1.160617e+04
209,1.148925e+04,-4.775571,4.628750,-4.446190,1.595509e+05,-1.546456e+05,1.485463e+05,1.006591e+00,1.156497e+04
210,1.166842e+04,7.068539,3.704118,0.561486,-2.379928e+05,-1.247151e+05,-1.890486e+04,0.000000e+00,0.000000e+00
211,1.178855e+04,0.045545,0.603886,-7.977045,-1.541330e+03,-2.043683e+04,2.699605e+05,1.167373e+00,1.376163e+04
212,1.198381e+04,-3.043305,-6.595860,3.351557,1.038415e+05,2.250593e+05,-1.143595e+05,1.001584e+00,1.200279e+04
213,1.210912e+04,0.502892,-1.760744,7.787611,-1.724881e+04,6.039218e+04,-2.671091e+05,4.582300e-01,5.548765e+03
214,1.212986e+04,-7.958959,0.809253,0.008612,2.732199e+05,-2.778051e+04,-2.956452e+02,1.009379e+00,1.224363e+04
215,1.214061e+04,3.235410,-1.452446,7.170950,-1.111162e+05,4.988250e+04,-2.462776e+05,9.965486e-01,1.209870e+04
216,1.224265e+04,6.713295,3.708374,2.275879,-2.315269e+05,-1.278937e+05,-7.849010e+04,0.000000e+00,0.000000e+00
217,1.226513e+04,4.538790,-1.069774,6.500382,-1.566766e+05,3.692803e+04,-2.243898e+05,1.011061e+00,1.240079e+04
218,1.230440e+04,2.573490,7.336695,-1.884157,-8.897760e+04,-2.536639e+05,6.514413e+04,8.309919e-01,1.022485e+04
219,1.235521e+04,-6.288199,-3.754896,3.218589,2.178610e+05,1.300921e+05,-1.115112e+05,1.008751e+00,1.246333e+04
220,1.241243e+04,-2.914532,-2.121245,7.141836,1.012104e+05,7.366265e+04,-2.480084e+05,0.000000e+00,0.000000e+00
221,1.241449e+04,7.626264,-0.220451,2.406555,-2.648526e+05,7.656058e+03,-8.357727e+04,9.741962e-01,1.209415e+04
222,1.249921e+04,3.124006,-6.690369,3.078888,-1.088632e+05,2.331414e+05,-1.072910e+05,1.006761e+00,1.258371e+04
223,1.250284e+04,-7.109834,0.908231,-3.553221,2.477946e+05,-3.165400e+04,1.238382e+05,1.006956e+00,1.258981e+04
224,1.265812e+04,2.187449,-6.873847,3.459088,-7.670975e+04,2.410530e+05,-1.213038e+05,1.006559e+00,1.274114e+04
225,1.274170e+04,-1.777196,3.035171,7.185354,6.252837e+04,-1.067886e+05,-2.528075e+05,1.240504e-01,1.580613e+03
226,1.279350e+04,-3.334252,-5.791020,4.398506,1.175496e+05,2.041633e+05,-1.550700e+05,1.003072e+00,1.283280e+04
227,1.280566e+04,-1.576694,-1.179938,-7.753824,5.561301e+04,4.161866e+04,2.734922e+05,1.006719e+00,1.289170e+04
228,1.283255e+04,-5.870558,-0.611979,5.400188,2.072831e+05,2.160832e+04,-1.906748e+05,2.260316e-01,2.900561e+03
229,1.294379e+04,3.660068,-6.310564,-3.283395,-1.297920e+05,2.237830e+05,1.164346e+05,1.007562e+00,1.304167e+04
230,1.302271e+04,-3.632833,0.980451,7.059833,1.292183e+05,-3.487423e+04,-2.511153e+05,0.000000e+00,0.000000e+00
231,1.304936e+04,-2.420990,-4.151399,-6.395677,8.620168e+04,1.478145e+05,2.277242e+05,1.006672e+00,1.313643e+04
232,1.307917e+04,-1.626413,6.564361,4.273634,5.797608e+04,-2.339971e+05,-1.523405e+05,1.012055e+00,1.323684e+04
233,1.308432e+04,-1.025773,-5.226421,5.969281,3.657252e+04,1.863408e+05,-2.128265e+05,9.797536e-01,1.281941e+04
234,1.309632e+04,-1.287214,1.314030,7.785654,4.591487e+04,-4.687141e+04,-2.777140e+05,0.000000e+00,0.000000e+00
235,1.318125e+04,-7.102676,-3.136467,1.927320,2.541724e+05,1.122399e+05,-6.897002e+04,1.011507e+00,1.333293e+04
236,1.328467e+04,-1.926773,6.949773,3.462399,6.922040e+04,-2.496745e+05,-1.243886e+05,1.010415e+00,1.342303e+04
237,1.336539e+04,-6.724679,-4.233269,0.926353,2.423206e+05,1.525438e+05,-3.338069e+04,1.002910e+00,1.340429e+04
238,1.350402e+04,1.187257,-0.432062,7.899604,-4.300353e+04,1.564967e+04,-2.861310e+05,7.024762e-01,9.486249e+03
239,1.352059e+04,-2.727642,-1.877026,-7.282633,9.885831e+04,6.802931e+04,2.639455e+05,1.006677e+00,1.361087e+04
240,1.356654e+04,3.166322,2.442675,-6.928762,-1.149523e+05,-8.868052e+04,2.515465e+05,1.009255e+00,1.369210e+04
241,1.361697e+04,-0.258123,-0.398901,7.985878,9.388483e+03,1.450888e+04,-2.904631e+05,0.000000e+00,0.000000e+00
242,1.363020e+04,2.717930,7.501813,-0.579366,-9.890482e+04,-2.729892e+05,2.108301e+04,6.538668e-01,8.912336e+03
243,1.369177e+04,-0.739148,-3.847785,-6.974827,2.695810e+04,1.403358e+05,2.543848e+05,1.006765e+00,1.378439e+04
244,1.375728e+04,-3.865412,-6.081415,-3.474909,1.413156e+05,2.223304e+05,1.270392e+05,1.010885e+00,1.390703e+04
245,1.386284e+04,-6.637783,-1.478300,4.213605,2.436000e+05,5.425211e+04,-1.546351e+05,9.602384e-01,1.331164e+04
246,1.387494e+04,-5.714159,2.164523,5.163644,2.097954e+05,-7.947048e+04,-1.895832e+05,7.747167e-01,1.074915e+04
247,1.390232e+04,2.913773,2.642569,-6.966115,-1.070847e+05,-9.711760e+04,2.560132e+05,1.006382e+00,1.399105e+04
248,1.397602e+04,-3.956976,6.894140,-0.901761,1.458086e+05,-2.540387e+05,3.322852e+04,1.006912e+00,1.407262e+04
249,1.401941e+04,5.006809,-2.360250,5.775905,-1.847796e+05,8.710658e+04,-2.131636e+05,1.010711e+00,1.416958e+04
250,1.402672e+04,-4.599614,-3.199236,5.710380,1.697960e+05,1.181007e+05,-2.108002e+05,6.005192e-01,8.423313e+03
251,1.403687e+04,1.307779,3.718623,-6.961433,-4.829447e+04,-1.373236e+05,2.570762e+05,1.024871e+00,1.438598e+04
252,1.407628e+04,-4.907418,-4.800223,-4.107932,1.814785e+05,1.775143e+05,1.519131e+05,9.978795e-01,1.404643e+04
253,1.415215e+04,1.962169,-2.056008,7.478150,-7.275716e+04,7.623670e+04,-2.772895e+05,9.555733e-01,1.352342e+04
254,1.420194e+04,-3.547655,-7.079408,1.138476,1.317781e+05,2.629655e+05,-4.228883e+04,1.391747e+00,1.976550e+04
255,1.421805e+04,3.445595,0.708343,-7.185132,-1.280597e+05,-2.632642e+04,2.670440e+05,1.008768e+00,1.434271e+04
256,1.424996e+04,-0.791340,-1.271991,7.858487,2.944407e+04,4.732806e+04,-2.923976e+05,0.000000e+00,0.000000e+00
257,1.426619e+04,-0.775773,4.138291,6.802406,2.888130e+04,-1.540647e+05,-2.532472e+05,9.274484e-01,1.323115e+04
258,1.441069e+04,6.112235,-4.604543,-2.332116,-2.287022e+05,1.722888e+05,8.726107e+04,1.009721e+00,1.455077e+04
259,1.451352e+04,-2.832839,-7.279131,-1.728952,1.063742e+05,2.733342e+05,6.492280e+04,1.200593e+00,1.742483e+04
260,1.454816e+04,-4.368329,1.906569,6.425162,1.642281e+05,-7.167777e+04,-2.415550e+05,0.000000e+00,0.000000e+00
261,1.455448e+04,-0.780684,5.499524,5.757236,2.935632e+04,-2.068005e+05,-2.164913e+05,1.009655e+00,1.469501e+04
262,1.465429e+04,-0.956726,0.139527,-7.941361,3.609923e+04,-5.264629e+03,2.996439e+05,1.006788e+00,1.475377e+04
263,1.472270e+04,1.027145,4.945784,-6.203563,-3.884665e+04,-1.870497e+05,2.346189e+05,1.010256e+00,1.487369e+04
264,1.473068e+04,7.544232,-1.934260,-1.828443,-2.854003e+05,7.317356e+04,6.917048e+04,1.016882e+00,1.497936e+04
265,1.485170e+04,5.511253,5.798614,-0.046589,-2.093468e+05,-2.202623e+05,1.769715e+03,0.000000e+00,0.000000e+00
266,1.486966e+04,-2.906038,-0.092404,7.452946,1.104536e+05,3.512125e+03,-2.832739e+05,9.700633e-01,1.442451e+04
267,1.487079e+04,-3.657629,-6.546063,2.787617,1.390256e+05,2.488142e+05,-1.059566e+05,1.001456e+00,1.489244e+04
268,1.491329e+04,1.475687,-2.640992,7.405910,-5.617062e+04,1.005268e+05,-2.818988e+05,9.454267e-01,1.409943e+04
269,1.495067e+04,-2.187607,-2.935659,-7.113106,8.337343e+04,1.118830e+05,2.710926e+05,1.006614e+00,1.504954e+04
270,1.507136e+04,5.712046,4.463137,3.384218,-2.185727e+05,-1.707830e+05,-1.294979e+05,0.000000e+00,0.000000e+00
271,1.514491e+04,-1.488819,-7.598080,-2.013106,5.710884e+04,2.914508e+05,7.721968e+04,1.003459e+00,1.519729e+04
272,1.514900e+04,2.232571,3.382729,6.897302,-8.564960e+04,-1.297739e+05,-2.646057e+05,1.007301e+00,1.525961e+04
273,1.519008e+04,-1.324354,-2.458209,-7.496886,5.087592e+04,9.443369e+04,2.879977e+05,1.006623e+00,1.529069e+04
274,1.520105e+04,-3.534062,5.428438,-4.694941,1.358123e+05,-2.086122e+05,1.804243e+05,1.006837e+00,1.530499e+04
275,1.521053e+04,1.616431,-5.985075,5.056286,-6.213800e+04,2.300752e+05,-1.943712e+05,1.005944e+00,1.530094e+04
276,1.522871e+04,0.878699,1.597419,7.789489,-3.379869e+04,-6.144387e+04,-2.996185e+05,7.515331e-01,1.144488e+04
277,1.523992e+04,0.004247,-3.954922,6.954033,-1.634052e+02,1.521799e+05,-2.675816e+05,9.295167e-01,1.416577e+04
278,1.529172e+04,1.137209,-7.745235,1.648664,-4.383254e+04,2.985320e+05,-6.354603e+04,1.006582e+00,1.539237e+04
279,1.536155e+04,5.362727,-2.551490,5.360136,-2.071721e+05,9.856877e+04,-2.070720e+05,1.010942e+00,1.552963e+04
280,1.543704e+04,1.322715,-4.801797,6.260445,-5.122435e+04,1.859576e+05,-2.424461e+05,9.998495e-01,1.543472e+04
281,1.544429e+04,-1.303267,1.214213,-7.799178,5.048302e+04,-4.703347e+04,3.021071e+05,1.006857e+00,1.555020e+04
282,1.544898e+04,-5.352966,-4.813528,3.489371,2.073826e+05,1.864839e+05,-1.351839e+05,1.008573e+00,1.558141e+04
283,1.544957e+04,1.569279,4.621406,-6.338768,-6.079759e+04,-1.790443e+05,2.455789e+05,1.010659e+00,1.561425e+04
284,1.548007e+04,2.798230,0.322303,7.487725,-1.085171e+05,-1.249911e+04,-2.903785e+05,9.927350e-01,1.536761e+04
285,1.548775e+04,-4.207704,-6.160491,2.888526,1.632178e+05,2.389668e+05,-1.120466e+05,1.001234e+00,1.550687e+04
286,1.549230e+04,-1.039439,1.854915,-7.712254,4.032599e+04,-7.196311e+04,2.992040e+05,1.004897e+00,1.556816e+04
287,1.551939e+04,-3.166980,2.506309,-6.905697,1.229733e+05,-9.731953e+04,2.681470e+05,1.006785e+00,1.562469e+04
288,1.552758e+04,0.993763,1.053058,-7.867878,-3.859783e+04,-4.090084e+04,3.055889e+05,9.965059e-01,1.547333e+04
289,1.559578e+04,-4.664137,6.247907,-1.791503,1.815528e+05,-2.432014e+05,6.973471e+04,1.006535e+00,1.569770e+04
290,1.559827e+04,2.423298,-3.604547,-6.718249,-9.433503e+04,1.403191e+05,2.615305e+05,1.007299e+00,1.571212e+04
291,1.565557e+04,-6.539600,2.811649,3.650789,2.550432e+05,-1.096538e+05,-1.423801e+05,1.013107e+00,1.586077e+04
292,1.567980e+04,5.025398,-2.799089,-5.559719,-1.961412e+05,1.092484e+05,2.169957e+05,1.009429e+00,1.582764e+04
293,1.569951e+04,1.240743,-7.406160,-2.758506,-4.845661e+04,2.892438e+05,1.077321e+05,1.006916e+00,1.580808e+04
294,1.571265e+04,-1.217373,2.832326,7.382136,4.756379e+04,-1.106614e+05,-2.884263e+05,2.339563e-01,3.676074e+03
295,1.580000e+04,2.065105,2.292374,7.381082,-8.090935e+04,-8.981359e+04,-2.891856e+05,9.916863e-01,1.566865e+04
296,1.584028e+04,0.026162,-7.933407,1.029745,-1.026304e+03,3.112213e+05,-4.039610e+04,1.006557e+00,1.594414e+04
297,1.584698e+04,0.644201,6.669928,-4.370019,-2.527684e+04,-2.617113e+05,1.714686e+05,1.009261e+00,1.599374e+04
298,1.586033e+04,1.796339,-2.338910,7.436576,-7.051353e+04,9.181160e+04,-2.919155e+05,9.626545e-01,1.526802e+04
299,1.594048e+04,1.413916,-0.517158,7.857060,-5.564198e+04,2.035178e+04,-3.091995e+05,8.358100e-01,1.332322e+04
300,1.595798e+04,3.311977,4.064441,6.042444,-1.304080e+05,-1.600360e+05,-2.379193e+05,9.806077e-01,1.564852e+04
301,1.602687e+04,-1.091223,-0.784409,7.886313,4.305922e+04,3.095244e+04,-3.111906e+05,0.000000e+00,0.000000e+00
302,1.603408e+04,0.304804,-0.738417,7.960015,-1.203015e+04,2.914419e+04,-3.141694e+05,2.476063e-01,3.970139e+03
303,1.608252e+04,6.783840,-1.097755,-4.095662,-2.681518e+05,4.339209e+04,1.618934e+05,1.015098e+00,1.632534e+04
304,1.615333e+04,0.568382,7.663344,-2.224881,-2.251642e+04,-3.035830e+05,8.813854e+04,1.003138e+00,1.620403e+04
305,1.619349e+04,1.099213,7.815808,1.305710,-4.359939e+04,-3.100075e+05,-5.178989e+04,9.636267e-01,1.560448e+04
306,1.626483e+04,7.295080,-3.266004,-0.339163,-2.899899e+05,1.298283e+05,1.348223e+04,1.013578e+00,1.648568e+04
307,1.633580e+04,4.782930,-5.817906,-2.697324,-1.905427e+05,2.317741e+05,1.074562e+05,1.007651e+00,1.646079e+04
308,1.639421e+04,-5.116458,-5.052888,-3.505734,2.041939e+05,2.016568e+05,1.399111e+05,1.002368e+00,1.643303e+04
309,1.643031e+04,4.793751,0.790172,6.355752,-1.915254e+05,-3.156984e+04,-2.539323e+05,1.008647e+00,1.657238e+04
310,1.645295e+04,-2.750960,-1.095679,7.431804,1.099852e+05,4.380597e+04,-2.971284e+05,0.000000e+00,0.000000e+00
311,1.649415e+04,5.140953,6.035819,-1.067470,-2.057959e+05,-2.416180e+05,4.273154e+04,0.000000e+00,0.000000e+00
312,1.655811e+04,5.498422,-4.750148,3.347155,-2.205320e+05,1.905200e+05,-1.342484e+05,1.008638e+00,1.670114e+04
313,1.657451e+04,-0.657096,2.056968,-7.703058,2.636799e+04,-8.254219e+04,3.091090e+05,1.022144e+00,1.694153e+04
314,1.657579e+04,4.663046,-0.880451,-6.440560,-1.871263e+05,3.533219e+04,2.584573e+05,1.010316e+00,1.674679e+04
315,1.657774e+04,-6.223075,2.077465,-4.577934,2.497444e+05,-8.337284e+04,1.837216e+05,1.006606e+00,1.668725e+04
316,1.661929e+04,-7.468918,1.512057,2.434944,3.001179e+05,-6.075783e+04,-9.784153e+04,1.013214e+00,1.683890e+04
317,1.674438e+04,-7.818840,1.634129,-0.441998,3.153587e+05,-6.590961e+04,1.782720e+04,1.007821e+00,1.687534e+04
318,1.681289e+04,2.691216,-1.974276,7.270460,-1.087672e+05,7.979157e+04,-2.938401e+05,9.945553e-01,1.672135e+04
319,1.682209e+04,-2.864979,-7.122665,2.249342,1.158216e+05,2.879456e+05,-9.093340e+04,9.991550e-01,1.680787e+04
320,1.682381e+04,4.464043,0.888101,6.579027,-1.804756e+05,-3.590481e+04,-2.659818e+05,1.009131e+00,1.697743e+04
321,1.684533e+04,-1.194013,7.579172,2.265058,4.830330e+04,-3.066123e+05,-9.163199e+04,1.007304e+00,1.696836e+04
322,1.686039e+04,-1.266585,-7.201865,-3.244827,5.126207e+04,2.914787e+05,1.313268e+05,1.006543e+00,1.697071e+04
323,1.686437e+04,7.086876,0.012261,3.711608,-2.868586e+05,-4.962859e+02,-1.502364e+05,9.967562e-01,1.680966e+04
324,1.689969e+04,-6.726946,0.329631,4.317354,2.725746e+05,-1.335658e+04,-1.749384e+05,9.670169e-01,1.634229e+04
325,1.703441e+04,4.853115,5.718693,2.782773,-1.974295e+05,-2.326421e+05,-1.132060e+05,0.000000e+00,0.000000e+00
326,1.703580e+04,5.043380,1.856454,-5.926035,-2.051781e+05,-7.552547e+04,2.410869e+05,1.013824e+00,1.727131e+04
327,1.704776e+04,0.022167,-0.005407,-7.999967,-9.021277e+02,2.200581e+02,3.255742e+05,1.013219e+00,1.727312e+04
328,1.705770e+04,-2.746797,3.791520,6.486870,1.118188e+05,-1.543482e+05,-2.640727e+05,8.608726e-01,1.468451e+04
329,1.722187e+04,-4.564717,-1.258775,6.448166,1.867162e+05,5.148921e+04,-2.637573e+05,0.000000e+00,0.000000e+00
330,1.722318e+04,-7.515586,-0.651349,-2.663027,3.074309e+05,2.664394e+04,1.089332e+05,1.006878e+00,1.734165e+04
331,1.724573e+04,1.066240,-3.393630,7.165641,-4.364391e+04,1.389099e+05,-2.933080e+05,9.672622e-01,1.668114e+04
332,1.728208e+04,-7.711394,-1.161066,-1.785028,3.159795e+05,4.757547e+04,7.314272e+04,1.007085e+00,1.740453e+04
333,1.739667e+04,-1.624747,-3.381320,-7.065895,6.679547e+04,1.390104e+05,2.904881e+05,1.006558e+00,1.751075e+04
334,1.740325e+04,-2.840976,5.011981,-5.550577,1.168182e+05,-2.060880e+05,2.282345e+05,1.006994e+00,1.752496e+04
335,1.743293e+04,-6.454193,4.518919,-1.386640,2.656166e+05,-1.859721e+05,5.706597e+04,1.006589e+00,1.754780e+04
336,1.745616e+04,-5.636116,-4.937610,-2.802536,2.321038e+05,2.033383e+05,1.154127e+05,1.222084e+00,2.133290e+04
337,1.748711e+04,6.834414,1.739375,3.776952,-2.817010e+05,-7.169358e+04,-1.556785e+05,7.763028e-01,1.357529e+04
338,1.748780e+04,3.684478,6.843295,1.895769,-1.518699e+05,-2.820725e+05,-7.814136e+04,4.984532e-02,8.716847e+02
339,1.756701e+04,-0.897708,-7.242447,3.277360,3.708619e+04,2.992005e+05,-1.353945e+05,1.006845e+00,1.768725e+04
340,1.769227e+04,6.619548,4.005479,2.034139,-2.744405e+05,-1.660636e+05,-8.433355e+04,0.000000e+00,0.000000e+00
341,1.773342e+04,-3.570307,6.978655,-1.597275,1.481937e+05,-2.896650e+05,6.629855e+04,1.006875e+00,1.785534e+04
342,1.773740e+04,-1.474952,-0.299270,7.857159,6.122812e+04,1.242326e+04,-3.261659e+05,0.000000e+00,0.000000e+00
343,1.775172e+04,6.085490,5.042877,-1.239435,-2.527225e+05,-2.094241e+05,5.147212e+04,0.000000e+00,0.000000e+00
344,1.780062e+04,1.033745,1.063223,7.861357,-4.298916e+04,-4.421503e+04,-3.269212e+05,7.927835e-01,1.411204e+04
345,1.784278e+04,2.993234,-1.695441,-7.222605,-1.246235e+05,7.058982e+04,3.007137e+05,1.007760e+00,1.798124e+04
346,1.788978e+04,-3.537191,-1.132185,-7.085650,1.474650e+05,4.720064e+04,2.953999e+05,1.006583e+00,1.800756e+04
347,1.791978e+04,-0.344930,-0.577808,-7.971647,1.439212e+04,2.410895e+04,3.326155e+05,1.006682e+00,1.803953e+04
348,1.799730e+04,3.352841,5.235600,5.034575,-1.401989e+05,-2.189264e+05,-2.105206e+05,8.864432e-01,1.595358e+04
349,1.801004e+04,-1.282095,-0.906574,7.844384,5.362972e+04,3.792179e+04,-3.281287e+05,0.000000e+00,0.000000e+00
350,1.803051e+04,5.888928,-1.938245,5.056059,-2.464724e+05,8.112241e+04,-2.116139e+05,1.011949e+00,1.824595e+04
351,1.814014e+04,-4.239772,1.968325,6.492305,1.779881e+05,-8.263143e+04,-2.725507e+05,0.000000e+00,0.000000e+00
352,1.817538e+04,0.395629,-6.839209,-4.131429,-1.662486e+04,2.873927e+05,1.736081e+05,1.006781e+00,1.829863e+04
353,1.828940e+04,-1.642265,-3.690557,6.905270,6.922626e+04,1.555678e+05,-2.910774e+05,7.171136e-01,1.311558e+04
354,1.830753e+04,0.084365,-0.045736,7.999424,-3.558008e+03,1.928879e+03,-3.373663e+05,9.144151e-02,1.674069e+03
355,1.831428e+04,3.013632,6.215899,-4.034925,-1.271198e+05,-2.621965e+05,1.701996e+05,9.918448e-01,1.816492e+04
356,1.836045e+04,-7.909007,-0.872267,0.828711,3.340347e+05,3.683997e+04,-3.500038e+04,1.009373e+00,1.853255e+04
357,1.846666e+04,6.556064,4.374293,1.372438,-2.776933e+05,-1.852807e+05,-5.813196e+04,8.447738e-01,1.560015e+04
358,1.847614e+04,-1.668497,-2.359703,-7.459754,7.069017e+04,9.997490e+04,3.160518e+05,1.006521e+00,1.859663e+04
359,1.847956e+04,0.115309,0.387014,7.989801,-4.885826e+03,-1.639835e+04,-3.385399e+05,1.475396e-01,2.726466e+03
360,1.849553e+04,6.079507,4.970696,-1.527014,-2.577091e+05,-2.107069e+05,6.472984e+04,0.000000e+00,0.000000e+00
361,1.849759e+04,0.021339,0.753571,7.964400,-9.046099e+02,-3.194551e+04,-3.376282e+05,1.306950e-01,2.417542e+03
362,1.859200e+04,5.978695,-5.181353,-1.186925,-2.540958e+05,2.202086e+05,5.044456e+04,1.008391e+00,1.874800e+04
363,1.861437e+04,-1.577448,0.128657,-7.841881,6.708219e+04,-5.471253e+03,3.334821e+05,1.006607e+00,1.873735e+04
364,1.872005e+04,-5.335053,-1.693029,-5.715843,2.275204e+05,7.220144e+04,2.437597e+05,1.006589e+00,1.884340e+04
365,1.875691e+04,3.484112,6.576213,2.935027,-1.487308e+05,-2.807272e+05,-1.252913e+05,3.401079e-01,6.379373e+03
366,1.879117e+04,6.353854,-1.335074,4.673983,-2.714827e+05,5.704404e+04,-1.997065e+05,1.013117e+00,1.903765e+04
367,1.892630e+04,4.373811,-3.597411,5.650523,-1.875516e+05,1.542592e+05,-2.422979e+05,1.007909e+00,1.907598e+04
368,1.894663e+04,3.384659,-5.366378,-4.872995,-1.452141e+05,2.302371e+05,2.090692e+05,1.007159e+00,1.908227e+04
369,1.898473e+04,-2.238006,-0.373230,7.671508,9.611506e+04,1.602902e+04,-3.294663e+05,3.178331e-01,6.033976e+03
370,1.906013e+04,1.320625,-6.452490,4.541071,-5.682905e+04,2.776632e+05,-1.954111e+05,1.006509e+00,1.918419e+04
371,1.909834e+04,0.298871,-7.174170,-3.527317,-1.287387e+04,3.090278e+05,1.519394e+05,1.006725e+00,1.922678e+04
372,1.918691e+04,4.483746,6.529669,1.122253,-1.935849e+05,-2.819173e+05,-4.845306e+04,0.000000e+00,0.000000e+00
373,1.940358e+04,4.013511,6.542799,2.254664,-1.742583e+05,-2.840747e+05,-9.789279e+04,8.816162e-03,1.710651e+02
374,1.940615e+04,0.181781,0.317699,-7.991622,-7.893068e+03,-1.379476e+04,3.470026e+05,1.004898e+00,1.950121e+04
375,1.945934e+04,-3.597612,6.209913,3.534710,1.564251e+05,-2.700086e+05,-1.536901e+05,1.010688e+00,1.966732e+04
376,1.947470e+04,-3.163782,6.494164,-3.437488,1.376163e+05,-2.824793e+05,1.495218e+05,1.006929e+00,1.960965e+04
377,1.952881e+04,1.891721,0.456461,7.759706,-8.239922e+04,-1.988244e+04,-3.379957e+05,9.545972e-01,1.864215e+04
378,1.957043e+04,-5.696085,0.318069,5.608337,2.483732e+05,-1.386913e+04,-2.445470e+05,2.692943e-01,5.270207e+03
379,1.959106e+04,-0.022720,-0.035121,7.999891,9.912108e+02,1.532240e+03,-3.490125e+05,5.246762e-02,1.027896e+03
380,1.960471e+04,0.897960,0.659934,-7.922004,-3.918911e+04,-2.880108e+04,3.457350e+05,9.997332e-01,1.959948e+04
381,1.970906e+04,1.450416,2.466874,7.470664,-6.346780e+04,-1.079463e+05,-3.269040e+05,9.767521e-01,1.925086e+04
382,1.974641e+04,4.954043,-1.240315,6.157847,-2.169861e+05,5.432557e+04,-2.697125e+05,1.010167e+00,1.994718e+04
383,1.978692e+04,-0.158556,5.529019,5.779689,6.951819e+03,-2.424182e+05,-2.534088e+05,1.009160e+00,1.996817e+04
384,1.984370e+04,-3.424337,-1.094310,-7.146775,1.503543e+05,4.804848e+04,3.137975e+05,1.006535e+00,1.997338e+04
385,1.984396e+04,-2.267266,-0.858526,-7.623807,9.955078e+04,3.769604e+04,3.347450e+05,1.006517e+00,1.997327e+04
386,1.989446e+04,0.002617,-0.042895,-7.999885,-1.150469e+02,1.885829e+03,3.517044e+05,1.004496e+00,1.998390e+04
387,2.000830e+04,-4.056894,4.054849,-5.576720,1.788656e+05,-1.787754e+05,2.458737e+05,1.006581e+00,2.013997e+04
388,2.011157e+04,0.738825,-7.182802,-3.444051,-3.265825e+04,3.175009e+05,1.522371e+05,1.006724e+00,2.024679e+04
389,2.019899e+04,2.663047,1.998638,-7.274175,-1.179700e+05,-8.853746e+04,3.222379e+05,1.024041e+00,2.068459e+04
390,2.027013e+04,5.752272,-2.663892,4.880066,-2.552676e+05,1.182151e+05,-2.165619e+05,1.010355e+00,2.048003e+04
391,2.042181e+04,4.009472,-0.624718,-6.894481,-1.785921e+05,2.782654e+04,3.070978e+05,1.008898e+00,2.060352e+04
392,2.056045e+04,1.992466,4.997675,-5.920585,-8.905029e+04,-2.233636e+05,2.646116e+05,1.010584e+00,2.077806e+04
393,2.056627e+04,7.243095,1.492324,3.051318,-3.237651e+05,-6.670664e+04,-1.363934e+05,7.853053e-01,1.615080e+04
394,2.064379e+04,2.668590,7.150045,-2.399060,-1.195101e+05,-3.202075e+05,1.074395e+05,9.553732e-01,1.972252e+04
395,2.067745e+04,-4.910333,-1.577694,-6.115514,2.200835e+05,7.071300e+04,2.741003e+05,1.006544e+00,2.081276e+04
396,2.074847e+04,-0.739484,-2.764313,-7.470725,3.320092e+04,1.241105e+05,3.354161e+05,1.006507e+00,2.088347e+04
397,2.080576e+04,7.995497,-0.268310,0.005701,-3.594722e+05,1.206302e+04,-2.563305e+02,9.990895e-01,2.078682e+04
398,2.090759e+04,-0.065108,-6.620456,-4.490582,2.934375e+03,2.983788e+05,2.023871e+05,1.006652e+00,2.104668e+04
399,2.091747e+04,2.949242,5.464031,5.044437,-1.329515e+05,-2.463178e+05,-2.274026e+05,9.474925e-01,1.981915e+04
400,2.093121e+04,6.441213,-4.039467,2.488672,-2.904643e+05,1.821584e+05,-1.122258e+05,1.009737e+00,2.113501e+04
401,2.115109e+04,6.469606,-4.547304,-1.210877,-2.932732e+05,2.061334e+05,5.489014e+04,1.008978e+00,2.134099e+04
402,2.122448e+04,-0.445717,5.381154,5.902925,2.023977e+04,-2.443554e+05,-2.680488e+05,1.008099e+00,2.139638e+04
403,2.128733e+04,-4.053682,6.795263,1.179856,1.843480e+05,-3.090259e+05,-5.365594e+04,1.007525e+00,2.144751e+04
404,2.134595e+04,-2.141480,-3.732819,-6.743895,9.752139e+04,1.699897e+05,3.071119e+05,1.006459e+00,2.148383e+04
405,2.147339e+04,-5.526311,-1.485594,-5.590429,2.524141e+05,6.785449e+04,2.553427e+05,1.006538e+00,2.161377e+04
406,2.153877e+04,0.418419,-7.647722,2.310254,-1.914036e+04,3.498409e+05,-1.056813e+05,1.006519e+00,2.167917e+04
407,2.161000e+04,-2.066407,-6.684017,-3.879932,9.468286e+04,3.062620e+05,1.777786e+05,1.006350e+00,2.174723e+04
408,2.177571e+04,-1.071946,6.404593,4.672486,4.930457e+04,-2.945817e+05,-2.149128e+05,1.009780e+00,2.198868e+04
409,2.177806e+04,2.318007,-0.684647,-7.626146,-1.066234e+05,3.149230e+04,3.507864e+05,1.004797e+00,2.188253e+04
410,2.184057e+04,7.581652,-1.237950,2.232943,-3.492399e+05,5.702473e+04,-1.028579e+05,1.014116e+00,2.214887e+04
411,2.184488e+04,2.165811,-7.277269,-2.520045,-9.977540e+04,3.352519e+05,1.160944e+05,1.006703e+00,2.199131e+04
412,2.193626e+04,1.402549,1.159208,7.790320,-6.474815e+04,-5.351440e+04,-3.596372e+05,9.288393e-01,2.037526e+04
413,2.197085e+04,-5.601067,5.040199,2.687832,2.587750e+05,-2.328622e+05,-1.241806e+05,1.010311e+00,2.219738e+04
414,2.197194e+04,-6.044218,-2.354009,-4.682528,2.792559e+05,1.087603e+05,2.163429e+05,1.006428e+00,2.211318e+04
415,2.199615e+04,7.486126,0.524995,2.771695,-3.460656e+05,-2.426925e+04,-1.281288e+05,9.645425e-01,2.121622e+04
416,2.204032e+04,-5.475368,-2.397646,5.317109,2.533672e+05,1.109486e+05,-2.460439e+05,8.376344e-01,1.846173e+04
417,2.205540e+04,2.389143,3.850793,-6.592677,-1.105930e+05,-1.782526e+05,3.051739e+05,1.010190e+00,2.228015e+04
418,2.212886e+04,2.561788,6.674228,-3.590532,-1.187820e+05,-3.094629e+05,1.664817e+05,9.975499e-01,2.207464e+04
419,2.216707e+04,6.663701,3.282952,2.969397,-3.092414e+05,-1.523515e+05,-1.378004e+05,5.202552e-04,1.153253e+01
420,2.222441e+04,-5.021819,0.212960,6.223823,2.333481e+05,-9.895583e+03,-2.892014e+05,0.000000e+00,0.000000e+00
421,2.232071e+04,-1.604886,2.120080,-7.545171,7.473539e+04,-9.872664e+04,3.513590e+05,1.006733e+00,2.247100e+04
422,2.232816e+04,-0.415586,0.167114,-7.987450,1.935600e+04,-7.783351e+03,3.720169e+05,1.006636e+00,2.247633e+04
423,2.246774e+04,-3.084133,-1.611634,7.203524,1.440923e+05,7.529640e+04,-3.365525e+05,0.000000e+00,0.000000e+00
424,2.249959e+04,-2.052684,0.002126,7.732172,9.597041e+04,-9.939468e+01,-3.615071e+05,0.000000e+00,0.000000e+00
425,2.257317e+04,3.439249,6.537975,3.070253,-1.610601e+05,-3.061735e+05,-1.437800e+05,5.167663e-01,1.166505e+04
426,2.259759e+04,2.847409,4.793011,5.737535,-1.334163e+05,-2.245782e+05,-2.688342e+05,9.912369e-01,2.239957e+04
427,2.260698e+04,1.449958,-5.481566,5.643585,-6.795239e+04,2.568940e+05,-2.644870e+05,1.005928e+00,2.274098e+04
428,2.271474e+04,-7.602561,-2.460387,-0.384143,3.571427e+05,1.155807e+05,1.804575e+04,1.007222e+00,2.287879e+04
429,2.279709e+04,-4.597382,6.173985,2.178528,2.163607e+05,-2.905583e+05,-1.025252e+05,1.008478e+00,2.299035e+04
430,2.281834e+04,6.743615,-3.948945,-1.711576,-3.175140e+05,1.859307e+05,8.058725e+04,1.009567e+00,2.303664e+04
431,2.284619e+04,-3.707747,2.675269,-6.564720,1.746808e+05,-1.260383e+05,3.092795e+05,1.006562e+00,2.299610e+04
432,2.285803e+04,3.061947,0.856444,7.341048,-1.442929e+05,-4.035955e+04,-3.459438e+05,1.005024e+00,2.297288e+04
433,2.292498e+04,4.757272,-0.931683,6.363987,-2.245125e+05,4.396940e+04,-3.003391e+05,1.009468e+00,2.314205e+04
434,2.293091e+04,3.185197,-5.735393,4.578187,-1.503402e+05,2.707085e+05,-2.160888e+05,1.006661e+00,2.308366e+04
435,2.301113e+04,6.891313,-0.654829,4.010112,-3.258360e+05,3.096173e+04,-1.896067e+05,1.011879e+00,2.328448e+04
436,2.301881e+04,5.850032,3.331672,-4.321700,-2.766481e+05,-1.575548e+05,2.043733e+05,9.881984e-01,2.274715e+04
437,2.306602e+04,1.119466,3.778066,6.962256,-5.299381e+04,-1.788479e+05,-3.295827e+05,1.001322e+00,2.309652e+04
438,2.311895e+04,1.016135,2.965754,-7.360148,-4.815744e+04,-1.405553e+05,3.488178e+05,1.054754e+00,2.438481e+04
439,2.322308e+04,4.717286,3.024770,5.709464,-2.240682e+05,-1.436747e+05,-2.711960e+05,9.715687e-01,2.256282e+04
440,2.325118e+04,-3.204926,-0.345061,-7.321843,1.523240e+05,1.640008e+04,3.479933e+05,1.006487e+00,2.340200e+04
441,2.332152e+04,-0.273761,-0.190360,-7.993048,1.303101e+04,9.061148e+03,3.804687e+05,1.006595e+00,2.347534e+04
442,2.332569e+04,2.944149,-5.981320,-4.422193,-1.401539e+05,2.847360e+05,2.105150e+05,1.006828e+00,2.348496e+04
443,2.332976e+04,-5.259375,-5.461369,2.551946,2.503902e+05,2.600068e+05,-1.214939e+05,1.000790e+00,2.334819e+04
444,2.335611e+04,-6.994585,3.842372,0.558530,3.331887e+05,-1.830323e+05,-2.660569e+04,1.007655e+00,2.353490e+04
445,2.336147e+04,2.488612,-5.890209,4.807520,-1.185592e+05,2.806137e+05,-2.290336e+05,1.006565e+00,2.351485e+04
446,2.357480e+04,-7.701798,1.253593,1.763748,3.685905e+05,-5.999410e+04,-8.440896e+04,1.010091e+00,2.381270e+04
447,2.357633e+04,-6.854911,1.576051,-3.811333,3.280711e+05,-7.542868e+04,1.824077e+05,1.006498e+00,2.372953e+04
448,2.359068e+04,-6.392909,-2.638911,-4.020804,3.060531e+05,1.263348e+05,1.924913e+05,1.006335e+00,2.374012e+04
449,2.365318e+04,-3.542657,-5.038346,5.105355,1.698251e+05,2.415243e+05,-2.447365e+05,9.993035e-01,2.363671e+04
450,2.371435e+04,1.478442,0.048150,7.862054,-7.096397e+04,-2.311178e+03,-3.773720e+05,9.262110e-01,2.196449e+04
451,2.382705e+04,1.260062,5.581070,5.591413,-6.062545e+04,-2.685225e+05,-2.690201e+05,1.006728e+00,2.398736e+04
452,2.384661e+04,-0.592366,-7.949602,0.673004,2.851224e+04,3.826368e+05,-3.239358e+04,1.006414e+00,2.399956e+04
453,2.386361e+04,5.018928,-2.634764,5.645208,-2.416613e+05,1.268638e+05,-2.718167e+05,1.008764e+00,2.407274e+04
454,2.394207e+04,-3.216586,-7.295545,0.654676,1.551330e+05,3.518574e+05,-3.157443e+04,1.152229e+00,2.758675e+04
455,2.401277e+04,-3.959029,-0.159040,-6.949877,1.912220e+05,7.681681e+03,3.356806e+05,1.006496e+00,2.416875e+04
456,2.402467e+04,3.551532,-0.606017,7.142784,-1.715823e+05,2.927803e+04,-3.450836e+05,1.006542e+00,2.418183e+04
457,2.410948e+04,-4.201162,3.196301,-6.011148,2.033253e+05,-1.546926e+05,2.909239e+05,1.006505e+00,2.426632e+04
458,2.413226e+04,-6.981847,2.053250,-3.322345,3.380628e+05,-9.941888e+04,1.608688e+05,1.006467e+00,2.428831e+04
459,2.419938e+04,-0.303207,-6.028625,5.250118,1.470176e+04,2.923132e+05,-2.545653e+05,1.006113e+00,2.434731e+04
460,2.420610e+04,2.095549,4.483075,-6.285755,-1.016221e+05,-2.174035e+05,3.048231e+05,1.010004e+00,2.444826e+04
461,2.428369e+04,3.387074,1.786693,-7.023920,-1.645167e+05,-8.678314e+04,3.411654e+05,1.008277e+00,2.448468e+04
462,2.445350e+04,1.271136,-0.459347,-7.884999,-6.195701e+04,2.238926e+04,3.843264e+05,1.019294e+00,2.492531e+04
463,2.445477e+04,-2.938783,2.859396,-6.869309,1.432443e+05,-1.393748e+05,3.348288e+05,1.006604e+00,2.461627e+04
464,2.446366e+04,0.452245,3.343246,-7.253839,-2.204765e+04,-1.629886e+05,3.536362e+05,1.011127e+00,2.473587e+04
465,2.451320e+04,3.070899,-0.899480,-7.332156,-1.498627e+05,4.389543e+04,3.578160e+05,1.007562e+00,2.469857e+04
466,2.453709e+04,0.005054,-7.732527,2.051343,-2.467556e+02,3.775383e+05,-1.001562e+05,1.006488e+00,2.469628e+04
467,2.458004e+04,-5.971658,4.129634,3.359379,2.918195e+05,-2.018045e+05,-1.641642e+05,1.011868e+00,2.487176e+04
468,2.470134e+04,1.201914,4.035192,-6.802399,-5.887917e+04,-1.976753e+05,3.332348e+05,1.008616e+00,2.491416e+04
469,2.471312e+04,7.551159,-1.646253,2.066362,-3.700032e+05,8.066559e+04,-1.012508e+05,1.014120e+00,2.506208e+04
470,2.472596e+04,-1.208981,-7.621836,2.108550,5.925487e+04,3.735633e+05,-1.033448e+05,1.006556e+00,2.488806e+04
471,2.480082e+04,-0.251538,-0.190993,-7.993763,1.234708e+04,9.375177e+03,3.923850e+05,1.006570e+00,2.496376e+04
472,2.480344e+04,3.180172,0.083985,7.340262,-1.561114e+05,-4.122745e+03,-3.603260e+05,1.004997e+00,2.492739e+04
473,2.483102e+04,-2.373461,-4.870555,5.885947,1.165756e+05,2.392235e+05,-2.890957e+05,9.870510e-01,2.450948e+04
474,2.492907e+04,-1.493080,-3.211825,7.173207,7.347914e+04,1.580640e+05,-3.530161e+05,6.469721e-01,1.612842e+04
475,2.520604e+04,-1.493646,-1.067797,7.786452,7.391423e+04,5.284075e+04,-3.853186e+05,0.000000e+00,0.000000e+00
476,2.520710e+04,1.735135,5.699218,-5.339309,-8.586629e+04,-2.820361e+05,2.642254e+05,1.010020e+00,2.545966e+04
477,2.524323e+04,5.623981,-1.511433,-5.485108,-2.785123e+05,7.484959e+04,2.716350e+05,1.009651e+00,2.548685e+04
478,2.537251e+04,0.834142,3.781614,-7.000258,-4.141425e+04,-1.877530e+05,3.475552e+05,1.008097e+00,2.557794e+04
479,2.539228e+04,1.177640,5.896073,5.277261,-5.849132e+04,-2.928477e+05,-2.621123e+05,1.006092e+00,2.554698e+04
480,2.548265e+04,3.806785,-6.359596,-3.010636,-1.894125e+05,3.164316e+05,1.497989e+05,1.006799e+00,2.565591e+04
481,2.553403e+04,-5.866284,1.595628,-5.200066,2.921802e+05,-7.947295e+04,2.589981e+05,1.006470e+00,2.569924e+04
482,2.557123e+04,-2.156579,1.315295,7.590729,1.074903e+05,-6.555821e+04,-3.783444e+05,0.000000e+00,0.000000e+00
483,2.567032e+04,-5.078069,2.168276,5.788938,2.535959e+05,-1.082825e+05,-2.890963e+05,6.447288e-01,1.655040e+04
484,2.569571e+04,-5.355402,-5.836880,-1.118258,2.675780e+05,2.916347e+05,5.587280e+04,9.942238e-01,2.554729e+04
485,2.580003e+04,1.062762,0.575084,7.908212,-5.320767e+04,-2.879183e+04,-3.959282e+05,8.740969e-01,2.255173e+04
486,2.586765e+04,-6.870494,1.295853,3.888070,3.444248e+05,-6.496242e+04,-1.949129e+05,1.008562e+00,2.608912e+04
487,2.588696e+04,3.727133,-4.880647,5.127160,-1.869147e+05,2.447631e+05,-2.571257e+05,1.006883e+00,2.606514e+04
488,2.590479e+04,-0.915827,-3.033262,-7.345787,4.594430e+04,1.521696e+05,3.685161e+05,1.006418e+00,2.607104e+04
489,2.596868e+04,3.300232,7.246107,-0.776149,-1.657668e+05,-3.639634e+05,3.898503e+04,7.254328e-01,1.883853e+04
490,2.600268e+04,-0.833462,-5.325349,5.911515,4.189119e+04,2.676610e+05,-2.971227e+05,1.002046e+00,2.605588e+04
491,2.607689e+04,0.325948,4.225136,-6.785424,-1.640605e+04,-2.126653e+05,3.415332e+05,1.007908e+00,2.628309e+04
492,2.609478e+04,0.654058,-0.715285,7.941069,-3.293225e+04,3.601506e+04,-3.998378e+05,7.578976e-01,1.977717e+04
493,2.609657e+04,-7.165601,0.554334,3.513812,3.608049e+05,-2.791202e+04,-1.769287e+05,1.010648e+00,2.637446e+04
494,2.624093e+04,3.368958,5.700118,4.489853,-1.701035e+05,-2.878071e+05,-2.266991e+05,8.857702e-01,2.324344e+04
495,2.625673e+04,1.354176,1.873034,-7.658848,-6.839489e+04,-9.460062e+04,3.868226e+05,9.984738e-01,2.621666e+04
496,2.628769e+04,-3.426804,-2.226855,-6.877364,1.731783e+05,1.125372e+05,3.475571e+05,1.006406e+00,2.645609e+04
497,2.630050e+04,1.860424,7.508202,-2.041011,-9.404202e+04,-3.795299e+05,1.031705e+05,9.948841e-01,2.616595e+04
498,2.632483e+04,3.697341,5.444776,4.547976,-1.869822e+05,-2.753536e+05,-2.300006e+05,8.458747e-01,2.226751e+04
499,2.640507e+04,-0.594838,0.644638,7.951768,3.012802e+04,-3.265033e+04,-4.027499e+05,3.941668e-06,1.040800e-01
500,2.642999e+04,4.842090,2.103575,-6.010752,-2.453632e+05,-1.065944e+05,3.045828e+05,1.011865e+00,2.674358e+04
501,2.658605e+04,-0.267932,0.776652,-7.957702,1.361695e+04,-3.947130e+04,4.044293e+05,1.006650e+00,2.676285e+04
502,2.676027e+04,-1.201254,-3.532104,7.076809,6.125029e+04,1.800971e+05,-3.608368e+05,8.527293e-01,2.281926e+04
503,2.684674e+04,-6.077909,-2.651056,-4.475591,3.104045e+05,1.353919e+05,2.285726e+05,1.006312e+00,2.701621e+04
504,2.685891e+04,-3.764076,0.995730,6.988580,1.922785e+05,-5.086441e+04,-3.569942e+05,0.000000e+00,0.000000e+00
505,2.687695e+04,4.575822,0.359012,-6.552325,-2.338230e+05,-1.834537e+04,3.348216e+05,1.009579e+00,2.713440e+04
506,2.690524e+04,-7.164634,-3.020008,-1.883499,3.663030e+05,1.544026e+05,9.629682e+04,1.001129e+00,2.693562e+04
507,2.694748e+04,-1.079136,-7.922214,-0.272022,5.521578e+04,4.053533e+05,1.391848e+04,1.006336e+00,2.711821e+04
508,2.709065e+04,-7.618552,1.217699,-2.115388,3.908501e+05,-6.247088e+04,1.085245e+05,1.006604e+00,2.726955e+04
509,2.714843e+04,-1.079060,-6.989541,3.739245,5.541737e+04,3.589625e+05,-1.920367e+05,1.006926e+00,2.733646e+04
510,2.721396e+04,5.402764,1.135048,-5.789802,-2.778049e+05,-5.836310e+04,2.977060e+05,1.011787e+00,2.753472e+04
511,2.735367e+04,-3.289734,2.112668,6.979562,1.695886e+05,-1.089098e+05,-3.598024e+05,0.000000e+00,0.000000e+00
512,2.736528e+04,4.012554,0.888171,6.863714,-2.068945e+05,-4.579570e+04,-3.539054e+05,1.008245e+00,2.759090e+04
513,2.737573e+04,4.049542,-1.399825,-6.755864,-2.088415e+05,7.219126e+04,3.484110e+05,1.007858e+00,2.759085e+04
514,2.751519e+04,-1.966457,3.440604,-6.949481,1.016714e+05,-1.778890e+05,3.593078e+05,1.006737e+00,2.770057e+04
515,2.753468e+04,-1.376563,0.531166,7.862756,7.119740e+04,-2.747253e+04,-4.066707e+05,0.000000e+00,0.000000e+00
516,2.755901e+04,-3.008924,-3.843364,6.338370,1.556937e+05,1.988710e+05,-3.279725e+05,8.722177e-01,2.403746e+04
517,2.766980e+04,-2.740740,-6.778882,3.245783,1.421016e+05,3.514707e+05,-1.682870e+05,1.007200e+00,2.786904e+04
518,2.774998e+04,3.156946,3.106695,-6.661992,-1.639179e+05,-1.613088e+05,3.459103e+05,1.009922e+00,2.802533e+04
519,2.779498e+04,-5.760443,-1.500480,-5.344704,2.993416e+05,7.797250e+04,2.777377e+05,1.006431e+00,2.797372e+04
520,2.780736e+04,-6.062070,-1.956317,-4.839848,3.150858e+05,1.016827e+05,2.515589e+05,1.006390e+00,2.798504e+04
521,2.781001e+04,-1.160492,-6.286763,-4.809353,6.032130e+04,3.267802e+05,2.499857e+05,1.006429e+00,2.798881e+04
522,2.797397e+04,-3.233032,2.953004,6.695317,1.685447e+05,-1.539463e+05,-3.490409e+05,5.147226e-01,1.439884e+04
523,2.819576e+04,-2.158276,6.097987,-4.707059,1.129606e+05,-3.191585e+05,2.463597e+05,1.007086e+00,2.839557e+04
524,2.819756e+04,-4.262434,0.261178,6.764868,2.230958e+05,-1.367008e+04,-3.540733e+05,0.000000e+00,0.000000e+00
525,2.823969e+04,0.799308,7.929568,-0.695027,-4.186704e+04,-4.153436e+05,3.640491e+04,1.003219e+00,2.833060e+04
526,2.828788e+04,-3.618977,5.787948,-4.171650,1.897204e+05,-3.034260e+05,2.186936e+05,1.006564e+00,2.847355e+04
527,2.840828e+04,-3.502600,-2.436664,-6.767161,1.840099e+05,1.280107e+05,3.555142e+05,1.006378e+00,2.858948e+04
528,2.849445e+04,3.198605,1.081088,7.252598,-1.682940e+05,-5.688128e+04,-3.815942e+05,1.006623e+00,2.868318e+04
529,2.880166e+04,0.345414,-0.439227,7.980462,-1.827163e+04,2.323410e+04,-4.221481e+05,6.322078e-01,1.820863e+04
530,2.897235e+04,-0.392521,2.420784,7.614836,2.082492e+04,-1.284328e+05,-4.039992e+05,7.241282e-01,2.097970e+04
531,2.900713e+04,0.954808,-4.658504,-6.433248,-5.068699e+04,2.473016e+05,3.415158e+05,1.006514e+00,2.919610e+04
532,2.905893e+04,7.330218,0.796575,-3.103767,-3.894796e+05,-4.232477e+04,1.649138e+05,1.009420e+00,2.933268e+04
533,2.907373e+04,-2.567944,6.256452,4.273461,1.364784e+05,-3.325114e+05,-2.271214e+05,1.009274e+00,2.934335e+04
534,2.910939e+04,2.311909,-5.408781,-5.422191,-1.229463e+05,2.876365e+05,2.883496e+05,1.006635e+00,2.930253e+04
535,2.911468e+04,4.595877,4.878900,4.367408,-2.444288e+05,-2.594812e+05,-2.322779e+05,6.546465e-01,1.905982e+04
536,2.911865e+04,2.266358,1.737477,-7.472937,-1.205431e+05,-9.241294e+04,3.974706e+05,9.997829e-01,2.911233e+04
537,2.916304e+04,-2.226363,-1.990990,-7.421541,1.185060e+05,1.059775e+05,3.950377e+05,1.006368e+00,2.934876e+04
538,2.917856e+04,-3.310268,3.229659,-6.527743,1.762476e+05,-1.719557e+05,3.475546e+05,1.006514e+00,2.936864e+04
539,2.925148e+04,-0.942540,-1.261488,7.843486,5.024602e+04,6.724889e+04,-4.181298e+05,5.102362e-15,1.492516e-10
540,2.928200e+04,-5.783371,-3.767518,4.044556,3.084675e+05,2.009480e+05,-2.157244e+05,1.007409e+00,2.949896e+04
541,2.931209e+04,-0.016779,3.828743,7.024275,8.954245e+02,-2.043185e+05,-3.748461e+05,9.866575e-01,2.892100e+04
542,2.941964e+04,-0.393880,-1.749928,7.796320,2.105768e+04,9.355500e+04,-4.168083e+05,4.428948e-01,1.302980e+04
543,2.942477e+04,2.131758,5.001672,5.868466,-1.139784e+05,-2.674236e+05,-3.137683e+05,1.004907e+00,2.956915e+04
544,2.945310e+04,2.485965,6.611065,3.756834,-1.329807e+05,-3.536429e+05,-2.009628e+05,9.500678e-01,2.798244e+04
545,2.951290e+04,-0.203865,0.455225,-7.984435,1.091631e+04,-2.437590e+04,4.275415e+05,1.006569e+00,2.970677e+04
546,2.952921e+04,-0.928955,-1.509050,-7.801270,4.975639e+04,8.082722e+04,4.178489e+05,1.006387e+00,2.971782e+04
547,2.965350e+04,1.605760,-6.930256,-3.659656,-8.618794e+04,3.719763e+05,1.964293e+05,1.006550e+00,2.984772e+04
548,2.979621e+04,2.424158,5.250514,5.527708,-1.304276e+05,-2.824948e+05,-2.974087e+05,9.998201e-01,2.979085e+04
549,2.980858e+04,7.896657,1.214743,0.408904,-4.249541e+05,-6.537070e+04,-2.200492e+04,8.517966e-01,2.539085e+04
550,2.984903e+04,2.758477,-0.568227,-7.487852,-1.485465e+05,3.059953e+04,4.032277e+05,1.007231e+00,3.006486e+04
551,2.989639e+04,3.089394,-3.319797,6.590493,-1.664987e+05,1.789159e+05,-3.551856e+05,1.006237e+00,3.008287e+04
552,3.002407e+04,0.656689,4.280023,-6.726824,-3.546685e+04,-2.311580e+05,3.633063e+05,1.007946e+00,3.026265e+04
553,3.008401e+04,-4.188196,-1.180155,6.713140,2.264242e+05,6.380210e+04,-3.629289e+05,0.000000e+00,0.000000e+00
554,3.008413e+04,4.831657,-3.814132,5.109549,-2.612119e+05,2.062019e+05,-2.762354e+05,1.007546e+00,3.031114e+04
555,3.014259e+04,-3.921013,5.272553,-4.563534,2.121859e+05,-2.853247e+05,2.469560e+05,1.006464e+00,3.033742e+04
556,3.018731e+04,5.346849,1.486528,5.762069,-2.895597e+05,-8.050324e+04,-3.120460e+05,1.003701e+00,3.029902e+04
557,3.027728e+04,-6.447920,-3.067776,3.607364,3.497085e+05,1.663835e+05,-1.956485e+05,1.009221e+00,3.055647e+04
558,3.035549e+04,-1.652611,6.559653,4.270811,8.974645e+04,-3.562276e+05,-2.319301e+05,1.008755e+00,3.062125e+04
559,3.036160e+04,-0.861881,-1.405467,-7.828271,4.680989e+04,7.633275e+04,4.251638e+05,1.006384e+00,3.055544e+04
560,3.041665e+04,1.836753,-6.319992,4.547971,-9.984687e+04,3.435582e+05,-2.472302e+05,1.006546e+00,3.061577e+04
561,3.053801e+04,-0.654012,1.326405,7.862119,3.562328e+04,-7.224778e+04,-4.282408e+05,8.387451e-02,2.561361e+03
562,3.067345e+04,2.706341,7.517755,-0.398834,-1.477379e+05,-4.103908e+05,2.177218e+04,9.061026e-01,2.779330e+04
563,3.090009e+04,-7.231554,-2.013785,-2.765737,3.962229e+05,1.103370e+05,1.515370e+05,1.006364e+00,3.109674e+04
564,3.090918e+04,7.154046,-0.844952,-3.479323,-3.920338e+05,4.630244e+04,1.906631e+05,1.012513e+00,3.129596e+04
565,3.106029e+04,1.481086,3.832403,6.864333,-8.136003e+04,-2.105241e+05,-3.770762e+05,1.005625e+00,3.123499e+04
566,3.135751e+04,6.840938,-3.282949,2.534525,-3.775848e+05,1.812020e+05,-1.398928e+05,1.009654e+00,3.166024e+04
567,3.147287e+04,1.558365,4.407940,-6.491653,-8.617184e+04,-2.437429e+05,3.589645e+05,1.008688e+00,3.174631e+04
568,3.149168e+04,3.509742,-6.968225,-1.767924,-1.941338e+05,3.854323e+05,9.778888e+04,1.006540e+00,3.169763e+04
569,3.155706e+04,2.321657,1.358084,7.534289,-1.285507e+05,-7.519742e+04,-4.171753e+05,1.001048e+00,3.159013e+04
570,3.159808e+04,-0.259345,-7.009340,-3.847323,1.436930e+04,3.883609e+05,2.131656e+05,1.006444e+00,3.180172e+04
571,3.160340e+04,-4.193004,-0.179432,6.810765,2.323380e+05,9.942490e+03,-3.773904e+05,0.000000e+00,0.000000e+00
572,3.164492e+04,-0.894086,7.868235,1.136433,4.957462e+04,-4.362720e+05,-6.301210e+04,1.007560e+00,3.188414e+04
573,3.167679e+04,4.024780,-1.062690,6.831679,-2.232754e+05,5.895290e+04,-3.789885e+05,1.007637e+00,3.191871e+04
574,3.174757e+04,-7.596722,-0.756234,-2.391219,4.219000e+05,4.199903e+04,1.328014e+05,1.006509e+00,3.195421e+04
575,3.192630e+04,-0.305027,-7.073996,3.723646,1.698793e+04,3.939736e+05,-2.073819e+05,1.006718e+00,3.214077e+04
576,3.196493e+04,2.394878,-0.568249,7.611941,-1.334592e+05,3.166674e+04,-4.241899e+05,9.982195e-01,3.190801e+04
577,3.197906e+04,3.818429,2.939194,-6.385980,-2.128362e+05,-1.638284e+05,3.559496e+05,1.010275e+00,3.230763e+04
578,3.210898e+04,-2.481810,2.327624,7.240358,1.386149e+05,-1.300033e+05,-4.043909e+05,8.401327e-06,2.697581e-01
579,3.219747e+04,2.435401,1.697172,7.428892,-1.362101e+05,-9.492153e+04,-4.154923e+05,1.003664e+00,3.231543e+04
580,3.224561e+04,-1.772570,-7.545912,-1.979192,9.921258e+04,4.223525e+05,1.107774e+05,1.006245e+00,3.244699e+04
581,3.230865e+04,-0.099931,-0.061365,-7.999140,5.598700e+03,3.438024e+03,4.481576e+05,1.006491e+00,3.251836e+04
582,3.270416e+04,6.797591,2.922946,3.041242,-3.831639e+05,-1.647594e+05,-1.714275e+05,2.222048e-01,7.267023e+03
583,3.273609e+04,0.031153,0.428920,-7.988433,-1.756853e+03,-2.418897e+04,4.505086e+05,1.006553e+00,3.295061e+04
584,3.274498e+04,4.805182,5.389589,-3.444206,-2.710256e+05,-3.039877e+05,1.942628e+05,9.407372e-01,3.080443e+04
585,3.276096e+04,-3.989373,-5.922190,3.607294,2.250666e+05,3.341094e+05,-2.035110e+05,1.007830e+00,3.301748e+04
586,3.279446e+04,2.981909,-2.823538,6.865556,-1.683149e+05,1.593757e+05,-3.875288e+05,1.005853e+00,3.298640e+04
587,3.293649e+04,-2.363639,0.247023,7.638861,1.337051e+05,-1.397347e+04,-4.321110e+05,7.156553e-01,2.357117e+04
588,3.297323e+04,2.115045,2.064355,7.434045,-1.197095e+05,-1.168405e+05,-4.207596e+05,1.002216e+00,3.304631e+04
589,3.299202e+04,5.163964,5.790334,1.950774,-2.923585e+05,-3.278205e+05,-1.104433e+05,0.000000e+00,0.000000e+00
590,3.304276e+04,-0.384328,7.798264,-1.743381,2.177549e+04,-4.418391e+05,9.877759e+04,1.008041e+00,3.330845e+04
591,3.308702e+04,1.436378,3.441929,7.077425,-8.143773e+04,-1.951456e+05,-4.012658e+05,1.003721e+00,3.321013e+04
592,3.320915e+04,-1.939626,-1.420648,7.630177,1.101730e+05,8.069441e+04,-4.334026e+05,0.000000e+00,0.000000e+00
593,3.333028e+04,-1.140635,1.717655,-7.729723,6.490742e+04,-9.774253e+04,4.398569e+05,1.006551e+00,3.354863e+04
594,3.338007e+04,5.064056,-2.332847,5.737000,-2.883833e+05,1.328489e+05,-3.267055e+05,1.008210e+00,3.365413e+04
595,3.353553e+04,2.382369,-7.327125,-2.153499,-1.359846e+05,4.182291e+05,1.229208e+05,1.006467e+00,3.375242e+04
596,3.355434e+04,3.026986,-7.393698,-0.413023,-1.728275e+05,4.221474e+05,2.358177e+04,1.006406e+00,3.376929e+04
597,3.356699e+04,-4.047352,-6.278228,2.864052,2.311294e+05,3.585266e+05,-1.635555e+05,1.003616e+00,3.368837e+04
598,3.359325e+04,2.688027,7.386151,-1.489725,-1.535634e+05,-4.219610e+05,8.510602e+04,9.649892e-01,3.241712e+04
599,3.361526e+04,-1.760718,-5.630968,5.402969,1.006204e+05,3.217950e+05,-3.087655e+05,1.005651e+00,3.380520e+04
600,3.365651e+04,0.947366,0.861752,7.896827,-5.417268e+04,-4.927709e+04,-4.515598e+05,9.136031e-01,3.074870e+04
601,3.367257e+04,4.612881,1.411244,-6.381984,-2.638387e+05,-8.071761e+04,3.650244e+05,1.009861e+00,3.400463e+04
602,3.369935e+04,-0.970619,5.068787,6.112716,5.553767e+04,-2.900300e+05,-3.497624e+05,1.005587e+00,3.388762e+04
603,3.383904e+04,-6.452410,-0.330185,4.717772,3.699637e+05,1.893191e+04,-2.705042e+05,9.783474e-01,3.310634e+04
604,3.384359e+04,2.736708,2.272183,7.165725,-1.569259e+05,-1.302896e+05,-4.108908e+05,1.006473e+00,3.406265e+04
605,3.385895e+04,2.921688,-5.974368,-4.446422,-1.675709e+05,3.426548e+05,2.550207e+05,1.006583e+00,3.408185e+04
606,3.398787e+04,0.585695,3.876794,6.973337,-3.365592e+04,-2.227731e+05,-4.007105e+05,1.000415e+00,3.400198e+04
607,3.414570e+04,-0.644652,-1.942466,7.733773,3.712971e+04,1.118792e+05,-4.454382e+05,4.654331e-01,1.589254e+04
608,3.420517e+04,3.743675,3.846718,5.931919,-2.158103e+05,-2.217503e+05,-3.419551e+05,9.975639e-01,3.412184e+04
609,3.421952e+04,4.588957,-5.713547,3.208871,-2.645934e+05,3.294358e+05,-1.850194e+05,1.006682e+00,3.444818e+04
610,3.425916e+04,2.003109,6.311250,-4.489508,-1.155636e+05,-3.641093e+05,2.590092e+05,1.009374e+00,3.458030e+04
611,3.430170e+04,0.028232,-0.328999,7.993182,-1.629771e+03,1.899245e+04,-4.614297e+05,4.951753e-01,1.698535e+04
612,3.431224e+04,0.395382,4.357731,6.697302,-2.282806e+04,-2.516014e+05,-3.866806e+05,1.003809e+00,3.444293e+04
613,3.440658e+04,0.970451,-0.949978,7.883893,-5.610767e+04,5.492401e+04,-4.558160e+05,9.218028e-01,3.171609e+04
614,3.454725e+04,2.598094,-1.087139,-7.487859,-1.505184e+05,6.298252e+04,4.338029e+05,1.006902e+00,3.478568e+04
615,3.455329e+04,-1.830712,3.771567,6.813500,1.060701e+05,-2.185217e+05,-3.947690e+05,9.388915e-01,3.244179e+04
616,3.470017e+04,0.186142,0.304672,-7.992029,-1.080784e+04,-1.768993e+04,4.640352e+05,1.006535e+00,3.492695e+04
617,3.474443e+04,-0.951177,-1.210424,-7.850486,5.526266e+04,7.032473e+04,4.561075e+05,1.006351e+00,3.496508e+04
618,3.482993e+04,1.364167,-7.752163,1.429343,-7.935455e+04,4.509488e+05,-8.314590e+04,1.006326e+00,3.505026e+04
619,3.484592e+04,4.756700,5.163474,3.835668,-2.767641e+05,-3.004319e+05,-2.231747e+05,4.042004e-01,1.408473e+04
620,3.489496e+04,-4.056640,4.525518,-5.202245,2.361978e+05,-2.634982e+05,3.029007e+05,1.006398e+00,3.511823e+04
621,3.511887e+04,0.474530,-3.233682,-7.301926,-2.771798e+04,1.888842e+05,4.265164e+05,1.006390e+00,3.534328e+04
622,3.517760e+04,-6.202635,3.387456,-3.748662,3.626080e+05,-1.980318e+05,2.191479e+05,1.006279e+00,3.539848e+04
623,3.518480e+04,-5.674596,-5.598757,0.672961,3.317726e+05,3.273386e+05,-3.934551e+04,1.345083e+00,4.732648e+04
624,3.523796e+04,0.731013,-5.850296,5.407370,-4.277191e+04,3.423035e+05,-3.163877e+05,1.006568e+00,3.546939e+04
625,3.532969e+04,6.663652,4.107688,-1.650042,-3.904004e+05,-2.406553e+05,9.667027e+04,8.556408e-02,3.022952e+03
626,3.563834e+04,-1.120174,3.256093,7.221016,6.591315e+04,-1.915947e+05,-4.248984e+05,8.837412e-01,3.149507e+04
627,3.565438e+04,-1.064995,-5.515316,-5.696234,6.268042e+04,3.246047e+05,3.352527e+05,1.006356e+00,3.588100e+04
628,3.571187e+04,6.065683,2.603765,-4.519723,-3.572844e+05,-1.533685e+05,2.662233e+05,1.009386e+00,3.604708e+04
629,3.584602e+04,7.734745,-0.191555,-2.033970,-4.564513e+05,1.130428e+04,1.200309e+05,1.012466e+00,3.629285e+04
630,3.584790e+04,7.859190,1.233126,0.844117,-4.638075e+05,-7.277249e+04,-4.981525e+04,8.840418e-01,3.169105e+04
631,3.586966e+04,-4.261986,2.550193,6.271522,2.515960e+05,-1.505444e+05,-3.702241e+05,5.901556e-01,2.116868e+04
632,3.588925e+04,2.242275,-3.785829,6.681295,-1.324034e+05,2.235482e+05,-3.945217e+05,1.005551e+00,3.608847e+04
633,3.589253e+04,3.272809,-7.253305,0.823579,-1.932639e+05,4.283177e+05,-4.863346e+04,1.006349e+00,3.612041e+04
634,3.589289e+04,-5.383742,4.206219,4.162096,3.179190e+05,-2.483843e+05,-2.457788e+05,1.010700e+00,3.627693e+04
635,3.592949e+04,6.772974,-4.248940,-0.270783,-4.001594e+05,2.510350e+05,1.599837e+04,1.008186e+00,3.622363e+04
636,3.611997e+04,0.845185,1.174526,-7.868046,-5.006722e+04,-6.957679e+04,4.660888e+05,1.003058e+00,3.623043e+04
637,3.631363e+04,-7.994671,-0.159624,0.244452,4.748577e+05,9.481149e+03,-1.451966e+04,1.007305e+00,3.657889e+04
638,3.633222e+04,-0.383825,2.354537,-7.636022,2.280381e+04,-1.398877e+05,4.536712e+05,1.006716e+00,3.657622e+04
639,3.647210e+04,2.312733,0.706501,-7.625754,-1.376683e+05,-4.205535e+04,4.539325e+05,1.001028e+00,3.650959e+04
640,3.654550e+04,-6.403498,-1.431840,4.576576,3.815595e+05,8.531775e+04,-2.727003e+05,9.938442e-01,3.632054e+04
641,3.687317e+04,-0.662563,0.737221,-7.938357,3.965614e+04,-4.412463e+04,4.751316e+05,1.006461e+00,3.711141e+04
642,3.691751e+04,-4.159243,-6.509867,-2.079023,2.490913e+05,3.898669e+05,1.245098e+05,1.103824e+00,4.075045e+04
643,3.699875e+04,-7.319225,-0.782806,3.133076,4.388202e+05,4.693274e+04,-1.878419e+05,1.010217e+00,3.737675e+04
644,3.709031e+04,-1.079294,-0.266235,7.922389,6.478855e+04,1.598170e+04,-4.755700e+05,0.000000e+00,0.000000e+00
645,3.710817e+04,6.255028,4.570530,-1.996217,-3.755710e+05,-2.744286e+05,1.198590e+05,2.258297e-01,8.380127e+03
646,3.713400e+04,-2.747277,-3.394205,-6.703122,1.650123e+05,2.038694e+05,4.026160e+05,1.006296e+00,3.736780e+04
647,3.719118e+04,-2.677951,-3.008121,6.912292,1.609721e+05,1.808187e+05,-4.154991e+05,5.400198e-01,2.008397e+04
648,3.721982e+04,-0.266607,-6.880449,-4.072879,1.603194e+04,4.137443e+05,2.449157e+05,1.006392e+00,3.745771e+04
649,3.725952e+04,-0.110140,-1.704059,-7.815629,6.626633e+03,1.025254e+05,4.702303e+05,1.006355e+00,3.749630e+04
650,3.729297e+04,6.739360,2.724299,3.340543,-4.056581e+05,-1.639820e+05,-2.010752e+05,5.470540e-01,2.040127e+04
651,3.776050e+04,2.656773,5.280354,5.390679,-1.609168e+05,-3.198232e+05,-3.265054e+05,9.996094e-01,3.774575e+04
652,3.785307e+04,-7.346177,-3.130486,0.483471,4.454921e+05,1.898412e+05,-2.931898e+04,1.007000e+00,3.811803e+04
653,3.788923e+04,-1.381566,-4.204998,-6.664028,8.382190e+04,2.551243e+05,4.043177e+05,1.006313e+00,3.812844e+04
654,3.791648e+04,1.759486,0.022496,7.804082,-1.067894e+05,-1.365356e+03,-4.736570e+05,9.864547e-01,3.740290e+04
655,3.800270e+04,0.690860,0.000027,-7.970114,-4.197837e+04,-1.652619e+00,4.842836e+05,1.006715e+00,3.825789e+04
656,3.800543e+04,-5.500195,-3.797598,4.396147,3.342173e+05,2.307597e+05,-2.671303e+05,1.006365e+00,3.824735e+04
657,3.830384e+04,1.734223,-4.950261,6.040479,-1.057923e+05,3.019794e+05,-3.684857e+05,1.006334e+00,3.854646e+04
658,3.846254e+04,-0.497503,4.723185,6.437703,3.041186e+04,-2.887234e+05,-3.935301e+05,1.004009e+00,3.861672e+04
659,3.848572e+04,-4.691389,-6.111407,-2.154432,2.868661e+05,3.736965e+05,1.317379e+05,1.320465e+00,5.081903e+04
660,3.856917e+04,-4.489911,2.142222,6.265109,2.748438e+05,-1.311332e+05,-3.835101e+05,3.893754e-01,1.501789e+04
661,3.857295e+04,6.864859,-2.066049,3.550374,-4.202436e+05,1.264765e+05,-2.173420e+05,1.010208e+00,3.896671e+04
662,3.869528e+04,3.415096,3.803569,6.153859,-2.093919e+05,-2.332106e+05,-3.773154e+05,1.003580e+00,3.883380e+04
663,3.876732e+04,4.386539,5.091894,-4.339457,-2.692049e+05,-3.124930e+05,2.663154e+05,1.003430e+00,3.890027e+04
664,3.889061e+04,-1.100243,-5.718235,5.485550,6.762992e+04,3.514896e+05,-3.371868e+05,1.006313e+00,3.913612e+04
665,3.922414e+04,4.633193,-0.082880,6.521246,-2.860126e+05,5.116294e+03,-4.025644e+05,1.008166e+00,3.954446e+04
666,3.933959e+04,0.850916,1.271160,7.852394,-5.260533e+04,-7.858564e+04,-4.854506e+05,9.386482e-01,3.692604e+04
667,3.934325e+04,-5.238543,-4.865222,3.589886,3.238722e+05,3.007917e+05,-2.219442e+05,1.008377e+00,3.967283e+04
668,3.943107e+04,-2.240516,2.756290,7.168190,1.386741e+05,-1.705973e+05,-4.436668e+05,8.500025e-01,3.351651e+04
669,3.962840e+04,-3.309338,-0.436856,-7.270312,2.053395e+05,2.710625e+04,4.511120e+05,1.006331e+00,3.987930e+04
670,3.964186e+04,3.260886,-0.978751,-7.239383,-2.023674e+05,6.074035e+04,4.492692e+05,1.007050e+00,3.992134e+04
671,3.966643e+04,1.039278,-0.684958,-7.902578,-6.451656e+04,4.252103e+04,4.905783e+05,1.006502e+00,3.992434e+04
672,3.973001e+04,5.969078,-4.232593,3.233460,-3.708469e+05,2.629625e+05,-2.008884e+05,1.007557e+00,4.003025e+04
673,3.974643e+04,6.815838,0.719712,4.126302,-4.235419e+05,-4.472354e+04,-2.564119e+05,1.002983e+00,3.986501e+04
674,3.981575e+04,-1.511248,-0.868564,-7.807799,9.399211e+04,5.402035e+04,4.856061e+05,1.006317e+00,4.006727e+04
675,3.997607e+04,1.442726,-1.491005,-7.726283,-8.991085e+04,9.291957e+04,4.815027e+05,1.006494e+00,4.023567e+04
676,3.999971e+04,2.027320,-2.629507,7.278438,-1.263801e+05,1.639196e+05,-4.537271e+05,1.002589e+00,4.010326e+04
677,4.006741e+04,4.555788,5.786545,-3.124210,-2.842413e+05,-3.610298e+05,1.949233e+05,9.456114e-01,3.788819e+04
678,4.016306e+04,5.027443,-5.591125,-2.732057,-3.140426e+05,3.492534e+05,1.706598e+05,1.006762e+00,4.043466e+04
679,4.019046e+04,-7.201576,-1.274268,3.242460,4.500047e+05,7.962515e+04,-2.026115e+05,1.009889e+00,4.058789e+04
680,4.025646e+04,-6.100921,-1.980071,4.781013,3.815410e+05,1.238302e+05,-2.989963e+05,9.908290e-01,3.988727e+04
681,4.034715e+04,-3.920103,-2.078241,6.656854,2.454324e+05,1.301159e+05,-4.167768e+05,1.051256e-02,4.241518e+02
682,4.036473e+04,1.056035,-7.836551,-1.213776,-6.613137e+04,4.907430e+05,7.600946e+04,1.006350e+00,4.062105e+04
683,4.048385e+04,5.339463,0.877034,-5.892448,-3.348625e+05,-5.500289e+04,3.695428e+05,1.009833e+00,4.088193e+04
684,4.049493e+04,-4.991844,0.471046,-6.233747,3.131046e+05,-2.954551e+04,3.910007e+05,1.006352e+00,4.075217e+04
685,4.051560e+04,3.390981,0.630005,-7.218334,-2.127475e+05,-3.952601e+04,4.528727e+05,1.012424e+00,4.101894e+04
686,4.056304e+04,-0.860416,-6.863247,4.019393,5.401345e+04,4.308469e+05,-2.523212e+05,1.006815e+00,4.083948e+04
687,4.067679e+04,0.285619,4.445762,-6.644819,-1.795511e+04,-2.794780e+05,4.177193e+05,1.007384e+00,4.097717e+04
688,4.080025e+04,3.687052,2.738668,6.550217,-2.321340e+05,-1.724244e+05,-4.123967e+05,1.006296e+00,4.105712e+04
689,4.082950e+04,0.535957,4.754994,6.411145,-3.375551e+04,-2.994781e+05,-4.037855e+05,1.006387e+00,4.109026e+04
690,4.089558e+04,0.432826,0.190778,-7.986004,-2.728223e+04,-1.202525e+04,5.033798e+05,1.006666e+00,4.116821e+04
691,4.092741e+04,-7.179501,-1.249320,3.300601,4.527197e+05,7.877872e+04,-2.081269e+05,1.009850e+00,4.133055e+04
692,4.102865e+04,-1.317924,7.797776,1.207377,8.320744e+04,-4.923143e+05,-7.622800e+04,1.007503e+00,4.133647e+04
693,4.118292e+04,-1.674095,0.039830,-7.822776,1.058929e+05,-2.519397e+03,4.948203e+05,1.006338e+00,4.144392e+04
694,4.119799e+04,-5.661295,2.007347,5.283966,3.581639e+05,-1.269956e+05,-3.342921e+05,9.628422e-01,3.966716e+04
695,4.134086e+04,1.913112,2.641281,-7.305042,-1.212434e+05,-1.673911e+05,4.629568e+05,1.022739e+00,4.228092e+04
696,4.135287e+04,1.864608,-0.786058,-7.739855,-1.181866e+05,4.982361e+04,4.905844e+05,1.006623e+00,4.162675e+04
697,4.137376e+04,4.020695,0.898948,6.857543,-2.549128e+05,-5.699349e+04,-4.347695e+05,1.007589e+00,4.168774e+04
698,4.143276e+04,-1.703532,7.739407,-1.095247,1.080812e+05,-4.910296e+05,6.948837e+04,1.007324e+00,4.173621e+04
699,4.143291e+04,0.794329,0.009842,7.960461,-5.039662e+04,-6.244019e+02,-5.050554e+05,9.044549e-01,3.747420e+04
700,4.153831e+04,-2.745236,-2.414588,7.115718,1.743943e+05,1.533895e+05,-4.520341e+05,3.530300e-02,1.466427e+03
701,4.157792e+04,-5.725301,-4.780819,2.892180,3.638796e+05,3.038517e+05,-1.838166e+05,1.008059e+00,4.191298e+04
702,4.175261e+04,-5.740653,1.750744,-5.289593,3.656210e+05,-1.115045e+05,3.368931e+05,1.006326e+00,4.201674e+04
703,4.188623e+04,1.657741,2.062713,7.549643,-1.057500e+05,-1.315838e+05,-4.816040e+05,9.990238e-01,4.184534e+04
704,4.201015e+04,3.158893,-0.634706,7.322469,-2.018088e+05,4.054875e+04,-4.678026e+05,1.005997e+00,4.226206e+04
705,4.201953e+04,1.835496,1.906931,-7.549475,-1.172754e+05,-1.218396e+05,4.823590e+05,1.003261e+00,4.215658e+04
706,4.209763e+04,-0.761893,-0.605930,7.940552,4.872487e+04,3.875065e+04,-5.078174e+05,6.741114e-03,2.837850e+02
707,4.225800e+04,0.431160,3.989886,6.920615,-2.762621e+04,-2.556483e+05,-4.434322e+05,1.002243e+00,4.235277e+04
708,4.241334e+04,7.265978,3.325579,0.382202,-4.664160e+05,-2.134748e+05,-2.453423e+04,5.253323e-22,2.228110e-17
709,4.255129e+04,-1.399352,-3.138920,7.224195,8.997285e+04,2.018202e+05,-4.644874e+05,8.440308e-01,3.591460e+04
710,4.258154e+04,4.428048,-2.913231,5.992118,-2.848073e+05,1.873759e+05,-3.854066e+05,1.007239e+00,4.288981e+04
711,4.280111e+04,0.039789,5.082799,6.177667,-2.565773e+03,-3.277619e+05,-3.983640e+05,1.006705e+00,4.308808e+04
712,4.292255e+04,-2.982972,-4.270218,6.071829,1.926283e+05,2.757534e+05,-3.920942e+05,9.839553e-01,4.223387e+04
713,4.308033e+04,0.166838,0.107879,7.997533,-1.079350e+04,-6.979169e+03,-5.173966e+05,7.042453e-01,3.033912e+04
714,4.320032e+04,4.263602,-5.037010,-4.522192,-2.762156e+05,3.263205e+05,2.929683e+05,1.006666e+00,4.348829e+04
715,4.331540e+04,-0.063599,1.320113,-7.890073,4.125706e+03,-8.563675e+04,5.118354e+05,1.006531e+00,4.359829e+04
716,4.342302e+04,-0.914785,4.593568,6.485546,5.941652e+04,-2.983584e+05,-4.212448e+05,1.002359e+00,4.352543e+04
717,4.359406e+04,6.137648,-4.349591,-2.722192,-3.994328e+05,2.830676e+05,1.771579e+05,1.007333e+00,4.391372e+04
718,4.367415e+04,0.231546,-0.435176,7.984799,-1.508267e+04,2.834686e+04,-5.201208e+05,7.538427e-01,3.292344e+04
719,4.382209e+04,5.569693,-4.588700,-3.452876,-3.634175e+05,2.994086e+05,2.252971e+05,1.007030e+00,4.413015e+04
720,4.383888e+04,1.552840,-1.741329,7.652219,-1.013409e+05,1.136419e+05,-4.993961e+05,9.929913e-01,4.353162e+04
721,4.385125e+04,5.139795,-6.112573,-0.467927,-3.354786e+05,3.989726e+05,3.054195e+04,1.006605e+00,4.414087e+04
722,4.386943e+04,-0.137403,0.012348,7.998810,8.970285e+03,-8.061432e+02,-5.221971e+05,4.973580e-01,2.181881e+04
723,4.389194e+04,3.957008,6.822503,-1.339977,-2.583969e+05,-4.455169e+05,8.750198e+04,7.781163e-01,3.415304e+04
724,4.397982e+04,6.535811,-1.015940,-4.500116,-4.272226e+05,6.640836e+04,2.941565e+05,1.009585e+00,4.440136e+04
725,4.400322e+04,-2.230312,-5.591532,5.268821,1.458263e+05,3.655957e+05,-3.444956e+05,1.006504e+00,4.428943e+04
726,4.407825e+04,-4.721447,2.561142,5.928616,3.089693e+05,-1.675999e+05,-3.879659e+05,8.784140e-01,3.871895e+04
727,4.417050e+04,-2.224594,1.195773,7.590870,1.457286e+05,-7.833269e+04,-4.972626e+05,0.000000e+00,0.000000e+00
728,4.426969e+04,-7.201486,3.347190,0.966915,4.722842e+05,-2.195137e+05,-6.341174e+04,1.007181e+00,4.458761e+04
729,4.427529e+04,-3.710417,-4.080643,-5.794925,2.433501e+05,2.676316e+05,3.800638e+05,1.006221e+00,4.455074e+04
730,4.449177e+04,-6.920095,3.658420,-1.651741,4.549671e+05,-2.405257e+05,1.085950e+05,1.006304e+00,4.477227e+04
731,4.454539e+04,-6.918725,3.107006,-2.545144,4.551510e+05,-2.043956e+05,1.674333e+05,1.006270e+00,4.482468e+04
732,4.458180e+04,-5.252211,0.826541,5.977550,3.456600e+05,-5.439655e+04,-3.933961e+05,4.127388e-01,1.840064e+04
733,4.461582e+04,-0.529672,-0.049435,-7.982293,3.487220e+04,3.254650e+03,5.255332e+05,1.006357e+00,4.489944e+04
734,4.461987e+04,-6.147856,3.106934,-4.068270,4.047771e+05,-2.045617e+05,2.678564e+05,1.006255e+00,4.489898e+04
735,4.470066e+04,1.653601,4.776806,-6.200623,-1.089722e+05,-3.147912e+05,4.086207e+05,1.008297e+00,4.507154e+04
736,4.473472e+04,1.201343,3.319967,7.178760,-7.919855e+04,-2.188690e+05,-4.732601e+05,1.003019e+00,4.486979e+04
737,4.476504e+04,-0.956789,-7.936749,0.304253,6.309771e+04,5.234078e+05,-2.006468e+04,1.006274e+00,4.504590e+04
738,4.477066e+04,0.065402,-0.702847,7.968797,-4.313372e+03,4.635383e+04,-5.255543e+05,7.052976e-01,3.157664e+04
739,4.491873e+04,-1.493109,-2.253832,7.529334,9.863554e+04,1.488892e+05,-4.973915e+05,3.036221e-01,1.363832e+04
740,4.502973e+04,1.389254,-7.753087,1.399861,-9.188811e+04,5.128052e+05,-9.258968e+04,1.006273e+00,4.531222e+04
741,4.504298e+04,4.336162,6.306996,-2.327982,-2.868449e+05,-4.172191e+05,1.540002e+05,8.835690e-01,3.979857e+04
742,4.541658e+04,3.861822,-6.535182,-2.525417,-2.565237e+05,4.341032e+05,1.677523e+05,1.006453e+00,4.570966e+04
743,4.548178e+04,2.491180,7.596111,0.305162,-1.655968e+05,-5.049380e+05,-2.028508e+04,9.633099e-01,4.381305e+04
744,4.556556e+04,-2.363917,-7.302727,2.254347,1.572818e+05,4.858827e+05,-1.499917e+05,1.006511e+00,4.586222e+04
745,4.559686e+04,3.388241,-2.442524,6.823042,-2.255121e+05,1.625677e+05,-4.541231e+05,1.006644e+00,4.589983e+04
746,4.565438e+04,6.981265,-3.618699,-1.472057,-4.649470e+05,2.410026e+05,9.803785e+04,1.008181e+00,4.602787e+04
747,4.579339e+04,-7.928659,0.684793,-0.816965,5.288459e+05,-4.567605e+04,5.449202e+04,1.006624e+00,4.609675e+04
748,4.604572e+04,-3.176131,-2.114947,7.031301,2.124326e+05,1.414563e+05,-4.702820e+05,7.280703e-14,3.352452e-09
749,4.613660e+04,-1.504437,-7.511631,2.304792,1.007221e+05,5.029040e+05,-1.543059e+05,1.006456e+00,4.643444e+04
750,4.618191e+04,1.462759,0.101365,7.864481,-9.797984e+04,-6.789731e+03,-5.267858e+05,9.826641e-01,4.538131e+04
751,4.649455e+04,5.434237,-0.786798,5.818076,-3.652311e+05,5.288013e+04,-3.910286e+05,1.008444e+00,4.688716e+04
752,4.699367e+04,-2.755521,3.263472,-6.764382,1.861879e+05,-2.205096e+05,4.570627e+05,1.006407e+00,4.729476e+04
753,4.706127e+04,-2.737909,6.370412,3.990201,1.851309e+05,-4.307521e+05,-2.698079e+05,1.007881e+00,4.743218e+04
754,4.710447e+04,-4.473751,-5.816829,3.185915,3.026432e+05,3.935006e+05,-2.155228e+05,1.007430e+00,4.745444e+04
755,4.713903e+04,0.666813,0.957767,7.914420,-4.512555e+04,-6.481542e+04,-5.355962e+05,9.246911e-01,4.358904e+04
756,4.735966e+04,-6.091620,-4.902684,-1.689929,4.132046e+05,3.325571e+05,1.146307e+05,9.970693e-01,4.722087e+04
757,4.742593e+04,-6.331829,3.651686,-3.251635,4.297988e+05,-2.478731e+05,2.207180e+05,1.006223e+00,4.772104e+04
758,4.747275e+04,-1.848536,-5.264899,5.732691,1.255389e+05,3.575529e+05,-3.893219e+05,1.005253e+00,4.772213e+04
759,4.752798e+04,3.511891,-6.256419,-3.538905,-2.386403e+05,4.251366e+05,2.404759e+05,1.006447e+00,4.783440e+04
760,4.767561e+04,-0.891912,-6.890250,3.965974,6.070136e+04,4.689334e+05,-2.699144e+05,1.006746e+00,4.799723e+04
761,4.773257e+04,7.484298,-1.669388,-2.280006,-5.096670e+05,1.136823e+05,1.552643e+05,1.010314e+00,4.822487e+04
762,4.813432e+04,7.774422,1.321852,-1.345761,-5.316473e+05,-9.039376e+04,9.202871e+04,9.833512e-01,4.733295e+04
763,4.822140e+04,-1.999181,7.745923,0.062891,1.368359e+05,-5.301773e+05,-4.304667e+03,1.007122e+00,4.856481e+04
764,4.826058e+04,-0.059389,0.174565,7.997875,4.066571e+03,-1.195311e+04,-5.476447e+05,6.238732e-01,3.010848e+04
765,4.842585e+04,0.162501,-7.798094,1.778572,-1.114610e+04,5.348785e+05,-1.219939e+05,1.006307e+00,4.873125e+04
766,4.865314e+04,7.907071,0.280548,1.183012,-5.436246e+05,-1.928818e+04,-8.133406e+04,1.002858e+00,4.879218e+04
767,4.866177e+04,-6.352496,2.555699,-4.136931,4.367837e+05,-1.757242e+05,2.844463e+05,1.006259e+00,4.896637e+04
768,4.867930e+04,-7.258818,-2.459342,2.293729,4.991903e+05,1.691294e+05,-1.577402e+05,1.008293e+00,4.908298e+04
769,4.870522e+04,-6.394640,0.174462,4.803971,4.398777e+05,-1.200100e+04,-3.304579e+05,9.914300e-01,4.828781e+04
770,4.874345e+04,4.538842,-5.245081,3.985981,-3.123426e+05,3.609428e+05,-2.742972e+05,1.006591e+00,4.906471e+04
771,4.878448e+04,1.811049,-2.020589,7.525777,-1.246807e+05,1.391064e+05,-5.181079e+05,1.000554e+00,4.881153e+04
772,4.888227e+04,3.155093,0.288102,-7.345909,-2.174282e+05,-1.985408e+04,5.062316e+05,1.007131e+00,4.923087e+04
773,4.889737e+04,1.866130,1.241011,-7.679678,-1.286213e+05,-8.553554e+04,5.293145e+05,1.003618e+00,4.907429e+04
774,4.940033e+04,0.179804,-3.641841,-7.120721,-1.245638e+04,2.522981e+05,4.933066e+05,1.006289e+00,4.971103e+04
775,4.946200e+04,7.084903,-0.202240,3.709885,-4.911315e+05,1.401948e+04,-2.571724e+05,1.009959e+00,4.995457e+04
776,4.957625e+04,0.937998,7.848100,-1.235912,-6.509787e+04,-5.446650e+05,8.577337e+04,1.007208e+00,4.993360e+04
777,4.985272e+04,3.959127,2.489606,6.490545,-2.755319e+05,-1.732619e+05,-4.517037e+05,1.006486e+00,5.017606e+04
778,4.986295e+04,7.232046,-3.417607,0.132186,-5.033594e+05,2.378697e+05,-9.200293e+03,1.008451e+00,5.028436e+04
779,5.013675e+04,-3.615526,4.223515,-5.752382,2.523351e+05,-2.947679e+05,4.014707e+05,1.006350e+00,5.045512e+04
780,5.019383e+04,-3.327010,-7.134884,1.422827,2.323311e+05,4.982418e+05,-9.935857e+04,1.002199e+00,5.030422e+04
781,5.019962e+04,-5.813878,-2.002822,-5.117375,4.060170e+05,1.398687e+05,3.573761e+05,1.006248e+00,5.051328e+04
782,5.044115e+04,-1.559809,-4.758945,-6.238545,1.091923e+05,3.331434e+05,4.367208e+05,1.006257e+00,5.075675e+04
783,5.067054e+04,3.090406,-3.804326,-6.322697,-2.168310e+05,2.669215e+05,4.436170e+05,1.006502e+00,5.100001e+04
784,5.070131e+04,-7.765726,1.918165,-0.118889,5.450291e+05,-1.346244e+05,8.344089e+03,1.006706e+00,5.104133e+04
785,5.084005e+04,-0.425242,-0.031392,7.988628,2.988593e+04,2.206218e+03,-5.614399e+05,3.011450e-01,1.531023e+04
786,5.085679e+04,-1.442460,0.635675,-7.843164,1.013926e+05,-4.468253e+04,5.513074e+05,1.006323e+00,5.117835e+04
787,5.087278e+04,1.445826,-7.866971,0.142692,-1.016452e+05,5.530678e+05,-1.003160e+04,1.006263e+00,5.119140e+04
788,5.107560e+04,1.203249,0.665050,-7.880983,-8.475989e+04,-4.684776e+04,5.551562e+05,1.006578e+00,5.141158e+04
789,5.109705e+04,-2.094321,-7.717613,-0.228614,1.475602e+05,5.437622e+05,1.610755e+04,1.006186e+00,5.141313e+04
790,5.142102e+04,6.430326,3.484271,3.242030,-4.544974e+05,-2.462693e+05,-2.291477e+05,2.873924e-01,1.477801e+04
791,5.152896e+04,-2.887625,2.992615,6.834169,2.043123e+05,-2.117408e+05,-4.835479e+05,7.860862e-01,4.050621e+04
792,5.196976e+04,0.927687,0.638810,-7.920310,-6.591816e+04,-4.539155e+04,5.627890e+05,1.006519e+00,5.230854e+04
793,5.205931e+04,-5.765204,4.826063,-2.733412,4.100076e+05,-3.432182e+05,1.943937e+05,1.006195e+00,5.238184e+04
794,5.212700e+04,2.575112,7.486495,1.149434,-1.832549e+05,-5.327678e+05,-8.179818e+04,9.602653e-01,5.005575e+04
795,5.224750e+04,-3.645553,4.029262,-5.871541,2.597312e+05,-2.870690e+05,4.183241e+05,1.006335e+00,5.257849e+04
796,5.253038e+04,5.388715,3.789608,-4.538791,-3.849626e+05,-2.707245e+05,3.242451e+05,1.008482e+00,5.297596e+04
797,5.271179e+04,0.779790,4.147640,6.796250,-5.580326e+04,-2.968130e+05,-4.863526e+05,1.005281e+00,5.299015e+04
798,5.291942e+04,2.096209,-5.179913,5.724893,-1.503039e+05,3.714138e+05,-4.104904e+05,1.006551e+00,5.326607e+04
799,5.293268e+04,-5.383832,-2.444197,5.388901,3.860837e+05,1.752775e+05,-3.864472e+05,9.702900e-01,5.136005e+04
800,5.300400e+04,-1.249663,0.436870,7.889708,8.967580e+04,-3.134978e+04,-5.661654e+05,0.000000e+00,0.000000e+00
801,5.307597e+04,6.284308,-3.783042,-3.193128,-4.512679e+05,2.716553e+05,2.292943e+05,1.007337e+00,5.346537e+04
802,5.316220e+04,7.084293,-1.086125,3.554311,-5.091269e+05,7.805658e+04,-2.554377e+05,1.010160e+00,5.370233e+04
803,5.321161e+04,0.562493,-0.796216,-7.940380,-4.044346e+04,5.724824e+04,5.709165e+05,1.006345e+00,5.354925e+04
804,5.338634e+04,2.030655,-2.509548,-7.319741,-1.462444e+05,1.807335e+05,5.271556e+05,1.006407e+00,5.372838e+04
805,5.364849e+04,7.160533,0.297589,3.555026,-5.169543e+05,-2.148444e+04,-2.566549e+05,1.007965e+00,5.407583e+04
806,5.371782e+04,-4.025860,-4.121142,-5.550553,2.908345e+05,2.977178e+05,4.009807e+05,1.006182e+00,5.404989e+04
807,5.374196e+04,-0.351965,7.983689,0.369910,2.543219e+04,-5.768839e+05,-2.672890e+04,1.007555e+00,5.414796e+04
808,5.411122e+04,4.984483,6.253958,0.207231,-3.614031e+05,-4.534471e+05,-1.502542e+04,3.174499e-14,1.717760e-09
809,5.422238e+04,-0.226565,0.770365,-7.959598,1.644410e+04,-5.591312e+04,5.777081e+05,1.006382e+00,5.456845e+04
810,5.425420e+04,-5.564436,-2.692871,-5.077942,4.039856e+05,1.955061e+05,3.686655e+05,1.006201e+00,5.459065e+04
811,5.446830e+04,0.940019,-5.900099,-5.320262,-6.838116e+04,4.291996e+05,3.870196e+05,1.006320e+00,5.481252e+04
812,5.453211e+04,-3.751171,2.353211,-6.662666,2.730367e+05,-1.712833e+05,4.849559e+05,1.006302e+00,5.487576e+04
813,5.461952e+04,-7.612087,-1.175685,-2.161921,5.545053e+05,8.564319e+04,1.574860e+05,1.006312e+00,5.496428e+04
814,5.471115e+04,-0.518529,-6.002274,5.263443,3.780411e+04,4.376045e+05,-3.837390e+05,1.006801e+00,5.508326e+04
815,5.477761e+04,-0.423265,-7.770376,1.855291,3.087751e+04,5.668545e+05,-1.353448e+05,1.006310e+00,5.512326e+04
816,5.480087e+04,1.562257,-2.313419,7.497162,-1.139920e+05,1.688014e+05,-5.470395e+05,1.000760e+00,5.484251e+04
817,5.495056e+04,-2.512056,-5.761338,4.949400,1.835453e+05,4.209567e+05,-3.616318e+05,1.007127e+00,5.534220e+04
818,5.501681e+04,0.036715,6.990961,-3.889102,-2.684224e+03,-5.111080e+05,2.843316e+05,1.007805e+00,5.544620e+04
819,5.538512e+04,7.930544,0.952118,0.447145,-5.817382e+05,-6.984183e+04,-3.279996e+04,9.827014e-01,5.442703e+04
820,5.544164e+04,5.404426,5.407015,2.357195,-3.966392e+05,-3.968292e+05,-1.729982e+05,2.520794e-167,1.397570e-162
821,5.561580e+04,-6.886180,0.772196,3.998029,5.061806e+05,-5.676158e+04,-2.938821e+05,1.009037e+00,5.611842e+04
822,5.566852e+04,7.236702,2.356289,2.465370,-5.321984e+05,-1.732852e+05,-1.813072e+05,6.515010e-01,3.626809e+04
823,5.585919e+04,-6.030101,-4.945217,1.784014,4.442219e+05,3.643013e+05,-1.314237e+05,9.980428e-01,5.574986e+04
824,5.589743e+04,-2.201175,1.089791,7.613618,1.622104e+05,-8.030958e+04,-5.610675e+05,0.000000e+00,0.000000e+00
825,5.608316e+04,-7.724321,1.172699,-1.720362,5.701703e+05,-8.656268e+04,1.269884e+05,1.006366e+00,5.644020e+04
826,5.612087e+04,6.489692,3.643198,2.934453,-4.791972e+05,-2.690128e+05,-2.166793e+05,8.075615e-02,4.532105e+03
827,5.614301e+04,-3.001303,-3.452145,6.563145,2.216592e+05,2.549558e+05,-4.847166e+05,9.169378e-01,5.147965e+04
828,5.669345e+04,7.136149,2.807490,-2.278897,-5.296127e+05,-2.083592e+05,1.691294e+05,9.321889e-01,5.284901e+04
829,5.694738e+04,3.303101,-2.886707,-6.690026,-2.456896e+05,2.147176e+05,4.976141e+05,1.006539e+00,5.731976e+04
830,5.722793e+04,0.978300,-3.332329,7.206838,-7.294642e+04,2.484734e+05,-5.373742e+05,1.002045e+00,5.734496e+04
831,5.731589e+04,1.422169,6.471111,4.483543,-1.061248e+05,-4.828858e+05,-3.345699e+05,1.006238e+00,5.767341e+04
832,5.739090e+04,-0.573731,-0.467079,-7.965718,4.284080e+04,3.487710e+04,5.948049e+05,1.006281e+00,5.775136e+04
833,5.760373e+04,4.119839,-3.587564,-5.844340,-3.082007e+05,2.683818e+05,4.372087e+05,1.006618e+00,5.798498e+04
834,5.768417e+04,1.397869,7.600542,2.068266,-1.046460e+05,-5.689851e+05,-1.548327e+05,1.003230e+00,5.787046e+04
835,5.775507e+04,6.245503,4.766483,1.508089,-4.678326e+05,-3.570436e+05,-1.129666e+05,9.302482e-01,5.372655e+04
836,5.792901e+04,1.025176,-5.097609,-6.079753,-7.690852e+04,3.824218e+05,4.561020e+05,1.006299e+00,5.829393e+04
837,5.798236e+04,4.180650,1.273530,-6.700768,-3.137761e+05,-9.558401e+04,5.029219e+05,1.007916e+00,5.844137e+04
838,5.837981e+04,-1.747119,-0.711607,7.774393,1.315776e+05,5.359199e+04,-5.854986e+05,0.000000e+00,0.000000e+00
839,5.847972e+04,-0.860420,7.707098,-1.964768,6.485467e+04,-5.809270e+05,1.480955e+05,1.007429e+00,5.891415e+04
840,5.875274e+04,-1.331389,-1.612561,-7.721855,1.005882e+05,1.218311e+05,5.833964e+05,1.006235e+00,5.911909e+04
841,5.877109e+04,0.611081,-7.972861,-0.245074,-4.617519e+04,6.024544e+05,1.851857e+04,1.006248e+00,5.913831e+04
842,5.882869e+04,4.914511,-1.389126,-6.157752,-3.715378e+05,1.050181e+05,4.655269e+05,1.007266e+00,5.925612e+04
843,5.901724e+04,7.557065,-2.246277,-1.358309,-5.722301e+05,1.700908e+05,1.028528e+05,1.009201e+00,5.956027e+04
844,5.912722e+04,6.516353,-4.093157,2.187054,-4.938856e+05,3.102274e+05,-1.657606e+05,1.007334e+00,5.956088e+04
845,5.923711e+04,-5.706551,1.661977,-5.354728,4.329111e+05,-1.260811e+05,4.062210e+05,1.006260e+00,5.960796e+04
846,5.958706e+04,1.919799,-7.174193,-2.974110,-1.460696e+05,5.458548e+05,2.262877e+05,1.006304e+00,5.996272e+04
847,5.975200e+04,-6.366553,-2.071606,-4.378978,4.850747e+05,1.578379e+05,3.336392e+05,1.006202e+00,6.012259e+04
848,6.008391e+04,-0.032058,-7.628383,-2.409719,2.449279e+03,5.828270e+05,1.841084e+05,1.006268e+00,6.046055e+04
849,6.036999e+04,2.214957,-4.353492,6.335698,-1.696305e+05,3.334083e+05,-4.852138e+05,1.006478e+00,6.076108e+04
850,6.044498e+04,5.325157,-3.825582,4.583407,-4.080756e+05,2.931607e+05,-3.512341e+05,1.006953e+00,6.086527e+04
851,6.046832e+04,-3.685635,7.046850,0.870628,2.824908e+05,-5.401160e+05,-6.673057e+04,1.006611e+00,6.086809e+04
852,6.049784e+04,2.714332,3.314299,-6.756317,-2.080946e+05,-2.540913e+05,5.179741e+05,1.007806e+00,6.097009e+04
853,6.090007e+04,-0.531928,3.103644,-7.354213,4.091569e+04,-2.387310e+05,5.656830e+05,1.006547e+00,6.129881e+04
854,6.099737e+04,1.293026,-5.211853,5.929981,-9.953843e+04,4.012137e+05,-4.564959e+05,1.006546e+00,6.139665e+04
855,6.117000e+04,-1.797053,-0.834807,-7.750722,1.385346e+05,6.435520e+04,5.975022e+05,1.006239e+00,6.155166e+04
856,6.160030e+04,4.358204,-0.593574,-6.682344,-3.371530e+05,4.591923e+04,5.169497e+05,1.007183e+00,6.204275e+04
857,6.173128e+04,1.457057,-1.668530,-7.687197,-1.128385e+05,1.292155e+05,5.953176e+05,1.006341e+00,6.212274e+04
858,6.175239e+04,-2.780600,-2.956795,-6.893884,2.153741e+05,2.290214e+05,5.339725e+05,1.006217e+00,6.213628e+04
859,6.183531e+04,-4.668046,-2.048177,-6.165575,3.618107e+05,1.587501e+05,4.778812e+05,1.006229e+00,6.222049e+04
860,6.186865e+04,-7.247510,-1.191298,-3.170868,5.618912e+05,9.235999e+04,2.458338e+05,1.006240e+00,6.225469e+04
861,6.193252e+04,7.094463,2.980255,2.187847,-5.503094e+05,-2.311750e+05,-1.697088e+05,1.676103e-01,1.038053e+04
862,6.200884e+04,-3.600871,-6.257593,3.446194,2.794875e+05,4.856934e+05,-2.674820e+05,1.007039e+00,6.244531e+04
863,6.212948e+04,-7.362591,-0.440431,-3.098109,5.720152e+05,3.421801e+04,2.406986e+05,1.006265e+00,6.251873e+04
864,6.242547e+04,7.431390,-2.427426,1.697657,-5.787340e+05,1.890405e+05,-1.322083e+05,1.008991e+00,6.298673e+04
865,6.256813e+04,5.980407,1.868719,-4.974195,-4.662678e+05,-1.456964e+05,3.878176e+05,1.010252e+00,6.320959e+04
866,6.261674e+04,3.281968,3.691430,-6.293014,-2.559810e+05,-2.879174e+05,4.908310e+05,1.008425e+00,6.314429e+04
867,6.282561e+04,-4.710427,1.459693,6.299300,3.680075e+05,-1.140402e+05,-4.921400e+05,3.384012e-01,2.126026e+04
868,6.291573e+04,-4.455863,1.254207,-6.524741,3.483690e+05,-9.805658e+04,5.101184e+05,1.006262e+00,6.330971e+04
869,6.292824e+04,0.092800,0.153416,-7.997990,-7.256012e+03,-1.199556e+04,6.253623e+05,1.006326e+00,6.332631e+04
870,6.296317e+04,-5.390110,4.513937,3.817209,4.215693e+05,-3.530424e+05,-2.985501e+05,1.008488e+00,6.349760e+04
871,6.301379e+04,1.142725,4.277180,-6.663326,-8.941033e+04,-3.346596e+05,5.213590e+05,1.007252e+00,6.347076e+04
872,6.308261e+04,-5.722307,2.443302,5.028467,4.479752e+05,-1.912758e+05,-3.936575e+05,1.002762e+00,6.325682e+04
873,6.312956e+04,-5.233838,6.041689,-0.323940,4.098875e+05,-4.731543e+05,2.536933e+04,1.006316e+00,6.352826e+04
874,6.329904e+04,-2.081667,3.313305,-6.977727,1.632443e+05,-2.598293e+05,5.471931e+05,1.006380e+00,6.370286e+04
875,6.333157e+04,-7.301300,-1.639806,2.828791,5.727148e+05,1.286265e+05,-2.218907e+05,1.008434e+00,6.386570e+04
876,6.344670e+04,2.357701,1.365433,7.521758,-1.851063e+05,-1.072020e+05,-5.905435e+05,1.005127e+00,6.377198e+04
877,6.394376e+04,-0.883956,7.818713,-1.444417,6.967195e+04,-6.162578e+05,1.138465e+05,1.007355e+00,6.441409e+04
878,6.412845e+04,1.980653,-1.441311,-7.615749,-1.563370e+05,1.137657e+05,6.011267e+05,1.006398e+00,6.453875e+04
879,6.421079e+04,0.294783,4.448320,-6.642707,-2.328279e+04,-3.513404e+05,5.246590e+05,1.006952e+00,6.465716e+04
880,6.446319e+04,3.825089,-6.816435,1.704378,-3.027091e+05,5.394377e+05,-1.348807e+05,1.006247e+00,6.486590e+04
881,6.480773e+04,-0.313833,-5.066367,6.183319,2.490233e+04,4.020112e+05,-4.906402e+05,1.006076e+00,6.520151e+04
882,6.489051e+04,-2.743683,-1.697554,-7.320554,2.178475e+05,1.347852e+05,5.812495e+05,1.006222e+00,6.529423e+04
883,6.522317e+04,-3.261378,-7.185931,1.313700,2.596152e+05,5.720211e+05,-1.045743e+05,1.006268e+00,6.563197e+04
884,6.571547e+04,3.334893,7.062548,-1.731734,-2.664672e+05,-5.643172e+05,1.383703e+05,9.821299e-01,6.454113e+04
885,6.578537e+04,-7.375087,2.973741,0.874621,5.896032e+05,-2.377365e+05,-6.992184e+04,1.006805e+00,6.623307e+04
886,6.602347e+04,-6.210540,3.127030,3.956119,4.974009e+05,-2.504432e+05,-3.168448e+05,1.009084e+00,6.662325e+04
887,6.642907e+04,2.828045,-1.660736,7.296856,-2.271923e+05,1.334160e+05,-5.861961e+05,1.006054e+00,6.683126e+04
888,6.706940e+04,0.717601,0.937593,-7.912393,-5.792594e+04,-7.568406e+04,6.387018e+05,1.006429e+00,6.750059e+04
889,6.730157e+04,-1.427774,1.279351,-7.766899,1.154516e+05,-1.034500e+05,6.280415e+05,1.006296e+00,6.772529e+04
890,6.742121e+04,-0.988385,-7.825016,-1.338739,7.999313e+04,6.333030e+05,1.083483e+05,1.006213e+00,6.784009e+04
891,6.749134e+04,3.034782,-3.391063,6.579574,-2.457421e+05,2.745920e+05,-5.327824e+05,1.006553e+00,6.793363e+04
892,6.749201e+04,3.451916,-3.888005,6.080106,-2.795211e+05,3.148335e+05,-4.923403e+05,1.006602e+00,6.793761e+04
893,6.787293e+04,6.887779,-3.895812,-1.175223,-5.593138e+05,3.163548e+05,9.543257e+04,1.007330e+00,6.837044e+04
894,6.805695e+04,-0.921390,4.687668,-6.416916,7.492172e+04,-3.811721e+05,5.217838e+05,1.006640e+00,6.850885e+04
895,6.807911e+04,-1.335743,4.918768,6.166159,1.086320e+05,-4.000289e+05,-5.014755e+05,1.005887e+00,6.847987e+04
896,6.809068e+04,0.799296,-0.362968,7.951690,-6.500990e+04,2.952165e+04,-6.467424e+05,9.665572e-01,6.581354e+04
897,6.830849e+04,-7.445226,-1.610497,-2.444362,6.065174e+05,1.311974e+05,1.991274e+05,1.006222e+00,6.873350e+04
898,6.836188e+04,-7.654769,1.812833,-1.455388,6.238313e+05,-1.477382e+05,1.186079e+05,1.006319e+00,6.879389e+04
899,6.887508e+04,1.156105,-7.804990,1.321196,-9.457063e+04,6.384567e+05,-1.080753e+05,1.006214e+00,6.930306e+04
900,6.911045e+04,-5.823887,-2.612020,4.822830,4.772136e+05,2.140308e+05,-3.951863e+05,1.003996e+00,6.938661e+04
901,6.928058e+04,7.411279,2.881175,-0.878504,-6.080328e+05,-2.363761e+05,7.207378e+04,6.033647e-01,4.180146e+04
902,6.962800e+04,4.176698,-6.697554,-1.303062,-3.435208e+05,5.508536e+05,1.071729e+05,1.006304e+00,7.006696e+04
903,6.991660e+04,-0.329337,2.846394,-7.469242,2.714308e+04,-2.345920e+05,6.155945e+05,1.006490e+00,7.037038e+04
904,7.013516e+04,3.595196,-6.695070,-2.500120,-2.967690e+05,5.526511e+05,2.063749e+05,1.006302e+00,7.057712e+04
905,7.047147e+04,5.923141,-5.374723,-0.169575,-4.901024e+05,4.447243e+05,1.403126e+04,1.006606e+00,7.093700e+04
906,7.049648e+04,-0.920875,5.197907,-6.011136,7.621011e+04,-4.301701e+05,4.974716e+05,1.006699e+00,7.096874e+04
907,7.101072e+04,3.197825,6.404222,3.572094,-2.656102e+05,-5.319323e+05,-2.966968e+05,9.710421e-01,6.895439e+04
908,7.143134e+04,-0.038198,-0.113627,-7.999102,3.182087e+03,9.465691e+03,6.663673e+05,1.006278e+00,7.187979e+04
909,7.146115e+04,-2.617776,-1.961390,7.300699,2.181200e+05,1.634282e+05,-6.083135e+05,9.473947e-05,6.770192e+00
910,7.173898e+04,-3.813943,3.287899,6.216394,3.184050e+05,-2.744885e+05,-5.189723e+05,9.728907e-01,6.979418e+04
911,7.174838e+04,3.398137,-0.223927,7.238958,-2.837103e+05,1.869561e+04,-6.043801e+05,1.006603e+00,7.222215e+04
912,7.201784e+04,1.426016,-3.072594,-7.247458,-1.192814e+05,2.570120e+05,6.062249e+05,1.006269e+00,7.246933e+04
913,7.226001e+04,5.720865,-3.721519,4.173967,-4.793346e+05,3.118152e+05,-3.497245e+05,1.006943e+00,7.276172e+04
914,7.275981e+04,4.187151,0.148920,6.815100,-3.520404e+05,-1.252066e+04,-5.729887e+05,1.007052e+00,7.327291e+04
915,7.306181e+04,6.697179,1.617388,-4.065938,-5.642417e+05,-1.362660e+05,3.425579e+05,1.010378e+00,7.382007e+04
916,7.438645e+04,-0.071470,-0.211882,-7.996874,6.075743e+03,1.801225e+04,6.798220e+05,1.006265e+00,7.485248e+04
917,7.449599e+04,-1.105427,3.174460,-7.259534,9.404257e+04,-2.700625e+05,6.175943e+05,1.006411e+00,7.497356e+04
918,7.483097e+04,6.856843,4.035406,0.836180,-5.846460e+05,-3.440773e+05,-7.129654e+04,4.469102e-01,3.344273e+04
919,7.513886e+04,7.923827,-1.099786,0.058575,-6.770104e+05,9.396556e+04,-5.004616e+03,1.010224e+00,7.590712e+04
920,7.531899e+04,-3.543782,-6.747975,2.430319,3.031428e+05,5.772364e+05,-2.078947e+05,1.006513e+00,7.580953e+04
921,7.568396e+04,1.725031,-0.633455,7.786077,-1.479200e+05,5.431822e+04,-6.676498e+05,1.001037e+00,7.576244e+04
922,7.570784e+04,2.913169,4.216524,-6.142831,-2.498413e+05,-3.616205e+05,5.268258e+05,1.008061e+00,7.631813e+04
923,7.579659e+04,-5.305513,-1.184239,5.869336,4.552818e+05,1.016231e+05,-5.036651e+05,8.422091e-01,6.383658e+04
924,7.590239e+04,7.312429,3.244658,-0.024033,-6.279390e+05,-2.786280e+05,2.063783e+03,4.997893e-02,3.793520e+03
925,7.607100e+04,7.588178,2.177537,1.295331,-6.523417e+05,-1.871988e+05,-1.113572e+05,7.347244e-01,5.589122e+04
926,7.682705e+04,3.288567,6.743666,-2.776381,-2.841135e+05,-5.826144e+05,2.398635e+05,1.003511e+00,7.709683e+04
927,7.696687e+04,-6.838259,-0.995984,-4.030661,5.913240e+05,8.612559e+04,3.485429e+05,1.006209e+00,7.744472e+04
928,7.721721e+04,-6.206115,-1.498059,-4.820784,5.375327e+05,1.297520e+05,4.175445e+05,1.006200e+00,7.769594e+04
929,7.750189e+04,1.746589,-1.575339,-7.646420,-1.515566e+05,1.366967e+05,6.635021e+05,1.006315e+00,7.799132e+04
930,7.772220e+04,-1.160213,1.738204,-7.722212,1.008181e+05,-1.510433e+05,6.710305e+05,1.006302e+00,7.821197e+04
931,7.783170e+04,-0.134225,-0.040660,-7.998771,1.167183e+04,3.535657e+03,6.955519e+05,1.006262e+00,7.831907e+04
932,7.876324e+04,0.409996,-6.452527,4.711347,-3.586487e+04,5.644425e+05,-4.121307e+05,1.006521e+00,7.927688e+04
933,7.906009e+04,2.955294,-3.966040,6.287827,-2.590046e+05,3.475872e+05,-5.510706e+05,1.006526e+00,7.957605e+04
934,7.934555e+04,1.166721,-0.467746,-7.900631,-1.024369e+05,4.106762e+04,6.936671e+05,1.006318e+00,7.984682e+04
935,7.946556e+04,3.999754,5.887175,-3.652826,-3.514397e+05,-5.172786e+05,3.209567e+05,1.005941e+00,7.993765e+04
936,7.953273e+04,-5.793274,1.854392,-5.196076,5.092430e+05,-1.630056e+05,4.567478e+05,1.006214e+00,8.002698e+04
937,7.973922e+04,-0.896521,7.920529,0.679316,7.890865e+04,-6.971372e+05,-5.979099e+04,1.007167e+00,8.031071e+04
938,7.980964e+04,0.624413,-1.100275,-7.899336,-5.498286e+04,9.688506e+04,6.955787e+05,1.006253e+00,8.030866e+04
939,8.047488e+04,-6.588862,-3.974781,-2.188153,5.825975e+05,3.514564e+05,1.934799e+05,9.955754e-01,8.011882e+04
940,8.050873e+04,5.231027,4.168027,-4.389068,-4.626329e+05,-3.686210e+05,3.881699e+05,1.008682e+00,8.120772e+04
941,8.053525e+04,-0.018568,-3.413899,-7.234981,1.642414e+03,3.019755e+05,6.399683e+05,1.006204e+00,8.103492e+04
942,8.073874e+04,-0.466768,-6.079640,5.178813,4.133998e+04,5.384519e+05,-4.586689e+05,1.006715e+00,8.128092e+04
943,8.195783e+04,-0.335774,0.459914,7.979708,2.996196e+04,-4.103929e+04,-7.120496e+05,7.137222e-01,5.849513e+04
944,8.242684e+04,-6.811782,0.545745,4.159542,6.095693e+05,-4.883732e+04,-3.722271e+05,1.008423e+00,8.312109e+04
945,8.255393e+04,-5.284230,5.714011,-1.851214,4.732370e+05,-5.117266e+05,1.657882e+05,1.006183e+00,8.306434e+04
946,8.410082e+04,3.018501,-7.062624,2.237854,-2.728471e+05,6.384020e+05,-2.022832e+05,1.006188e+00,8.462121e+04
947,8.413295e+04,-0.284959,7.007622,-3.848639,2.576283e+04,-6.335513e+05,3.479512e+05,1.007178e+00,8.473683e+04
948,8.485822e+04,7.225709,3.381602,0.594893,-6.560780e+05,-3.070418e+05,-5.401495e+04,9.779579e-10,8.298777e-05
949,8.527072e+04,4.212631,-5.868997,3.436366,-3.834259e+05,5.341853e+05,-3.127717e+05,1.006288e+00,8.580689e+04
950,8.540268e+04,-6.413024,4.153991,-2.370124,5.841531e+05,-3.783810e+05,2.158911e+05,1.006164e+00,8.592908e+04
951,8.745598e+04,1.084629,-1.112571,7.847660,-9.997793e+04,1.025535e+05,-7.233741e+05,9.949997e-01,8.701867e+04
952,8.760219e+04,2.938746,3.706073,-6.452038,-2.711113e+05,-3.419003e+05,5.952268e+05,1.007595e+00,8.826753e+04
953,8.808213e+04,3.300143,6.801226,-2.617706,-3.052845e+05,-6.291572e+05,2.421546e+05,1.003825e+00,8.841901e+04
954,8.975827e+04,1.147795,0.802772,7.876428,-1.071839e+05,-7.496481e+04,-7.355202e+05,9.958602e-01,8.938670e+04
955,9.132963e+04,4.892908,-4.021609,-4.887342,-4.608939e+05,3.788207e+05,4.603696e+05,1.006484e+00,9.192177e+04
956,9.200812e+04,4.775339,2.834345,-5.758701,-4.514871e+05,-2.679747e+05,5.444596e+05,1.008510e+00,9.279113e+04
957,9.203389e+04,7.032231,-2.390427,2.972135,-6.649593e+05,2.260359e+05,-2.810415e+05,1.007800e+00,9.275174e+04
958,9.259547e+04,-6.774199,3.860643,1.790437,6.425114e+05,-3.661699e+05,-1.698173e+05,1.006811e+00,9.322609e+04
959,9.262110e+04,7.567226,2.287586,1.226394,-7.178269e+05,-2.170004e+05,-1.163357e+05,7.422191e-01,6.874515e+04
960,9.276144e+04,4.055415,3.397868,-6.000676,-3.849879e+05,-3.225658e+05,5.696550e+05,1.008176e+00,9.351982e+04
961,9.302611e+04,1.745091,-7.789127,-0.533071,-1.659008e+05,7.404901e+05,5.067753e+04,1.006188e+00,9.360180e+04
962,9.487184e+04,-4.902012,-6.047522,-1.843299,4.706208e+05,5.805962e+05,1.769670e+05,9.947978e-01,9.437829e+04
963,9.495355e+04,7.501073,0.184415,-2.774868,-7.204553e+05,-1.771249e+04,2.665176e+05,1.009772e+00,9.588145e+04
964,9.512925e+04,2.863175,-1.843645,-7.239006,-2.752536e+05,1.772403e+05,6.959275e+05,1.006359e+00,9.573421e+04
965,9.551596e+04,-5.941374,0.961972,-5.270169,5.723384e+05,-9.266771e+04,5.076806e+05,1.006200e+00,9.610816e+04
966,9.559509e+04,2.482916,0.226350,7.601572,-2.392808e+05,-2.181352e+04,-7.325702e+05,1.005672e+00,9.613735e+04
967,9.610958e+04,0.268355,2.116159,7.710373,-2.593110e+04,-2.044842e+05,-7.450523e+05,9.885002e-01,9.500434e+04
968,9.735706e+04,4.165822,1.400439,6.684661,-4.051469e+05,-1.361996e+05,-6.501165e+05,1.006810e+00,9.802003e+04
969,9.841249e+04,-4.398508,5.485678,3.815818,4.300892e+05,-5.363934e+05,-3.731134e+05,1.007188e+00,9.911990e+04
970,9.847426e+04,0.238349,0.431681,-7.984788,-2.331323e+04,-4.222332e+04,7.810032e+05,1.006262e+00,9.909088e+04
971,9.866885e+04,-5.086640,0.988929,6.094925,4.980227e+05,-9.682402e+04,-5.967418e+05,7.624742e-01,7.523245e+04
972,1.006214e+05,-2.339585,4.916358,-5.861380,2.313194e+05,-4.860899e+05,5.795261e+05,1.006328e+00,1.012581e+05
973,1.006700e+05,0.756453,-7.897395,-1.029042,-7.481009e+04,7.810196e+05,1.017680e+05,1.006188e+00,1.012929e+05
974,1.011081e+05,-0.191081,0.155021,-7.996215,1.893820e+04,-1.536427e+04,7.925113e+05,1.006228e+00,1.017377e+05
975,1.012006e+05,0.076652,7.816709,-1.700936,-7.600475e+03,-7.750749e+05,1.686583e+05,1.007365e+00,1.019460e+05
976,1.029831e+05,-0.187336,7.310968,-3.242630,1.873841e+04,-7.312837e+05,3.243459e+05,1.007122e+00,1.037165e+05
977,1.036512e+05,-4.107282,0.577348,6.840826,4.121637e+05,-5.793659e+04,-6.864733e+05,0.000000e+00,0.000000e+00
978,1.040792e+05,2.775445,-5.762414,-4.805360,-2.790890e+05,5.794481e+05,4.832101e+05,1.006238e+00,1.047285e+05
979,1.062393e+05,-3.033759,-1.677052,7.209980,3.082135e+05,1.703795e+05,-7.324950e+05,0.000000e+00,0.000000e+00
980,1.062451e+05,-0.918147,0.673686,-7.918532,9.328136e+04,-6.844476e+04,8.045021e+05,1.006217e+00,1.069056e+05
981,1.068098e+05,-2.244608,6.757040,3.647486,2.286515e+05,-6.883194e+05,-3.715584e+05,1.006766e+00,1.075324e+05
982,1.121673e+05,7.573999,-0.212952,-2.566942,-7.906538e+05,2.223013e+04,2.679644e+05,1.009090e+00,1.131869e+05
983,1.123784e+05,1.439887,-6.667320,-4.180140,-1.504520e+05,6.966599e+05,4.367775e+05,1.006203e+00,1.130755e+05
984,1.125987e+05,0.006764,-5.598427,5.714680,-7.074712e+02,5.855456e+05,-5.977047e+05,1.006598e+00,1.133417e+05
985,1.134033e+05,3.311943,-0.910179,7.225137,-3.476352e+05,9.553610e+04,-7.583801e+05,1.006457e+00,1.141355e+05
986,1.158779e+05,-1.302503,-0.124069,-7.892281,1.381997e+05,1.316412e+04,8.373958e+05,1.006182e+00,1.165942e+05
987,1.179543e+05,-0.852579,-0.714306,7.922302,9.126821e+04,7.646618e+04,-8.480791e+05,5.596027e-01,6.600754e+04
988,1.196484e+05,2.391665,-5.782960,-4.983705,-2.578588e+05,6.234932e+05,5.373211e+05,1.006210e+00,1.203915e+05
989,1.240221e+05,-7.309394,0.678306,3.180041,8.023411e+05,-7.445659e+04,-3.490683e+05,1.007619e+00,1.249670e+05
990,1.313446e+05,-0.389755,3.453011,-7.205887,4.402768e+04,-3.900606e+05,8.139948e+05,1.006345e+00,1.321780e+05
991,1.346345e+05,2.819277,5.284601,-5.303270,-3.224363e+05,-6.043915e+05,6.065266e+05,1.007642e+00,1.356633e+05
992,1.351067e+05,6.322892,-0.400251,-4.884756,-7.244062e+05,4.585633e+04,5.596407e+05,1.007364e+00,1.361016e+05
993,1.355957e+05,6.010318,-0.316685,5.270274,-6.898402e+05,3.634778e+04,-6.049009e+05,1.007310e+00,1.365869e+05
994,1.374240e+05,-0.207130,2.581747,-7.569127,2.393326e+04,-2.983136e+05,8.745913e+05,1.006292e+00,1.382887e+05
995,1.423911e+05,5.814907,4.435926,3.241823,-6.839308e+05,-5.217396e+05,-3.812929e+05,4.754803e-01,6.770414e+04
996,1.446307e+05,3.130163,-5.103036,-5.306703,-3.710439e+05,6.049047e+05,6.290470e+05,1.006209e+00,1.455287e+05
997,1.556701e+05,6.135843,-1.455737,-4.922627,-7.545794e+05,1.790250e+05,6.053794e+05,1.006828e+00,1.567331e+05
998,1.835065e+05,-1.191152,-0.945536,-7.854115,1.590454e+05,1.262501e+05,1.048699e+06,1.006140e+00,1.846333e+05
999,2.338322e+05,-0.381770,2.521038,7.582784,5.754167e+04,-3.799791e+05,-1.142902e+06,1.000379e+00,2.339209e+05

Summary
Radius,2.000000m
Current,1.0000e+05A
Temperature,1.0000e+08K
Mass,2.0076e-26kg
Charge,9.6132e-19C
Dose expected value,3.0326e+04
Total,1000
Seed,92135
