i,eV,x_0,y_0,z_0,v_x,v_y,v_z,hit_p,exp_eV
0,1.121165e+02,5.374109,5.834810,1.036315,-2.634433e+06,-2.860272e+06,-5.080103e+05,0.000000e+00,0.000000e+00
1,2.634823e+02,1.312008,6.641518,-4.262496,-9.859573e+05,-4.991017e+06,3.203212e+06,0.000000e+00,0.000000e+00
2,3.187101e+02,7.322249,-3.185409,-0.487684,-6.051853e+06,2.632747e+06,4.030718e+05,0.000000e+00,0.000000e+00
3,6.985334e+02,7.778017,1.716650,-0.745365,-9.517183e+06,-2.100493e+06,9.120283e+05,0.000000e+00,0.000000e+00
4,7.327403e+02,1.665659,0.080629,7.824262,-2.087407e+06,-1.010449e+05,-9.805379e+06,0.000000e+00,0.000000e+00
5,9.177877e+02,-0.671056,-1.599362,-7.809720,9.411873e+05,2.243179e+06,1.095349e+07,9.844178e-01,9.034866e+02
6,9.299165e+02,-6.981656,-1.192689,-3.719406,9.856582e+06,1.683818e+06,5.250993e+06,8.546575e-02,7.947601e+01
7,1.158545e+03,-1.641088,-5.182342,-5.869426,2.586033e+06,8.166358e+06,9.249068e+06,1.817546e+00,2.105709e+03
8,1.187271e+03,6.560286,2.016607,4.110467,-1.046511e+07,-3.216933e+06,-6.557104e+06,0.000000e+00,0.000000e+00
9,1.294011e+03,0.293739,-7.288808,3.284355,-4.891896e+05,1.213868e+07,-5.469720e+06,0.000000e+00,0.000000e+00
10,1.562725e+03,5.563296,-0.612415,-5.716177,-1.018168e+07,1.120812e+06,1.046148e+07,0.000000e+00,0.000000e+00
11,1.563081e+03,2.544165,1.250060,-7.480947,-4.656740e+06,-2.288062e+06,1.369283e+07,0.000000e+00,0.000000e+00
12,1.638856e+03,-7.351896,3.104337,0.559205,1.377894e+07,-5.818154e+06,-1.048064e+06,0.000000e+00,0.000000e+00
13,1.684609e+03,-0.622884,3.947690,6.930206,1.183594e+06,-7.501335e+06,-1.316866e+07,0.000000e+00,0.000000e+00
14,1.713722e+03,1.210798,-0.907235,7.855628,-2.320534e+06,1.738746e+06,-1.505556e+07,0.000000e+00,0.000000e+00
15,1.761550e+03,-6.738847,-0.191557,4.307116,1.309420e+07,3.722137e+05,-8.369124e+06,0.000000e+00,0.000000e+00
16,1.845340e+03,-2.248000,0.085118,7.677190,4.470752e+06,-1.692791e+05,-1.526815e+07,0.000000e+00,0.000000e+00
17,1.851694e+03,6.687549,3.341530,2.847957,-1.332286e+07,-6.656961e+06,-5.673669e+06,0.000000e+00,0.000000e+00
18,1.992342e+03,6.812767,-4.097687,0.891717,-1.407834e+07,8.467725e+06,-1.842701e+06,0.000000e+00,0.000000e+00
19,1.996747e+03,5.027028,1.636314,-6.004287,-1.039965e+07,-3.385120e+06,1.242135e+07,0.000000e+00,0.000000e+00
20,2.100461e+03,4.683261,4.704813,-4.464505,-9.936915e+06,-9.982645e+06,9.472760e+06,0.000000e+00,0.000000e+00
21,2.104686e+03,-4.172353,-4.417639,-5.203454,8.861775e+06,9.382745e+06,1.105176e+07,1.650086e+00,3.472913e+03
22,2.512017e+03,5.020097,-4.229411,4.572822,-1.164848e+07,9.813800e+06,-1.061064e+07,0.000000e+00,0.000000e+00
23,2.604855e+03,-3.708683,-0.310028,-7.081635,8.763093e+06,7.325511e+05,1.673290e+07,1.938975e+00,5.050748e+03
24,2.706348e+03,4.197759,-6.477876,2.101417,-1.011009e+07,1.560164e+07,-5.061158e+06,0.000000e+00,0.000000e+00
25,2.735605e+03,-4.164990,0.851143,6.777051,1.008525e+07,-2.060987e+06,-1.641018e+07,0.000000e+00,0.000000e+00
26,2.791973e+03,-0.746607,-0.360855,7.956907,1.826389e+06,8.827433e+05,-1.946461e+07,0.000000e+00,0.000000e+00
27,2.803178e+03,-5.686856,0.054309,-5.626431,1.393938e+07,-1.331209e+05,1.379127e+07,1.958036e+00,5.488722e+03
28,2.834962e+03,2.946127,-2.414342,-7.035005,-7.262247e+06,5.951388e+06,1.734139e+07,0.000000e+00,0.000000e+00
29,2.840402e+03,0.739100,3.100149,7.337766,-1.823641e+06,-7.649243e+06,-1.810505e+07,0.000000e+00,0.000000e+00
30,2.959163e+03,-1.186670,7.619905,2.128112,2.988548e+06,-1.919022e+07,-5.359507e+06,0.000000e+00,0.000000e+00
31,2.975774e+03,-1.367523,-5.301197,5.833283,3.453668e+06,1.338813e+07,-1.473191e+07,0.000000e+00,0.000000e+00
32,2.989021e+03,-2.925177,6.474259,-3.677949,7.403934e+06,-1.638704e+07,9.309281e+06,0.000000e+00,0.000000e+00
33,3.020808e+03,-3.138961,-6.819774,2.763622,7.987180e+06,1.735312e+07,-7.032119e+06,0.000000e+00,0.000000e+00
34,3.052415e+03,2.239337,2.983805,-7.076883,-5.727790e+06,-7.631996e+06,1.810130e+07,0.000000e+00,0.000000e+00
35,3.176167e+03,3.450468,-0.992849,7.149023,-9.002758e+06,2.590484e+06,-1.865281e+07,0.000000e+00,0.000000e+00
36,3.248426e+03,-6.581989,4.248959,-1.619805,1.736759e+07,-1.121153e+07,4.274104e+06,0.000000e+00,0.000000e+00
37,3.282248e+03,-0.972814,0.070325,-7.940320,2.580249e+06,-1.865282e+05,2.106055e+07,8.103651e-01,2.659819e+03
38,3.352190e+03,2.281723,6.986139,-3.160317,-6.116080e+06,-1.872611e+07,8.471122e+06,0.000000e+00,0.000000e+00
39,3.372645e+03,-2.697425,-3.774866,-6.517230,7.252381e+06,1.014922e+07,1.752243e+07,1.023723e+00,3.452653e+03
40,3.383968e+03,-4.715940,0.703502,6.423783,1.270069e+07,-1.894630e+06,-1.730015e+07,0.000000e+00,0.000000e+00
41,3.449364e+03,2.814009,-1.999630,7.216844,-7.651400e+06,5.437073e+06,-1.962288e+07,0.000000e+00,0.000000e+00
42,3.466097e+03,-2.377674,1.502366,-7.489297,6.480649e+06,-4.094887e+06,2.041302e+07,1.167631e+00,4.047123e+03
43,3.469180e+03,3.823259,6.212548,3.284347,-1.042541e+07,-1.694061e+07,-8.955883e+06,0.000000e+00,0.000000e+00
44,3.489620e+03,5.234348,5.945433,1.119563,-1.431521e+07,-1.625992e+07,-3.061849e+06,0.000000e+00,0.000000e+00
45,3.647020e+03,-1.628092,0.503105,-7.816406,4.551913e+06,-1.406610e+06,2.185356e+07,1.180644e+00,4.305833e+03
46,3.762947e+03,0.489114,2.204324,-7.674746,-1.389057e+06,-6.260159e+06,2.179586e+07,0.000000e+00,0.000000e+00
47,3.767814e+03,5.131721,-6.135392,-0.149679,-1.458323e+07,1.743545e+07,4.253543e+05,0.000000e+00,0.000000e+00
48,3.888190e+03,3.271781,-7.238734,0.946664,-9.445042e+06,2.089692e+07,-2.732848e+06,0.000000e+00,0.000000e+00
49,4.004748e+03,-2.812900,-3.100667,-6.817144,8.241152e+06,9.084241e+06,1.997267e+07,1.422967e+00,5.698626e+03
50,4.026713e+03,-0.337736,-1.090672,-7.918104,9.921993e+05,3.204168e+06,2.326176e+07,1.083931e+00,4.364680e+03
51,4.089673e+03,-1.954198,7.749167,-0.362658,5.785739e+06,-2.294274e+07,1.073712e+06,0.000000e+00,0.000000e+00
52,4.190537e+03,-2.594361,1.555754,-7.406006,7.775194e+06,-4.662531e+06,2.219550e+07,1.426874e+00,5.979370e+03
53,4.331812e+03,-0.791048,-6.182939,-5.014530,2.410368e+06,1.883977e+07,1.527956e+07,1.910318e+00,8.275139e+03
54,4.371743e+03,-0.129343,-0.461785,7.985614,3.959280e+05,1.413555e+06,-2.444452e+07,0.000000e+00,0.000000e+00
55,4.372543e+03,-1.607058,-0.254403,7.832793,4.919766e+06,7.788153e+05,-2.397892e+07,0.000000e+00,0.000000e+00
56,4.432992e+03,-6.710662,0.466956,-4.330008,2.068520e+07,-1.439362e+06,1.334698e+07,1.814492e+00,8.043629e+03
57,4.433671e+03,2.346184,-1.355214,-7.527205,-7.232521e+06,4.177684e+06,2.320393e+07,0.000000e+00,0.000000e+00
58,4.442157e+03,0.171423,0.205094,-7.995533,-5.289463e+05,-6.328415e+05,2.467120e+07,8.352477e-02,3.710301e+02
59,4.445930e+03,-7.536317,2.658624,-0.368302,2.326411e+07,-8.206995e+06,1.136924e+06,0.000000e+00,0.000000e+00
60,4.494962e+03,-4.242505,1.688195,-6.568953,1.316835e+07,-5.240003e+06,2.038943e+07,1.900235e+00,8.541485e+03
61,4.527403e+03,0.888879,3.604421,7.086469,-2.768936e+06,-1.122809e+07,-2.207498e+07,0.000000e+00,0.000000e+00
62,4.584779e+03,-0.016447,-0.014750,7.999969,5.155635e+04,4.623635e+04,-2.507804e+07,0.000000e+00,0.000000e+00
63,4.619398e+03,-1.097702,-7.655947,2.044880,3.454006e+06,2.409004e+07,-6.434375e+06,0.000000e+00,0.000000e+00
64,4.650383e+03,-1.661858,-3.564243,-6.966664,5.246677e+06,1.125272e+07,2.199455e+07,1.919030e+00,8.924226e+03
65,4.662796e+03,0.964335,-1.788357,7.737689,-3.048577e+06,5.653578e+06,-2.446135e+07,0.000000e+00,0.000000e+00
66,4.773720e+03,-3.414258,-3.616270,6.266214,1.092121e+07,1.156739e+07,-2.004378e+07,0.000000e+00,0.000000e+00
67,4.802193e+03,-1.004992,0.843995,-7.891620,3.224246e+06,-2.707731e+06,2.531815e+07,6.303555e-01,3.027088e+03
68,4.862490e+03,-0.750110,6.182916,5.020845,2.421588e+06,-1.996037e+07,-1.620885e+07,0.000000e+00,0.000000e+00
69,4.952799e+03,1.308996,-6.058709,5.057526,-4.264906e+06,1.974019e+07,-1.647819e+07,0.000000e+00,0.000000e+00
70,5.000242e+03,0.420072,0.029918,-7.988908,-1.375196e+06,-9.794425e+04,2.615344e+07,8.100584e-02,4.050488e+02
71,5.033161e+03,3.221498,-6.876726,2.516464,-1.058094e+07,2.258645e+07,-8.265272e+06,0.000000e+00,0.000000e+00
72,5.103738e+03,1.686799,3.409523,7.037746,-5.578964e+06,-1.127674e+07,-2.327682e+07,0.000000e+00,0.000000e+00
73,5.157362e+03,-0.113073,2.508694,7.595635,3.759403e+05,-8.340794e+06,-2.525363e+07,0.000000e+00,0.000000e+00
74,5.163271e+03,-3.185977,-3.600874,-6.394002,1.059866e+07,1.197888e+07,2.127067e+07,1.011406e+00,5.222163e+03
75,5.191575e+03,0.134997,-7.306129,-3.256110,-4.503192e+05,2.437153e+07,1.086162e+07,1.874859e+00,9.733469e+03
76,5.198775e+03,-5.495286,-3.899235,4.312516,1.834369e+07,1.301595e+07,-1.439552e+07,0.000000e+00,0.000000e+00
77,5.259848e+03,5.899259,5.363641,-0.655813,-1.980752e+07,-1.800911e+07,2.201975e+06,0.000000e+00,0.000000e+00
78,5.328739e+03,-5.470164,-3.375278,-4.762857,1.848666e+07,1.140690e+07,1.609629e+07,1.784786e+00,9.510656e+03
79,5.403555e+03,1.791848,2.890808,-7.241030,-6.097992e+06,-9.837958e+06,2.464257e+07,0.000000e+00,0.000000e+00
80,5.609488e+03,-6.277609,-2.342218,4.371000,2.176716e+07,8.121474e+06,-1.515613e+07,0.000000e+00,0.000000e+00
81,5.673638e+03,-7.571935,-1.372965,-2.186496,2.640485e+07,4.787804e+06,7.624746e+06,0.000000e+00,0.000000e+00
82,5.720045e+03,-6.661879,3.091605,3.171963,2.332611e+07,-1.082505e+07,-1.110641e+07,0.000000e+00,0.000000e+00
83,5.753848e+03,-7.093849,2.460385,2.761125,2.491191e+07,-8.640287e+06,-9.696416e+06,0.000000e+00,0.000000e+00
84,5.789970e+03,5.047648,2.703662,5.586722,-1.778170e+07,-9.524377e+06,-1.968073e+07,0.000000e+00,0.000000e+00
85,5.826701e+03,-2.693025,-5.388481,-5.264209,9.516946e+06,1.904249e+07,1.860332e+07,1.766136e+00,1.029074e+04
86,5.910731e+03,1.405850,-0.508605,-7.859065,-5.003866e+06,1.810286e+06,2.797290e+07,1.158103e-04,6.845232e-01
87,5.963447e+03,-6.778969,1.720845,-3.883848,2.423585e+07,-6.152285e+06,1.388535e+07,1.567630e+00,9.348481e+03
88,6.013657e+03,-2.867758,-2.242981,7.123552,1.029575e+07,8.052688e+06,-2.557478e+07,0.000000e+00,0.000000e+00
89,6.023899e+03,-4.435973,6.632806,-0.572730,1.593946e+07,-2.383319e+07,2.057950e+06,0.000000e+00,0.000000e+00
90,6.035423e+03,7.174651,0.675956,-3.473826,-2.580480e+07,-2.431186e+06,1.249418e+07,0.000000e+00,0.000000e+00
91,6.064333e+03,0.652891,-0.370514,-7.964700,-2.353846e+06,1.335803e+06,2.871487e+07,1.887247e-01,1.144490e+03
92,6.154870e+03,4.411012,-6.581352,1.108505,-1.602115e+07,2.390400e+07,-4.026180e+06,0.000000e+00,0.000000e+00
93,6.198347e+03,6.306729,0.880756,-4.842462,-2.298730e+07,-3.210255e+06,1.765022e+07,0.000000e+00,0.000000e+00
94,6.241303e+03,-5.186367,2.181230,-5.687163,1.896911e+07,-7.977836e+06,2.080076e+07,1.953357e+00,1.219149e+04
95,6.270449e+03,-1.870345,-5.265476,-5.725083,6.856730e+06,1.930336e+07,2.098829e+07,1.754611e+00,1.100220e+04
96,6.289196e+03,1.986786,0.053116,7.749185,-7.294484e+06,-1.950148e+05,-2.845113e+07,0.000000e+00,0.000000e+00
97,6.351274e+03,4.692670,-3.262897,-5.597531,-1.731396e+07,1.203870e+07,2.065251e+07,0.000000e+00,0.000000e+00
98,6.373318e+03,7.980185,0.318147,-0.464153,-2.949454e+07,-1.175862e+06,1.715495e+06,0.000000e+00,0.000000e+00
99,6.376189e+03,-4.827378,-1.370395,6.230444,1.784588e+07,5.066085e+06,-2.303274e+07,0.000000e+00,0.000000e+00
100,6.380428e+03,-4.424523,-4.529245,-4.889738,1.636203e+07,1.674930e+07,1.808242e+07,1.755355e+00,1.119992e+04
101,6.484205e+03,-1.392431,7.228067,3.133078,5.190965e+06,-2.694614e+07,-1.168007e+07,0.000000e+00,0.000000e+00
102,6.522763e+03,-0.945930,2.381757,7.578420,3.536883e+06,-8.905518e+06,-2.833612e+07,0.000000e+00,0.000000e+00
103,6.741751e+03,0.223793,-1.364099,7.879667,-8.507061e+05,5.185351e+06,-2.995299e+07,0.000000e+00,0.000000e+00
104,6.807876e+03,3.434875,5.433143,4.762624,-1.312087e+07,-2.075405e+07,-1.819274e+07,0.000000e+00,0.000000e+00
105,6.829641e+03,-7.906715,1.109872,-0.502035,3.025109e+07,-4.246369e+06,1.920787e+06,0.000000e+00,0.000000e+00
106,7.011510e+03,2.340350,3.234511,-6.932582,-9.072618e+06,-1.253893e+07,2.687489e+07,0.000000e+00,0.000000e+00
107,7.028174e+03,-6.093188,-3.239718,4.046886,2.364895e+07,1.257403e+07,-1.570682e+07,0.000000e+00,0.000000e+00
108,7.103938e+03,0.041514,-0.003429,7.999892,-1.619900e+05,1.338098e+04,-3.121617e+07,0.000000e+00,0.000000e+00
109,7.105133e+03,7.860149,1.466440,0.260035,-3.067346e+07,-5.722638e+06,-1.014762e+06,0.000000e+00,0.000000e+00
110,7.186500e+03,-0.550954,-7.929012,-0.909513,2.162321e+06,3.111887e+07,3.569549e+06,1.541880e+00,1.108072e+04
111,7.254419e+03,3.203255,3.104439,6.640905,-1.263103e+07,-1.224138e+07,-2.618632e+07,0.000000e+00,0.000000e+00
112,7.278306e+03,-2.323846,-2.026162,7.382033,9.178430e+06,8.002677e+06,-2.915661e+07,0.000000e+00,0.000000e+00
113,7.283374e+03,3.734379,-1.109701,-6.987344,-1.475471e+07,4.384481e+06,2.760733e+07,0.000000e+00,0.000000e+00
114,7.352358e+03,-0.440126,7.762579,1.883789,1.747176e+06,-3.081522e+07,-7.478104e+06,0.000000e+00,0.000000e+00
115,7.366167e+03,4.378848,-3.269945,-5.842358,-1.739909e+07,1.299293e+07,2.321426e+07,0.000000e+00,0.000000e+00
116,7.503035e+03,-6.627478,2.068489,-3.974655,2.657742e+07,-8.295022e+06,1.593910e+07,1.820904e+00,1.366231e+04
117,7.510905e+03,1.988965,7.659000,-1.176326,-7.980298e+06,-3.073011e+07,4.719757e+06,0.000000e+00,0.000000e+00
118,7.528060e+03,3.506436,6.987178,1.698310,-1.408489e+07,-2.806657e+07,-6.821884e+06,0.000000e+00,0.000000e+00
119,7.672655e+03,-1.508694,-3.636781,-6.964027,6.118147e+06,1.474810e+07,2.824094e+07,1.918259e+00,1.471814e+04
120,7.895556e+03,1.970158,-0.333063,7.746454,-8.104728e+06,1.370138e+06,-3.186693e+07,0.000000e+00,0.000000e+00
121,7.920490e+03,0.689484,-5.617458,5.654094,-2.840836e+06,2.314524e+07,-2.329620e+07,0.000000e+00,0.000000e+00
122,7.943407e+03,0.679332,-5.629297,-5.643539,-2.803053e+06,2.322755e+07,2.328632e+07,1.941988e+00,1.542600e+04
123,7.955274e+03,-0.379665,-0.829249,7.947842,1.567742e+06,3.424196e+06,-3.281881e+07,0.000000e+00,0.000000e+00
124,8.035133e+03,1.256900,6.985722,-3.690514,-5.216069e+06,-2.899037e+07,1.531543e+07,0.000000e+00,0.000000e+00
125,8.045150e+03,-3.704815,3.873121,5.939132,1.538436e+07,-1.608326e+07,-2.466244e+07,0.000000e+00,0.000000e+00
126,8.081676e+03,1.939804,3.324092,7.013385,-8.073365e+06,-1.383470e+07,-2.918935e+07,0.000000e+00,0.000000e+00
127,8.146777e+03,-0.668273,-1.082773,-7.898165,2.792498e+06,4.524558e+06,3.300389e+07,1.663430e+00,1.355159e+04
128,8.281976e+03,-0.326553,-0.310716,7.987291,1.375835e+06,1.309111e+06,-3.365212e+07,0.000000e+00,0.000000e+00
129,8.303205e+03,-0.236139,-1.322175,7.886450,9.961784e+05,5.577733e+06,-3.326981e+07,0.000000e+00,0.000000e+00
130,8.310442e+03,-1.619242,-0.196034,7.831962,6.833918e+06,8.273521e+05,-3.305435e+07,0.000000e+00,0.000000e+00
131,8.401060e+03,6.803295,-0.982203,4.092733,-2.886904e+07,4.167871e+06,-1.736706e+07,0.000000e+00,0.000000e+00
132,8.408366e+03,-0.173309,-4.098469,6.868225,7.357357e+05,1.739897e+07,-2.915723e+07,0.000000e+00,0.000000e+00
133,8.433196e+03,5.337228,-2.123817,5.568070,-2.269122e+07,9.029407e+06,-2.367264e+07,0.000000e+00,0.000000e+00
134,8.531113e+03,2.746156,2.706712,7.009446,-1.174286e+07,-1.157420e+07,-2.997316e+07,0.000000e+00,0.000000e+00
135,8.575113e+03,5.784728,4.497865,3.210316,-2.479984e+07,-1.928290e+07,-1.376302e+07,0.000000e+00,0.000000e+00
136,8.663626e+03,-3.623317,6.871674,-1.910933,1.561357e+07,-2.961136e+07,8.234575e+06,0.000000e+00,0.000000e+00
137,8.665593e+03,0.335329,-6.466532,-4.698034,-1.445161e+06,2.786869e+07,2.024702e+07,1.943258e+00,1.683948e+04
138,8.690739e+03,6.667964,-2.873476,3.358778,-2.877846e+07,1.240172e+07,-1.449625e+07,0.000000e+00,0.000000e+00
139,8.775138e+03,-5.267370,1.527715,5.824165,2.284372e+07,-6.625447e+06,-2.525844e+07,0.000000e+00,0.000000e+00
140,8.784094e+03,-5.566107,2.988485,4.907893,2.415160e+07,-1.296718e+07,-2.129558e+07,0.000000e+00,0.000000e+00
141,8.826771e+03,1.670856,7.793192,-0.688766,-7.267514e+06,-3.389708e+07,2.995839e+06,0.000000e+00,0.000000e+00
142,8.829002e+03,4.123892,-4.758839,-4.934265,-1.793945e+07,2.070154e+07,2.146467e+07,2.706824e-02,2.389855e+02
143,8.835167e+03,-5.880614,5.329272,1.008581,2.559034e+07,-2.319109e+07,-4.388985e+06,0.000000e+00,0.000000e+00
144,8.848693e+03,0.022812,-0.077874,7.999588,-9.934479e+04,3.391406e+05,-3.483800e+07,0.000000e+00,0.000000e+00
145,8.942703e+03,-2.262729,-3.809050,6.661171,9.906334e+06,1.667620e+07,-2.916291e+07,0.000000e+00,0.000000e+00
146,9.101433e+03,0.898578,1.006916,-7.885346,-3.968775e+06,-4.447275e+06,3.482744e+07,1.883069e-05,1.713862e-01
147,9.106572e+03,-5.581992,-4.386361,3.687981,2.466111e+07,1.937884e+07,-1.629341e+07,0.000000e+00,0.000000e+00
148,9.161233e+03,-3.970780,-0.241261,-6.940799,1.759539e+07,1.069079e+06,3.075618e+07,1.900928e+00,1.741485e+04
149,9.181754e+03,-3.505684,6.430856,-3.217805,1.555183e+07,-2.852841e+07,1.427475e+07,0.000000e+00,0.000000e+00
150,9.197454e+03,5.165588,1.375553,-5.951853,-2.293504e+07,-6.107411e+06,2.642603e+07,0.000000e+00,0.000000e+00
151,9.201917e+03,-5.071835,-0.618175,6.155839,2.252424e+07,2.745343e+06,-2.733835e+07,0.000000e+00,0.000000e+00
152,9.272082e+03,5.404407,3.381950,-4.832680,-2.409254e+07,-1.507654e+07,2.154382e+07,0.000000e+00,0.000000e+00
153,9.276091e+03,-0.548850,7.402680,2.983136,2.447270e+06,-3.300786e+07,-1.330153e+07,0.000000e+00,0.000000e+00
154,9.296142e+03,0.868495,7.915798,0.765414,-3.876723e+06,-3.533394e+07,-3.416596e+06,0.000000e+00,0.000000e+00
155,9.401005e+03,0.850194,-0.122427,7.953753,-3.816378e+06,5.495543e+05,-3.570304e+07,0.000000e+00,0.000000e+00
156,9.406363e+03,7.520041,1.514936,-2.270232,-3.376580e+07,-6.802225e+06,1.019359e+07,0.000000e+00,0.000000e+00
157,9.495053e+03,-3.810239,6.974450,-0.916042,1.718885e+07,-3.146332e+07,4.132472e+06,0.000000e+00,0.000000e+00
158,9.504906e+03,-0.682417,0.472718,-7.956811,3.080135e+06,-2.133646e+06,3.591360e+07,1.086369e+00,1.032584e+04
159,9.511884e+03,2.420279,-2.659374,7.146326,-1.092810e+07,1.200767e+07,-3.226726e+07,0.000000e+00,0.000000e+00
160,9.643018e+03,-1.086357,-1.305200,-7.817690,4.938839e+06,5.933754e+06,3.554110e+07,1.871543e+00,1.804732e+04
161,9.669594e+03,3.112701,-7.142885,-1.813914,-1.417057e+07,3.251799e+07,8.257846e+06,1.411464e+00,1.364828e+04
162,9.696042e+03,3.532770,-1.265604,7.065252,-1.610492e+07,5.769537e+06,-3.220852e+07,0.000000e+00,0.000000e+00
163,9.741931e+03,-1.325689,1.987725,7.634887,6.057731e+06,-9.082905e+06,-3.488760e+07,0.000000e+00,0.000000e+00
164,9.785225e+03,3.442712,0.487875,-7.204840,-1.576638e+07,-2.234291e+06,3.299557e+07,0.000000e+00,0.000000e+00
165,9.863791e+03,-2.965848,-5.778083,-4.670921,1.363693e+07,2.656756e+07,2.147684e+07,1.519947e+00,1.499244e+04
166,9.965191e+03,2.524196,6.615119,3.724062,-1.166573e+07,-3.057218e+07,-1.721098e+07,0.000000e+00,0.000000e+00
167,9.991622e+03,3.253195,3.968374,6.137486,-1.505477e+07,-1.836439e+07,-2.840236e+07,0.000000e+00,0.000000e+00
168,9.995349e+03,-0.566991,-0.340221,7.972626,2.624348e+06,1.574729e+06,-3.690170e+07,0.000000e+00,0.000000e+00
169,1.007583e+04,0.149098,-1.918530,7.765115,-6.928813e+05,8.915691e+06,-3.608563e+07,0.000000e+00,0.000000e+00
170,1.014011e+04,6.969729,-3.523550,1.734205,-3.249250e+07,1.642660e+07,-8.084770e+06,0.000000e+00,0.000000e+00
171,1.015949e+04,3.711637,-6.627020,-2.511247,-1.731997e+07,3.092431e+07,1.171848e+07,8.429011e-01,8.563441e+03
172,1.018908e+04,-3.856612,-0.470881,6.993198,1.802268e+07,2.200516e+06,-3.268055e+07,0.000000e+00,0.000000e+00
173,1.028901e+04,-7.107808,-3.585696,-0.788571,3.337863e+07,1.683861e+07,3.703171e+06,0.000000e+00,0.000000e+00
174,1.030388e+04,-3.936734,-6.856639,-1.220096,1.850046e+07,3.222238e+07,5.733774e+06,6.878716e-01,7.087749e+03
175,1.032327e+04,-3.844038,-6.785346,-1.783942,1.808182e+07,3.191733e+07,8.391415e+06,1.357201e+00,1.401075e+04
176,1.034297e+04,-7.462068,2.883449,-0.057170,3.513401e+07,-1.357628e+07,2.691747e+05,0.000000e+00,0.000000e+00
177,1.038918e+04,7.823438,1.576964,-0.554071,-3.691766e+07,-7.441465e+06,2.614582e+06,0.000000e+00,0.000000e+00
178,1.039311e+04,2.579255,0.577544,7.550754,-1.217343e+07,-2.725864e+06,-3.563766e+07,0.000000e+00,0.000000e+00
179,1.044466e+04,-7.122436,-2.405076,-2.736148,3.369936e+07,1.137947e+07,1.294591e+07,7.519431e-01,7.853789e+03
180,1.049348e+04,1.102864,-7.916546,0.334641,-5.230316e+06,3.754409e+07,-1.587032e+06,9.184764e-01,9.638016e+03
181,1.054125e+04,-2.613075,-7.553984,0.330414,1.242064e+07,3.590609e+07,-1.570544e+06,3.064400e-03,3.230261e+01
182,1.055928e+04,-1.502766,-5.922363,5.164040,7.149151e+06,2.817463e+07,-2.456703e+07,0.000000e+00,0.000000e+00
183,1.059310e+04,-1.497277,7.821302,-0.765115,7.134434e+06,-3.726803e+07,3.645729e+06,0.000000e+00,0.000000e+00
184,1.076864e+04,0.698623,7.595753,-2.411734,-3.356365e+06,-3.649196e+07,1.158659e+07,0.000000e+00,0.000000e+00
185,1.078591e+04,3.737721,-2.047118,-6.770432,-1.797137e+07,9.842767e+06,3.255297e+07,0.000000e+00,0.000000e+00
186,1.080768e+04,0.307098,2.464520,-7.604724,-1.478052e+06,-1.186164e+07,3.660123e+07,1.325458e-14,1.432513e-10
187,1.081347e+04,-0.927665,-1.302713,-7.838519,4.466010e+06,6.271583e+06,3.773657e+07,1.862041e+00,2.013512e+04
188,1.086080e+04,0.752094,-0.923614,-7.910834,-3.628683e+06,4.456230e+06,3.816797e+07,8.252876e-01,8.963282e+03
189,1.089932e+04,4.608779,4.491541,-4.752390,-2.227571e+07,-2.170906e+07,2.296983e+07,0.000000e+00,0.000000e+00
190,1.091561e+04,1.924504,1.546566,7.609495,-9.308699e+06,-7.480634e+06,-3.680662e+07,0.000000e+00,0.000000e+00
191,1.101027e+04,-3.090432,4.573565,-5.790659,1.501288e+07,-2.221773e+07,2.813020e+07,7.249888e-01,7.982320e+03
192,1.101287e+04,-3.785099,6.808027,-1.823126,1.838965e+07,-3.307634e+07,8.857535e+06,0.000000e+00,0.000000e+00
193,1.102250e+04,0.189435,0.615520,-7.974036,-9.207588e+05,-2.991767e+06,3.875825e+07,4.711422e-01,5.193164e+03
194,1.112564e+04,-4.595798,0.235815,-6.543931,2.244240e+07,-1.151544e+06,3.195562e+07,1.885431e+00,2.097663e+04
195,1.114704e+04,1.945146,3.047247,7.136574,-9.507754e+06,-1.489476e+07,-3.488313e+07,0.000000e+00,0.000000e+00
196,1.117521e+04,-5.687188,5.299866,1.888731,2.783373e+07,-2.593813e+07,-9.243659e+06,0.000000e+00,0.000000e+00
197,1.124075e+04,-0.873270,-1.222746,7.857626,4.286394e+06,6.001779e+06,-3.856870e+07,0.000000e+00,0.000000e+00
198,1.124293e+04,1.955079,-1.464903,-7.617856,-9.597322e+06,7.191089e+06,3.739542e+07,2.644134e-01,2.972781e+03
199,1.124553e+04,0.376154,0.692406,7.961098,-1.846725e+06,-3.399354e+06,-3.908489e+07,0.000000e+00,0.000000e+00
200,1.128234e+04,-6.059473,-0.851309,5.153452,2.979754e+07,4.186325e+06,-2.534217e+07,0.000000e+00,0.000000e+00
201,1.134413e+04,-3.809684,-2.313621,-6.643303,1.878540e+07,1.140838e+07,3.275787e+07,1.010008e+00,1.145766e+04
202,1.137269e+04,7.203019,-2.858607,-1.986172,-3.556249e+07,1.411341e+07,9.806056e+06,0.000000e+00,0.000000e+00
203,1.139813e+04,3.286179,-3.055602,6.623015,-1.624254e+07,1.510287e+07,-3.273546e+07,0.000000e+00,0.000000e+00
204,1.143636e+04,-0.352280,-1.780937,7.791288,1.744125e+06,8.817359e+06,-3.857439e+07,0.000000e+00,0.000000e+00
205,1.147212e+04,1.615382,-1.535002,7.683379,-8.010197e+06,7.611614e+06,-3.809957e+07,0.000000e+00,0.000000e+00
206,1.149310e+04,-5.913534,3.407758,-4.173404,2.935024e+07,-1.691349e+07,2.071358e+07,1.900471e+00,2.184231e+04
207,1.149761e+04,2.046017,-4.891914,-5.990241,-1.015685e+07,2.428447e+07,2.973679e+07,1.671639e+00,1.921986e+04
208,1.161804e+04,6.362149,-4.838131,0.339926,-3.174798e+07,2.414293e+07,-1.696277e+06,0.000000e+00,0.000000e+00
209,1.167802e+04,-4.775571,4.628750,-4.446190,2.389218e+07,-2.315763e+07,2.224429e+07,1.613791e+00,1.884588e+04
210,1.169683e+04,7.068539,3.704118,0.561486,-3.539238e+07,-1.854662e+07,-2.811379e+06,0.000000e+00,0.000000e+00
211,1.171407e+04,0.045545,0.603886,-7.977045,-2.282114e+05,-3.025904e+06,3.997071e+07,6.273437e-01,7.348747e+03
212,1.178652e+04,-3.043305,-6.595860,3.351557,1.529622e+07,3.315203e+07,-1.684555e+07,0.000000e+00,0.000000e+00
213,1.179342e+04,0.502892,-1.760744,7.787611,-2.528370e+06,8.852423e+06,-3.915346e+07,0.000000e+00,0.000000e+00
214,1.181030e+04,-7.958959,0.809253,0.008612,4.004356e+07,-4.071557e+06,-4.333026e+04,0.000000e+00,0.000000e+00
215,1.184474e+04,3.235410,-1.452446,7.170950,-1.630189e+07,7.318275e+06,-3.613145e+07,0.000000e+00,0.000000e+00
216,1.188612e+04,6.713295,3.708374,2.275879,-3.388455e+07,-1.871757e+07,-1.148722e+07,0.000000e+00,0.000000e+00
217,1.190966e+04,4.538790,-1.069774,6.500382,-2.293167e+07,5.404900e+06,-3.284237e+07,0.000000e+00,0.000000e+00
218,1.191883e+04,2.573490,7.336695,-1.884157,-1.300724e+07,-3.708201e+07,9.523133e+06,0.000000e+00,0.000000e+00
219,1.202713e+04,-6.288199,-3.754896,3.218589,3.192664e+07,1.906448e+07,-1.634152e+07,0.000000e+00,0.000000e+00
220,1.203215e+04,-2.914532,-2.121245,7.141836,1.480084e+07,1.077230e+07,-3.626832e+07,0.000000e+00,0.000000e+00
221,1.203383e+04,7.626264,-0.220451,2.406555,-3.873109e+07,1.119594e+06,-1.222204e+07,0.000000e+00,0.000000e+00
222,1.208485e+04,3.124006,-6.690369,3.078888,-1.589931e+07,3.404996e+07,-1.566969e+07,0.000000e+00,0.000000e+00
223,1.209025e+04,-7.109834,0.908231,-3.553221,3.619287e+07,-4.623382e+06,1.808780e+07,1.797834e+00,2.173627e+04
224,1.218715e+04,2.187449,-6.873847,3.459088,-1.117982e+07,3.513151e+07,-1.767904e+07,0.000000e+00,0.000000e+00
225,1.220696e+04,-1.777196,3.035171,7.185354,9.090443e+06,-1.552504e+07,-3.675343e+07,0.000000e+00,0.000000e+00
226,1.221008e+04,-3.334252,-5.791020,4.398506,1.705704e+07,2.962513e+07,-2.250144e+07,0.000000e+00,0.000000e+00
227,1.232089e+04,-1.576694,-1.179938,-7.753824,8.102414e+06,6.063538e+06,3.984583e+07,1.956869e+00,2.411036e+04
228,1.233290e+04,-5.870558,-0.611979,5.400188,3.018269e+07,3.146409e+06,-2.776435e+07,0.000000e+00,0.000000e+00
229,1.233758e+04,3.660068,-6.310564,-3.283395,-1.882132e+07,3.245108e+07,1.688434e+07,1.029690e+00,1.270388e+04
230,1.235135e+04,-3.632833,0.980451,7.059833,1.869169e+07,-5.044626e+06,-3.632432e+07,0.000000e+00,0.000000e+00
231,1.238905e+04,-2.420990,-4.151399,-6.395677,1.247550e+07,2.139240e+07,3.295729e+07,1.051808e+00,1.303091e+04
232,1.247677e+04,-1.626413,6.564361,4.273634,8.410617e+06,-3.394607e+07,-2.210011e+07,0.000000e+00,0.000000e+00
233,1.256652e+04,-1.025773,-5.226421,5.969281,5.323590e+06,2.712425e+07,-3.097957e+07,0.000000e+00,0.000000e+00
234,1.273614e+04,-1.287214,1.314030,7.785654,6.725358e+06,-6.865467e+06,-4.067803e+07,0.000000e+00,0.000000e+00
235,1.274686e+04,-7.102676,-3.136467,1.927320,3.712526e+07,1.639413e+07,-1.007399e+07,0.000000e+00,0.000000e+00
236,1.274979e+04,-1.926773,6.949773,3.462399,1.007228e+07,-3.633022e+07,-1.809983e+07,0.000000e+00,0.000000e+00
237,1.282845e+04,-6.724679,-4.233269,0.926353,3.526181e+07,2.219775e+07,-4.857464e+06,0.000000e+00,0.000000e+00
238,1.285440e+04,1.187257,-0.432062,7.899604,-6.231841e+06,2.267867e+06,-4.146457e+07,0.000000e+00,0.000000e+00
239,1.291322e+04,-2.727642,-1.877026,-7.282633,1.434996e+07,9.874917e+06,3.831349e+07,1.888800e+00,2.439049e+04
240,1.295815e+04,3.166322,2.442675,-6.928762,-1.668678e+07,-1.287310e+07,3.651515e+07,0.000000e+00,0.000000e+00
241,1.299252e+04,-0.258123,-0.398901,7.985878,1.362134e+06,2.105030e+06,-4.214202e+07,0.000000e+00,0.000000e+00
242,1.305459e+04,2.717930,7.501813,-0.579366,-1.437692e+07,-3.968203e+07,3.064651e+06,0.000000e+00,0.000000e+00
243,1.309216e+04,-0.739148,-3.847785,-6.974827,3.915462e+06,2.038273e+07,3.694750e+07,1.962829e+00,2.569767e+04
244,1.309865e+04,-3.865412,-6.081415,-3.474909,2.048118e+07,3.222284e+07,1.841207e+07,1.897292e+00,2.485197e+04
245,1.316128e+04,-6.637783,-1.478300,4.213605,3.525478e+07,7.851587e+06,-2.237942e+07,0.000000e+00,0.000000e+00
246,1.319243e+04,-5.714159,2.164523,5.163644,3.038510e+07,-1.150988e+07,-2.745773e+07,0.000000e+00,0.000000e+00
247,1.324311e+04,2.913773,2.642569,-6.966115,-1.552376e+07,-1.407885e+07,3.711348e+07,0.000000e+00,0.000000e+00
248,1.332646e+04,-3.956976,6.894140,-0.901761,2.114788e+07,-3.684542e+07,4.819419e+06,0.000000e+00,0.000000e+00
249,1.343362e+04,5.006809,-2.360250,5.775905,-2.686603e+07,1.266486e+07,-3.099292e+07,0.000000e+00,0.000000e+00
250,1.344406e+04,-4.599614,-3.199236,5.710380,2.469065e+07,1.717345e+07,-3.065323e+07,0.000000e+00,0.000000e+00
251,1.346118e+04,1.307779,3.718623,-6.961433,-7.024603e+06,-1.997422e+07,3.739265e+07,0.000000e+00,0.000000e+00
252,1.350682e+04,-4.907418,-4.800223,-4.107932,2.640436e+07,2.582759e+07,2.210272e+07,1.854969e+00,2.505473e+04
253,1.357839e+04,1.962169,-2.056008,7.478150,-1.058538e+07,1.109162e+07,-4.034263e+07,0.000000e+00,0.000000e+00
254,1.366843e+04,-3.547655,-7.079408,1.138476,1.920201e+07,3.831794e+07,-6.162105e+06,0.000000e+00,0.000000e+00
255,1.367066e+04,3.445595,0.708343,-7.185132,-1.865112e+07,-3.834285e+06,3.889336e+07,0.000000e+00,0.000000e+00
256,1.367839e+04,-0.791340,-1.271991,7.858487,4.284759e+06,6.887274e+06,-4.255028e+07,0.000000e+00,0.000000e+00
257,1.373565e+04,-0.775773,4.138291,6.802406,4.209254e+06,-2.245389e+07,-3.690906e+07,0.000000e+00,0.000000e+00
258,1.374825e+04,6.112235,-4.604543,-2.332116,-3.317949e+07,2.499518e+07,1.265960e+07,0.000000e+00,0.000000e+00
259,1.375866e+04,-2.832839,-7.279131,-1.728952,1.538353e+07,3.952880e+07,9.388947e+06,1.842361e+00,2.534843e+04
260,1.377102e+04,-4.368329,1.906569,6.425162,2.373255e+07,-1.035813e+07,-3.490704e+07,0.000000e+00,0.000000e+00
261,1.377334e+04,-0.780684,5.499524,5.757236,4.241708e+06,-2.988070e+07,-3.128093e+07,0.000000e+00,0.000000e+00
262,1.378077e+04,-0.956726,0.139527,-7.941361,5.199602e+06,-7.582981e+05,4.315962e+07,1.599662e+00,2.204458e+04
263,1.380272e+04,1.027145,4.945784,-6.203563,-5.586762e+06,-2.690069e+07,3.374190e+07,0.000000e+00,0.000000e+00
264,1.382901e+04,7.544232,-1.934260,-1.828443,-4.107300e+07,1.053068e+07,9.954578e+06,0.000000e+00,0.000000e+00
265,1.389935e+04,5.511253,5.798614,-0.046589,-3.008109e+07,-3.164954e+07,2.542907e+05,0.000000e+00,0.000000e+00
266,1.390587e+04,-2.906038,-0.092404,7.452946,1.586523e+07,5.044712e+05,-4.068862e+07,0.000000e+00,0.000000e+00
267,1.406146e+04,-3.657629,-6.546063,2.787617,2.007987e+07,3.593696e+07,-1.530362e+07,0.000000e+00,0.000000e+00
268,1.408345e+04,1.475687,-2.640992,7.405910,-8.107647e+06,1.451000e+07,-4.068918e+07,0.000000e+00,0.000000e+00
269,1.424052e+04,-2.187607,-2.935659,-7.113106,1.208588e+07,1.621864e+07,3.929779e+07,1.862250e+00,2.651940e+04
270,1.425731e+04,5.712046,4.463137,3.384218,-3.157595e+07,-2.467204e+07,-1.870782e+07,0.000000e+00,0.000000e+00
271,1.425835e+04,-1.488819,-7.598080,-2.013106,8.230432e+06,4.200340e+07,1.112877e+07,1.916568e+00,2.732711e+04
272,1.426823e+04,2.232571,3.382729,6.897302,-1.234629e+07,-1.870675e+07,-3.814260e+07,0.000000e+00,0.000000e+00
273,1.430060e+04,-1.324354,-2.458209,-7.496886,7.332080e+06,1.360949e+07,4.150534e+07,1.988386e+00,2.843511e+04
274,1.435990e+04,-3.534062,5.428438,-4.694941,1.960631e+07,-3.011594e+07,2.604664e+07,7.350670e-01,1.055548e+04
275,1.450684e+04,1.616431,-5.985075,5.056286,-9.013418e+06,3.337352e+07,-2.819448e+07,0.000000e+00,0.000000e+00
276,1.459030e+04,0.878699,1.597419,7.789489,-4.913810e+06,-8.932993e+06,-4.355992e+07,0.000000e+00,0.000000e+00
277,1.459613e+04,0.004247,-3.954922,6.954033,-2.375261e+04,2.212090e+07,-3.889570e+07,0.000000e+00,0.000000e+00
278,1.460021e+04,1.137209,-7.745235,1.648664,-6.361592e+06,4.332714e+07,-9.222690e+06,1.706241e-01,2.491148e+03
279,1.462201e+04,5.362727,-2.551490,5.360136,-3.002169e+07,1.428378e+07,-3.000718e+07,0.000000e+00,0.000000e+00
280,1.465339e+04,1.322715,-4.801797,6.260445,-7.412784e+06,2.691031e+07,-3.508489e+07,0.000000e+00,0.000000e+00
281,1.466513e+04,-1.303267,1.214213,-7.799178,7.306716e+06,-6.807441e+06,4.372581e+07,1.445749e+00,2.120210e+04
282,1.467386e+04,-5.352966,-4.813528,3.489371,3.002013e+07,2.699489e+07,-1.956885e+07,0.000000e+00,0.000000e+00
283,1.468124e+04,1.569279,4.621406,-6.338768,-8.802931e+06,-2.592396e+07,3.555757e+07,0.000000e+00,0.000000e+00
284,1.468450e+04,2.798230,0.322303,7.487725,-1.569853e+07,-1.808173e+06,-4.200736e+07,0.000000e+00,0.000000e+00
285,1.468974e+04,-4.207704,-6.160491,2.888526,2.361012e+07,3.456753e+07,-1.620800e+07,0.000000e+00,0.000000e+00
286,1.470827e+04,-1.039439,1.854915,-7.712254,5.836140e+06,-1.041479e+07,4.330201e+07,9.945617e-01,1.462828e+04
287,1.471941e+04,-3.166980,2.506309,-6.905697,1.778838e+07,-1.407751e+07,3.878812e+07,1.811263e+00,2.666073e+04
288,1.472573e+04,0.993763,1.053058,-7.867878,-5.582995e+06,-5.916115e+06,4.420201e+07,6.445893e-02,9.492049e+02
289,1.480783e+04,-4.664137,6.247907,-1.791503,2.627622e+07,-3.519866e+07,1.009274e+07,3.479286e-02,5.152066e+02
290,1.484733e+04,2.423298,-3.604547,-6.718249,-1.367027e+07,2.033391e+07,3.789887e+07,1.076847e+00,1.598831e+04
291,1.484839e+04,-6.539600,2.811649,3.650789,3.689239e+07,-1.586159e+07,-2.059550e+07,0.000000e+00,0.000000e+00
292,1.485431e+04,5.025398,-2.799089,-5.559719,-2.835585e+07,1.579388e+07,3.137076e+07,0.000000e+00,0.000000e+00
293,1.485785e+04,1.240743,-7.406160,-2.758506,-7.001739e+06,4.179429e+07,1.556675e+07,1.809528e+00,2.688570e+04
294,1.489690e+04,-1.217373,2.832326,7.382136,6.878878e+06,-1.600432e+07,-4.171344e+07,0.000000e+00,0.000000e+00
295,1.492862e+04,2.065105,2.292374,7.381082,-1.168148e+07,-1.296705e+07,-4.175185e+07,0.000000e+00,0.000000e+00
296,1.499167e+04,0.026162,-7.933407,1.029745,-1.482987e+05,4.497081e+07,-5.837150e+06,4.089611e-01,6.131010e+03
297,1.507554e+04,0.644201,6.669928,-4.370019,-3.661878e+06,-3.791434e+07,2.484081e+07,0.000000e+00,0.000000e+00
298,1.508351e+04,1.796339,-2.338910,7.436576,-1.021376e+07,1.329874e+07,-4.228343e+07,0.000000e+00,0.000000e+00
299,1.509375e+04,1.413916,-0.517158,7.857060,-8.042079e+06,2.941495e+06,-4.468941e+07,0.000000e+00,0.000000e+00
300,1.522379e+04,3.311977,4.064441,6.042444,-1.891885e+07,-2.321711e+07,-3.451596e+07,0.000000e+00,0.000000e+00
301,1.532958e+04,-1.091223,-0.784409,7.886313,6.254963e+06,4.496282e+06,-4.520486e+07,0.000000e+00,0.000000e+00
302,1.534068e+04,0.304804,-0.738417,7.960015,-1.747789e+06,4.234188e+06,-4.564383e+07,0.000000e+00,0.000000e+00
303,1.538002e+04,6.783840,-1.097755,-4.095662,-3.894933e+07,6.302747e+06,2.351519e+07,0.000000e+00,0.000000e+00
304,1.541117e+04,0.568382,7.663344,-2.224881,-3.266660e+06,-4.404353e+07,1.278705e+07,0.000000e+00,0.000000e+00
305,1.541821e+04,1.099213,7.815808,1.305710,-6.318951e+06,-4.493004e+07,-7.506017e+06,0.000000e+00,0.000000e+00
306,1.552407e+04,7.295080,-3.266004,-0.339163,-4.208030e+07,1.883933e+07,1.956401e+06,0.000000e+00,0.000000e+00
307,1.560072e+04,4.782930,-5.817906,-2.697324,-2.765746e+07,3.364225e+07,1.559737e+07,1.742651e-01,2.718663e+03
308,1.569038e+04,-5.116458,-5.052888,-3.505734,2.967100e+07,2.930235e+07,2.033020e+07,1.894557e+00,2.972632e+04
309,1.569540e+04,4.793751,0.790172,6.355752,-2.780402e+07,-4.583039e+06,-3.686371e+07,0.000000e+00,0.000000e+00
310,1.571554e+04,-2.750960,-1.095679,7.431804,1.596596e+07,6.359076e+06,-4.313253e+07,0.000000e+00,0.000000e+00
311,1.572009e+04,5.140953,6.035819,-1.067470,-2.984126e+07,-3.503561e+07,6.196251e+06,0.000000e+00,0.000000e+00
312,1.572639e+04,5.498422,-4.750148,3.347155,-3.192262e+07,2.757831e+07,-1.943284e+07,0.000000e+00,0.000000e+00
313,1.575412e+04,-0.657096,2.056968,-7.703058,3.818313e+06,-1.195282e+07,4.476166e+07,6.557068e-01,1.033008e+04
314,1.576656e+04,4.663046,-0.880451,-6.440560,-2.710716e+07,5.118230e+06,3.744019e+07,0.000000e+00,0.000000e+00
315,1.578924e+04,-6.223075,2.077465,-4.577934,3.620192e+07,-1.208538e+07,2.663153e+07,2.032258e+00,3.208781e+04
316,1.580764e+04,-7.468918,1.512057,2.434944,4.347476e+07,-8.801314e+06,-1.417322e+07,0.000000e+00,0.000000e+00
317,1.582089e+04,-7.818840,1.634129,-0.441998,4.553064e+07,-9.515852e+06,2.573843e+06,0.000000e+00,0.000000e+00
318,1.584982e+04,2.691216,-1.974276,7.270460,-1.568580e+07,1.150710e+07,-4.237601e+07,0.000000e+00,0.000000e+00
319,1.589322e+04,-2.864979,-7.122665,2.249342,1.672143e+07,4.157138e+07,-1.312827e+07,0.000000e+00,0.000000e+00
320,1.590037e+04,4.464043,0.888101,6.579027,-2.606021e+07,-5.184561e+06,-3.840708e+07,0.000000e+00,0.000000e+00
321,1.590860e+04,-1.194013,7.579172,2.265058,6.972218e+06,-4.425718e+07,-1.322639e+07,0.000000e+00,0.000000e+00
322,1.593001e+04,-1.266585,-7.201865,-3.244827,7.400963e+06,4.208225e+07,1.896031e+07,1.839073e+00,2.929644e+04
323,1.595521e+04,7.086876,0.012261,3.711608,-4.144309e+07,-7.169951e+04,-2.170498e+07,0.000000e+00,0.000000e+00
324,1.596472e+04,-6.726946,0.329631,4.317354,3.934998e+07,-1.928211e+06,-2.525482e+07,0.000000e+00,0.000000e+00
325,1.598012e+04,4.853115,5.718693,2.782773,-2.840250e+07,-3.346823e+07,-1.628598e+07,0.000000e+00,0.000000e+00
326,1.603889e+04,5.043380,1.856454,-5.926035,-2.957024e+07,-1.088472e+07,3.474540e+07,0.000000e+00,0.000000e+00
327,1.609755e+04,0.022167,-0.005407,-7.999967,-1.302063e+05,3.176152e+04,4.699093e+07,1.182580e+00,1.903663e+04
328,1.611724e+04,-2.746797,3.791520,6.486870,1.614425e+07,-2.228459e+07,-3.812646e+07,0.000000e+00,0.000000e+00
329,1.617335e+04,-4.564717,-1.258775,6.448166,2.687570e+07,7.411293e+06,-3.796489e+07,0.000000e+00,0.000000e+00
330,1.623081e+04,-7.515586,-0.651349,-2.663027,4.432808e+07,3.841757e+06,1.570694e+07,9.293121e-01,1.508349e+04
331,1.623331e+04,1.066240,-3.393630,7.165641,-6.289330e+06,2.001769e+07,-4.226730e+07,0.000000e+00,0.000000e+00
332,1.624087e+04,-7.711394,-1.161066,-1.785028,4.549708e+07,6.850269e+06,1.053163e+07,7.005256e-02,1.137715e+03
333,1.628060e+04,-1.624747,-3.381320,-7.065895,9.597696e+06,1.997411e+07,4.173960e+07,1.957162e+00,3.186377e+04
334,1.630747e+04,-2.840976,5.011981,-5.550577,1.679603e+07,-2.963116e+07,3.281538e+07,6.704417e-01,1.093321e+04
335,1.645514e+04,-6.454193,4.518919,-1.386640,3.832998e+07,-2.683683e+07,8.234943e+06,1.027480e-02,1.690733e+02
336,1.651903e+04,-5.636116,-4.937610,-2.802536,3.353653e+07,2.938022e+07,1.667590e+07,1.824283e+00,3.013539e+04
337,1.664645e+04,6.834414,1.739375,3.776952,-4.082329e+07,-1.038963e+07,-2.256047e+07,0.000000e+00,0.000000e+00
338,1.669809e+04,3.684478,6.843295,1.895769,-2.204222e+07,-4.093970e+07,-1.134135e+07,0.000000e+00,0.000000e+00
339,1.669837e+04,-0.897708,-7.242447,3.277360,5.370543e+06,4.332797e+07,-1.960682e+07,0.000000e+00,0.000000e+00
340,1.673010e+04,6.619548,4.005479,2.034139,-3.963908e+07,-2.398555e+07,-1.218080e+07,0.000000e+00,0.000000e+00
341,1.680259e+04,-3.570307,6.978655,-1.597275,2.142593e+07,-4.187991e+07,9.585479e+06,1.265869e-07,2.126988e-03
342,1.684149e+04,-1.474952,-0.299270,7.857159,8.861640e+06,1.798037e+06,-4.720650e+07,0.000000e+00,0.000000e+00
343,1.687009e+04,6.085490,5.042877,-1.239435,-3.659319e+07,-3.032376e+07,7.452955e+06,0.000000e+00,0.000000e+00
344,1.689237e+04,1.033745,1.063223,7.861357,-6.220203e+06,-6.397577e+06,-4.730301e+07,0.000000e+00,0.000000e+00
345,1.701819e+04,2.993234,-1.695441,-7.222605,-1.807771e+07,1.023966e+07,4.362109e+07,8.236932e-02,1.401776e+03
346,1.709017e+04,-3.537191,-1.132185,-7.085650,2.140807e+07,6.852301e+06,4.288436e+07,1.812308e+00,3.097266e+04
347,1.712005e+04,-0.344930,-0.577808,-7.971647,2.089435e+06,3.500115e+06,4.828882e+07,1.621498e+00,2.776013e+04
348,1.714637e+04,3.352841,5.235600,5.034575,-2.032568e+07,-3.173939e+07,-3.052073e+07,0.000000e+00,0.000000e+00
349,1.719015e+04,-1.282095,-0.906574,7.844384,7.782265e+06,5.502870e+06,-4.761509e+07,0.000000e+00,0.000000e+00
350,1.724569e+04,5.888928,-1.938245,5.056059,-3.580325e+07,1.178406e+07,-3.073961e+07,0.000000e+00,0.000000e+00
351,1.728538e+04,-4.239772,1.968325,6.492305,2.580643e+07,-1.198070e+07,-3.951704e+07,0.000000e+00,0.000000e+00
352,1.733989e+04,0.395629,-6.839209,-4.131429,-2.411890e+06,4.169414e+07,2.518659e+07,1.881916e+00,3.263223e+04
353,1.735596e+04,-1.642265,-3.690557,6.905270,1.001644e+07,2.250931e+07,-4.211637e+07,0.000000e+00,0.000000e+00
354,1.737861e+04,0.084365,-0.045736,7.999424,-5.148935e+05,2.791359e+05,-4.882163e+07,0.000000e+00,0.000000e+00
355,1.746141e+04,3.013632,6.215899,-4.034925,-1.843639e+07,-3.802678e+07,2.468431e+07,0.000000e+00,0.000000e+00
356,1.748547e+04,-7.909007,-0.872267,0.828711,4.841797e+07,5.339914e+06,-5.073267e+06,0.000000e+00,0.000000e+00
357,1.749035e+04,6.556064,4.374293,1.372438,-4.014101e+07,-2.678262e+07,-8.403069e+06,1.005379e+00,1.758443e+04
358,1.751416e+04,-1.668497,-2.359703,-7.459754,1.022271e+07,1.445766e+07,4.570515e+07,1.952135e+00,3.419002e+04
359,1.757235e+04,0.115309,0.387014,7.989801,-7.076605e+05,-2.375129e+06,-4.903395e+07,0.000000e+00,0.000000e+00
360,1.762278e+04,6.079507,4.970696,-1.527014,-3.736384e+07,-3.054924e+07,9.384825e+06,0.000000e+00,0.000000e+00
361,1.767949e+04,0.021339,0.753571,7.964400,-1.313580e+05,-4.638794e+06,-4.902684e+07,0.000000e+00,0.000000e+00
362,1.769448e+04,5.978695,-5.181353,-1.186925,-3.681893e+07,3.190862e+07,7.309506e+06,0.000000e+00,0.000000e+00
363,1.770738e+04,-1.577448,0.128657,-7.841881,9.718027e+06,-7.926065e+05,4.831070e+07,1.843249e+00,3.263910e+04
364,1.772323e+04,-5.335053,-1.693029,-5.715843,3.288184e+07,1.043474e+07,3.522878e+07,1.869039e+00,3.312541e+04
365,1.780156e+04,3.484112,6.576213,2.935027,-2.152123e+07,-4.062102e+07,-1.812955e+07,0.000000e+00,0.000000e+00
366,1.781745e+04,6.353854,-1.335074,4.673983,-3.926504e+07,8.250382e+06,-2.888391e+07,0.000000e+00,0.000000e+00
367,1.785080e+04,4.373811,-3.597411,5.650523,-2.705420e+07,2.225179e+07,-3.495131e+07,0.000000e+00,0.000000e+00
368,1.790368e+04,3.384659,-5.366378,-4.872995,-2.096679e+07,3.324286e+07,3.018652e+07,1.236014e+00,2.212919e+04
369,1.792820e+04,-2.238006,-0.373230,7.671508,1.387316e+07,2.313614e+06,-4.755487e+07,0.000000e+00,0.000000e+00
370,1.796971e+04,1.320625,-6.452490,4.541071,-8.195886e+06,4.004458e+07,-2.818219e+07,0.000000e+00,0.000000e+00
371,1.797739e+04,0.298871,-7.174170,-3.527317,-1.855208e+06,4.453290e+07,2.189544e+07,1.796076e+00,3.228875e+04
372,1.799599e+04,4.483746,6.529669,1.122253,-2.784677e+07,-4.055319e+07,-6.969868e+06,0.000000e+00,0.000000e+00
373,1.803074e+04,4.013511,6.542799,2.254664,-2.495038e+07,-4.067395e+07,-1.401634e+07,0.000000e+00,0.000000e+00
374,1.807978e+04,0.181781,0.317699,-7.991622,-1.131594e+06,-1.977693e+06,4.974821e+07,1.015446e+00,1.835905e+04
375,1.810065e+04,-3.597612,6.209913,3.534710,2.240822e+07,-3.867929e+07,-2.201643e+07,0.000000e+00,0.000000e+00
376,1.810690e+04,-3.163782,6.494164,-3.437488,1.970945e+07,-4.045677e+07,2.141456e+07,8.948540e-02,1.620303e+03
377,1.814182e+04,1.891721,0.456461,7.759706,-1.179624e+07,-2.846361e+06,-4.838732e+07,0.000000e+00,0.000000e+00
378,1.816355e+04,-5.696085,0.318069,5.608337,3.554044e+07,-1.984574e+06,-3.499294e+07,0.000000e+00,0.000000e+00
379,1.819358e+04,-0.022720,-0.035121,7.999891,1.418777e+05,2.193183e+05,-4.995617e+07,0.000000e+00,0.000000e+00
380,1.820977e+04,0.897960,0.659934,-7.922004,-5.609903e+06,-4.122861e+06,4.949180e+07,4.082976e-01,7.435006e+03
381,1.830901e+04,1.450416,2.466874,7.470664,-9.085962e+06,-1.545345e+07,-4.679912e+07,0.000000e+00,0.000000e+00
382,1.838014e+04,4.954043,-1.240315,6.157847,-3.109425e+07,7.784891e+06,-3.864998e+07,0.000000e+00,0.000000e+00
383,1.839406e+04,-0.158556,5.529019,5.779689,9.955570e+05,-3.471625e+07,-3.629019e+07,0.000000e+00,0.000000e+00
384,1.841948e+04,-3.424337,-1.094310,-7.146775,2.151598e+07,6.875827e+06,4.490500e+07,1.850418e+00,3.408373e+04
385,1.845487e+04,-2.267266,-0.858526,-7.623807,1.425949e+07,5.399518e+06,4.794832e+07,1.964433e+00,3.625336e+04
386,1.847815e+04,0.002617,-0.042895,-7.999885,-1.646857e+04,2.699501e+05,5.034530e+07,1.292849e+00,2.388946e+04
387,1.849326e+04,-4.056894,4.054849,-5.576720,2.554150e+07,-2.552862e+07,3.511006e+07,1.794808e+00,3.319186e+04
388,1.855658e+04,0.738825,-7.182802,-3.444051,-4.659472e+06,4.529902e+07,2.172023e+07,1.828585e+00,3.393229e+04
389,1.857618e+04,2.663047,1.998638,-7.274175,-1.680363e+07,-1.261126e+07,4.589950e+07,0.000000e+00,0.000000e+00
390,1.857891e+04,5.752272,-2.663892,4.880066,-3.629907e+07,1.681019e+07,-3.079510e+07,0.000000e+00,0.000000e+00
391,1.862801e+04,4.009472,-0.624718,-6.894481,-2.533474e+07,3.947420e+06,4.356430e+07,0.000000e+00,0.000000e+00
392,1.863409e+04,1.992466,4.997675,-5.920585,-1.259189e+07,-3.158407e+07,3.741663e+07,0.000000e+00,0.000000e+00
393,1.871618e+04,7.243095,1.492324,3.051318,-4.587529e+07,-9.451872e+06,-1.932600e+07,0.000000e+00,0.000000e+00
394,1.875131e+04,2.668590,7.150045,-2.399060,-1.691779e+07,-4.532841e+07,1.520908e+07,0.000000e+00,0.000000e+00
395,1.878849e+04,-4.910333,-1.577694,-6.115514,3.116038e+07,1.001186e+07,3.880832e+07,1.051469e+00,1.975552e+04
396,1.887721e+04,-0.739484,-2.764313,-7.470725,4.703746e+06,1.758337e+07,4.752013e+07,1.966829e+00,3.712825e+04
397,1.890573e+04,7.995497,-0.268310,0.005701,-5.089653e+07,1.707965e+06,-3.629303e+04,0.000000e+00,0.000000e+00
398,1.893766e+04,-0.065108,-6.620456,-4.490582,4.148057e+05,4.217907e+07,2.860960e+07,1.877113e+00,3.554813e+04
399,1.911427e+04,2.949242,5.464031,5.044437,-1.887710e+07,-3.497341e+07,-3.228773e+07,0.000000e+00,0.000000e+00
400,1.912891e+04,6.441213,-4.039467,2.488672,-4.124380e+07,2.586516e+07,-1.593525e+07,0.000000e+00,0.000000e+00
401,1.916058e+04,6.469606,-4.547304,-1.210877,-4.145989e+07,2.914099e+07,7.759794e+06,0.000000e+00,0.000000e+00
402,1.917910e+04,-0.445717,5.381154,5.902925,2.857716e+06,-3.450130e+07,-3.784664e+07,0.000000e+00,0.000000e+00
403,1.919618e+04,-4.053682,6.795263,1.179856,2.600178e+07,-4.358726e+07,-7.568024e+06,0.000000e+00,0.000000e+00
404,1.946282e+04,-2.141480,-3.732819,-6.743895,1.383130e+07,2.410937e+07,4.355717e+07,1.842448e+00,3.585923e+04
405,1.947282e+04,-5.526311,-1.485594,-5.590429,3.570226e+07,9.597556e+06,3.611649e+07,1.852425e+00,3.607195e+04
406,1.951373e+04,0.418419,-7.647722,2.310254,-2.705999e+06,4.945933e+07,-1.494087e+07,1.594000e-02,3.110489e+02
407,1.954700e+04,-2.066407,-6.684017,-3.879932,1.337525e+07,4.326369e+07,2.511367e+07,1.648444e+00,3.222213e+04
408,1.956305e+04,-1.071946,6.404593,4.672486,6.941241e+06,-4.147207e+07,-3.025605e+07,0.000000e+00,0.000000e+00
409,1.956879e+04,2.318007,-0.684647,-7.626146,-1.501215e+07,4.433990e+06,4.938932e+07,1.639099e-01,3.207520e+03
410,1.972135e+04,7.581652,-1.237950,2.232943,-4.929218e+07,8.048546e+06,-1.451750e+07,0.000000e+00,0.000000e+00
411,1.974968e+04,2.165811,-7.277269,-2.520045,-1.409115e+07,4.734720e+07,1.639586e+07,1.827849e+00,3.609943e+04
412,1.980365e+04,1.402549,1.159208,7.790320,-9.137695e+06,-7.552313e+06,-5.075443e+07,0.000000e+00,0.000000e+00
413,1.982382e+04,-5.601067,5.040199,2.687832,3.650988e+07,-3.285393e+07,-1.752031e+07,0.000000e+00,0.000000e+00
414,1.988342e+04,-6.044218,-2.354009,-4.682528,3.945769e+07,1.536738e+07,3.056835e+07,1.521010e+00,3.024290e+04
415,1.989609e+04,7.486126,0.524995,2.771695,-4.888627e+07,-3.428348e+06,-1.809986e+07,0.000000e+00,0.000000e+00
416,1.990368e+04,-5.475368,-2.397646,5.317109,3.576234e+07,1.566021e+07,-3.472867e+07,0.000000e+00,0.000000e+00
417,1.998319e+04,2.389143,3.850793,-6.592677,-1.563581e+07,-2.520163e+07,4.314596e+07,0.000000e+00,0.000000e+00
418,2.003848e+04,2.561788,6.674228,-3.590532,-1.678887e+07,-4.374006e+07,2.353083e+07,0.000000e+00,0.000000e+00
419,2.016521e+04,6.663701,3.282952,2.969397,-4.380894e+07,-2.158300e+07,-1.952160e+07,0.000000e+00,0.000000e+00
420,2.021334e+04,-5.021819,0.212960,6.223823,3.305416e+07,-1.401726e+06,-4.096588e+07,0.000000e+00,0.000000e+00
421,2.021971e+04,-1.604886,2.120080,-7.545171,1.056520e+07,-1.395679e+07,4.967095e+07,1.420765e+00,2.872745e+04
422,2.025397e+04,-0.415586,0.167114,-7.987450,2.738181e+06,-1.101066e+06,5.262708e+07,1.491832e+00,3.021552e+04
423,2.040281e+04,-3.084133,-1.611634,7.203524,2.039502e+07,1.065755e+07,-4.763607e+07,0.000000e+00,0.000000e+00
424,2.064279e+04,-2.052684,0.002126,7.732172,1.365376e+07,-1.414093e+04,-5.143179e+07,0.000000e+00,0.000000e+00
425,2.065070e+04,3.439249,6.537975,3.070253,-2.288111e+07,-4.349673e+07,-2.042620e+07,0.000000e+00,0.000000e+00
426,2.082674e+04,2.847409,4.793011,5.737535,-1.902420e+07,-3.202323e+07,-3.833381e+07,0.000000e+00,0.000000e+00
427,2.084024e+04,1.449958,-5.481566,5.643585,-9.690645e+06,3.663548e+07,-3.771832e+07,0.000000e+00,0.000000e+00
428,2.086478e+04,-7.602561,-2.460387,-0.384143,5.084085e+07,1.645342e+07,2.568892e+06,0.000000e+00,0.000000e+00
429,2.095613e+04,-4.597382,6.173985,2.178528,3.081145e+07,-4.137777e+07,-1.460039e+07,0.000000e+00,0.000000e+00
430,2.096008e+04,6.743615,-3.948945,-1.711576,-4.519966e+07,2.646814e+07,1.147199e+07,0.000000e+00,0.000000e+00
431,2.100312e+04,-3.707747,2.675269,-6.564720,2.487699e+07,-1.794962e+07,4.404575e+07,1.893976e+00,3.977940e+04
432,2.111089e+04,3.061947,0.856444,7.341048,-2.059666e+07,-5.761003e+06,-4.938070e+07,0.000000e+00,0.000000e+00
433,2.126600e+04,4.757272,-0.931683,6.363987,-3.211787e+07,6.290090e+06,-4.296533e+07,0.000000e+00,0.000000e+00
434,2.131984e+04,3.185197,-5.735393,4.578187,-2.153150e+07,3.877047e+07,-3.094792e+07,0.000000e+00,0.000000e+00
435,2.133729e+04,6.891313,-0.654829,4.010112,-4.660340e+07,4.428369e+06,-2.711890e+07,0.000000e+00,0.000000e+00
436,2.139579e+04,5.850032,3.331672,-4.321700,-3.961579e+07,-2.256172e+07,2.926609e+07,0.000000e+00,0.000000e+00
437,2.140545e+04,1.119466,3.778066,6.962256,-7.582613e+06,-2.559043e+07,-4.715829e+07,0.000000e+00,0.000000e+00
438,2.144429e+04,1.016135,2.965754,-7.360148,-6.888950e+06,-2.010652e+07,4.989859e+07,1.995021e-08,4.278180e-04
439,2.152559e+04,4.717286,3.024770,5.709464,-3.204171e+07,-2.054546e+07,-3.878098e+07,0.000000e+00,0.000000e+00
440,2.155698e+04,-3.204926,-0.345061,-7.321843,2.178501e+07,2.345500e+06,4.976916e+07,1.965872e+00,4.237826e+04
441,2.161927e+04,-0.273761,-0.190360,-7.993048,1.863537e+06,1.295816e+06,5.441003e+07,1.579109e+00,3.413919e+04
442,2.162920e+04,2.944149,-5.981320,-4.422193,-2.004592e+07,4.072521e+07,3.010953e+07,1.780216e+00,3.850466e+04
443,2.180389e+04,-5.259375,-5.461369,2.551946,3.595399e+07,3.733486e+07,-1.744554e+07,0.000000e+00,0.000000e+00
444,2.183065e+04,-6.994585,3.842372,0.558530,4.784551e+07,-2.628323e+07,-3.820546e+06,0.000000e+00,0.000000e+00
445,2.185514e+04,2.488612,-5.890209,4.807520,-1.703256e+07,4.031377e+07,-3.290363e+07,0.000000e+00,0.000000e+00
446,2.187986e+04,-7.701798,1.253593,1.763748,5.274246e+07,-8.584693e+06,-1.207827e+07,0.000000e+00,0.000000e+00
447,2.204916e+04,-6.854911,1.576051,-3.811333,4.712418e+07,-1.083459e+07,2.620106e+07,1.984305e+00,4.375227e+04
448,2.205632e+04,-6.392909,-2.638911,-4.020804,4.395528e+07,1.814417e+07,2.764556e+07,1.737893e+00,3.833153e+04
449,2.223974e+04,-3.542657,-5.038346,5.105355,2.445907e+07,3.478555e+07,-3.524818e+07,0.000000e+00,0.000000e+00
450,2.230343e+04,1.478442,0.048150,7.862054,-1.022200e+07,-3.329137e+05,-5.435855e+07,0.000000e+00,0.000000e+00
451,2.231393e+04,1.260062,5.581070,5.591413,-8.714165e+06,-3.859681e+07,-3.866835e+07,0.000000e+00,0.000000e+00
452,2.234429e+04,-0.592366,-7.949602,0.673004,4.099389e+06,5.501417e+07,-4.657435e+06,1.003727e+00,2.242756e+04
453,2.243471e+04,5.018928,-2.634764,5.645208,-3.480304e+07,1.827039e+07,-3.914589e+07,0.000000e+00,0.000000e+00
454,2.247546e+04,-3.216586,-7.295545,0.654676,2.232520e+07,5.063583e+07,-4.543879e+06,1.305785e-01,2.934810e+03
455,2.248025e+04,-3.959029,-0.159040,-6.949877,2.748117e+07,1.103961e+06,4.824181e+07,1.877954e+00,4.221686e+04
456,2.248448e+04,3.551532,-0.606017,7.142784,-2.465489e+07,4.206998e+06,-4.958552e+07,0.000000e+00,0.000000e+00
457,2.250739e+04,-4.201162,3.196301,-6.011148,2.917951e+07,-2.220017e+07,4.175091e+07,1.901938e+00,4.280767e+04
458,2.251591e+04,-6.981847,2.053250,-3.322345,4.850215e+07,-1.426371e+07,2.307998e+07,1.970276e+00,4.436256e+04
459,2.253027e+04,-0.303207,-6.028625,5.250118,2.107019e+06,4.189358e+07,-3.648365e+07,0.000000e+00,0.000000e+00
460,2.287028e+04,2.095549,4.483075,-6.285755,-1.467167e+07,-3.138757e+07,4.400876e+07,0.000000e+00,0.000000e+00
461,2.292154e+04,3.387074,1.786693,-7.023920,-2.374064e+07,-1.252327e+07,4.923199e+07,0.000000e+00,0.000000e+00
462,2.293277e+04,1.271136,-0.459347,-7.884999,-8.911813e+06,3.220441e+06,5.528099e+07,8.394452e-01,1.925080e+04
463,2.295089e+04,-2.938783,2.859396,-6.869309,2.061167e+07,-2.005488e+07,4.817911e+07,1.792218e+00,4.113300e+04
464,2.296372e+04,0.452245,3.343246,-7.253839,-3.172784e+06,-2.345500e+07,5.089030e+07,1.276838e-02,2.932095e+02
465,2.316463e+04,3.070899,-0.899480,-7.332156,-2.163835e+07,6.337966e+06,5.166427e+07,7.678406e-02,1.778674e+03
466,2.317582e+04,0.005054,-7.732527,2.051343,-3.561976e+04,5.449855e+07,-1.445778e+07,1.019095e-01,2.361837e+03
467,2.327302e+04,-5.971658,4.129634,3.359379,4.217618e+07,-2.916647e+07,-2.372637e+07,0.000000e+00,0.000000e+00
468,2.330694e+04,1.201914,4.035192,-6.802399,-8.494972e+06,-2.852021e+07,4.807847e+07,0.000000e+00,0.000000e+00
469,2.331893e+04,7.551159,-1.646253,2.066362,-5.338434e+07,1.163849e+07,-1.460854e+07,0.000000e+00,0.000000e+00
470,2.332494e+04,-1.208981,-7.621836,2.108550,8.548219e+06,5.389095e+07,-1.490871e+07,8.486162e-03,1.979392e+02
471,2.334915e+04,-0.251538,-0.190993,-7.993763,1.779446e+06,1.351139e+06,5.655002e+07,1.594924e+00,3.724011e+04
472,2.337085e+04,3.180172,0.083985,7.340262,-2.250784e+07,-5.944094e+05,-5.195110e+07,0.000000e+00,0.000000e+00
473,2.339489e+04,-2.373461,-4.870555,5.885947,1.680694e+07,3.448934e+07,-4.167953e+07,0.000000e+00,0.000000e+00
474,2.339976e+04,-1.493080,-3.211825,7.173207,1.057389e+07,2.274592e+07,-5.080015e+07,0.000000e+00,0.000000e+00
475,2.340215e+04,-1.493646,-1.067797,7.786452,1.057844e+07,7.562448e+06,-5.514592e+07,0.000000e+00,0.000000e+00
476,2.360425e+04,1.735135,5.699218,-5.339309,-1.234168e+07,-4.053744e+07,3.797748e+07,0.000000e+00,0.000000e+00
477,2.363614e+04,5.623981,-1.511433,-5.485108,-4.002931e+07,1.075779e+07,3.904086e+07,0.000000e+00,0.000000e+00
478,2.365173e+04,0.834142,3.781614,-7.000258,-5.939056e+06,-2.692493e+07,4.984154e+07,0.000000e+00,0.000000e+00
479,2.369619e+04,1.177640,5.896073,5.277261,-8.392624e+06,-4.201923e+07,-3.760917e+07,0.000000e+00,0.000000e+00
480,2.372483e+04,3.806785,-6.359596,-3.010636,-2.714600e+07,4.534998e+07,2.146870e+07,1.484241e+00,3.521337e+04
481,2.372682e+04,-5.866284,1.595628,-5.200066,4.183394e+07,-1.137882e+07,3.708298e+07,1.996628e+00,4.737364e+04
482,2.372946e+04,-2.156579,1.315295,7.590729,1.537996e+07,-9.380221e+06,-5.413440e+07,0.000000e+00,0.000000e+00
483,2.374353e+04,-5.078069,2.168276,5.788938,3.622573e+07,-1.546796e+07,-4.129690e+07,0.000000e+00,0.000000e+00
484,2.391451e+04,-5.355402,-5.836880,-1.118258,3.834147e+07,4.178857e+07,8.006059e+06,8.147575e-01,1.948453e+04
485,2.399171e+04,1.062762,0.575084,7.908212,-7.621012e+06,-4.123896e+06,-5.670937e+07,0.000000e+00,0.000000e+00
486,2.401963e+04,-6.870494,1.295853,3.888070,4.929661e+07,-9.297898e+06,-2.789736e+07,0.000000e+00,0.000000e+00
487,2.404807e+04,3.727133,-4.880647,5.127160,-2.675845e+07,3.503995e+07,-3.680975e+07,0.000000e+00,0.000000e+00
488,2.406952e+04,-0.915827,-3.033262,-7.345787,6.577989e+06,2.178660e+07,5.276160e+07,1.980412e+00,4.766756e+04
489,2.407626e+04,3.300232,7.246107,-0.776149,-2.370745e+07,-5.205293e+07,5.575519e+06,0.000000e+00,0.000000e+00
490,2.411521e+04,-0.833462,-5.325349,5.911515,5.992072e+06,3.828596e+07,-4.250013e+07,0.000000e+00,0.000000e+00
491,2.424831e+04,0.325948,4.225136,-6.785424,-2.349822e+06,-3.045983e+07,4.891744e+07,1.918254e-16,4.651441e-12
492,2.445317e+04,0.654058,-0.715285,7.941069,-4.735111e+06,5.178367e+06,-5.749003e+07,0.000000e+00,0.000000e+00
493,2.445387e+04,-7.165601,0.554334,3.513812,5.187670e+07,-4.013204e+06,-2.543890e+07,0.000000e+00,0.000000e+00
494,2.465857e+04,3.368958,5.700118,4.489853,-2.449207e+07,-4.143942e+07,-3.264089e+07,0.000000e+00,0.000000e+00
495,2.469992e+04,1.354176,1.873034,-7.658848,-9.853011e+06,-1.362823e+07,5.572591e+07,6.345560e-02,1.567348e+03
496,2.484956e+04,-3.426804,-2.226855,-6.877364,2.500890e+07,1.625164e+07,5.019117e+07,1.579715e+00,3.925522e+04
497,2.485956e+04,1.860424,7.508202,-2.041011,-1.358015e+07,-5.480606e+07,1.489834e+07,0.000000e+00,0.000000e+00
498,2.493094e+04,3.697341,5.444776,4.547976,-2.702743e+07,-3.980112e+07,-3.324554e+07,0.000000e+00,0.000000e+00
499,2.494689e+04,-0.594838,0.644638,7.951768,4.349637e+06,-4.713787e+06,-5.814573e+07,0.000000e+00,0.000000e+00
500,2.498297e+04,4.842090,2.103575,-6.010752,-3.543242e+07,-1.539310e+07,4.398421e+07,0.000000e+00,0.000000e+00
501,2.504024e+04,-0.267932,0.776652,-7.957702,1.962863e+06,-5.689730e+06,5.829790e+07,1.342571e+00,3.361830e+04
502,2.528893e+04,-1.201254,-3.532104,7.076809,8.843946e+06,2.600427e+07,-5.210132e+07,0.000000e+00,0.000000e+00
503,2.538146e+04,-6.077909,-2.651056,-4.475591,4.482894e+07,1.955344e+07,3.301069e+07,1.450276e+00,3.681011e+04
504,2.539046e+04,-3.764076,0.995730,6.988580,2.776769e+07,-7.345529e+06,-5.155493e+07,0.000000e+00,0.000000e+00
505,2.547633e+04,4.575822,0.359012,-6.552325,-3.381299e+07,-2.652912e+06,4.841833e+07,0.000000e+00,0.000000e+00
506,2.550844e+04,-7.164634,-3.020008,-1.883499,5.297633e+07,2.233037e+07,1.392687e+07,8.164037e-01,2.082518e+04
507,2.554803e+04,-1.079136,-7.922214,-0.272022,7.985474e+06,5.862343e+07,2.012934e+06,1.799241e+00,4.596706e+04
508,2.562798e+04,-7.618552,1.217699,-2.115388,5.646452e+07,-9.024913e+06,1.567809e+07,7.683990e-01,1.969252e+04
509,2.566969e+04,-1.079060,-6.989541,3.739245,8.003901e+06,5.184476e+07,-2.773577e+07,0.000000e+00,0.000000e+00
510,2.572995e+04,5.402764,1.135048,-5.789802,-4.012189e+07,-8.429074e+06,4.299611e+07,0.000000e+00,0.000000e+00
511,2.576743e+04,-3.289734,2.112668,6.979562,2.444794e+07,-1.570047e+07,-5.186921e+07,0.000000e+00,0.000000e+00
512,2.578739e+04,4.012554,0.888171,6.863714,-2.983119e+07,-6.603077e+06,-5.102803e+07,0.000000e+00,0.000000e+00
513,2.591444e+04,4.049542,-1.399825,-6.755864,-3.018025e+07,1.043255e+07,5.034980e+07,5.431145e-03,1.407451e+02
514,2.592826e+04,-1.966457,3.440604,-6.949481,1.465943e+07,-2.564882e+07,5.180659e+07,1.311347e+00,3.400093e+04
515,2.605338e+04,-1.376563,0.531166,7.862756,1.028665e+07,-3.969252e+06,-5.875608e+07,0.000000e+00,0.000000e+00
516,2.605380e+04,-3.008924,-3.843364,6.338370,2.248499e+07,2.872057e+07,-4.736517e+07,0.000000e+00,0.000000e+00
517,2.606509e+04,-2.740740,-6.778882,3.245783,2.048535e+07,5.066799e+07,-2.426024e+07,0.000000e+00,0.000000e+00
518,2.614329e+04,3.156946,3.106695,-6.661992,-2.363160e+07,-2.325544e+07,4.986895e+07,0.000000e+00,0.000000e+00
519,2.616580e+04,-5.760443,-1.500480,-5.344704,4.313888e+07,1.123681e+07,4.002548e+07,1.150214e+00,3.009626e+04
520,2.618635e+04,-6.062070,-1.956317,-4.839848,4.541553e+07,1.465624e+07,3.625895e+07,1.880787e+00,4.925096e+04
521,2.619034e+04,-1.160492,-6.286763,-4.809353,8.694781e+06,4.710246e+07,3.603323e+07,1.882871e+00,4.931305e+04
522,2.620737e+04,-3.233032,2.953004,6.695317,2.423080e+07,-2.213205e+07,-5.017979e+07,0.000000e+00,0.000000e+00
523,2.622459e+04,-2.158276,6.097987,-4.707059,1.618107e+07,-4.571795e+07,3.528986e+07,1.554743e-01,4.077250e+03
524,2.624882e+04,-4.262434,0.261178,6.764868,3.197117e+07,-1.959017e+06,-5.074114e+07,0.000000e+00,0.000000e+00
525,2.625187e+04,0.799308,7.929568,-0.695027,-5.995705e+06,-5.948063e+07,5.213483e+06,0.000000e+00,0.000000e+00
526,2.627299e+04,-3.618977,5.787948,-4.171650,2.715730e+07,-4.343355e+07,3.130463e+07,1.217313e+00,3.198245e+04
527,2.635225e+04,-3.502600,-2.436664,-6.767161,2.632360e+07,1.831262e+07,5.085823e+07,1.096610e+00,2.889813e+04
528,2.637567e+04,3.198605,1.081088,7.252598,-2.404962e+07,-8.128472e+06,-5.453073e+07,0.000000e+00,0.000000e+00
529,2.644407e+04,0.345414,-0.439227,7.980462,-2.600463e+06,3.306733e+06,-6.008114e+07,0.000000e+00,0.000000e+00
530,2.645198e+04,-0.392521,2.420784,7.614836,2.955551e+06,-1.822767e+07,-5.733708e+07,0.000000e+00,0.000000e+00
531,2.659020e+04,0.954808,-4.658504,-6.433248,-7.208133e+06,3.516845e+07,4.856652e+07,1.946453e+00,5.175656e+04
532,2.673648e+04,7.330218,0.796575,-3.103767,-5.549003e+07,-6.030104e+06,2.349563e+07,0.000000e+00,0.000000e+00
533,2.692541e+04,-2.567944,6.256452,4.273461,1.950800e+07,-4.752863e+07,-3.246436e+07,0.000000e+00,0.000000e+00
534,2.709179e+04,2.311909,-5.408781,-5.422191,-1.761715e+07,4.121585e+07,4.131804e+07,1.859279e+00,5.037119e+04
535,2.713200e+04,4.595877,4.878900,4.367408,-3.504735e+07,-3.720564e+07,-3.330509e+07,0.000000e+00,0.000000e+00
536,2.736576e+04,2.266358,1.737477,-7.472937,-1.735714e+07,-1.330665e+07,5.723228e+07,4.190882e-06,1.146867e-01
537,2.745425e+04,-2.226363,-1.990990,-7.421541,1.707838e+07,1.527284e+07,5.693048e+07,1.945182e+00,5.340352e+04
538,2.752946e+04,-3.310268,3.229659,-6.527743,2.542775e+07,-2.480855e+07,5.014272e+07,1.832969e+00,5.046067e+04
539,2.763496e+04,-0.942540,-1.261488,7.843486,7.253958e+06,9.708643e+06,-6.036490e+07,0.000000e+00,0.000000e+00
540,2.769125e+04,-5.783371,-3.767518,4.044556,4.455519e+07,2.902502e+07,-3.115933e+07,0.000000e+00,0.000000e+00
541,2.771670e+04,-0.016779,3.828743,7.024275,1.293285e+05,-2.951026e+07,-5.414000e+07,0.000000e+00,0.000000e+00
542,2.785504e+04,-0.393880,-1.749928,7.796320,3.043418e+06,1.352129e+07,-6.024035e+07,0.000000e+00,0.000000e+00
543,2.790034e+04,2.131758,5.001672,5.868466,-1.648498e+07,-3.867817e+07,-4.538113e+07,7.438200e-02,2.075283e+03
544,2.794983e+04,2.485965,6.611065,3.756834,-1.924112e+07,-5.116900e+07,-2.907754e+07,0.000000e+00,0.000000e+00
545,2.805407e+04,-0.203865,0.455225,-7.984435,1.580832e+06,-3.529965e+06,6.191389e+07,1.480236e+00,4.152665e+04
546,2.810624e+04,-0.928955,-1.509050,-7.801270,7.210114e+06,1.171254e+07,6.054979e+07,1.965834e+00,5.525220e+04
547,2.813560e+04,1.605760,-6.930256,-3.659656,-1.246966e+07,5.381748e+07,2.841936e+07,1.777104e+00,4.999989e+04
548,2.824191e+04,2.424158,5.250514,5.527708,-1.886053e+07,-4.085026e+07,-4.300689e+07,0.000000e+00,0.000000e+00
549,2.828401e+04,7.896657,1.214743,0.408904,-6.148366e+07,-9.458033e+06,-3.183740e+06,0.000000e+00,0.000000e+00
550,2.843790e+04,2.758477,-0.568227,-7.487852,-2.153595e+07,4.436253e+06,5.845907e+07,2.133736e-01,6.067896e+03
551,2.849531e+04,3.089394,-3.319797,6.590493,-2.414382e+07,2.594443e+07,-5.150513e+07,0.000000e+00,0.000000e+00
552,2.852049e+04,0.656689,4.280023,-6.726824,-5.134336e+06,-3.346344e+07,5.259379e+07,0.000000e+00,0.000000e+00
553,2.852443e+04,-4.188196,-1.180155,6.713140,3.274775e+07,9.227701e+06,-5.249043e+07,0.000000e+00,0.000000e+00
554,2.863390e+04,4.831657,-3.814132,5.109549,-3.785143e+07,2.988010e+07,-4.002845e+07,0.000000e+00,0.000000e+00
555,2.883027e+04,-3.921013,5.272553,-4.563534,3.082255e+07,-4.144683e+07,3.587332e+07,1.642138e+00,4.734328e+04
556,2.893022e+04,5.346849,1.486528,5.762069,-4.210365e+07,-1.170564e+07,-4.537329e+07,0.000000e+00,0.000000e+00
557,2.899162e+04,-6.447920,-3.067776,3.607364,5.082786e+07,2.418276e+07,-2.843624e+07,0.000000e+00,0.000000e+00
558,2.901415e+04,-1.652611,6.559653,4.270811,1.303231e+07,-5.172872e+07,-3.367916e+07,0.000000e+00,0.000000e+00
559,2.908052e+04,-0.861881,-1.405467,-7.828271,6.804470e+06,1.109603e+07,6.180347e+07,1.941304e+00,5.645413e+04
560,2.919049e+04,1.836753,-6.319992,4.547971,-1.452838e+07,4.999000e+07,-3.597364e+07,0.000000e+00,0.000000e+00
561,2.923529e+04,-0.654012,1.326405,7.862119,5.177083e+06,-1.049967e+07,-6.223565e+07,0.000000e+00,0.000000e+00
562,2.931174e+04,2.706341,7.517755,-0.398834,-2.145109e+07,-5.958747e+07,3.161253e+06,0.000000e+00,0.000000e+00
563,2.939965e+04,-7.231554,-2.013785,-2.765737,5.740486e+07,1.598564e+07,2.195472e+07,1.796087e+00,5.280432e+04
564,2.947011e+04,7.154046,-0.844952,-3.479323,-5.685760e+07,6.715353e+06,2.765232e+07,0.000000e+00,0.000000e+00
565,2.948238e+04,1.481086,3.832403,6.864333,-1.177355e+07,-3.046480e+07,-5.456643e+07,0.000000e+00,0.000000e+00
566,2.952011e+04,6.840938,-3.282949,2.534525,-5.441524e+07,2.611374e+07,-2.016051e+07,0.000000e+00,0.000000e+00
567,2.952034e+04,1.558365,4.407940,-6.491653,-1.239584e+07,-3.506246e+07,5.163711e+07,0.000000e+00,0.000000e+00
568,2.952710e+04,3.509742,-6.968225,-1.767924,-2.792104e+07,5.543429e+07,1.406436e+07,1.841958e+00,5.438768e+04
569,2.960071e+04,2.321657,1.358084,7.534289,-1.849248e+07,-1.081742e+07,-6.001217e+07,0.000000e+00,0.000000e+00
570,2.966579e+04,-0.259345,-7.009340,-3.847323,2.068002e+06,5.589218e+07,3.067839e+07,1.768557e+00,5.246565e+04
571,2.966589e+04,-4.193004,-0.179432,6.810765,3.343489e+07,1.430787e+06,-5.430884e+07,0.000000e+00,0.000000e+00
572,2.967192e+04,-0.894086,7.868235,1.136433,7.130141e+06,-6.274745e+07,-9.062806e+06,0.000000e+00,0.000000e+00
573,2.974202e+04,4.024780,-1.062690,6.831679,-3.213463e+07,8.484724e+06,-5.454546e+07,0.000000e+00,0.000000e+00
574,2.986597e+04,-7.596722,-0.756234,-2.391219,6.077997e+07,6.050486e+06,1.913170e+07,1.303070e+00,3.891744e+04
575,2.999593e+04,-0.305027,-7.073996,3.723646,2.445767e+06,5.672074e+07,-2.985695e+07,0.000000e+00,0.000000e+00
576,3.007819e+04,2.394878,-0.568249,7.611941,-1.922894e+07,4.562577e+06,-6.111773e+07,0.000000e+00,0.000000e+00
577,3.024740e+04,3.818429,2.939194,-6.385980,-3.074501e+07,-2.366564e+07,5.141828e+07,0.000000e+00,0.000000e+00
578,3.033433e+04,-2.481810,2.327624,7.240358,2.001160e+07,-1.876835e+07,-5.838122e+07,0.000000e+00,0.000000e+00
579,3.053552e+04,2.435401,1.697172,7.428892,-1.970240e+07,-1.373012e+07,-6.009975e+07,0.000000e+00,0.000000e+00
580,3.065233e+04,-1.772570,-7.545912,-1.979192,1.436750e+07,6.116310e+07,1.604226e+07,1.890012e+00,5.793328e+04
581,3.066522e+04,-0.099931,-0.061365,-7.999140,8.101562e+05,4.974970e+05,6.485035e+07,1.595346e+00,4.892163e+04
582,3.067055e+04,6.797591,2.922946,3.041242,-5.511397e+07,-2.369886e+07,-2.465799e+07,0.000000e+00,0.000000e+00
583,3.068091e+04,0.031153,0.428920,-7.988433,-2.526236e+05,-3.478211e+06,6.478010e+07,1.409216e+00,4.323603e+04
584,3.068372e+04,4.805182,5.389589,-3.444206,-3.896815e+07,-4.370746e+07,2.793117e+07,0.000000e+00,0.000000e+00
585,3.074328e+04,-3.989373,-5.922190,3.607294,3.238365e+07,4.807324e+07,-2.928212e+07,0.000000e+00,0.000000e+00
586,3.091517e+04,2.981909,-2.823538,6.865556,-2.427315e+07,2.298399e+07,-5.588657e+07,0.000000e+00,0.000000e+00
587,3.094181e+04,-2.363639,0.247023,7.638861,1.924864e+07,-2.011668e+06,-6.220817e+07,0.000000e+00,0.000000e+00
588,3.117706e+04,2.115045,2.064355,7.434045,-1.728953e+07,-1.687516e+07,-6.076993e+07,0.000000e+00,0.000000e+00
589,3.123262e+04,5.163964,5.790334,1.950774,-4.225064e+07,-4.737549e+07,-1.596089e+07,0.000000e+00,0.000000e+00
590,3.129929e+04,-0.384328,7.798264,-1.743381,3.147857e+06,-6.387208e+07,1.427925e+07,0.000000e+00,0.000000e+00
591,3.133831e+04,1.436378,3.441929,7.077425,-1.177206e+07,-2.820887e+07,-5.800414e+07,0.000000e+00,0.000000e+00
592,3.151822e+04,-1.939626,-1.420648,7.630177,1.594208e+07,1.167652e+07,-6.271355e+07,0.000000e+00,0.000000e+00
593,3.152630e+04,-1.140635,1.717655,-7.729723,9.376251e+06,-1.411947e+07,6.353987e+07,1.557822e+00,4.911235e+04
594,3.155719e+04,5.064056,-2.332847,5.737000,-4.164795e+07,1.918586e+07,-4.718239e+07,0.000000e+00,0.000000e+00
595,3.163548e+04,2.382369,-7.327125,-2.153499,-1.961743e+07,6.033464e+07,1.773282e+07,1.611147e+00,5.096939e+04
596,3.177069e+04,3.026986,-7.393698,-0.413023,-2.497869e+07,6.101280e+07,3.408264e+06,1.770553e+00,5.625169e+04
597,3.177904e+04,-4.047352,-6.278228,2.864052,3.340314e+07,5.181475e+07,-2.363726e+07,0.000000e+00,0.000000e+00
598,3.178371e+04,2.688027,7.386151,-1.489725,-2.218614e+07,-6.096302e+07,1.229573e+07,0.000000e+00,0.000000e+00
599,3.183137e+04,-1.760718,-5.630968,5.402969,1.454332e+07,4.651110e+07,-4.462786e+07,0.000000e+00,0.000000e+00
600,3.199737e+04,0.947366,0.861752,7.896827,-7.845504e+06,-7.136505e+06,-6.539669e+07,0.000000e+00,0.000000e+00
601,3.206721e+04,4.612881,1.411244,-6.381984,-3.824273e+07,-1.169981e+07,5.290933e+07,0.000000e+00,0.000000e+00
602,3.207220e+04,-0.970619,5.068787,6.112716,8.047466e+06,-4.202564e+07,-5.068093e+07,0.000000e+00,0.000000e+00
603,3.211044e+04,-6.452410,-0.330185,4.717772,5.352924e+07,2.739217e+06,-3.913867e+07,0.000000e+00,0.000000e+00
604,3.220753e+04,2.736708,2.272183,7.165725,-2.273804e+07,-1.887852e+07,-5.953671e+07,0.000000e+00,0.000000e+00
605,3.223177e+04,2.921688,-5.974368,-4.446422,-2.428409e+07,4.965694e+07,3.695717e+07,1.869902e+00,6.027026e+04
606,3.226519e+04,0.585695,3.876794,6.973337,-4.870622e+06,-3.223931e+07,-5.799008e+07,0.000000e+00,0.000000e+00
607,3.229317e+04,-0.644652,-1.942466,7.733773,5.363234e+06,1.616049e+07,-6.434173e+07,0.000000e+00,0.000000e+00
608,3.235099e+04,3.743675,3.846718,5.931919,-3.117367e+07,-3.203171e+07,-4.939522e+07,0.000000e+00,0.000000e+00
609,3.238273e+04,4.588957,-5.713547,3.208871,-3.823109e+07,4.760017e+07,-2.673345e+07,1.032879e-02,3.344744e+02
610,3.239432e+04,2.003109,6.311250,-4.489508,-1.669110e+07,-5.258910e+07,3.740926e+07,0.000000e+00,0.000000e+00
611,3.239484e+04,0.028232,-0.328999,7.993182,-2.352472e+05,2.741442e+06,-6.660451e+07,0.000000e+00,0.000000e+00
612,3.239776e+04,0.395382,4.357731,6.697302,-3.294731e+06,-3.631315e+07,-5.580888e+07,0.000000e+00,0.000000e+00
613,3.245077e+04,0.970451,-0.949978,7.883893,-8.093416e+06,7.922676e+06,-6.575052e+07,0.000000e+00,0.000000e+00
614,3.254404e+04,2.598094,-1.087139,-7.487859,-2.169884e+07,9.079605e+06,6.253734e+07,5.100073e-01,1.659770e+04
615,3.254557e+04,-1.830712,3.771567,6.813500,1.529016e+07,-3.150023e+07,-5.690654e+07,0.000000e+00,0.000000e+00
616,3.282431e+04,0.186142,0.304672,-7.992029,-1.561309e+06,-2.555501e+06,6.703487e+07,1.394563e+00,4.577556e+04
617,3.293533e+04,-0.951177,-1.210424,-7.850486,7.991681e+06,1.016985e+07,6.595892e+07,1.962948e+00,6.465035e+04
618,3.294593e+04,1.364167,-7.752163,1.429343,-1.146342e+07,6.514329e+07,-1.201112e+07,1.366132e+00,4.500849e+04
619,3.298328e+04,4.756700,5.163474,3.835668,-3.999435e+07,-4.341450e+07,-3.225031e+07,0.000000e+00,0.000000e+00
620,3.301767e+04,-4.056640,4.525518,-5.202245,3.412602e+07,-3.807040e+07,4.376329e+07,1.794826e+00,5.926097e+04
621,3.308093e+04,0.474530,-3.233682,-7.301926,-3.995748e+06,2.722903e+07,6.148544e+07,1.948940e+00,6.447275e+04
622,3.320692e+04,-6.202635,3.387456,-3.748662,5.232828e+07,-2.857814e+07,3.162543e+07,2.033575e+00,6.752875e+04
623,3.332721e+04,-5.674596,-5.598757,0.672961,4.796014e+07,4.731917e+07,-5.687679e+06,1.388172e-02,4.626390e+02
624,3.361554e+04,0.731013,-5.850296,5.407370,-6.204992e+06,4.965853e+07,-4.589888e+07,0.000000e+00,0.000000e+00
625,3.374001e+04,6.663652,4.107688,-1.650042,-5.666708e+07,-3.493140e+07,1.403180e+07,0.000000e+00,0.000000e+00
626,3.374848e+04,-1.120174,3.256093,7.221016,9.527049e+06,-2.769299e+07,-6.141456e+07,0.000000e+00,0.000000e+00
627,3.388797e+04,-1.064995,-5.515316,-5.696234,9.076453e+06,4.700446e+07,4.854634e+07,1.795223e+00,6.083645e+04
628,3.389245e+04,6.065683,2.603765,-4.519723,-5.169841e+07,-2.219214e+07,3.852203e+07,0.000000e+00,0.000000e+00
629,3.392498e+04,7.734745,-0.191555,-2.033970,-6.595560e+07,1.633428e+06,1.734404e+07,0.000000e+00,0.000000e+00
630,3.401865e+04,7.859190,1.233126,0.844117,-6.710924e+07,-1.052960e+07,-7.207870e+06,0.000000e+00,0.000000e+00
631,3.422527e+04,-4.261986,2.550193,6.271522,3.650324e+07,-2.184200e+07,-5.371461e+07,0.000000e+00,0.000000e+00
632,3.431193e+04,2.242275,-3.785829,6.681295,-1.922903e+07,3.246606e+07,-5.729664e+07,0.000000e+00,0.000000e+00
633,3.433276e+04,3.272809,-7.253305,0.823579,-2.807508e+07,6.222090e+07,-7.064889e+06,1.641042e+00,5.634151e+04
634,3.446917e+04,-5.383742,4.206219,4.162096,4.627491e+07,-3.615374e+07,-3.577449e+07,0.000000e+00,0.000000e+00
635,3.454988e+04,6.772974,-4.248940,-0.270783,-5.828390e+07,3.656368e+07,2.330190e+06,0.000000e+00,0.000000e+00
636,3.457366e+04,0.845185,1.174526,-7.868046,-7.275626e+06,-1.011070e+07,6.773070e+07,7.335349e-01,2.536099e+04
637,3.463249e+04,-7.994671,-0.159624,0.244452,6.887925e+07,1.375263e+06,-2.106112e+06,0.000000e+00,0.000000e+00
638,3.467225e+04,-0.383825,2.354537,-7.636022,3.308799e+06,-2.029750e+07,6.582701e+07,1.013434e+00,3.513805e+04
639,3.475959e+04,2.312733,0.706501,-7.625754,-1.996222e+07,-6.098122e+06,6.582124e+07,2.041370e-01,7.095720e+03
640,3.482585e+04,-6.403498,-1.431840,4.576576,5.532407e+07,1.237061e+07,-3.954007e+07,0.000000e+00,0.000000e+00
641,3.488533e+04,-0.662563,0.737221,-7.938357,5.729207e+06,-6.374780e+06,6.864328e+07,1.644661e+00,5.737453e+04
642,3.510515e+04,-4.159243,-6.509867,-2.079023,3.607826e+07,5.646813e+07,1.803394e+07,1.930916e+00,6.778508e+04
643,3.511886e+04,-7.319225,-0.782806,3.133076,6.350110e+07,6.791575e+06,-2.718235e+07,0.000000e+00,0.000000e+00
644,3.516961e+04,-1.079294,-0.266235,7.922389,9.370649e+06,2.311503e+06,-6.878375e+07,0.000000e+00,0.000000e+00
645,3.529893e+04,6.255028,4.570530,-1.996217,-5.440715e+07,-3.975514e+07,1.736339e+07,0.000000e+00,0.000000e+00
646,3.548557e+04,-2.747277,-3.394205,-6.703122,2.395930e+07,2.960124e+07,5.845867e+07,1.049347e+00,3.723667e+04
647,3.552464e+04,-2.677951,-3.008121,6.912292,2.336757e+07,2.624860e+07,-6.031605e+07,0.000000e+00,0.000000e+00
648,3.564598e+04,-0.266607,-6.880449,-4.072879,2.330355e+06,6.014063e+07,3.560022e+07,1.466325e+00,5.226858e+04
649,3.575301e+04,-0.110140,-1.704059,-7.815629,9.641585e+05,1.491718e+07,6.841734e+07,1.896927e+00,6.782086e+04
650,3.586372e+04,6.739360,2.724299,3.340543,-5.908704e+07,-2.388517e+07,-2.928806e+07,0.000000e+00,0.000000e+00
651,3.604089e+04,2.656773,5.280354,5.390679,-2.335060e+07,-4.640948e+07,-4.737914e+07,0.000000e+00,0.000000e+00
652,3.618492e+04,-7.346177,-3.130486,0.483471,6.469506e+07,2.756903e+07,-4.257749e+06,0.000000e+00,0.000000e+00
653,3.624234e+04,-1.381566,-4.204998,-6.664028,1.217659e+07,3.706123e+07,5.873417e+07,1.744459e+00,6.322327e+04
654,3.640373e+04,1.759486,0.022496,7.804082,-1.554193e+07,-1.987114e+05,-6.893515e+07,0.000000e+00,0.000000e+00
655,3.647232e+04,0.690860,0.000027,-7.970114,-6.108266e+06,-2.404723e+02,7.046803e+07,1.261219e+00,4.599957e+04
656,3.652941e+04,-5.500195,-3.797598,4.396147,4.866820e+07,3.360286e+07,-3.889909e+07,0.000000e+00,0.000000e+00
657,3.667372e+04,1.734223,-4.950261,6.040479,-1.537547e+07,4.388858e+07,-5.355436e+07,0.000000e+00,0.000000e+00
658,3.684440e+04,-0.497503,4.723185,6.437703,4.421072e+06,-4.197267e+07,-5.720877e+07,0.000000e+00,0.000000e+00
659,3.688652e+04,-4.691389,-6.111407,-2.154432,4.171394e+07,5.434017e+07,1.915635e+07,1.881385e+00,6.939773e+04
660,3.705170e+04,-4.489911,2.142222,6.265109,4.001177e+07,-1.909038e+07,-5.583142e+07,0.000000e+00,0.000000e+00
661,3.708333e+04,6.864859,-2.066049,3.550374,-6.120218e+07,1.841942e+07,-3.165261e+07,0.000000e+00,0.000000e+00
662,3.714243e+04,3.415096,3.803569,6.153859,-3.047081e+07,-3.393692e+07,-5.490712e+07,0.000000e+00,0.000000e+00
663,3.718022e+04,4.386539,5.091894,-4.339457,-3.915831e+07,-4.545496e+07,3.873802e+07,0.000000e+00,0.000000e+00
664,3.723971e+04,-1.100243,-5.718235,5.485550,9.829638e+06,5.108708e+07,-4.900825e+07,0.000000e+00,0.000000e+00
665,3.724544e+04,4.633193,-0.082880,6.521246,-4.139644e+07,7.405140e+05,-5.826572e+07,0.000000e+00,0.000000e+00
666,3.728796e+04,0.850916,1.271160,7.852394,-7.607064e+06,-1.136398e+07,-7.019923e+07,0.000000e+00,0.000000e+00
667,3.734104e+04,-5.238543,-4.865222,3.589886,4.686511e+07,4.352531e+07,-3.211588e+07,0.000000e+00,0.000000e+00
668,3.764743e+04,-2.240516,2.756290,7.168190,2.012620e+07,-2.475931e+07,-6.439070e+07,0.000000e+00,0.000000e+00
669,3.783894e+04,-3.309338,-0.436856,-7.270312,2.980277e+07,3.934174e+06,6.547394e+07,1.845279e+00,6.982339e+04
670,3.784010e+04,3.260886,-0.978751,-7.239383,-2.936687e+07,8.814432e+06,6.519640e+07,3.110577e-01,1.177045e+04
671,3.789604e+04,1.039278,-0.684958,-7.902578,-9.366439e+06,6.173153e+06,7.122158e+07,1.333289e+00,5.052636e+04
672,3.796021e+04,5.969078,-4.232593,3.233460,-5.384154e+07,3.817831e+07,-2.916606e+07,0.000000e+00,0.000000e+00
673,3.798305e+04,6.815838,0.719712,4.126302,-6.149788e+07,-6.493815e+06,-3.723076e+07,0.000000e+00,0.000000e+00
674,3.799857e+04,-1.511248,-0.868564,-7.807799,1.363846e+07,7.838472e+06,7.046252e+07,1.954448e+00,7.426622e+04
675,3.811564e+04,1.442726,-1.491005,-7.726283,-1.304012e+07,1.347649e+07,6.983420e+07,1.409636e+00,5.372918e+04
676,3.812518e+04,2.027320,-2.629507,7.278438,-1.832628e+07,2.376984e+07,-6.579458e+07,0.000000e+00,0.000000e+00
677,3.828393e+04,4.555788,5.786545,-3.124210,-4.126841e+07,-5.241717e+07,2.830052e+07,0.000000e+00,0.000000e+00
678,3.837905e+04,5.027443,-5.591125,-2.732057,-4.559741e+07,5.070985e+07,2.477895e+07,7.108807e-01,2.728293e+04
679,3.855470e+04,-7.201576,-1.274268,3.242460,6.546545e+07,1.158365e+07,-2.947536e+07,0.000000e+00,0.000000e+00
680,3.867920e+04,-6.100921,-1.980071,4.781013,5.554949e+07,1.802874e+07,-4.353160e+07,0.000000e+00,0.000000e+00
681,3.871783e+04,-3.920103,-2.078241,6.656854,3.571075e+07,1.893203e+07,-6.064158e+07,0.000000e+00,0.000000e+00
682,3.875437e+04,1.056035,-7.836551,-1.213776,-9.624645e+06,7.142188e+07,1.106228e+07,1.838382e+00,7.124532e+04
683,3.879339e+04,5.339463,0.877034,-5.892448,-4.868805e+07,-7.997262e+06,5.373047e+07,0.000000e+00,0.000000e+00
684,3.880254e+04,-4.991844,0.471046,-6.233747,4.552364e+07,-4.295752e+06,5.684931e+07,1.984216e+00,7.699261e+04
685,3.885058e+04,3.390981,0.630005,-7.218334,-3.094355e+07,-5.748950e+06,6.586909e+07,5.577240e-03,2.166790e+02
686,3.913926e+04,-0.860416,-6.863247,4.019393,7.880629e+06,6.286109e+07,-3.681398e+07,0.000000e+00,0.000000e+00
687,3.917411e+04,0.285619,4.445762,-6.644819,-2.617172e+06,-4.073725e+07,6.088758e+07,5.799884e-02,2.272053e+03
688,3.917504e+04,3.687052,2.738668,6.550217,-3.378547e+07,-2.509516e+07,-6.002144e+07,0.000000e+00,0.000000e+00
689,3.923713e+04,0.535957,4.754994,6.411145,-4.915007e+06,-4.360583e+07,-5.879361e+07,0.000000e+00,0.000000e+00
690,3.951845e+04,0.432826,0.190778,-7.986004,-3.983451e+06,-1.755794e+06,7.349799e+07,1.368922e+00,5.409767e+04
691,3.956252e+04,-7.179501,-1.249320,3.300601,6.611229e+07,1.150434e+07,-3.039352e+07,0.000000e+00,0.000000e+00
692,3.956709e+04,-1.317924,7.797776,1.207377,1.213678e+07,-7.180981e+07,-1.111875e+07,0.000000e+00,0.000000e+00
693,3.970615e+04,-1.674095,0.039830,-7.822776,1.544383e+07,-3.674387e+05,7.216652e+07,1.939770e+00,7.702080e+04
694,3.983450e+04,-5.661295,2.007347,5.283966,5.231080e+07,-1.854804e+07,-4.882426e+07,0.000000e+00,0.000000e+00
695,3.988406e+04,1.913112,2.641281,-7.305042,-1.768830e+07,-2.442082e+07,6.754113e+07,1.206182e-02,4.810745e+02
696,3.996834e+04,1.864608,-0.786058,-7.739855,-1.725804e+07,7.275425e+06,7.163691e+07,1.027966e+00,4.108610e+04
697,3.998379e+04,4.020695,0.898948,6.857543,-3.722109e+07,-8.321903e+06,-6.348286e+07,0.000000e+00,0.000000e+00
698,4.002113e+04,-1.703532,7.739407,-1.095247,1.577760e+07,-7.168005e+07,1.014385e+07,0.000000e+00,0.000000e+00
699,4.025475e+04,0.794329,0.009842,7.960461,-7.378281e+06,-9.141511e+04,-7.394226e+07,0.000000e+00,0.000000e+00
700,4.027044e+04,-2.745236,-2.414588,7.115718,2.550462e+07,2.243273e+07,-6.610859e+07,0.000000e+00,0.000000e+00
701,4.044992e+04,-5.725301,-4.780819,2.892180,5.330931e+07,4.451507e+07,-2.692961e+07,0.000000e+00,0.000000e+00
702,4.066849e+04,-5.740653,1.750744,-5.289593,5.359648e+07,-1.634548e+07,4.938524e+07,2.029209e+00,8.252486e+04
703,4.067079e+04,1.657741,2.062713,7.549643,-1.547761e+07,-1.925866e+07,-7.048775e+07,0.000000e+00,0.000000e+00
704,4.076115e+04,3.158893,-0.634706,7.322469,-2.952596e+07,5.932551e+06,-6.844263e+07,0.000000e+00,0.000000e+00
705,4.079296e+04,1.835496,1.906931,-7.549475,-1.716295e+07,-1.783091e+07,7.059197e+07,1.835327e-01,7.486843e+03
706,4.091135e+04,-0.761893,-0.605930,7.940552,7.134469e+06,5.674008e+06,-7.435643e+07,0.000000e+00,0.000000e+00
707,4.091723e+04,0.431160,3.989886,6.920615,-4.037736e+06,-3.736453e+07,-6.481026e+07,0.000000e+00,0.000000e+00
708,4.111635e+04,7.265978,3.325579,0.382202,-6.820989e+07,-3.121911e+07,-3.587950e+06,0.000000e+00,0.000000e+00
709,4.115677e+04,-1.399352,-3.138920,7.224195,1.314297e+07,2.948131e+07,-6.785097e+07,0.000000e+00,0.000000e+00
710,4.120575e+04,4.428048,-2.913231,5.992118,-4.161378e+07,2.737788e+07,-5.631255e+07,0.000000e+00,0.000000e+00
711,4.138633e+04,0.039789,5.082799,6.177667,-3.747461e+05,-4.787153e+07,-5.818338e+07,0.000000e+00,0.000000e+00
712,4.161118e+04,-2.982972,-4.270218,6.071829,2.817087e+07,4.032748e+07,-5.734170e+07,0.000000e+00,0.000000e+00
713,4.177723e+04,0.166838,0.107879,7.997533,-1.578740e+06,-1.020826e+06,-7.567837e+07,0.000000e+00,0.000000e+00
714,4.194184e+04,4.263602,-5.037010,-4.522192,-4.042466e+07,4.775760e+07,4.287644e+07,1.150431e+00,4.825117e+04
715,4.195193e+04,-0.063599,1.320113,-7.890073,6.030745e+05,-1.251794e+07,7.481746e+07,1.279564e+00,5.368019e+04
716,4.196056e+04,-0.914785,4.593568,6.485546,8.675325e+06,-4.356289e+07,-6.150538e+07,0.000000e+00,0.000000e+00
717,4.203924e+04,6.137648,-4.349591,-2.722192,-5.826066e+07,4.128781e+07,2.583998e+07,3.873972e-02,1.628589e+03
718,4.211129e+04,0.231546,-0.435176,7.984799,-2.199801e+06,4.134375e+06,-7.585936e+07,0.000000e+00,0.000000e+00
719,4.216060e+04,5.569693,-4.588700,-3.452876,-5.294569e+07,4.362034e+07,3.282315e+07,2.424882e-01,1.022345e+04
720,4.221128e+04,1.552840,-1.741329,7.652219,-1.477022e+07,1.656308e+07,-7.278596e+07,0.000000e+00,0.000000e+00
721,4.230864e+04,5.139795,-6.112573,-0.467927,-4.894477e+07,5.820825e+07,4.455928e+06,6.785368e-01,2.870797e+04
722,4.240230e+04,-0.137403,0.012348,7.998810,1.309899e+06,-1.177183e+05,-7.625461e+07,0.000000e+00,0.000000e+00
723,4.242820e+04,3.957008,6.822503,-1.339977,-3.773463e+07,-6.506044e+07,1.277823e+07,0.000000e+00,0.000000e+00
724,4.250762e+04,6.535811,-1.015940,-4.500116,-6.238480e+07,9.697222e+06,4.295395e+07,0.000000e+00,0.000000e+00
725,4.260245e+04,-2.230312,-5.591532,5.268821,2.131223e+07,5.343109e+07,-5.034736e+07,0.000000e+00,0.000000e+00
726,4.264924e+04,-4.721447,2.561142,5.928616,4.514158e+07,-2.448698e+07,-5.668327e+07,0.000000e+00,0.000000e+00
727,4.270090e+04,-2.224594,1.195773,7.590870,2.128213e+07,-1.143966e+07,-7.261996e+07,0.000000e+00,0.000000e+00
728,4.271911e+04,-7.201486,3.347190,0.966915,6.890951e+07,-3.202856e+07,-9.252210e+06,0.000000e+00,0.000000e+00
729,4.274990e+04,-3.710417,-4.080643,-5.794925,3.551700e+07,3.906089e+07,5.547040e+07,1.784626e+00,7.629261e+04
730,4.291468e+04,-6.920095,3.658420,-1.651741,6.636834e+07,-3.508669e+07,1.584130e+07,1.165794e+00,5.002966e+04
731,4.343884e+04,-6.918725,3.107006,-2.545144,6.675920e+07,-2.997969e+07,2.455825e+07,1.962944e+00,8.526800e+04
732,4.348794e+04,-5.252211,0.826541,5.977550,5.070754e+07,-7.979852e+06,-5.771033e+07,0.000000e+00,0.000000e+00
733,4.355450e+04,-0.529672,-0.049435,-7.982293,5.117635e+06,4.776330e+05,7.712410e+07,1.806066e+00,7.866228e+04
734,4.359261e+04,-6.147856,3.106934,-4.068270,5.942594e+07,-3.003201e+07,3.932441e+07,2.028091e+00,8.840979e+04
735,4.394812e+04,1.653601,4.776806,-6.200623,-1.604896e+07,-4.636109e+07,6.017989e+07,0.000000e+00,0.000000e+00
736,4.396876e+04,1.201343,3.319967,7.178760,-1.166232e+07,-3.222937e+07,-6.968952e+07,0.000000e+00,0.000000e+00
737,4.404996e+04,-0.956789,-7.936749,0.304253,9.296828e+06,7.711900e+07,-2.956333e+06,1.773570e+00,7.812569e+04
738,4.413822e+04,0.065402,-0.702847,7.968797,-6.361294e+05,6.836191e+06,-7.750793e+07,0.000000e+00,0.000000e+00
739,4.421730e+04,-1.493109,-2.253832,7.529334,1.453562e+07,2.194136e+07,-7.329909e+07,0.000000e+00,0.000000e+00
740,4.435344e+04,1.389254,-7.753087,1.399861,-1.354538e+07,7.559347e+07,-1.364880e+07,1.712824e+00,7.596964e+04
741,4.448966e+04,4.336162,6.306996,-2.327982,-4.234294e+07,-6.158828e+07,2.273292e+07,0.000000e+00,0.000000e+00
742,4.456345e+04,3.861822,-6.535182,-2.525417,-3.774223e+07,6.386943e+07,2.468133e+07,1.838895e+00,8.194749e+04
743,4.467909e+04,2.491180,7.596111,0.305162,-2.437829e+07,-7.433432e+07,-2.986263e+06,0.000000e+00,0.000000e+00
744,4.469456e+04,-2.363917,-7.302727,2.254347,2.313692e+07,7.147569e+07,-2.206449e+07,9.891879e-02,4.421132e+03
745,4.482565e+04,3.388241,-2.442524,6.823042,-3.321112e+07,2.394132e+07,-6.687862e+07,0.000000e+00,0.000000e+00
746,4.489141e+04,6.981265,-3.618699,-1.472057,-6.847968e+07,3.549605e+07,1.443950e+07,0.000000e+00,0.000000e+00
747,4.491715e+04,-7.928659,0.684793,-0.816965,7.779501e+07,-6.719100e+06,8.015958e+06,2.395140e-01,1.075828e+04
748,4.492181e+04,-3.176131,-2.114947,7.031301,3.116542e+07,2.075267e+07,-6.899383e+07,0.000000e+00,0.000000e+00
749,4.497843e+04,-1.504437,-7.511631,2.304792,1.477141e+07,7.375345e+07,-2.262976e+07,2.216942e-01,9.971456e+03
750,4.498352e+04,1.462759,0.101365,7.864481,-1.436301e+07,-9.953166e+05,-7.722230e+07,0.000000e+00,0.000000e+00
751,4.513131e+04,5.434237,-0.786798,5.818076,-5.344702e+07,7.738350e+06,-5.722217e+07,0.000000e+00,0.000000e+00
752,4.513673e+04,-2.755521,3.263472,-6.764382,2.710283e+07,-3.209895e+07,6.653331e+07,1.838308e+00,8.297519e+04
753,4.519360e+04,-2.737909,6.370412,3.990201,2.694657e+07,-6.269775e+07,-3.927166e+07,0.000000e+00,0.000000e+00
754,4.530675e+04,-4.473751,-5.816829,3.185915,4.408585e+07,5.732100e+07,-3.139508e+07,0.000000e+00,0.000000e+00
755,4.537124e+04,0.666813,0.957767,7.914420,-6.575676e+06,-9.444876e+06,-7.804685e+07,0.000000e+00,0.000000e+00
756,4.541217e+04,-6.091620,-4.902684,-1.689929,6.009867e+07,4.836887e+07,1.667249e+07,1.581354e+00,7.181273e+04
757,4.550489e+04,-6.331829,3.651686,-3.251635,6.253227e+07,-3.606355e+07,3.211270e+07,2.036032e+00,9.264942e+04
758,4.551481e+04,-1.848536,-5.264899,5.732691,1.825788e+07,5.200108e+07,-5.662143e+07,0.000000e+00,0.000000e+00
759,4.552419e+04,3.511891,-6.256419,-3.538905,-3.469030e+07,6.180062e+07,3.495714e+07,1.804483e+00,8.214764e+04
760,4.554379e+04,-0.891912,-6.890250,3.965974,8.812169e+06,6.807623e+07,-3.918415e+07,0.000000e+00,0.000000e+00
761,4.566719e+04,7.484298,-1.669388,-2.280006,-7.404558e+07,1.651602e+07,2.255714e+07,0.000000e+00,0.000000e+00
762,4.580116e+04,7.774422,1.321852,-1.345761,-7.702865e+07,-1.309686e+07,1.333374e+07,0.000000e+00,0.000000e+00
763,4.590595e+04,-1.999181,7.745923,0.062891,1.983045e+07,-7.683403e+07,-6.238383e+05,4.818488e-04,2.211972e+01
764,4.615035e+04,-0.059389,0.174565,7.997875,5.906599e+05,-1.736161e+06,-7.954411e+07,0.000000e+00,0.000000e+00
765,4.626766e+04,0.162501,-7.798094,1.778572,-1.618233e+06,7.765567e+07,-1.771154e+07,1.065430e+00,4.929494e+04
766,4.637310e+04,7.907071,0.280548,1.183012,-7.883057e+07,-2.796963e+06,-1.179419e+07,0.000000e+00,0.000000e+00
767,4.642464e+04,-6.352496,2.555699,-4.136931,6.336721e+07,-2.549352e+07,4.126658e+07,2.015179e+00,9.355394e+04
768,4.686626e+04,-7.258818,-2.459342,2.293729,7.275151e+07,2.464876e+07,-2.298890e+07,0.000000e+00,0.000000e+00
769,4.691867e+04,-6.394640,0.174462,4.803971,6.412611e+07,-1.749526e+06,-4.817472e+07,0.000000e+00,0.000000e+00
770,4.701777e+04,4.538842,-5.245081,3.985981,-4.556401e+07,5.265373e+07,-4.001402e+07,3.036430e-02,1.427661e+03
771,4.709531e+04,1.811049,-2.020589,7.525777,-1.819555e+07,2.030079e+07,-7.561120e+07,0.000000e+00,0.000000e+00
772,4.712313e+04,3.155093,0.288102,-7.345909,-3.170846e+07,-2.895404e+06,7.382587e+07,2.063278e-01,9.722812e+03
773,4.713828e+04,1.866130,1.241011,-7.679678,-1.875749e+07,-1.247408e+07,7.719263e+07,4.213756e-01,1.986292e+04
774,4.714800e+04,0.179804,-3.641841,-7.120721,-1.807492e+06,3.660990e+07,7.158162e+07,1.981707e+00,9.343354e+04
775,4.714940e+04,7.084903,-0.202240,3.709885,-7.122262e+07,2.033069e+06,-3.729448e+07,0.000000e+00,0.000000e+00
776,4.717043e+04,0.937998,7.848100,-1.235912,-9.431543e+06,-7.891244e+07,1.242706e+07,0.000000e+00,0.000000e+00
777,4.747922e+04,3.959127,2.489606,6.490545,-3.993900e+07,-2.511472e+07,-6.547551e+07,0.000000e+00,0.000000e+00
778,4.759207e+04,7.232046,-3.417607,0.132186,-7.304230e+07,3.451719e+07,-1.335051e+06,0.000000e+00,0.000000e+00
779,4.774291e+04,-3.615526,4.223515,-5.752382,3.657395e+07,-4.272425e+07,5.818996e+07,1.856445e+00,8.863207e+04
780,4.774817e+04,-3.327010,-7.134884,1.422827,3.365723e+07,7.217906e+07,-1.439383e+07,3.032682e-01,1.448050e+04
781,4.775312e+04,-5.813878,-2.002822,-5.117375,5.881834e+07,2.026232e+07,5.177190e+07,1.795021e+00,8.571784e+04
782,4.776446e+04,-1.559809,-4.758945,-6.238545,1.578228e+07,4.815142e+07,6.312214e+07,1.062449e+00,5.074730e+04
783,4.794186e+04,3.090406,-3.804326,-6.322697,-3.132700e+07,3.856391e+07,6.409229e+07,1.447876e+00,6.941385e+04
784,4.803071e+04,-7.765726,1.918165,-0.118889,7.879299e+07,-1.946218e+07,1.206276e+06,5.067466e-02,2.433940e+03
785,4.805887e+04,-0.425242,-0.031392,7.988628,4.315871e+06,3.186032e+05,-8.107836e+07,0.000000e+00,0.000000e+00
786,4.826307e+04,-1.442460,0.635675,-7.843164,1.467092e+07,-6.465299e+06,7.977094e+07,1.911381e+00,9.224910e+04
787,4.841746e+04,1.445826,-7.866971,0.142692,-1.472865e+07,8.014095e+07,-1.453605e+06,1.932309e+00,9.355751e+04
788,4.863862e+04,1.203249,0.665050,-7.880983,-1.228548e+07,-6.790326e+06,8.046685e+07,9.733776e-01,4.734374e+04
789,4.865492e+04,-2.094321,-7.717613,-0.228614,2.138714e+07,7.881200e+07,2.334603e+06,1.798394e+00,8.750073e+04
790,4.912416e+04,6.430326,3.484271,3.242030,-6.598216e+07,-3.575242e+07,-3.326677e+07,0.000000e+00,0.000000e+00
791,4.947992e+04,-2.887625,2.992615,6.834169,2.973728e+07,-3.081849e+07,-7.037950e+07,0.000000e+00,0.000000e+00
792,4.967141e+04,0.927687,0.638810,-7.920310,-9.571960e+06,-6.591297e+06,8.172246e+07,1.166106e+00,5.792214e+04
793,4.971741e+04,-5.765204,4.826063,-2.733412,5.951342e+07,-4.981880e+07,2.821664e+07,1.857384e+00,9.234433e+04
794,4.976120e+04,2.575112,7.486495,1.149434,-2.659423e+07,-7.731609e+07,-1.187068e+07,0.000000e+00,0.000000e+00
795,4.990745e+04,-3.645553,4.029262,-5.871541,3.770440e+07,-4.167294e+07,6.072685e+07,1.861458e+00,9.290061e+04
796,4.998439e+04,5.388715,3.789608,-4.538791,-5.577613e+07,-3.922450e+07,4.697895e+07,0.000000e+00,0.000000e+00
797,5.033244e+04,0.779790,4.147640,6.796250,-8.099302e+06,-4.307953e+07,-7.058937e+07,0.000000e+00,0.000000e+00
798,5.062399e+04,2.096209,-5.179913,5.724893,-2.183528e+07,5.395686e+07,-5.963367e+07,0.000000e+00,0.000000e+00
799,5.084107e+04,-5.383832,-2.444197,5.388901,5.620109e+07,2.551465e+07,-5.625401e+07,0.000000e+00,0.000000e+00
800,5.098803e+04,-1.249663,0.436870,7.889708,1.306390e+07,-4.567013e+06,-8.247854e+07,0.000000e+00,0.000000e+00
801,5.180838e+04,6.284308,-3.783042,-3.193128,-6.622217e+07,3.986457e+07,3.364823e+07,3.126119e-02,1.619591e+03
802,5.214817e+04,7.084293,-1.086125,3.554311,-7.489658e+07,1.148274e+07,-3.757690e+07,0.000000e+00,0.000000e+00
803,5.218376e+04,0.562493,-0.796216,-7.940380,-5.948818e+06,8.420629e+06,8.397596e+07,1.730680e+00,9.031337e+04
804,5.240906e+04,2.030655,-2.509548,-7.319741,-2.152213e+07,2.659773e+07,7.757913e+07,1.578642e+00,8.273514e+04
805,5.243636e+04,7.160533,0.297589,3.555026,-7.591150e+07,-3.154855e+06,-3.768816e+07,0.000000e+00,0.000000e+00
806,5.257199e+04,-4.025860,-4.121142,-5.550553,4.273482e+07,4.374624e+07,5.891955e+07,1.601011e+00,8.416832e+04
807,5.270771e+04,-0.351965,7.983689,0.369910,3.740951e+06,-8.485679e+07,-3.931691e+06,0.000000e+00,0.000000e+00
808,5.279719e+04,4.984483,6.253958,0.207231,-5.302387e+07,-6.652828e+07,-2.204480e+06,0.000000e+00,0.000000e+00
809,5.281190e+04,-0.226565,0.770365,-7.959598,2.410486e+06,-8.196119e+06,8.468432e+07,1.623475e+00,8.573880e+04
810,5.286079e+04,-5.564436,-2.692871,-5.077942,5.922894e+07,2.866344e+07,5.405060e+07,1.649563e+00,8.719718e+04
811,5.293580e+04,0.940019,-5.900099,-5.320262,-1.001284e+07,6.284634e+07,5.667007e+07,1.845606e+00,9.769862e+04
812,5.299972e+04,-3.751171,2.353211,-6.662666,3.998062e+07,-2.508092e+07,7.101184e+07,1.961783e+00,1.039739e+05
813,5.300157e+04,-7.612087,-1.175685,-2.161921,8.113235e+07,1.253087e+07,2.304253e+07,1.641434e+00,8.699857e+04
814,5.304508e+04,-0.518529,-6.002274,5.263443,5.528936e+06,6.400065e+07,-5.612268e+07,0.000000e+00,0.000000e+00
815,5.328380e+04,-0.423265,-7.770376,1.855291,4.523309e+06,8.303966e+07,-1.982693e+07,9.845933e-01,5.246287e+04
816,5.334546e+04,1.562257,-2.313419,7.497162,-1.670503e+07,2.473712e+07,-8.016626e+07,0.000000e+00,0.000000e+00
817,5.334893e+04,-2.512056,-5.761338,4.949400,2.686198e+07,6.160730e+07,-5.292506e+07,0.000000e+00,0.000000e+00
818,5.399986e+04,0.036715,6.990961,-3.889102,-3.949892e+05,-7.521062e+07,4.183999e+07,0.000000e+00,0.000000e+00
819,5.402173e+04,7.930544,0.952118,0.447145,-8.533618e+07,-1.024522e+07,-4.811482e+06,0.000000e+00,0.000000e+00
820,5.411801e+04,5.404426,5.407015,2.357195,-5.820583e+07,-5.823371e+07,-2.538706e+07,0.000000e+00,0.000000e+00
821,5.426379e+04,-6.886180,0.772196,3.998029,7.426418e+07,-8.327762e+06,-4.311684e+07,0.000000e+00,0.000000e+00
822,5.431575e+04,7.236702,2.356289,2.465370,-7.808175e+07,-2.542362e+07,-2.660057e+07,0.000000e+00,0.000000e+00
823,5.436964e+04,-6.030101,-4.945217,1.784014,6.509517e+07,5.338381e+07,-1.925850e+07,0.000000e+00,0.000000e+00
824,5.455566e+04,-2.201175,1.089791,7.613618,2.380239e+07,-1.178445e+07,-8.232978e+07,0.000000e+00,0.000000e+00
825,5.484350e+04,-7.724321,1.172699,-1.720362,8.374692e+07,-1.271437e+07,1.865213e+07,1.243126e+00,6.817738e+04
826,5.496494e+04,6.489692,3.643198,2.934453,-7.043895e+07,-3.954318e+07,-3.185048e+07,0.000000e+00,0.000000e+00
827,5.499723e+04,-3.001303,-3.452145,6.563145,3.258563e+07,3.748050e+07,-7.125714e+07,0.000000e+00,0.000000e+00
828,5.501499e+04,7.136149,2.807490,-2.278897,-7.749084e+07,-3.048630e+07,2.474635e+07,0.000000e+00,0.000000e+00
829,5.510053e+04,3.303101,-2.886707,-6.690026,-3.589597e+07,3.137087e+07,7.270288e+07,1.181453e+00,6.509869e+04
830,5.535161e+04,0.978300,-3.332329,7.206838,-1.065572e+07,3.629601e+07,-7.849751e+07,0.000000e+00,0.000000e+00
831,5.537624e+04,1.422169,6.471111,4.483543,-1.549384e+07,-7.049958e+07,-4.884600e+07,0.000000e+00,0.000000e+00
832,5.563174e+04,-0.573731,-0.467079,-7.965718,6.264916e+06,5.100328e+06,8.698257e+07,1.895701e+00,1.054612e+05
833,5.589480e+04,4.119839,-3.587564,-5.844340,-4.509329e+07,3.926732e+07,6.396864e+07,9.369720e-01,5.237186e+04
834,5.601628e+04,1.397869,7.600542,2.068266,-1.531685e+07,-8.328133e+07,-2.266259e+07,0.000000e+00,0.000000e+00
835,5.606787e+04,6.245503,4.766483,1.508089,-6.846528e+07,-5.225178e+07,-1.653217e+07,9.792017e-01,5.490176e+04
836,5.608343e+04,1.025176,-5.097609,-6.079753,-1.123988e+07,5.588944e+07,6.665752e+07,1.914916e+00,1.073951e+05
837,5.610665e+04,4.180650,1.273530,-6.700768,-4.584552e+07,-1.396569e+07,7.348144e+07,0.000000e+00,0.000000e+00
838,5.643668e+04,-1.747119,-0.711607,7.774393,1.921539e+07,7.826492e+06,-8.550533e+07,0.000000e+00,0.000000e+00
839,5.653911e+04,-0.860420,7.707098,-1.964768,9.471766e+06,-8.484209e+07,2.162877e+07,0.000000e+00,0.000000e+00
840,5.669681e+04,-1.331389,-1.612561,-7.721855,1.467676e+07,1.777630e+07,8.512300e+07,1.951156e+00,1.106243e+05
841,5.750453e+04,0.611081,-7.972861,-0.245074,-6.784155e+06,8.851384e+07,2.720787e+06,1.915660e+00,1.101591e+05
842,5.755760e+04,4.914511,-1.389126,-6.157752,-5.458554e+07,1.542904e+07,6.839423e+07,1.005203e-01,5.785705e+03
843,5.758523e+04,7.557065,-2.246277,-1.358309,-8.395657e+07,2.495542e+07,1.509038e+07,0.000000e+00,0.000000e+00
844,5.789745e+04,6.516353,-4.093157,2.187054,-7.259058e+07,4.559676e+07,-2.436325e+07,0.000000e+00,0.000000e+00
845,5.791714e+04,-5.706551,1.661977,-5.354728,6.358039e+07,-1.851717e+07,5.966051e+07,1.946985e+00,1.127638e+05
846,5.828707e+04,1.919799,-7.174193,-2.974110,-2.145793e+07,8.018721e+07,3.324215e+07,1.549916e+00,9.034005e+04
847,5.834197e+04,-6.366553,-2.071606,-4.378978,7.119359e+07,2.316560e+07,4.896765e+07,1.744822e+00,1.017964e+05
848,5.837234e+04,-0.032058,-7.628383,-2.409719,3.585756e+05,8.532612e+07,2.695355e+07,1.617427e+00,9.441303e+04
849,5.856978e+04,2.214957,-4.353492,6.335698,-2.481693e+07,4.877760e+07,-7.098674e+07,0.000000e+00,0.000000e+00
850,5.859340e+04,5.325157,-3.825582,4.583407,-5.967642e+07,4.287141e+07,-5.136399e+07,0.000000e+00,0.000000e+00
851,5.869460e+04,-3.685635,7.046850,0.870628,4.133875e+07,-7.903875e+07,-9.765127e+06,1.310839e-01,7.693917e+03
852,5.877253e+04,2.714332,3.314299,-6.756317,-3.046464e+07,-3.719845e+07,7.583037e+07,0.000000e+00,0.000000e+00
853,5.914113e+04,-0.531928,3.103644,-7.354213,5.988854e+06,-3.494320e+07,8.279936e+07,1.176752e+00,6.959443e+04
854,5.939471e+04,1.293026,-5.211853,5.929981,-1.458905e+07,5.880470e+07,-6.690724e+07,0.000000e+00,0.000000e+00
855,5.946494e+04,-1.797053,-0.834807,-7.750722,2.028791e+07,9.424596e+06,8.750213e+07,1.943834e+00,1.155900e+05
856,5.965085e+04,4.358204,-0.593574,-6.682344,-4.927899e+07,6.711650e+06,7.555846e+07,1.374552e-01,8.199317e+03
857,5.985162e+04,1.457057,-1.668530,-7.687197,-1.650290e+07,1.889809e+07,8.706666e+07,1.614403e+00,9.662466e+04
858,5.993926e+04,-2.780600,-2.956795,-6.893884,3.151665e+07,3.351373e+07,7.813859e+07,1.036205e+00,6.210938e+04
859,6.031171e+04,-4.668046,-2.048177,-6.165575,5.307401e+07,2.328704e+07,7.010038e+07,1.928427e+00,1.163067e+05
860,6.073577e+04,-7.247510,-1.191298,-3.170868,8.269077e+07,1.359217e+07,3.617815e+07,1.848884e+00,1.122934e+05
861,6.131429e+04,7.094463,2.980255,2.187847,-8.132917e+07,-3.416491e+07,-2.508093e+07,0.000000e+00,0.000000e+00
862,6.157949e+04,-3.600871,-6.257593,3.446194,4.136867e+07,7.189047e+07,-3.959166e+07,0.000000e+00,0.000000e+00
863,6.161020e+04,-7.362591,-0.440431,-3.098109,8.460634e+07,5.061160e+06,3.560155e+07,1.928609e+00,1.188220e+05
864,6.177787e+04,7.431390,-2.427426,1.697657,-8.551307e+07,2.793241e+07,-1.953495e+07,0.000000e+00,0.000000e+00
865,6.178999e+04,5.980407,1.868719,-4.974195,-6.882334e+07,-2.150548e+07,5.724372e+07,0.000000e+00,0.000000e+00
866,6.183637e+04,3.281968,3.691430,-6.293014,-3.778351e+07,-4.249742e+07,7.244804e+07,0.000000e+00,0.000000e+00
867,6.204480e+04,-4.710427,1.459693,6.299300,5.431989e+07,-1.683295e+07,-7.264252e+07,0.000000e+00,0.000000e+00
868,6.263922e+04,-4.455863,1.254207,-6.524741,5.162986e+07,-1.453243e+07,7.560185e+07,1.552658e+00,9.725731e+04
869,6.291803e+04,0.092800,0.153416,-7.997990,-1.077657e+06,-1.781572e+06,9.287833e+07,1.690701e+00,1.063756e+05
870,6.318415e+04,-5.390110,4.513937,3.817209,6.272601e+07,-5.252977e+07,-4.442178e+07,0.000000e+00,0.000000e+00
871,6.329475e+04,1.142725,4.277180,-6.663326,-1.330980e+07,-4.981811e+07,7.761057e+07,7.607332e-02,4.815041e+03
872,6.344521e+04,-5.722307,2.443302,5.028467,6.672929e+07,-2.849197e+07,-5.863825e+07,0.000000e+00,0.000000e+00
873,6.359807e+04,-5.233838,6.041689,-0.323940,6.110661e+07,-7.053851e+07,3.782095e+06,8.895007e-01,5.657052e+04
874,6.369800e+04,-2.081667,3.313305,-6.977727,2.432317e+07,-3.871420e+07,8.153101e+07,1.772372e+00,1.128965e+05
875,6.409314e+04,-7.301300,-1.639806,2.828791,8.557598e+07,1.921959e+07,-3.315527e+07,0.000000e+00,0.000000e+00
876,6.434601e+04,2.357701,1.365433,7.521758,-2.768824e+07,-1.603530e+07,-8.833363e+07,1.179337e-01,7.588563e+03
877,6.454424e+04,-0.883956,7.818713,-1.444417,1.039694e+07,-9.196234e+07,1.698898e+07,0.000000e+00,0.000000e+00
878,6.482705e+04,1.980653,-1.441311,-7.615749,-2.334708e+07,1.698955e+07,8.977113e+07,1.430212e+00,9.271645e+04
879,6.528708e+04,0.294783,4.448320,-6.642707,-3.487084e+06,-5.262057e+07,7.857867e+07,3.763781e-01,2.457263e+04
880,6.544444e+04,3.825089,-6.816435,1.704378,-4.530267e+07,8.073087e+07,-2.018591e+07,1.612133e+00,1.055051e+05
881,6.565905e+04,-0.313833,-5.066367,6.183319,3.722990e+06,6.010214e+07,-7.335250e+07,0.000000e+00,0.000000e+00
882,6.573856e+04,-2.743683,-1.697554,-7.320554,3.256791e+07,2.015022e+07,8.689605e+07,1.021746e+00,6.716813e+04
883,6.593392e+04,-3.261378,-7.185931,1.313700,3.877052e+07,8.542470e+07,-1.561696e+07,5.567151e-01,3.670641e+04
884,6.608355e+04,3.334893,7.062548,-1.731734,-3.968940e+07,-8.405317e+07,2.060980e+07,0.000000e+00,0.000000e+00
885,6.612555e+04,-7.375087,2.973741,0.874621,8.780065e+07,-3.540249e+07,-1.041240e+07,2.402966e-04,1.588974e+01
886,6.641437e+04,-6.210540,3.127030,3.956119,7.409797e+07,-3.730861e+07,-4.720047e+07,0.000000e+00,0.000000e+00
887,6.644272e+04,2.828045,-1.660736,7.296856,-3.374862e+07,1.981848e+07,-8.707740e+07,0.000000e+00,0.000000e+00
888,6.670468e+04,0.717601,0.937593,-7.912393,-8.580387e+06,-1.121084e+07,9.460889e+07,1.325130e+00,8.839239e+04
889,6.679057e+04,-1.427774,1.279351,-7.766899,1.708295e+07,-1.530712e+07,9.292899e+07,1.848653e+00,1.234726e+05
890,6.698161e+04,-0.988385,-7.825016,-1.338739,1.184268e+07,9.375813e+07,1.604056e+07,1.866468e+00,1.250190e+05
891,6.699253e+04,3.034782,-3.391063,6.579574,-3.636525e+07,4.063451e+07,-7.884187e+07,0.000000e+00,0.000000e+00
892,6.722160e+04,3.451916,-3.888005,6.080106,-4.143436e+07,4.666885e+07,-7.298129e+07,0.000000e+00,0.000000e+00
893,6.731023e+04,6.887779,-3.895812,-1.175223,-8.273050e+07,4.679339e+07,1.411584e+07,7.727217e-04,5.201207e+01
894,6.761941e+04,-0.921390,4.687668,-6.416916,1.109239e+07,-5.643370e+07,7.725169e+07,7.947595e-01,5.374117e+04
895,6.775894e+04,-1.335743,4.918768,6.166159,1.609727e+07,-5.927691e+07,-7.430943e+07,0.000000e+00,0.000000e+00
896,6.799081e+04,0.799296,-0.362968,7.951690,-9.648919e+06,4.381671e+06,-9.599100e+07,0.000000e+00,0.000000e+00
897,6.806872e+04,-7.445226,-1.610497,-2.444362,8.992856e+07,1.945269e+07,2.952469e+07,1.903187e+00,1.295475e+05
898,6.839487e+04,-7.654769,1.812833,-1.455388,9.268080e+07,-2.194904e+07,1.762124e+07,1.292537e+00,8.840292e+04
899,6.846720e+04,1.156105,-7.804990,1.321196,-1.400504e+07,9.454957e+07,-1.600496e+07,1.816548e+00,1.243739e+05
900,6.852274e+04,-5.823887,-2.612020,4.822830,7.057912e+07,3.165481e+07,-5.844742e+07,0.000000e+00,0.000000e+00
901,6.861496e+04,7.411279,2.881175,-0.878504,-8.987699e+07,-3.494017e+07,1.065366e+07,0.000000e+00,0.000000e+00
902,6.894862e+04,4.176698,-6.697554,-1.303062,-5.077405e+07,8.141884e+07,1.584068e+07,1.852225e+00,1.277084e+05
903,6.915433e+04,-0.329337,2.846394,-7.469242,4.009558e+06,-3.465378e+07,9.093523e+07,1.242071e+00,8.589457e+04
904,6.919311e+04,3.595196,-6.695070,-2.500120,-4.378244e+07,8.153282e+07,3.044656e+07,1.514424e+00,1.047877e+05
905,6.921203e+04,5.923141,-5.374723,-0.169575,-7.214210e+07,6.546254e+07,2.065375e+06,3.826172e-01,2.648171e+04
906,6.999684e+04,-0.920875,5.197907,-6.011136,1.127940e+07,-6.366689e+07,7.362778e+07,6.405525e-01,4.483665e+04
907,7.014341e+04,3.197825,6.404222,3.572094,-3.920975e+07,-7.852461e+07,-4.379880e+07,0.000000e+00,0.000000e+00
908,7.024051e+04,-0.038198,-0.113627,-7.999102,4.686832e+05,1.394183e+06,9.814790e+07,1.814166e+00,1.274279e+05
909,7.058289e+04,-2.617776,-1.961390,7.300699,3.219795e+07,2.412457e+07,-8.979664e+07,0.000000e+00,0.000000e+00
910,7.066405e+04,-3.813943,3.287899,6.216394,4.693745e+07,-4.046352e+07,-7.650393e+07,0.000000e+00,0.000000e+00
911,7.104273e+04,3.398137,-0.223927,7.238958,-4.193211e+07,2.763194e+06,-8.932682e+07,0.000000e+00,0.000000e+00
912,7.116234e+04,1.426016,-3.072594,-7.247458,-1.761147e+07,3.794690e+07,8.950694e+07,1.880884e+00,1.338481e+05
913,7.171250e+04,5.720865,-3.721519,4.173967,-7.092594e+07,4.613851e+07,-5.174786e+07,1.053120e-10,7.552188e-06
914,7.203579e+04,4.187151,0.148920,6.815100,-5.202820e+07,-1.850434e+06,-8.468224e+07,0.000000e+00,0.000000e+00
915,7.293218e+04,6.697179,1.617388,-4.065938,-8.373315e+07,-2.022180e+07,5.083540e+07,0.000000e+00,0.000000e+00
916,7.323096e+04,-0.071470,-0.211882,-7.996874,8.954013e+05,2.654522e+06,1.001875e+08,1.838270e+00,1.346183e+05
917,7.396176e+04,-1.105427,3.174460,-7.259534,1.391809e+07,-3.996864e+07,9.140255e+07,1.478651e+00,1.093636e+05
918,7.403413e+04,6.856843,4.035406,0.836180,-8.637462e+07,-5.083340e+07,-1.053323e+07,0.000000e+00,0.000000e+00
919,7.417938e+04,7.923827,-1.099786,0.058575,-9.991313e+07,1.386743e+07,-7.385806e+05,0.000000e+00,0.000000e+00
920,7.463604e+04,-3.543782,-6.747975,2.430319,4.482159e+07,8.534807e+07,-3.073856e+07,1.150265e-01,8.585119e+03
921,7.592913e+04,1.725031,-0.633455,7.786077,-2.200630e+07,8.081011e+06,-9.932736e+07,0.000000e+00,0.000000e+00
922,7.642110e+04,2.913169,4.216524,-6.142831,-3.728364e+07,-5.396437e+07,7.861785e+07,0.000000e+00,0.000000e+00
923,7.642765e+04,-5.305513,-1.184239,5.869336,6.790451e+07,1.515691e+07,-7.512080e+07,0.000000e+00,0.000000e+00
924,7.669122e+04,7.312429,3.244658,-0.024033,-9.375198e+07,-4.159946e+07,3.081251e+05,0.000000e+00,0.000000e+00
925,7.670248e+04,7.588178,2.177537,1.295331,-9.729448e+07,-2.792005e+07,-1.660854e+07,0.000000e+00,0.000000e+00
926,7.758933e+04,3.288567,6.743666,-2.776381,-4.240857e+07,-8.696471e+07,3.580355e+07,0.000000e+00,0.000000e+00
927,7.772257e+04,-6.838259,-0.995984,-4.030661,8.826024e+07,1.285499e+07,5.202305e+07,1.759202e+00,1.367297e+05
928,7.795019e+04,-6.206115,-1.498059,-4.820784,8.021847e+07,1.936348e+07,6.231207e+07,1.906250e+00,1.485926e+05
929,7.827535e+04,1.746589,-1.575339,-7.646420,-2.262295e+07,2.040480e+07,9.904136e+07,1.565380e+00,1.225307e+05
930,7.845922e+04,-1.160213,1.738204,-7.722212,1.504547e+07,-2.254077e+07,1.001405e+08,1.795932e+00,1.409074e+05
931,7.886231e+04,-0.134225,-0.040660,-7.998771,1.745072e+06,5.286211e+05,1.039930e+08,1.819503e+00,1.434902e+05
932,7.928661e+04,0.409996,-6.452527,4.711347,-5.344725e+06,8.411544e+07,-6.141734e+07,3.212554e-05,2.547125e+00
933,7.940563e+04,2.955294,-3.966040,6.287827,-3.855426e+07,5.174027e+07,-8.202990e+07,0.000000e+00,0.000000e+00
934,7.956457e+04,1.166721,-0.467746,-7.900631,-1.523607e+07,6.108239e+06,1.031734e+08,1.536519e+00,1.222525e+05
935,8.040983e+04,3.999754,5.887175,-3.652826,-5.250901e+07,-7.728718e+07,4.795452e+07,0.000000e+00,0.000000e+00
936,8.064589e+04,-5.793274,1.854392,-5.196076,7.616600e+07,-2.438028e+07,6.831445e+07,1.853976e+00,1.495156e+05
937,8.105006e+04,-0.896521,7.920529,0.679316,1.181635e+07,-1.043943e+08,-8.953531e+06,2.649255e-04,2.147223e+01
938,8.106294e+04,0.624413,-1.100275,-7.899336,-8.230548e+06,1.450301e+07,1.041232e+08,1.788031e+00,1.449431e+05
939,8.120962e+04,-6.588862,-3.974781,-2.188153,8.692808e+07,5.244003e+07,2.886871e+07,1.822863e+00,1.480340e+05
940,8.129083e+04,5.231027,4.168027,-4.389068,-6.904841e+07,-5.501704e+07,5.793473e+07,0.000000e+00,0.000000e+00
941,8.143513e+04,-0.018568,-3.413899,-7.234981,2.453089e+05,4.510270e+07,9.558489e+07,1.950307e+00,1.588235e+05
942,8.200890e+04,-0.466768,-6.079640,5.178813,6.188390e+06,8.060357e+07,-6.866045e+07,0.000000e+00,0.000000e+00
943,8.240011e+04,-0.335774,0.459914,7.979708,4.462280e+06,-6.112043e+06,-1.060466e+08,0.000000e+00,0.000000e+00
944,8.241532e+04,-6.811782,0.545745,4.159542,9.053378e+07,-7.253363e+06,-5.528349e+07,0.000000e+00,0.000000e+00
945,8.303630e+04,-5.284230,5.714011,-1.851214,7.049554e+07,-7.622914e+07,2.469657e+07,1.769314e+00,1.469173e+05
946,8.397226e+04,3.018501,-7.062624,2.237854,-4.049535e+07,9.475017e+07,-3.002241e+07,1.683704e+00,1.413844e+05
947,8.476041e+04,-0.284959,7.007622,-3.848639,3.840829e+06,-9.445244e+07,5.187399e+07,9.231746e-03,7.824866e+02
948,8.675061e+04,7.225709,3.381602,0.594893,-9.852868e+07,-4.611101e+07,-8.111874e+06,0.000000e+00,0.000000e+00
949,8.750623e+04,4.212631,-5.868997,3.436366,-5.769243e+07,8.037655e+07,-4.706140e+07,8.042288e-01,7.037504e+04
950,8.754234e+04,-6.413024,4.153991,-2.370124,8.784517e+07,-5.690109e+07,3.246580e+07,1.880518e+00,1.646250e+05
951,8.765960e+04,1.084629,-1.112571,7.847660,-1.486713e+07,1.525013e+07,-1.075687e+08,0.000000e+00,0.000000e+00
952,8.809182e+04,2.938746,3.706073,-6.452038,-4.038088e+07,-5.092461e+07,8.865652e+07,0.000000e+00,0.000000e+00
953,8.872403e+04,3.300143,6.801226,-2.617706,-4.550922e+07,-9.378941e+07,3.609835e+07,0.000000e+00,0.000000e+00
954,8.942550e+04,1.147795,0.802772,7.876428,-1.589062e+07,-1.111396e+07,-1.090451e+08,0.000000e+00,0.000000e+00
955,8.955765e+04,4.892908,-4.021609,-4.887342,-6.778981e+07,5.571820e+07,6.771268e+07,8.828438e-01,7.906542e+04
956,9.039005e+04,4.775339,2.834345,-5.758701,-6.646767e+07,-3.945108e+07,8.015502e+07,0.000000e+00,0.000000e+00
957,9.071942e+04,7.032231,-2.390427,2.972135,-9.805939e+07,3.333278e+07,-4.144428e+07,0.000000e+00,0.000000e+00
958,9.086786e+04,-6.774199,3.860643,1.790437,9.453857e+07,-5.387792e+07,-2.498677e+07,0.000000e+00,0.000000e+00
959,9.181815e+04,7.567226,2.287586,1.226394,-1.061566e+08,-3.209133e+07,-1.720442e+07,0.000000e+00,0.000000e+00
960,9.282171e+04,4.055415,3.397868,-6.000676,-5.720131e+07,-4.792666e+07,8.463907e+07,0.000000e+00,0.000000e+00
961,9.302466e+04,1.745091,-7.789127,-0.533071,-2.464127e+07,1.099851e+08,7.527139e+06,1.934907e+00,1.799941e+05
962,9.316598e+04,-4.902012,-6.047522,-1.843299,6.927061e+07,8.545788e+07,2.604776e+07,1.858262e+00,1.731268e+05
963,9.548443e+04,7.501073,0.184415,-2.774868,-1.073089e+08,-2.638203e+06,3.969671e+07,0.000000e+00,0.000000e+00
964,9.592264e+04,2.863175,-1.843645,-7.239006,-4.105389e+07,2.643528e+07,1.037971e+08,1.281791e+00,1.229528e+05
965,9.602366e+04,-5.941374,0.961972,-5.270169,8.523578e+07,-1.380058e+07,7.560659e+07,1.900258e+00,1.824697e+05
966,9.617513e+04,2.482916,0.226350,7.601572,-3.564835e+07,-3.249805e+06,-1.091392e+08,0.000000e+00,0.000000e+00
967,9.649820e+04,0.268355,2.116159,7.710373,-3.859359e+06,-3.043364e+07,-1.108871e+08,0.000000e+00,0.000000e+00
968,9.669726e+04,4.165822,1.400439,6.684661,-5.997272e+07,-2.016124e+07,-9.623487e+07,0.000000e+00,0.000000e+00
969,9.705548e+04,-4.398508,5.485678,3.815818,6.343974e+07,-7.911999e+07,-5.503559e+07,0.000000e+00,0.000000e+00
970,9.752757e+04,0.238349,0.431681,-7.984788,-3.446059e+06,-6.241265e+06,1.154444e+08,1.627197e+00,1.586966e+05
971,9.772345e+04,-5.086640,0.988929,6.094925,7.361670e+07,-1.431233e+07,-8.820917e+07,0.000000e+00,0.000000e+00
972,9.857766e+04,-2.339585,4.916358,-5.861380,3.400745e+07,-7.146257e+07,8.519911e+07,1.568921e+00,1.546606e+05
973,9.897017e+04,0.756453,-7.897395,-1.029042,-1.101743e+07,1.150223e+08,1.498757e+07,1.864100e+00,1.844903e+05
974,1.018958e+05,-0.191081,0.155021,-7.996215,2.823852e+06,-2.290947e+06,1.181703e+08,1.747632e+00,1.780763e+05
975,1.021054e+05,0.076652,7.816709,-1.700936,-1.133943e+06,-1.156363e+08,2.516276e+07,0.000000e+00,0.000000e+00
976,1.030455e+05,-0.187336,7.310968,-3.242630,2.784082e+06,-1.086514e+08,4.819010e+07,2.799859e-03,2.885128e+02
977,1.030719e+05,-4.107282,0.577348,6.840826,6.104788e+07,-8.581315e+06,-1.016774e+08,0.000000e+00,0.000000e+00
978,1.042887e+05,2.775445,-5.762414,-4.805360,-4.149514e+07,8.615272e+07,7.184399e+07,1.827844e+00,1.906234e+05
979,1.051927e+05,-3.033759,-1.677052,7.209980,4.555330e+07,2.518172e+07,-1.082612e+08,0.000000e+00,0.000000e+00
980,1.074361e+05,-0.918147,0.673686,-7.918532,1.393264e+07,-1.022301e+07,1.201616e+08,1.877510e+00,2.017124e+05
981,1.088907e+05,-2.244608,6.757040,3.647486,3.429114e+07,-1.032281e+08,-5.572307e+07,1.789607e-09,1.948717e-04
982,1.111298e+05,7.573999,-0.212952,-2.566942,-1.168925e+08,3.286564e+06,3.961661e+07,0.000000e+00,0.000000e+00
983,1.140423e+05,1.439887,-6.667320,-4.180140,-2.251166e+07,1.042390e+08,6.535363e+07,1.466060e+00,1.671928e+05
984,1.144443e+05,0.006764,-5.598427,5.714680,-1.059393e+05,8.768170e+07,-8.950244e+07,0.000000e+00,0.000000e+00
985,1.154810e+05,3.311943,-0.910179,7.225137,-5.210558e+07,1.431950e+07,-1.136704e+08,0.000000e+00,0.000000e+00
986,1.155696e+05,-1.302503,-0.124069,-7.892281,2.049966e+07,1.952681e+06,1.242139e+08,1.895975e+00,2.191172e+05
987,1.156789e+05,-0.852579,-0.714306,7.922302,1.342479e+07,1.124754e+07,-1.247454e+08,0.000000e+00,0.000000e+00
988,1.172134e+05,2.391665,-5.782960,-4.983705,-3.790836e+07,9.166104e+07,7.899270e+07,1.781573e+00,2.088242e+05
989,1.200769e+05,-7.309394,0.678306,3.180041,1.172619e+08,-1.088181e+07,-5.101622e+07,0.000000e+00,0.000000e+00
990,1.244739e+05,-0.389755,3.453011,-7.205887,6.366147e+06,-5.640051e+07,1.176989e+08,1.190214e+00,1.481505e+05
991,1.328782e+05,2.819277,5.284601,-5.303270,-4.757848e+07,-8.918360e+07,8.949865e+07,0.000000e+00,0.000000e+00
992,1.357047e+05,6.322892,-0.400251,-4.884756,-1.078349e+08,6.826159e+06,8.330793e+07,1.339763e-09,1.818122e-04
993,1.368989e+05,6.010318,-0.316685,5.270274,-1.029540e+08,5.424662e+06,-9.027740e+07,0.000000e+00,0.000000e+00
994,1.418691e+05,-0.207130,2.581747,-7.569127,3.611873e+06,-4.501979e+07,1.319884e+08,1.383862e+00,1.963273e+05
995,1.499401e+05,5.814907,4.435926,3.241823,-1.042432e+08,-7.952234e+07,-5.811579e+07,0.000000e+00,0.000000e+00
996,1.662519e+05,3.130163,-5.103036,-5.306703,-5.908759e+07,9.632919e+07,1.001738e+08,1.749453e+00,2.908498e+05
997,1.663841e+05,6.135843,-1.455737,-4.922627,-1.158713e+08,2.749064e+07,9.296056e+07,3.036885e-01,5.052892e+04
998,1.695165e+05,-1.191152,-0.945536,-7.854115,2.270488e+07,1.802312e+07,1.497094e+08,1.876640e+00,3.181214e+05
999,1.823473e+05,-0.381770,2.521038,7.582784,7.547407e+06,-4.983965e+07,-1.499078e+08,0.000000e+00,0.000000e+00

Summary
Radius,2.000000m
Current,1.0000e+05A
Temperature,1.0000e+08K
Mass,9.1000e-31kg
Charge,-1.6022e-19C
Dose expected value,1.8253e+04
Total,1000
Seed,92135
