i,eV,x_0,y_0,z_0,v_x,v_y,v_z,hit_p,exp_eV
0,3.287707e+02,5.374109,5.834810,1.036315,-1.988349e+04,-2.158802e+04,-3.834229e+03,0.000000e+00,0.000000e+00
1,3.534954e+02,1.312008,6.641518,-4.262496,-5.033476e+03,-2.547997e+04,1.635293e+04,0.000000e+00,0.000000e+00
2,4.223835e+02,7.322249,-3.185409,-0.487684,-3.070702e+04,1.335852e+04,2.045181e+03,1.475748e-01,6.233314e+01
3,5.217633e+02,7.778017,1.716650,-0.745365,-3.625311e+04,-8.001255e+03,3.474123e+03,0.000000e+00,0.000000e+00
4,8.046534e+02,1.665659,0.080629,7.824262,-9.641180e+03,-4.666995e+02,-4.528845e+04,0.000000e+00,0.000000e+00
5,8.269403e+02,-0.671056,-1.599362,-7.809720,3.937637e+03,9.384768e+03,4.582603e+04,1.488884e+00,1.231218e+03
6,9.089317e+02,-6.981656,-1.192689,-3.719406,4.295005e+04,7.337236e+03,2.288120e+04,1.673482e+00,1.521081e+03
7,9.842030e+02,-1.641088,-5.182342,-5.869426,1.050543e+04,3.317478e+04,3.757315e+04,1.440771e+00,1.418011e+03
8,1.064989e+03,6.560286,2.016607,4.110467,-4.368527e+04,-1.342868e+04,-2.737180e+04,0.000000e+00,0.000000e+00
9,1.192550e+03,0.293739,-7.288808,3.284355,-2.069857e+03,5.136113e+04,-2.314345e+04,1.524142e+00,1.817616e+03
10,1.323177e+03,5.563296,-0.612415,-5.716177,-4.129342e+04,4.545631e+03,4.242818e+04,8.166112e-01,1.080522e+03
11,1.441613e+03,2.544165,1.250060,-7.480947,-1.971103e+04,-9.684896e+03,5.795896e+04,1.004408e+00,1.447968e+03
12,1.443606e+03,-7.351896,3.104337,0.559205,5.699850e+04,-2.406761e+04,-4.335462e+03,1.007894e+00,1.455002e+03
13,1.467391e+03,-0.622884,3.947690,6.930206,4.868777e+03,-3.085714e+04,-5.416999e+04,0.000000e+00,0.000000e+00
14,1.471934e+03,1.210798,-0.907235,7.855628,-9.478849e+03,7.102377e+03,-6.149852e+04,0.000000e+00,0.000000e+00
15,1.494053e+03,-6.738847,-0.191557,4.307116,5.315061e+04,1.510851e+03,-3.397107e+04,0.000000e+00,0.000000e+00
16,1.523265e+03,-2.248000,0.085118,7.677190,1.790292e+04,-6.778703e+02,-6.114060e+04,0.000000e+00,0.000000e+00
17,1.640200e+03,6.687549,3.341530,2.847957,-5.526562e+04,-2.761427e+04,-2.353539e+04,0.000000e+00,0.000000e+00
18,1.678883e+03,6.812767,-4.097687,0.891717,-5.696045e+04,3.426010e+04,-7.455502e+03,1.072418e+00,1.800465e+03
19,1.868510e+03,5.027028,1.636314,-6.004287,-4.434030e+04,-1.443291e+04,5.296010e+04,6.140762e-01,1.147407e+03
20,2.107932e+03,4.683261,4.704813,-4.464505,-4.387492e+04,-4.407683e+04,4.182551e+04,0.000000e+00,0.000000e+00
21,2.282288e+03,-4.172353,-4.417639,-5.203454,4.067298e+04,4.306408e+04,5.072436e+04,1.036208e+00,2.364924e+03
22,2.313527e+03,5.020097,-4.229411,4.572822,-4.927073e+04,4.151039e+04,-4.488087e+04,1.407483e+00,3.256250e+03
23,2.438487e+03,-3.708683,-0.310028,-7.081635,3.736970e+04,3.123922e+03,7.135648e+04,1.024941e+00,2.499305e+03
24,2.529850e+03,4.197759,-6.477876,2.101417,-4.308286e+04,6.648438e+04,-2.156747e+04,1.455558e+00,3.682343e+03
25,2.899756e+03,-4.164990,0.851143,6.777051,4.576509e+04,-9.352400e+03,-7.446652e+04,0.000000e+00,0.000000e+00
26,3.034484e+03,-0.746607,-0.360855,7.956907,8.392163e+03,4.056159e+03,-8.943888e+04,0.000000e+00,0.000000e+00
27,3.062677e+03,-5.686856,0.054309,-5.626431,6.421884e+04,-6.132889e+02,6.353650e+04,1.065345e+00,3.262809e+03
28,3.145159e+03,2.946127,-2.414342,-7.035005,-3.371417e+04,2.762865e+04,8.050546e+04,1.028790e+00,3.235709e+03
29,3.181079e+03,0.739100,3.100149,7.337766,-8.506097e+03,-3.567874e+04,-8.444827e+04,1.117545e-01,3.554999e+02
30,3.196468e+03,-1.186670,7.619905,2.128112,1.369004e+04,-8.790720e+04,-2.455101e+04,7.392587e-01,2.363017e+03
31,3.222295e+03,-1.367523,-5.301197,5.833283,1.584007e+04,6.140394e+04,-6.756712e+04,1.575607e-01,5.077072e+02
32,3.301825e+03,-2.925177,6.474259,-3.677949,3.429800e+04,-7.591136e+04,4.312433e+04,1.442904e+00,4.764217e+03
33,3.310033e+03,-3.138961,-6.819774,2.763622,3.685036e+04,8.006188e+04,-3.244401e+04,1.038818e+00,3.438523e+03
34,3.324917e+03,2.239337,2.983805,-7.076883,-2.634811e+04,-3.510755e+04,8.326684e+04,1.001420e+00,3.329638e+03
35,3.363483e+03,3.450468,-0.992849,7.149023,-4.083309e+04,1.174945e+04,-8.460206e+04,8.426446e-01,2.834221e+03
36,3.466816e+03,-6.581989,4.248959,-1.619805,7.907920e+04,-5.104904e+04,1.946112e+04,1.009470e+00,3.499648e+03
37,3.500617e+03,-0.972814,0.070325,-7.940320,1.174470e+04,-8.490333e+02,9.586277e+04,1.003719e+00,3.513636e+03
38,3.533175e+03,2.281723,6.986139,-3.160317,-2.767484e+04,-8.473433e+04,3.833124e+04,8.038736e-02,2.840226e+02
39,3.643659e+03,-2.697425,-3.774866,-6.517230,3.322446e+04,4.649541e+04,8.027338e+04,1.010426e+00,3.681648e+03
40,3.820888e+03,-4.715940,0.703502,6.423783,5.948263e+04,-8.873342e+03,-8.102382e+04,0.000000e+00,0.000000e+00
41,3.844467e+03,2.814009,-1.999630,7.216844,-3.560272e+04,2.529924e+04,-9.130720e+04,5.082733e-01,1.954040e+03
42,3.890361e+03,-2.377674,1.502366,-7.489297,3.026125e+04,-1.912099e+04,9.531816e+04,1.272525e+00,4.950582e+03
43,3.935360e+03,3.823259,6.212548,3.284347,-4.894019e+04,-7.952463e+04,-4.204177e+04,0.000000e+00,0.000000e+00
44,3.958861e+03,5.234348,5.945433,1.119563,-6.720281e+04,-7.633230e+04,-1.437386e+04,0.000000e+00,0.000000e+00
45,4.023057e+03,-1.628092,0.503105,-7.816406,2.107156e+04,-6.511429e+03,1.011637e+05,1.232231e+00,4.957335e+03
46,4.123630e+03,0.489114,2.204324,-7.674746,-6.408990e+03,-2.888384e+04,1.005642e+05,1.486732e+00,6.130734e+03
47,4.236971e+03,5.131721,-6.135392,-0.149679,-6.816013e+04,8.149102e+04,1.988051e+03,1.023490e+00,4.336496e+03
48,4.287915e+03,3.271781,-7.238734,0.946664,-4.371666e+04,9.672203e+04,-1.264907e+04,1.044064e+00,4.476857e+03
49,4.307852e+03,-2.812900,-3.100667,-6.817144,3.767250e+04,4.152648e+04,9.130037e+04,1.009711e+00,4.349685e+03
50,4.387354e+03,-0.337736,-1.090672,-7.918104,4.564767e+03,1.474127e+04,1.070193e+05,1.006741e+00,4.416927e+03
51,4.550134e+03,-1.954198,7.749167,-0.362658,2.689803e+04,-1.066613e+05,4.991712e+03,9.376606e-01,4.266482e+03
52,4.587126e+03,-2.594361,1.555754,-7.406006,3.585423e+04,-2.150062e+04,1.023515e+05,1.186419e+00,5.442255e+03
53,4.697880e+03,-0.791048,-6.182939,-5.014530,1.106352e+04,8.647401e+04,7.013275e+04,1.027424e+00,4.826713e+03
54,4.703490e+03,-0.129343,-0.461785,7.985614,1.810059e+03,6.462333e+03,-1.117527e+05,0.000000e+00,0.000000e+00
55,4.795684e+03,-1.607058,-0.254403,7.832793,2.270891e+04,3.594897e+03,-1.106832e+05,0.000000e+00,0.000000e+00
56,4.873399e+03,-6.710662,0.466956,-4.330008,9.559188e+04,-6.651681e+03,6.168000e+04,1.010673e+00,4.925411e+03
57,4.882384e+03,2.346184,-1.355214,-7.527205,-3.345166e+04,1.932251e+04,1.073222e+05,1.019063e+00,4.975459e+03
58,4.938923e+03,0.171423,0.205094,-7.995533,-2.458241e+03,-2.941087e+03,1.146577e+05,1.005644e+00,4.966796e+03
59,5.006083e+03,-7.536317,2.658624,-0.368302,1.088047e+05,-3.838359e+04,5.317321e+03,1.017684e+00,5.094608e+03
60,5.009596e+03,-4.242505,1.688195,-6.568953,6.127219e+04,-2.438168e+04,9.487181e+04,1.130592e+00,5.663809e+03
61,5.037670e+03,0.888879,3.604421,7.086469,-1.287351e+04,-5.220235e+04,-1.026324e+05,1.347575e+00,6.788640e+03
62,5.045601e+03,-0.016447,-0.014750,7.999969,2.383818e+02,2.137836e+02,-1.159537e+05,0.000000e+00,0.000000e+00
63,5.046885e+03,-1.097702,-7.655947,2.044880,1.591241e+04,1.109814e+05,-2.964279e+04,1.675433e+00,8.455715e+03
64,5.059559e+03,-1.661858,-3.564243,-6.966664,2.412071e+04,5.173247e+04,1.011162e+05,1.009844e+00,5.109365e+03
65,5.163834e+03,0.964335,-1.788357,7.737689,-1.414014e+04,2.622286e+04,-1.134585e+05,0.000000e+00,0.000000e+00
66,5.223852e+03,-3.414258,-3.616270,6.266214,5.035370e+04,5.333299e+04,-9.241454e+04,0.000000e+00,0.000000e+00
67,5.297143e+03,-1.004992,0.843995,-7.891620,1.492529e+04,-1.253430e+04,1.171997e+05,1.244126e+00,6.590312e+03
68,5.417440e+03,-0.750110,6.182916,5.020845,1.126579e+04,-9.286029e+04,-7.540733e+04,9.710849e-01,5.260794e+03
69,5.427744e+03,1.308996,-6.058709,5.057526,-1.967830e+04,9.108135e+04,-7.603044e+04,9.594156e-01,5.207462e+03
70,5.455547e+03,0.420072,0.029918,-7.988908,-6.331142e+03,-4.509167e+02,1.204055e+05,1.005456e+00,5.485315e+03
71,5.504750e+03,3.221498,-6.876726,2.516464,-4.877152e+04,1.041095e+05,-3.809774e+04,1.012952e+00,5.576050e+03
72,5.533672e+03,1.686799,3.409523,7.037746,-2.560412e+04,-5.175353e+04,-1.068267e+05,9.426721e-01,5.216438e+03
73,5.605888e+03,-0.113073,2.508694,7.595635,1.727512e+03,-3.832741e+04,-1.160449e+05,0.000000e+00,0.000000e+00
74,5.668117e+03,-3.185977,-3.600874,-6.394002,4.894425e+04,5.531806e+04,9.822722e+04,1.008902e+00,5.718577e+03
75,5.722407e+03,0.134997,-7.306129,-3.256110,-2.083790e+03,1.127759e+05,5.026065e+04,1.215079e+00,6.953177e+03
76,5.801252e+03,-5.495286,-3.899235,4.312516,8.540648e+04,6.060103e+04,-6.702415e+04,5.040958e-01,2.924387e+03
77,5.862782e+03,5.899259,5.363641,-0.655813,-9.216988e+04,-8.380140e+04,1.024640e+04,0.000000e+00,0.000000e+00
78,5.900861e+03,-5.470164,-3.375278,-4.762857,8.574280e+04,5.290625e+04,7.465603e+04,1.009083e+00,5.954458e+03
79,5.982973e+03,1.791848,2.890808,-7.241030,-2.828129e+04,-4.562652e+04,1.142874e+05,1.016438e+00,6.081320e+03
80,5.995286e+03,-6.277609,-2.342218,4.371000,9.918337e+04,3.700598e+04,-6.905982e+04,1.809129e-01,1.084625e+03
81,6.090198e+03,-7.571935,-1.372965,-2.186496,1.205764e+05,2.186326e+04,3.481801e+04,1.013666e+00,6.173427e+03
82,6.126799e+03,-6.661879,3.091605,3.171963,1.064028e+05,-4.937880e+04,-5.066226e+04,9.905138e-01,6.068678e+03
83,6.142974e+03,-7.093849,2.460385,2.761125,1.134517e+05,-3.934885e+04,-4.415858e+04,9.987686e-01,6.135410e+03
84,6.186343e+03,5.047648,2.703662,5.586722,-8.101133e+04,-4.339195e+04,-8.966309e+04,5.059083e-01,3.129723e+03
85,6.188340e+03,-2.693025,-5.388481,-5.264209,4.322819e+04,8.649541e+04,8.450061e+04,1.005055e+00,6.219622e+03
86,6.212821e+03,1.405850,-0.508605,-7.859065,-2.261118e+04,8.180216e+03,1.264023e+05,1.010365e+00,6.277217e+03
87,6.245863e+03,-6.778969,1.720845,-3.883848,1.093200e+05,-2.775094e+04,6.263226e+04,1.008916e+00,6.301549e+03
88,6.254830e+03,-2.867758,-2.242981,7.123552,4.627963e+04,3.619703e+04,-1.149593e+05,0.000000e+00,0.000000e+00
89,6.344753e+03,-4.435973,6.632806,-0.572730,7.210011e+04,-1.078063e+05,9.308869e+03,1.004146e+00,6.371059e+03
90,6.405028e+03,7.174651,0.675956,-3.473826,-1.171658e+05,-1.103872e+04,5.672941e+04,6.396275e-01,4.096832e+03
91,6.435408e+03,0.652891,-0.370514,-7.964700,-1.068731e+04,6.065024e+03,1.303758e+05,1.004649e+00,6.465324e+03
92,6.440614e+03,4.411012,-6.581352,1.108505,-7.223397e+04,1.077751e+05,-1.815270e+04,1.013364e+00,6.526686e+03
93,6.467948e+03,6.306729,0.880756,-4.842462,-1.034968e+05,-1.445368e+04,7.946743e+04,9.018899e-01,5.833377e+03
94,6.657676e+03,-5.186367,2.181230,-5.687163,8.635039e+04,-3.631638e+04,9.468839e+04,1.008010e+00,6.711006e+03
95,6.682006e+03,-1.870345,-5.265476,-5.725083,3.119715e+04,8.782754e+04,9.549374e+04,1.005420e+00,6.718225e+03
96,6.708368e+03,1.986786,0.053116,7.749185,-3.320467e+04,-8.877120e+02,-1.295102e+05,2.721389e-01,1.825608e+03
97,6.795807e+03,4.692670,-3.262897,-5.597531,-7.893692e+04,5.488624e+04,9.415788e+04,1.020043e+00,6.932012e+03
98,6.874733e+03,7.980185,0.318147,-0.464153,-1.350145e+05,-5.382640e+03,7.852870e+03,9.217961e-02,6.337102e+02
99,6.912163e+03,-4.827378,-1.370395,6.230444,8.189511e+04,2.324837e+04,-1.056977e+05,0.000000e+00,0.000000e+00
100,6.913852e+03,-4.424523,-4.529245,-4.889738,7.506995e+04,7.684675e+04,8.296316e+04,1.007539e+00,6.965978e+03
101,6.929860e+03,-1.392431,7.228067,3.133078,2.365242e+04,-1.227790e+05,-5.321978e+04,9.592951e-01,6.647781e+03
102,6.974222e+03,-0.945930,2.381757,7.578420,1.611931e+04,-4.058682e+04,-1.291416e+05,0.000000e+00,0.000000e+00
103,6.976248e+03,0.223793,-1.364099,7.879667,-3.814151e+03,2.324858e+04,-1.342946e+05,0.000000e+00,0.000000e+00
104,6.994120e+03,3.434875,5.433143,4.762624,-5.861613e+04,-9.271657e+04,-8.127417e+04,1.407582e-02,9.844795e+01
105,7.065837e+03,-7.906715,1.109872,-0.502035,1.356181e+05,-1.903682e+04,8.611043e+03,1.015606e+00,7.176107e+03
106,7.091851e+03,2.340350,3.234511,-6.932582,-4.021614e+04,-5.558123e+04,1.191282e+05,1.013653e+00,7.188676e+03
107,7.098410e+03,-6.093188,-3.239718,4.046886,1.047526e+05,5.569644e+04,-6.957307e+04,6.495350e-01,4.610666e+03
108,7.130819e+03,0.041514,-0.003429,7.999892,-7.153229e+02,5.908833e+01,-1.378458e+05,0.000000e+00,0.000000e+00
109,7.187821e+03,7.860149,1.466440,0.260035,-1.359781e+05,-2.536895e+04,-4.498529e+03,0.000000e+00,0.000000e+00
110,7.196338e+03,-0.550954,-7.929012,-0.909513,9.536983e+03,1.372507e+05,1.574360e+04,1.391624e+00,1.001459e+04
111,7.300721e+03,3.203255,3.104439,6.640905,-5.584883e+04,-5.412597e+04,-1.157843e+05,9.502307e-01,6.937370e+03
112,7.379029e+03,-2.323846,-2.026162,7.382033,4.073302e+04,3.551513e+04,-1.293943e+05,0.000000e+00,0.000000e+00
113,7.456440e+03,3.734379,-1.109701,-6.987344,-6.579969e+04,1.955291e+04,1.231169e+05,1.019277e+00,7.600175e+03
114,7.487555e+03,-0.440126,7.762579,1.883789,7.771182e+03,-1.370616e+05,-3.326151e+04,8.653488e-01,6.479347e+03
115,7.564304e+03,4.378848,-3.269945,-5.842358,-7.771127e+04,5.803161e+04,1.036841e+05,1.017750e+00,7.698569e+03
116,7.589351e+03,-6.627478,2.068489,-3.974655,1.178122e+05,-3.677013e+04,7.065477e+04,1.008201e+00,7.651590e+03
117,7.604104e+03,1.988965,7.659000,-1.176326,-3.539083e+04,-1.362811e+05,2.093106e+04,2.380936e-01,1.810488e+03
118,7.638239e+03,3.506436,6.987178,1.698310,-6.253198e+04,-1.246057e+05,-3.028678e+04,0.000000e+00,0.000000e+00
119,7.677540e+03,-1.508694,-3.636781,-6.964027,2.697440e+04,6.502313e+04,1.245120e+05,1.008652e+00,7.743963e+03
120,7.787934e+03,1.970158,-0.333063,7.746454,-3.547741e+04,5.997604e+03,-1.394934e+05,3.489527e-01,2.717621e+03
121,7.791420e+03,0.689484,-5.617458,5.654094,-1.241859e+04,1.011784e+05,-1.018383e+05,9.340965e-01,7.277938e+03
122,7.799041e+03,0.679332,-5.629297,-5.643539,-1.224171e+04,1.014412e+05,1.016978e+05,1.010393e+00,7.880099e+03
123,7.898313e+03,-0.379665,-0.829249,7.947842,6.885064e+03,1.503806e+04,-1.441306e+05,0.000000e+00,0.000000e+00
124,7.904181e+03,1.256900,6.985722,-3.690514,-2.280179e+04,-1.267300e+05,6.695067e+04,8.863954e-01,7.006229e+03
125,7.931041e+03,-3.704815,3.873121,5.939132,6.732421e+04,-7.038268e+04,-1.079264e+05,1.528532e-03,1.212285e+01
126,7.933402e+03,1.939804,3.324092,7.013385,-3.525553e+04,-6.041467e+04,-1.274668e+05,9.823003e-01,7.792983e+03
127,7.957794e+03,-0.668273,-1.082773,-7.898165,1.216438e+04,1.970940e+04,1.437680e+05,1.002955e+00,7.981307e+03
128,7.959505e+03,-0.326553,-0.310716,7.987291,5.944784e+03,5.656479e+03,-1.454060e+05,0.000000e+00,0.000000e+00
129,7.970433e+03,-0.236139,-1.322175,7.886450,4.301787e+03,2.408627e+04,-1.436687e+05,0.000000e+00,0.000000e+00
130,8.030893e+03,-1.619242,-0.196034,7.831962,2.960965e+04,3.584709e+03,-1.432162e+05,0.000000e+00,0.000000e+00
131,8.096149e+03,6.803295,-0.982203,4.092733,-1.249103e+05,1.803351e+04,-7.514365e+04,1.017304e+00,8.236248e+03
132,8.113471e+03,-0.173309,-4.098469,6.868225,3.185393e+03,7.532943e+04,-1.262372e+05,3.226685e-01,2.617962e+03
133,8.172276e+03,5.337228,-2.123817,5.568070,-9.845253e+04,3.917674e+04,-1.027107e+05,1.025003e+00,8.376604e+03
134,8.222747e+03,2.746156,2.706712,7.009446,-5.081282e+04,-5.008299e+04,-1.296976e+05,1.009138e+00,8.297883e+03
135,8.302703e+03,5.784728,4.497865,3.210316,-1.075554e+05,-8.362880e+04,-5.968940e+04,0.000000e+00,0.000000e+00
136,8.307589e+03,-3.623317,6.871674,-1.910933,6.738815e+04,-1.278026e+05,3.554042e+04,1.003720e+00,8.338490e+03
137,8.385631e+03,0.335329,-6.466532,-4.698034,-6.265831e+03,1.208312e+05,8.778567e+04,1.009751e+00,8.467398e+03
138,8.414693e+03,6.667964,-2.873476,3.358778,-1.248108e+05,5.378564e+04,-6.286952e+04,1.031925e+00,8.683334e+03
139,8.482216e+03,-5.267370,1.527715,5.824165,9.898928e+04,-2.871022e+04,-1.094531e+05,0.000000e+00,0.000000e+00
140,8.518577e+03,-5.566107,2.988485,4.907893,1.048274e+05,-5.628261e+04,-9.243113e+04,2.795897e-01,2.381707e+03
141,8.537490e+03,1.670856,7.793192,-0.688766,-3.150241e+04,-1.469333e+05,1.298603e+04,3.974225e-01,3.392991e+03
142,8.553503e+03,4.123892,-4.758839,-4.934265,-7.782496e+04,8.980751e+04,9.311811e+04,1.014009e+00,8.673331e+03
143,8.605294e+03,-5.880614,5.329272,1.008581,1.113128e+05,-1.008766e+05,-1.909120e+04,1.015962e+00,8.742650e+03
144,8.645957e+03,0.022812,-0.077874,7.999588,-4.328185e+02,1.477544e+03,-1.517798e+05,0.000000e+00,0.000000e+00
145,8.651047e+03,-2.262729,-3.809050,6.661171,4.294441e+04,7.229207e+04,-1.264226e+05,0.000000e+00,0.000000e+00
146,8.716296e+03,0.898578,1.006916,-7.885346,-1.711832e+04,-1.918222e+04,1.502195e+05,1.385113e+00,1.207305e+04
147,8.859367e+03,-5.581992,-4.386361,3.687981,1.072087e+05,8.424524e+04,-7.083202e+04,9.243582e-01,8.189228e+03
148,8.873871e+03,-3.970780,-0.241261,-6.940799,7.632592e+04,4.637490e+03,1.334153e+05,1.007990e+00,8.944770e+03
149,8.938619e+03,-3.505684,6.430856,-3.217805,6.763129e+04,-1.240634e+05,6.207756e+04,1.005354e+00,8.986478e+03
150,8.961519e+03,5.165588,1.375553,-5.951853,-9.978155e+04,-2.657100e+04,1.149695e+05,1.003949e+00,8.996908e+03
151,8.970653e+03,-5.071835,-0.618175,6.155839,9.802047e+04,1.194712e+04,-1.189704e+05,0.000000e+00,0.000000e+00
152,9.021493e+03,5.404407,3.381950,-4.832680,-1.047435e+05,-6.554598e+04,9.366275e+04,7.012359e-01,6.326194e+03
153,9.026585e+03,-0.548850,7.402680,2.983136,1.064032e+04,-1.435127e+05,-5.783283e+04,9.284118e-01,8.380388e+03
154,9.073550e+03,0.868495,7.915798,0.765414,-1.688091e+04,-1.538590e+05,-1.487732e+04,6.564688e-01,5.956502e+03
155,9.100980e+03,0.850194,-0.122427,7.953753,-1.655015e+04,2.383204e+03,-1.548303e+05,0.000000e+00,0.000000e+00
156,9.130393e+03,7.520041,1.514936,-2.270232,-1.466238e+05,-2.953783e+04,4.426440e+04,9.222923e-02,8.420892e+02
157,9.220379e+03,-3.810239,6.974450,-0.916042,7.465626e+04,-1.366545e+05,1.794855e+04,1.004606e+00,9.262849e+03
158,9.278060e+03,-0.682417,0.472718,-7.956811,1.341276e+04,-9.291178e+03,1.563894e+05,1.143721e+00,1.061151e+04
159,9.346227e+03,2.420279,-2.659374,7.146326,-4.774448e+04,5.246108e+04,-1.409745e+05,8.301996e-01,7.759234e+03
160,9.350920e+03,-1.086357,-1.305200,-7.817690,2.143578e+04,2.575395e+04,1.542571e+05,1.006872e+00,9.415176e+03
161,9.374558e+03,3.112701,-7.142885,-1.813914,-6.149679e+04,1.411201e+05,3.583701e+04,1.010332e+00,9.471420e+03
162,9.427898e+03,3.532770,-1.265604,7.065252,-6.999427e+04,2.507523e+04,-1.399828e+05,9.451518e-01,8.910795e+03
163,9.549305e+03,-1.325689,1.987725,7.634887,2.643426e+04,-3.963527e+04,-1.522398e+05,0.000000e+00,0.000000e+00
164,9.607230e+03,3.442712,0.487875,-7.204840,-6.885562e+04,-9.757694e+03,1.440997e+05,1.017936e+00,9.779546e+03
165,9.649085e+03,-2.965848,-5.778083,-4.670921,5.944722e+04,1.158154e+05,9.362359e+04,1.005005e+00,9.697381e+03
166,9.659561e+03,2.524196,6.615119,3.724062,-5.062225e+04,-1.326649e+05,-7.468532e+04,1.285540e-01,1.241775e+03
167,9.663832e+03,3.253195,3.968374,6.137486,-6.525660e+04,-7.960254e+04,-1.231133e+05,7.994921e-01,7.726157e+03
168,9.670711e+03,-0.566991,-0.340221,7.972626,1.137746e+04,6.826997e+03,-1.599817e+05,0.000000e+00,0.000000e+00
169,9.676094e+03,0.149098,-1.918530,7.765115,-2.992693e+03,3.850865e+04,-1.558610e+05,0.000000e+00,0.000000e+00
170,9.723494e+03,6.969729,-3.523550,1.734205,-1.402383e+05,7.089756e+04,-3.489404e+04,1.027675e+00,9.992593e+03
171,9.829099e+03,3.711637,-6.627020,-2.511247,-7.508652e+04,1.340648e+05,5.080260e+04,1.010914e+00,9.936376e+03
172,9.920939e+03,-3.856612,-0.470881,6.993198,7.838302e+04,9.570333e+03,-1.421320e+05,0.000000e+00,0.000000e+00
173,1.004700e+04,-7.107808,-3.585696,-0.788571,1.453763e+05,7.333837e+04,1.612868e+04,1.017032e+00,1.021812e+04
174,1.011702e+04,-3.936734,-6.856639,-1.220096,8.079825e+04,1.407269e+05,2.504148e+04,1.000628e+00,1.012338e+04
175,1.017704e+04,-3.844038,-6.785346,-1.783942,7.912942e+04,1.396762e+05,3.672239e+04,1.508510e+00,1.535216e+04
176,1.018387e+04,-7.462068,2.883449,-0.057170,1.536580e+05,-5.937565e+04,1.177231e+03,1.013286e+00,1.031918e+04
177,1.021806e+04,7.823438,1.576964,-0.554071,-1.613695e+05,-3.252713e+04,1.142851e+04,0.000000e+00,0.000000e+00
178,1.024083e+04,2.579255,0.577544,7.550754,-5.326004e+04,-1.192594e+04,-1.559185e+05,7.953423e-01,8.144964e+03
179,1.024585e+04,-7.122436,-2.405076,-2.736148,1.471100e+05,4.967554e+04,5.651365e+04,1.009540e+00,1.034360e+04
180,1.030367e+04,1.102864,-7.916546,0.334641,-2.284325e+04,1.639727e+05,-6.931313e+03,1.006010e+00,1.036560e+04
181,1.030522e+04,-2.613075,-7.553984,0.330414,5.412777e+04,1.564748e+05,-6.844259e+03,1.324318e+00,1.364739e+04
182,1.031026e+04,-1.502766,-5.922363,5.164040,3.113622e+04,1.227071e+05,-1.069951e+05,9.411279e-01,9.703276e+03
183,1.034765e+04,-1.497277,7.821302,-0.765115,3.107868e+04,-1.623452e+05,1.588135e+04,9.884140e-01,1.022776e+04
184,1.035259e+04,0.698623,7.595753,-2.411734,-1.450464e+04,-1.577012e+05,5.007184e+04,9.133941e-01,9.455991e+03
185,1.038499e+04,3.737721,-2.047118,-6.770432,-7.772300e+04,4.256823e+04,1.407859e+05,1.014634e+00,1.053697e+04
186,1.039966e+04,0.307098,2.464520,-7.604724,-6.390381e+03,-5.128396e+04,1.582460e+05,1.222081e+00,1.270923e+04
187,1.045087e+04,-0.927665,-1.302713,-7.838519,1.935117e+04,2.717469e+04,1.635121e+05,1.006951e+00,1.052351e+04
188,1.049608e+04,0.752094,-0.923614,-7.910834,-1.572264e+04,1.930830e+04,1.653772e+05,1.002897e+00,1.052649e+04
189,1.087982e+04,4.608779,4.491541,-4.752390,-9.809266e+04,-9.559739e+04,1.011492e+05,7.368877e-01,8.017208e+03
190,1.091729e+04,1.924504,1.546566,7.609495,-4.103136e+04,-3.297352e+04,-1.622381e+05,6.878780e-01,7.509760e+03
191,1.092236e+04,-3.090432,4.573565,-5.790659,6.590480e+04,-9.753324e+04,1.234883e+05,1.005596e+00,1.098347e+04
192,1.092607e+04,-3.785099,6.808027,-1.823126,8.073260e+04,-1.452088e+05,3.888557e+04,1.005533e+00,1.098652e+04
193,1.108809e+04,0.189435,0.615520,-7.974036,-4.070314e+03,-1.322543e+04,1.713350e+05,1.134805e+00,1.258282e+04
194,1.118681e+04,-4.595798,0.235815,-6.543931,9.918676e+04,-5.089379e+03,1.412315e+05,1.007806e+00,1.127414e+04
195,1.119923e+04,1.945146,3.047247,7.136574,-4.200355e+04,-6.580235e+04,-1.541074e+05,9.647970e-01,1.080498e+04
196,1.123843e+04,-5.687188,5.299866,1.888731,1.230241e+05,-1.146456e+05,-4.085663e+04,1.019022e+00,1.145221e+04
197,1.124561e+04,-0.873270,-1.222746,7.857626,1.889643e+04,2.645864e+04,-1.700288e+05,0.000000e+00,0.000000e+00
198,1.132893e+04,1.955079,-1.464903,-7.617856,-4.246181e+04,3.181582e+04,1.654500e+05,1.010623e+00,1.144928e+04
199,1.141931e+04,0.376154,0.692406,7.961098,-8.202115e+03,-1.509802e+04,-1.735931e+05,0.000000e+00,0.000000e+00
200,1.143813e+04,-6.059473,-0.851309,5.153452,1.322367e+05,1.857824e+04,-1.124645e+05,5.635732e-08,6.446225e-04
201,1.157303e+04,-3.809684,-2.313621,-6.643303,8.362808e+04,5.078733e+04,1.458301e+05,1.007649e+00,1.166155e+04
202,1.159550e+04,7.203019,-2.858607,-1.986172,-1.582701e+05,6.281146e+04,4.364166e+04,1.024485e+00,1.187942e+04
203,1.161483e+04,3.286179,-3.055602,6.623015,-7.226654e+04,6.719590e+04,-1.456471e+05,9.751570e-01,1.132628e+04
204,1.162030e+04,-0.352280,-1.780937,7.791288,7.748828e+03,3.917392e+04,-1.713790e+05,0.000000e+00,0.000000e+00
205,1.162717e+04,1.615382,-1.535002,7.683379,-3.554284e+04,3.377425e+04,-1.690554e+05,4.985855e-01,5.797141e+03
206,1.172716e+04,-5.913534,3.407758,-4.173404,1.306722e+05,-7.530173e+04,9.222033e+04,1.006968e+00,1.180888e+04
207,1.179122e+04,2.046017,-4.891914,-5.990241,-4.533446e+04,1.083922e+05,1.327283e+05,1.009642e+00,1.190492e+04
208,1.179827e+04,6.362149,-4.838131,0.339926,-1.410109e+05,1.072325e+05,-7.534132e+03,1.017327e+00,1.200270e+04
209,1.186560e+04,-4.775571,4.628750,-4.446190,1.061475e+05,-1.028841e+05,9.882628e+04,1.006708e+00,1.194519e+04
210,1.188570e+04,7.068539,3.704118,0.561486,-1.572468e+05,-8.240184e+04,-1.249083e+04,0.000000e+00,0.000000e+00
211,1.193083e+04,0.045545,0.603886,-7.977045,-1.015109e+03,-1.345954e+04,1.777940e+05,1.079132e+00,1.287494e+04
212,1.196982e+04,-3.043305,-6.595860,3.351557,6.794052e+04,1.472498e+05,-7.482212e+04,1.027806e+00,1.230265e+04
213,1.200398e+04,0.502892,-1.760744,7.787611,-1.124287e+04,3.936394e+04,-1.741031e+05,1.726943e-05,2.073019e-01
214,1.203119e+04,-7.958959,0.809253,0.008612,1.781354e+05,-1.811249e+04,-1.927564e+02,1.013682e+00,1.219580e+04
215,1.206525e+04,3.235410,-1.452446,7.170950,-7.251656e+04,3.255427e+04,-1.607254e+05,9.445844e-01,1.139665e+04
216,1.215323e+04,6.713295,3.708374,2.275879,-1.510154e+05,-8.341979e+04,-5.119584e+04,0.000000e+00,0.000000e+00
217,1.221744e+04,4.538790,-1.069774,6.500382,-1.023693e+05,2.412803e+04,-1.466117e+05,1.013905e+00,1.238733e+04
218,1.232507e+04,2.573490,7.336695,-1.884157,-5.829844e+04,-1.662015e+05,4.268267e+04,4.261646e-01,5.252511e+03
219,1.243512e+04,-6.288199,-3.754896,3.218589,1.430840e+05,8.544027e+04,-7.323695e+04,9.866014e-01,1.226851e+04
220,1.251787e+04,-2.914532,-2.121245,7.141836,6.653861e+04,4.842792e+04,-1.630477e+05,0.000000e+00,0.000000e+00
221,1.252014e+04,7.626264,-0.220451,2.406555,-1.741230e+05,5.033349e+03,-5.494650e+04,8.773378e-01,1.098440e+04
222,1.263252e+04,3.124006,-6.690369,3.078888,-7.164675e+04,1.534386e+05,-7.061200e+04,1.007131e+00,1.272260e+04
223,1.268680e+04,-7.109834,0.908231,-3.553221,1.634087e+05,-2.087429e+04,8.166536e+04,1.008041e+00,1.278881e+04
224,1.270415e+04,2.187449,-6.873847,3.459088,-5.030956e+04,1.580929e+05,-7.955623e+04,1.005853e+00,1.277851e+04
225,1.282885e+04,-1.777196,3.035171,7.185354,4.107418e+04,-7.014821e+04,-1.660664e+05,0.000000e+00,0.000000e+00
226,1.283767e+04,-3.334252,-5.791020,4.398506,7.708700e+04,1.338868e+05,-1.016923e+05,9.736440e-01,1.249932e+04
227,1.298358e+04,-1.576694,-1.179938,-7.753824,3.665931e+04,2.743443e+04,1.802822e+05,1.007403e+00,1.307970e+04
228,1.298808e+04,-5.870558,-0.611979,5.400188,1.365185e+05,1.423144e+04,-1.255802e+05,0.000000e+00,0.000000e+00
229,1.299155e+04,3.660068,-6.310564,-3.283395,-8.512544e+04,1.467704e+05,7.636482e+04,1.009822e+00,1.311915e+04
230,1.299869e+04,-3.632833,0.980451,7.059833,8.451523e+04,-2.280948e+04,-1.642419e+05,0.000000e+00,0.000000e+00
231,1.303165e+04,-2.420990,-4.151399,-6.395677,5.639394e+04,9.670165e+04,1.489793e+05,1.007436e+00,1.312855e+04
232,1.307600e+04,-1.626413,6.564361,4.273634,3.794966e+04,-1.531685e+05,-9.971821e+04,1.016058e+00,1.328597e+04
233,1.308433e+04,-1.025773,-5.226421,5.969281,2.394234e+04,1.219887e+05,-1.393277e+05,8.785862e-01,1.149571e+04
234,1.309291e+04,-1.287214,1.314030,7.785654,3.005442e+04,-3.068054e+04,-1.817828e+05,0.000000e+00,0.000000e+00
235,1.313284e+04,-7.102676,-3.136467,1.927320,1.660890e+05,7.334317e+04,-4.506848e+04,1.014377e+00,1.332165e+04
236,1.316525e+04,-1.926773,6.949773,3.462399,4.511125e+04,-1.627140e+05,-8.106462e+04,1.010283e+00,1.330063e+04
237,1.328237e+04,-6.724679,-4.233269,0.926353,1.581426e+05,9.955274e+04,-2.178482e+04,1.013995e+00,1.346825e+04
238,1.330175e+04,1.187257,-0.432062,7.899604,-2.794079e+04,1.016810e+04,-1.859086e+05,1.716144e-01,2.282772e+03
239,1.330539e+04,-2.727642,-1.877026,-7.282633,6.420086e+04,4.417980e+04,1.714123e+05,1.007366e+00,1.340340e+04
240,1.335008e+04,3.166322,2.442675,-6.928762,-7.465117e+04,-5.759001e+04,1.633568e+05,1.015817e+00,1.356124e+04
241,1.336143e+04,-0.258123,-0.398901,7.985878,6.088261e+03,9.408744e+03,-1.883600e+05,0.000000e+00,0.000000e+00
242,1.339647e+04,2.717930,7.501813,-0.579366,-6.419085e+04,-1.771744e+05,1.368322e+04,1.157125e-01,1.550139e+03
243,1.340940e+04,-0.739148,-3.847785,-6.974827,1.746529e+04,9.091911e+04,1.648078e+05,1.007767e+00,1.351355e+04
244,1.341398e+04,-3.865412,-6.081415,-3.474909,9.135119e+04,1.437219e+05,8.212243e+04,1.364435e+00,1.830249e+04
245,1.341973e+04,-6.637783,-1.478300,4.213605,1.569042e+05,3.494411e+04,-9.960138e+04,7.387744e-01,9.914152e+03
246,1.359613e+04,-5.714159,2.164523,5.163644,1.359564e+05,-5.150027e+04,-1.228580e+05,1.527269e-01,2.076495e+03
247,1.364604e+04,2.913773,2.642569,-6.966115,-6.945424e+04,-6.298966e+04,1.660480e+05,1.014985e+00,1.385053e+04
248,1.366866e+04,-3.956976,6.894140,-0.901761,9.439869e+04,-1.644685e+05,2.151265e+04,1.006435e+00,1.375662e+04
249,1.368977e+04,5.006809,-2.360250,5.775905,-1.195360e+05,5.635024e+04,-1.378980e+05,1.015473e+00,1.390159e+04
250,1.372915e+04,-4.599614,-3.199236,5.710380,1.099722e+05,7.649055e+04,-1.365295e+05,2.530459e-02,3.474105e+02
251,1.375183e+04,1.307779,3.718623,-6.961433,-3.129350e+04,-8.898199e+04,1.665784e+05,1.273121e+00,1.750775e+04
252,1.381131e+04,-4.907418,-4.800223,-4.107932,1.176821e+05,1.151115e+05,9.851002e+04,1.008156e+00,1.392396e+04
253,1.392254e+04,1.962169,-2.056008,7.478150,-4.724276e+04,4.950210e+04,-1.800499e+05,7.861622e-01,1.094537e+04
254,1.392913e+04,-3.547655,-7.079408,1.138476,8.543641e+04,1.704899e+05,-2.741735e+04,1.639662e+00,2.283907e+04
255,1.393485e+04,3.445595,0.708343,-7.185132,-8.299562e+04,-1.706218e+04,1.730715e+05,1.015237e+00,1.414718e+04
256,1.397678e+04,-0.791340,-1.271991,7.858487,1.909001e+04,3.068507e+04,-1.895755e+05,0.000000e+00,0.000000e+00
257,1.398072e+04,-0.775773,4.138291,6.802406,1.871712e+04,-9.984479e+04,-1.641220e+05,7.909656e-01,1.105826e+04
258,1.401910e+04,6.112235,-4.604543,-2.332116,-1.476725e+05,1.112465e+05,5.634429e+04,1.014822e+00,1.422690e+04
259,1.411862e+04,-2.832839,-7.279131,-1.728952,6.868432e+04,1.764880e+05,4.191974e+04,1.466635e+00,2.070685e+04
260,1.412633e+04,-4.368329,1.906569,6.425162,1.059423e+05,-4.623882e+04,-1.558254e+05,0.000000e+00,0.000000e+00
261,1.418997e+04,-0.780684,5.499524,5.757236,1.897604e+04,-1.336766e+05,-1.399408e+05,1.016167e+00,1.441938e+04
262,1.428126e+04,-0.956726,0.139527,-7.941361,2.332976e+04,-3.402359e+03,1.936501e+05,1.070199e+00,1.528378e+04
263,1.429339e+04,1.027145,4.945784,-6.203563,-2.505759e+04,-1.206542e+05,1.513382e+05,1.083752e+00,1.549049e+04
264,1.436918e+04,7.544232,-1.934260,-1.828443,-1.845316e+05,4.731191e+04,4.472363e+04,1.020336e+00,1.466139e+04
265,1.440092e+04,5.511253,5.798614,-0.046589,-1.349538e+05,-1.419904e+05,1.140833e+03,0.000000e+00,0.000000e+00
266,1.442049e+04,-2.906038,-0.092404,7.452946,7.120837e+04,2.264233e+03,-1.826239e+05,9.805817e-01,1.414047e+04
267,1.450946e+04,-3.657629,-6.546063,2.787617,8.990109e+04,1.608961e+05,-6.851699e+04,1.341543e+00,1.946506e+04
268,1.451557e+04,1.475687,-2.640992,7.405910,-3.627865e+04,6.492676e+04,-1.820687e+05,7.466535e-01,1.083810e+04
269,1.454611e+04,-2.187607,-2.935659,-7.113106,5.383720e+04,7.224683e+04,1.750541e+05,1.007309e+00,1.465243e+04
270,1.456435e+04,5.712046,4.463137,3.384218,-1.406620e+05,-1.099070e+05,-8.333811e+04,0.000000e+00,0.000000e+00
271,1.464051e+04,-1.488819,-7.598080,-2.013106,3.675867e+04,1.875952e+05,4.970320e+04,1.255009e+00,1.837397e+04
272,1.468957e+04,2.232571,3.382729,6.897302,-5.521404e+04,-8.365876e+04,-1.705782e+05,1.008966e+00,1.482128e+04
273,1.471208e+04,-1.324354,-2.458209,-7.496886,3.277788e+04,6.084088e+04,1.855485e+05,1.007353e+00,1.482025e+04
274,1.478972e+04,-3.534062,5.428438,-4.694941,8.769883e+04,-1.347083e+05,1.165064e+05,1.007116e+00,1.489496e+04
275,1.482130e+04,1.616431,-5.985075,5.056286,-4.015502e+04,1.486799e+05,-1.256072e+05,1.000098e+00,1.482276e+04
276,1.499193e+04,0.878699,1.597419,7.789489,-2.195375e+04,-3.991051e+04,-1.946155e+05,3.142117e-01,4.710639e+03
277,1.505375e+04,0.004247,-3.954922,6.954033,-1.063184e+02,9.901478e+04,-1.741000e+05,6.901195e-01,1.038889e+04
278,1.507876e+04,1.137209,-7.745235,1.648664,-2.849461e+04,1.940694e+05,-4.130994e+04,1.006872e+00,1.518238e+04
279,1.514617e+04,5.362727,-2.551490,5.360136,-1.346718e+05,6.407445e+04,-1.346068e+05,1.016745e+00,1.539980e+04
280,1.518036e+04,1.322715,-4.801797,6.260445,-3.325424e+04,1.207215e+05,-1.573931e+05,9.684033e-01,1.470071e+04
281,1.528439e+04,-1.303267,1.214213,-7.799178,3.287736e+04,-3.063083e+04,1.967490e+05,1.011487e+00,1.545997e+04
282,1.541609e+04,-5.352966,-4.813528,3.489371,1.356192e+05,1.219524e+05,-8.840442e+04,9.965683e-01,1.536319e+04
283,1.546924e+04,1.569279,4.621406,-6.338768,-3.982669e+04,-1.172866e+05,1.608715e+05,1.006509e+00,1.556994e+04
284,1.557011e+04,2.798230,0.322303,7.487725,-7.124738e+04,-8.206347e+03,-1.906493e+05,9.293280e-01,1.446973e+04
285,1.557039e+04,-4.207704,-6.160491,2.888526,1.071358e+05,1.568573e+05,-7.354711e+04,1.017235e+00,1.583874e+04
286,1.570713e+04,-1.039439,1.854915,-7.712254,2.658196e+04,-4.743642e+04,1.972284e+05,1.201811e+00,1.887699e+04
287,1.571080e+04,-3.166980,2.506309,-6.905697,8.099983e+04,-6.410228e+04,1.766227e+05,1.007341e+00,1.582613e+04
288,1.575263e+04,0.993763,1.053058,-7.867878,-2.545066e+04,-2.696922e+04,2.014994e+05,1.365964e+00,2.151752e+04
289,1.595624e+04,-4.664137,6.247907,-1.791503,1.202199e+05,-1.610421e+05,4.617665e+04,1.006494e+00,1.605985e+04
290,1.599453e+04,2.423298,-3.604547,-6.718249,-6.253630e+04,9.301995e+04,1.733730e+05,1.009058e+00,1.613942e+04
291,1.617823e+04,-6.539600,2.811649,3.650789,1.697291e+05,-7.297367e+04,-9.475277e+04,1.004026e+00,1.624336e+04
292,1.618311e+04,5.025398,-2.799089,-5.559719,-1.304491e+05,7.265867e+04,1.443190e+05,1.013541e+00,1.640224e+04
293,1.619883e+04,1.240743,-7.406160,-2.758506,-3.222282e+04,1.923422e+05,7.163998e+04,1.008029e+00,1.632889e+04
294,1.631422e+04,-1.217373,2.832326,7.382136,3.172828e+04,-7.381865e+04,-1.923999e+05,0.000000e+00,0.000000e+00
295,1.635280e+04,2.065105,2.292374,7.381082,-5.388623e+04,-5.981652e+04,-1.925998e+05,9.385326e-01,1.534764e+04
296,1.637460e+04,0.026162,-7.933407,1.029745,-6.831110e+02,2.071499e+05,-2.688777e+04,1.002638e+00,1.641779e+04
297,1.638471e+04,0.644201,6.669928,-4.370019,-1.682599e+04,-1.742128e+05,1.141412e+05,1.002374e+00,1.642361e+04
298,1.639663e+04,1.796339,-2.338910,7.436576,-4.693591e+04,6.111255e+04,-1.943077e+05,8.262186e-01,1.354720e+04
299,1.648771e+04,1.413916,-0.517158,7.857060,-3.704620e+04,1.355013e+04,-2.058638e+05,4.850686e-01,7.997672e+03
300,1.648837e+04,3.311977,4.064441,6.042444,-8.677922e+04,-1.064950e+05,-1.583219e+05,8.890940e-01,1.465971e+04
301,1.651170e+04,-1.091223,-0.784409,7.886313,2.861207e+04,2.056733e+04,-2.067805e+05,0.000000e+00,0.000000e+00
302,1.662674e+04,0.304804,-0.738417,7.960015,-8.019811e+03,1.942876e+04,-2.094388e+05,0.000000e+00,0.000000e+00
303,1.664792e+04,6.783840,-1.097755,-4.095662,-1.786057e+05,2.890181e+04,1.078310e+05,1.019818e+00,1.697785e+04
304,1.670402e+04,0.568382,7.663344,-2.224881,-1.498961e+04,-2.021010e+05,5.867552e+04,9.720704e-01,1.623749e+04
305,1.672029e+04,1.099213,7.815808,1.305710,-2.900305e+04,-2.062222e+05,-3.445150e+04,8.157864e-01,1.364018e+04
306,1.674875e+04,7.295080,-3.266004,-0.339163,-1.926464e+05,8.624771e+04,8.956532e+03,1.021086e+00,1.710192e+04
307,1.682251e+04,4.782930,-5.817906,-2.697324,-1.265841e+05,1.539755e+05,7.138684e+04,1.009867e+00,1.698851e+04
308,1.687751e+04,-5.116458,-5.052888,-3.505734,1.356324e+05,1.339472e+05,9.293363e+04,1.227924e+00,2.072431e+04
309,1.688199e+04,4.793751,0.790172,6.355752,-1.270945e+05,-2.094946e+04,-1.685072e+05,1.005680e+00,1.697787e+04
310,1.695435e+04,-2.750960,-1.095679,7.431804,7.309109e+04,2.911143e+04,-1.974579e+05,0.000000e+00,0.000000e+00
311,1.701626e+04,5.140953,6.035819,-1.067470,-1.368407e+05,-1.606601e+05,2.841367e+04,0.000000e+00,0.000000e+00
312,1.703400e+04,5.498422,-4.750148,3.347155,-1.464320e+05,1.265043e+05,-8.914025e+04,1.011950e+00,1.723756e+04
313,1.704630e+04,-0.657096,2.056968,-7.703058,1.750586e+04,-5.480023e+04,2.052192e+05,9.965132e-01,1.698687e+04
314,1.708323e+04,4.663046,-0.880451,-6.440560,-1.243639e+05,2.348172e+04,1.717704e+05,1.015017e+00,1.733977e+04
315,1.712500e+04,-6.223075,2.077465,-4.577934,1.661728e+05,-5.547390e+04,1.222431e+05,1.007141e+00,1.724728e+04
316,1.716467e+04,-7.468918,1.512057,2.434944,1.996710e+05,-4.042271e+04,-6.509481e+04,1.017463e+00,1.746442e+04
317,1.718870e+04,-7.818840,1.634129,-0.441998,2.091720e+05,-4.371670e+04,1.182447e+04,1.010136e+00,1.736293e+04
318,1.719921e+04,2.691216,-1.974276,7.270460,-7.201823e+04,5.283256e+04,-1.945610e+05,9.445963e-01,1.624631e+04
319,1.728367e+04,-2.864979,-7.122665,2.249342,7.685623e+04,1.910733e+05,-6.034108e+04,1.393533e+00,2.408536e+04
320,1.737480e+04,4.464043,0.888101,6.579027,-1.200682e+05,-2.388702e+04,-1.769543e+05,1.009792e+00,1.754493e+04
321,1.740687e+04,-1.194013,7.579172,2.265058,3.214467e+04,-2.040430e+05,-6.097886e+04,9.983608e-01,1.737833e+04
322,1.751990e+04,-1.266585,-7.201865,-3.244827,3.420896e+04,1.945138e+05,8.763893e+04,1.001035e+00,1.753804e+04
323,1.765616e+04,7.086876,0.012261,3.711608,-1.921510e+05,-3.324350e+02,-1.006352e+05,9.503496e-01,1.677953e+04
324,1.766666e+04,-6.726946,0.329631,4.317354,1.824462e+05,-8.940150e+03,-1.170940e+05,7.942339e-01,1.403146e+04
325,1.767866e+04,4.853115,5.718693,2.782773,-1.316694e+05,-1.551533e+05,-7.549917e+04,0.000000e+00,0.000000e+00
326,1.769254e+04,5.043380,1.856454,-5.926035,-1.368852e+05,-5.038704e+04,1.608418e+05,1.013446e+00,1.793044e+04
327,1.774932e+04,0.022167,-0.005407,-7.999967,-6.026107e+02,1.469962e+02,2.174797e+05,1.122173e+00,1.991782e+04
328,1.775459e+04,-2.746797,3.791520,6.486870,7.468295e+04,-1.030881e+05,-1.763722e+05,1.071038e+00,1.901583e+04
329,1.776286e+04,-4.564717,-1.258775,6.448166,1.241395e+05,3.423293e+04,-1.753607e+05,0.000000e+00,0.000000e+00
330,1.779445e+04,-7.515586,-0.651349,-2.663027,2.045714e+05,1.772947e+04,7.248657e+04,1.008046e+00,1.793762e+04
331,1.780055e+04,1.066240,-3.393630,7.165641,-2.902761e+04,9.238914e+04,-1.950794e+05,8.430214e-01,1.500624e+04
332,1.780311e+04,-7.711394,-1.161066,-1.785028,2.099522e+05,3.161146e+04,4.859960e+04,1.008634e+00,1.795681e+04
333,1.784680e+04,-1.624747,-3.381320,-7.065895,4.429000e+04,9.217350e+04,1.926136e+05,1.007155e+00,1.797450e+04
334,1.787862e+04,-2.840976,5.011981,-5.550577,7.751294e+04,-1.367465e+05,1.514415e+05,1.007557e+00,1.801374e+04
335,1.789017e+04,-6.454193,4.518919,-1.386640,1.761525e+05,-1.233336e+05,3.784519e+04,1.007185e+00,1.801871e+04
336,1.792203e+04,-5.636116,-4.937610,-2.802536,1.539619e+05,1.348808e+05,7.655691e+04,1.427819e+00,2.558942e+04
337,1.793873e+04,6.834414,1.739375,3.776952,-1.867827e+05,-4.753666e+04,-1.032231e+05,9.529265e-01,1.709429e+04
338,1.794644e+04,3.684478,6.843295,1.895769,-1.007175e+05,-1.870656e+05,-5.182200e+04,0.000000e+00,0.000000e+00
339,1.803384e+04,-0.897708,-7.242447,3.277360,2.459909e+04,1.984582e+05,-8.980653e+04,1.001660e+00,1.806378e+04
340,1.809921e+04,6.619548,4.005479,2.034139,-1.817180e+05,-1.099573e+05,-5.584060e+04,0.000000e+00,0.000000e+00
341,1.811463e+04,-3.570307,6.978655,-1.597275,9.805278e+04,-1.916576e+05,4.386661e+04,1.006692e+00,1.823584e+04
342,1.812951e+04,-1.474952,-0.299270,7.857159,4.052384e+04,8.222336e+03,-2.158730e+05,0.000000e+00,0.000000e+00
343,1.819354e+04,6.085490,5.042877,-1.239435,-1.674919e+05,-1.387959e+05,3.411317e+04,0.000000e+00,0.000000e+00
344,1.826156e+04,1.033745,1.063223,7.861357,-2.850506e+04,-2.931790e+04,-2.167735e+05,4.105505e-01,7.497292e+03
345,1.828276e+04,2.993234,-1.695441,-7.222605,-8.258503e+04,4.677818e+04,1.992758e+05,1.010025e+00,1.846605e+04
346,1.833009e+04,-3.537191,-1.132185,-7.085650,9.771932e+04,3.127802e+04,1.957500e+05,1.007121e+00,1.846061e+04
347,1.833323e+04,-0.344930,-0.577808,-7.971647,9.529925e+03,1.596404e+04,2.202456e+05,1.000823e+00,1.834831e+04
348,1.844371e+04,3.352841,5.235600,5.034575,-9.291304e+04,-1.450876e+05,-1.395168e+05,6.156330e-01,1.135455e+04
349,1.848365e+04,-1.282095,-0.906574,7.844384,3.556753e+04,2.514994e+04,-2.176168e+05,0.000000e+00,0.000000e+00
350,1.856613e+04,5.888928,-1.938245,5.056059,-1.637331e+05,5.389011e+04,-1.405764e+05,1.018307e+00,1.890601e+04
351,1.858697e+04,-4.239772,1.968325,6.492305,1.179469e+05,-5.475714e+04,-1.806105e+05,0.000000e+00,0.000000e+00
352,1.860897e+04,0.395629,-6.839209,-4.131429,-1.101258e+04,1.903736e+05,1.150009e+05,1.007699e+00,1.875225e+04
353,1.862691e+04,-1.642265,-3.690557,6.905270,4.573548e+04,1.027784e+05,-1.923051e+05,1.844607e-01,3.435933e+03
354,1.866181e+04,0.084365,-0.045736,7.999424,-2.351692e+03,1.274907e+03,-2.229848e+05,0.000000e+00,0.000000e+00
355,1.870060e+04,3.013632,6.215899,-4.034925,-8.409259e+04,-1.734488e+05,1.125908e+05,9.110337e-01,1.703688e+04
356,1.876964e+04,-7.909007,-0.872267,0.828711,2.211004e+05,2.438469e+04,-2.316705e+04,1.013277e+00,1.901884e+04
357,1.879825e+04,6.556064,4.374293,1.372438,-1.834178e+05,-1.223788e+05,-3.839646e+04,8.341962e-01,1.568143e+04
358,1.879841e+04,-1.668497,-2.359703,-7.459754,4.667943e+04,6.601726e+04,2.087011e+05,1.007049e+00,1.893092e+04
359,1.880398e+04,0.115309,0.387014,7.989801,-3.226477e+03,-1.082906e+04,-2.235633e+05,0.000000e+00,0.000000e+00
360,1.881520e+04,6.079507,4.970696,-1.527014,-1.701619e+05,-1.391270e+05,4.274026e+04,0.000000e+00,0.000000e+00
361,1.883300e+04,0.021339,0.753571,7.964400,-5.975513e+02,-2.110200e+04,-2.230245e+05,0.000000e+00,0.000000e+00
362,1.895352e+04,5.978695,-5.181353,-1.186925,-1.679542e+05,1.455552e+05,3.334324e+04,1.011569e+00,1.917279e+04
363,1.896719e+04,-1.577448,0.128657,-7.841881,4.432985e+04,-3.615562e+03,2.203746e+05,1.004061e+00,1.904423e+04
364,1.902023e+04,-5.335053,-1.693029,-5.715843,1.501365e+05,4.764440e+04,1.608525e+05,1.007255e+00,1.915823e+04
365,1.906694e+04,3.484112,6.576213,2.935027,-9.816854e+04,-1.852918e+05,-8.269750e+04,1.320280e-03,2.517370e+01
366,1.910085e+04,6.353854,-1.335074,4.673983,-1.791856e+05,3.765054e+04,-1.318115e+05,1.018270e+00,1.944983e+04
367,1.911356e+04,4.373811,-3.597411,5.650523,-1.233873e+05,1.014847e+05,-1.594040e+05,1.008668e+00,1.927924e+04
368,1.917906e+04,3.384659,-5.366378,-4.872995,-9.564631e+04,1.516473e+05,1.377049e+05,1.008729e+00,1.934647e+04
369,1.922496e+04,-2.238006,-0.373230,7.671508,6.331893e+04,1.055964e+04,-2.170467e+05,0.000000e+00,0.000000e+00
370,1.923325e+04,1.320625,-6.452490,4.541071,-3.737192e+04,1.825969e+05,-1.285063e+05,1.004620e+00,1.932211e+04
371,1.926911e+04,0.298871,-7.174170,-3.527317,-8.465521e+03,2.032086e+05,9.991137e+04,1.007564e+00,1.941487e+04
372,1.933079e+04,4.483746,6.529669,1.122253,-1.272054e+05,-1.852489e+05,-3.183869e+04,0.000000e+00,0.000000e+00
373,1.933260e+04,4.013511,6.542799,2.254664,-1.138700e+05,-1.856301e+05,-6.396855e+04,0.000000e+00,0.000000e+00
374,1.933503e+04,0.181781,0.317699,-7.991622,-5.157748e+03,-9.014226e+03,2.267499e+05,1.032301e+00,1.995957e+04
375,1.942882e+04,-3.597612,6.209913,3.534710,1.023239e+05,-1.766235e+05,-1.005349e+05,1.017449e+00,1.976784e+04
376,1.944605e+04,-3.163782,6.494164,-3.437488,9.002473e+04,-1.847900e+05,9.781299e+04,1.007125e+00,1.958461e+04
377,1.945525e+04,1.891721,0.456461,7.759706,-5.384127e+04,-1.299157e+04,-2.208530e+05,7.837174e-01,1.524742e+04
378,1.946344e+04,-5.696085,0.318069,5.608337,1.621534e+05,-9.054626e+03,-1.596554e+05,0.000000e+00,0.000000e+00
379,1.948013e+04,-0.022720,-0.035121,7.999891,6.470601e+02,1.000243e+03,-2.278346e+05,0.000000e+00,0.000000e+00
380,1.951054e+04,0.897960,0.659934,-7.922004,-2.559360e+04,-1.880940e+04,2.257924e+05,1.192935e+00,2.327481e+04
381,1.952118e+04,1.450416,2.466874,7.470664,-4.135092e+04,-7.032984e+04,-2.129864e+05,8.693847e-01,1.697141e+04
382,1.952512e+04,4.954043,-1.240315,6.157847,-1.412525e+05,3.536460e+04,-1.755761e+05,1.014898e+00,1.981600e+04
383,1.955572e+04,-0.158556,5.529019,5.779689,4.524369e+03,-1.577701e+05,-1.649230e+05,1.013665e+00,1.982296e+04
384,1.970339e+04,-3.424337,-1.094310,-7.146775,9.808140e+04,3.134372e+04,2.047011e+05,1.007048e+00,1.984226e+04
385,1.973041e+04,-2.267266,-0.858526,-7.623807,6.498456e+04,2.460714e+04,2.185142e+05,1.006987e+00,1.986826e+04
386,1.984263e+04,0.002617,-0.042895,-7.999885,-7.521768e+01,1.232956e+03,2.299445e+05,1.101654e+00,2.185971e+04
387,2.006331e+04,-4.056894,4.054849,-5.576720,1.172559e+05,-1.171968e+05,1.611832e+05,1.006975e+00,2.020326e+04
388,2.006403e+04,0.738825,-7.182802,-3.444051,-2.135456e+04,2.076073e+05,9.954475e+04,1.007611e+00,2.021675e+04
389,2.013042e+04,2.663047,1.998638,-7.274175,-7.709832e+04,-5.786292e+04,2.105959e+05,1.076454e+00,2.166947e+04
390,2.017431e+04,5.752272,-2.663892,4.880066,-1.667165e+05,7.720681e+04,-1.414375e+05,1.015729e+00,2.049163e+04
391,2.029205e+04,4.009472,-0.624718,-6.894481,-1.165440e+05,1.815878e+04,2.004030e+05,1.012474e+00,2.054517e+04
392,2.033338e+04,1.992466,4.997675,-5.920585,-5.797429e+04,-1.454161e+05,1.722698e+05,1.010799e+00,2.055296e+04
393,2.042899e+04,7.243095,1.492324,3.051318,-2.112454e+05,-4.352376e+04,-8.899192e+04,4.048748e-01,8.271184e+03
394,2.047741e+04,2.668590,7.150045,-2.399060,-7.792180e+04,-2.087786e+05,7.005164e+04,7.647113e-01,1.565931e+04
395,2.055273e+04,-4.910333,-1.577694,-6.115514,1.436433e+05,4.615270e+04,1.788988e+05,1.007141e+00,2.069950e+04
396,2.058356e+04,-0.739484,-2.764313,-7.470725,2.164855e+04,8.092583e+04,2.187070e+05,1.007088e+00,2.072945e+04
397,2.063880e+04,7.995497,-0.268310,0.005701,-2.343837e+05,7.865350e+03,-1.671331e+02,9.216632e-01,1.902202e+04
398,2.069201e+04,-0.065108,-6.620456,-4.490582,1.911070e+03,1.943251e+05,1.318086e+05,1.007434e+00,2.084582e+04
399,2.071693e+04,2.949242,5.464031,5.044437,-8.661893e+04,-1.604780e+05,-1.481546e+05,7.564118e-01,1.567053e+04
400,2.080905e+04,6.441213,-4.039467,2.488672,-1.895978e+05,1.189022e+05,-7.325436e+04,1.014693e+00,2.111479e+04
401,2.087005e+04,6.469606,-4.547304,-1.210877,-1.907126e+05,1.340465e+05,3.569450e+04,1.013015e+00,2.114169e+04
402,2.088000e+04,-0.445717,5.381154,5.902925,1.314207e+04,-1.586647e+05,-1.740492e+05,1.010949e+00,2.110861e+04
403,2.100950e+04,-4.053682,6.795263,1.179856,1.198939e+05,-2.009805e+05,-3.489608e+04,1.008959e+00,2.119773e+04
404,2.103216e+04,-2.141480,-3.732819,-6.743895,6.337175e+04,1.104634e+05,1.995687e+05,1.006962e+00,2.117860e+04
405,2.106155e+04,-5.526311,-1.485594,-5.590429,1.636515e+05,4.399315e+04,1.655503e+05,1.007176e+00,2.121270e+04
406,2.111333e+04,0.418419,-7.647722,2.310254,-1.240594e+04,2.267515e+05,-6.849797e+04,1.006598e+00,2.125263e+04
407,2.112793e+04,-2.066407,-6.684017,-3.879932,6.128920e+04,1.982466e+05,1.150780e+05,1.000544e+00,2.113943e+04
408,2.114901e+04,-1.071946,6.404593,4.672486,3.180956e+04,-1.900536e+05,-1.386541e+05,1.013663e+00,2.143796e+04
409,2.116386e+04,2.318007,-0.684647,-7.626146,-6.881007e+04,2.032375e+04,2.263822e+05,1.005221e+00,2.127436e+04
410,2.127309e+04,7.581652,-1.237950,2.232943,-2.256414e+05,3.684327e+04,-6.645576e+04,1.009805e+00,2.148168e+04
411,2.132768e+04,2.165811,-7.277269,-2.520045,-6.454047e+04,2.168602e+05,7.509651e+04,1.007672e+00,2.149132e+04
412,2.134310e+04,1.402549,1.159208,7.790320,-4.181060e+04,-3.455650e+04,-2.322329e+05,7.009070e-01,1.495953e+04
413,2.135464e+04,-5.601067,5.040199,2.687832,1.670154e+05,-1.502911e+05,-8.014712e+04,1.016616e+00,2.170947e+04
414,2.139390e+04,-6.044218,-2.354009,-4.682528,1.803951e+05,7.025753e+04,1.397543e+05,1.007044e+00,2.154459e+04
415,2.144551e+04,7.486126,0.524995,2.771695,-2.236995e+05,-1.568783e+04,-8.282346e+04,8.251216e-01,1.769516e+04
416,2.147833e+04,-5.475368,-2.397646,5.317109,1.637394e+05,7.170094e+04,-1.590067e+05,3.744490e-01,8.042538e+03
417,2.158820e+04,2.389143,3.850793,-6.592677,-7.162917e+04,-1.154511e+05,1.976558e+05,1.010060e+00,2.180537e+04
418,2.160859e+04,2.561788,6.674228,-3.590532,-7.684154e+04,-2.001953e+05,1.076990e+05,9.337004e-01,2.017595e+04
419,2.179728e+04,6.663701,3.282952,2.969397,-2.007503e+05,-9.890205e+04,-8.945591e+04,0.000000e+00,0.000000e+00
420,2.189644e+04,-5.021819,0.212960,6.223823,1.516308e+05,-6.430202e+03,-1.879246e+05,0.000000e+00,0.000000e+00
421,2.196411e+04,-1.604886,2.120080,-7.545171,4.853340e+04,-6.411340e+04,2.281737e+05,1.059636e+00,2.327398e+04
422,2.198444e+04,-0.415586,0.167114,-7.987450,1.257356e+04,-5.056028e+03,2.416604e+05,1.069481e+00,2.351193e+04
423,2.202126e+04,-3.084133,-1.611634,7.203524,9.338860e+04,4.880083e+04,-2.181252e+05,0.000000e+00,0.000000e+00
424,2.203282e+04,-2.052684,0.002126,7.732172,6.217227e+04,-6.439061e+01,-2.341942e+05,0.000000e+00,0.000000e+00
425,2.216526e+04,3.439249,6.537975,3.070253,-1.044816e+05,-1.986183e+05,-9.327176e+04,3.845051e-02,8.522654e+02
426,2.228579e+04,2.847409,4.793011,5.737535,-8.673682e+04,-1.460031e+05,-1.747749e+05,9.209317e-01,2.052369e+04
427,2.228748e+04,1.449958,-5.481566,5.643585,-4.416981e+04,1.669840e+05,-1.719195e+05,1.000124e+00,2.229023e+04
428,2.242186e+04,-7.602561,-2.460387,-0.384143,2.322926e+05,7.517595e+04,1.173731e+04,1.009189e+00,2.262790e+04
429,2.243792e+04,-4.597382,6.173985,2.178528,1.405211e+05,-1.887107e+05,-6.658770e+04,1.011965e+00,2.270638e+04
430,2.252395e+04,6.743615,-3.948945,-1.711576,-2.065165e+05,1.209325e+05,5.241531e+04,1.014200e+00,2.284379e+04
431,2.263357e+04,-3.707747,2.675269,-6.564720,1.138220e+05,-8.212659e+04,2.015266e+05,1.007020e+00,2.279246e+04
432,2.265310e+04,3.061947,0.856444,7.341048,-9.403751e+04,-2.630282e+04,-2.254559e+05,9.935860e-01,2.250780e+04
433,2.271582e+04,4.757272,-0.931683,6.363987,-1.463059e+05,2.865312e+04,-1.957191e+05,1.013329e+00,2.301859e+04
434,2.273461e+04,3.185197,-5.735393,4.578187,-9.799857e+04,1.764601e+05,-1.408565e+05,1.006515e+00,2.288274e+04
435,2.288245e+04,6.891313,-0.654829,4.010112,-2.127125e+05,2.021246e+04,-1.237791e+05,1.007157e+00,2.304623e+04
436,2.290636e+04,5.850032,3.331672,-4.321700,-1.806658e+05,-1.028916e+05,1.334665e+05,8.780945e-01,2.011395e+04
437,2.301340e+04,1.119466,3.778066,6.962256,-3.465300e+04,-1.169498e+05,-2.155163e+05,9.846823e-01,2.266088e+04
438,2.302367e+04,1.016135,2.965754,-7.360148,-3.146141e+04,-9.182523e+04,2.278838e+05,9.986842e-01,2.299338e+04
439,2.303352e+04,4.717286,3.024770,5.709464,-1.460871e+05,-9.367250e+04,-1.768134e+05,8.414006e-01,1.938041e+04
440,2.310524e+04,-3.204926,-0.345061,-7.321843,9.940607e+04,1.070263e+04,2.270991e+05,1.006926e+00,2.326528e+04
441,2.315673e+04,-0.273761,-0.190360,-7.993048,8.500605e+03,5.910919e+03,2.481937e+05,1.004243e+00,2.325499e+04
442,2.330008e+04,2.944149,-5.981320,-4.422193,-9.170187e+04,1.863011e+05,1.377387e+05,1.007943e+00,2.348514e+04
443,2.330516e+04,-5.259375,-5.461369,2.551946,1.638324e+05,1.701246e+05,-7.949451e+04,1.005984e+00,2.344462e+04
444,2.346556e+04,-6.994585,3.842372,0.558530,2.186337e+05,-1.201032e+05,-1.745828e+04,1.009953e+00,2.369911e+04
445,2.350049e+04,2.488612,-5.890209,4.807520,-7.784582e+04,1.842506e+05,-1.503832e+05,1.005754e+00,2.363572e+04
446,2.353545e+04,-7.701798,1.253593,1.763748,2.410977e+05,-3.924257e+04,-5.521250e+04,1.014767e+00,2.388299e+04
447,2.355241e+04,-6.854911,1.576051,-3.811333,2.146640e+05,-4.935461e+04,1.193533e+05,1.007008e+00,2.371747e+04
448,2.361324e+04,-6.392909,-2.638911,-4.020804,2.004546e+05,8.274507e+04,1.260754e+05,1.006863e+00,2.377531e+04
449,2.364594e+04,-3.542657,-5.038346,5.105355,1.111596e+05,1.580906e+05,-1.601931e+05,9.569767e-01,2.262861e+04
450,2.368291e+04,1.478442,0.048150,7.862054,-4.642602e+04,-1.512018e+03,-2.468842e+05,7.012840e-01,1.660845e+04
451,2.369646e+04,1.260062,5.581070,5.591413,-3.957976e+04,-1.753068e+05,-1.756317e+05,9.968108e-01,2.362089e+04
452,2.375391e+04,-0.592366,-7.949602,0.673004,1.862932e+04,2.500072e+05,-2.116532e+04,1.002357e+00,2.380988e+04
453,2.383772e+04,5.018928,-2.634764,5.645208,-1.581186e+05,8.300681e+04,-1.778492e+05,1.011838e+00,2.411992e+04
454,2.391069e+04,-3.216586,-7.295545,0.654676,1.014918e+05,2.301937e+05,-2.065676e+04,1.448101e+00,3.462510e+04
455,2.394141e+04,-3.959029,-0.159040,-6.949877,1.249981e+05,5.021363e+03,2.194278e+05,1.006959e+00,2.410801e+04
456,2.394438e+04,3.551532,-0.606017,7.142784,-1.121391e+05,1.913491e+04,-2.255324e+05,1.000726e+00,2.396177e+04
457,2.402520e+04,-4.201162,3.196301,-6.011148,1.328748e+05,-1.010930e+05,1.901212e+05,1.006905e+00,2.419109e+04
458,2.407849e+04,-6.981847,2.053250,-3.322345,2.210674e+05,-6.501240e+04,1.051960e+05,1.006937e+00,2.424553e+04
459,2.415008e+04,-0.303207,-6.028625,5.250118,9.614754e+03,1.911689e+05,-1.664823e+05,9.996875e-01,2.414253e+04
460,2.415841e+04,2.095549,4.483075,-6.285755,-6.646172e+04,-1.421837e+05,1.993569e+05,1.012120e+00,2.445121e+04
461,2.422888e+04,3.387074,1.786693,-7.023920,-1.075799e+05,-5.674875e+04,2.230930e+05,1.012138e+00,2.452296e+04
462,2.424416e+04,1.271136,-0.459347,-7.884999,-4.038640e+04,1.459434e+04,2.505215e+05,1.005609e+00,2.438015e+04
463,2.425049e+04,-2.938783,2.859396,-6.869309,9.338292e+04,-9.086032e+04,2.182795e+05,1.007097e+00,2.442258e+04
464,2.428283e+04,0.452245,3.343246,-7.253839,-1.438013e+04,-1.063060e+05,2.306520e+05,1.067689e+00,2.592652e+04
465,2.429215e+04,3.070899,-0.899480,-7.332156,-9.766483e+04,2.860645e+04,2.331870e+05,1.009600e+00,2.452537e+04
466,2.429532e+04,0.005054,-7.732527,2.051343,-1.607417e+02,2.459362e+05,-6.524379e+04,1.006614e+00,2.445602e+04
467,2.431318e+04,-5.971658,4.129634,3.359379,1.900008e+05,-1.313929e+05,-1.068857e+05,1.018260e+00,2.475714e+04
468,2.433544e+04,1.201914,4.035192,-6.802399,-3.825892e+04,-1.284469e+05,2.165316e+05,1.101151e+00,2.679699e+04
469,2.458667e+04,7.551159,-1.646253,2.066362,-2.416034e+05,5.267275e+04,-6.611438e+04,1.017193e+00,2.500938e+04
470,2.464182e+04,-1.208981,-7.621836,2.108550,3.872536e+04,2.441381e+05,-6.753983e+04,1.000805e+00,2.466167e+04
471,2.464501e+04,-0.251538,-0.190993,-7.993763,8.057631e+03,6.118184e+03,2.560681e+05,1.002270e+00,2.470096e+04
472,2.465918e+04,3.180172,0.083985,7.340262,-1.019013e+05,-2.691110e+03,-2.352018e+05,9.932521e-01,2.449278e+04
473,2.471219e+04,-2.373461,-4.870555,5.885947,7.613379e+04,1.562334e+05,-1.888042e+05,9.051760e-01,2.236888e+04
474,2.477610e+04,-1.493080,-3.211825,7.173207,4.795557e+04,1.031592e+05,-2.303931e+05,7.225487e-02,1.790193e+03
475,2.481216e+04,-1.493646,-1.067797,7.786452,4.800867e+04,3.432105e+04,-2.502716e+05,0.000000e+00,0.000000e+00
476,2.494886e+04,1.735135,5.699218,-5.339309,-5.592401e+04,-1.836878e+05,1.720878e+05,1.009284e+00,2.518048e+04
477,2.497668e+04,5.623981,-1.511433,-5.485108,-1.813639e+05,4.874116e+04,1.768855e+05,1.013999e+00,2.532634e+04
478,2.502574e+04,0.834142,3.781614,-7.000258,-2.692608e+04,-1.220704e+05,2.259681e+05,1.229278e+00,3.076359e+04
479,2.506021e+04,1.177640,5.896073,5.277261,-3.804035e+04,-1.904561e+05,-1.704671e+05,9.919567e-01,2.485864e+04
480,2.522088e+04,3.806785,-6.359596,-3.010636,-1.233611e+05,2.060864e+05,9.756140e+04,1.007900e+00,2.542014e+04
481,2.523378e+04,-5.866284,1.595628,-5.200066,1.901489e+05,-5.172047e+04,1.685543e+05,1.006921e+00,2.540844e+04
482,2.530383e+04,-2.156579,1.315295,7.590729,7.000003e+04,-4.269294e+04,-2.463862e+05,0.000000e+00,0.000000e+00
483,2.532511e+04,-5.078069,2.168276,5.788938,1.648974e+05,-7.040927e+04,-1.879811e+05,3.410634e-02,8.637467e+02
484,2.538593e+04,-5.355402,-5.836880,-1.118258,1.741118e+05,1.897654e+05,3.635618e+04,1.005963e+00,2.553732e+04
485,2.556902e+04,1.062762,0.575084,7.908212,-3.467631e+04,-1.876411e+04,-2.580329e+05,5.581302e-01,1.427084e+04
486,2.557895e+04,-6.870494,1.295853,3.888070,2.242172e+05,-4.228990e+04,-1.268864e+05,9.849109e-01,2.519298e+04
487,2.557940e+04,3.727133,-4.880647,5.127160,-1.216353e+05,1.592804e+05,-1.673253e+05,1.007002e+00,2.575851e+04
488,2.563312e+04,-0.915827,-3.033262,-7.345787,2.991947e+04,9.909465e+04,2.399820e+05,1.006877e+00,2.580939e+04
489,2.567107e+04,3.300232,7.246107,-0.776149,-1.078962e+05,-2.369007e+05,2.537503e+04,2.224941e-01,5.711663e+03
490,2.570191e+04,-0.833462,-5.325349,5.911515,2.726515e+04,1.742089e+05,-1.933843e+05,9.775527e-01,2.512497e+04
491,2.580078e+04,0.325948,4.225136,-6.785424,-1.068327e+04,-1.384831e+05,2.223991e+05,1.082689e+00,2.793423e+04
492,2.581709e+04,0.654058,-0.715285,7.941069,-2.144420e+04,2.345161e+04,-2.603588e+05,2.630858e-01,6.792111e+03
493,2.581855e+04,-7.165601,0.554334,3.513812,2.349407e+05,-1.817511e+04,-1.152084e+05,1.000167e+00,2.582285e+04
494,2.582834e+04,3.368958,5.700118,4.489853,-1.104800e+05,-1.869269e+05,-1.472380e+05,5.826310e-01,1.504839e+04
495,2.591256e+04,1.354176,1.873034,-7.658848,-4.448054e+04,-6.152341e+04,2.515696e+05,9.975313e-01,2.584859e+04
496,2.593999e+04,-3.426804,-2.226855,-6.877364,1.126196e+05,7.318407e+04,2.260198e+05,1.006812e+00,2.611669e+04
497,2.604797e+04,1.860424,7.508202,-2.041011,-6.126867e+04,-2.472649e+05,6.721589e+04,9.292332e-01,2.420464e+04
498,2.605043e+04,3.697341,5.444776,4.547976,-1.217690e+05,-1.793193e+05,-1.497839e+05,4.935496e-01,1.285718e+04
499,2.624019e+04,-0.594838,0.644638,7.951768,1.966174e+04,-2.130782e+04,-2.628372e+05,0.000000e+00,0.000000e+00
500,2.639799e+04,4.842090,2.103575,-6.010752,-1.605307e+05,-6.974020e+04,1.992755e+05,1.014598e+00,2.678335e+04
501,2.653449e+04,-0.267932,0.776652,-7.957702,8.905737e+03,-2.581496e+04,2.645043e+05,1.090118e+00,2.892573e+04
502,2.653550e+04,-1.201254,-3.532104,7.076809,3.992898e+04,1.174050e+05,-2.352290e+05,4.533739e-01,1.203050e+04
503,2.663200e+04,-6.077909,-2.651056,-4.475591,2.023931e+05,8.827963e+04,1.490363e+05,1.006746e+00,2.681166e+04
504,2.677426e+04,-3.764076,0.995730,6.988580,1.256773e+05,-3.324606e+04,-2.333390e+05,0.000000e+00,0.000000e+00
505,2.678155e+04,4.575822,0.359012,-6.552325,-1.528012e+05,-1.198853e+04,2.188028e+05,1.013524e+00,2.714374e+04
506,2.678534e+04,-7.164634,-3.020008,-1.883499,2.392667e+05,1.008547e+05,6.290045e+04,1.002377e+00,2.684901e+04
507,2.680825e+04,-1.079136,-7.922214,-0.272022,3.605371e+04,2.646796e+05,9.088217e+03,1.000232e+00,2.681446e+04
508,2.683809e+04,-7.618552,1.217699,-2.115388,2.546760e+05,-4.070571e+04,7.071403e+04,1.007340e+00,2.703509e+04
509,2.697989e+04,-1.079060,-6.989541,3.739245,3.616639e+04,2.342655e+05,-1.253267e+05,1.006506e+00,2.715542e+04
510,2.721561e+04,5.402764,1.135048,-5.789802,-1.818715e+05,-3.820878e+04,1.949003e+05,1.015693e+00,2.764271e+04
511,2.722632e+04,-3.289734,2.112668,6.979562,1.107630e+05,-7.113206e+04,-2.349970e+05,0.000000e+00,0.000000e+00
512,2.729274e+04,4.012554,0.888171,6.863714,-1.352646e+05,-2.994056e+04,-2.313782e+05,1.010467e+00,2.757841e+04
513,2.730113e+04,4.049542,-1.399825,-6.755864,-1.365324e+05,4.719583e+04,2.277775e+05,1.010248e+00,2.758092e+04
514,2.750661e+04,-1.966457,3.440604,-6.949481,6.654916e+04,-1.164375e+05,2.351855e+05,1.007360e+00,2.770906e+04
515,2.757271e+04,-1.376563,0.531166,7.862756,4.664182e+04,-1.799741e+04,-2.664123e+05,0.000000e+00,0.000000e+00
516,2.758143e+04,-3.008924,-3.843364,6.338370,1.019669e+05,1.302445e+05,-2.147957e+05,5.056313e-01,1.394603e+04
517,2.764575e+04,-2.740740,-6.778882,3.245783,9.298686e+04,2.299916e+05,-1.101218e+05,1.001204e+00,2.767904e+04
518,2.771775e+04,3.156946,3.106695,-6.661992,-1.072471e+05,-1.055400e+05,2.263199e+05,1.013080e+00,2.808029e+04
519,2.779473e+04,-5.760443,-1.500480,-5.344704,1.959642e+05,5.104476e+04,1.818212e+05,1.006918e+00,2.798701e+04
520,2.784056e+04,-6.062070,-1.956317,-4.839848,2.063952e+05,6.660670e+04,1.647822e+05,1.006866e+00,2.803171e+04
521,2.796223e+04,-1.160492,-6.286763,-4.809353,3.959749e+04,2.145125e+05,1.641014e+05,1.006865e+00,2.815420e+04
522,2.806318e+04,-3.233032,2.953004,6.695317,1.105142e+05,-1.009420e+05,-2.288649e+05,1.930446e-10,5.417447e-06
523,2.823794e+04,-2.158276,6.097987,-4.707059,7.400534e+04,-2.090945e+05,1.614008e+05,1.007807e+00,2.845839e+04
524,2.825462e+04,-4.262434,0.261178,6.764868,1.461982e+05,-8.958220e+03,-2.320298e+05,0.000000e+00,0.000000e+00
525,2.830301e+04,0.799308,7.929568,-0.695027,-2.743912e+04,-2.722109e+05,2.385931e+04,9.743444e-01,2.757688e+04
526,2.832808e+04,-3.618977,5.787948,-4.171650,1.242894e+05,-1.987801e+05,1.432703e+05,1.006894e+00,2.852338e+04
527,2.838271e+04,-3.502600,-2.436664,-6.767161,1.204085e+05,8.376492e+04,2.326339e+05,1.006747e+00,2.857421e+04
528,2.849137e+04,3.198605,1.081088,7.252598,-1.101684e+05,-3.723553e+04,-2.497985e+05,1.003903e+00,2.860257e+04
529,2.856618e+04,0.345414,-0.439227,7.980462,-1.191259e+04,1.514798e+04,-2.752287e+05,6.615011e-02,1.889655e+03
530,2.857132e+04,-0.392521,2.420784,7.614836,1.353843e+04,-8.349508e+04,-2.626427e+05,3.003873e-01,8.582464e+03
531,2.858487e+04,0.954808,-4.658504,-6.433248,-3.294002e+04,1.607142e+05,2.219413e+05,1.007166e+00,2.878971e+04
532,2.861865e+04,7.330218,0.796575,-3.103767,-2.530353e+05,-2.749736e+04,1.071404e+05,9.786415e-01,2.800740e+04
533,2.871026e+04,-2.567944,6.256452,4.273461,8.878585e+04,-2.163149e+05,-1.477535e+05,1.014210e+00,2.911822e+04
534,2.882883e+04,2.311909,-5.408781,-5.422191,-8.009842e+04,1.873927e+05,1.878573e+05,1.007467e+00,2.904410e+04
535,2.895130e+04,4.595877,4.878900,4.367408,-1.595666e+05,-1.693930e+05,-1.516343e+05,1.837445e-01,5.319641e+03
536,2.896234e+04,2.266358,1.737477,-7.472937,-7.870186e+04,-6.033587e+04,2.595062e+05,1.182336e+00,3.424321e+04
537,2.896714e+04,-2.226363,-1.990990,-7.421541,7.731940e+04,6.914512e+04,2.577428e+05,1.006716e+00,2.916167e+04
538,2.916481e+04,-3.310268,3.229659,-6.527743,1.153539e+05,-1.125449e+05,2.274743e+05,1.006934e+00,2.936704e+04
539,2.917329e+04,-0.942540,-1.261488,7.843486,3.284975e+04,4.396585e+04,-2.733641e+05,0.000000e+00,0.000000e+00
540,2.920790e+04,-5.783371,-3.767518,4.044556,2.016837e+05,1.313848e+05,-1.410460e+05,9.925026e-01,2.898892e+04
541,2.926511e+04,-0.016779,3.828743,7.024275,5.857229e+02,-1.336506e+05,-2.451976e+05,9.196813e-01,2.691457e+04
542,2.934943e+04,-0.393880,-1.749928,7.796320,1.376903e+04,6.117300e+04,-2.725393e+05,6.008671e-06,1.763511e-01
543,2.940291e+04,2.131758,5.001672,5.868466,-7.458863e+04,-1.750048e+05,-2.053333e+05,9.906764e-01,2.912877e+04
544,2.953561e+04,2.485965,6.611065,3.756834,-8.717813e+04,-2.318377e+05,-1.317452e+05,7.597490e-01,2.243965e+04
545,2.962643e+04,-0.203865,0.455225,-7.984435,7.160133e+03,-1.598843e+04,2.804294e+05,1.013009e+00,3.001183e+04
546,2.967968e+04,-0.928955,-1.509050,-7.801270,3.265608e+04,5.304847e+04,2.742424e+05,1.006757e+00,2.988022e+04
547,2.973063e+04,1.605760,-6.930256,-3.659656,-5.649659e+04,2.438322e+05,1.287603e+05,1.007221e+00,2.994533e+04
548,2.977978e+04,2.424158,5.250514,5.527708,-8.536137e+04,-1.848852e+05,-1.946460e+05,9.626342e-01,2.866704e+04
549,2.985149e+04,7.896657,1.214743,0.408904,-2.783979e+05,-4.282596e+04,-1.441597e+04,4.344699e-01,1.296957e+04
550,2.987986e+04,2.758477,-0.568227,-7.487852,-9.729674e+04,2.004244e+04,2.641108e+05,1.006567e+00,3.007609e+04
551,2.994261e+04,3.089394,-3.319797,6.590493,-1.090832e+05,1.172184e+05,-2.327032e+05,1.002144e+00,3.000679e+04
552,3.014887e+04,0.656689,4.280023,-6.726824,-2.326671e+04,-1.516426e+05,2.383336e+05,1.130202e+00,3.407432e+04
553,3.020218e+04,-4.188196,-1.180155,6.713140,1.485203e+05,4.185024e+04,-2.380590e+05,0.000000e+00,0.000000e+00
554,3.038632e+04,4.831657,-3.814132,5.109549,-1.718600e+05,1.356671e+05,-1.817445e+05,1.009183e+00,3.066534e+04
555,3.044851e+04,-3.921013,5.272553,-4.563534,1.396114e+05,-1.877343e+05,1.624890e+05,1.006758e+00,3.065429e+04
556,3.051806e+04,5.346849,1.486528,5.762069,-1.905970e+05,-5.298967e+04,-2.053982e+05,9.819662e-01,2.996770e+04
557,3.053008e+04,-6.447920,-3.067776,3.607364,2.298917e+05,1.093773e+05,-1.286156e+05,1.002663e+00,3.061138e+04
558,3.055809e+04,-1.652611,6.559653,4.270811,5.894858e+04,-2.339826e+05,-1.523397e+05,1.012092e+00,3.092760e+04
559,3.075626e+04,-0.861881,-1.405467,-7.828271,3.084279e+04,5.029525e+04,2.801382e+05,1.006744e+00,3.096369e+04
560,3.080179e+04,1.836753,-6.319992,4.547971,-6.577765e+04,2.263311e+05,-1.628716e+05,1.006221e+00,3.099341e+04
561,3.099757e+04,-0.654012,1.326405,7.862119,2.349573e+04,-4.765183e+04,-2.824510e+05,0.000000e+00,0.000000e+00
562,3.118590e+04,2.706341,7.517755,-0.398834,-9.752174e+04,-2.708988e+05,1.437181e+04,6.257909e-01,1.951585e+04
563,3.134143e+04,-7.231554,-2.013785,-2.765737,2.612346e+05,7.274651e+04,9.991022e+04,1.006915e+00,3.155815e+04
564,3.144610e+04,7.154046,-0.844952,-3.479323,-2.588659e+05,3.057420e+04,1.258977e+05,1.016878e+00,3.197684e+04
565,3.150937e+04,1.481086,3.832403,6.864333,-5.364630e+04,-1.388132e+05,-2.486325e+05,1.003441e+00,3.161779e+04
566,3.154804e+04,6.840938,-3.282949,2.534525,-2.479371e+05,1.189844e+05,-9.185915e+04,1.014223e+00,3.199674e+04
567,3.164894e+04,1.558365,4.407940,-6.491653,-5.657029e+04,-1.600129e+05,2.356538e+05,1.007773e+00,3.189495e+04
568,3.165526e+04,3.509742,-6.968225,-1.767924,-1.274201e+05,2.529792e+05,6.418390e+04,1.007236e+00,3.188431e+04
569,3.172035e+04,2.321657,1.358084,7.534289,-8.437363e+04,-4.935546e+04,-2.738110e+05,9.774342e-01,3.100455e+04
570,3.177292e+04,-0.259345,-7.009340,-3.847323,9.432901e+03,2.549443e+05,1.399352e+05,1.006909e+00,3.199245e+04
571,3.180380e+04,-4.193004,-0.179432,6.810765,1.525824e+05,6.529492e+03,-2.478421e+05,0.000000e+00,0.000000e+00
572,3.186380e+04,-0.894086,7.868235,1.136433,3.256625e+04,-2.865932e+05,-4.139353e+04,1.004340e+00,3.200209e+04
573,3.187901e+04,4.024780,-1.062690,6.831679,-1.466339e+05,3.871673e+04,-2.488969e+05,1.008124e+00,3.213801e+04
574,3.188536e+04,-7.596722,-0.756234,-2.391219,2.767971e+05,2.755442e+04,8.712737e+04,1.007186e+00,3.211449e+04
575,3.194745e+04,-0.305027,-7.073996,3.723646,1.112489e+04,2.580017e+05,-1.358083e+05,1.006647e+00,3.215980e+04
576,3.196994e+04,2.394878,-0.568249,7.611941,-8.737639e+04,2.073237e+04,-2.777193e+05,9.616666e-01,3.074443e+04
577,3.198861e+04,3.818429,2.939194,-6.385980,-1.393548e+05,-1.072669e+05,2.330585e+05,1.013388e+00,3.241686e+04
578,3.210032e+04,-2.481810,2.327624,7.240358,9.073251e+04,-8.509562e+04,-2.647003e+05,0.000000e+00,0.000000e+00
579,3.234664e+04,2.435401,1.697172,7.428892,-8.937677e+04,-6.228450e+04,-2.726329e+05,9.910708e-01,3.205781e+04
580,3.237485e+04,-1.772570,-7.545912,-1.979192,6.507991e+04,2.770482e+05,7.266604e+04,9.991587e-01,3.234762e+04
581,3.243874e+04,-0.099931,-0.061365,-7.999140,3.672581e+03,2.255242e+03,2.939781e+05,1.013526e+00,3.287752e+04
582,3.261071e+04,6.797591,2.922946,3.041242,-2.504810e+05,-1.077061e+05,-1.120652e+05,7.015205e-06,2.287708e-01
583,3.271196e+04,0.031153,0.428920,-7.988433,-1.149706e+03,-1.582956e+04,2.948184e+05,1.001953e+00,3.277586e+04
584,3.272901e+04,4.805182,5.389589,-3.444206,-1.773846e+05,-1.989581e+05,1.271438e+05,7.080186e-01,2.317274e+04
585,3.275269e+04,-3.989373,-5.922190,3.607294,1.473221e+05,2.186983e+05,-1.332124e+05,1.007804e+00,3.300830e+04
586,3.281654e+04,2.981909,-2.823538,6.865556,-1.102251e+05,1.043710e+05,-2.537825e+05,1.000157e+00,3.282169e+04
587,3.284465e+04,-2.363639,0.247023,7.638861,8.740839e+04,-9.135019e+03,-2.824884e+05,5.901334e-01,1.938273e+04
588,3.292917e+04,2.115045,2.064355,7.434045,-7.831587e+04,-7.643891e+04,-2.752677e+05,9.847121e-01,3.242575e+04
589,3.301451e+04,5.163964,5.790334,1.950774,-1.914588e+05,-2.146820e+05,-7.232676e+04,0.000000e+00,0.000000e+00
590,3.302169e+04,-0.384328,7.798264,-1.743381,1.425086e+04,-2.891593e+05,6.464450e+04,1.005763e+00,3.321200e+04
591,3.309853e+04,1.436378,3.441929,7.077425,-5.332278e+04,-1.277750e+05,-2.627358e+05,9.947097e-01,3.292343e+04
592,3.313785e+04,-1.939626,-1.420648,7.630177,7.204767e+04,5.277016e+04,-2.834239e+05,0.000000e+00,0.000000e+00
593,3.317546e+04,-1.140635,1.717655,-7.729723,4.239307e+04,-6.383872e+04,2.872844e+05,1.005439e+00,3.335591e+04
594,3.324990e+04,5.064056,-2.332847,5.737000,-1.884227e+05,8.680027e+04,-2.134616e+05,1.010818e+00,3.360958e+04
595,3.328777e+04,2.382369,-7.327125,-2.153499,-8.869334e+04,2.727820e+05,8.017273e+04,1.007048e+00,3.352238e+04
596,3.330352e+04,3.026986,-7.393698,-0.413023,-1.127185e+05,2.753255e+05,1.538009e+04,1.006917e+00,3.353389e+04
597,3.362493e+04,-4.047352,-6.278228,2.864052,1.514403e+05,2.349132e+05,-1.071646e+05,1.001586e+00,3.367826e+04
598,3.383861e+04,2.688027,7.386151,-1.489725,-1.008973e+05,-2.772452e+05,5.591807e+04,8.087322e-01,2.736637e+04
599,3.386487e+04,-1.760718,-5.630968,5.402969,6.611566e+04,2.114450e+05,-2.028836e+05,9.957660e-01,3.372149e+04
600,3.394570e+04,0.947366,0.861752,7.896827,-3.561638e+04,-3.239773e+04,-2.968826e+05,6.690618e-01,2.271177e+04
601,3.396046e+04,4.612881,1.411244,-6.381984,-1.734598e+05,-5.306749e+04,2.399839e+05,1.013558e+00,3.442091e+04
602,3.419335e+04,-0.970619,5.068787,6.112716,3.662345e+04,-1.912558e+05,-2.306454e+05,1.001312e+00,3.423821e+04
603,3.435296e+04,-6.452410,-0.330185,4.717772,2.440303e+05,1.248761e+04,-1.784262e+05,8.482262e-01,2.913908e+04
604,3.437158e+04,2.736708,2.272183,7.165725,-1.035304e+05,-8.595729e+04,-2.710813e+05,1.005767e+00,3.456981e+04
605,3.438381e+04,2.921688,-5.974368,-4.446422,-1.105479e+05,2.260522e+05,1.682393e+05,1.007299e+00,3.463480e+04
606,3.454974e+04,0.585695,3.876794,6.973337,-2.221434e+04,-1.470397e+05,-2.644860e+05,9.807061e-01,3.388314e+04
607,3.465396e+04,-0.644652,-1.942466,7.733773,2.448734e+04,7.378523e+04,-2.937701e+05,3.086227e-04,1.069500e+01
608,3.469588e+04,3.743675,3.846718,5.931919,-1.422908e+05,-1.462072e+05,-2.254622e+05,9.574712e-01,3.322030e+04
609,3.469850e+04,4.588957,-5.713547,3.208871,-1.744251e+05,2.171705e+05,-1.219684e+05,1.007480e+00,3.495804e+04
610,3.479768e+04,2.003109,6.311250,-4.489508,-7.624641e+04,-2.402316e+05,1.708888e+05,1.005711e+00,3.499643e+04
611,3.480937e+04,0.028232,-0.328999,7.993182,-1.074802e+03,1.252515e+04,-3.043039e+05,3.196320e-03,1.112619e+02
612,3.488489e+04,0.395382,4.357731,6.697302,-1.506867e+04,-1.660805e+05,-2.552456e+05,9.955228e-01,3.472870e+04
613,3.503131e+04,0.970451,-0.949978,7.883893,-3.706306e+04,3.628117e+04,-3.010985e+05,6.875736e-01,2.408661e+04
614,3.512430e+04,2.598094,-1.087139,-7.487859,-9.935698e+04,4.157467e+04,2.863526e+05,1.007997e+00,3.540519e+04
615,3.513572e+04,-1.830712,3.771567,6.813500,7.002194e+04,-1.442567e+05,-2.606060e+05,7.784108e-01,2.735003e+04
616,3.516651e+04,0.186142,0.304672,-7.992029,-7.122779e+03,-1.165834e+04,3.058168e+05,1.003185e+00,3.527852e+04
617,3.533049e+04,-0.951177,-1.210424,-7.850486,3.648175e+04,4.642500e+04,3.011002e+05,1.006664e+00,3.556591e+04
618,3.533812e+04,1.364167,-7.752163,1.429343,-5.232737e+04,2.973612e+05,-5.482743e+04,1.006596e+00,3.557120e+04
619,3.534767e+04,4.756700,5.163474,3.835668,-1.824844e+05,-1.980898e+05,-1.471502e+05,2.297985e-02,8.122840e+02
620,3.543173e+04,-4.056640,4.525518,-5.202245,1.558125e+05,-1.738218e+05,1.998143e+05,1.006683e+00,3.566853e+04
621,3.544352e+04,0.474530,-3.233682,-7.301926,-1.822936e+04,1.242240e+05,2.805082e+05,1.006822e+00,3.568533e+04
622,3.546913e+04,-6.202635,3.387456,-3.748662,2.383642e+05,-1.301783e+05,1.440592e+05,1.006482e+00,3.569903e+04
623,3.549123e+04,-5.674596,-5.598757,0.672961,2.181399e+05,2.152246e+05,-2.586961e+04,1.611236e+00,5.718477e+04
624,3.553366e+04,0.731013,-5.850296,5.407370,-2.811802e+04,2.250285e+05,-2.079916e+05,1.004577e+00,3.569630e+04
625,3.555982e+04,6.663652,4.107688,-1.650042,-2.564081e+05,-1.580581e+05,6.349133e+04,5.774600e-33,2.053438e-28
626,3.573645e+04,-1.120174,3.256093,7.221016,4.320964e+04,-1.256007e+05,-2.785439e+05,5.834295e-01,2.084970e+04
627,3.575384e+04,-1.064995,-5.515316,-5.696234,4.109116e+04,2.127999e+05,2.197803e+05,1.006721e+00,3.599413e+04
628,3.584362e+04,6.065683,2.603765,-4.519723,-2.343286e+05,-1.005883e+05,1.746053e+05,9.891269e-01,3.545389e+04
629,3.599471e+04,7.734745,-0.191555,-2.033970,-2.994367e+05,7.415720e+03,7.874148e+04,1.005045e+00,3.617629e+04
630,3.601976e+04,7.859190,1.233126,0.844117,-3.043602e+05,-4.775484e+04,-3.268982e+04,5.243511e-01,1.888700e+04
631,3.603669e+04,-4.261986,2.550193,6.271522,1.650913e+05,-9.878366e+04,-2.429322e+05,1.067462e-02,3.846778e+02
632,3.604761e+04,2.242275,-3.785829,6.681295,-8.686941e+04,1.466692e+05,-2.588443e+05,9.991007e-01,3.601520e+04
633,3.604900e+04,3.272809,-7.253305,0.823579,-1.267964e+05,2.810103e+05,-3.190740e+04,1.006760e+00,3.629268e+04
634,3.609937e+04,-5.383742,4.206219,4.162096,2.087246e+05,-1.630728e+05,-1.613621e+05,1.014255e+00,3.661397e+04
635,3.612017e+04,6.772974,-4.248940,-0.270783,-2.626600e+05,1.647765e+05,1.050115e+04,1.011060e+00,3.651968e+04
636,3.613808e+04,0.845185,1.174526,-7.868046,-3.278491e+04,-4.556012e+04,3.052032e+05,9.964680e-01,3.601044e+04
637,3.614870e+04,-7.994671,-0.159624,0.244452,3.101606e+05,6.192757e+03,-9.483739e+03,1.009057e+00,3.647610e+04
638,3.621191e+04,-0.383825,2.354537,-7.636022,1.490386e+04,-9.142625e+04,2.965054e+05,1.068222e+00,3.868236e+04
639,3.621964e+04,2.312733,0.706501,-7.625754,-8.981260e+04,-2.743624e+04,2.961383e+05,1.021348e+00,3.699286e+04
640,3.622179e+04,-6.403498,-1.431840,4.576576,2.486806e+05,5.560566e+04,-1.777319e+05,9.175963e-01,3.323698e+04
641,3.623103e+04,-0.662563,0.737221,-7.938357,2.573399e+04,-2.863372e+04,3.083263e+05,1.012448e+00,3.668202e+04
642,3.639015e+04,-4.159243,-6.509867,-2.079023,1.618996e+05,2.533983e+05,8.092651e+04,1.297379e+00,4.721181e+04
643,3.639596e+04,-7.319225,-0.782806,3.133076,2.849255e+05,3.047338e+04,-1.219655e+05,1.010849e+00,3.679083e+04
644,3.652966e+04,-1.079294,-0.266235,7.922389,4.209228e+04,1.038310e+04,-3.089717e+05,0.000000e+00,0.000000e+00
645,3.658619e+04,6.255028,4.570530,-1.996217,-2.441336e+05,-1.783877e+05,7.791231e+04,4.520619e-06,1.653922e-01
646,3.663218e+04,-2.747277,-3.394205,-6.703122,1.072935e+05,1.325590e+05,2.617871e+05,1.006576e+00,3.687307e+04
647,3.686667e+04,-2.677951,-3.008121,6.912292,1.049203e+05,1.178561e+05,-2.708187e+05,6.236119e-03,2.299050e+02
648,3.696066e+04,-0.266607,-6.880449,-4.072879,1.045877e+04,2.699146e+05,1.597758e+05,1.006802e+00,3.721207e+04
649,3.696945e+04,-0.110140,-1.704059,-7.815629,4.321230e+03,6.685682e+04,3.066374e+05,1.006714e+00,3.721767e+04
650,3.697628e+04,6.739360,2.724299,3.340543,-2.644356e+05,-1.068947e+05,-1.310745e+05,6.715933e-02,2.483302e+03
651,3.700743e+04,2.656773,5.280354,5.390679,-1.042890e+05,-2.072751e+05,-2.116058e+05,9.607739e-01,3.555577e+04
652,3.719446e+04,-7.346177,-3.130486,0.483471,2.890947e+05,1.231943e+05,-1.902607e+04,1.008482e+00,3.750994e+04
653,3.723528e+04,-1.381566,-4.204998,-6.664028,5.439870e+04,1.655704e+05,2.623939e+05,1.006633e+00,3.748225e+04
654,3.739604e+04,1.759486,0.022496,7.804082,-6.942860e+04,-8.876799e+02,-3.079458e+05,9.062506e-01,3.389019e+04
655,3.741285e+04,0.690860,0.000027,-7.970114,-2.726719e+04,-1.073464e+00,3.145680e+05,1.010075e+00,3.778978e+04
656,3.752293e+04,-5.500195,-3.797598,4.396147,2.174033e+05,1.501056e+05,-1.737642e+05,9.895011e-01,3.712898e+04
657,3.752588e+04,1.734223,-4.950261,6.040479,-6.855040e+04,1.956741e+05,-2.387682e+05,1.003451e+00,3.765537e+04
658,3.769111e+04,-0.497503,4.723185,6.437703,1.970857e+04,-1.871087e+05,-2.550293e+05,9.947531e-01,3.749335e+04
659,3.778482e+04,-4.691389,-6.111407,-2.154432,1.860800e+05,2.424039e+05,8.545377e+04,1.489516e+00,5.628110e+04
660,3.795127e+04,-4.489911,2.142222,6.265109,1.784804e+05,-8.515641e+04,-2.490471e+05,4.272891e-12,1.621616e-07
661,3.796171e+04,6.864859,-2.066049,3.550374,-2.729255e+05,8.213970e+04,-1.411519e+05,1.014945e+00,3.852906e+04
662,3.799492e+04,3.415096,3.803569,6.153859,-1.358330e+05,-1.512843e+05,-2.447654e+05,9.863280e-01,3.747545e+04
663,3.811687e+04,4.386539,5.091894,-4.339457,-1.747513e+05,-2.028512e+05,1.728756e+05,9.623642e-01,3.668232e+04
664,3.825315e+04,-1.100243,-5.718235,5.485550,4.390982e+04,2.282103e+05,-2.189240e+05,1.000543e+00,3.827392e+04
665,3.829631e+04,4.633193,-0.082880,6.521246,-1.850114e+05,3.309549e+03,-2.604046e+05,1.010621e+00,3.870307e+04
666,3.830348e+04,0.850916,1.271160,7.852394,-3.398174e+04,-5.076438e+04,-3.135891e+05,7.246982e-01,2.775847e+04
667,3.832789e+04,-5.238543,-4.865222,3.589886,2.092703e+05,1.943568e+05,-1.434095e+05,1.008347e+00,3.864782e+04
668,3.833739e+04,-2.240516,2.756290,7.168190,8.951567e+04,-1.101224e+05,-2.863917e+05,7.835311e-05,3.003854e+00
669,3.839022e+04,-3.309338,-0.436856,-7.270312,1.323095e+05,1.746578e+04,2.906719e+05,1.006632e+00,3.864481e+04
670,3.863559e+04,3.260886,-0.978751,-7.239383,-1.307883e+05,3.925597e+04,2.903588e+05,1.008425e+00,3.896109e+04
671,3.867386e+04,1.039278,-0.684958,-7.902578,-4.170422e+04,2.748607e+04,3.171153e+05,1.002338e+00,3.876428e+04
672,3.867685e+04,5.969078,-4.232593,3.233460,-2.395369e+05,1.698524e+05,-1.297576e+05,1.009738e+00,3.905350e+04
673,3.868140e+04,6.815838,0.719712,4.126302,-2.735332e+05,-2.888350e+04,-1.655967e+05,9.686640e-01,3.746928e+04
674,3.877834e+04,-1.511248,-0.868564,-7.807799,6.072536e+04,3.490086e+04,3.137349e+05,1.006600e+00,3.903427e+04
675,3.907021e+04,1.442726,-1.491005,-7.726283,-5.818975e+04,6.013698e+04,3.116256e+05,1.007084e+00,3.934699e+04
676,3.925153e+04,2.027320,-2.629507,7.278438,-8.195781e+04,1.063022e+05,-2.942430e+05,9.835242e-01,3.860484e+04
677,3.925556e+04,4.555788,5.786545,-3.124210,-1.841848e+05,-2.339428e+05,1.263079e+05,7.186254e-01,2.821004e+04
678,3.930577e+04,5.027443,-5.591125,-2.732057,-2.033831e+05,2.261867e+05,1.105243e+05,1.007789e+00,3.961192e+04
679,3.934090e+04,-7.201576,-1.274268,3.242460,2.914670e+05,5.157302e+04,-1.312310e+05,1.009991e+00,3.973397e+04
680,3.935019e+04,-6.100921,-1.980071,4.781013,2.469497e+05,8.014822e+04,-1.935232e+05,9.039345e-01,3.556999e+04
681,3.943261e+04,-3.920103,-2.078241,6.656854,1.588418e+05,8.420992e+04,-2.697345e+05,0.000000e+00,0.000000e+00
682,3.959299e+04,1.056035,-7.836551,-1.213776,-4.287728e+04,3.181807e+05,4.928189e+04,1.006726e+00,3.985927e+04
683,3.964499e+04,5.339463,0.877034,-5.892448,-2.169359e+05,-3.563283e+04,2.394030e+05,1.013708e+00,4.018844e+04
684,3.969488e+04,-4.991844,0.471046,-6.233747,2.029401e+05,-1.915006e+04,2.534289e+05,1.006685e+00,3.996023e+04
685,3.974695e+04,3.390981,0.630005,-7.218334,-1.379485e+05,-2.562922e+04,2.936490e+05,1.007187e+00,4.003261e+04
686,3.975021e+04,-0.860416,-6.863247,4.019393,3.500403e+04,2.792152e+05,-1.635196e+05,1.006824e+00,4.002147e+04
687,3.977811e+04,0.285619,4.445762,-6.644819,-1.162381e+04,-1.809289e+05,2.704238e+05,1.008748e+00,4.012608e+04
688,3.980130e+04,3.687052,2.738668,6.550217,-1.500955e+05,-1.114879e+05,-2.666515e+05,1.002356e+00,3.989507e+04
689,3.981548e+04,0.535957,4.754994,6.411145,-2.182204e+04,-1.936046e+05,-2.610365e+05,1.006144e+00,4.006009e+04
690,4.002178e+04,0.432826,0.190778,-7.986004,-1.766857e+04,-7.787813e+03,3.259998e+05,1.001260e+00,4.007221e+04
691,4.018742e+04,-7.179501,-1.249320,3.300601,2.936831e+05,5.110442e+04,-1.350137e+05,1.009577e+00,4.057229e+04
692,4.024003e+04,-1.317924,7.797776,1.207377,5.394601e+04,-3.191829e+05,-4.942101e+04,1.007103e+00,4.052585e+04
693,4.032485e+04,-1.674095,0.039830,-7.822776,6.859716e+04,-1.632060e+03,3.205435e+05,1.006629e+00,4.059216e+04
694,4.060758e+04,-5.661295,2.007347,5.283966,2.327871e+05,-8.254023e+04,-2.172717e+05,7.757520e-01,3.150141e+04
695,4.067685e+04,1.913112,2.641281,-7.305042,-7.873245e+04,-1.086996e+05,3.006326e+05,1.243040e+00,5.056295e+04
696,4.080326e+04,1.864608,-0.786058,-7.739855,-7.685543e+04,3.239973e+04,3.190215e+05,1.003499e+00,4.094601e+04
697,4.098970e+04,4.020695,0.898948,6.857543,-1.661033e+05,-3.713742e+04,-2.832994e+05,1.009236e+00,4.136830e+04
698,4.100981e+04,-1.703532,7.739407,-1.095247,7.039369e+04,-3.198094e+05,4.525803e+04,1.007638e+00,4.132304e+04
699,4.137797e+04,0.794329,0.009842,7.960461,-3.297045e+04,-4.084959e+02,-3.304171e+05,6.325233e-01,2.617253e+04
700,4.138727e+04,-2.745236,-2.414588,7.115718,1.139601e+05,1.002342e+05,-2.953873e+05,0.000000e+00,0.000000e+00
701,4.142068e+04,-5.725301,-4.780819,2.892180,2.377643e+05,1.985412e+05,-1.201084e+05,1.009609e+00,4.181870e+04
702,4.153479e+04,-5.740653,1.750744,-5.289593,2.387300e+05,-7.280620e+04,2.199722e+05,1.006613e+00,4.180945e+04
703,4.163316e+04,1.657741,2.062713,7.549643,-6.902019e+04,-8.588122e+04,-3.143299e+05,9.695643e-01,4.036603e+04
704,4.172439e+04,3.158893,-0.634706,7.322469,-1.316647e+05,2.645495e+04,-3.052054e+05,1.001454e+00,4.178506e+04
705,4.174283e+04,1.835496,1.906931,-7.549475,-7.652159e+04,-7.949970e+04,3.147367e+05,9.977735e-01,4.164989e+04
706,4.181283e+04,-0.761893,-0.605930,7.940552,3.178983e+04,2.528230e+04,-3.313181e+05,0.000000e+00,0.000000e+00
707,4.187793e+04,0.431160,3.989886,6.920615,-1.800408e+04,-1.666068e+05,-2.889861e+05,9.877397e-01,4.136449e+04
708,4.200388e+04,7.265978,3.325579,0.382202,-3.038634e+05,-1.390758e+05,-1.598371e+04,0.000000e+00,0.000000e+00
709,4.202342e+04,-1.399352,-3.138920,7.224195,5.853456e+04,1.313003e+05,-3.021863e+05,4.230976e-01,1.778001e+04
710,4.232700e+04,4.428048,-2.913231,5.992118,-1.858920e+05,1.222991e+05,-2.515526e+05,1.008338e+00,4.267991e+04
711,4.240923e+04,0.039789,5.082799,6.177667,-1.671986e+03,-2.135860e+05,-2.595938e+05,1.007065e+00,4.270885e+04
712,4.267526e+04,-2.982972,-4.270218,6.071829,1.257410e+05,1.800022e+05,-2.559454e+05,8.918206e-01,3.805868e+04
713,4.271758e+04,0.166838,0.107879,7.997533,-7.036194e+03,-4.549662e+03,-3.372865e+05,1.630648e-01,6.965732e+03
714,4.273332e+04,4.263602,-5.037010,-4.522192,-1.798455e+05,2.124691e+05,1.907533e+05,1.007522e+00,4.305475e+04
715,4.280917e+04,-0.063599,1.320113,-7.890073,2.685079e+03,-5.573385e+04,3.331111e+05,1.088665e+00,4.660485e+04
716,4.284105e+04,-0.914785,4.593568,6.485546,3.863571e+04,-1.940081e+05,-2.739152e+05,9.869227e-01,4.228080e+04
717,4.303571e+04,6.137648,-4.349591,-2.722192,-2.598102e+05,1.841207e+05,1.152320e+05,1.009112e+00,4.342785e+04
718,4.311100e+04,0.231546,-0.435176,7.984799,-9.810064e+03,1.843735e+04,-3.382966e+05,2.455244e-01,1.058480e+04
719,4.311897e+04,5.569693,-4.588700,-3.452876,-2.359963e+05,1.944301e+05,1.463035e+05,1.008401e+00,4.348120e+04
720,4.316104e+04,1.552840,-1.741329,7.652219,-6.582827e+04,7.381873e+04,-3.243942e+05,9.381626e-01,4.049208e+04
721,4.318953e+04,5.139795,-6.112573,-0.467927,-2.179589e+05,2.592107e+05,1.984297e+04,1.007411e+00,4.350962e+04
722,4.338134e+04,-0.137403,0.012348,7.998810,5.839671e+03,-5.248006e+02,-3.399512e+05,3.482856e-03,1.510910e+02
723,4.340038e+04,3.957008,6.822503,-1.339977,-1.682106e+05,-2.900215e+05,5.696182e+04,3.148974e-01,1.366667e+04
724,4.343353e+04,6.535811,-1.015940,-4.500116,-2.779404e+05,4.320363e+04,1.913709e+05,1.013609e+00,4.402461e+04
725,4.368011e+04,-2.230312,-5.591532,5.268821,9.511460e+04,2.384582e+05,-2.246958e+05,1.000506e+00,4.370220e+04
726,4.370193e+04,-4.721447,2.561142,5.928616,2.014026e+05,-1.092505e+05,-2.528968e+05,4.616820e-01,2.017639e+04
727,4.376612e+04,-2.224594,1.195773,7.590870,9.496408e+04,-5.104550e+04,-3.240412e+05,0.000000e+00,0.000000e+00
728,4.382787e+04,-7.201486,3.347190,0.966915,3.076359e+05,-1.429865e+05,-4.130506e+04,1.008835e+00,4.421508e+04
729,4.384607e+04,-3.710417,-4.080643,-5.794925,1.585359e+05,1.743547e+05,2.476012e+05,1.006408e+00,4.412702e+04
730,4.416136e+04,-6.920095,3.658420,-1.651741,2.967379e+05,-1.568753e+05,7.082765e+04,1.006602e+00,4.445292e+04
731,4.429711e+04,-6.918725,3.107006,-2.545144,2.971347e+05,-1.334349e+05,1.093049e+05,1.006503e+00,4.458516e+04
732,4.429771e+04,-5.252211,0.826541,5.977550,2.255654e+05,-3.549726e+04,-2.567163e+05,4.353059e-06,1.928305e-01
733,4.438991e+04,-0.529672,-0.049435,-7.982293,2.277134e+04,2.125268e+03,3.431701e+05,1.006678e+00,4.468633e+04
734,4.440679e+04,-6.147856,3.106934,-4.068270,2.643553e+05,-1.335969e+05,1.749340e+05,1.006446e+00,4.469302e+04
735,4.447280e+04,1.653601,4.776806,-6.200623,-7.115700e+04,-2.055533e+05,2.668224e+05,1.010288e+00,4.493035e+04
736,4.447363e+04,1.201343,3.319967,7.178760,-5.169610e+04,-1.428646e+05,-3.089160e+05,9.912251e-01,4.408338e+04
737,4.450100e+04,-0.956789,-7.936749,0.304253,4.118515e+04,3.416388e+05,-1.309662e+04,1.006411e+00,4.478632e+04
738,4.456280e+04,0.065402,-0.702847,7.968797,-2.817202e+03,3.027518e+04,-3.432564e+05,1.546239e-01,6.890476e+03
739,4.464394e+04,-1.493109,-2.253832,7.529334,6.437431e+04,9.717228e+04,-3.246217e+05,0.000000e+00,0.000000e+00
740,4.476945e+04,1.389254,-7.753087,1.399861,-5.998078e+04,3.347382e+05,-6.043874e+04,1.006501e+00,4.506052e+04
741,4.488341e+04,4.336162,6.306996,-2.327982,-1.874511e+05,-2.726498e+05,1.006381e+05,5.473274e-01,2.456592e+04
742,4.502948e+04,3.861822,-6.535182,-2.525417,-1.672170e+05,2.829735e+05,1.093506e+05,1.007011e+00,4.534519e+04
743,4.527502e+04,2.491180,7.596111,0.305162,-1.081618e+05,-3.298073e+05,-1.324948e+04,8.008790e-01,3.625981e+04
744,4.528102e+04,-2.363917,-7.302727,2.254347,1.026431e+05,3.170902e+05,-9.788552e+04,1.000612e+00,4.530871e+04
745,4.540513e+04,3.388241,-2.442524,6.823042,-1.473216e+05,1.062016e+05,-2.966676e+05,1.005342e+00,4.564768e+04
746,4.544096e+04,6.981265,-3.618699,-1.472057,-3.036670e+05,1.574041e+05,6.403065e+04,1.011014e+00,4.594145e+04
747,4.566435e+04,-7.928659,0.684793,-0.816965,3.457228e+05,-2.985983e+04,3.562310e+04,1.007416e+00,4.600298e+04
748,4.571247e+04,-3.176131,-2.114947,7.031301,1.385656e+05,9.226914e+04,-3.067557e+05,0.000000e+00,0.000000e+00
749,4.574432e+04,-1.504437,-7.511631,2.304792,6.565716e+04,3.278253e+05,-1.005866e+05,1.006667e+00,4.604931e+04
750,4.592829e+04,1.462759,0.101365,7.864481,-6.396649e+04,-4.432700e+03,-3.439140e+05,8.920194e-01,4.096893e+04
751,4.608937e+04,5.434237,-0.786798,5.818076,-2.380557e+05,3.446700e+04,-2.548704e+05,1.011146e+00,4.660307e+04
752,4.614329e+04,-2.755521,3.263472,-6.764382,1.207807e+05,-1.430454e+05,2.964982e+05,1.006762e+00,4.645530e+04
753,4.615202e+04,-2.737909,6.370412,3.990201,1.200201e+05,-2.792560e+05,-1.749161e+05,1.010645e+00,4.664329e+04
754,4.624698e+04,-4.473751,-5.816829,3.185915,1.963148e+05,2.552511e+05,-1.398027e+05,1.004235e+00,4.644285e+04
755,4.630196e+04,0.666813,0.957767,7.914420,-2.927814e+04,-4.205322e+04,-3.475029e+05,6.847486e-01,3.170520e+04
756,4.630256e+04,-6.091620,-4.902684,-1.689929,2.674699e+05,2.152663e+05,7.420116e+04,1.479947e+00,6.852535e+04
757,4.642041e+04,-6.331829,3.651686,-3.251635,2.783706e+05,-1.605416e+05,1.429539e+05,1.006379e+00,4.671654e+04
758,4.660269e+04,-1.848536,-5.264899,5.732691,8.142788e+04,2.319184e+05,-2.525246e+05,9.939728e-01,4.632180e+04
759,4.668604e+04,3.511891,-6.256419,-3.538905,-1.548368e+05,2.758411e+05,1.560278e+05,1.006997e+00,4.701271e+04
760,4.682084e+04,-0.891912,-6.890250,3.965974,3.938053e+04,3.042245e+05,-1.751093e+05,1.006921e+00,4.714488e+04
761,4.689779e+04,7.484298,-1.669388,-2.280006,-3.307249e+05,7.376888e+04,1.007516e+05,1.014861e+00,4.759472e+04
762,4.692700e+04,7.774422,1.321852,-1.345761,-3.436522e+05,-5.842975e+04,5.948657e+04,8.542672e-01,4.008820e+04
763,4.707794e+04,-1.999181,7.745923,0.062891,8.851167e+04,-3.429427e+05,-2.784454e+03,1.007569e+00,4.743428e+04
764,4.713097e+04,-0.059389,0.174565,7.997875,2.630855e+03,-7.733022e+03,-3.542970e+05,4.890719e-02,2.305043e+03
765,4.765089e+04,0.162501,-7.798094,1.778572,-7.238215e+03,3.473471e+05,-7.922217e+04,1.006509e+00,4.796107e+04
766,4.770929e+04,7.907071,0.280548,1.183012,-3.524170e+05,-1.250400e+04,-5.272664e+04,9.568029e-01,4.564839e+04
767,4.794287e+04,-6.352496,2.555699,-4.136931,2.838220e+05,-1.141856e+05,1.848332e+05,1.006469e+00,4.825301e+04
768,4.797438e+04,-7.258818,-2.459342,2.293729,3.244220e+05,1.099166e+05,-1.025148e+05,1.010769e+00,4.849101e+04
769,4.798797e+04,-6.394640,0.174462,4.803971,2.858393e+05,-7.798436e+03,-2.147367e+05,9.062205e-01,4.348768e+04
770,4.802877e+04,4.538842,-5.245081,3.985981,-2.029717e+05,2.345539e+05,-1.782484e+05,1.007248e+00,4.837689e+04
771,4.816884e+04,1.811049,-2.020589,7.525777,-8.110602e+04,9.049005e+04,-3.370343e+05,9.744210e-01,4.693673e+04
772,4.828271e+04,3.155093,0.288102,-7.345909,-1.414646e+05,-1.291759e+04,3.293677e+05,1.004852e+00,4.851700e+04
773,4.854677e+04,1.866130,1.241011,-7.679678,-8.389996e+04,-5.579504e+04,3.452732e+05,9.974614e-01,4.842353e+04
774,4.878438e+04,0.179804,-3.641841,-7.120721,-8.103618e+03,1.641349e+05,3.209254e+05,1.006586e+00,4.910567e+04
775,4.880744e+04,7.084903,-0.202240,3.709885,-3.193865e+05,9.116973e+03,-1.672411e+05,1.006536e+00,4.912644e+04
776,4.883948e+04,0.937998,7.848100,-1.235912,-4.229870e+04,-3.539075e+05,5.573304e+04,9.986303e-01,4.877259e+04
777,4.893042e+04,3.959127,2.489606,6.490545,-1.787016e+05,-1.123724e+05,-2.929613e+05,1.003467e+00,4.910006e+04
778,4.898848e+04,7.232046,-3.417607,0.132186,-3.266238e+05,1.543508e+05,-5.969957e+03,1.011691e+00,4.956118e+04
779,4.901495e+04,-3.615526,4.223515,-5.752382,1.633336e+05,-1.907998e+05,2.598673e+05,1.006637e+00,4.934027e+04
780,4.904618e+04,-3.327010,-7.134884,1.422827,1.503475e+05,3.224254e+05,-6.429755e+04,1.152937e+00,5.654718e+04
781,4.912944e+04,-5.813878,-2.002822,-5.117375,2.629520e+05,9.058430e+04,2.314503e+05,1.006500e+00,4.944878e+04
782,4.935255e+04,-1.559809,-4.758945,-6.238545,7.070756e+04,2.157273e+05,2.827989e+05,1.006496e+00,4.967316e+04
783,4.952379e+04,3.090406,-3.804326,-6.322697,-1.403337e+05,1.727525e+05,2.871104e+05,1.007133e+00,4.987705e+04
784,4.967043e+04,-7.765726,1.918165,-0.118889,3.531594e+05,-8.723177e+04,5.406671e+03,1.007642e+00,5.005003e+04
785,4.980721e+04,-0.425242,-0.031392,7.988628,1.936518e+04,1.429563e+03,-3.637961e+05,0.000000e+00,0.000000e+00
786,4.993775e+04,-1.442460,0.635675,-7.843164,6.577457e+04,-2.898607e+04,3.576395e+05,1.006597e+00,5.026720e+04
787,5.002883e+04,1.445826,-7.866971,0.142692,-6.598811e+04,3.590520e+05,-6.512523e+03,1.006514e+00,5.035474e+04
788,5.010457e+04,1.203249,0.665050,-7.880983,-5.495839e+04,-3.037613e+04,3.599637e+05,9.975470e-01,4.998167e+04
789,5.018809e+04,-2.094321,-7.717613,-0.228614,9.573778e+04,3.527955e+05,1.045066e+04,9.988313e-01,5.012944e+04
790,5.031963e+04,6.430326,3.484271,3.242030,-2.943347e+05,-1.594852e+05,-1.483971e+05,2.060927e-03,1.037051e+02
791,5.056471e+04,-2.887625,2.992615,6.834169,1.324965e+05,-1.373138e+05,-3.135806e+05,5.208794e-01,2.633812e+04
792,5.096133e+04,0.927687,0.638810,-7.920310,-4.273284e+04,-2.942603e+04,3.648398e+05,9.980355e-01,5.086121e+04
793,5.118460e+04,-5.765204,4.826063,-2.733412,2.661485e+05,-2.227934e+05,1.261869e+05,1.006305e+00,5.150729e+04
794,5.137344e+04,2.575112,7.486495,1.149434,-1.190982e+05,-3.462482e+05,-5.316101e+04,7.860083e-01,4.037995e+04
795,5.161491e+04,-3.645553,4.029262,-5.871541,1.690015e+05,-1.867896e+05,2.721945e+05,1.006606e+00,5.195587e+04
796,5.167453e+04,5.388715,3.789608,-4.538791,-2.499558e+05,-1.757811e+05,2.105320e+05,9.916362e-01,5.124234e+04
797,5.185695e+04,0.779790,4.147640,6.796250,-3.623438e+04,-1.927277e+05,-3.158003e+05,1.001876e+00,5.195421e+04
798,5.242473e+04,2.096209,-5.179913,5.724893,-9.793601e+04,2.420083e+05,-2.674701e+05,1.006094e+00,5.274420e+04
799,5.249904e+04,-5.383832,-2.444197,5.388901,2.517137e+05,1.142751e+05,-2.519507e+05,8.214886e-01,4.312736e+04
800,5.267073e+04,-1.249663,0.436870,7.889708,5.852174e+04,-2.045863e+04,-3.694752e+05,0.000000e+00,0.000000e+00
801,5.300105e+04,6.284308,-3.783042,-3.193128,-2.952157e+05,1.777146e+05,1.500024e+05,1.009059e+00,5.348119e+04
802,5.319321e+04,7.084293,-1.086125,3.554311,-3.333990e+05,5.111493e+04,-1.672720e+05,1.013259e+00,5.389851e+04
803,5.330779e+04,0.562493,-0.796216,-7.940380,-2.650038e+04,3.751162e+04,3.740902e+05,1.006679e+00,5.366385e+04
804,5.333541e+04,2.030655,-2.509548,-7.319741,-9.569374e+04,1.182614e+05,3.449397e+05,1.006869e+00,5.370178e+04
805,5.341923e+04,7.160533,0.297589,3.555026,-3.377021e+05,-1.403478e+04,-1.676607e+05,9.947363e-01,5.313804e+04
806,5.349162e+04,-4.025860,-4.121142,-5.550553,1.899946e+05,1.944913e+05,2.619502e+05,1.006316e+00,5.382946e+04
807,5.350546e+04,-0.351965,7.983689,0.369910,1.661260e+04,-3.768273e+05,-1.745963e+04,1.006182e+00,5.383623e+04
808,5.369265e+04,4.984483,6.253958,0.207231,-2.356770e+05,-2.957005e+05,-9.798325e+03,0.000000e+00,0.000000e+00
809,5.371055e+04,-0.226565,0.770365,-7.959598,1.071426e+04,-3.643056e+04,3.764095e+05,1.009748e+00,5.423412e+04
810,5.374809e+04,-5.564436,-2.692871,-5.077942,2.632342e+05,1.273904e+05,2.402199e+05,1.006386e+00,5.409134e+04
811,5.379297e+04,0.940019,-5.900099,-5.320262,-4.448759e+04,2.792298e+05,2.517883e+05,1.006661e+00,5.415128e+04
812,5.380147e+04,-3.751171,2.353211,-6.662666,1.775430e+05,-1.113775e+05,3.153442e+05,1.006550e+00,5.415389e+04
813,5.382071e+04,-7.612087,-1.175685,-2.161921,3.603447e+05,5.565513e+04,1.023421e+05,1.006706e+00,5.418165e+04
814,5.391290e+04,-0.518529,-6.002274,5.263443,2.456739e+04,2.843818e+05,-2.493767e+05,1.005853e+00,5.422846e+04
815,5.394422e+04,-0.423265,-7.770376,1.855291,2.005972e+04,3.682597e+05,-8.792736e+04,1.006501e+00,5.429493e+04
816,5.425274e+04,1.562257,-2.313419,7.497162,-7.425112e+04,1.099524e+05,-3.563259e+05,9.759373e-01,5.294728e+04
817,5.441688e+04,-2.512056,-5.761338,4.949400,1.195737e+05,2.742394e+05,-2.355912e+05,1.005295e+00,5.470501e+04
818,5.449759e+04,0.036715,6.990961,-3.889102,-1.748925e+03,-3.330161e+05,1.852583e+05,1.008874e+00,5.498123e+04
819,5.451010e+04,7.930544,0.952118,0.447145,-3.778167e+05,-4.535959e+04,-2.130232e+04,8.611947e-01,4.694381e+04
820,5.456123e+04,5.404426,5.407015,2.357195,-2.575914e+05,-2.577148e+05,-1.123511e+05,0.000000e+00,0.000000e+00
821,5.533348e+04,-6.886180,0.772196,3.998029,3.305309e+05,-3.706474e+04,-1.919020e+05,1.004197e+00,5.556570e+04
822,5.559645e+04,7.236702,2.356289,2.465370,-3.481800e+05,-1.133683e+05,-1.186165e+05,1.750347e-01,9.731307e+03
823,5.559738e+04,-6.030101,-4.945217,1.784014,2.901292e+05,2.379316e+05,-8.583515e+04,9.995444e-01,5.557205e+04
824,5.586484e+04,-2.201175,1.089791,7.613618,1.061607e+05,-5.255963e+04,-3.671978e+05,0.000000e+00,0.000000e+00
825,5.600241e+04,-7.724321,1.172699,-1.720362,3.729953e+05,-5.662777e+04,8.307357e+04,1.006769e+00,5.638147e+04
826,5.602979e+04,6.489692,3.643198,2.934453,-3.134536e+05,-1.759673e+05,-1.417347e+05,5.313177e-14,2.976962e-09
827,5.605757e+04,-3.001303,-3.452145,6.563145,1.449995e+05,1.667807e+05,-3.170800e+05,6.370756e-01,3.571291e+04
828,5.625546e+04,7.136149,2.807490,-2.278897,-3.453710e+05,-1.358752e+05,1.102927e+05,6.678968e-01,3.757284e+04
829,5.628383e+04,3.303101,-2.886707,-6.690026,-1.599018e+05,1.397443e+05,3.238615e+05,1.007201e+00,5.668914e+04
830,5.630860e+04,0.978300,-3.332329,7.206838,-4.736951e+04,1.613522e+05,-3.489569e+05,9.817000e-01,5.527815e+04
831,5.646522e+04,1.422169,6.471111,4.483543,-6.895750e+04,-3.137683e+05,-2.173960e+05,9.977702e-01,5.633931e+04
832,5.648090e+04,-0.573731,-0.467079,-7.965718,2.782265e+04,2.265068e+04,3.862917e+05,1.006523e+00,5.684931e+04
833,5.670049e+04,4.119839,-3.587564,-5.844340,-2.001766e+05,1.743142e+05,2.839674e+05,1.007397e+00,5.711993e+04
834,5.693720e+04,1.397869,7.600542,2.068266,-6.806190e+04,-3.700686e+05,-1.007034e+05,9.783065e-01,5.570203e+04
835,5.696480e+04,6.245503,4.766483,1.508089,-3.041658e+05,-2.321352e+05,-7.344629e+04,9.506986e-01,5.415635e+04
836,5.705816e+04,1.025176,-5.097609,-6.079753,-4.996857e+04,2.484649e+05,2.963360e+05,1.006616e+00,5.743565e+04
837,5.706112e+04,4.180650,1.273530,-6.700768,-2.037763e+05,-6.207533e+04,3.266137e+05,1.010169e+00,5.764137e+04
838,5.719746e+04,-1.747119,-0.711607,7.774393,8.526103e+04,3.472710e+04,-3.793976e+05,0.000000e+00,0.000000e+00
839,5.725321e+04,-0.860420,7.707098,-1.964768,4.200975e+04,-3.762968e+05,9.592921e+04,1.008053e+00,5.771424e+04
840,5.735342e+04,-1.331389,-1.612561,-7.721855,6.506154e+04,7.880169e+04,3.773471e+05,1.006430e+00,5.772218e+04
841,5.769390e+04,0.611081,-7.972861,-0.245074,-2.995045e+04,3.907678e+05,1.201164e+04,1.006463e+00,5.806675e+04
842,5.786858e+04,4.914511,-1.389126,-6.157752,-2.412356e+05,6.818716e+04,3.022618e+05,1.008886e+00,5.838278e+04
843,5.787469e+04,7.557065,-2.246277,-1.358309,-3.709686e+05,1.102674e+05,6.667799e+04,1.013041e+00,5.862942e+04
844,5.881409e+04,6.516353,-4.093157,2.187054,-3.224668e+05,2.025530e+05,-1.082281e+05,1.009124e+00,5.935072e+04
845,5.886227e+04,-5.706551,1.661977,-5.354728,2.825087e+05,-8.227790e+04,2.650914e+05,1.006474e+00,5.924336e+04
846,5.901678e+04,1.919799,-7.174193,-2.974110,-9.516629e+04,3.556317e+05,1.474295e+05,1.006624e+00,5.940774e+04
847,5.945773e+04,-6.366553,-2.071606,-4.378978,3.167730e+05,1.030744e+05,2.178796e+05,1.006398e+00,5.983815e+04
848,5.945951e+04,-0.032058,-7.628383,-2.409719,1.595077e+03,3.795621e+05,1.198993e+05,1.006509e+00,5.984652e+04
849,5.966620e+04,2.214957,-4.353492,6.335698,-1.104000e+05,2.169909e+05,-3.157900e+05,1.005412e+00,5.998912e+04
850,5.988650e+04,5.325157,-3.825582,4.583407,-2.659112e+05,1.910300e+05,-2.288720e+05,1.008144e+00,6.037420e+04
851,5.995667e+04,-3.685635,7.046850,0.870628,1.841496e+05,-3.520898e+05,-4.350020e+04,1.007193e+00,6.038791e+04
852,6.035785e+04,2.714332,3.314299,-6.756317,-1.360722e+05,-1.661492e+05,3.387011e+05,1.009703e+00,6.094351e+04
853,6.040291e+04,-0.531928,3.103644,-7.354213,2.667605e+04,-1.556469e+05,3.688118e+05,1.007078e+00,6.083044e+04
854,6.044451e+04,1.293026,-5.211853,5.929981,-6.486722e+04,2.614630e+05,-2.974893e+05,1.005633e+00,6.078499e+04
855,6.113687e+04,-1.797053,-0.834807,-7.750722,9.066761e+04,4.211896e+04,3.910510e+05,1.006423e+00,6.152955e+04
856,6.126571e+04,4.358204,-0.593574,-6.682344,-2.201182e+05,2.997944e+04,3.375027e+05,1.008645e+00,6.179536e+04
857,6.133793e+04,1.457057,-1.668530,-7.687197,-7.363439e+04,8.432149e+04,3.884832e+05,1.006698e+00,6.174880e+04
858,6.142460e+04,-2.780600,-2.956795,-6.893884,1.406207e+05,1.495313e+05,3.486380e+05,1.006387e+00,6.181694e+04
859,6.161184e+04,-4.668046,-2.048177,-6.165575,2.364323e+05,1.037383e+05,3.122808e+05,1.006421e+00,6.200748e+04
860,6.162767e+04,-7.247510,-1.191298,-3.170868,3.671270e+05,6.034593e+04,1.606223e+05,1.006497e+00,6.202805e+04
861,6.166997e+04,7.094463,2.980255,2.187847,-3.594977e+05,-1.510185e+05,-1.108647e+05,6.479347e-05,3.995811e+00
862,6.193802e+04,-3.600871,-6.257593,3.446194,1.828630e+05,3.177793e+05,-1.750080e+05,1.007704e+00,6.241520e+04
863,6.201922e+04,-7.362591,-0.440431,-3.098109,3.741394e+05,2.238106e+04,1.574344e+05,1.006539e+00,6.242478e+04
864,6.225620e+04,7.431390,-2.427426,1.697657,-3.783564e+05,1.235882e+05,-8.643324e+04,1.012573e+00,6.303892e+04
865,6.244062e+04,5.980407,1.868719,-4.974195,-3.049327e+05,-9.528342e+04,2.536274e+05,1.012480e+00,6.321991e+04
866,6.250549e+04,3.281968,3.691430,-6.293014,-1.674299e+05,-1.883187e+05,3.210388e+05,1.010710e+00,6.317493e+04
867,6.264239e+04,-4.710427,1.459693,6.299300,2.405659e+05,-7.454789e+04,-3.217111e+05,5.152234e-08,3.227483e-03
868,6.277888e+04,-4.455863,1.254207,-6.524741,2.278129e+05,-6.412325e+04,3.335875e+05,1.006472e+00,6.318522e+04
869,6.287745e+04,0.092800,0.153416,-7.997990,-4.748258e+03,-7.849770e+03,4.092305e+05,1.006619e+00,6.329361e+04
870,6.349923e+04,-5.390110,4.513937,3.817209,2.771543e+05,-2.321023e+05,-1.962772e+05,1.011614e+00,6.423670e+04
871,6.373134e+04,1.142725,4.277180,-6.663326,-5.886512e+04,-2.203300e+05,3.432474e+05,1.008507e+00,6.427347e+04
872,6.378120e+04,-5.722307,2.443302,5.028467,2.948880e+05,-1.259108e+05,-2.591324e+05,9.731804e-01,6.207061e+04
873,6.387671e+04,-5.233838,6.041689,-0.323940,2.699176e+05,-3.115798e+05,1.670611e+04,1.006596e+00,6.429805e+04
874,6.420211e+04,-2.081667,3.313305,-6.977727,1.076281e+05,-1.713073e+05,3.607682e+05,1.006701e+00,6.463233e+04
875,6.430436e+04,-7.301300,-1.639806,2.828791,3.777984e+05,8.485009e+04,-1.463729e+05,1.010663e+00,6.499003e+04
876,6.456259e+04,2.357701,1.365433,7.521758,-1.222415e+05,-7.079468e+04,-3.899864e+05,1.000062e+00,6.456659e+04
877,6.456288e+04,-0.883956,7.818713,-1.444417,4.583128e+04,-4.053838e+05,7.488998e+04,1.007922e+00,6.507434e+04
878,6.488384e+04,1.980653,-1.441311,-7.615749,-1.029476e+05,7.491447e+04,3.958408e+05,1.006821e+00,6.532639e+04
879,6.489002e+04,0.294783,4.448320,-6.642707,-1.532257e+04,-2.312196e+05,3.452818e+05,1.007894e+00,6.540224e+04
880,6.498664e+04,3.825089,-6.816435,1.704378,-1.989726e+05,3.545757e+05,-8.865794e+04,1.006485e+00,6.540809e+04
881,6.579431e+04,-0.313833,-5.066367,6.183319,1.642602e+04,2.651737e+05,-3.236350e+05,1.001732e+00,6.590825e+04
882,6.600505e+04,-2.743683,-1.697554,-7.320554,1.438342e+05,8.899219e+04,3.837711e+05,1.006386e+00,6.642653e+04
883,6.628599e+04,-3.261378,-7.185931,1.313700,1.713372e+05,3.775144e+05,-6.901549e+04,9.969743e-01,6.608543e+04
884,6.648704e+04,3.334893,7.062548,-1.731734,-1.754648e+05,-3.715948e+05,9.111488e+04,8.791151e-01,5.844976e+04
885,6.686306e+04,-7.375087,2.973741,0.874621,3.891347e+05,-1.569047e+05,-4.614800e+04,1.007838e+00,6.738711e+04
886,6.720387e+04,-6.210540,3.127030,3.956119,3.285233e+05,-1.654127e+05,-2.092696e+05,1.011456e+00,6.797373e+04
887,6.758191e+04,2.828045,-1.660736,7.296856,-1.500173e+05,8.809589e+04,-3.870711e+05,1.003347e+00,6.780811e+04
888,6.760216e+04,0.717601,0.937593,-7.912393,-3.807174e+04,-4.974324e+04,4.197859e+05,1.000895e+00,6.766264e+04
889,6.768331e+04,-1.427774,1.279351,-7.766899,7.579487e+04,-6.791572e+04,4.123140e+05,1.006534e+00,6.812555e+04
890,6.793426e+04,-0.988385,-7.825016,-1.338739,5.256667e+04,4.161686e+05,7.120000e+04,1.006345e+00,6.836528e+04
891,6.804710e+04,3.034782,-3.391063,6.579574,-1.615370e+05,1.805013e+05,-3.502210e+05,1.006153e+00,6.846580e+04
892,6.808331e+04,3.451916,-3.888005,6.080106,-1.837893e+05,2.070078e+05,-3.237212e+05,1.006795e+00,6.854591e+04
893,6.825345e+04,6.887779,-3.895812,-1.175223,-3.671818e+05,2.076825e+05,6.265017e+04,1.009034e+00,6.887009e+04
894,6.832467e+04,-0.921390,4.687668,-6.416916,4.914416e+04,-2.500261e+05,3.422589e+05,1.007253e+00,6.882022e+04
895,6.835859e+04,-1.335743,4.918768,6.166159,7.126218e+04,-2.624174e+05,-3.289659e+05,1.003005e+00,6.856399e+04
896,6.864582e+04,0.799296,-0.362968,7.951690,-4.273211e+04,1.940508e+04,-4.251147e+05,8.307227e-01,5.702564e+04
897,6.872389e+04,-7.445226,-1.610497,-2.444362,3.982643e+05,8.614965e+04,1.307553e+05,1.006467e+00,6.916836e+04
898,6.886344e+04,-7.654769,1.812833,-1.455388,4.098888e+05,-9.707152e+04,7.793144e+04,1.006646e+00,6.932113e+04
899,6.890046e+04,1.156105,-7.804990,1.321196,-6.192242e+04,4.180450e+05,-7.076492e+04,1.006371e+00,6.933943e+04
900,6.890150e+04,-5.823887,-2.612020,4.822830,3.119370e+05,1.399041e+05,-2.583188e+05,9.805063e-01,6.755836e+04
901,6.919149e+04,7.411279,2.881175,-0.878504,-3.977949e+05,-1.546449e+05,4.715302e+04,1.445730e-01,1.000322e+04
902,6.952449e+04,4.176698,-6.697554,-1.303062,-2.247200e+05,3.603502e+05,7.010898e+04,1.006633e+00,6.998564e+04
903,6.964773e+04,-0.329337,2.846394,-7.469242,1.773511e+04,-1.532809e+05,4.022256e+05,1.006962e+00,7.013258e+04
904,6.983994e+04,3.595196,-6.695070,-2.500120,-1.938716e+05,3.610328e+05,1.348194e+05,1.006622e+00,7.030240e+04
905,7.033271e+04,5.923141,-5.374723,-0.169575,-3.205313e+05,2.908536e+05,9.176571e+03,1.007367e+00,7.085085e+04
906,7.064399e+04,-0.920875,5.197907,-6.011136,4.994340e+04,-2.819069e+05,3.260122e+05,1.007369e+00,7.116455e+04
907,7.064699e+04,3.197825,6.404222,3.572094,-1.734368e+05,-3.473385e+05,-1.937356e+05,8.319387e-01,5.877397e+04
908,7.084374e+04,-0.038198,-0.113627,-7.999102,2.074579e+03,6.171209e+03,4.344418e+05,1.006517e+00,7.130546e+04
909,7.097219e+04,-2.617776,-1.961390,7.300699,1.423037e+05,1.066222e+05,-3.968699e+05,0.000000e+00,0.000000e+00
910,7.107264e+04,-3.813943,3.287899,6.216394,2.074747e+05,-1.788584e+05,-3.381656e+05,8.685756e-01,6.173196e+04
911,7.210022e+04,3.398137,-0.223927,7.238958,-1.861868e+05,1.226913e+04,-3.966286e+05,1.006445e+00,7.256492e+04
912,7.212143e+04,1.426016,-3.072594,-7.247458,-7.814412e+04,1.683748e+05,3.971527e+05,1.006531e+00,7.259245e+04
913,7.247400e+04,5.720865,-3.721519,4.173967,-3.142625e+05,2.044330e+05,-2.292872e+05,1.008131e+00,7.306330e+04
914,7.262445e+04,4.187151,0.148920,6.815100,-2.302501e+05,-8.189070e+03,-3.747601e+05,1.008203e+00,7.322019e+04
915,7.343669e+04,6.697179,1.617388,-4.065938,-3.703293e+05,-8.943560e+04,2.248314e+05,1.010279e+00,7.419152e+04
916,7.374127e+04,-0.071470,-0.211882,-7.996874,3.960221e+03,1.174054e+04,4.431138e+05,1.006489e+00,7.421978e+04
917,7.436448e+04,-1.105427,3.174460,-7.259534,6.151095e+04,-1.766413e+05,4.039533e+05,1.006785e+00,7.486908e+04
918,7.449471e+04,6.856843,4.035406,0.836180,-3.818797e+05,-2.247448e+05,-4.656955e+04,3.914637e-06,2.916197e-01
919,7.458483e+04,7.923827,-1.099786,0.058575,-4.415704e+05,6.128769e+04,-3.264189e+03,1.013396e+00,7.558400e+04
920,7.506497e+04,-3.543782,-6.747975,2.430319,1.981186e+05,3.772522e+05,-1.358694e+05,1.000495e+00,7.510215e+04
921,7.523975e+04,1.725031,-0.633455,7.786077,-9.655178e+04,3.545511e+04,-4.357948e+05,9.785310e-01,7.362443e+04
922,7.595102e+04,2.913169,4.216524,-6.142831,-1.638220e+05,-2.371161e+05,3.454419e+05,1.010009e+00,7.671120e+04
923,7.693755e+04,-5.305513,-1.184239,5.869336,3.002868e+05,6.702675e+04,-3.321986e+05,4.182274e-01,3.217739e+04
924,7.704182e+04,7.312429,3.244658,-0.024033,-4.141566e+05,-1.837688e+05,1.361166e+03,3.007534e-11,2.317059e-06
925,7.709977e+04,7.588178,2.177537,1.295331,-4.299359e+05,-1.233763e+05,-7.339172e+04,2.972049e-01,2.291443e+04
926,7.718957e+04,3.288567,6.743666,-2.776381,-1.864342e+05,-3.823095e+05,1.573976e+05,9.759000e-01,7.532930e+04
927,7.755210e+04,-6.838259,-0.995984,-4.030661,3.885814e+05,5.659639e+04,2.290407e+05,1.006392e+00,7.804779e+04
928,7.829345e+04,-6.206115,-1.498059,-4.820784,3.543417e+05,8.553253e+04,2.752454e+05,1.006363e+00,7.879166e+04
929,7.838425e+04,1.746589,-1.575339,-7.646420,-9.978029e+04,8.999700e+04,4.368297e+05,1.006624e+00,7.890350e+04
930,7.856934e+04,-1.160213,1.738204,-7.722212,6.635963e+04,-9.941846e+04,4.416802e+05,1.006547e+00,7.908374e+04
931,7.863182e+04,-0.134225,-0.040660,-7.998771,7.680180e+03,2.326498e+03,4.576801e+05,1.006474e+00,7.914085e+04
932,7.900423e+04,0.409996,-6.452527,4.711347,-2.351496e+04,3.700792e+05,-2.702153e+05,1.006713e+00,7.953458e+04
933,7.939293e+04,2.955294,-3.966040,6.287827,-1.699148e+05,2.280277e+05,-3.615190e+05,1.006497e+00,7.990876e+04
934,8.006188e+04,1.166721,-0.467746,-7.900631,-6.736274e+04,2.700615e+04,4.561570e+05,1.007807e+00,8.068691e+04
935,8.028203e+04,3.999754,5.887175,-3.652826,-2.312502e+05,-3.403735e+05,2.111922e+05,9.871740e-01,7.925233e+04
936,8.061025e+04,-5.793274,1.854392,-5.196076,3.356285e+05,-1.074327e+05,3.010303e+05,1.006368e+00,8.112360e+04
937,8.126983e+04,-0.896521,7.920529,0.679316,5.215127e+04,-4.607428e+05,-3.951628e+04,1.007602e+00,8.188763e+04
938,8.142157e+04,0.624413,-1.100275,-7.899336,-3.635641e+04,6.406347e+04,4.599387e+05,1.006464e+00,8.194786e+04
939,8.222191e+04,-6.588862,-3.974781,-2.188153,3.855173e+05,2.325663e+05,1.280298e+05,9.973162e-01,8.200125e+04
940,8.427994e+04,5.231027,4.168027,-4.389068,-3.098765e+05,-2.469063e+05,2.600004e+05,1.001274e+00,8.438734e+04
941,8.477517e+04,-0.018568,-3.413899,-7.234981,1.103152e+03,2.028265e+05,4.298445e+05,1.006354e+00,8.531387e+04
942,8.603739e+04,-0.466768,-6.079640,5.178813,2.793731e+04,3.638825e+05,-3.099656e+05,1.006741e+00,8.661733e+04
943,8.614086e+04,-0.335774,0.459914,7.979708,2.010903e+04,-2.754361e+04,-4.778936e+05,2.080929e-01,1.792530e+04
944,8.677942e+04,-6.811782,0.545745,4.159542,4.094574e+05,-3.280481e+04,-2.500308e+05,1.006257e+00,8.732240e+04
945,8.701693e+04,-5.284230,5.714011,-1.851214,3.180704e+05,-3.439399e+05,1.114290e+05,1.006276e+00,8.756308e+04
946,8.832384e+04,3.018501,-7.062624,2.237854,-1.830501e+05,4.282967e+05,-1.357095e+05,1.006313e+00,8.888144e+04
947,8.840820e+04,-0.284959,7.007622,-3.848639,1.728894e+04,-4.251642e+05,2.335034e+05,1.008085e+00,8.912302e+04
948,8.841273e+04,7.225709,3.381602,0.594893,-4.384071e+05,-2.051727e+05,-3.609408e+04,0.000000e+00,0.000000e+00
949,8.867934e+04,4.212631,-5.868997,3.436366,-2.559790e+05,3.566275e+05,-2.088095e+05,1.006537e+00,8.925902e+04
950,8.911774e+04,-6.413024,4.153991,-2.370124,3.906471e+05,-2.530389e+05,1.443753e+05,1.006251e+00,8.967482e+04
951,9.074476e+04,1.084629,-1.112571,7.847660,-6.667021e+04,6.838775e+04,-4.823815e+05,9.544754e-01,8.661364e+04
952,9.249767e+04,2.938746,3.706073,-6.452038,-1.823758e+05,-2.299953e+05,4.004073e+05,1.009124e+00,9.334159e+04
953,9.270336e+04,3.300143,6.801226,-2.617706,-2.050313e+05,-4.225466e+05,1.626328e+05,9.813294e-01,9.097253e+04
954,9.393174e+04,1.147795,0.802772,7.876428,-7.178111e+04,-5.020396e+04,-4.925782e+05,9.591404e-01,9.009372e+04
955,9.446232e+04,4.892908,-4.021609,-4.887342,-3.068570e+05,2.522138e+05,3.065079e+05,1.007009e+00,9.512439e+04
956,9.537266e+04,4.775339,2.834345,-5.758701,-3.009233e+05,-1.786094e+05,3.628909e+05,1.010732e+00,9.639616e+04
957,9.549729e+04,7.032231,-2.390427,2.972135,-4.434333e+05,1.507338e+05,-1.874147e+05,1.009918e+00,9.644439e+04
958,9.609348e+04,-6.774199,3.860643,1.790437,4.284938e+05,-2.442004e+05,-1.132519e+05,1.007822e+00,9.684511e+04
959,9.691798e+04,7.567226,2.287586,1.226394,-4.807049e+05,-1.453180e+05,-7.790615e+04,3.462276e-01,3.355568e+04
960,9.701514e+04,4.055415,3.397868,-6.000676,-2.577476e+05,-2.159563e+05,3.813814e+05,1.010147e+00,9.799952e+04
961,9.776682e+04,1.745091,-7.789127,-0.533071,-1.113406e+05,4.969631e+05,3.401107e+04,1.006322e+00,9.838488e+04
962,9.860199e+04,-4.902012,-6.047522,-1.843299,3.140920e+05,3.874895e+05,1.181077e+05,9.962028e-01,9.822758e+04
963,1.000785e+05,7.501073,0.184415,-2.774868,-4.842097e+05,-1.190436e+04,1.791234e+05,1.012090e+00,1.012884e+05
964,1.000866e+05,2.863175,-1.843645,-7.239006,-1.848312e+05,1.190159e+05,4.673115e+05,1.006706e+00,1.007578e+05
965,1.001526e+05,-5.941374,0.961972,-5.270169,3.836699e+05,-6.212025e+04,3.403262e+05,1.006334e+00,1.007870e+05
966,1.008008e+05,2.482916,0.226350,7.601572,-1.608547e+05,-1.466397e+04,-4.924645e+05,1.002998e+00,1.011030e+05
967,1.010693e+05,0.268355,2.116159,7.710373,-1.740840e+04,-1.372770e+05,-5.001781e+05,9.289621e-01,9.388952e+04
968,1.017195e+05,4.165822,1.400439,6.684661,-2.711080e+05,-9.113935e+04,-4.350319e+05,1.007427e+00,1.024750e+05
969,1.019063e+05,-4.398508,5.485678,3.815818,2.865139e+05,-3.573309e+05,-2.485581e+05,1.008735e+00,1.027965e+05
970,1.030645e+05,0.238349,0.431681,-7.984788,-1.561375e+04,-2.827855e+04,5.230674e+05,1.006462e+00,1.037306e+05
971,1.039392e+05,-5.086640,0.988929,6.094925,3.346266e+05,-6.505706e+04,-4.009570e+05,2.500055e-01,2.598539e+04
972,1.044518e+05,-2.339585,4.916358,-5.861380,1.542895e+05,-3.242209e+05,3.865426e+05,1.006589e+00,1.051400e+05
973,1.047634e+05,0.756453,-7.897395,-1.029042,-4.996049e+04,5.215890e+05,6.796379e+04,1.006316e+00,1.054251e+05
974,1.051003e+05,-0.191081,0.155021,-7.996215,1.264036e+04,-1.025493e+04,5.289639e+05,1.006391e+00,1.057719e+05
975,1.065269e+05,0.076652,7.816709,-1.700936,-5.104936e+03,-5.205869e+05,1.132811e+05,1.007990e+00,1.073781e+05
976,1.066199e+05,-0.187336,7.310968,-3.242630,1.248189e+04,-4.871174e+05,2.160510e+05,1.007983e+00,1.074711e+05
977,1.077578e+05,-4.107282,0.577348,6.840826,2.751177e+05,-3.867246e+04,-4.582184e+05,0.000000e+00,0.000000e+00
978,1.107553e+05,2.775445,-5.762414,-4.805360,-1.884754e+05,3.913149e+05,3.263231e+05,1.006433e+00,1.114677e+05
979,1.108986e+05,-3.033759,-1.677052,7.209980,2.061502e+05,1.139592e+05,-4.899331e+05,0.000000e+00,0.000000e+00
980,1.110452e+05,-0.918147,0.673686,-7.918532,6.243124e+04,-4.580863e+04,5.384362e+05,1.006363e+00,1.117518e+05
981,1.114406e+05,-2.244608,6.757040,3.647486,1.528980e+05,-4.602755e+05,-2.484591e+05,1.007624e+00,1.122902e+05
982,1.120273e+05,7.573999,-0.212952,-2.566942,-5.172814e+05,1.454395e+04,1.753144e+05,1.011870e+00,1.133571e+05
983,1.163230e+05,1.439887,-6.667320,-4.180140,-1.002077e+05,4.640062e+05,2.909131e+05,1.006357e+00,1.170624e+05
984,1.221728e+05,0.006764,-5.598427,5.714680,-4.824374e+02,3.992941e+05,-4.075856e+05,1.006582e+00,1.229769e+05
985,1.230656e+05,3.311943,-0.910179,7.225137,-2.370778e+05,6.515304e+04,-5.171947e+05,1.006486e+00,1.238639e+05
986,1.276543e+05,-1.302503,-0.124069,-7.892281,9.495901e+04,9.045256e+03,5.753868e+05,1.006281e+00,1.284561e+05
987,1.295534e+05,-0.852579,-0.714306,7.922302,6.261793e+04,5.246245e+04,-5.818560e+05,5.545462e-02,7.184336e+03
988,1.301819e+05,2.391665,-5.782960,-4.983705,-1.760822e+05,4.257603e+05,3.669166e+05,1.006361e+00,1.310100e+05
989,1.335318e+05,-7.309394,0.678306,3.180041,5.450213e+05,-5.057753e+04,-2.371182e+05,1.009227e+00,1.347639e+05
990,1.339121e+05,-0.389755,3.453011,-7.205887,2.910323e+04,-2.578384e+05,5.380678e+05,1.006649e+00,1.348025e+05
991,1.364527e+05,2.819277,5.284601,-5.303270,-2.125047e+05,-3.983299e+05,3.997370e+05,1.009084e+00,1.376922e+05
992,1.395754e+05,6.322892,-0.400251,-4.884756,-4.820142e+05,3.051244e+04,3.723805e+05,1.008903e+00,1.408180e+05
993,1.443602e+05,6.010318,-0.316685,5.270274,-4.659731e+05,2.455219e+04,-4.085983e+05,1.008534e+00,1.455922e+05
994,1.449688e+05,-0.207130,2.581747,-7.569127,1.609235e+04,-2.005813e+05,5.880614e+05,1.006522e+00,1.459143e+05
995,1.461057e+05,5.814907,4.435926,3.241823,-4.535404e+05,-3.459853e+05,-2.528498e+05,1.025378e-01,1.498136e+04
996,1.465931e+05,3.130163,-5.103036,-5.306703,-2.445476e+05,3.986806e+05,4.145923e+05,1.006379e+00,1.475282e+05
997,1.468326e+05,6.135843,-1.455737,-4.922627,-4.797612e+05,1.138240e+05,3.848999e+05,1.007921e+00,1.479957e+05
998,1.470322e+05,-1.191152,-0.945536,-7.854115,9.319941e+04,7.398162e+04,6.145300e+05,1.006238e+00,1.479493e+05
999,1.504141e+05,-0.381770,2.521038,7.582784,3.021246e+04,-1.995094e+05,-6.000848e+05,9.437533e-01,1.419538e+05

Summary
Radius,2.000000m
Current,1.0000e+05A
Temperature,1.0000e+08K
Mass,4.6844e-26kg
Charge,2.2431e-18C
Dose expected value,2.8883e+04
Total,1000
Seed,92135
