i,eV,x_0,y_0,z_0,v_x,v_y,v_z,hit_p,exp_eV
0,4.749881e+02,5.374109,5.834810,1.036315,-6.323194e+04,-6.865256e+04,-1.219332e+04,1.493546e+00,7.094169e+02
1,6.267648e+02,1.312008,6.641518,-4.262496,-1.773280e+04,-8.976527e+04,5.761094e+04,1.008695e+00,6.322144e+02
2,6.974834e+02,7.322249,-3.185409,-0.487684,-1.043999e+05,4.541725e+04,6.953352e+03,1.007904e+00,7.029964e+02
3,7.905246e+02,7.778017,1.716650,-0.745365,-1.180634e+05,-2.605722e+04,1.131397e+04,1.007884e+00,7.967568e+02
4,8.097310e+02,1.665659,0.080629,7.824262,-2.558852e+04,-1.238661e+03,-1.201994e+05,1.009553e+00,8.174662e+02
5,8.375402e+02,-0.671056,-1.599362,-7.809720,1.048457e+04,2.498839e+04,1.220189e+05,1.013487e+00,8.488358e+02
6,8.775677e+02,-6.981656,-1.192689,-3.719406,1.116574e+05,1.907463e+04,5.948433e+04,9.989360e-01,8.766340e+02
7,9.708295e+02,-1.641088,-5.182342,-5.869426,2.760527e+04,8.717386e+04,9.873151e+04,1.012288e+00,9.827590e+02
8,9.874519e+02,6.560286,2.016607,4.110467,-1.112934e+05,-3.421116e+04,-6.973292e+04,1.008069e+00,9.954199e+02
9,1.235137e+03,0.293739,-7.288808,3.284355,-5.573250e+03,1.382938e+05,-6.231554e+04,1.009102e+00,1.246379e+03
10,1.276946e+03,5.563296,-0.612415,-5.716177,-1.073265e+05,1.181464e+04,1.102759e+05,1.007202e+00,1.286143e+03
11,1.281522e+03,2.544165,1.250060,-7.480947,-4.916964e+04,-2.415921e+04,1.445800e+05,1.007630e+00,1.291299e+03
12,1.453862e+03,-7.351896,3.104337,0.559205,1.513386e+05,-6.390270e+04,-1.151123e+04,1.007566e+00,1.464862e+03
13,1.598116e+03,-0.622884,3.947690,6.930206,1.344312e+04,-8.519926e+04,-1.495681e+05,1.009087e+00,1.612639e+03
14,1.660043e+03,1.210798,-0.907235,7.855628,-2.663301e+04,1.995576e+04,-1.727942e+05,1.007613e+00,1.672681e+03
15,1.760725e+03,-6.738847,-0.191557,4.307116,1.526582e+05,4.339436e+03,-9.757105e+04,1.005311e+00,1.770075e+03
16,1.776446e+03,-2.248000,0.085118,7.677190,5.115182e+04,-1.936796e+03,-1.746896e+05,1.009010e+00,1.792453e+03
17,1.908775e+03,6.687549,3.341530,2.847957,-1.577368e+05,-7.881547e+04,-6.717373e+04,1.021797e+00,1.950381e+03
18,1.916282e+03,6.812767,-4.097687,0.891717,-1.610060e+05,9.684055e+04,-2.107393e+04,1.006810e+00,1.929332e+03
19,1.997245e+03,5.027028,1.636314,-6.004287,-1.212874e+05,-3.947944e+04,1.448658e+05,1.006753e+00,2.010731e+03
20,2.209891e+03,4.683261,4.704813,-4.464505,-1.188564e+05,-1.194034e+05,1.133046e+05,1.006755e+00,2.224818e+03
21,2.284933e+03,-4.172353,-4.417639,-5.203454,1.076729e+05,1.140029e+05,1.342818e+05,8.781443e-01,2.006501e+03
22,2.378274e+03,5.020097,-4.229411,4.572822,-1.321697e+05,1.113524e+05,-1.203938e+05,1.006700e+00,2.394209e+03
23,2.392679e+03,-3.708683,-0.310028,-7.081635,9.793786e+04,8.187120e+03,1.870098e+05,1.010070e+00,2.416773e+03
24,2.435186e+03,4.197759,-6.477876,2.101417,-1.118336e+05,1.725788e+05,-5.598439e+04,1.006919e+00,2.452035e+03
25,2.542936e+03,-4.164990,0.851143,6.777051,1.133888e+05,-2.317176e+04,-1.845003e+05,9.877137e-01,2.511693e+03
26,2.560290e+03,-0.746607,-0.360855,7.956907,2.039506e+04,9.857485e+03,-2.173589e+05,1.007628e+00,2.579818e+03
27,2.576263e+03,-5.686856,0.054309,-5.626431,1.558318e+05,-1.488191e+03,1.541760e+05,1.010752e+00,2.603963e+03
28,2.608794e+03,2.946127,-2.414342,-7.035005,-8.123816e+04,6.657441e+04,1.939872e+05,1.007304e+00,2.627848e+03
29,2.611823e+03,0.739100,3.100149,7.337766,-2.039220e+04,-8.553487e+04,-2.024531e+05,1.008066e+00,2.632890e+03
30,2.655281e+03,-1.186670,7.619905,2.128112,3.301215e+04,-2.119793e+05,-5.920227e+04,1.007280e+00,2.674611e+03
31,2.681378e+03,-1.367523,-5.301197,5.833283,3.822983e+04,1.481977e+05,-1.630725e+05,1.007129e+00,2.700493e+03
32,2.723849e+03,-2.925177,6.474259,-3.677949,8.241994e+04,-1.824191e+05,1.036301e+05,1.006724e+00,2.742164e+03
33,2.730509e+03,-3.138961,-6.819774,2.763622,8.855161e+04,1.923891e+05,-7.796312e+04,1.009321e+00,2.755961e+03
34,2.866290e+03,2.239337,2.983805,-7.076883,-6.472442e+04,-8.624208e+04,2.045459e+05,1.006667e+00,2.885400e+03
35,2.918428e+03,3.450468,-0.992849,7.149023,-1.006332e+05,2.895652e+04,-2.085018e+05,1.006759e+00,2.938153e+03
36,3.004595e+03,-6.581989,4.248959,-1.619805,1.947775e+05,-1.257373e+05,4.793407e+04,1.006965e+00,3.025521e+03
37,3.016190e+03,-0.972814,0.070325,-7.940320,2.884351e+04,-2.085119e+03,2.354269e+05,1.007660e+00,3.039296e+03
38,3.021287e+03,2.281723,6.986139,-3.160317,-6.770918e+04,-2.073108e+05,9.378111e+04,1.006676e+00,3.041456e+03
39,3.063645e+03,-2.697425,-3.774866,-6.517230,8.060412e+04,1.128001e+05,1.947471e+05,1.013237e+00,3.104197e+03
40,3.145894e+03,-4.715940,0.703502,6.423783,1.428003e+05,-2.130228e+04,-1.945143e+05,9.929682e-01,3.123773e+03
41,3.147545e+03,2.814009,-1.999630,7.216844,-8.523151e+04,6.056537e+04,-2.185858e+05,1.006663e+00,3.168518e+03
42,3.236157e+03,-2.377674,1.502366,-7.489297,7.302234e+04,-4.614017e+04,2.300088e+05,1.007438e+00,3.260227e+03
43,3.461268e+03,3.823259,6.212548,3.284347,-1.214339e+05,-1.973223e+05,-1.043171e+05,1.094850e+00,3.789570e+03
44,3.470760e+03,5.234348,5.945433,1.119563,-1.664806e+05,-1.890969e+05,-3.560817e+04,1.106075e+00,3.838919e+03
45,3.520260e+03,-1.628092,0.503105,-7.816406,5.215007e+04,-1.611516e+04,2.503705e+05,1.007477e+00,3.546581e+03
46,3.564123e+03,0.489114,2.204324,-7.674746,-1.576431e+04,-7.104613e+04,2.473598e+05,1.006744e+00,3.588160e+03
47,3.580030e+03,5.131721,-6.135392,-0.149679,-1.657658e+05,1.981866e+05,4.834951e+03,1.006666e+00,3.603893e+03
48,3.667296e+03,3.271781,-7.238734,0.946664,-1.069660e+05,2.366597e+05,-3.094977e+04,1.006888e+00,3.692555e+03
49,3.688156e+03,-2.812900,-3.100667,-6.817144,9.222480e+04,1.016596e+05,2.235094e+05,1.011431e+00,3.730316e+03
50,3.889474e+03,-0.337736,-1.090672,-7.918104,1.137134e+04,3.672215e+04,2.665970e+05,1.007481e+00,3.918571e+03
51,3.929516e+03,-1.954198,7.749167,-0.362658,6.613431e+04,-2.622486e+05,1.227315e+04,1.006629e+00,3.955563e+03
52,4.137477e+03,-2.594361,1.555754,-7.406006,9.009213e+04,-5.402532e+04,2.571820e+05,1.007170e+00,4.167143e+03
53,4.138163e+03,-0.791048,-6.182939,-5.014530,2.747230e+04,2.147274e+05,1.741497e+05,1.010762e+00,4.182698e+03
54,4.166402e+03,-0.129343,-0.461785,7.985614,4.507256e+03,1.609195e+04,-2.782771e+05,1.006897e+00,4.195137e+03
55,4.167613e+03,-1.607058,-0.254403,7.832793,5.600977e+04,8.866533e+03,-2.729914e+05,1.007184e+00,4.197552e+03
56,4.314598e+03,-6.710662,0.466956,-4.330008,2.379711e+05,-1.655902e+04,1.535492e+05,1.008699e+00,4.352130e+03
57,4.365441e+03,2.346184,-1.355214,-7.527205,-8.368830e+04,4.834044e+04,2.684952e+05,1.006794e+00,4.395099e+03
58,4.393751e+03,0.171423,0.205094,-7.995533,-6.134443e+03,-7.339366e+03,2.861237e+05,1.006916e+00,4.424140e+03
59,4.522180e+03,-7.536317,2.658624,-0.368302,2.736036e+05,-9.652049e+04,1.337109e+04,1.006749e+00,4.552698e+03
60,4.538989e+03,-4.242505,1.688195,-6.568953,1.543088e+05,-6.140317e+04,2.389266e+05,1.007334e+00,4.572279e+03
61,4.543401e+03,0.888879,3.604421,7.086469,-3.234608e+04,-1.311640e+05,-2.578749e+05,1.007234e+00,4.576269e+03
62,4.563922e+03,-0.016447,-0.014750,7.999969,5.998391e+02,5.379428e+02,-2.917737e+05,1.006884e+00,4.595339e+03
63,4.620948e+03,-1.097702,-7.655947,2.044880,4.028457e+04,2.809656e+05,-7.504504e+04,1.007695e+00,4.656506e+03
64,4.675572e+03,-1.661858,-3.564243,-6.966664,6.134795e+04,1.315750e+05,2.571763e+05,1.009385e+00,4.719451e+03
65,4.678956e+03,0.964335,-1.788357,7.737689,-3.561157e+04,6.604157e+04,-2.857422e+05,1.006565e+00,4.709674e+03
66,4.692093e+03,-3.414258,-3.616270,6.266214,1.262607e+05,1.337312e+05,-2.317273e+05,1.006708e+00,4.723565e+03
67,4.717384e+03,-1.004992,0.843995,-7.891620,3.726505e+04,-3.129529e+04,2.926210e+05,1.006933e+00,4.750088e+03
68,4.733979e+03,-0.750110,6.182916,5.020845,2.786293e+04,-2.296652e+05,-1.864999e+05,1.007275e+00,4.768420e+03
69,4.739351e+03,1.308996,-6.058709,5.057526,-4.865038e+04,2.251792e+05,-1.879690e+05,1.006556e+00,4.770424e+03
70,4.755396e+03,0.420072,0.029918,-7.988908,-1.563887e+04,-1.113832e+03,2.974195e+05,1.006843e+00,4.787936e+03
71,4.803562e+03,3.221498,-6.876726,2.516464,-1.205392e+05,2.573073e+05,-9.415886e+04,1.006582e+00,4.835177e+03
72,4.849386e+03,1.686799,3.409523,7.037746,-6.341551e+04,-1.281816e+05,-2.645852e+05,1.006982e+00,4.883244e+03
73,4.851495e+03,-0.113073,2.508694,7.595635,4.251925e+03,-9.433527e+04,-2.856213e+05,1.007328e+00,4.887048e+03
74,4.884765e+03,-3.185977,-3.600874,-6.394002,1.202135e+05,1.358684e+05,2.412589e+05,1.011920e+00,4.942992e+03
75,4.950565e+03,0.134997,-7.306129,-3.256110,-5.127918e+03,2.775258e+05,1.236845e+05,1.008813e+00,4.994192e+03
76,4.971098e+03,-5.495286,-3.899235,4.312516,2.091728e+05,1.484206e+05,-1.641518e+05,1.007061e+00,5.006199e+03
77,5.048303e+03,5.899259,5.363641,-0.655813,-2.262866e+05,-2.057411e+05,2.515598e+04,1.006370e+00,5.080461e+03
78,5.076237e+03,-5.470164,-3.375278,-4.762857,2.104069e+05,1.298283e+05,1.832007e+05,9.570148e-01,4.858034e+03
79,5.120516e+03,1.791848,2.890808,-7.241030,-6.922240e+04,-1.116773e+05,2.797344e+05,1.006432e+00,5.153450e+03
80,5.148098e+03,-6.277609,-2.342218,4.371000,2.431679e+05,9.072759e+04,-1.693140e+05,1.006642e+00,5.182291e+03
81,5.149858e+03,-7.571935,-1.372965,-2.186496,2.933548e+05,5.319195e+04,8.471004e+04,1.009996e+00,5.201334e+03
82,5.173131e+03,-6.661879,3.091605,3.171963,2.586796e+05,-1.200465e+05,-1.231668e+05,1.005086e+00,5.199441e+03
83,5.175861e+03,-7.093849,2.460385,2.761125,2.755256e+05,-9.556151e+04,-1.072423e+05,1.006028e+00,5.207061e+03
84,5.198592e+03,5.047648,2.703662,5.586722,-1.964810e+05,-1.052408e+05,-2.174646e+05,1.006540e+00,5.232590e+03
85,5.280095e+03,-2.693025,-5.388481,-5.264209,1.056452e+05,2.113858e+05,2.065107e+05,1.011837e+00,5.342595e+03
86,5.282326e+03,1.405850,-0.508605,-7.859065,-5.516205e+04,1.995639e+04,3.083700e+05,1.006704e+00,5.317736e+03
87,5.313494e+03,-6.778969,1.720845,-3.883848,2.667733e+05,-6.772056e+04,1.528414e+05,1.007349e+00,5.352543e+03
88,5.464735e+03,-2.867758,-2.242981,7.123552,1.144500e+05,8.951562e+04,-2.842954e+05,1.006630e+00,5.500969e+03
89,5.484317e+03,-4.435973,6.632806,-0.572730,1.773531e+05,-2.651840e+05,2.289812e+04,1.006477e+00,5.519839e+03
90,5.519370e+03,7.174651,0.675956,-3.473826,-2.877625e+05,-2.711139e+04,1.393290e+05,1.006294e+00,5.554108e+03
91,5.524837e+03,0.652891,-0.370514,-7.964700,-2.619926e+04,1.486802e+04,3.196082e+05,1.006760e+00,5.562183e+03
92,5.525915e+03,4.411012,-6.581352,1.108505,-1.770227e+05,2.641228e+05,-4.448654e+04,1.006484e+00,5.561742e+03
93,5.539763e+03,6.306729,0.880756,-4.842462,-2.534186e+05,-3.539076e+04,1.945810e+05,1.006300e+00,5.574661e+03
94,5.615110e+03,-5.186367,2.181230,-5.687163,2.098124e+05,-8.824077e+04,2.300719e+05,1.007057e+00,5.654738e+03
95,5.621456e+03,-1.870345,-5.265476,-5.725083,7.570679e+04,2.131330e+05,2.317367e+05,1.011093e+00,5.683813e+03
96,5.748576e+03,1.986786,0.053116,7.749185,-8.132421e+04,-2.174167e+03,-3.171939e+05,1.006543e+00,5.786190e+03
97,5.810978e+03,4.692670,-3.262897,-5.597531,-1.931227e+05,1.342816e+05,2.303614e+05,1.006482e+00,5.848643e+03
98,5.829037e+03,7.980185,0.318147,-0.464153,-3.289274e+05,-1.311338e+04,1.913145e+04,1.006321e+00,5.865885e+03
99,5.917240e+03,-4.827378,-1.370395,6.230444,2.004747e+05,5.691073e+04,-2.587422e+05,1.006467e+00,5.955509e+03
100,5.933541e+03,-4.424523,-4.529245,-4.889738,1.839976e+05,1.883525e+05,2.033440e+05,9.361072e-01,5.554430e+03
101,6.003346e+03,-1.392431,7.228067,3.133078,5.824507e+04,-3.023483e+05,-1.310559e+05,1.006760e+00,6.043925e+03
102,6.058461e+03,-0.945930,2.381757,7.578420,3.974924e+04,-1.000846e+05,-3.184553e+05,1.007278e+00,6.102552e+03
103,6.102511e+03,0.223793,-1.364099,7.879667,-9.438222e+03,5.752927e+04,-3.323157e+05,1.006518e+00,6.142287e+03
104,6.104760e+03,3.434875,5.433143,4.762624,-1.448885e+05,-2.291786e+05,-2.008951e+05,1.006483e+00,6.144338e+03
105,6.120149e+03,-7.906715,1.109872,-0.502035,3.339380e+05,-4.687514e+04,2.120333e+04,1.006844e+00,6.162037e+03
106,6.158715e+03,2.340350,3.234511,-6.932582,-9.915500e+04,-1.370384e+05,2.937168e+05,1.006346e+00,6.197799e+03
107,6.197334e+03,-6.093188,-3.239718,4.046886,2.589618e+05,1.376887e+05,-1.719935e+05,1.006802e+00,6.239490e+03
108,6.204790e+03,0.041514,-0.003429,7.999892,-1.765408e+03,1.458292e+02,-3.402016e+05,1.006662e+00,6.246129e+03
109,6.240016e+03,7.860149,1.466440,0.260035,-3.352064e+05,-6.253825e+04,-1.108955e+04,1.006331e+00,6.279520e+03
110,6.263724e+03,-0.550954,-7.929012,-0.909513,2.354076e+04,3.387849e+05,3.886097e+04,1.008175e+00,6.314930e+03
111,6.328244e+03,3.203255,3.104439,6.640905,-1.375694e+05,-1.333256e+05,-2.852053e+05,1.006603e+00,6.370027e+03
112,6.366114e+03,-2.323846,-2.026162,7.382033,1.000998e+05,8.727705e+04,-3.179815e+05,1.006562e+00,6.407888e+03
113,6.468717e+03,3.734379,-1.109701,-6.987344,-1.621497e+05,4.818410e+04,3.033960e+05,1.006425e+00,6.510279e+03
114,6.486447e+03,-0.440126,7.762579,1.883789,1.913681e+04,-3.375189e+05,-8.190763e+04,1.006558e+00,6.528986e+03
115,6.534903e+03,4.378848,-3.269945,-5.842358,-1.911033e+05,1.427081e+05,2.549743e+05,1.006468e+00,6.577170e+03
116,6.614565e+03,-6.627478,2.068489,-3.974655,2.909964e+05,-9.082229e+04,1.745174e+05,1.006986e+00,6.660776e+03
117,6.631486e+03,1.988965,7.659000,-1.176326,-8.744222e+04,-3.367179e+05,5.171562e+04,1.006408e+00,6.673979e+03
118,6.669434e+03,3.506436,6.987178,1.698310,-1.545963e+05,-3.080597e+05,-7.487727e+04,1.006338e+00,6.711706e+03
119,6.732995e+03,-1.508694,-3.636781,-6.964027,6.683346e+04,1.611054e+05,3.084986e+05,1.008348e+00,6.789199e+03
120,6.807271e+03,1.970158,-0.333063,7.746454,-8.775590e+04,1.483550e+04,-3.450469e+05,1.006449e+00,6.851173e+03
121,6.881263e+03,0.689484,-5.617458,5.654094,-3.087784e+04,2.515722e+05,-2.532129e+05,1.006407e+00,6.925353e+03
122,6.969197e+03,0.679332,-5.629297,-5.643539,-3.061695e+04,2.537080e+05,2.543499e+05,1.007572e+00,7.021970e+03
123,6.977068e+03,-0.379665,-0.829249,7.947842,1.712089e+04,3.739471e+04,-3.584053e+05,1.006544e+00,7.022725e+03
124,7.050364e+03,1.256900,6.985722,-3.690514,-5.697644e+04,-3.166691e+05,1.672944e+05,1.006319e+00,7.094912e+03
125,7.074827e+03,-3.704815,3.873121,5.939132,1.682337e+05,-1.758764e+05,-2.696929e+05,4.065547e-01,2.876304e+03
126,7.157796e+03,1.939804,3.324092,7.013385,-8.860051e+04,-1.518278e+05,-3.203362e+05,1.006660e+00,7.205470e+03
127,7.280190e+03,-0.668273,-1.082773,-7.898165,3.078321e+04,4.987666e+04,3.638197e+05,1.006895e+00,7.330387e+03
128,7.312085e+03,-0.326553,-0.310716,7.987291,1.507519e+04,1.434408e+04,-3.687303e+05,1.006572e+00,7.360140e+03
129,7.408135e+03,-0.236139,-1.322175,7.886450,1.097265e+04,6.143728e+04,-3.664584e+05,1.006466e+00,7.456040e+03
130,7.499862e+03,-1.619242,-0.196034,7.831962,7.570544e+04,9.165321e+03,-3.661726e+05,1.006691e+00,7.550044e+03
131,7.532531e+03,6.803295,-0.982203,4.092733,-3.187707e+05,4.602147e+04,-1.917664e+05,1.006320e+00,7.580139e+03
132,7.571579e+03,-0.173309,-4.098469,6.868225,8.141454e+03,1.925323e+05,-3.226461e+05,1.006365e+00,7.619771e+03
133,7.599030e+03,5.337228,-2.123817,5.568070,-2.511791e+05,9.995049e+04,-2.620429e+05,1.006303e+00,7.646924e+03
134,7.615398e+03,2.746156,2.706712,7.009446,-1.293779e+05,-1.275196e+05,-3.302317e+05,1.006533e+00,7.665153e+03
135,7.619344e+03,5.784728,4.497865,3.210316,-2.726029e+05,-2.119600e+05,-1.512848e+05,1.112761e+00,8.478509e+03
136,7.641661e+03,-3.623317,6.871674,-1.910933,1.709972e+05,-3.242986e+05,9.018368e+04,1.006330e+00,7.690030e+03
137,7.670378e+03,0.335329,-6.466532,-4.698034,-1.585507e+04,3.057514e+05,2.221330e+05,1.007784e+00,7.730083e+03
138,7.672936e+03,6.667964,-2.873476,3.358778,-3.153281e+05,1.358867e+05,-1.588367e+05,1.006278e+00,7.721109e+03
139,7.706317e+03,-5.267370,1.527715,5.824165,2.496353e+05,-7.240263e+04,-2.760233e+05,9.763530e-01,7.524085e+03
140,7.750392e+03,-5.566107,2.988485,4.907893,2.645465e+05,-1.420370e+05,-2.332629e+05,7.876495e-01,6.104592e+03
141,7.773840e+03,1.670856,7.793192,-0.688766,-7.953266e+04,-3.709555e+05,3.278522e+04,1.006372e+00,7.823373e+03
142,7.785370e+03,4.123892,-4.758839,-4.934265,-1.964425e+05,2.266884e+05,2.350449e+05,1.006488e+00,7.835882e+03
143,7.884394e+03,-5.880614,5.329272,1.008581,2.819003e+05,-2.554705e+05,-4.834856e+04,1.006401e+00,7.934864e+03
144,8.036494e+03,0.022812,-0.077874,7.999588,-1.104032e+03,3.768915e+03,-3.871592e+05,1.006522e+00,8.088910e+03
145,8.066460e+03,-2.262729,-3.809050,6.661171,1.097142e+05,1.846915e+05,-3.229838e+05,1.006410e+00,8.118169e+03
146,8.068701e+03,0.898578,1.006916,-7.885346,-4.357587e+04,-4.882966e+04,3.823941e+05,1.006423e+00,8.120522e+03
147,8.151166e+03,-5.581992,-4.386361,3.687981,2.720744e+05,2.137977e+05,-1.797576e+05,1.006920e+00,8.207569e+03
148,8.151589e+03,-3.970780,-0.241261,-6.940799,1.935467e+05,1.175971e+04,3.383135e+05,1.007355e+00,8.211542e+03
149,8.171066e+03,-3.505684,6.430856,-3.217805,1.710806e+05,-3.138317e+05,1.570319e+05,1.006306e+00,8.222597e+03
150,8.179030e+03,5.165588,1.375553,-5.951853,-2.522083e+05,-6.716097e+04,2.905974e+05,1.006247e+00,8.230125e+03
151,8.193346e+03,-5.071835,-0.618175,6.155839,2.478474e+05,3.020862e+04,-3.008199e+05,1.006246e+00,8.244524e+03
152,8.241985e+03,5.404407,3.381950,-4.832680,-2.648821e+05,-1.657570e+05,2.368605e+05,1.006246e+00,8.293462e+03
153,8.266940e+03,-0.548850,7.402680,2.983136,2.694105e+04,-3.633708e+05,-1.464314e+05,1.006542e+00,8.321023e+03
154,8.402013e+03,0.868495,7.915798,0.765414,-4.297816e+04,-3.917194e+05,-3.787710e+04,1.006392e+00,8.455720e+03
155,8.414411e+03,0.850194,-0.122427,7.953753,-4.210356e+04,6.062867e+03,-3.938879e+05,1.006443e+00,8.468627e+03
156,8.523744e+03,7.520041,1.514936,-2.270232,-3.748211e+05,-7.550888e+04,1.131551e+05,1.006236e+00,8.576895e+03
157,8.565238e+03,-3.810239,6.974450,-0.916042,1.903753e+05,-3.484724e+05,4.576924e+04,1.006325e+00,8.619409e+03
158,8.622550e+03,-0.682417,0.472718,-7.956811,3.421026e+04,-2.369786e+04,3.988831e+05,1.006560e+00,8.679112e+03
159,8.628987e+03,2.420279,-2.659374,7.146326,-1.213763e+05,1.333669e+05,-3.583863e+05,1.006290e+00,8.683265e+03
160,8.634930e+03,-1.086357,-1.305200,-7.817690,5.449925e+04,6.547797e+04,3.921900e+05,1.006888e+00,8.694408e+03
161,8.752244e+03,3.112701,-7.142885,-1.813914,-1.572120e+05,3.607631e+05,9.161469e+04,1.006572e+00,8.809767e+03
162,8.762562e+03,3.532770,-1.265604,7.065252,-1.785335e+05,6.395905e+04,-3.570523e+05,1.006304e+00,8.817798e+03
163,8.774942e+03,-1.325689,1.987725,7.634887,6.704283e+04,-1.005234e+05,-3.861121e+05,1.006937e+00,8.835817e+03
164,8.809996e+03,3.442712,0.487875,-7.204840,-1.744525e+05,-2.472208e+04,3.650908e+05,1.006299e+00,8.865488e+03
165,8.948913e+03,-2.965848,-5.778083,-4.670921,1.514686e+05,2.950921e+05,2.385483e+05,1.008484e+00,9.024840e+03
166,8.968412e+03,2.524196,6.615119,3.724062,-1.290534e+05,-3.382082e+05,-1.903984e+05,1.006392e+00,9.025741e+03
167,8.982494e+03,3.253195,3.968374,6.137486,-1.664551e+05,-2.030485e+05,-3.140347e+05,1.006449e+00,9.040419e+03
168,9.030216e+03,-0.566991,-0.340221,7.972626,2.908803e+04,1.745415e+04,-4.090149e+05,1.006491e+00,9.088827e+03
169,9.117891e+03,0.149098,-1.918530,7.765115,-7.686141e+03,9.890187e+04,-4.002983e+05,1.006350e+00,9.175789e+03
170,9.125244e+03,6.969729,-3.523550,1.734205,-3.594404e+05,1.817153e+05,-8.943579e+04,1.006238e+00,9.182171e+03
171,9.171730e+03,3.711637,-6.627020,-2.511247,-1.919021e+05,3.426357e+05,1.298386e+05,1.006488e+00,9.231240e+03
172,9.186338e+03,-3.856612,-0.470881,6.993198,1.995565e+05,2.436525e+04,-3.618559e+05,1.006489e+00,9.245950e+03
173,9.264993e+03,-7.107808,-3.585696,-0.788571,3.693575e+05,1.863308e+05,4.097814e+04,1.008047e+00,9.339550e+03
174,9.269120e+03,-3.936734,-6.856639,-1.220096,2.046181e+05,3.563848e+05,6.341647e+04,9.999247e-01,9.268421e+03
175,9.270003e+03,-3.844038,-6.785346,-1.783942,1.998096e+05,3.526961e+05,9.272764e+04,9.756191e-01,9.043992e+03
176,9.324658e+03,-7.462068,2.883449,-0.057170,3.890132e+05,-1.503202e+05,2.980375e+03,1.006383e+00,9.384179e+03
177,9.413231e+03,7.823438,1.576964,-0.554071,-4.097847e+05,-8.259997e+04,2.902176e+04,1.006240e+00,9.471973e+03
178,9.429293e+03,2.579255,0.577544,7.550754,-1.352143e+05,-3.027706e+04,-3.958390e+05,1.006367e+00,9.489334e+03
179,9.469427e+03,-7.122436,-2.405076,-2.736148,3.741787e+05,1.263512e+05,1.437441e+05,1.009471e+00,9.559108e+03
180,9.657451e+03,1.102864,-7.916546,0.334641,-5.851161e+04,4.200062e+05,-1.775414e+04,1.006707e+00,9.722224e+03
181,9.669044e+03,-2.613075,-7.553984,0.330414,1.387178e+05,4.010112e+05,-1.754036e+04,1.008338e+00,9.749667e+03
182,9.704894e+03,-1.502766,-5.922363,5.164040,7.992367e+04,3.149772e+05,-2.746462e+05,1.006435e+00,9.767340e+03
183,9.721014e+03,-1.497277,7.821302,-0.765115,7.969784e+04,-4.163164e+05,4.072596e+04,1.006295e+00,9.782211e+03
184,9.726187e+03,0.698623,7.595753,-2.411734,-3.719656e+04,-4.044183e+05,1.284072e+05,1.006272e+00,9.787190e+03
185,9.806545e+03,3.737721,-2.047118,-6.770432,-1.998267e+05,1.094434e+05,3.619621e+05,1.006341e+00,9.868725e+03
186,9.817699e+03,0.307098,2.464520,-7.604724,-1.642749e+04,-1.318335e+05,4.067963e+05,1.006320e+00,9.879747e+03
187,9.837635e+03,-0.927665,-1.302713,-7.838519,4.967357e+04,6.975619e+04,4.197281e+05,1.006762e+00,9.904156e+03
188,9.932070e+03,0.752094,-0.923614,-7.910834,-4.046511e+04,4.969347e+04,4.256286e+05,1.006497e+00,9.996597e+03
189,9.936193e+03,4.608779,4.491541,-4.752390,-2.480188e+05,-2.417097e+05,2.557471e+05,1.006229e+00,9.998088e+03
190,9.965465e+03,1.924504,1.546566,7.609495,-1.037185e+05,-8.335004e+04,-4.101033e+05,1.006422e+00,1.002946e+04
191,1.002800e+04,-3.090432,4.573565,-5.790659,1.670764e+05,-2.472582e+05,3.130574e+05,1.006317e+00,1.009135e+04
192,1.002804e+04,-3.785099,6.808027,-1.823126,2.046323e+05,-3.680595e+05,9.856292e+04,1.006275e+00,1.009097e+04
193,1.004753e+04,0.189435,0.615520,-7.974036,-1.025128e+04,-3.330889e+04,4.315156e+05,1.006418e+00,1.011202e+04
194,1.006244e+04,-4.595798,0.235815,-6.543931,2.488864e+05,-1.277063e+04,3.543879e+05,1.007077e+00,1.013365e+04
195,1.009243e+04,1.945146,3.047247,7.136574,-1.054967e+05,-1.652701e+05,-3.870582e+05,1.006483e+00,1.015786e+04
196,1.017934e+04,-5.687188,5.299866,1.888731,3.097748e+05,-2.886778e+05,-1.028771e+05,1.006346e+00,1.024393e+04
197,1.030306e+04,-0.873270,-1.222746,7.857626,4.785423e+04,6.700515e+04,-4.305893e+05,1.006387e+00,1.036887e+04
198,1.035343e+04,1.955079,-1.464903,-7.617856,-1.073977e+05,8.047107e+04,4.184692e+05,1.006419e+00,1.041988e+04
199,1.049096e+04,0.376154,0.692406,7.961098,-2.079996e+04,-3.828747e+04,-4.402194e+05,1.006451e+00,1.055863e+04
200,1.051902e+04,-6.059473,-0.851309,5.153452,3.355144e+05,4.713720e+04,-2.853478e+05,1.006156e+00,1.058377e+04
201,1.053447e+04,-3.809684,-2.313621,-6.643303,2.110979e+05,1.281997e+05,3.681112e+05,1.008339e+00,1.062231e+04
202,1.058252e+04,7.203019,-2.858607,-1.986172,-4.000349e+05,1.587588e+05,1.103062e+05,1.006208e+00,1.064822e+04
203,1.065498e+04,3.286179,-3.055602,6.623015,-1.831286e+05,1.702792e+05,-3.690801e+05,1.006239e+00,1.072145e+04
204,1.074854e+04,-0.352280,-1.780937,7.791288,1.971746e+04,9.968091e+04,-4.360864e+05,1.006329e+00,1.081656e+04
205,1.076955e+04,1.615382,-1.535002,7.683379,-9.050297e+04,8.599959e+04,-4.304668e+05,1.006285e+00,1.083724e+04
206,1.093149e+04,-5.913534,3.407758,-4.173404,3.337916e+05,-1.923522e+05,2.355694e+05,1.006433e+00,1.100181e+04
207,1.099108e+04,2.046017,-4.891914,-5.990241,-1.158026e+05,2.768775e+05,3.390417e+05,1.006626e+00,1.106391e+04
208,1.099734e+04,6.362149,-4.838131,0.339926,-3.601939e+05,2.739114e+05,-1.924495e+04,1.006226e+00,1.106581e+04
209,1.102901e+04,-4.775571,4.628750,-4.446190,2.707585e+05,-2.624343e+05,2.520838e+05,1.006322e+00,1.109873e+04
210,1.106972e+04,7.068539,3.704118,0.561486,-4.015009e+05,-2.103981e+05,-3.189306e+04,1.006194e+00,1.113828e+04
211,1.111009e+04,0.045545,0.603886,-7.977045,-2.591702e+03,-3.436393e+04,4.539307e+05,1.006396e+00,1.118115e+04
212,1.112669e+04,-3.043305,-6.595860,3.351557,1.733074e+05,3.756151e+05,-1.908615e+05,1.006773e+00,1.120205e+04
213,1.117851e+04,0.502892,-1.760744,7.787611,-2.870486e+04,1.005025e+05,-4.445134e+05,1.006297e+00,1.124890e+04
214,1.118478e+04,-7.958959,0.809253,0.008612,4.544213e+05,-4.620474e+04,-4.917193e+02,1.006488e+00,1.125734e+04
215,1.122419e+04,3.235410,-1.452446,7.170950,-1.850527e+05,8.307421e+04,-4.101502e+05,1.006255e+00,1.129440e+04
216,1.123312e+04,6.713295,3.708374,2.275879,-3.841268e+05,-2.121888e+05,-1.302231e+05,1.002830e+00,1.126490e+04
217,1.128632e+04,4.538790,-1.069774,6.500382,-2.603184e+05,6.135597e+04,-3.728239e+05,1.006253e+00,1.135689e+04
218,1.132929e+04,2.573490,7.336695,-1.884157,-1.478811e+05,-4.215902e+05,1.082698e+05,1.006263e+00,1.140025e+04
219,1.138190e+04,-6.288199,-3.754896,3.218589,3.621782e+05,2.162688e+05,-1.853794e+05,1.006718e+00,1.145837e+04
220,1.143390e+04,-2.914532,-2.121245,7.141836,1.682499e+05,1.224551e+05,-4.122833e+05,1.006343e+00,1.150642e+04
221,1.146886e+04,7.626264,-0.220451,2.406555,-4.409208e+05,1.274564e+04,-1.391376e+05,1.006234e+00,1.154036e+04
222,1.151575e+04,3.124006,-6.690369,3.078888,-1.809867e+05,3.876010e+05,-1.783728e+05,1.006281e+00,1.158809e+04
223,1.158148e+04,-7.109834,0.908231,-3.553221,4.130761e+05,-5.276753e+04,2.064395e+05,1.006890e+00,1.166127e+04
224,1.161531e+04,2.187449,-6.873847,3.459088,-1.272747e+05,3.999483e+05,-2.012638e+05,1.006306e+00,1.168856e+04
225,1.170629e+04,-1.777196,3.035171,7.185354,1.038087e+05,-1.772889e+05,-4.197073e+05,1.006748e+00,1.178529e+04
226,1.172587e+04,-3.334252,-5.791020,4.398506,1.949214e+05,3.385448e+05,-2.571380e+05,1.006538e+00,1.180253e+04
227,1.172827e+04,-1.576694,-1.179938,-7.753824,9.218347e+04,6.898659e+04,4.533374e+05,1.006735e+00,1.180726e+04
228,1.174599e+04,-5.870558,-0.611979,5.400188,3.434890e+05,3.580717e+04,-3.159675e+05,1.006125e+00,1.181793e+04
229,1.190396e+04,3.660068,-6.310564,-3.283395,-2.155875e+05,3.717085e+05,1.934005e+05,1.006411e+00,1.198027e+04
230,1.194867e+04,-3.632833,0.980451,7.059833,2.143848e+05,-5.785946e+04,-4.166227e+05,1.006116e+00,1.202175e+04
231,1.196418e+04,-2.420990,-4.151399,-6.395677,1.429628e+05,2.451459e+05,3.776736e+05,1.008485e+00,1.206570e+04
232,1.197650e+04,-1.626413,6.564361,4.273634,9.609137e+04,-3.878341e+05,-2.524939e+05,1.006554e+00,1.205499e+04
233,1.203999e+04,-1.025773,-5.226421,5.969281,6.076493e+04,3.096037e+05,-3.536094e+05,1.006303e+00,1.211588e+04
234,1.210454e+04,-1.287214,1.314030,7.785654,7.645634e+04,-7.804915e+04,-4.624428e+05,1.006617e+00,1.218464e+04
235,1.211074e+04,-7.102676,-3.136467,1.927320,4.219840e+05,1.863437e+05,-1.145059e+05,1.006978e+00,1.219525e+04
236,1.218183e+04,-1.926773,6.949773,3.462399,1.148089e+05,-4.141099e+05,-2.063109e+05,1.006471e+00,1.226066e+04
237,1.229106e+04,-6.724679,-4.233269,0.926353,4.024898e+05,2.533723e+05,-5.544467e+04,1.008386e+00,1.239412e+04
238,1.230584e+04,1.187257,-0.432062,7.899604,-7.110315e+04,2.587558e+04,-4.730963e+05,1.006304e+00,1.238342e+04
239,1.236344e+04,-2.727642,-1.877026,-7.282633,1.637365e+05,1.126752e+05,4.371664e+05,1.007162e+00,1.245198e+04
240,1.236939e+04,3.166322,2.442675,-6.928762,-1.901156e+05,-1.466657e+05,4.160241e+05,1.006213e+00,1.244624e+04
241,1.237800e+04,-0.258123,-0.398901,7.985878,1.550391e+04,2.395960e+04,-4.796634e+05,1.006360e+00,1.245672e+04
242,1.239706e+04,2.717930,7.501813,-0.579366,-1.633753e+05,-4.509353e+05,3.482582e+04,1.006263e+00,1.247470e+04
243,1.241984e+04,-0.739148,-3.847785,-6.974827,4.447113e+04,2.315035e+05,4.196432e+05,1.007077e+00,1.250774e+04
244,1.243099e+04,-3.865412,-6.081415,-3.474909,2.326683e+05,3.660548e+05,2.091630e+05,9.178959e-01,1.141035e+04
245,1.261769e+04,-6.637783,-1.478300,4.213605,4.025332e+05,8.964810e+04,-2.555245e+05,1.006227e+00,1.269627e+04
246,1.263883e+04,-5.714159,2.164523,5.163644,3.468123e+05,-1.313725e+05,-3.133996e+05,9.767211e-01,1.234461e+04
247,1.266757e+04,2.913773,2.642569,-6.966115,-1.770480e+05,-1.605689e+05,4.232782e+05,1.006211e+00,1.274625e+04
248,1.266848e+04,-3.956976,6.894140,-0.901761,2.404442e+05,-4.189199e+05,5.479516e+04,1.006249e+00,1.274765e+04
249,1.276795e+04,5.006809,-2.360250,5.775905,-3.054290e+05,1.439817e+05,-3.523459e+05,1.006214e+00,1.284728e+04
250,1.281491e+04,-4.599614,-3.199236,5.710380,2.811045e+05,1.955207e+05,-3.489888e+05,1.006315e+00,1.289583e+04
251,1.282085e+04,1.307779,3.718623,-6.961433,-7.994315e+04,-2.273156e+05,4.255452e+05,1.006218e+00,1.290057e+04
252,1.282857e+04,-4.907418,-4.800223,-4.107932,3.000758e+05,2.935211e+05,2.511893e+05,3.406777e-01,4.370410e+03
253,1.296354e+04,1.962169,-2.056008,7.478150,-1.206110e+05,1.263791e+05,-4.596684e+05,1.006236e+00,1.304437e+04
254,1.307471e+04,-3.547655,-7.079408,1.138476,2.190010e+05,4.370204e+05,-7.027949e+04,1.007787e+00,1.317653e+04
255,1.320947e+04,3.445595,0.708343,-7.185132,-2.137940e+05,-4.395163e+04,4.458267e+05,1.006224e+00,1.329168e+04
256,1.321395e+04,-0.791340,-1.271991,7.858487,4.910978e+04,7.893851e+04,-4.876902e+05,1.006314e+00,1.329739e+04
257,1.322214e+04,-0.775773,4.138291,6.802406,4.815864e+04,-2.568979e+05,-4.222816e+05,1.006698e+00,1.331070e+04
258,1.324881e+04,6.112235,-4.604543,-2.332116,-3.798194e+05,2.861302e+05,1.449196e+05,1.006218e+00,1.333120e+04
259,1.327192e+04,-2.832839,-7.279131,-1.728952,1.761884e+05,4.527256e+05,1.075322e+05,1.009751e+00,1.340133e+04
260,1.332536e+04,-4.368329,1.906569,6.425162,2.722347e+05,-1.188175e+05,-4.004167e+05,8.847017e-01,1.178897e+04
261,1.333324e+04,-0.780684,5.499524,5.757236,4.866667e+04,-3.428322e+05,-3.588976e+05,1.006617e+00,1.342146e+04
262,1.335580e+04,-0.956726,0.139527,-7.941361,5.969131e+04,-8.705244e+03,4.954714e+05,1.006436e+00,1.344176e+04
263,1.339682e+04,1.027145,4.945784,-6.203563,-6.418320e+04,-3.090471e+05,3.876419e+05,1.006202e+00,1.347990e+04
264,1.341882e+04,7.544232,-1.934260,-1.828443,-4.718032e+05,1.209653e+05,1.143477e+05,1.006176e+00,1.350170e+04
265,1.344905e+04,5.511253,5.798614,-0.046589,-3.450522e+05,-3.630435e+05,2.916902e+03,1.006180e+00,1.353217e+04
266,1.349462e+04,-2.906038,-0.092404,7.452946,1.822512e+05,5.795092e+03,-4.674089e+05,1.006458e+00,1.358177e+04
267,1.350520e+04,-3.657629,-6.546063,2.787617,2.294768e+05,4.106949e+05,-1.748929e+05,1.006875e+00,1.359805e+04
268,1.352101e+04,1.475687,-2.640992,7.405910,-9.263769e+04,1.657908e+05,-4.649131e+05,1.006227e+00,1.360521e+04
269,1.360008e+04,-2.187607,-2.935659,-7.113106,1.377301e+05,1.848269e+05,4.478358e+05,1.007271e+00,1.369897e+04
270,1.360983e+04,5.712046,4.463137,3.384218,-3.597550e+05,-2.810965e+05,-2.131442e+05,1.605937e+00,2.185654e+04
271,1.361255e+04,-1.488819,-7.598080,-2.013106,9.377787e+04,4.785885e+05,1.268017e+05,1.008087e+00,1.372263e+04
272,1.363186e+04,2.232571,3.382729,6.897302,-1.407251e+05,-2.132227e+05,-4.347559e+05,1.006373e+00,1.371873e+04
273,1.364247e+04,-1.324354,-2.458209,-7.496886,8.351017e+04,1.550080e+05,4.727332e+05,1.006834e+00,1.373570e+04
274,1.372764e+04,-3.534062,5.428438,-4.694941,2.235429e+05,-3.433693e+05,2.969728e+05,1.006234e+00,1.381322e+04
275,1.373266e+04,1.616431,-5.985075,5.056286,-1.022641e+05,3.786480e+05,-3.198878e+05,1.006242e+00,1.381838e+04
276,1.378029e+04,0.878699,1.597419,7.789489,-5.568754e+04,-1.012364e+05,-4.936587e+05,1.006382e+00,1.386823e+04
277,1.379125e+04,0.004247,-3.954922,6.954033,-2.692384e+02,2.507428e+05,-4.408870e+05,1.006236e+00,1.387725e+04
278,1.385931e+04,1.137209,-7.745235,1.648664,-7.227695e+04,4.922594e+05,-1.047832e+05,1.006422e+00,1.394831e+04
279,1.391482e+04,5.362727,-2.551490,5.360136,-3.415177e+05,1.624880e+05,-3.413527e+05,1.006200e+00,1.400110e+04
280,1.396208e+04,1.322715,-4.801797,6.260445,-8.437817e+04,3.063145e+05,-3.993640e+05,1.006220e+00,1.404892e+04
281,1.400651e+04,-1.303267,1.214213,-7.799178,8.326968e+04,-7.757979e+04,4.983134e+05,1.006362e+00,1.409563e+04
282,1.403227e+04,-5.352966,-4.813528,3.489371,3.423316e+05,3.078336e+05,-2.231515e+05,1.006655e+00,1.412565e+04
283,1.403254e+04,1.569279,4.621406,-6.338768,-1.003591e+05,-2.955500e+05,4.053794e+05,1.006195e+00,1.411948e+04
284,1.408600e+04,2.798230,0.322303,7.487725,-1.792941e+05,-2.065128e+04,-4.797692e+05,1.006263e+00,1.417423e+04
285,1.419385e+04,-4.207704,-6.160491,2.888526,2.706350e+05,3.962361e+05,-1.857869e+05,1.006859e+00,1.429120e+04
286,1.426704e+04,-1.039439,1.854915,-7.712254,6.702774e+04,-1.196133e+05,4.973211e+05,1.006310e+00,1.435706e+04
287,1.430752e+04,-3.166980,2.506309,-6.905697,2.045107e+05,-1.618473e+05,4.459420e+05,1.006353e+00,1.439842e+04
288,1.433740e+04,0.993763,1.053058,-7.867878,-6.424018e+04,-6.807319e+04,5.086061e+05,1.006271e+00,1.442731e+04
289,1.436011e+04,-4.664137,6.247907,-1.791503,3.017442e+05,-4.042054e+05,1.159004e+05,1.006227e+00,1.444953e+04
290,1.438100e+04,2.423298,-3.604547,-6.718249,-1.568881e+05,2.333640e+05,4.349500e+05,1.006392e+00,1.447293e+04
291,1.440011e+04,-6.539600,2.811649,3.650789,4.236652e+05,-1.821514e+05,-2.365148e+05,1.005700e+00,1.448219e+04
292,1.443847e+04,5.025398,-2.799089,-5.559719,-3.260016e+05,1.815792e+05,3.606634e+05,1.006225e+00,1.452835e+04
293,1.447016e+04,1.240743,-7.406160,-2.758506,-8.057629e+04,4.809704e+05,1.791427e+05,1.006692e+00,1.456699e+04
294,1.447434e+04,-1.217373,2.832326,7.382136,7.906999e+04,-1.839633e+05,-4.794796e+05,1.006669e+00,1.457087e+04
295,1.453135e+04,2.065105,2.292374,7.381082,-1.343952e+05,-1.491857e+05,-4.803543e+05,1.006335e+00,1.462341e+04
296,1.460736e+04,0.026162,-7.933407,1.029745,-1.707029e+03,5.176477e+05,-6.718997e+04,1.006584e+00,1.470353e+04
297,1.461708e+04,0.644201,6.669928,-4.370019,-4.204754e+04,-4.353516e+05,2.852347e+05,1.006192e+00,1.470759e+04
298,1.462314e+04,1.796339,-2.338910,7.436576,-1.172728e+05,1.526942e+05,-4.854920e+05,1.006217e+00,1.471405e+04
299,1.466774e+04,1.413916,-0.517158,7.857060,-9.244725e+04,3.381379e+04,-5.137245e+05,1.006261e+00,1.475957e+04
300,1.469275e+04,3.311977,4.064441,6.042444,-2.167342e+05,-2.659751e+05,-3.954147e+05,1.006303e+00,1.478536e+04
301,1.472350e+04,-1.091223,-0.784409,7.886313,7.148384e+04,5.138504e+04,-5.166165e+05,1.006324e+00,1.481661e+04
302,1.475656e+04,0.304804,-0.738417,7.960015,-1.998951e+04,4.842651e+04,-5.220297e+05,1.006281e+00,1.484925e+04
303,1.484846e+04,6.783840,-1.097755,-4.095662,-4.462775e+05,7.221624e+04,2.694347e+05,1.006168e+00,1.494004e+04
304,1.486060e+04,0.568382,7.663344,-2.224881,-3.740650e+04,-5.043421e+05,1.464245e+05,1.006209e+00,1.495287e+04
305,1.490022e+04,1.099213,7.815808,1.305710,-7.243811e+04,-5.150613e+05,-8.604620e+04,1.006269e+00,1.499362e+04
306,1.490228e+04,7.295080,-3.266004,-0.339163,-4.807785e+05,2.152443e+05,2.235239e+04,1.006175e+00,1.499430e+04
307,1.490652e+04,4.782930,-5.817906,-2.697324,-3.152614e+05,3.834807e+05,1.777911e+05,1.006264e+00,1.499990e+04
308,1.491157e+04,-5.116458,-5.052888,-3.505734,3.373027e+05,3.331119e+05,2.311157e+05,5.427177e-01,8.092775e+03
309,1.497291e+04,4.793751,0.790172,6.355752,-3.166775e+05,-5.219912e+04,-4.198641e+05,1.006241e+00,1.506636e+04
310,1.513886e+04,-2.750960,-1.095679,7.431804,1.827341e+05,7.278111e+04,-4.936618e+05,1.006327e+00,1.523465e+04
311,1.527015e+04,5.140953,6.035819,-1.067470,-3.429683e+05,-4.026675e+05,7.121408e+04,1.006199e+00,1.536481e+04
312,1.537887e+04,5.498422,-4.750148,3.347155,-3.681196e+05,3.180226e+05,-2.240922e+05,1.006184e+00,1.547397e+04
313,1.539397e+04,-0.657096,2.056968,-7.703058,4.401418e+04,-1.377817e+05,5.159733e+05,1.006273e+00,1.549053e+04
314,1.549818e+04,4.663046,-0.880451,-6.440560,-3.133998e+05,5.917447e+04,4.328652e+05,1.006199e+00,1.559425e+04
315,1.566456e+04,-6.223075,2.077465,-4.577934,4.204872e+05,-1.403723e+05,3.093266e+05,1.006473e+00,1.576595e+04
316,1.568709e+04,-7.468918,1.512057,2.434944,5.050305e+05,-1.022417e+05,-1.646451e+05,1.006161e+00,1.578374e+04
317,1.580864e+04,-7.818840,1.634129,-0.441998,5.307357e+05,-1.109231e+05,3.000244e+04,1.006341e+00,1.590888e+04
318,1.582425e+04,2.691216,-1.974276,7.270460,-1.827674e+05,1.340782e+05,-4.937557e+05,1.006203e+00,1.592241e+04
319,1.584266e+04,-2.864979,-7.122665,2.249342,1.946813e+05,4.839999e+05,-1.528474e+05,1.006807e+00,1.595050e+04
320,1.589187e+04,4.464043,0.888101,6.579027,-3.038117e+05,-6.044197e+04,-4.477524e+05,1.006237e+00,1.599098e+04
321,1.599454e+04,-1.194013,7.579172,2.265058,8.152365e+04,-5.174833e+05,-1.546514e+05,1.006300e+00,1.609530e+04
322,1.607380e+04,-1.266585,-7.201865,-3.244827,8.669265e+04,4.929387e+05,2.220954e+05,1.007934e+00,1.620132e+04
323,1.608686e+04,7.086876,0.012261,3.711608,-4.852652e+05,-8.395435e+02,-2.541479e+05,1.006203e+00,1.618665e+04
324,1.614195e+04,-6.726946,0.329631,4.317354,4.614074e+05,-2.260969e+04,-2.961313e+05,1.006046e+00,1.623954e+04
325,1.621771e+04,4.853115,5.718693,2.782773,-3.336599e+05,-3.931699e+05,-1.913204e+05,1.007764e+00,1.634363e+04
326,1.622059e+04,5.043380,1.856454,-5.926035,-3.467718e+05,-1.276457e+05,4.074612e+05,1.006167e+00,1.632062e+04
327,1.623507e+04,0.022167,-0.005407,-7.999967,-1.524832e+03,3.719558e+02,5.503057e+05,1.006328e+00,1.633781e+04
328,1.624782e+04,-2.746797,3.791520,6.486870,1.890222e+05,-2.609153e+05,-4.463971e+05,1.003384e+00,1.630281e+04
329,1.626149e+04,-4.564717,-1.258775,6.448166,3.142554e+05,8.665965e+04,-4.439204e+05,1.006240e+00,1.636296e+04
330,1.629409e+04,-7.515586,-0.651349,-2.663027,5.179246e+05,4.488668e+04,1.835182e+05,1.007215e+00,1.641166e+04
331,1.629912e+04,1.066240,-3.393630,7.165641,-7.348957e+04,2.339028e+05,-4.938850e+05,1.006201e+00,1.640020e+04
332,1.631585e+04,-7.711394,-1.161066,-1.785028,5.317731e+05,8.006644e+04,1.230945e+05,1.007313e+00,1.643517e+04
333,1.646678e+04,-1.624747,-3.381320,-7.065895,1.125586e+05,2.342498e+05,4.895084e+05,1.007004e+00,1.658210e+04
334,1.650086e+04,-2.840976,5.011981,-5.550577,1.970196e+05,-3.475773e+05,3.849286e+05,1.006212e+00,1.660337e+04
335,1.652542e+04,-6.454193,4.518919,-1.386640,4.479266e+05,-3.136169e+05,9.623405e+04,1.006242e+00,1.662856e+04
336,1.653266e+04,-5.636116,-4.937610,-2.802536,3.912370e+05,3.427494e+05,1.945410e+05,8.519800e-01,1.408549e+04
337,1.657952e+04,6.834414,1.739375,3.776952,-4.750901e+05,-1.209116e+05,-2.625525e+05,1.006197e+00,1.668227e+04
338,1.661757e+04,3.684478,6.843295,1.895769,-2.564180e+05,-4.762530e+05,-1.319343e+05,1.006179e+00,1.672026e+04
339,1.662098e+04,-0.897708,-7.242447,3.277360,6.248161e+04,5.040833e+05,-2.281083e+05,1.006400e+00,1.672735e+04
340,1.671225e+04,6.619548,4.005479,2.034139,-4.619920e+05,-2.795507e+05,-1.419668e+05,1.000287e+00,1.671705e+04
341,1.673128e+04,-3.570307,6.978655,-1.597275,2.493210e+05,-4.873320e+05,1.115406e+05,1.006200e+00,1.683501e+04
342,1.677431e+04,-1.474952,-0.299270,7.857159,1.031309e+05,2.092539e+04,-5.493847e+05,1.006335e+00,1.688057e+04
343,1.688854e+04,6.085490,5.042877,-1.239435,-4.269533e+05,-3.538043e+05,8.695781e+04,1.006180e+00,1.699291e+04
344,1.689018e+04,1.033745,1.063223,7.861357,-7.253025e+04,-7.459850e+04,-5.515734e+05,1.006299e+00,1.699657e+04
345,1.694868e+04,2.993234,-1.695441,-7.222605,-2.103766e+05,1.191624e+05,5.076338e+05,1.006252e+00,1.705465e+04
346,1.695226e+04,-3.537191,-1.132185,-7.085650,2.486343e+05,7.958290e+04,4.980607e+05,1.006854e+00,1.706846e+04
347,1.695759e+04,-0.344930,-0.577808,-7.971647,2.424941e+04,4.062137e+04,5.604268e+05,1.006372e+00,1.706565e+04
348,1.698465e+04,3.352841,5.235600,5.034575,-2.359011e+05,-3.683694e+05,-3.542255e+05,1.006242e+00,1.709067e+04
349,1.714034e+04,-1.282095,-0.906574,7.844384,9.061886e+04,6.407696e+04,-5.544434e+05,1.006288e+00,1.724812e+04
350,1.717632e+04,5.888928,-1.938245,5.056059,-4.166678e+05,1.371395e+05,-3.577387e+05,1.006183e+00,1.728253e+04
351,1.735310e+04,-4.239772,1.968325,6.492305,3.015225e+05,-1.399826e+05,-4.617173e+05,9.104476e-01,1.579909e+04
352,1.739394e+04,0.395629,-6.839209,-4.131429,-2.816929e+04,4.869603e+05,2.941629e+05,1.006845e+00,1.751301e+04
353,1.749664e+04,-1.642265,-3.690557,6.905270,1.172760e+05,2.635469e+05,-4.931133e+05,1.006225e+00,1.760556e+04
354,1.750829e+04,0.084365,-0.045736,7.999424,-6.026630e+03,3.267177e+03,-5.714383e+05,1.006282e+00,1.761828e+04
355,1.751013e+04,3.013632,6.215899,-4.034925,-2.152899e+05,-4.440555e+05,2.882496e+05,1.006178e+00,1.761831e+04
356,1.763981e+04,-7.909007,-0.872267,0.828711,5.670972e+05,6.254394e+04,-5.942082e+04,1.006455e+00,1.775368e+04
357,1.765374e+04,6.556064,4.374293,1.372438,-4.702732e+05,-3.137726e+05,-9.844641e+04,1.005913e+00,1.775813e+04
358,1.766800e+04,-1.668497,-2.359703,-7.459754,1.197313e+05,1.693322e+05,5.353118e+05,1.006714e+00,1.778662e+04
359,1.769199e+04,0.115309,0.387014,7.989801,-8.280205e+03,-2.779095e+04,-5.737372e+05,1.006298e+00,1.780340e+04
360,1.770217e+04,6.079507,4.970696,-1.527014,-4.366871e+05,-3.570419e+05,1.096844e+05,1.006178e+00,1.781153e+04
361,1.772073e+04,0.021339,0.753571,7.964400,-1.533576e+03,-5.415689e+04,-5.723776e+05,1.006319e+00,1.783271e+04
362,1.777278e+04,5.978695,-5.181353,-1.186925,-4.303014e+05,3.729147e+05,8.542590e+04,1.006187e+00,1.788274e+04
363,1.779545e+04,-1.577448,0.128657,-7.841881,1.136052e+05,-9.265689e+03,5.647593e+05,1.006387e+00,1.790910e+04
364,1.788283e+04,-5.335053,-1.693029,-5.715843,3.851639e+05,1.222281e+05,4.126550e+05,1.007855e+00,1.802331e+04
365,1.791399e+04,3.484112,6.576213,2.935027,-2.517543e+05,-4.751828e+05,-2.120787e+05,1.006179e+00,1.802467e+04
366,1.801383e+04,6.353854,-1.335074,4.673983,-4.603932e+05,9.673796e+04,-3.386716e+05,1.006184e+00,1.812521e+04
367,1.803707e+04,4.373811,-3.597411,5.650523,-3.171259e+05,2.608326e+05,-4.096948e+05,1.006171e+00,1.814838e+04
368,1.806584e+04,3.384659,-5.366378,-4.872995,-2.456024e+05,3.894027e+05,3.536012e+05,1.006314e+00,1.817991e+04
369,1.807413e+04,-2.238006,-0.373230,7.671508,1.624346e+05,2.708907e+04,-5.567985e+05,1.006332e+00,1.818856e+04
370,1.808473e+04,1.320625,-6.452490,4.541071,-9.587915e+04,4.684595e+05,-3.296879e+05,1.006223e+00,1.819728e+04
371,1.815047e+04,0.298871,-7.174170,-3.527317,-2.173781e+04,5.218002e+05,2.565530e+05,1.006836e+00,1.827454e+04
372,1.815610e+04,4.483746,6.529669,1.122253,-3.261677e+05,-4.749972e+05,-8.163768e+04,1.006150e+00,1.826776e+04
373,1.820432e+04,4.013511,6.542799,2.254664,-2.923481e+05,-4.765841e+05,-1.642320e+05,9.989787e-01,1.818573e+04
374,1.823705e+04,0.181781,0.317699,-7.991622,-1.325299e+04,-2.316234e+04,5.826408e+05,1.006281e+00,1.835160e+04
375,1.825920e+04,-3.597612,6.209913,3.534710,2.624484e+05,-4.530176e+05,-2.578596e+05,1.006358e+00,1.837530e+04
376,1.826696e+04,-3.163782,6.494164,-3.437488,2.308491e+05,-4.738545e+05,2.508205e+05,1.006182e+00,1.837988e+04
377,1.837329e+04,1.891721,0.456461,7.759706,-1.384329e+05,-3.340303e+04,-5.678419e+05,1.006240e+00,1.848794e+04
378,1.841141e+04,-5.696085,0.318069,5.608337,4.172619e+05,-2.329986e+04,-4.108340e+05,1.005968e+00,1.852130e+04
379,1.844464e+04,-0.022720,-0.035121,7.999891,1.665838e+03,2.575097e+03,-5.865538e+05,1.006276e+00,1.856040e+04
380,1.848055e+04,0.897960,0.659934,-7.922004,-6.590270e+04,-4.843359e+04,5.814082e+05,1.006243e+00,1.859591e+04
381,1.859125e+04,1.450416,2.466874,7.470664,-1.067666e+05,-1.815892e+05,-5.499234e+05,1.006308e+00,1.870852e+04
382,1.859518e+04,4.954043,-1.240315,6.157847,-3.647108e+05,9.131056e+04,-4.533334e+05,1.006185e+00,1.871019e+04
383,1.870696e+04,-0.158556,5.529019,5.779689,1.170770e+04,-4.082614e+05,-4.267708e+05,1.006425e+00,1.882714e+04
384,1.874983e+04,-3.424337,-1.094310,-7.146775,2.531418e+05,8.089612e+04,5.283205e+05,1.006749e+00,1.887636e+04
385,1.885024e+04,-2.267266,-0.858526,-7.623807,1.680543e+05,6.363567e+04,5.650918e+05,1.006527e+00,1.897328e+04
386,1.889782e+04,0.002617,-0.042895,-7.999885,-1.942116e+02,3.183485e+03,5.937153e+05,1.006297e+00,1.901681e+04
387,1.894158e+04,-4.056894,4.054849,-5.576720,3.014328e+05,-3.012808e+05,4.143579e+05,1.006236e+00,1.905971e+04
388,1.907598e+04,0.738825,-7.182802,-3.444051,-5.509014e+04,5.355820e+05,2.568039e+05,1.006675e+00,1.920331e+04
389,1.918245e+04,2.663047,1.998638,-7.274175,-1.991222e+05,-1.494428e+05,5.439068e+05,1.006177e+00,1.930095e+04
390,1.920124e+04,5.752272,-2.663892,4.880066,-4.303213e+05,1.992829e+05,-3.650724e+05,1.006168e+00,1.931967e+04
391,1.922806e+04,4.009472,-0.624718,-6.894481,-3.001536e+05,4.676710e+04,5.161286e+05,1.006187e+00,1.934702e+04
392,1.925169e+04,1.992466,4.997675,-5.920585,-1.492499e+05,-3.743614e+05,4.434940e+05,1.006162e+00,1.937033e+04
393,1.928141e+04,7.243095,1.492324,3.051318,-5.429780e+05,-1.118720e+05,-2.287418e+05,1.006179e+00,1.940054e+04
394,1.930967e+04,2.668590,7.150045,-2.399060,-2.001971e+05,-5.363952e+05,1.799771e+05,1.006185e+00,1.942910e+04
395,1.932745e+04,-4.910333,-1.577694,-6.115514,3.685420e+05,1.184128e+05,4.589961e+05,1.007403e+00,1.947054e+04
396,1.933421e+04,-0.739484,-2.764313,-7.470725,5.551124e+04,2.075101e+05,5.608086e+05,1.006565e+00,1.946115e+04
397,1.945994e+04,7.995497,-0.268310,0.005701,-6.021503e+05,2.020671e+04,-4.293780e+02,1.006158e+00,1.957976e+04
398,1.949029e+04,-0.065108,-6.620456,-4.490582,4.907197e+03,4.989830e+05,3.384547e+05,1.006919e+00,1.962514e+04
399,1.949324e+04,2.949242,5.464031,5.044437,-2.223009e+05,-4.118545e+05,-3.802273e+05,1.006240e+00,1.961488e+04
400,1.958425e+04,6.441213,-4.039467,2.488672,-4.866422e+05,3.051871e+05,-1.880225e+05,1.006159e+00,1.970487e+04
401,1.959036e+04,6.469606,-4.547304,-1.210877,-4.888637e+05,3.436085e+05,9.149762e+04,1.006167e+00,1.971117e+04
402,1.967241e+04,-0.445717,5.381154,5.902925,3.375021e+04,-4.074674e+05,-4.469766e+05,1.006436e+00,1.979902e+04
403,1.967753e+04,-4.053682,6.795263,1.179856,3.069896e+05,-5.146124e+05,-8.935176e+04,1.006236e+00,1.980023e+04
404,1.970907e+04,-2.141480,-3.732819,-6.743895,1.623065e+05,2.829168e+05,5.111314e+05,1.007179e+00,1.985055e+04
405,1.974570e+04,-5.526311,-1.485594,-5.590429,4.192377e+05,1.127003e+05,4.241018e+05,1.007592e+00,1.989562e+04
406,1.991204e+04,0.418419,-7.647722,2.310254,-3.187558e+04,5.826109e+05,-1.759974e+05,1.006332e+00,2.003811e+04
407,1.991733e+04,-2.066407,-6.684017,-3.879932,1.574418e+05,5.092627e+05,2.956163e+05,1.008670e+00,2.009002e+04
408,1.995985e+04,-1.071946,6.404593,4.672486,8.175989e+04,-4.884936e+05,-3.563816e+05,1.006384e+00,2.008727e+04
409,2.014115e+04,2.318007,-0.684647,-7.626146,-1.776011e+05,5.245629e+04,5.843001e+05,1.006224e+00,2.026651e+04
410,2.014833e+04,7.581652,-1.237950,2.232943,-5.809945e+05,9.486617e+04,-1.711141e+05,1.006164e+00,2.027252e+04
411,2.015296e+04,2.165811,-7.277269,-2.520045,-1.659888e+05,5.577332e+05,1.931374e+05,1.006393e+00,2.028180e+04
412,2.015611e+04,1.402549,1.159208,7.790320,-1.075004e+05,-8.884917e+04,-5.971004e+05,1.006255e+00,2.028219e+04
413,2.022125e+04,-5.601067,5.040199,2.687832,4.299951e+05,-3.869371e+05,-2.063454e+05,1.006218e+00,2.034700e+04
414,2.030002e+04,-6.044218,-2.354009,-4.682528,4.649188e+05,1.810694e+05,3.601781e+05,1.008974e+00,2.048219e+04
415,2.033136e+04,7.486126,0.524995,2.771695,-5.762740e+05,-4.041355e+04,-2.133622e+05,1.006175e+00,2.045691e+04
416,2.039000e+04,-5.475368,-2.397646,5.317109,4.220954e+05,1.848342e+05,-4.098952e+05,1.006205e+00,2.051651e+04
417,2.040444e+04,2.389143,3.850793,-6.592677,-1.842439e+05,-2.969622e+05,5.084085e+05,1.006160e+00,2.053013e+04
418,2.057758e+04,2.561788,6.674228,-3.590532,-1.983942e+05,-5.168767e+05,2.780639e+05,1.006168e+00,2.070450e+04
419,2.062288e+04,6.663701,3.282952,2.969397,-5.166291e+05,-2.545235e+05,-2.302139e+05,1.006133e+00,2.074937e+04
420,2.064417e+04,-5.021819,0.212960,6.223823,3.895368e+05,-1.651907e+04,-4.827749e+05,1.006092e+00,2.076994e+04
421,2.070983e+04,-1.604886,2.120080,-7.545171,1.246870e+05,-1.647135e+05,5.862002e+05,1.006245e+00,2.083917e+04
422,2.072514e+04,-0.415586,0.167114,-7.987450,3.229970e+04,-1.298822e+04,6.207913e+05,1.006286e+00,2.085543e+04
423,2.076824e+04,-3.084133,-1.611634,7.203524,2.399505e+05,1.253877e+05,-5.604457e+05,1.006237e+00,2.089778e+04
424,2.079037e+04,-2.052684,0.002126,7.732172,1.597871e+05,-1.654884e+02,-6.018958e+05,1.006321e+00,2.092180e+04
425,2.084293e+04,3.439249,6.537975,3.070253,-2.680598e+05,-5.095787e+05,-2.392997e+05,1.006169e+00,2.097150e+04
426,2.087225e+04,2.847409,4.793011,5.737535,-2.220870e+05,-3.738365e+05,-4.475058e+05,1.006250e+00,2.100269e+04
427,2.090319e+04,1.449958,-5.481566,5.643585,-1.131750e+05,4.278580e+05,-4.405042e+05,1.006182e+00,2.103241e+04
428,2.094187e+04,-7.602561,-2.460387,-0.384143,5.939588e+05,1.922206e+05,3.001161e+04,1.007335e+00,2.109549e+04
429,2.097191e+04,-4.597382,6.173985,2.178528,3.594333e+05,-4.826955e+05,-1.703220e+05,1.006258e+00,2.110315e+04
430,2.098772e+04,6.743615,-3.948945,-1.711576,-5.274291e+05,3.088534e+05,1.338652e+05,1.006156e+00,2.111693e+04
431,2.100460e+04,-3.707747,2.675269,-6.564720,2.901055e+05,-2.093213e+05,5.136438e+05,1.006274e+00,2.113637e+04
432,2.104319e+04,3.061947,0.856444,7.341048,-2.397961e+05,-6.707231e+04,-5.749135e+05,1.006211e+00,2.117389e+04
433,2.107865e+04,4.757272,-0.931683,6.363987,-3.728791e+05,7.302610e+04,-4.988149e+05,1.006177e+00,2.120886e+04
434,2.109968e+04,3.185197,-5.735393,4.578187,-2.497830e+05,4.497693e+05,-3.590212e+05,1.006172e+00,2.122990e+04
435,2.111052e+04,6.891313,-0.654829,4.010112,-5.405554e+05,5.136490e+04,-3.145536e+05,1.006172e+00,2.124083e+04
436,2.114344e+04,5.850032,3.331672,-4.321700,-4.592348e+05,-2.615404e+05,3.392588e+05,1.006149e+00,2.127344e+04
437,2.114450e+04,1.119466,3.778066,6.962256,-8.788164e+04,-2.965903e+05,-5.465594e+05,1.006323e+00,2.127819e+04
438,2.114890e+04,1.016135,2.965754,-7.360148,-7.977813e+04,-2.328454e+05,5.778553e+05,1.006177e+00,2.127954e+04
439,2.121529e+04,4.717286,3.024770,5.709464,-3.709415e+05,-2.378513e+05,-4.489609e+05,1.006200e+00,2.134683e+04
440,2.127161e+04,-3.204926,-0.345061,-7.321843,2.523520e+05,2.716967e+04,5.765132e+05,1.006508e+00,2.141004e+04
441,2.131459e+04,-0.273761,-0.190360,-7.993048,2.157738e+04,1.500389e+04,6.299985e+05,1.006291e+00,2.144867e+04
442,2.137615e+04,2.944149,-5.981320,-4.422193,-2.323878e+05,4.721179e+05,3.490528e+05,1.006317e+00,2.151118e+04
443,2.140360e+04,-5.259375,-5.461369,2.551946,4.153997e+05,4.313538e+05,-2.015596e+05,1.006739e+00,2.154783e+04
444,2.144149e+04,-6.994585,3.842372,0.558530,5.529401e+05,-3.037495e+05,-4.415322e+04,1.006199e+00,2.157440e+04
445,2.146023e+04,2.488612,-5.890209,4.807520,-1.968172e+05,4.658398e+05,-3.802130e+05,1.006177e+00,2.159278e+04
446,2.148773e+04,-7.701798,1.253593,1.763748,6.095033e+05,-9.920658e+04,-1.395791e+05,1.006178e+00,2.162048e+04
447,2.156326e+04,-6.854911,1.576051,-3.811333,5.434351e+05,-1.249442e+05,3.021501e+05,1.006422e+00,2.170173e+04
448,2.156708e+04,-6.392909,-2.638911,-4.020804,5.068540e+05,2.092228e+05,3.187846e+05,1.008265e+00,2.174533e+04
449,2.160258e+04,-3.542657,-5.038346,5.105355,2.811063e+05,3.997878e+05,-4.051048e+05,1.006275e+00,2.173813e+04
450,2.163017e+04,1.478442,0.048150,7.862054,-1.173878e+05,-3.823124e+03,-6.242444e+05,1.006215e+00,2.176460e+04
451,2.171616e+04,1.260062,5.581070,5.591413,-1.002471e+05,-4.440150e+05,-4.448379e+05,1.006302e+00,2.185301e+04
452,2.174106e+04,-0.592366,-7.949602,0.673004,4.715404e+04,6.328115e+05,-5.357308e+04,1.006532e+00,2.188306e+04
453,2.177887e+04,5.018928,-2.634764,5.645208,-3.998686e+05,2.099172e+05,-4.497657e+05,1.006159e+00,2.191301e+04
454,2.187370e+04,-3.216586,-7.295545,0.654676,2.568296e+05,5.825156e+05,-5.227287e+04,1.007273e+00,2.203278e+04
455,2.190516e+04,-3.959029,-0.159040,-6.949877,3.163374e+05,1.270776e+04,5.553145e+05,1.006547e+00,2.204856e+04
456,2.196517e+04,3.551532,-0.606017,7.142784,-2.841657e+05,4.848874e+04,-5.715095e+05,1.006181e+00,2.210093e+04
457,2.209500e+04,-4.201162,3.196301,-6.011148,3.371360e+05,-2.564977e+05,4.823843e+05,1.006250e+00,2.223310e+04
458,2.210924e+04,-6.981847,2.053250,-3.322345,5.604617e+05,-1.648229e+05,2.666984e+05,1.006350e+00,2.224963e+04
459,2.214302e+04,-0.303207,-6.028625,5.250118,2.435827e+04,4.843122e+05,-4.217705e+05,1.006212e+00,2.228059e+04
460,2.214918e+04,2.095549,4.483075,-6.285755,-1.683702e+05,-3.601998e+05,5.050391e+05,1.006153e+00,2.228547e+04
461,2.218312e+04,3.387074,1.786693,-7.023920,-2.723483e+05,-1.436647e+05,5.647804e+05,1.006159e+00,2.231975e+04
462,2.219846e+04,1.271136,-0.459347,-7.884999,-1.022450e+05,3.694803e+04,6.342373e+05,1.006236e+00,2.233689e+04
463,2.233511e+04,-2.938783,2.859396,-6.869309,2.371102e+05,-2.307050e+05,5.542373e+05,1.006237e+00,2.247442e+04
464,2.253206e+04,0.452245,3.343246,-7.253839,-3.664904e+04,-2.709302e+05,5.878371e+05,1.006173e+00,2.267114e+04
465,2.253452e+04,3.070899,-0.899480,-7.332156,-2.488733e+05,7.289607e+04,5.942163e+05,1.006195e+00,2.267412e+04
466,2.257347e+04,0.005054,-7.732527,2.051343,-4.099352e+02,6.272046e+05,-1.663895e+05,1.006342e+00,2.271664e+04
467,2.268565e+04,-5.971658,4.129634,3.359379,4.855782e+05,-3.357962e+05,-2.731639e+05,1.006030e+00,2.282245e+04
468,2.269304e+04,1.201914,4.035192,-6.802399,-9.774811e+04,-3.281703e+05,5.532190e+05,1.006159e+00,2.283280e+04
469,2.278729e+04,7.551159,-1.646253,2.066362,-6.153875e+05,1.341626e+05,-1.683998e+05,1.006152e+00,2.292749e+04
470,2.282552e+04,-1.208981,-7.621836,2.108550,9.860944e+04,6.216682e+05,-1.719820e+05,1.006431e+00,2.297231e+04
471,2.295794e+04,-0.251538,-0.190993,-7.993763,2.057588e+04,1.562333e+04,6.538926e+05,1.006275e+00,2.310201e+04
472,2.295836e+04,3.180172,0.083985,7.340262,-2.601415e+05,-6.870077e+03,-6.004415e+05,1.006188e+00,2.310043e+04
473,2.298354e+04,-2.373461,-4.870555,5.885947,1.942582e+05,3.986352e+05,-4.817408e+05,1.006218e+00,2.312644e+04
474,2.299236e+04,-1.493080,-3.211825,7.173207,1.222260e+05,2.629253e+05,-5.872105e+05,1.006191e+00,2.313471e+04
475,2.299324e+04,-1.493646,-1.067797,7.786452,1.222746e+05,8.741327e+04,-6.374239e+05,1.006233e+00,2.313655e+04
476,2.303682e+04,1.735135,5.699218,-5.339309,-1.421782e+05,-4.669982e+05,4.375069e+05,1.006150e+00,2.317850e+04
477,2.309353e+04,5.623981,-1.511433,-5.485108,-4.614001e+05,1.240003e+05,4.500067e+05,1.006152e+00,2.323561e+04
478,2.309366e+04,0.834142,3.781614,-7.000258,-6.843449e+04,-3.102503e+05,5.743135e+05,1.006162e+00,2.323596e+04
479,2.314752e+04,1.177640,5.896073,5.277261,-9.672827e+04,-4.842881e+05,-4.334604e+05,1.006284e+00,2.329298e+04
480,2.316407e+04,3.806785,-6.359596,-3.010636,-3.127911e+05,5.225473e+05,2.473742e+05,1.006244e+00,2.330871e+04
481,2.320933e+04,-5.866284,1.595628,-5.200066,4.824842e+05,-1.312356e+05,4.276898e+05,1.006395e+00,2.335776e+04
482,2.337839e+04,-2.156579,1.315295,7.590729,1.780170e+05,-1.085723e+05,-6.265842e+05,1.006410e+00,2.352824e+04
483,2.340879e+04,-5.078069,2.168276,5.788938,4.194466e+05,-1.790988e+05,-4.781641e+05,6.973981e-01,1.632524e+04
484,2.344338e+04,-5.355402,-5.836880,-1.118258,4.426810e+05,4.824803e+05,9.243594e+04,9.670526e-01,2.267098e+04
485,2.347752e+04,1.062762,0.575084,7.908212,-8.791255e+04,-4.757140e+04,-6.541737e+05,1.006225e+00,2.362366e+04
486,2.348457e+04,-6.870494,1.295853,3.888070,5.684182e+05,-1.072101e+05,-3.216726e+05,1.006038e+00,2.362638e+04
487,2.349049e+04,3.727133,-4.880647,5.127160,-3.083966e+05,4.038426e+05,-4.242399e+05,1.006154e+00,2.363506e+04
488,2.349883e+04,-0.915827,-3.033262,-7.345787,7.579233e+04,2.510277e+05,6.079251e+05,1.006535e+00,2.365240e+04
489,2.360345e+04,3.300232,7.246107,-0.776149,-2.737291e+05,-6.010093e+05,6.437560e+04,1.006175e+00,2.374921e+04
490,2.367024e+04,-0.833462,-5.325349,5.911515,6.922701e+04,4.423215e+05,-4.910082e+05,1.006196e+00,2.381689e+04
491,2.367595e+04,0.325948,4.225136,-6.785424,-2.707638e+04,-3.509806e+05,5.636628e+05,1.006160e+00,2.382179e+04
492,2.372359e+04,0.654058,-0.715285,7.941069,-5.438704e+04,5.947824e+04,-6.603251e+05,1.006201e+00,2.387070e+04
493,2.381045e+04,-7.165601,0.554334,3.513812,5.969323e+05,-4.617894e+04,-2.927190e+05,1.006099e+00,2.395566e+04
494,2.391299e+04,3.368958,5.700118,4.489853,-2.812557e+05,-4.758712e+05,-3.748330e+05,1.006182e+00,2.406083e+04
495,2.406480e+04,1.354176,1.873034,-7.658848,-1.134110e+05,-1.568648e+05,6.414211e+05,1.006176e+00,2.421342e+04
496,2.435394e+04,-3.426804,-2.226855,-6.877364,2.887105e+05,1.876140e+05,5.794224e+05,1.006909e+00,2.452220e+04
497,2.435746e+04,1.860424,7.508202,-2.041011,-1.567533e+05,-6.326167e+05,1.719690e+05,1.006166e+00,2.450765e+04
498,2.445308e+04,3.697341,5.444776,4.547976,-3.121368e+05,-4.596587e+05,-3.839491e+05,1.006169e+00,2.460393e+04
499,2.450947e+04,-0.594838,0.644638,7.951768,5.027528e+04,-5.448431e+04,-6.720774e+05,1.006271e+00,2.466318e+04
500,2.479548e+04,4.842090,2.103575,-6.010752,-4.116308e+05,-1.788270e+05,5.109798e+05,1.006139e+00,2.494771e+04
501,2.488442e+04,-0.267932,0.776652,-7.957702,2.281798e+04,-6.614223e+04,6.777041e+05,1.006227e+00,2.503938e+04
502,2.488997e+04,-1.201254,-3.532104,7.076809,1.023142e+05,3.008391e+05,-6.027516e+05,1.006180e+00,2.504377e+04
503,2.504629e+04,-6.077909,-2.651056,-4.475591,5.192955e+05,2.265058e+05,3.823937e+05,1.008516e+00,2.525958e+04
504,2.509961e+04,-3.764076,0.995730,6.988580,3.219442e+05,-8.516554e+04,-5.977383e+05,1.006246e+00,2.525638e+04
505,2.516530e+04,4.575822,0.359012,-6.552325,-3.918852e+05,-3.074668e+04,5.611580e+05,1.006148e+00,2.532001e+04
506,2.522501e+04,-7.164634,-3.020008,-1.883499,6.143252e+05,2.589479e+05,1.614990e+05,1.007777e+00,2.542117e+04
507,2.524787e+04,-1.079136,-7.922214,-0.272022,9.257146e+04,6.795910e+05,2.333490e+04,1.006675e+00,2.541641e+04
508,2.530402e+04,-7.618552,1.217699,-2.115388,6.542683e+05,-1.045739e+05,1.816660e+05,1.006356e+00,2.546484e+04
509,2.533955e+04,-1.079060,-6.989541,3.739245,9.273284e+04,6.006711e+05,-3.213454e+05,1.006274e+00,2.549853e+04
510,2.537962e+04,5.402764,1.135048,-5.789802,-4.646728e+05,-9.762154e+04,4.979606e+05,1.006137e+00,2.553538e+04
511,2.539043e+04,-3.289734,2.112668,6.979562,2.829987e+05,-1.817418e+05,-6.004154e+05,1.005215e+00,2.552283e+04
512,2.544190e+04,4.012554,0.888171,6.863714,-3.455289e+05,-7.648216e+04,-5.910478e+05,1.006183e+00,2.559921e+04
513,2.554415e+04,4.049542,-1.399825,-6.755864,-3.494140e+05,1.207836e+05,5.829285e+05,1.006169e+00,2.570174e+04
514,2.559523e+04,-1.966457,3.440604,-6.949481,1.698449e+05,-2.971686e+05,6.002340e+05,1.006187e+00,2.575360e+04
515,2.560902e+04,-1.376563,0.531166,7.862756,1.189272e+05,-4.588976e+04,-6.792974e+05,1.006287e+00,2.577003e+04
516,2.563097e+04,-3.008924,-3.843364,6.338370,2.600653e+05,3.321870e+05,-5.478337e+05,1.006195e+00,2.578974e+04
517,2.565979e+04,-2.740740,-6.778882,3.245783,2.370189e+05,5.862371e+05,-2.806950e+05,1.006384e+00,2.582361e+04
518,2.573907e+04,3.156946,3.106695,-6.661992,-2.734338e+05,-2.690814e+05,5.770178e+05,1.006144e+00,2.589720e+04
519,2.577422e+04,-5.760443,-1.500480,-5.344704,4.992721e+05,1.300504e+05,4.632389e+05,1.007354e+00,2.596376e+04
520,2.583396e+04,-6.062070,-1.956317,-4.839848,5.260235e+05,1.697553e+05,4.199677e+05,1.007971e+00,2.603989e+04
521,2.586660e+04,-1.160492,-6.286763,-4.809353,1.007629e+05,5.458653e+05,4.175851e+05,1.007185e+00,2.605245e+04
522,2.587123e+04,-3.233032,2.953004,6.695317,2.807419e+05,-2.564255e+05,-5.813911e+05,9.887608e-01,2.558046e+04
523,2.603208e+04,-2.158276,6.097987,-4.707059,1.879966e+05,-5.311652e+05,4.100084e+05,1.006151e+00,2.619221e+04
524,2.606144e+04,-4.262434,0.261178,6.764868,3.714886e+05,-2.276277e+04,-5.895861e+05,1.006211e+00,2.622330e+04
525,2.608217e+04,0.799308,7.929568,-0.695027,-6.969068e+04,-6.913692e+05,6.059857e+04,1.006169e+00,2.624308e+04
526,2.611552e+04,-3.618977,5.787948,-4.171650,3.157358e+05,-5.049665e+05,3.639535e+05,1.006160e+00,2.627639e+04
527,2.625441e+04,-3.502600,-2.436664,-6.767161,3.063941e+05,2.131500e+05,5.919654e+05,1.006958e+00,2.643710e+04
528,2.631160e+04,3.198605,1.081088,7.252598,-2.801063e+05,-9.467243e+04,-6.351201e+05,1.006188e+00,2.647441e+04
529,2.635336e+04,0.345414,-0.439227,7.980462,-3.027243e+04,3.849424e+04,-6.994147e+05,1.006200e+00,2.651676e+04
530,2.641745e+04,-0.392521,2.420784,7.614836,3.444273e+04,-2.124174e+05,-6.681819e+05,1.006327e+00,2.658458e+04
531,2.651091e+04,0.954808,-4.658504,-6.433248,-8.392997e+04,4.094939e+05,5.654983e+05,1.006395e+00,2.668044e+04
532,2.653929e+04,7.330218,0.796575,-3.103767,-6.446889e+05,-7.005838e+04,2.729747e+05,1.006130e+00,2.670197e+04
533,2.655951e+04,-2.567944,6.256452,4.273461,2.259354e+05,-5.504614e+05,-3.759918e+05,1.006329e+00,2.672761e+04
534,2.660321e+04,2.311909,-5.408781,-5.422191,-2.035760e+05,4.762721e+05,4.774529e+05,1.006305e+00,2.677095e+04
535,2.678418e+04,4.595877,4.878900,4.367408,-4.060657e+05,-4.310720e+05,-3.858794e+05,9.983689e-01,2.674050e+04
536,2.682496e+04,2.266358,1.737477,-7.472937,-2.003950e+05,-1.536305e+05,6.607689e+05,1.006158e+00,2.699014e+04
537,2.684508e+04,-2.226363,-1.990990,-7.421541,1.969323e+05,1.761125e+05,6.564704e+05,1.006527e+00,2.702029e+04
538,2.696275e+04,-3.310268,3.229659,-6.527743,2.934499e+05,-2.863040e+05,5.786738e+05,1.006206e+00,2.713008e+04
539,2.699824e+04,-0.942540,-1.261488,7.843486,8.360958e+04,1.119024e+05,-6.957697e+05,1.006198e+00,2.716558e+04
540,2.715499e+04,-5.783371,-3.767518,4.044556,5.145108e+05,3.351728e+05,-3.598192e+05,1.006273e+00,2.732534e+04
541,2.722641e+04,-0.016779,3.828743,7.024275,1.494725e+03,-3.410673e+05,-6.257277e+05,1.006331e+00,2.739878e+04
542,2.731928e+04,-0.393880,-1.749928,7.796320,3.514691e+04,1.561506e+05,-6.956855e+05,1.006181e+00,2.748814e+04
543,2.737108e+04,2.131758,5.001672,5.868466,-1.904024e+05,-4.467349e+05,-5.241544e+05,1.006233e+00,2.754170e+04
544,2.749167e+04,2.485965,6.611065,3.756834,-2.225277e+05,-5.917804e+05,-3.362879e+05,1.006189e+00,2.766181e+04
545,2.751798e+04,-0.203865,0.455225,-7.984435,1.825739e+04,-4.076839e+04,7.150578e+05,1.006221e+00,2.768918e+04
546,2.756717e+04,-0.928955,-1.509050,-7.801270,8.326829e+04,1.352659e+05,6.992784e+05,1.006341e+00,2.774198e+04
547,2.763424e+04,1.605760,-6.930256,-3.659656,-1.441096e+05,6.219590e+05,3.284375e+05,1.006378e+00,2.781049e+04
548,2.769674e+04,2.424158,5.250514,5.527708,-2.178030e+05,-4.717423e+05,-4.966473e+05,1.006219e+00,2.786897e+04
549,2.796299e+04,7.896657,1.214743,0.408904,-7.128920e+05,-1.096642e+05,-3.691489e+04,1.006141e+00,2.813471e+04
550,2.801765e+04,2.758477,-0.568227,-7.487852,-2.492722e+05,5.134831e+04,6.766464e+05,1.006175e+00,2.819065e+04
551,2.802554e+04,3.089394,-3.319797,6.590493,-2.792152e+05,3.000386e+05,-5.956395e+05,1.006144e+00,2.819773e+04
552,2.803361e+04,0.656689,4.280023,-6.726824,-5.935919e+04,-3.868782e+05,6.080485e+05,1.006146e+00,2.820591e+04
553,2.803578e+04,-4.188196,-1.180155,6.713140,3.785925e+05,1.066803e+05,-6.068351e+05,1.006188e+00,2.820926e+04
554,2.804432e+04,4.831657,-3.814132,5.109549,-4.368247e+05,3.448315e+05,-4.619486e+05,1.006140e+00,2.821651e+04
555,2.811203e+04,-3.921013,5.272553,-4.563534,3.549221e+05,-4.772608e+05,4.130818e+05,1.006162e+00,2.828527e+04
556,2.813939e+04,5.346849,1.486528,5.762069,-4.842214e+05,-1.346230e+05,-5.218245e+05,1.006169e+00,2.831299e+04
557,2.814787e+04,-6.447920,-3.067776,3.607364,5.840246e+05,2.778658e+05,-3.267394e+05,1.006258e+00,2.832403e+04
558,2.826689e+04,-1.652611,6.559653,4.270811,1.500024e+05,-5.953996e+05,-3.876485e+05,1.006294e+00,2.844480e+04
559,2.842972e+04,-0.861881,-1.405467,-7.828271,7.845529e+04,1.279368e+05,7.125918e+05,1.006323e+00,2.860947e+04
560,2.845619e+04,1.836753,-6.319992,4.547971,-1.672737e+05,5.755640e+05,-4.141854e+05,1.006166e+00,2.863164e+04
561,2.848721e+04,-0.654012,1.326405,7.862119,5.959353e+04,-1.208620e+05,-7.163962e+05,1.006276e+00,2.866600e+04
562,2.856905e+04,2.706341,7.517755,-0.398834,-2.469558e+05,-6.860010e+05,3.639394e+04,1.006164e+00,2.874514e+04
563,2.861859e+04,-7.231554,-2.013785,-2.765737,6.604569e+05,1.839187e+05,2.525944e+05,1.007758e+00,2.884063e+04
564,2.863902e+04,7.154046,-0.844952,-3.479323,-6.536111e+05,7.719688e+04,3.178795e+05,1.006126e+00,2.881447e+04
565,2.896558e+04,1.481086,3.832403,6.864333,-1.360849e+05,-3.521283e+05,-6.307077e+05,1.006246e+00,2.914650e+04
566,2.898612e+04,6.840938,-3.282949,2.534525,-6.287810e+05,3.017504e+05,-2.329594e+05,1.006135e+00,2.916397e+04
567,2.900431e+04,1.558365,4.407940,-6.491653,-1.432812e+05,-4.052805e+05,5.968639e+05,1.006139e+00,2.918238e+04
568,2.900980e+04,3.509742,-6.968225,-1.767924,-3.227277e+05,6.407420e+05,1.625641e+05,1.006216e+00,2.919013e+04
569,2.906613e+04,2.321657,1.358084,7.534289,-2.136881e+05,-1.249997e+05,-6.934650e+05,1.006191e+00,2.924609e+04
570,2.911472e+04,-0.259345,-7.009340,-3.847323,2.389032e+04,6.456871e+05,3.544081e+05,1.006708e+00,2.931003e+04
571,2.915199e+04,-4.193004,-0.179432,6.810765,3.864988e+05,1.653952e+04,-6.277962e+05,1.006205e+00,2.933287e+04
572,2.920073e+04,-0.894086,7.868235,1.136433,8.248308e+04,-7.258768e+05,-1.048406e+05,1.006180e+00,2.938119e+04
573,2.945832e+04,4.024780,-1.062690,6.831679,-3.729365e+05,9.846893e+04,-6.330239e+05,1.006152e+00,2.963953e+04
574,2.953772e+04,-7.596722,-0.756234,-2.391219,7.048609e+05,7.016705e+04,2.218689e+05,1.006731e+00,2.973653e+04
575,2.962395e+04,-0.305027,-7.073996,3.723646,2.834316e+04,6.573172e+05,-3.460020e+05,1.006225e+00,2.980835e+04
576,2.963621e+04,2.394878,-0.568249,7.611941,-2.225787e+05,5.281271e+04,-7.074495e+05,1.006163e+00,2.981886e+04
577,2.981483e+04,3.818429,2.939194,-6.385980,-3.559504e+05,-2.739890e+05,5.952952e+05,1.006133e+00,2.999769e+04
578,2.991942e+04,-2.481810,2.327624,7.240358,2.317576e+05,-2.173593e+05,-6.761224e+05,1.006377e+00,3.011022e+04
579,2.994533e+04,2.435401,1.697172,7.428892,-2.275221e+05,-1.585547e+05,-6.940284e+05,1.006192e+00,3.013074e+04
580,3.000647e+04,-1.772570,-7.545912,-1.979192,1.657676e+05,7.056801e+05,1.850905e+05,1.007215e+00,3.022295e+04
581,3.004967e+04,-0.099931,-0.061365,-7.999140,9.352081e+03,5.742883e+03,7.486035e+05,1.006222e+00,3.023664e+04
582,3.008269e+04,6.797591,2.922946,3.041242,-6.365053e+05,-2.736955e+05,-2.847724e+05,1.006126e+00,3.026698e+04
583,3.025352e+04,0.031153,0.428920,-7.988433,-2.925301e+03,-4.027657e+04,7.501329e+05,1.006204e+00,3.044122e+04
584,3.026005e+04,4.805182,5.389589,-3.444206,-4.512668e+05,-5.061498e+05,3.234541e+05,1.006140e+00,3.044585e+04
585,3.038504e+04,-3.989373,-5.922190,3.607294,3.754251e+05,5.573152e+05,-3.394690e+05,1.006342e+00,3.057774e+04
586,3.055419e+04,2.981909,-2.823538,6.865556,-2.813963e+05,2.664513e+05,-6.478877e+05,1.006141e+00,3.074183e+04
587,3.064047e+04,-2.363639,0.247023,7.638861,2.233663e+05,-2.334392e+04,-7.218800e+05,1.006263e+00,3.083237e+04
588,3.064880e+04,2.115045,2.064355,7.434045,-1.999011e+05,-1.951101e+05,-7.026201e+05,1.006200e+00,3.083880e+04
589,3.067796e+04,5.163964,5.790334,1.950774,-4.882982e+05,-5.475270e+05,-1.844628e+05,9.971241e-01,3.058974e+04
590,3.072131e+04,-0.384328,7.798264,-1.743381,3.636724e+04,-7.379152e+05,1.649684e+05,1.006146e+00,3.091013e+04
591,3.089146e+04,1.436378,3.441929,7.077425,-1.362940e+05,-3.265953e+05,-6.715575e+05,1.006234e+00,3.108404e+04
592,3.099894e+04,-1.939626,-1.420648,7.630177,1.843657e+05,1.350357e+05,-7.252650e+05,1.006189e+00,3.119080e+04
593,3.100870e+04,-1.140635,1.717655,-7.729723,1.084369e+05,-1.632926e+05,7.348427e+05,1.006194e+00,3.120077e+04
594,3.101182e+04,5.064056,-2.332847,5.737000,-4.814496e+05,2.217882e+05,-5.454276e+05,1.006139e+00,3.120220e+04
595,3.101990e+04,2.382369,-7.327125,-2.153499,-2.265259e+05,6.966946e+05,2.047640e+05,1.006267e+00,3.121429e+04
596,3.110860e+04,3.026986,-7.393698,-0.413023,-2.882301e+05,7.040291e+05,3.932809e+04,1.006209e+00,3.130175e+04
597,3.116606e+04,-4.047352,-6.278228,2.864052,3.857452e+05,5.983658e+05,-2.729672e+05,1.006441e+00,3.136680e+04
598,3.117276e+04,2.688027,7.386151,-1.489725,-2.562181e+05,-7.040354e+05,1.419981e+05,1.006152e+00,3.136455e+04
599,3.121807e+04,-1.760718,-5.630968,5.402969,1.679506e+05,5.371243e+05,-5.153760e+05,1.006191e+00,3.141134e+04
600,3.125456e+04,0.947366,0.861752,7.896827,-9.041971e+04,-8.224847e+04,-7.536991e+05,1.006198e+00,3.144827e+04
601,3.127028e+04,4.612881,1.411244,-6.381984,-4.403793e+05,-1.347276e+05,6.092707e+05,1.006131e+00,3.146200e+04
602,3.128952e+04,-0.970619,5.068787,6.112716,9.269086e+04,-4.840521e+05,-5.837439e+05,1.006347e+00,3.148812e+04
603,3.129054e+04,-6.452410,-0.330185,4.717772,6.161936e+05,3.153208e+04,-4.505388e+05,1.006093e+00,3.148119e+04
604,3.133159e+04,2.736708,2.272183,7.165725,-2.615221e+05,-2.171317e+05,-6.847626e+05,1.006190e+00,3.152554e+04
605,3.136848e+04,2.921688,-5.974368,-4.446422,-2.793632e+05,5.712516e+05,4.251538e+05,1.006245e+00,3.156437e+04
606,3.139081e+04,0.585695,3.876794,6.973337,-5.602236e+04,-3.708195e+05,-6.670073e+05,1.006268e+00,3.158756e+04
607,3.140785e+04,-0.644652,-1.942466,7.733773,6.167842e+04,1.858494e+05,-7.399446e+05,1.006168e+00,3.160158e+04
608,3.159915e+04,3.743675,3.846718,5.931919,-3.592730e+05,-3.691617e+05,-5.692743e+05,1.006177e+00,3.179434e+04
609,3.161481e+04,4.588957,-5.713547,3.208871,-4.405021e+05,5.484534e+05,-3.080252e+05,1.006140e+00,3.180892e+04
610,3.162395e+04,2.003109,6.311250,-4.489508,-1.923098e+05,-6.059155e+05,4.310180e+05,1.006135e+00,3.181795e+04
611,3.163055e+04,0.028232,-0.328999,7.993182,-2.710707e+03,3.158909e+04,-7.674706e+05,1.006188e+00,3.182628e+04
612,3.186503e+04,0.395382,4.357731,6.697302,-3.810328e+04,-4.199584e+05,-6.454249e+05,1.006276e+00,3.206503e+04
613,3.186682e+04,0.970451,-0.949978,7.883893,-9.352580e+04,9.155275e+04,-7.597990e+05,1.006165e+00,3.206327e+04
614,3.187070e+04,2.598094,-1.087139,-7.487859,-2.504029e+05,1.047779e+05,7.216758e+05,1.006174e+00,3.206746e+04
615,3.189636e+04,-1.830712,3.771567,6.813500,1.765141e+05,-3.636479e+05,-6.569458e+05,1.006404e+00,3.210063e+04
616,3.194254e+04,0.186142,0.304672,-7.992029,-1.796051e+04,-2.939719e+04,7.711351e+05,1.006198e+00,3.214051e+04
617,3.196637e+04,-0.951177,-1.210424,-7.850486,9.181137e+04,1.168349e+05,7.577604e+05,1.006291e+00,3.216746e+04
618,3.199028e+04,1.364167,-7.752163,1.429343,-1.317241e+05,7.485496e+05,-1.380175e+05,1.006230e+00,3.218957e+04
619,3.204660e+04,4.756700,5.163474,3.835668,-4.597116e+05,-4.990242e+05,-3.706983e+05,9.969022e-01,3.194733e+04
620,3.219275e+04,-4.056640,4.525518,-5.202245,3.929472e+05,-4.383652e+05,5.039165e+05,1.006165e+00,3.239122e+04
621,3.245235e+04,0.474530,-3.233682,-7.301926,-4.615036e+04,3.144916e+05,7.101485e+05,1.006307e+00,3.265703e+04
622,3.256740e+04,-6.202635,3.387456,-3.748662,6.043053e+05,-3.300304e+05,3.652216e+05,1.006203e+00,3.276941e+04
623,3.257944e+04,-5.674596,-5.598757,0.672961,5.529622e+05,5.455721e+05,-6.557679e+04,1.007609e+00,3.282733e+04
624,3.262750e+04,0.731013,-5.850296,5.407370,-7.128625e+04,5.705037e+05,-5.273108e+05,1.006157e+00,3.282839e+04
625,3.275007e+04,6.663652,4.107688,-1.650042,-6.510392e+05,-4.013213e+05,1.612092e+05,1.006133e+00,3.295094e+04
626,3.277717e+04,-1.120174,3.256093,7.221016,1.094863e+05,-3.182521e+05,-7.057854e+05,1.006356e+00,3.298551e+04
627,3.280416e+04,-1.064995,-5.515316,-5.696234,1.041359e+05,5.392914e+05,5.569818e+05,1.006782e+00,3.302666e+04
628,3.282143e+04,6.065683,2.603765,-4.519723,-5.932629e+05,-2.546650e+05,4.420579e+05,1.006124e+00,3.302243e+04
629,3.282475e+04,7.734745,-0.191555,-2.033970,-7.565461e+05,1.873629e+04,1.989454e+05,1.006122e+00,3.302572e+04
630,3.286495e+04,7.859190,1.233126,0.844117,-7.691888e+05,-1.206876e+05,-8.261475e+04,1.006134e+00,3.306655e+04
631,3.288962e+04,-4.261986,2.550193,6.271522,4.172824e+05,-2.496842e+05,-6.140321e+05,4.519306e-01,1.486382e+04
632,3.289627e+04,2.242275,-3.785829,6.681295,-2.195589e+05,3.707004e+05,-6.542182e+05,1.006138e+00,3.309817e+04
633,3.294464e+04,3.272809,-7.253305,0.823579,-3.207021e+05,7.107502e+05,-8.070234e+04,1.006179e+00,3.314819e+04
634,3.302458e+04,-5.383742,4.206219,4.162096,5.281916e+05,-4.126665e+05,-4.083376e+05,1.005516e+00,3.320674e+04
635,3.322442e+04,6.772974,-4.248940,-0.270783,-6.664949e+05,4.181172e+05,2.664646e+04,1.006130e+00,3.342808e+04
636,3.328637e+04,0.845185,1.174526,-7.868046,-8.324797e+04,-1.156870e+05,7.749770e+05,1.006166e+00,3.349161e+04
637,3.333861e+04,-7.994671,-0.159624,0.244452,7.880667e+05,1.573477e+04,-2.409661e+04,1.006271e+00,3.354766e+04
638,3.335672e+04,-0.383825,2.354537,-7.636022,3.784546e+04,-2.321592e+05,7.529177e+05,1.006164e+00,3.356232e+04
639,3.338784e+04,2.312733,0.706501,-7.625754,-2.281436e+05,-6.969404e+04,7.522560e+05,1.006153e+00,3.359326e+04
640,3.344624e+04,-6.403498,-1.431840,4.576576,6.322366e+05,1.413698e+05,-4.518591e+05,1.006132e+00,3.365133e+04
641,3.354045e+04,-0.662563,0.737221,-7.938357,6.550889e+04,-7.289051e+04,7.848809e+05,1.006200e+00,3.374841e+04
642,3.359961e+04,-4.159243,-6.509867,-2.079023,4.115950e+05,6.442106e+05,2.057383e+05,9.454582e-01,3.176703e+04
643,3.370269e+04,-7.319225,-0.782806,3.133076,7.254142e+05,7.758457e+04,-3.105216e+05,1.006144e+00,3.390975e+04
644,3.384692e+04,-1.079294,-0.266235,7.922389,1.071984e+05,2.644314e+04,-7.868725e+05,1.006201e+00,3.405680e+04
645,3.389570e+04,6.255028,4.570530,-1.996217,-6.217134e+05,-4.542841e+05,1.984124e+05,1.006134e+00,3.410360e+04
646,3.390120e+04,-2.747277,-3.394205,-6.703122,2.730855e+05,3.373916e+05,6.663054e+05,1.006837e+00,3.413297e+04
647,3.391679e+04,-2.677951,-3.008121,6.912292,2.662556e+05,2.990828e+05,-6.872553e+05,1.006163e+00,3.412583e+04
648,3.393018e+04,-0.266607,-6.880449,-4.072879,2.651262e+04,6.842244e+05,4.050263e+05,1.006625e+00,3.415497e+04
649,3.394260e+04,-0.110140,-1.704059,-7.815629,1.095487e+04,1.694907e+05,7.773653e+05,1.006262e+00,3.415513e+04
650,3.398807e+04,6.739360,2.724299,3.340543,-6.707653e+05,-2.711482e+05,-3.324826e+05,1.006126e+00,3.419628e+04
651,3.400954e+04,2.656773,5.280354,5.390679,-2.645108e+05,-5.257171e+05,-5.367011e+05,1.006187e+00,3.421994e+04
652,3.401560e+04,-7.346177,-3.130486,0.483471,7.314575e+05,3.117019e+05,-4.813910e+04,1.006821e+00,3.424762e+04
653,3.441958e+04,-1.381566,-4.204998,-6.664028,1.383767e+05,4.211699e+05,6.674646e+05,1.006610e+00,3.464711e+04
654,3.451773e+04,1.759486,0.022496,7.804082,-1.764801e+05,-2.256388e+03,-7.827654e+05,1.006163e+00,3.473048e+04
655,3.469307e+04,0.690860,0.000027,-7.970114,-6.947050e+04,-2.734939e+00,8.014466e+05,1.006185e+00,3.490764e+04
656,3.476866e+04,-5.500195,-3.797598,4.396147,5.536824e+05,3.822889e+05,-4.425424e+05,1.006215e+00,3.498476e+04
657,3.499557e+04,1.734223,-4.950261,6.040479,-1.751459e+05,4.999463e+05,-6.100516e+05,1.006138e+00,3.521039e+04
658,3.505005e+04,-0.497503,4.723185,6.437703,5.028390e+04,-4.773840e+05,-6.506747e+05,1.006302e+00,3.527094e+04
659,3.541503e+04,-4.691389,-6.111407,-2.154432,4.766328e+05,6.209029e+05,2.188847e+05,8.141283e-01,2.883238e+04
660,3.560326e+04,-4.489911,2.142222,6.265109,4.573738e+05,-2.182218e+05,-6.382079e+05,7.709911e-01,2.744979e+04
661,3.566444e+04,6.864859,-2.066049,3.550374,-6.999033e+05,2.106430e+05,-3.619767e+05,1.006130e+00,3.588308e+04
662,3.569063e+04,3.415096,3.803569,6.153859,-3.483122e+05,-3.879333e+05,-6.276439e+05,1.006174e+00,3.591098e+04
663,3.606447e+04,4.386539,5.091894,-4.339457,-4.497286e+05,-5.220448e+05,4.449015e+05,1.006128e+00,3.628546e+04
664,3.606714e+04,-1.100243,-5.718235,5.485550,1.128062e+05,5.862820e+05,-5.624251e+05,1.006168e+00,3.628961e+04
665,3.615187e+04,4.633193,-0.082880,6.521246,-4.755920e+05,8.507556e+03,-6.693984e+05,1.006145e+00,3.637404e+04
666,3.634481e+04,0.850916,1.271160,7.852394,-8.757834e+04,-1.308308e+05,-8.081873e+05,1.006191e+00,3.656984e+04
667,3.639390e+04,-5.238543,-4.865222,3.589886,5.395274e+05,5.010784e+05,-3.697291e+05,1.006297e+00,3.662307e+04
668,3.658075e+04,-2.240516,2.756290,7.168190,2.313466e+05,-2.846033e+05,-7.401582e+05,1.006358e+00,3.681333e+04
669,3.660964e+04,-3.309338,-0.436856,-7.270312,3.418437e+05,4.512576e+04,7.509992e+05,1.006346e+00,3.684195e+04
670,3.668516e+04,3.260886,-0.978751,-7.239383,-3.371860e+05,1.012060e+05,7.485753e+05,1.006151e+00,3.691081e+04
671,3.670849e+04,1.039278,-0.684958,-7.902578,-1.074988e+05,7.084939e+04,8.174114e+05,1.006185e+00,3.693555e+04
672,3.670886e+04,5.969078,-4.232593,3.233460,-6.174210e+05,4.378049e+05,-3.344580e+05,1.006126e+00,3.693373e+04
673,3.681283e+04,6.815838,0.719712,4.126302,-7.060046e+05,-7.454994e+04,-4.274146e+05,1.006140e+00,3.703887e+04
674,3.688341e+04,-1.511248,-0.868564,-7.807799,1.566896e+05,9.005463e+04,8.095298e+05,1.006273e+00,3.711476e+04
675,3.691483e+04,1.442726,-1.491005,-7.726283,-1.496487e+05,1.546565e+05,8.014191e+05,1.006192e+00,3.714339e+04
676,3.707336e+04,2.027320,-2.629507,7.278438,-2.107376e+05,2.733342e+05,-7.565852e+05,1.006135e+00,3.730081e+04
677,3.710560e+04,4.555788,5.786545,-3.124210,-4.737748e+05,-6.017662e+05,3.248992e+05,1.006132e+00,3.733314e+04
678,3.711644e+04,5.027443,-5.591125,-2.732057,-5.229004e+05,5.815286e+05,2.841592e+05,1.006153e+00,3.734480e+04
679,3.715762e+04,-7.201576,-1.274268,3.242460,7.494457e+05,1.326091e+05,-3.374327e+05,1.006152e+00,3.738621e+04
680,3.719072e+04,-6.100921,-1.980071,4.781013,6.351867e+05,2.061516e+05,-4.977668e+05,1.006142e+00,3.741915e+04
681,3.736316e+04,-3.920103,-2.078241,6.656854,4.090797e+05,2.168734e+05,-6.946716e+05,1.006158e+00,3.759322e+04
682,3.737264e+04,1.056035,-7.836551,-1.213776,-1.102158e+05,8.178818e+05,1.266788e+05,1.006300e+00,3.760807e+04
683,3.738909e+04,5.339463,0.877034,-5.892448,-5.573894e+05,-9.155407e+04,6.151158e+05,1.006121e+00,3.761796e+04
684,3.740567e+04,-4.991844,0.471046,-6.233747,5.212168e+05,-4.918363e+04,6.508885e+05,1.006351e+00,3.764322e+04
685,3.744288e+04,3.390981,0.630005,-7.218334,-3.542409e+05,-6.581382e+04,7.540675e+05,1.006136e+00,3.767261e+04
686,3.745947e+04,-0.860416,-6.863247,4.019393,8.990382e+04,7.171321e+05,-4.199813e+05,1.006199e+00,3.769168e+04
687,3.749431e+04,0.285619,4.445762,-6.644819,-2.985782e+04,-4.647481e+05,6.946316e+05,1.006132e+00,3.772422e+04
688,3.753289e+04,3.687052,2.738668,6.550217,-3.856328e+05,-2.864402e+05,-6.850944e+05,1.006165e+00,3.776429e+04
689,3.759836e+04,0.535957,4.754994,6.411145,-5.610515e+04,-4.977636e+05,-6.711333e+05,1.006241e+00,3.783302e+04
690,3.772861e+04,0.432826,0.190778,-7.986004,-4.538764e+04,-2.000561e+04,8.374398e+05,1.006178e+00,3.796170e+04
691,3.780109e+04,-7.179501,-1.249320,3.300601,7.535899e+05,1.311338e+05,-3.464446e+05,1.006148e+00,3.803348e+04
692,3.788962e+04,-1.317924,7.797776,1.207377,1.384967e+05,-8.194446e+05,-1.268796e+05,1.006160e+00,3.812302e+04
693,3.835776e+04,-1.674095,0.039830,-7.822776,1.770090e+05,-4.211389e+03,8.271346e+05,1.006232e+00,3.859680e+04
694,3.845903e+04,-5.661295,2.007347,5.283966,5.993818e+05,-2.125251e+05,-5.594327e+05,9.998252e-01,3.845231e+04
695,3.846120e+04,1.913112,2.641281,-7.305042,-2.025539e+05,-2.796499e+05,7.734332e+05,1.006133e+00,3.869707e+04
696,3.847450e+04,1.864608,-0.786058,-7.739855,-1.974525e+05,8.323951e+04,8.196114e+05,1.006167e+00,3.871177e+04
697,3.850140e+04,4.020695,0.898948,6.857543,-4.259201e+05,-9.522735e+04,-7.264329e+05,1.006150e+00,3.873820e+04
698,3.850283e+04,-1.703532,7.739407,-1.095247,1.804618e+05,-8.198656e+05,1.160238e+05,1.006137e+00,3.873910e+04
699,3.859503e+04,0.794329,0.009842,7.960461,-8.424711e+04,-1.043801e+03,-8.442918e+05,1.006165e+00,3.883297e+04
700,3.872711e+04,-2.745236,-2.414588,7.115718,2.916594e+05,2.565307e+05,-7.559881e+05,1.006157e+00,3.896554e+04
701,3.890151e+04,-5.725301,-4.780819,2.892180,6.096354e+05,5.090661e+05,-3.079620e+05,1.006364e+00,3.914907e+04
702,3.890218e+04,-5.740653,1.750744,-5.289593,6.112755e+05,-1.864225e+05,5.632457e+05,1.006258e+00,3.914565e+04
703,3.901415e+04,1.657741,2.062713,7.549643,-1.767732e+05,-2.199574e+05,-8.050561e+05,1.006182e+00,3.925533e+04
704,3.903496e+04,3.158893,-0.634706,7.322469,-3.369383e+05,6.769987e+04,-7.810396e+05,1.006141e+00,3.927465e+04
705,3.908659e+04,1.835496,1.906931,-7.549475,-1.959097e+05,-2.035342e+05,8.057852e+05,1.006137e+00,3.932647e+04
706,3.949221e+04,-0.761893,-0.605930,7.940552,8.174067e+04,6.500796e+04,-8.519128e+05,1.006172e+00,3.973597e+04
707,3.949556e+04,0.431160,3.989886,6.920615,-4.625957e+04,-4.280784e+05,-7.425189e+05,1.006237e+00,3.974189e+04
708,3.958300e+04,7.265978,3.325579,0.382202,-7.804357e+05,-3.571991e+05,-4.105218e+04,1.006120e+00,3.982524e+04
709,3.961347e+04,-1.399352,-3.138920,7.224195,1.503617e+05,3.372798e+05,-7.762464e+05,1.006146e+00,3.985695e+04
710,3.984755e+04,4.428048,-2.913231,5.992118,-4.772016e+05,3.139528e+05,-6.457581e+05,1.006126e+00,4.009166e+04
711,3.988281e+04,0.039789,5.082799,6.177667,-4.289871e+03,-5.480049e+05,-6.660488e+05,1.006248e+00,4.013198e+04
712,3.995520e+04,-2.982972,-4.270218,6.071829,3.219027e+05,4.608137e+05,-6.552317e+05,1.006160e+00,4.020131e+04
713,4.012205e+04,0.166838,0.107879,7.997533,-1.804160e+04,-1.166585e+04,-8.648409e+05,1.006172e+00,4.036968e+04
714,4.026733e+04,4.263602,-5.037010,-4.522192,-4.618934e+05,5.456799e+05,4.899075e+05,1.006163e+00,4.051548e+04
715,4.054133e+04,-0.063599,1.320113,-7.890073,6.913321e+03,-1.434989e+05,8.576670e+05,1.006161e+00,4.079109e+04
716,4.067184e+04,-0.914785,4.593568,6.485546,9.959894e+04,-5.001332e+05,-7.061258e+05,1.006296e+00,4.092792e+04
717,4.070367e+04,6.137648,-4.349591,-2.722192,-6.685093e+05,4.737551e+05,2.964997e+05,1.006129e+00,4.095313e+04
718,4.088733e+04,0.231546,-0.435176,7.984799,-2.527675e+04,4.750592e+04,-8.716598e+05,1.006161e+00,4.113922e+04
719,4.097660e+04,5.569693,-4.588700,-3.452876,-6.086784e+05,5.014716e+05,3.773441e+05,1.006136e+00,4.122804e+04
720,4.107932e+04,1.552840,-1.741329,7.652219,-1.699132e+05,1.905378e+05,-8.373127e+05,1.006137e+00,4.133142e+04
721,4.125525e+04,5.139795,-6.112573,-0.467927,-5.636040e+05,6.702740e+05,5.131047e+04,1.006138e+00,4.150848e+04
722,4.134071e+04,-0.137403,0.012348,7.998810,1.508255e+04,-1.355442e+03,-8.780172e+05,1.006172e+00,4.159587e+04
723,4.144818e+04,3.957008,6.822503,-1.339977,-4.349189e+05,-7.498686e+05,1.472783e+05,1.006134e+00,4.170242e+04
724,4.151542e+04,6.535811,-1.015940,-4.500116,-7.189403e+05,1.117536e+05,4.950136e+05,1.006116e+00,4.176933e+04
725,4.162146e+04,-2.230312,-5.591532,5.268821,2.456479e+05,6.158546e+05,-5.803110e+05,1.006172e+00,4.187835e+04
726,4.167064e+04,-4.721447,2.561142,5.928616,5.203300e+05,-2.822522e+05,-6.533668e+05,4.469397e-01,1.862426e+04
727,4.170996e+04,-2.224594,1.195773,7.590870,2.452784e+05,-1.318431e+05,-8.369512e+05,1.006262e+00,4.197116e+04
728,4.193539e+04,-7.201486,3.347190,0.966915,7.961614e+05,-3.700491e+05,-1.068975e+05,1.006141e+00,4.219292e+04
729,4.202964e+04,-3.710417,-4.080643,-5.794925,4.106665e+05,4.516428e+05,6.413784e+05,1.007682e+00,4.235250e+04
730,4.218039e+04,-6.920095,3.658420,-1.651741,7.672838e+05,-4.056369e+05,1.831411e+05,1.006159e+00,4.244019e+04
731,4.218433e+04,-6.918725,3.107006,-2.545144,7.671677e+05,-3.445136e+05,2.822127e+05,1.006178e+00,4.244493e+04
732,4.254861e+04,-5.252211,0.826541,5.977550,5.848892e+05,-9.204408e+04,-6.656633e+05,1.006079e+00,4.280728e+04
733,4.263289e+04,-0.529672,-0.049435,-7.982293,5.904293e+04,5.510524e+03,8.897925e+05,1.006191e+00,4.289682e+04
734,4.270385e+04,-6.147856,3.106934,-4.068270,6.858765e+05,-3.466205e+05,4.538706e+05,1.006184e+00,4.296795e+04
735,4.276174e+04,1.653601,4.776806,-6.200623,-1.846065e+05,-5.332783e+05,6.922320e+05,1.006121e+00,4.302349e+04
736,4.276385e+04,1.201343,3.319967,7.178760,-1.341201e+05,-3.706473e+05,-8.014502e+05,1.006197e+00,4.302886e+04
737,4.285126e+04,-0.956789,-7.936749,0.304253,1.069268e+05,8.869786e+05,-3.400205e+04,1.006372e+00,4.312431e+04
738,4.294123e+04,0.065402,-0.702847,7.968797,-7.316747e+03,7.862972e+04,-8.914946e+05,1.006155e+00,4.320553e+04
739,4.303200e+04,-1.493109,-2.253832,7.529334,1.672153e+05,2.524096e+05,-8.432202e+05,1.006147e+00,4.329653e+04
740,4.307404e+04,1.389254,-7.753087,1.399861,-1.556604e+05,8.687027e+05,-1.568489e+05,1.006193e+00,4.334079e+04
741,4.378153e+04,4.336162,6.306996,-2.327982,-4.898236e+05,-7.124538e+05,2.629746e+05,1.006129e+00,4.404985e+04
742,4.378497e+04,3.861822,-6.535182,-2.525417,-4.362580e+05,7.382592e+05,2.852886e+05,1.006167e+00,4.405499e+04
743,4.380831e+04,2.491180,7.596111,0.305162,-2.814958e+05,-8.583378e+05,-3.448235e+04,1.006139e+00,4.407725e+04
744,4.395417e+04,-2.363917,-7.302727,2.254347,2.675598e+05,8.265588e+05,-2.551581e+05,1.006319e+00,4.423192e+04
745,4.398676e+04,3.388241,-2.442524,6.823042,-3.836401e+05,2.765594e+05,-7.725520e+05,1.006125e+00,4.425618e+04
746,4.413744e+04,6.981265,-3.618699,-1.472057,-7.918199e+05,4.104353e+05,1.669617e+05,1.006118e+00,4.440746e+04
747,4.419315e+04,-7.928659,0.684793,-0.816965,8.998412e+05,-7.771865e+04,9.271918e+04,1.006228e+00,4.446837e+04
748,4.423978e+04,-3.176131,-2.114947,7.031301,3.606563e+05,2.401567e+05,-7.984190e+05,1.006150e+00,4.451184e+04
749,4.459147e+04,-1.504437,-7.511631,2.304792,1.715096e+05,8.563451e+05,-2.627522e+05,1.006267e+00,4.487093e+04
750,4.477882e+04,1.462759,0.101365,7.864481,-1.671082e+05,-1.158013e+04,-8.984524e+05,1.006149e+00,4.505415e+04
751,4.487815e+04,5.434237,-0.786798,5.818076,-6.215052e+05,8.998490e+04,-6.654043e+05,1.006129e+00,4.515321e+04
752,4.492135e+04,-2.755521,3.263472,-6.764382,3.152962e+05,-3.734177e+05,7.740040e+05,1.006152e+00,4.519773e+04
753,4.493563e+04,-2.737909,6.370412,3.990201,3.133309e+05,-7.290404e+05,-4.566452e+05,1.006226e+00,4.521539e+04
754,4.503555e+04,-4.473751,-5.816829,3.185915,5.125523e+05,6.664272e+05,-3.650065e+05,1.006304e+00,4.531944e+04
755,4.519857e+04,0.666813,0.957767,7.914420,-7.653413e+04,-1.099287e+05,-9.083854e+05,1.006169e+00,4.547739e+04
756,4.535040e+04,-6.091620,-4.902684,-1.689929,7.003450e+05,5.636547e+05,1.942888e+05,9.820652e-01,4.453705e+04
757,4.536117e+04,-6.331829,3.651686,-3.251635,7.280480e+05,-4.198790e+05,3.738803e+05,1.006162e+00,4.564070e+04
758,4.574335e+04,-1.848536,-5.264899,5.732691,2.134424e+05,6.079148e+05,-6.619287e+05,1.006152e+00,4.602477e+04
759,4.576333e+04,3.511891,-6.256419,-3.538905,-4.055912e+05,7.225590e+05,4.087111e+05,1.006176e+00,4.604595e+04
760,4.580801e+04,-0.891912,-6.890250,3.965974,1.030580e+05,7.961490e+05,-4.582571e+05,1.006180e+00,4.609112e+04
761,4.583193e+04,7.484298,-1.669388,-2.280006,-8.650153e+05,1.929435e+05,2.635171e+05,1.006112e+00,4.611206e+04
762,4.591282e+04,7.774422,1.321852,-1.345761,-8.993397e+05,-1.529110e+05,1.556767e+05,1.006116e+00,4.619360e+04
763,4.604547e+04,-1.999181,7.745923,0.062891,2.315977e+05,-8.973364e+05,-7.285741e+03,1.006136e+00,4.632801e+04
764,4.606034e+04,-0.059389,0.174565,7.997875,6.881076e+03,-2.022594e+04,-9.266738e+05,1.006165e+00,4.634430e+04
765,4.610145e+04,0.162501,-7.798094,1.778572,-1.883659e+04,9.039293e+05,-2.061662e+05,1.006215e+00,4.638798e+04
766,4.614341e+04,7.907071,0.280548,1.183012,-9.169785e+05,-3.253503e+04,-1.371932e+05,1.006121e+00,4.642583e+04
767,4.640714e+04,-6.352496,2.555699,-4.136931,7.387976e+05,-2.972287e+05,4.811266e+05,1.006196e+00,4.669466e+04
768,4.644872e+04,-7.258818,-2.459342,2.293729,8.445814e+05,2.861505e+05,-2.668811e+05,1.006235e+00,4.673831e+04
769,4.682466e+04,-6.394640,0.174462,4.803971,7.470370e+05,-2.038110e+04,-5.612113e+05,1.006077e+00,4.710920e+04
770,4.690286e+04,4.538842,-5.245081,3.985981,-5.306808e+05,6.132542e+05,-4.660404e+05,1.006120e+00,4.718992e+04
771,4.693612e+04,1.811049,-2.020589,7.525777,-2.118227e+05,2.363308e+05,-8.802248e+05,1.006128e+00,4.722375e+04
772,4.714829e+04,3.155093,0.288102,-7.345909,-3.698569e+05,-3.377285e+04,8.611270e+05,1.006129e+00,4.743726e+04
773,4.715403e+04,1.866130,1.241011,-7.679678,-2.187711e+05,-1.454869e+05,9.003079e+05,1.006133e+00,4.744321e+04
774,4.720429e+04,0.179804,-3.641841,-7.120721,-2.109008e+04,4.271696e+05,8.352247e+05,1.006268e+00,4.750018e+04
775,4.746369e+04,7.084903,-0.202240,3.709885,-8.333037e+05,2.378688e+04,-4.363449e+05,1.006125e+00,4.775442e+04
776,4.773568e+04,0.937998,7.848100,-1.235912,-1.106400e+05,-9.257097e+05,1.457800e+05,1.006129e+00,4.802826e+04
777,4.774295e+04,3.959127,2.489606,6.490545,-4.670278e+05,-2.936797e+05,-7.656398e+05,1.006145e+00,4.803635e+04
778,4.780774e+04,7.232046,-3.417607,0.132186,-8.536876e+05,4.034224e+05,-1.560351e+04,1.006114e+00,4.810006e+04
779,4.783633e+04,-3.615526,4.223515,-5.752382,4.269127e+05,-4.987026e+05,6.792276e+05,1.006141e+00,4.813009e+04
780,4.788952e+04,-3.327010,-7.134884,1.422827,3.930637e+05,8.429384e+05,-1.680974e+05,1.006486e+00,4.820012e+04
781,4.804673e+04,-5.813878,-2.002822,-5.117375,6.879969e+05,2.370080e+05,6.055749e+05,1.007103e+00,4.838802e+04
782,4.821024e+04,-1.559809,-4.758945,-6.238545,1.848969e+05,5.641168e+05,7.395058e+05,1.006581e+00,4.852753e+04
783,4.839214e+04,3.090406,-3.804326,-6.322697,-3.670215e+05,4.518078e+05,7.508937e+05,1.006164e+00,4.869044e+04
784,4.870846e+04,-7.765726,1.918165,-0.118889,9.252796e+05,-2.285477e+05,1.416551e+04,1.006158e+00,4.900840e+04
785,4.871515e+04,-0.425242,-0.031392,7.988628,5.067065e+04,3.740573e+03,-9.519035e+05,1.006162e+00,4.901532e+04
786,4.937046e+04,-1.442460,0.635675,-7.843164,1.730319e+05,-7.625310e+04,9.408352e+05,1.006179e+00,4.967550e+04
787,4.963693e+04,1.445826,-7.866971,0.142692,-1.739030e+05,9.462342e+05,-1.716290e+04,1.006200e+00,4.994470e+04
788,4.974527e+04,1.203249,0.665050,-7.880983,-1.448839e+05,-8.007900e+04,9.489536e+05,1.006141e+00,5.005075e+04
789,4.976629e+04,-2.094321,-7.717613,-0.228614,2.522317e+05,9.294785e+05,2.753341e+04,1.006560e+00,5.009274e+04
790,4.989582e+04,6.430326,3.484271,3.242030,-7.754500e+05,-4.201774e+05,-3.909650e+05,1.006103e+00,5.020033e+04
791,4.994957e+04,-2.887625,2.992615,6.834169,3.484139e+05,-3.610817e+05,-8.245943e+05,1.005726e+00,5.023558e+04
792,4.999024e+04,0.927687,0.638810,-7.920310,-1.119781e+05,-7.710862e+04,9.560343e+05,1.006144e+00,5.029737e+04
793,5.005620e+04,-5.765204,4.826063,-2.733412,6.963575e+05,-5.829222e+05,3.301586e+05,1.006137e+00,5.036337e+04
794,5.015721e+04,2.575112,7.486495,1.149434,-3.113518e+05,-9.051778e+05,-1.389759e+05,1.006133e+00,5.046483e+04
795,5.023083e+04,-3.645553,4.029262,-5.871541,4.411002e+05,-4.875278e+05,7.104377e+05,1.006141e+00,5.053929e+04
796,5.034566e+04,5.388715,3.789608,-4.538791,-6.527621e+05,-4.590541e+05,5.498065e+05,1.006113e+00,5.065342e+04
797,5.036121e+04,0.779790,4.147640,6.796250,-9.447446e+04,-5.025020e+05,-8.233910e+05,1.006195e+00,5.067321e+04
798,5.062889e+04,2.096209,-5.179913,5.724893,-2.546376e+05,6.292314e+05,-6.954330e+05,1.006122e+00,5.093884e+04
799,5.065231e+04,-5.383832,-2.444197,5.388901,6.541537e+05,2.969782e+05,-6.547697e+05,1.006134e+00,5.096300e+04
800,5.075738e+04,-1.249663,0.436870,7.889708,1.519956e+05,-5.313619e+04,-9.596198e+05,1.006181e+00,5.107109e+04
801,5.082505e+04,6.284308,-3.783042,-3.193128,-7.648655e+05,4.604354e+05,3.886368e+05,1.006118e+00,5.113600e+04
802,5.086703e+04,7.084293,-1.086125,3.554311,-8.625879e+05,1.322473e+05,-4.327751e+05,1.006120e+00,5.117834e+04
803,5.087376e+04,0.562493,-0.796216,-7.940380,-6.849402e+04,9.695417e+04,9.668897e+05,1.006168e+00,5.118753e+04
804,5.100015e+04,2.030655,-2.509548,-7.319741,-2.475771e+05,3.059637e+05,8.924218e+05,1.006166e+00,5.131462e+04
805,5.135175e+04,7.160533,0.297589,3.555026,-8.760152e+05,-3.640688e+04,-4.349196e+05,1.006123e+00,5.166617e+04
806,5.150592e+04,-4.025860,-4.121142,-5.550553,4.932601e+05,5.049343e+05,6.800698e+05,1.007640e+00,5.189944e+04
807,5.178959e+04,-0.351965,7.983689,0.369910,4.324231e+04,-9.808746e+05,-4.544711e+04,1.006133e+00,5.210721e+04
808,5.190175e+04,4.984483,6.253958,0.207231,-6.130555e+05,-7.691918e+05,-2.548793e+04,1.006112e+00,5.221900e+04
809,5.196065e+04,-0.226565,0.770365,-7.959598,2.788167e+04,-9.480307e+04,9.795287e+05,1.006153e+00,5.228038e+04
810,5.210805e+04,-5.564436,-2.692871,-5.077942,6.857444e+05,3.318613e+05,6.257903e+05,1.007471e+00,5.249736e+04
811,5.219790e+04,0.940019,-5.900099,-5.320262,-1.159449e+05,7.277371e+05,6.562182e+05,1.006277e+00,5.252556e+04
812,5.236525e+04,-3.751171,2.353211,-6.662666,4.634225e+05,-2.907174e+05,8.231108e+05,1.006169e+00,5.268828e+04
813,5.254211e+04,-7.612087,-1.175685,-2.161921,9.419897e+05,1.454900e+05,2.675360e+05,1.006542e+00,5.288584e+04
814,5.269786e+04,-0.518529,-6.002274,5.263443,6.426259e+04,7.438768e+05,-6.523116e+05,1.006141e+00,5.302147e+04
815,5.280282e+04,-0.423265,-7.770376,1.855291,5.250855e+04,9.639606e+05,-2.301596e+05,1.006216e+00,5.313106e+04
816,5.283027e+04,1.562257,-2.313419,7.497162,-1.938575e+05,2.870678e+05,-9.303086e+05,1.006123e+00,5.315375e+04
817,5.291942e+04,-2.512056,-5.761338,4.949400,3.119791e+05,7.155164e+05,-6.146795e+05,1.006163e+00,5.324556e+04
818,5.293281e+04,0.036715,6.990961,-3.889102,-4.560307e+03,-8.683365e+05,4.830593e+05,1.006116e+00,5.325653e+04
819,5.297713e+04,7.930544,0.952118,0.447145,-9.854529e+05,-1.183107e+05,-5.556247e+04,1.006115e+00,5.330109e+04
820,5.315236e+04,5.404426,5.407015,2.357195,-6.726661e+05,-6.729883e+05,-2.933901e+05,9.985960e-01,5.307773e+04
821,5.316957e+04,-6.886180,0.772196,3.998029,8.572325e+05,-9.612748e+04,-4.976984e+05,1.006079e+00,5.349279e+04
822,5.318196e+04,7.236702,2.356289,2.465370,-9.009725e+05,-2.933590e+05,-3.069396e+05,1.006114e+00,5.350710e+04
823,5.325836e+04,-6.030101,-4.945217,1.784014,7.512893e+05,6.161238e+05,-2.222700e+05,1.006497e+00,5.360439e+04
824,5.367177e+04,-2.201175,1.089791,7.613618,2.753064e+05,-1.363029e+05,-9.522539e+05,1.006217e+00,5.400545e+04
825,5.397426e+04,-7.724321,1.172699,-1.720362,9.688183e+05,-1.470850e+05,2.157754e+05,1.006206e+00,5.430924e+04
826,5.407191e+04,6.489692,3.643198,2.934453,-8.147016e+05,-4.573591e+05,-3.683847e+05,1.006099e+00,5.440168e+04
827,5.485456e+04,-3.001303,-3.452145,6.563145,3.794939e+05,4.364998e+05,-8.298643e+05,1.006135e+00,5.519107e+04
828,5.486784e+04,7.136149,2.807490,-2.278897,-9.024259e+05,-3.550307e+05,2.881856e+05,1.006112e+00,5.520318e+04
829,5.495929e+04,3.303101,-2.886707,-6.690026,-4.180528e+05,3.653524e+05,8.467146e+05,1.006143e+00,5.529692e+04
830,5.544209e+04,0.978300,-3.332329,7.206838,-1.243599e+05,4.236004e+05,-9.161219e+05,1.006120e+00,5.578142e+04
831,5.544435e+04,1.422169,6.471111,4.483543,-1.807876e+05,-8.226142e+05,-5.699525e+05,1.006158e+00,5.578575e+04
832,5.552121e+04,-0.573731,-0.467079,-7.965718,7.298374e+04,5.941675e+04,1.013312e+06,1.006176e+00,5.586408e+04
833,5.569344e+04,4.119839,-3.587564,-5.844340,-5.248933e+05,4.570780e+05,7.446054e+05,1.006136e+00,5.603518e+04
834,5.572410e+04,1.397869,7.600542,2.068266,-1.781462e+05,-9.686230e+05,-2.635825e+05,1.006138e+00,5.606615e+04
835,5.574227e+04,6.245503,4.766483,1.508089,-7.960648e+05,-6.075459e+05,-1.922242e+05,1.002629e+00,5.588881e+04
836,5.608532e+04,1.025176,-5.097609,-6.079753,-1.310725e+05,6.517482e+05,7.773189e+05,1.006240e+00,5.643529e+04
837,5.622202e+04,4.180650,1.273530,-6.700768,-5.351625e+05,-1.630239e+05,8.577613e+05,1.006113e+00,5.656571e+04
838,5.633489e+04,-1.747119,-0.711607,7.774393,2.238721e+05,9.118384e+04,-9.961939e+05,1.006152e+00,5.668145e+04
839,5.703438e+04,-0.860420,7.707098,-1.964768,1.109347e+05,-9.936832e+05,2.533193e+05,1.006117e+00,5.738328e+04
840,5.777504e+04,-1.331389,-1.612561,-7.721855,1.727682e+05,2.092546e+05,1.002029e+06,1.006226e+00,5.813473e+04
841,5.783185e+04,0.611081,-7.972861,-0.245074,-7.933612e+04,1.035110e+06,3.181777e+04,1.006224e+00,5.819178e+04
842,5.790280e+04,4.914511,-1.389126,-6.157752,-6.384381e+05,1.804596e+05,7.999459e+05,1.006116e+00,5.825696e+04
843,5.794216e+04,7.557065,-2.246277,-1.358309,-9.820627e+05,2.919103e+05,1.765162e+05,1.006108e+00,5.829605e+04
844,5.799787e+04,6.516353,-4.093157,2.187054,-8.472261e+05,5.321733e+05,-2.843507e+05,1.006111e+00,5.835229e+04
845,5.812227e+04,-5.706551,1.661977,-5.354728,7.427346e+05,-2.163142e+05,6.969432e+05,1.006205e+00,5.848292e+04
846,5.814490e+04,1.919799,-7.174193,-2.974110,-2.499195e+05,9.339369e+05,3.871698e+05,1.006207e+00,5.850578e+04
847,5.836685e+04,-6.366553,-2.071606,-4.378978,8.303786e+05,2.701960e+05,5.711426e+05,1.007105e+00,5.878153e+04
848,5.845080e+04,-0.032058,-7.628383,-2.409719,4.184226e+03,9.956722e+05,3.145215e+05,1.006336e+00,5.882115e+04
849,5.846637e+04,2.214957,-4.353492,6.335698,-2.891393e+05,5.683024e+05,-8.270585e+05,1.006115e+00,5.882391e+04
850,5.908077e+04,5.325157,-3.825582,4.583407,-6.987861e+05,5.020064e+05,-6.014509e+05,1.006111e+00,5.944184e+04
851,5.921344e+04,-3.685635,7.046850,0.870628,4.841848e+05,-9.257503e+05,-1.143752e+05,1.006133e+00,5.957662e+04
852,5.951532e+04,2.714332,3.314299,-6.756317,-3.574917e+05,-4.365106e+05,8.898425e+05,1.006112e+00,5.987906e+04
853,5.956700e+04,-0.531928,3.103644,-7.354213,7.008813e+04,-4.089436e+05,9.690088e+05,1.006125e+00,5.993182e+04
854,5.969776e+04,1.293026,-5.211853,5.929981,-1.705591e+05,6.874797e+05,-7.822057e+05,1.006119e+00,6.006305e+04
855,6.010356e+04,-1.797053,-0.834807,-7.750722,2.378481e+05,1.104905e+05,1.025843e+06,1.006208e+00,6.047668e+04
856,6.038202e+04,4.358204,-0.593574,-6.682344,-5.781627e+05,7.874402e+04,8.864849e+05,1.006116e+00,6.075131e+04
857,6.045583e+04,1.457057,-1.668530,-7.687197,-1.934124e+05,2.214837e+05,1.020412e+06,1.006153e+00,6.082778e+04
858,6.053440e+04,-2.780600,-2.956795,-6.893884,3.693416e+05,3.927453e+05,9.157011e+05,1.006438e+00,6.092414e+04
859,6.059360e+04,-4.668046,-2.048177,-6.165575,6.203506e+05,2.721884e+05,8.193617e+05,1.006607e+00,6.099392e+04
860,6.067252e+04,-7.247510,-1.191298,-3.170868,9.637703e+05,1.584182e+05,4.216605e+05,1.006585e+00,6.107203e+04
861,6.078136e+04,7.094463,2.980255,2.187847,-9.442640e+05,-3.966682e+05,-2.911996e+05,1.006105e+00,6.115245e+04
862,6.086051e+04,-3.600871,-6.257593,3.446194,4.795833e+05,8.334198e+05,-4.589825e+05,1.006219e+00,6.123898e+04
863,6.116883e+04,-7.362591,-0.440431,-3.098109,9.830699e+05,5.880734e+04,4.136666e+05,1.006385e+00,6.155937e+04
864,6.215330e+04,7.431390,-2.427426,1.697657,-1.000209e+06,3.267133e+05,-2.284918e+05,1.006109e+00,6.253299e+04
865,6.246124e+04,5.980407,1.868719,-4.974195,-8.069093e+05,-2.521378e+05,6.711457e+05,1.006105e+00,6.284260e+04
866,6.250346e+04,3.281968,3.691430,-6.293014,-4.429708e+05,-4.982363e+05,8.493749e+05,1.006109e+00,6.288529e+04
867,6.283215e+04,-4.710427,1.459693,6.299300,6.374409e+05,-1.975337e+05,-8.524559e+05,1.004490e+00,6.311425e+04
868,6.328016e+04,-4.455863,1.254207,-6.524741,6.051378e+05,-1.703301e+05,8.861062e+05,1.006193e+00,6.367206e+04
869,6.356904e+04,0.092800,0.153416,-7.997990,-1.263161e+04,-2.088244e+04,1.088660e+06,1.006145e+00,6.395967e+04
870,6.429119e+04,-5.390110,4.513937,3.817209,7.378398e+05,-6.179025e+05,-5.225290e+05,1.006103e+00,6.468356e+04
871,6.440106e+04,1.142725,4.277180,-6.663326,-1.565586e+05,-5.859933e+05,9.129064e+05,1.006111e+00,6.479463e+04
872,6.530534e+04,-5.722307,2.443302,5.028467,7.894673e+05,-3.370855e+05,-6.937431e+05,9.980585e-01,6.517855e+04
873,6.590624e+04,-5.233838,6.041689,-0.323940,7.253911e+05,-8.373563e+05,4.489691e+04,1.006122e+00,6.630972e+04
874,6.603737e+04,-2.081667,3.313305,-6.977727,2.887985e+05,-4.596688e+05,9.680494e+05,1.006127e+00,6.644198e+04
875,6.606187e+04,-7.301300,-1.639806,2.828791,1.013128e+06,2.275393e+05,-3.925229e+05,1.006141e+00,6.646757e+04
876,6.642742e+04,2.357701,1.365433,7.521758,-3.280583e+05,-1.899909e+05,-1.046602e+06,1.006132e+00,6.683475e+04
877,6.664041e+04,-0.883956,7.818713,-1.444417,1.231937e+05,-1.089665e+06,2.013029e+05,1.006114e+00,6.704787e+04
878,6.676891e+04,1.980653,-1.441311,-7.615749,-2.763022e+05,2.010637e+05,1.062401e+06,1.006137e+00,6.717868e+04
879,6.696848e+04,0.294783,4.448320,-6.642707,-4.118383e+04,-6.214696e+05,9.280449e+05,1.006112e+00,6.737776e+04
880,6.699762e+04,3.825089,-6.816435,1.704378,-5.345150e+05,9.525235e+05,-2.381685e+05,1.006121e+00,6.740774e+04
881,6.705515e+04,-0.313833,-5.066367,6.183319,4.387360e+04,7.082741e+05,-8.644232e+05,1.006121e+00,6.746556e+04
882,6.721185e+04,-2.743683,-1.697554,-7.320554,3.840126e+05,2.375939e+05,1.024603e+06,1.006274e+00,6.763356e+04
883,6.755506e+04,-3.261378,-7.185931,1.313700,4.576346e+05,1.008325e+06,-1.843375e+05,1.006380e+00,6.798608e+04
884,6.765753e+04,3.334893,7.062548,-1.731734,-4.683048e+05,-9.917637e+05,2.431800e+05,1.006116e+00,6.807132e+04
885,6.791761e+04,-7.375087,2.973741,0.874621,1.037641e+06,-4.183917e+05,-1.230552e+05,1.006121e+00,6.833332e+04
886,6.814327e+04,-6.210540,3.127030,3.956119,8.752447e+05,-4.406890e+05,-5.575316e+05,1.006065e+00,6.855654e+04
887,6.822028e+04,2.828045,-1.660736,7.296856,-3.987786e+05,2.341780e+05,-1.028919e+06,1.006114e+00,6.863738e+04
888,6.831266e+04,0.717601,0.937593,-7.912393,-1.012563e+05,-1.322980e+05,1.116470e+06,1.006128e+00,6.873125e+04
889,6.837203e+04,-1.427774,1.279351,-7.766899,2.015521e+05,-1.806000e+05,1.096417e+06,1.006143e+00,6.879204e+04
890,6.863437e+04,-0.988385,-7.825016,-1.338739,1.397931e+05,1.106738e+06,1.893457e+05,1.006364e+00,6.907117e+04
891,6.889642e+04,3.034782,-3.391063,6.579574,-4.300455e+05,4.805326e+05,-9.323624e+05,1.006110e+00,6.931736e+04
892,6.927786e+04,3.451916,-3.888005,6.080106,-4.905081e+05,5.524750e+05,-8.639669e+05,1.006109e+00,6.970107e+04
893,6.931760e+04,6.887779,-3.895812,-1.175223,-9.790157e+05,5.537433e+05,1.670439e+05,1.006107e+00,6.974091e+04
894,6.948215e+04,-0.921390,4.687668,-6.416916,1.311199e+05,-6.670865e+05,9.131700e+05,1.006113e+00,6.990687e+04
895,6.994330e+04,-1.335743,4.918768,6.166159,1.907149e+05,-7.022926e+05,-8.803927e+05,1.006219e+00,7.037829e+04
896,6.997855e+04,0.799296,-0.362968,7.951690,-1.141507e+05,5.183700e+04,-1.135614e+06,1.006127e+00,7.040728e+04
897,7.007341e+04,-7.445226,-1.610497,-2.444362,1.064004e+06,2.301576e+05,3.493260e+05,1.006592e+00,7.053532e+04
898,7.057407e+04,-7.654769,1.812833,-1.455388,1.097851e+06,-2.599974e+05,2.087324e+05,1.006156e+00,7.100851e+04
899,7.061345e+04,1.156105,-7.804990,1.321196,-1.658554e+05,1.119708e+06,-1.895395e+05,1.006157e+00,7.104820e+04
900,7.062779e+04,-5.823887,-2.612020,4.822830,8.355827e+05,3.747597e+05,-6.919560e+05,1.006125e+00,7.106036e+04
901,7.092246e+04,7.411279,2.881175,-0.878504,-1.065550e+06,-4.142383e+05,1.263060e+05,1.006107e+00,7.135558e+04
902,7.195911e+04,4.176698,-6.697554,-1.303062,-6.048736e+05,9.699464e+05,1.887107e+05,1.006128e+00,7.240005e+04
903,7.213243e+04,-0.329337,2.846394,-7.469242,4.775236e+04,-4.127138e+05,1.083005e+06,1.006119e+00,7.257378e+04
904,7.297499e+04,3.595196,-6.695070,-2.500120,-5.243223e+05,9.764068e+05,3.646167e+05,1.006139e+00,7.342298e+04
905,7.309838e+04,5.923141,-5.374723,-0.169575,-8.645589e+05,7.845103e+05,2.475168e+04,1.006110e+00,7.354501e+04
906,7.366063e+04,-0.920875,5.197907,-6.011136,1.349296e+05,-7.616139e+05,8.807708e+05,1.006109e+00,7.411066e+04
907,7.392926e+04,3.197825,6.404222,3.572094,-4.694092e+05,-9.400766e+05,-5.243481e+05,1.006115e+00,7.438131e+04
908,7.519830e+04,-0.038198,-0.113627,-7.999102,5.654996e+03,1.682180e+04,1.184224e+06,1.006140e+00,7.566004e+04
909,7.548290e+04,-2.617776,-1.961390,7.300699,3.882804e+05,2.909222e+05,-1.082873e+06,1.006124e+00,7.594516e+04
910,7.565472e+04,-3.813943,3.287899,6.216394,5.663448e+05,-4.882308e+05,-9.230925e+05,6.606340e-01,4.998008e+04
911,7.575359e+04,3.398137,-0.223927,7.238958,-5.049301e+05,3.327330e+04,-1.075639e+06,1.006115e+00,7.621685e+04
912,7.649035e+04,1.426016,-3.072594,-7.247458,-2.129200e+05,4.587724e+05,1.082126e+06,1.006155e+00,7.696117e+04
913,7.794408e+04,5.720865,-3.721519,4.173967,-8.622674e+05,5.609194e+05,-6.291139e+05,1.006105e+00,7.841994e+04
914,7.809556e+04,4.187151,0.148920,6.815100,-6.317140e+05,-2.246753e+04,-1.028192e+06,1.006115e+00,7.857310e+04
915,7.860061e+04,6.697179,1.617388,-4.065938,-1.013663e+06,-2.448025e+05,6.154069e+05,1.006101e+00,7.908016e+04
916,7.898713e+04,-0.071470,-0.211882,-7.996874,1.084404e+04,3.214844e+04,1.213353e+06,1.006139e+00,7.947205e+04
917,7.916140e+04,-1.105427,3.174460,-7.259534,1.679096e+05,-4.821867e+05,1.102692e+06,1.006117e+00,7.964562e+04
918,7.946481e+04,6.856843,4.035406,0.836180,-1.043519e+06,-6.141343e+05,-1.272553e+05,1.006099e+00,7.994943e+04
919,7.948543e+04,7.923827,-1.099786,0.058575,-1.206056e+06,1.673943e+05,-8.915441e+03,1.006103e+00,7.997054e+04
920,8.062092e+04,-3.543782,-6.747975,2.430319,5.432247e+05,1.034394e+06,-3.725424e+05,1.006243e+00,8.112420e+04
921,8.131931e+04,1.725031,-0.633455,7.786077,-2.655721e+05,9.752165e+04,-1.198683e+06,1.006116e+00,8.181663e+04
922,8.146234e+04,2.913169,4.216524,-6.142831,-4.488827e+05,-6.497132e+05,9.465329e+05,1.006104e+00,8.195956e+04
923,8.211497e+04,-5.305513,-1.184239,5.869336,8.207810e+05,1.832058e+05,-9.080063e+05,1.006107e+00,8.261644e+04
924,8.219542e+04,7.312429,3.244658,-0.024033,-1.131812e+06,-5.022054e+05,3.719810e+03,1.006103e+00,8.269708e+04
925,8.228428e+04,7.588178,2.177537,1.295331,-1.175127e+06,-3.372195e+05,-2.005986e+05,1.006105e+00,8.278659e+04
926,8.250581e+04,3.288567,6.743666,-2.776381,-5.099618e+05,-1.045748e+06,4.305366e+05,1.006108e+00,8.300978e+04
927,8.275905e+04,-6.838259,-0.995984,-4.030661,1.062043e+06,1.546852e+05,6.259977e+05,1.006430e+00,8.329119e+04
928,8.303068e+04,-6.206115,-1.498059,-4.820784,9.654456e+05,2.330434e+05,7.499384e+05,1.006544e+00,8.357401e+04
929,8.349330e+04,1.746589,-1.575339,-7.646420,-2.724615e+05,2.457471e+05,1.192814e+06,1.006130e+00,8.400513e+04
930,8.401993e+04,-1.160213,1.738204,-7.722212,1.815589e+05,-2.720074e+05,1.208430e+06,1.006126e+00,8.453462e+04
931,8.411843e+04,-0.134225,-0.040660,-7.998771,2.101681e+04,6.366461e+03,1.252442e+06,1.006135e+00,8.463448e+04
932,8.417831e+04,0.409996,-6.452527,4.711347,-6.421970e+04,1.010692e+06,-7.379619e+05,1.006120e+00,8.469346e+04
933,8.428526e+04,2.955294,-3.966040,6.287827,-4.631965e+05,6.216151e+05,-9.855191e+05,1.006105e+00,8.479985e+04
934,8.431684e+04,1.166721,-0.467746,-7.900631,-1.828997e+05,7.332567e+04,1.238533e+06,1.006126e+00,8.483340e+04
935,8.431839e+04,3.999754,5.887175,-3.652826,-6.270225e+05,-9.229046e+05,5.726362e+05,1.006106e+00,8.483321e+04
936,8.447116e+04,-5.793274,1.854392,-5.196076,9.090065e+05,-2.909676e+05,8.153018e+05,1.006163e+00,8.499174e+04
937,8.511705e+04,-0.896521,7.920529,0.679316,1.412074e+05,-1.247530e+06,-1.069963e+05,1.006116e+00,8.563762e+04
938,8.533395e+04,0.624413,-1.100275,-7.899336,-9.847392e+04,1.735205e+05,1.245777e+06,1.006137e+00,8.585766e+04
939,8.588635e+04,-6.588862,-3.974781,-2.188153,1.042464e+06,6.288745e+05,3.462011e+05,9.622795e-01,8.264667e+04
940,8.594842e+04,5.231027,4.168027,-4.389068,-8.279318e+05,-6.596873e+05,6.946722e+05,1.006102e+00,8.647291e+04
941,8.621396e+04,-0.018568,-3.413899,-7.234981,2.943330e+03,5.411631e+05,1.146872e+06,1.006187e+00,8.674737e+04
942,8.644667e+04,-0.466768,-6.079640,5.178813,7.409076e+04,9.650297e+05,-8.220402e+05,1.006120e+00,8.697572e+04
943,8.685471e+04,-0.335774,0.459914,7.979708,5.342350e+04,-7.317486e+04,-1.269616e+06,1.006133e+00,8.738735e+04
944,8.732041e+04,-6.811782,0.545745,4.159542,1.086694e+06,-8.706348e+04,-6.635782e+05,1.006083e+00,8.785157e+04
945,8.744403e+04,-5.284230,5.714011,-1.851214,8.435979e+05,-9.122100e+05,2.955360e+05,1.006111e+00,8.797841e+04
946,8.782546e+04,3.018501,-7.062624,2.237854,-4.829366e+05,1.129965e+06,-3.580393e+05,1.006116e+00,8.836262e+04
947,8.912021e+04,-0.284959,7.007622,-3.848639,4.592607e+04,-1.129399e+06,6.202746e+05,1.006104e+00,8.966417e+04
948,8.940801e+04,7.225709,3.381602,0.594893,-1.166426e+06,-5.458827e+05,-9.603198e+04,1.006100e+00,8.995344e+04
949,8.953769e+04,4.212631,-5.868997,3.436366,-6.805265e+05,9.481030e+05,-5.551254e+05,1.006106e+00,9.008440e+04
950,8.958320e+04,-6.413024,4.153991,-2.370124,1.036251e+06,-6.712240e+05,3.829773e+05,1.006119e+00,9.013133e+04
951,9.047293e+04,1.084629,-1.112571,7.847660,-1.761284e+05,1.806658e+05,-1.274348e+06,1.006113e+00,9.102595e+04
952,9.104651e+04,2.938746,3.706073,-6.452038,-4.787209e+05,-6.037182e+05,1.051035e+06,1.006102e+00,9.160209e+04
953,9.182562e+04,3.300143,6.801226,-2.617706,-5.398877e+05,-1.112648e+06,4.282441e+05,1.006106e+00,9.238634e+04
954,9.198828e+04,1.147795,0.802772,7.876428,-1.879400e+05,-1.314459e+05,-1.289687e+06,1.006122e+00,9.255145e+04
955,9.211658e+04,4.892908,-4.021609,-4.887342,-8.017236e+05,6.589575e+05,8.008115e+05,1.006112e+00,9.267958e+04
956,9.224647e+04,4.775339,2.834345,-5.758701,-7.830108e+05,-4.647466e+05,9.442523e+05,1.006100e+00,9.280920e+04
957,9.233023e+04,7.032231,-2.390427,2.972135,-1.153596e+06,3.921354e+05,-4.875613e+05,1.006103e+00,9.289368e+04
958,9.319290e+04,-6.774199,3.860643,1.790437,1.116447e+06,-6.362676e+05,-2.950795e+05,1.006111e+00,9.376241e+04
959,9.563048e+04,7.567226,2.287586,1.226394,-1.263350e+06,-3.819129e+05,-2.047466e+05,1.006102e+00,9.621400e+04
960,9.592100e+04,4.055415,3.397868,-6.000676,-6.780798e+05,-5.681356e+05,1.003334e+06,1.006100e+00,9.650614e+04
961,9.787149e+04,1.745091,-7.789127,-0.533071,-2.947371e+05,1.315544e+06,9.003299e+04,1.006145e+00,9.847290e+04
962,9.823636e+04,-4.902012,-6.047522,-1.843299,8.294671e+05,1.023298e+06,3.119037e+05,9.515384e-01,9.347566e+04
963,9.844160e+04,7.501073,0.184415,-2.774868,-1.270578e+06,-3.123734e+04,4.700243e+05,1.006098e+00,9.904188e+04
964,9.852793e+04,2.863175,-1.843645,-7.239006,-4.851949e+05,3.124249e+05,1.226725e+06,1.006116e+00,9.913055e+04
965,9.948566e+04,-5.941374,0.961972,-5.270169,1.011709e+06,-1.638066e+05,8.974154e+05,1.006180e+00,1.001004e+05
966,9.966743e+04,2.482916,0.226350,7.601572,-4.231822e+05,-3.857849e+04,-1.295593e+06,1.006112e+00,1.002766e+05
967,1.013058e+05,0.268355,2.116159,7.710373,-4.611215e+04,-3.636254e+05,-1.324894e+06,1.006135e+00,1.019273e+05
968,1.014216e+05,4.165822,1.400439,6.684661,-7.162335e+05,-2.407788e+05,-1.149300e+06,1.006112e+00,1.020415e+05
969,1.031993e+05,-4.398508,5.485678,3.815818,7.628384e+05,-9.513874e+05,-6.617818e+05,1.006144e+00,1.038333e+05
970,1.076446e+05,0.238349,0.431681,-7.984788,-4.221801e+04,-7.646236e+04,1.414322e+06,1.006118e+00,1.083031e+05
971,1.079337e+05,-5.086640,0.988929,6.094925,9.021903e+05,-1.754010e+05,-1.081024e+06,1.006137e+00,1.085960e+05
972,1.080355e+05,-2.339585,4.916358,-5.861380,4.151555e+05,-8.723994e+05,1.040092e+06,1.006105e+00,1.086950e+05
973,1.087123e+05,0.756453,-7.897395,-1.029042,-1.346512e+05,1.405762e+06,1.831729e+05,1.006166e+00,1.093827e+05
974,1.088712e+05,-0.191081,0.155021,-7.996215,3.403791e+04,-2.761443e+04,1.424392e+06,1.006123e+00,1.095377e+05
975,1.090236e+05,0.076652,7.816709,-1.700936,-1.366375e+04,-1.393391e+06,3.032054e+05,1.006103e+00,1.096890e+05
976,1.105293e+05,-0.187336,7.310968,-3.242630,3.362398e+04,-1.312207e+06,5.820025e+05,1.006101e+00,1.112036e+05
977,1.121721e+05,-4.107282,0.577348,6.840826,7.426526e+05,-1.043924e+05,-1.236915e+06,1.006132e+00,1.128599e+05
978,1.131013e+05,2.775445,-5.762414,-4.805360,-5.039125e+05,1.046229e+06,8.724657e+05,1.006132e+00,1.137948e+05
979,1.137010e+05,-3.033759,-1.677052,7.209980,5.522704e+05,3.052934e+05,-1.312517e+06,1.006112e+00,1.143960e+05
980,1.138717e+05,-0.918147,0.673686,-7.918532,1.672665e+05,-1.227310e+05,1.442584e+06,1.006122e+00,1.145688e+05
981,1.190559e+05,-2.244608,6.757040,3.647486,4.181234e+05,-1.258695e+06,-6.794502e+05,1.006132e+00,1.197859e+05
982,1.206563e+05,7.573999,-0.212952,-2.566942,-1.420329e+06,3.993416e+04,4.813708e+05,1.006096e+00,1.213918e+05
983,1.216973e+05,1.439887,-6.667320,-4.180140,-2.711800e+05,1.255684e+06,7.872633e+05,1.006158e+00,1.224467e+05
984,1.220956e+05,0.006764,-5.598427,5.714680,-1.276006e+03,1.056099e+06,-1.078029e+06,1.006106e+00,1.228411e+05
985,1.228304e+05,3.311943,-0.910179,7.225137,-6.266492e+05,1.722139e+05,-1.367060e+06,1.006103e+00,1.235800e+05
986,1.236818e+05,-1.302503,-0.124069,-7.892281,2.472978e+05,2.355619e+04,1.498456e+06,1.006130e+00,1.244399e+05
987,1.248416e+05,-0.852579,-0.714306,7.922302,1.626308e+05,1.362551e+05,-1.511192e+06,1.006113e+00,1.256047e+05
988,1.262844e+05,2.391665,-5.782960,-4.983705,-4.588428e+05,1.109465e+06,9.561277e+05,1.006133e+00,1.270589e+05
989,1.275881e+05,-7.309394,0.678306,3.180041,1.409533e+06,-1.308035e+05,-6.132344e+05,1.006091e+00,1.283653e+05
990,1.321482e+05,-0.389755,3.453011,-7.205887,7.649111e+04,-6.776685e+05,1.414187e+06,1.006102e+00,1.329546e+05
991,1.334278e+05,2.819277,5.284601,-5.303270,-5.559677e+05,-1.042135e+06,1.045817e+06,1.006097e+00,1.342413e+05
992,1.357461e+05,6.322892,-0.400251,-4.884756,-1.257674e+06,7.961324e+04,9.716173e+05,1.006095e+00,1.365735e+05
993,1.412790e+05,6.010318,-0.316685,5.270274,-1.219621e+06,6.426200e+04,-1.069450e+06,1.006100e+00,1.421408e+05
994,1.417860e+05,-0.207130,2.581747,-7.569127,4.210638e+04,-5.248304e+05,1.538690e+06,1.006103e+00,1.426513e+05
995,1.504612e+05,5.814907,4.435926,3.241823,-1.217709e+06,-9.289349e+05,-6.788757e+05,1.001011e+00,1.506133e+05
996,1.617527e+05,3.130163,-5.103036,-5.306703,-6.796439e+05,1.108008e+06,1.152230e+06,1.006113e+00,1.627415e+05
997,1.732522e+05,6.135843,-1.455737,-4.922627,-1.378803e+06,3.271229e+05,1.106178e+06,1.006094e+00,1.743080e+05
998,1.825424e+05,-1.191152,-0.945536,-7.854115,2.747501e+05,2.180964e+05,1.811623e+06,1.006122e+00,1.836598e+05
999,2.282104e+05,-0.381770,2.521038,7.582784,9.845971e+04,-6.501833e+05,-1.955623e+06,1.006114e+00,2.296056e+05

Summary
Radius,2.000000m
Current,1.0000e+05A
Temperature,1.0000e+08K
Mass,6.6920e-27kg
Charge,3.2044e-19C
Dose expected value,3.2975e+04
Total,1000
Seed,450459
