i,eV,hit_status,x_0,y_0,z_0,v_x,v_y,v_z
0,4.815851e+00,miss,53.741090,58.348096,10.363151,-6.334462e+05,-4.919605e+05,-1.316452e+05
1,1.059909e+01,miss,-7.044606,-14.697498,-78.322137,-1.922962e+05,1.841409e+05,1.176025e+06
2,1.379164e+01,miss,77.780168,17.166498,-7.453646,-1.314327e+06,-3.683413e+05,1.694797e+05
3,2.482271e+01,miss,60.829508,27.163487,-44.293521,-1.108422e+06,-9.246718e+05,1.149527e+06
4,2.980779e+01,miss,-69.816556,-11.926889,-37.194056,1.738650e+06,-1.946397e+05,1.013935e+06
5,3.103279e+01,miss,0.910003,-11.850085,79.112245,-2.510541e+05,7.151262e+05,-1.918973e+06
6,4.130382e+01,miss,2.937395,-72.888083,32.843554,5.055188e+05,2.109487e+06,-9.799626e+05
7,4.397929e+01,miss,0.381819,-18.105584,77.923309,4.513648e+05,1.500349e+05,-2.409684e+06
8,4.840395e+01,hit,-73.518964,31.043370,5.592054,2.536490e+06,-4.066844e+05,-2.014747e+05
9,5.013200e+01,miss,12.662377,21.881220,-75.900437,1.998993e+05,-4.891057e+05,2.568584e+06
10,6.222555e+01,miss,-67.388470,-1.915574,43.071158,2.160433e+06,1.217932e+05,-1.963014e+06
11,6.329276e+01,miss,15.464628,9.914339,77.862386,-1.070619e+06,1.194969e+05,-2.742557e+06
12,6.608372e+01,miss,68.127674,-40.976873,8.917170,-2.153093e+06,2.067926e+06,-3.909503e+05
13,7.180346e+01,miss,3.886808,-30.452448,73.875173,-4.738466e+05,4.945683e+05,-3.062751e+06
14,7.390239e+01,miss,-41.723531,-44.176395,-52.034538,2.179576e+06,1.196085e+06,1.989049e+06
15,8.169712e+01,hit,-27.699135,74.977564,-3.335078,1.313694e+06,-3.077067e+06,1.122177e+05
16,8.450820e+01,miss,41.977585,-64.778756,21.014165,-2.214239e+06,2.473539e+06,-7.556993e+05
17,8.803276e+01,miss,33.942484,70.207062,-17.857105,-7.140373e+05,-3.283122e+06,8.871702e+05
18,9.342437e+01,miss,-56.868556,0.543094,-56.264308,2.796789e+06,-5.111252e+05,2.175343e+06
19,1.018890e+02,miss,27.099004,-41.515503,62.786200,-5.894618e+05,2.460534e+06,-2.752241e+06
20,1.026371e+02,miss,-11.866696,76.199052,21.281119,2.626810e+05,-3.653520e+06,-8.135922e+05
21,1.032650e+02,miss,4.257924,67.077869,43.386975,-6.238762e+05,-3.292771e+06,-1.712807e+06
22,1.066248e+02,miss,-31.389612,-68.197737,27.636225,1.681989e+06,3.263377e+06,-1.071187e+06
23,1.119683e+02,miss,6.312052,-9.216022,-79.216305,2.647999e+05,1.187849e+06,3.725325e+06
24,1.121165e+02,miss,-65.819894,42.489585,-16.198048,2.826241e+06,-2.529002e+06,9.979866e+05
25,1.140798e+02,miss,45.576986,-11.368477,64.757209,-2.670716e+06,-1.416889e+05,-2.914787e+06
26,1.150060e+02,miss,-26.974249,-37.748659,-65.172300,3.702123e+05,2.094700e+06,3.354252e+06
27,1.155651e+02,miss,7.041686,23.279307,-76.213441,2.856572e+05,-3.996238e+05,3.951105e+06
28,1.164100e+02,miss,-23.776736,15.023657,-74.892967,1.661794e+06,9.746582e+04,3.632819e+06
29,1.165549e+02,miss,-21.840306,24.666841,72.900946,1.391127e+05,-1.013992e+06,-3.865329e+06
30,1.176944e+02,miss,-16.280917,5.031049,-78.164060,1.008517e+06,7.091300e+05,3.824218e+06
31,1.188677e+02,miss,28.471008,-18.339959,-72.477911,-2.199985e+06,7.986765e+05,3.290553e+06
32,1.201812e+02,miss,32.717810,-72.387345,9.466638,-2.519009e+06,3.142197e+06,-5.166527e+05
33,1.211716e+02,miss,29.125041,-57.430801,-47.470361,-5.711915e+05,2.975563e+06,2.727886e+06
34,1.216164e+02,miss,-19.541982,77.491669,-3.626584,1.449259e+05,-4.075932e+06,2.199465e+05
35,1.269677e+02,miss,42.878001,-42.042551,-52.857364,-2.648015e+06,1.263691e+06,2.967790e+06
36,1.357105e+02,miss,-1.293430,-4.617847,79.856136,-9.716346e+05,7.846099e+04,-4.203062e+06
37,1.372287e+02,hit,73.337347,31.842024,2.778328,-3.697170e+06,-2.267004e+06,-1.258521e+05
38,1.388349e+02,miss,23.461836,-13.552139,-75.272052,-5.707051e+05,1.550652e+06,4.039099e+06
39,1.409486e+02,miss,78.676501,-5.266376,13.500872,-4.353863e+06,1.513301e+05,-5.962057e+05
40,1.409779e+02,miss,-42.425051,16.881947,-65.689534,2.565290e+06,1.378063e+05,3.569146e+06
41,1.492949e+02,miss,42.536214,61.424626,-28.595207,-1.430209e+06,-3.891110e+06,1.814704e+06
42,1.501384e+02,miss,-10.977021,-76.559465,20.448797,1.849712e+05,4.279903e+06,-1.497765e+06
43,1.531490e+02,miss,21.185985,-35.104952,-68.693496,-2.100753e+05,2.506275e+06,3.831778e+06
44,1.531703e+02,miss,-34.142577,-36.162701,62.662138,1.055534e+06,2.748570e+06,-3.513148e+06
45,1.549877e+02,miss,56.655367,-19.379548,53.052828,-3.131944e+06,2.001775e+06,-2.728391e+06
46,1.600142e+02,miss,13.089955,-60.587093,50.575263,4.001586e+05,3.617314e+06,-2.950374e+06
47,1.606003e+02,miss,42.686350,-4.512966,-67.509323,-3.029785e+06,8.489906e+05,3.482786e+06
48,1.635235e+02,miss,16.867994,34.095228,70.377455,-1.138060e+06,-9.040869e+05,-4.507618e+06
49,1.649596e+02,miss,58.566679,43.478734,-32.856412,-2.851703e+06,-3.372292e+06,1.767375e+06
50,1.652655e+02,miss,1.349973,-73.061290,-32.561103,-1.171436e+06,4.078405e+06,2.159741e+06
51,1.656756e+02,miss,-12.082958,26.197890,74.616839,-4.524356e+05,-1.743072e+06,-4.414000e+06
52,1.681295e+02,miss,-54.701635,-33.752785,-47.628569,3.284232e+06,2.554955e+06,2.397714e+06
53,1.705602e+02,miss,50.269159,-60.589827,-14.208609,-2.845852e+06,3.849282e+06,6.932435e+05
54,1.713071e+02,miss,-75.719352,-13.729655,-21.864955,4.264436e+06,1.640423e+06,1.619406e+06
55,1.727331e+02,miss,-54.084270,57.430056,13.292115,3.124220e+06,-3.576467e+06,-1.068942e+06
56,1.734734e+02,miss,50.476481,27.036624,55.867216,-3.112844e+06,-2.353684e+06,-2.926846e+06
57,1.737129e+02,miss,-1.851325,-13.690917,-78.798042,1.222777e+06,3.794570e+05,4.710598e+06
58,1.759727e+02,miss,-67.789688,17.208450,-38.838478,3.584104e+06,-2.033951e+06,2.675094e+06
59,1.768579e+02,miss,41.333722,57.188088,37.696764,-3.216360e+06,-3.159307e+06,-1.983460e+06
60,1.797680e+02,miss,71.746508,6.759560,-34.738264,-4.051732e+06,-1.239752e+06,2.589591e+06
61,1.816622e+02,miss,36.998520,-7.036965,-70.580384,-3.081001e+06,6.863300e+05,3.867263e+06
62,1.967027e+02,miss,63.067289,8.807561,-48.424621,-4.465440e+06,-5.774605e+04,2.653114e+06
63,1.969900e+02,miss,0.702201,-65.349908,-46.139965,-1.742192e+04,3.644068e+06,3.707071e+06
64,1.979183e+02,miss,19.867858,0.531158,77.491845,-2.288575e+05,-7.932747e+05,-5.144666e+06
65,1.989832e+02,miss,-0.033252,-1.593388,79.984123,-1.257293e+06,-4.586545e+04,-5.070743e+06
66,2.004242e+02,miss,-48.273784,-13.703955,62.304441,2.528520e+06,-4.442542e+04,-4.593213e+06
67,2.011987e+02,miss,-15.596212,-59.683194,50.937948,1.011356e+05,4.328406e+06,-2.975551e+06
68,2.017147e+02,miss,-9.459300,23.817569,75.784200,7.561828e+05,-2.593845e+06,-4.513333e+06
69,2.020056e+02,miss,36.295609,13.139088,70.071343,-2.704663e+06,3.849256e+05,-4.499617e+06
70,2.022413e+02,hit,-79.067152,11.098719,-5.020354,5.250790e+06,2.952180e+05,2.903457e+05
71,2.023089e+02,miss,38.959117,-67.138933,-19.353317,-2.579067e+06,4.477778e+06,1.024427e+06
72,2.027791e+02,miss,0.415138,-0.034292,79.998916,1.232364e+06,2.370729e+05,-5.122607e+06
73,2.055201e+02,miss,-58.372717,3.800767,-54.572704,3.057915e+06,-6.541141e+05,4.291074e+06
74,2.078509e+02,miss,32.032550,31.044391,66.409047,-2.715247e+06,-2.546984e+06,-3.827799e+06
75,2.095552e+02,miss,8.093611,8.189046,-79.167121,1.561509e+05,-1.625675e+06,5.106694e+06
76,2.097370e+02,miss,-4.401264,77.625787,18.837889,1.168007e+06,-5.123074e+06,-1.077187e+06
77,2.105460e+02,miss,5.271983,-78.910601,12.055012,-1.279214e+06,5.122705e+06,-1.001470e+06
78,2.197057e+02,miss,19.889645,76.589998,-11.763257,-9.848011e+05,-5.295517e+06,1.060937e+06
79,2.221129e+02,miss,-60.533004,27.603091,-44.427748,4.123255e+06,-2.603966e+06,2.585777e+06
80,2.251196e+02,miss,19.701584,-3.330635,77.464537,-1.183505e+06,-1.132458e+06,-5.310123e+06
81,2.265718e+02,miss,-0.051777,53.071740,-59.861404,-2.494554e+03,-4.312564e+06,3.532924e+06
82,2.302163e+02,miss,-3.796655,-8.292491,79.478425,4.875767e+05,1.858837e+06,-5.280785e+06
83,2.313403e+02,miss,-42.254656,-60.220302,31.433411,2.578230e+06,4.662613e+06,-1.829384e+06
84,2.332510e+02,miss,19.398042,33.240921,70.133851,-1.852227e+06,-3.113267e+06,-4.344284e+06
85,2.342628e+02,miss,70.526653,-23.329140,-29.694148,-4.483417e+06,2.264059e+06,2.628266e+06
86,2.343445e+02,miss,-2.361393,-13.221748,78.864499,-1.216948e+06,7.525558e+05,-5.486226e+06
87,2.357821e+02,miss,5.253927,2.287554,-79.794507,-1.018185e+06,1.053343e+06,5.495175e+06
88,2.382401e+02,miss,-1.733086,-40.984693,68.682249,1.468086e+06,2.427322e+06,-4.963183e+06
89,2.389108e+02,miss,-0.945124,30.332444,74.020603,8.762755e+05,-1.010689e+06,-5.566237e+06
90,2.410847e+02,miss,57.847282,44.978653,32.103158,-4.871738e+06,-1.978944e+06,-2.328199e+06
91,2.417209e+02,miss,-48.798408,-25.553837,-58.014798,3.393798e+06,5.211705e+05,4.622591e+06
92,2.434602e+02,miss,66.679640,-28.734759,33.587784,-5.044346e+06,2.014839e+06,-1.972666e+06
93,2.459983e+02,miss,4.657246,77.444460,19.510655,-8.996479e+05,-5.440032e+06,-1.827911e+06
94,2.462610e+02,hit,16.708559,77.931920,-6.887658,-2.247598e+05,-5.791915e+06,4.287403e+05
95,2.471716e+02,miss,-17.850745,-72.474244,28.789492,-1.066060e+05,5.457283e+06,-2.027861e+06
96,2.471853e+02,miss,0.228118,-0.778743,79.995884,-7.385983e+05,-1.161106e+06,-5.658065e+06
97,2.472961e+02,miss,12.642162,30.158330,73.011306,4.417519e+05,-2.614456e+06,-5.185758e+06
98,2.477229e+02,miss,-55.819918,-43.863613,36.879808,3.128122e+06,3.720821e+06,-3.217374e+06
99,2.518789e+02,miss,34.768965,-59.352790,40.845628,-3.667447e+06,3.388394e+06,-3.101589e+06
100,2.540808e+02,miss,51.655880,13.755532,-59.518530,-4.470516e+06,-1.011229e+06,3.720912e+06
101,2.551790e+02,miss,4.066377,21.698316,76.893743,-6.393255e+05,-2.764979e+06,-5.191347e+06
102,2.552596e+02,miss,-5.488497,74.026795,29.831359,7.285542e+05,-5.143377e+06,-2.833702e+06
103,2.560895e+02,miss,-5.611114,1.088713,-79.795552,1.780374e+06,2.252037e+05,5.648751e+06
104,2.589785e+02,miss,75.200410,15.149357,-22.702318,-5.755334e+06,1.630578e+05,1.540994e+06
105,2.597192e+02,miss,-74.355500,-17.371724,23.863838,5.731737e+06,8.081731e+05,-1.456285e+06
106,2.597866e+02,miss,24.202786,-26.593739,71.463265,-2.718230e+06,8.244705e+05,-5.250471e+06
107,2.624742e+02,miss,39.885980,-18.186084,-66.920662,-3.901557e+06,6.309956e+05,4.514902e+06
108,2.625439e+02,miss,35.327703,-12.656037,70.652517,-3.113867e+06,1.964910e+06,-4.738899e+06
109,2.634823e+02,miss,4.622663,3.207307,79.801906,5.707967e+05,-1.376819e+06,-5.824216e+06
110,2.636202e+02,miss,-29.658475,-57.780829,-46.709214,2.283936e+06,4.747256e+06,2.899833e+06
111,2.663882e+02,miss,-19.391395,28.200075,72.309955,1.816136e+06,-6.743998e+05,-5.726114e+06
112,2.672558e+02,miss,-5.669915,-3.402208,79.726263,5.347603e+05,-1.224966e+06,-5.905425e+06
113,2.690646e+02,miss,16.405785,8.663243,-77.819011,-2.463804e+06,-1.415815e+04,5.553210e+06
114,2.735193e+02,miss,37.116365,-66.270199,-25.112470,-3.913072e+06,4.385460e+06,1.724921e+06
115,2.753472e+02,miss,41.114080,66.080781,-18.519255,-3.949052e+06,-4.552478e+06,1.204331e+06
116,2.774401e+02,miss,-39.367338,-68.566385,-12.200963,3.018384e+06,5.233491e+06,1.247998e+06
117,2.778175e+02,miss,-70.822878,-34.190982,14.666177,4.993595e+06,3.331211e+06,-1.440965e+06
118,2.778491e+02,miss,78.234384,15.769643,-5.540714,-6.034637e+06,-1.171568e+06,5.694400e+05
119,2.826225e+02,miss,61.707565,49.234033,-12.968672,-4.806542e+06,-3.874370e+06,8.092391e+05
120,2.835787e+02,hit,11.028644,-79.165463,3.346415,-1.742939e+06,5.979260e+06,-3.320218e+05
121,2.842735e+02,miss,-62.927587,5.211379,-49.121892,4.735798e+06,1.152981e+06,3.903561e+06
122,2.863319e+02,miss,-14.972768,78.213017,-7.651153,1.722233e+06,-5.974642e+06,7.841370e+05
123,2.863562e+02,miss,-16.228681,-11.402087,-77.502402,1.909221e+06,-5.088846e+05,5.947819e+06
124,2.876640e+02,miss,3.070984,24.645200,-76.047243,-1.052095e+06,-2.935437e+06,5.453103e+06
125,2.885479e+02,miss,31.597856,-13.453557,-72.253562,-1.065544e+06,6.456190e+05,6.166771e+06
126,2.900491e+02,miss,46.087791,44.915415,-47.523899,-2.955180e+06,-3.138238e+06,4.604952e+06
127,2.943114e+02,miss,57.193215,41.479560,37.528420,-3.910818e+06,-4.273886e+06,-2.609843e+06
128,2.958158e+02,miss,-37.850993,68.080272,-18.231263,4.088688e+06,-4.577745e+06,1.704441e+06
129,2.973110e+02,hit,78.937185,-12.834195,2.050420,-6.361774e+06,-5.277457e+05,-1.807372e+05
130,2.990966e+02,miss,19.451463,30.472472,71.365741,-2.699917e+06,-1.333785e+06,-5.653296e+06
131,3.012030e+02,miss,-63.202522,32.637920,-36.608844,5.646933e+06,-1.743882e+06,2.527497e+06
132,3.023606e+02,miss,19.550793,-14.649034,-76.178555,-7.732545e+05,2.490793e+06,5.888468e+06
133,3.038623e+02,miss,78.256742,15.644852,-5.578619,-6.433223e+06,3.201582e+05,4.394979e+05
134,3.048689e+02,miss,-38.096836,-23.136209,-66.433026,4.130906e+06,1.148383e+06,4.841170e+06
135,3.058239e+02,miss,-25.658733,-14.077156,-74.454436,2.440698e+06,2.409541e+06,5.494380e+06
136,3.084603e+02,miss,-3.522798,-17.809374,77.912875,1.463989e+06,3.275955e+05,-6.329468e+06
137,3.109482e+02,miss,65.289964,41.349786,20.674037,-4.995473e+06,-3.971472e+06,-1.388049e+06
138,3.162250e+02,miss,20.460173,-48.919144,-59.902409,-4.244338e+05,3.441229e+06,5.599613e+06
139,3.169996e+02,miss,-73.879329,6.295438,30.036848,5.684725e+06,-2.126516e+06,-2.577972e+06
140,3.187101e+02,miss,70.685390,37.041180,5.614865,-6.399054e+06,-1.581495e+06,-5.193576e+05
141,3.221359e+02,miss,66.612018,-10.172736,-43.120233,-5.627640e+06,1.795170e+06,3.048885e+06
142,3.239821e+02,miss,5.028921,-17.607443,77.876106,-1.976073e+06,1.556244e+06,-6.173748e+06
143,3.240677e+02,miss,-16.753303,0.036071,-78.226118,2.269354e+06,1.245621e+06,6.144277e+06
144,3.242154e+02,miss,67.132954,37.083743,22.758789,-4.724751e+06,-4.130577e+06,-2.255881e+06
145,3.261244e+02,miss,14.827687,43.828622,65.262482,-2.418922e+06,-3.930371e+06,-4.841157e+06
146,3.304732e+02,miss,-62.881986,-37.548960,32.185889,5.047454e+06,2.785660e+06,-3.477879e+06
147,3.314017e+02,miss,0.686533,0.929949,-79.991649,-1.395325e+06,8.621613e+05,6.539836e+06
148,3.345391e+02,miss,31.240058,-66.903691,30.788877,-3.780192e+06,5.138895e+06,-2.278593e+06
149,3.435636e+02,miss,-28.588985,-37.580459,-64.578472,1.294876e+06,4.285462e+06,5.204432e+06
150,3.490523e+02,miss,-17.771961,30.351707,71.853541,6.227416e+05,-3.810647e+06,-5.742132e+06
151,3.494136e+02,miss,-30.014815,69.721761,-25.258403,3.437713e+06,-5.725703e+06,1.824531e+06
152,3.496645e+02,miss,-58.705577,-6.119791,54.001883,5.402077e+06,-8.786771e+05,-4.243863e+06
153,3.498479e+02,miss,-52.588182,-59.362823,10.513722,4.427922e+06,5.277319e+06,-7.303844e+05
154,3.528212e+02,miss,-24.209904,-41.513992,-63.956774,1.492341e+06,4.686783e+06,4.919846e+06
155,3.532663e+02,miss,-26.517526,55.795310,-50.830150,2.922176e+06,-3.646621e+06,5.159652e+06
156,3.538000e+02,miss,-12.872136,13.140300,77.856539,-4.671498e+05,-1.827746e+06,-6.706213e+06
157,3.582747e+02,miss,-56.286531,29.778425,48.425942,4.594317e+06,-1.487235e+06,-5.081965e+06
158,3.595502e+02,miss,-67.246789,-42.332687,9.263530,6.460275e+06,2.664960e+06,-6.955402e+05
159,3.598820e+02,miss,72.583806,23.826991,-23.745853,-5.575723e+06,-3.649039e+06,2.227617e+06
160,3.606429e+02,miss,31.663216,24.426746,-69.287624,-3.281688e+06,-3.180556e+06,5.346534e+06
161,3.628429e+02,miss,45.610312,5.446585,65.498352,-4.964795e+06,-6.328022e+05,-4.972222e+06
162,3.633762e+02,miss,-7.391481,-38.477848,-69.748270,-3.223272e+05,2.086287e+06,6.737157e+06
163,3.636453e+02,miss,-49.513829,-62.224244,-8.747816,3.177692e+06,6.270280e+06,6.845015e+05
164,3.641988e+02,miss,-57.141593,21.645232,51.636443,5.718035e+06,-6.523600e+05,-4.103306e+06
165,3.672379e+02,miss,35.755162,-59.283310,40.088122,-4.479480e+06,4.443505e+06,-3.250388e+06
166,3.693974e+02,miss,50.068094,-23.602499,57.759051,-5.323137e+06,9.753570e+05,-4.624351e+06
167,3.713178e+02,miss,0.879240,46.233961,65.281297,7.341037e+05,-4.945242e+06,-5.093214e+06
168,3.716682e+02,miss,-49.074184,-48.002227,-41.079321,5.458450e+06,2.910874e+06,3.565860e+06
169,3.721636e+02,miss,50.888826,45.210406,-42.027926,-5.514801e+06,-3.114405e+06,3.307360e+06
170,3.722942e+02,miss,34.455953,7.083431,-71.851321,-3.650232e+06,-1.951183e+06,5.825614e+06
171,3.725477e+02,miss,57.242571,22.647216,51.091992,-4.900994e+06,-4.814349e+05,-5.181924e+06
172,3.747471e+02,miss,61.122349,-46.045434,-23.321160,-6.344689e+06,2.543144e+06,2.164002e+06
173,3.754646e+02,miss,-70.996852,-33.049618,16.345327,5.845859e+06,3.972644e+06,-1.244196e+06
174,3.755046e+02,miss,-7.806838,54.995239,57.572363,-1.094640e+06,-4.759807e+06,-5.258847e+06
175,3.763630e+02,miss,49.015702,-12.114719,62.053965,-4.195994e+06,-6.971427e+05,-5.790929e+06
176,3.803489e+02,miss,75.442319,-19.342599,-18.284430,-6.128647e+06,3.363223e+06,1.817250e+06
177,3.808188e+02,hit,-79.984471,-0.931655,-1.271409,7.144008e+06,1.091965e+06,9.591201e+04
178,3.809821e+02,miss,-36.576295,-65.460630,27.876165,4.632408e+06,4.799320e+06,-2.787145e+06
179,3.829953e+02,miss,51.049069,50.060713,-35.887568,-3.357858e+06,-5.649763e+06,3.056464e+06
180,3.845469e+02,miss,57.120460,44.631375,33.842184,-4.669703e+06,-4.921843e+06,-2.592138e+06
181,3.870250e+02,miss,-33.110707,-18.466253,70.446281,3.470748e+06,2.911337e+06,-5.706821e+06
182,3.896720e+02,miss,-13.243542,-24.582093,-74.968855,1.990454e+05,3.529295e+06,6.399792e+06
183,3.939424e+02,miss,-15.134801,-46.223215,-63.516551,8.866782e+05,5.250928e+06,5.067567e+06
184,3.964027e+02,miss,8.786993,15.974193,77.894890,-7.494394e+05,-3.075742e+06,-6.659903e+06
185,3.976300e+02,miss,26.735297,44.948434,-60.538105,-3.960406e+06,-3.243324e+06,5.323583e+06
186,3.984755e+02,miss,53.627271,-25.514895,53.601361,-4.931699e+06,6.362224e+05,-5.471202e+06
187,3.997152e+02,miss,16.733112,72.534974,29.303250,1.100940e+05,-6.964504e+06,-2.512788e+06
188,4.020278e+02,miss,-53.529656,-48.135276,34.893712,4.614401e+06,5.161789e+06,-2.685333e+06
189,4.022337e+02,miss,1.171913,-4.432200,79.868531,1.241901e+06,1.577208e+06,-7.151651e+06
190,4.034516e+02,miss,-42.077039,-61.604906,28.885261,2.665459e+06,6.523538e+06,-2.383664e+06
191,4.043621e+02,miss,64.884305,-38.720978,26.281416,-6.346594e+06,2.453140e+06,-3.028337e+06
192,4.069564e+02,miss,9.937631,10.530578,-78.678780,-1.999147e+06,5.016816e+05,7.181614e+06
193,4.085811e+02,miss,-33.839334,-16.417526,-70.607112,3.829636e+06,-1.657593e+05,6.430639e+06
194,4.092201e+02,miss,-65.396002,28.116487,36.507891,6.326069e+06,-2.889301e+06,-2.786963e+06
195,4.093223e+02,miss,-1.759736,-51.654429,-61.063273,-1.373879e+06,3.943797e+06,6.221519e+06
196,4.112832e+02,miss,-12.173730,28.323259,73.821361,2.421833e+06,-1.275696e+06,-6.994619e+06
197,4.125275e+02,miss,39.674469,40.191841,-56.661737,-4.986888e+06,-2.964998e+06,4.788298e+06
198,4.131451e+02,miss,6.442012,66.699278,-43.700192,4.617275e+05,-6.641031e+06,3.515150e+06
199,4.147798e+02,miss,10.161548,9.563576,-78.773606,8.015656e+05,-2.065765e+05,7.497455e+06
200,4.160995e+02,miss,33.119768,40.644410,60.424439,-3.969686e+06,-4.207629e+06,-4.859579e+06
201,4.199867e+02,miss,41.975529,14.733884,-66.490357,-2.392785e+06,-1.150663e+06,7.110683e+06
202,4.200313e+02,miss,67.838401,-10.977551,-40.956620,-6.004509e+06,2.798050e+06,3.705964e+06
203,4.211934e+02,miss,-44.363361,-28.039808,60.379313,2.610754e+06,3.540101e+06,-6.199067e+06
204,4.221179e+02,hit,72.950796,-32.660039,-3.391634,-7.306080e+06,2.087018e+06,4.112804e+05
205,4.256932e+02,miss,-57.179673,-46.982199,-30.383516,5.481807e+06,3.815696e+06,3.712722e+06
206,4.280203e+02,miss,47.937509,7.901716,63.557518,-5.464981e+06,-1.257191e+06,-5.221755e+06
207,4.294834e+02,miss,24.351168,23.066963,72.628753,-3.748781e+06,-2.435955e+06,-6.239129e+06
208,4.298400e+02,miss,54.984224,-47.501481,33.471548,-4.868140e+06,5.305195e+06,-2.668145e+06
209,4.312585e+02,miss,6.367733,-3.874567,-79.651991,-4.194223e+04,-1.444226e+06,7.554463e+06
210,4.326674e+02,miss,-62.230748,20.774654,-45.779337,5.070218e+06,-1.998931e+06,5.444988e+06
211,4.342913e+02,miss,-64.832079,46.142410,8.226756,5.215329e+06,-5.609180e+06,-9.544217e+05
212,4.359253e+02,miss,26.912162,-19.742757,72.704602,-3.305012e+06,1.141758e+05,-6.990100e+06
213,4.393253e+02,miss,-6.602635,4.232281,79.614653,1.291688e+06,1.370034e+06,-7.531173e+06
214,4.438230e+02,miss,-11.940128,75.791719,22.650579,6.713851e+05,-7.563807e+06,-1.794174e+06
215,4.443100e+02,miss,-0.046433,-0.051313,79.999970,-1.073874e+06,1.561189e+06,-7.573458e+06
216,4.467032e+02,miss,-67.269455,3.296309,43.173542,6.834256e+06,1.018420e+06,-3.678564e+06
217,4.471142e+02,miss,-10.638749,9.154428,78.759212,1.161284e+06,-2.680932e+06,-7.266118e+06
218,4.471360e+02,miss,0.221670,-0.054072,-79.999675,-1.134850e+06,1.542570e+06,7.593947e+06
219,4.501814e+02,miss,24.970994,75.241644,-10.730536,-2.476328e+06,-7.325423e+06,1.399707e+06
220,4.502982e+02,miss,-75.155860,-6.513490,-26.630268,7.387990e+06,-1.144097e+06,2.424430e+06
221,4.509252e+02,miss,48.231058,63.546035,-5.972139,-5.305215e+06,-5.786288e+06,4.783163e+05
222,4.529832e+02,miss,-16.247474,-33.813197,-70.658951,5.752162e+05,4.613668e+06,6.365590e+06
223,4.550950e+02,miss,-2.839938,-76.244929,24.055053,-1.677157e+06,7.295417e+06,-2.528091e+06
224,4.575439e+02,miss,-56.361161,-49.376097,-28.025356,6.165629e+06,4.420834e+06,2.281310e+06
225,4.578249e+02,miss,-22.736012,34.147815,68.680423,5.391053e+05,-2.698539e+06,-7.431617e+06
226,4.589975e+02,miss,-8.977082,-72.424465,32.773600,2.231320e+06,7.079995e+06,-2.803107e+06
227,4.596846e+02,miss,-59.421230,33.564653,41.743641,4.543817e+06,-4.585299e+06,-4.624451e+06
228,4.612168e+02,miss,-14.749521,-2.992695,78.571594,2.800868e+06,1.463549e+06,-7.299323e+06
229,4.629340e+02,miss,-29.638779,-9.530468,73.693371,4.288586e+06,1.494259e+06,-6.548110e+06
230,4.639179e+02,miss,29.932343,-16.954413,-72.226053,-4.443127e+06,9.849109e+05,6.551798e+06
231,4.649103e+02,miss,39.583001,-57.213899,-39.493744,-2.276760e+06,6.172797e+06,4.526209e+06
232,4.675319e+02,miss,33.528407,52.356004,50.345752,-4.184659e+06,-5.363437e+06,-4.225566e+06
233,4.693926e+02,miss,11.689272,4.875106,-78.991102,-1.539921e+06,1.442326e+06,7.741887e+06
234,4.697742e+02,miss,-42.397720,19.683250,64.923054,3.988444e+06,-3.631030e+06,-5.945481e+06
235,4.705339e+02,miss,-31.304084,-59.338281,-43.577778,3.391334e+06,6.333866e+06,3.595278e+06
236,4.724154e+02,miss,0.843653,-0.457364,79.994244,7.693016e+05,1.801249e+06,-7.808124e+06
237,4.740060e+02,hit,-39.239199,-69.577292,-4.391549,2.075773e+06,7.778025e+06,4.634768e+05
238,4.749369e+02,miss,65.560636,43.742934,13.724382,-6.305369e+06,-4.912410e+06,-1.122296e+06
239,4.750755e+02,miss,35.335115,-32.213300,64.138389,-1.676739e+06,3.717976e+06,-6.966579e+06
240,4.771805e+02,miss,60.795070,49.706963,-15.270142,-7.074972e+06,-3.490558e+06,1.793752e+06
241,4.787766e+02,miss,27.463370,5.246113,-74.954931,-4.244167e+06,-1.012693e+06,6.829145e+06
242,4.800612e+02,miss,-15.774479,1.286573,-78.418815,-3.385425e+05,-7.551927e+05,8.072608e+06
243,4.818584e+02,miss,0.864867,-41.244907,68.542758,-1.411461e+06,5.005182e+06,-6.249351e+06
244,4.819050e+02,miss,63.538538,-13.350738,46.739834,-5.830237e+06,7.833589e+04,-5.666307e+06
245,4.843404e+02,miss,-0.086435,38.637877,-70.050746,-4.540203e+05,-5.188118e+06,6.270264e+06
246,4.872363e+02,miss,-22.380056,-3.732301,76.715077,2.609978e+06,-1.568691e+06,-7.587054e+06
247,4.873288e+02,miss,-19.691773,51.759443,-57.733821,6.844938e+05,-6.195013e+06,5.291705e+06
248,4.899936e+02,miss,44.837458,65.296686,11.222528,-4.674461e+06,-6.560146e+06,-1.525876e+06
249,4.907734e+02,miss,-33.758822,21.705460,69.204154,4.856305e+06,-2.129233e+06,-6.261312e+06
250,4.917267e+02,miss,-35.976119,62.099127,35.347098,3.562624e+06,-5.775120e+06,-4.626860e+06
251,4.921960e+02,miss,-5.959620,-7.332075,79.440063,2.292842e+06,1.629766e+06,-7.720313e+06
252,4.922293e+02,miss,-56.960852,3.180688,56.083372,5.030776e+06,-2.179744e+06,-6.120546e+06
253,4.922508e+02,miss,24.927804,0.260690,76.016686,-6.131027e+05,-6.210907e+05,-8.170824e+06
254,4.950107e+02,miss,14.504156,24.668740,74.706644,5.014111e+05,-3.023203e+06,-7.649277e+06
255,4.964587e+02,miss,10.612464,56.383546,55.751874,-1.193786e+06,-4.464265e+06,-6.837138e+06
256,4.969623e+02,miss,-34.243374,-10.943100,-71.467754,1.751809e+06,4.352217e+05,8.056803e+06
257,4.974931e+02,miss,44.750335,-31.663079,-58.265400,-2.892668e+06,3.675303e+06,6.809386e+06
258,4.988397e+02,miss,-40.568945,40.548491,-55.767200,3.805856e+06,-5.398039e+06,4.980410e+06
259,5.004613e+02,miss,-15.928656,-19.669833,75.890550,2.952948e+06,4.614981e+05,-7.727704e+06
260,5.028390e+02,miss,57.522725,-26.638919,48.800657,-4.748202e+06,2.962488e+06,-6.136341e+06
261,5.064127e+02,miss,21.790148,-39.244438,66.219812,-2.308144e+06,2.244742e+06,-7.687670e+06
262,5.064811e+02,miss,72.430953,14.923244,30.513176,-7.543804e+06,4.397146e+05,-3.517631e+06
263,5.067883e+02,miss,-64.820219,-45.221057,-12.385281,7.698748e+06,2.879662e+06,1.398215e+06
264,5.070091e+02,miss,-7.394844,-27.643134,-74.707252,2.718171e+06,2.677350e+06,7.415647e+06
265,5.078837e+02,miss,-56.845950,0.081025,-56.289710,5.345392e+06,-2.017440e+06,6.084832e+06
266,5.092429e+02,miss,29.492422,54.640306,50.444365,-1.257003e+06,-6.537724e+06,-5.053019e+06
267,5.112664e+02,miss,-19.455341,14.264799,-76.275849,3.944633e+04,-2.148779e+06,8.094051e+06
268,5.150691e+02,miss,-4.457168,53.811537,59.029248,-6.979986e+05,-4.417205e+06,-7.117247e+06
269,5.155573e+02,miss,-66.215468,20.196179,-40.095213,6.749646e+06,-3.466587e+06,3.625757e+06
270,5.195250e+02,miss,-55.263107,-14.855944,-55.904292,5.980866e+06,-5.427539e+05,5.932958e+06
271,5.236062e+02,miss,-53.644526,35.600952,-47.485124,4.401632e+06,-5.374226e+06,4.854739e+06
272,5.245672e+02,miss,-10.719461,64.045927,46.724858,2.846997e+06,-6.637641e+06,-4.448968e+06
273,5.257671e+02,miss,5.286469,-3.725132,-79.738176,-2.241040e+06,1.460264e+06,8.060208e+06
274,5.259026e+02,miss,21.658111,-72.772685,-25.200447,-5.932390e+05,8.127239e+06,2.395044e+06
275,5.281011e+02,miss,66.962773,33.086087,28.658294,-7.827925e+06,-1.939538e+06,-2.720944e+06
276,5.283859e+02,miss,-60.442178,-23.540094,-46.825282,7.105785e+06,2.204327e+06,4.138789e+06
277,5.289226e+02,miss,-59.504257,50.897148,-16.392795,7.259263e+06,-3.940239e+06,2.081358e+06
278,5.304497e+02,miss,23.891425,38.507932,-65.926770,-2.013640e+06,-2.388272e+06,7.937589e+06
279,5.309293e+02,miss,-10.838430,-14.559717,77.913690,-3.754129e+05,2.914879e+06,-8.012007e+06
280,5.319288e+02,miss,-50.218193,2.129601,62.238235,4.385965e+06,1.588584e+06,-7.155874e+06
281,5.336776e+02,miss,61.188684,-49.243267,15.200185,-5.488790e+06,6.245143e+06,-2.019423e+06
282,5.338537e+02,miss,-30.841330,-16.116342,72.035241,1.243423e+06,1.850803e+06,-8.261918e+06
283,5.341400e+02,miss,35.909508,20.511603,68.481979,-5.034644e+06,-6.377486e+05,-6.893169e+06
284,5.348440e+02,miss,28.474086,47.930112,57.375350,-2.188044e+06,-6.300559e+06,-5.374208e+06
285,5.361924e+02,miss,-0.370280,79.021511,-12.468510,-1.990165e+06,-8.244864e+06,1.270091e+06
286,5.366973e+02,miss,-45.973821,61.739854,21.785276,5.527375e+06,-6.280333e+06,-1.904328e+06
287,5.393097e+02,miss,-69.156035,-31.819215,24.596349,8.077150e+06,1.386335e+06,-2.610940e+06
288,5.412400e+02,miss,30.619468,8.564438,73.410480,-1.258528e+06,-1.420644e+06,-8.404877e+06
289,5.423760e+02,miss,10.778269,39.117689,-68.946612,-2.059845e+06,-2.370631e+06,8.033495e+06
290,5.430146e+02,miss,68.913133,-6.548295,40.101122,-6.605096e+06,2.107877e+06,-5.139753e+06
291,5.455407e+02,miss,-19.927420,-43.517657,64.102352,2.802602e+06,5.625418e+06,-5.944250e+06
292,5.457965e+02,miss,10.161346,29.657537,-73.601478,7.572216e+05,-2.139789e+06,8.349672e+06
293,5.463862e+02,hit,1.492795,79.871047,-4.288048,1.089273e+06,-8.579761e+06,3.888146e+05
294,5.467911e+02,miss,-2.737610,-1.903605,-79.930481,1.216933e+06,-1.687119e+06,8.407035e+06
295,5.469601e+02,miss,-28.628956,-67.824017,-31.309514,1.267775e+06,7.978203e+06,3.125658e+06
296,5.474968e+02,miss,-69.945850,38.423723,5.585296,6.983339e+06,-5.107203e+06,-5.017908e+05
297,5.529167e+02,miss,-22.147112,76.602486,6.447053,5.207146e+05,-8.654560e+06,-8.205265e+05
298,5.540097e+02,miss,-68.549107,15.760514,-38.113333,6.501417e+06,-3.037800e+06,4.949655e+06
299,5.546105e+02,miss,-35.128336,-61.697568,-36.870180,2.894388e+06,7.494254e+06,3.396591e+06
300,5.551305e+02,miss,14.784419,0.481504,78.620539,-1.110657e+06,2.035971e+06,-8.412536e+06
301,5.555591e+02,miss,-1.348728,58.617149,-54.426196,-2.011655e+06,-6.052432e+06,5.960671e+06
302,5.559592e+02,miss,50.189282,-26.347639,56.452085,-6.240874e+06,8.620783e+05,-6.047435e+06
303,5.560201e+02,miss,-78.912594,13.046977,-1.605890,8.268335e+06,-2.807835e+06,1.490230e+05
304,5.576996e+02,miss,35.515321,-6.060172,71.427840,-5.005382e+06,1.768305e+06,-6.951341e+06
305,5.586494e+02,miss,10.229241,-78.519807,11.401865,-2.980679e+06,8.100975e+06,-1.456689e+06
306,5.586520e+02,miss,-3.032070,-60.286254,52.501182,1.059166e+06,7.220406e+06,-4.834920e+06
307,5.593789e+02,miss,4.512591,-18.689166,77.655339,7.105856e+05,2.111000e+05,-8.728273e+06
308,5.600966e+02,miss,12.711357,-4.593473,-78.849993,-2.776049e+06,1.903063e+06,8.093368e+06
309,5.662565e+02,miss,24.983597,-46.334211,60.240857,-1.548809e+06,3.973930e+06,-7.712636e+06
310,5.665458e+02,miss,30.708989,-8.994795,-73.321563,-3.372183e+06,-1.209006e+06,8.054940e+06
311,5.673966e+02,miss,-66.324969,37.854460,23.833555,7.513296e+06,-3.182519e+06,-3.354703e+06
312,5.683861e+02,miss,12.019140,40.351923,-68.023986,8.129937e+05,-4.821861e+06,7.352312e+06
313,5.689235e+02,miss,-52.720612,30.362078,-51.948834,4.745820e+06,-2.699433e+06,6.944910e+06
314,5.708664e+02,miss,-2.515378,-1.909934,-79.937632,2.397406e+06,2.596678e+05,8.514285e+06
315,5.738821e+02,miss,46.382101,49.502546,-42.405172,-5.805312e+06,-3.837939e+06,5.503661e+06
316,5.756585e+02,miss,-14.930796,-32.118253,71.732065,-1.594973e+05,2.439974e+06,-8.543212e+06
317,5.759943e+02,miss,42.606364,21.276523,64.280691,-4.498616e+06,-4.133853e+06,-6.456405e+06
318,5.766894e+02,miss,56.239809,-15.114329,-54.851079,-5.558182e+06,3.707985e+06,5.870628e+06
319,5.773729e+02,miss,26.954465,-42.973144,61.860858,-2.828372e+06,6.011588e+06,-5.921292e+06
320,5.778621e+02,miss,38.067845,-63.595961,-30.106359,-5.402714e+06,6.483749e+06,2.835375e+06
321,5.803022e+02,miss,-11.936342,-76.088752,21.633898,2.627569e+06,8.280185e+06,-2.033917e+06
322,5.812061e+02,miss,-50.780687,21.682757,57.889377,4.271614e+06,-4.175335e+06,-6.636737e+06
323,5.819140e+02,miss,-18.869917,-5.435996,77.552409,3.893809e+06,1.170337e+06,-7.955630e+06
324,5.824898e+02,miss,-68.704935,12.958528,38.880695,7.668680e+06,-2.737021e+06,-3.688163e+06
325,5.833040e+02,miss,-11.464746,63.194070,-47.697685,2.381345e+06,-7.349244e+06,4.509097e+06
326,5.838540e+02,miss,33.002320,72.461067,-7.761485,-3.251810e+06,-8.308213e+06,6.992377e+05
327,5.838720e+02,miss,5.003558,54.118683,58.703769,3.628707e+05,-6.933912e+06,-5.646349e+06
328,5.839981e+02,miss,6.540584,-7.152852,79.410689,-2.816244e+06,9.247575e+05,-8.445293e+06
329,5.844306e+02,miss,-24.349054,31.287961,69.485157,2.088999e+06,-1.566307e+06,-8.564547e+06
330,5.862371e+02,miss,13.541764,18.730337,-76.588479,-3.105292e+06,-3.035245e+06,7.846079e+06
331,5.864148e+02,miss,23.568059,-43.300208,63.005068,-4.466799e+06,3.645546e+06,-6.870122e+06
332,5.882093e+02,miss,36.973409,54.447760,45.479759,-5.764058e+06,-4.533706e+06,-5.187310e+06
333,5.883553e+02,miss,15.887519,3.548238,78.326220,-1.443469e+06,-2.536281e+06,-8.496513e+06
334,5.884177e+02,miss,-2.679322,7.766520,-79.577022,-4.020852e+05,-2.855110e+06,8.508954e+06
335,5.896608e+02,miss,44.250576,64.614325,-16.336324,-4.685686e+06,-7.532660e+06,1.479703e+06
336,5.914141e+02,miss,-37.640763,9.957305,69.885800,5.702961e+06,-8.312792e+05,-6.921839e+06
337,5.917502e+02,miss,26.790517,-73.695404,-15.851046,-5.018355e+06,7.266637e+06,1.784616e+06
338,5.931336e+02,hit,-10.791357,-79.222137,-2.720225,-9.745859e+05,8.962428e+06,2.959480e+05
339,6.018108e+02,miss,-52.238288,-30.974180,-52.074576,4.566480e+06,5.293676e+06,5.803194e+06
340,6.030059e+02,miss,54.027635,11.350485,-57.898024,-7.042585e+06,-5.398566e+04,5.754635e+06
341,6.054701e+02,miss,4.542219,7.415686,79.525944,5.561263e+05,1.158804e+06,-9.022343e+06
342,6.058215e+02,miss,40.495421,-13.998249,-67.558640,-5.110188e+06,3.178657e+06,6.847269e+06
343,6.070192e+02,miss,40.049578,-67.686677,14.647358,-2.463669e+06,8.623039e+06,-1.685466e+06
344,6.100069e+02,miss,-30.089239,-38.433637,63.383698,2.945297e+06,2.593194e+06,-8.263031e+06
345,6.126928e+02,miss,-20.336619,22.485562,74.032570,2.887760e+06,-4.209699e+06,-7.614776e+06
346,6.128744e+02,miss,-57.604430,-15.004801,-53.447036,5.317794e+06,1.221867e+06,7.368756e+06
347,6.190062e+02,miss,-16.478774,-59.239628,-51.177304,1.529422e+06,5.597885e+06,7.157941e+06
348,6.190247e+02,miss,-32.330323,29.530037,66.953171,3.261478e+06,-1.357114e+06,-8.510882e+06
349,6.191530e+02,miss,-24.597476,-76.085306,2.447537,3.064116e+06,8.688606e+06,-2.258922e+05
350,6.198725e+02,miss,7.993081,79.295677,-6.950273,-2.621106e+06,-8.786383e+06,9.796281e+05
351,6.201410e+02,miss,-34.821005,-67.929146,-23.940108,5.695760e+06,6.540149e+06,3.138792e+06
352,6.205552e+02,miss,31.986046,10.810885,72.525979,-2.272135e+06,-3.072143e+06,-8.397821e+06
353,6.212197e+02,miss,60.333170,8.490453,51.844197,-5.973986e+06,4.310157e+05,-7.024310e+06
354,6.213813e+02,miss,9.548080,-46.585041,-64.332481,1.172567e+06,5.530562e+06,7.298995e+06
355,6.234188e+02,miss,-46.442875,-47.519716,44.552620,3.984600e+06,6.902884e+06,-4.689351e+06
356,6.259128e+02,miss,23.119093,-54.087813,-54.221914,-9.905680e+05,7.229633e+06,5.710531e+06
357,6.261797e+02,miss,-10.380481,23.508946,75.759983,2.664093e+06,-3.882517e+06,-7.982748e+06
358,6.282594e+02,miss,-22.263631,-19.909900,-74.215407,9.001905e+05,3.836741e+06,8.405352e+06
359,6.290345e+02,miss,23.717091,-67.474775,-35.842075,-5.861658e+05,8.368515e+06,3.988931e+06
360,6.300906e+02,miss,-57.833708,-37.675178,40.445558,5.893904e+06,5.886650e+06,-4.128113e+06
361,6.307026e+02,miss,33.852602,52.504174,-49.973123,-2.160507e+06,-5.960383e+06,6.806031e+06
362,6.314992e+02,miss,21.317576,50.016719,58.684656,-1.953598e+06,-4.282108e+06,-8.029464e+06
363,6.319723e+02,miss,-37.527971,55.673610,43.498282,5.771441e+06,-5.850935e+06,-4.375753e+06
364,6.336802e+02,miss,-9.289553,-15.090501,-78.012698,1.621996e+06,-5.162241e+05,9.166630e+06
365,6.346204e+02,miss,-25.068063,-35.074508,67.389696,2.496541e+06,5.687698e+06,-6.962098e+06
366,6.348747e+02,hit,78.966573,12.147430,4.089038,-8.983915e+06,-2.448435e+06,-6.186745e+05
367,6.352824e+02,miss,24.020979,-21.047606,-73.348421,-1.850921e+06,4.357608e+06,8.045470e+06
368,6.359663e+02,miss,6.566891,42.800235,-67.268238,-2.781224e+06,-5.195112e+06,7.246631e+06
369,6.371411e+02,miss,10.712403,23.948596,-75.575850,-1.746531e+06,-5.205659e+05,9.169398e+06
370,6.392115e+02,miss,-39.210129,52.725533,-45.635337,6.221811e+06,-5.039679e+06,4.855299e+06
371,6.405244e+02,miss,2.929856,77.980976,-17.617701,-2.100823e+06,-8.785960e+06,2.501350e+06
372,6.412954e+02,miss,-16.526110,65.596530,42.708114,6.107566e+05,-8.314709e+06,-4.296704e+06
373,6.417269e+02,miss,43.950829,-19.371957,-63.976964,-5.303887e+06,3.958397e+06,6.650424e+06
374,6.442427e+02,miss,-6.540117,13.264048,78.621193,1.565856e+06,6.531545e+05,-9.246342e+06
375,6.446124e+02,miss,-78.869504,-7.893425,-10.830290,9.241580e+06,-7.379529e+05,1.572482e+06
376,6.449532e+02,miss,71.540456,-8.449519,-34.793229,-7.757744e+06,3.268611e+06,4.195763e+06
377,6.452241e+02,miss,8.385673,15.642611,-78.006341,-2.802730e+06,-4.166340e+05,8.971015e+06
378,6.458914e+02,miss,15.583650,44.079403,-64.916532,-6.891349e+05,-6.480497e+06,6.791743e+06
379,6.474754e+02,miss,-18.881465,-9.019927,77.214838,3.711263e+06,2.342286e+06,-8.340085e+06
380,6.478533e+02,miss,-2.593445,-70.093397,-38.473233,-2.021313e+06,8.048665e+06,4.472353e+06
381,6.490874e+02,miss,26.829338,53.305582,53.279467,-5.107151e+06,-5.291239e+06,-5.912506e+06
382,6.491283e+02,miss,40.247804,-10.626899,68.316786,-6.207726e+06,8.922845e+05,-7.050638e+06
383,6.498415e+02,miss,-47.450776,-32.958731,-55.336659,4.131954e+06,5.655887e+06,6.330819e+06
384,6.499702e+02,miss,23.948785,-5.682486,76.119413,-9.729722e+05,2.147905e+06,-9.143241e+06
385,6.501545e+02,miss,20.412871,-71.535996,29.426451,-7.843031e+05,8.914273e+06,-3.017436e+06
386,6.518842e+02,miss,24.354007,16.971717,74.288917,-3.120685e+06,-3.931303e+06,-8.014222e+06
387,6.519939e+02,miss,-67.562263,-36.908531,-21.750885,8.513952e+06,3.532073e+06,2.115114e+06
388,6.541791e+02,miss,67.975907,29.229455,30.412416,-8.546852e+06,-1.192474e+06,-3.907135e+06
389,6.561578e+02,miss,32.528854,-3.512497,73.003671,-4.939122e+06,-1.317124e+06,-7.992375e+06
390,6.591758e+02,miss,-39.893735,-59.221897,36.072937,6.503760e+06,5.434594e+06,-4.311390e+06
391,6.594512e+02,hit,37.788355,70.389676,4.163383,-3.222879e+06,-8.926167e+06,-6.294179e+05
392,6.603397e+02,miss,21.150455,20.643552,74.340447,-9.951118e+05,-7.257823e+05,-9.437396e+06
393,6.615147e+02,miss,-51.053233,27.405917,55.158709,4.264553e+06,-4.647679e+06,-7.138298e+06
394,6.640764e+02,miss,14.363781,34.419294,70.774247,-3.238929e+06,-4.910318e+06,-7.516125e+06
395,6.656691e+02,miss,57.764996,40.415862,37.812210,-5.160953e+06,-6.431959e+06,-4.827730e+06
396,6.658806e+02,miss,50.640557,-23.328468,57.369997,-5.843785e+06,5.663638e+05,-7.541281e+06
397,6.672488e+02,miss,-38.121339,-23.116060,-66.425983,2.421145e+06,2.796477e+06,8.823093e+06
398,6.685782e+02,miss,-40.473518,-62.782284,28.640516,4.597334e+06,7.926620e+06,-2.782943e+06
399,6.702995e+02,miss,-59.988832,-23.586741,-47.381490,6.435311e+06,4.808159e+06,5.236035e+06
400,6.706100e+02,miss,9.473659,8.617524,78.968273,1.162851e+06,-3.333252e+05,-9.514565e+06
401,6.747345e+02,miss,16.820797,-59.320251,50.972233,-1.363739e+06,8.003428e+06,-5.161531e+06
402,6.821513e+02,miss,-64.524105,-3.301851,47.177724,8.207715e+06,1.651328e+06,-4.845612e+06
403,6.830051e+02,miss,25.610077,33.738813,-67.866165,-3.503876e+06,-5.502437e+06,7.150985e+06
404,6.839182e+02,miss,5.856949,38.767936,69.733373,-1.288903e+06,-6.122956e+06,-7.393508e+06
405,6.862434e+02,miss,27.042631,15.390829,73.700872,-3.117084e+06,5.611537e+05,-9.170805e+06
406,6.862705e+02,miss,45.889574,-57.135468,32.088710,-4.211729e+06,8.055541e+06,-3.392356e+06
407,6.868387e+02,miss,-20.022931,-50.254263,-58.937181,4.401387e+06,5.717693e+06,6.492473e+06
408,6.877707e+02,miss,3.953817,43.577313,66.973018,1.129323e+06,-6.288553e+06,-7.315942e+06
409,6.895015e+02,miss,14.840809,5.269090,-78.434604,2.434640e+04,-2.226817e+06,9.466910e+06
410,6.904838e+02,miss,-18.307120,37.715669,68.134996,3.642439e+06,-2.617514e+06,-8.636996e+06
411,6.915556e+02,miss,71.666102,-6.416009,-34.968624,-8.135252e+06,-1.740888e+05,5.352647e+06
412,6.918783e+02,miss,13.641669,-77.521627,14.293432,-9.479285e+03,9.627134e+06,-1.491953e+06
413,6.928276e+02,miss,-39.463109,61.470291,32.620029,3.741141e+06,-8.353911e+06,-3.354696e+06
414,6.949697e+02,miss,4.745296,-32.336821,-73.019259,-2.499576e+06,4.699471e+06,8.185284e+06
415,6.970395e+02,miss,-41.510924,-61.276059,-30.365898,2.854427e+06,8.464660e+06,3.977120e+06
416,6.973030e+02,miss,7.310132,-58.502962,54.073704,1.077282e+06,7.651013e+06,-5.996110e+06
417,6.985334e+02,miss,-59.582113,-26.286270,46.465082,7.398854e+06,4.287979e+06,-4.763490e+06
418,6.988182e+02,miss,-10.649947,-55.153156,-56.962339,3.165383e+06,6.874438e+06,6.211454e+06
419,6.991216e+02,miss,-0.358155,-0.923367,-79.993869,-2.030115e+06,-1.060787e+06,9.521275e+06
420,7.012279e+02,miss,78.591901,12.331256,8.441166,-9.767527e+06,-2.103442e+05,-8.610519e+05
421,7.016563e+02,miss,9.076543,38.560126,-69.503475,-1.594873e+05,-2.735949e+06,9.420094e+06
422,7.018280e+02,miss,32.728095,-72.533052,8.235786,-4.851209e+06,8.488780e+06,-8.239820e+05
423,7.025574e+02,miss,-10.145057,19.655401,-76.881357,-1.199177e+06,-2.568322e+06,9.398847e+06
424,7.029435e+02,miss,8.451849,11.745259,-78.680462,-3.304245e+06,-1.410595e+06,9.138806e+06
425,7.037207e+02,miss,-60.835772,3.723073,51.818409,8.054848e+06,-1.574770e+06,-5.401086e+06
426,7.062515e+02,miss,23.127330,7.065010,-76.257539,-4.763558e+06,-1.276671e+06,8.518097e+06
427,7.090708e+02,miss,-25.242805,68.569800,32.572738,4.787254e+06,-7.882899e+06,-3.494025e+06
428,7.101540e+02,miss,-41.592429,-65.098665,-20.790228,3.070274e+06,8.907302e+06,2.940760e+06
429,7.143079e+02,miss,-55.054607,57.235145,-9.650306,8.077249e+06,-5.625069e+06,1.049348e+06
430,7.147079e+02,miss,62.550281,45.705296,-19.962172,-7.516671e+06,-6.127852e+06,1.997110e+06
431,7.161668e+02,miss,29.497365,-66.765812,-32.744950,-2.105748e+06,9.026247e+06,3.511719e+06
432,7.165060e+02,miss,-2.666066,-68.804491,-40.728786,2.144565e+05,7.612495e+06,6.347435e+06
433,7.172983e+02,miss,13.880213,-6.369348,78.528791,-3.112010e+06,2.492111e+06,-9.082922e+06
434,7.175949e+02,miss,26.567727,52.803543,53.906788,-4.809229e+06,-6.485926e+06,-5.765367e+06
435,7.183801e+02,miss,-64.325141,7.817726,-46.916515,7.957304e+06,-2.898140e+06,5.179303e+06
436,7.204582e+02,miss,17.594865,0.224959,78.040823,3.062316e+05,-2.854248e+04,-9.936476e+06
437,7.218752e+02,miss,75.236907,-13.142022,-23.805359,-8.988998e+06,3.405707e+06,2.573247e+06
438,7.220617e+02,miss,17.342227,-49.502613,60.404788,-2.057247e+06,7.344528e+06,-6.393258e+06
439,7.226628e+02,miss,21.176250,68.557352,-35.375924,-4.028951e+06,-8.308533e+06,3.723759e+06
440,7.245248e+02,miss,-44.899106,21.422222,62.651086,6.819728e+06,-2.894611e+06,-6.670720e+06
441,7.249586e+02,miss,-19.752559,25.922152,73.060786,3.034141e+06,-8.111567e+05,-9.464750e+06
442,7.258655e+02,miss,43.865393,50.918938,-43.394573,-4.975095e+06,-7.367858e+06,4.531334e+06
443,7.260893e+02,miss,-0.042675,0.714174,-79.996801,8.029710e+05,2.203645e+06,9.700504e+06
444,7.272334e+02,miss,8.509162,12.711601,78.523941,-2.690308e+06,-3.057096e+06,-9.119975e+06
445,7.289078e+02,miss,-43.146292,57.938358,34.373598,7.132852e+06,-5.424410e+06,-4.436825e+06
446,7.299828e+02,miss,-33.093381,-4.368558,-72.703121,5.839134e+06,-1.543362e+05,8.124984e+06
447,7.300215e+02,miss,14.656386,-17.700291,-76.628259,5.640965e+05,1.489441e+06,9.879440e+06
448,7.301764e+02,miss,59.690783,-42.325926,32.334601,-5.870978e+06,6.553164e+06,-4.769579e+06
449,7.327403e+02,miss,-36.168047,68.310269,-20.629579,5.650541e+06,-7.998160e+06,2.147967e+06
450,7.344351e+02,miss,14.427264,-14.910049,-77.262827,-2.876842e+05,-1.206233e+05,1.003235e+07
451,7.346962e+02,miss,22.899920,26.383510,71.968772,-4.080807e+06,-4.520456e+06,-7.980835e+06
452,7.364210e+02,miss,50.274426,-55.911253,-27.320575,-7.677265e+06,5.752478e+06,2.997739e+06
453,7.373769e+02,miss,-53.056197,58.555519,-12.501646,7.576747e+06,-6.303868e+06,2.000778e+06
454,7.379970e+02,miss,-39.201028,-20.782406,66.568544,5.356705e+06,1.230134e+05,-8.516138e+06
455,7.381340e+02,miss,-6.205388,-1.951012,79.735103,9.687718e+05,-2.202786e+06,-9.770467e+06
456,7.391690e+02,miss,-49.918442,4.710458,-62.337474,7.499443e+06,-1.139442e+05,6.718643e+06
457,7.402797e+02,miss,37.685451,-46.667563,-52.933405,-5.008314e+06,6.740143e+06,5.570853e+06
458,7.409882e+02,miss,2.856187,44.457621,-66.448191,1.770713e+06,-4.364230e+06,8.914168e+06
459,7.431660e+02,miss,18.166436,50.115506,59.652466,-1.843182e+06,-4.570842e+06,-8.812103e+06
460,7.463885e+02,miss,4.328262,1.907777,-79.860043,-2.909847e+06,-6.461500e+05,9.669560e+06
461,7.473681e+02,miss,-40.299701,45.926161,51.640313,3.128225e+06,-5.893174e+06,-7.616049e+06
462,7.474906e+02,miss,-16.740950,0.398300,-78.227757,-2.720426e+05,8.107016e+05,1.008985e+07
463,7.486701e+02,miss,-4.637000,36.074511,71.253967,2.038451e+06,-5.775052e+06,-8.074130e+06
464,7.486842e+02,miss,18.646077,-7.860575,-77.398548,1.127740e+05,1.580899e+06,1.000940e+07
465,7.503751e+02,miss,29.278410,55.051472,50.120956,-5.332600e+06,-6.645453e+06,-5.507568e+06
466,7.506077e+02,miss,7.943294,0.098415,79.604613,-2.776567e+06,-1.609188e+06,-9.626270e+06
467,7.520115e+02,miss,43.793282,61.142467,-27.271728,-7.409253e+06,-6.029546e+06,3.450217e+06
468,7.573397e+02,miss,-57.406534,17.507443,-52.895929,8.127201e+06,-2.228933e+05,6.147052e+06
469,7.574029e+02,miss,6.185587,4.943748,-79.607147,9.271352e+05,1.240482e+06,1.007460e+07
470,7.581306e+02,miss,18.354958,19.069306,-75.494749,-3.914469e+06,-3.627867e+06,8.689726e+06
471,7.581750e+02,miss,51.860773,12.909653,59.529833,-5.861315e+06,6.219153e+05,-8.322266e+06
472,7.594846e+02,hit,72.659785,33.255794,3.822022,-8.599416e+06,-5.483261e+06,-4.067550e+05
473,7.607416e+02,miss,14.478941,17.805533,-76.637610,-1.584616e+06,2.691863e+05,1.008814e+07
474,7.615976e+02,miss,0.397890,50.827986,61.776674,-1.315739e+06,-7.463286e+06,-6.858542e+06
475,7.616309e+02,miss,3.444335,22.382139,76.727938,2.077044e+06,-2.687438e+06,-9.640516e+06
476,7.619680e+02,miss,42.636023,-50.370104,-45.221922,-4.726216e+06,7.625842e+06,4.902207e+06
477,7.619807e+02,miss,58.470576,-20.153971,50.744549,-6.455363e+06,4.841924e+06,-6.277581e+06
478,7.635328e+02,miss,61.376481,-43.495913,-27.221923,-8.297305e+06,4.124492e+06,4.345130e+06
479,7.674124e+02,miss,26.817671,3.323848,-75.297839,-4.640208e+06,-2.227487e+06,8.875574e+06
480,7.680352e+02,miss,15.528404,-17.413293,76.522192,-3.560288e+05,2.821630e+05,-1.025418e+07
481,7.686681e+02,miss,-79.372844,-9.333130,3.583897,1.021004e+07,1.029915e+06,-3.682708e+05
482,7.687445e+02,miss,39.570078,68.225032,-13.399772,-2.704784e+06,-9.735901e+06,1.829795e+06
483,7.724634e+02,miss,-24.314306,-61.598514,-44.882486,2.336072e+06,8.779672e+06,4.839632e+06
484,7.743995e+02,miss,-47.214472,25.611418,59.286161,4.472888e+06,-2.439420e+06,-8.959353e+06
485,7.748785e+02,miss,62.543582,46.799233,17.266506,-9.018137e+06,-4.621353e+06,-1.899867e+06
486,7.751546e+02,miss,-37.104174,-40.806432,-57.949248,2.533253e+06,6.541354e+06,7.558069e+06
487,7.763190e+02,miss,-71.555776,-31.605893,16.758234,9.364532e+06,3.291032e+06,-2.822314e+06
488,7.771758e+02,miss,-52.522115,8.265412,59.775500,4.890895e+06,-1.518467e+06,-8.965586e+06
489,7.776684e+02,miss,77.132140,-10.326688,18.547036,-1.006737e+07,-8.338143e+05,-2.151451e+06
490,7.783354e+02,miss,16.536011,47.768059,-62.006233,-1.454565e+06,-4.329186e+06,9.268754e+06
491,7.787707e+02,miss,36.540747,47.410615,-53.075488,-6.481268e+06,-5.265813e+06,6.090277e+06
492,7.813301e+02,miss,0.654022,-7.028470,79.687972,-1.493169e+06,-1.230912e+06,-1.017023e+07
493,7.831186e+02,miss,39.611869,32.657163,-61.354784,-6.835689e+06,-3.016544e+06,7.183130e+06
494,7.882822e+02,miss,43.361620,63.069959,-23.279823,-3.836899e+06,-9.282557e+06,2.691502e+06
495,7.912655e+02,miss,-37.579877,-28.116813,64.785783,2.503676e+06,4.207530e+06,-9.196161e+06
496,7.912928e+02,miss,-23.639168,-73.027268,22.543467,5.425863e+06,8.348020e+06,-3.068449e+06
497,7.931250e+02,miss,8.617207,16.873857,-77.723978,-3.313425e+06,-2.930051e+06,9.446278e+06
498,7.934883e+02,miss,-79.286586,6.847927,-8.169650,9.952063e+06,-2.849154e+06,1.297979e+06
499,7.948152e+02,miss,33.719890,51.878591,-50.710756,-6.391264e+06,-5.179379e+06,6.430691e+06
500,7.953392e+02,miss,14.627588,1.013651,78.644810,6.838140e+05,-5.135171e+05,-1.041002e+07
501,7.958730e+02,miss,4.194699,72.435157,33.697961,4.759666e+05,-9.781556e+06,-3.642488e+06
502,7.963795e+02,miss,-27.379093,63.704118,39.902014,1.757947e+06,-9.209587e+06,-4.619059e+06
503,7.980213e+02,miss,-25.287938,27.057636,70.911244,5.384310e+06,-2.579051e+06,-8.592177e+06
504,7.981396e+02,miss,-60.916198,-49.026838,-16.899291,6.057873e+06,8.201871e+06,2.348509e+06
505,7.984135e+02,miss,-43.703723,-48.477620,-46.259106,4.939860e+06,7.644815e+06,5.164898e+06
506,7.988626e+02,miss,35.118911,-62.564186,-35.389049,-5.881987e+06,6.669126e+06,5.523422e+06
507,8.008639e+02,miss,-4.454596,7.543727,-79.518858,-1.561133e+06,-2.345050e+06,1.009561e+07
508,8.025252e+02,miss,77.744218,13.218525,-13.457607,-1.032836e+07,7.672879e+05,1.679853e+06
509,8.033961e+02,miss,-65.035486,1.022639,46.576172,9.206682e+06,-1.093042e+04,-5.044002e+06
510,8.039733e+02,miss,1.625011,-77.980942,17.785724,2.330662e+06,9.987798e+06,-2.257466e+06
511,8.042595e+02,miss,-75.106395,22.973462,15.206888,8.766475e+06,-5.419235e+06,-2.025915e+06
512,8.044483e+02,miss,-72.588183,-24.593420,22.937293,8.819602e+06,4.215461e+06,-3.846286e+06
513,8.049509e+02,miss,-9.272370,31.938419,-72.759608,-1.129151e+05,-2.075178e+06,1.030045e+07
514,8.051235e+02,miss,18.110495,-20.205894,75.257769,2.420630e+05,2.950966e+06,-1.008341e+07
515,8.059667e+02,miss,15.880875,-16.828899,76.580585,1.341279e+05,8.310262e+05,-1.048089e+07
516,8.065041e+02,miss,1.798038,-36.418409,-71.207208,2.340250e+06,4.611054e+06,9.159302e+06
517,8.073266e+02,miss,-30.265000,43.637958,59.831082,1.501915e+06,-6.658859e+06,-8.009250e+06
518,8.074261e+02,miss,39.591269,24.896061,64.905451,-2.973889e+06,-4.623739e+06,-8.974124e+06
519,8.126069e+02,miss,-72.630780,2.401172,33.451520,9.254629e+06,-2.826376e+06,-4.222795e+06
520,8.127523e+02,miss,-33.270098,-71.348839,14.228271,2.232724e+06,1.008017e+07,-2.212139e+06
521,8.134293e+02,miss,-11.766939,-63.704099,-46.939609,2.558490e+06,7.023985e+06,7.463186e+06
522,8.140739e+02,miss,30.904055,-38.043255,-63.226973,-5.814066e+06,4.949669e+06,7.305286e+06
523,8.148039e+02,hit,-79.910395,-2.375902,-2.946839,1.055678e+07,4.765373e+05,3.117249e+05
524,8.152770e+02,miss,-14.424604,6.356751,-78.431642,2.255449e+06,-3.254108e+06,9.806047e+06
525,8.164058e+02,miss,-19.970323,0.712741,77.464045,4.720629e+06,-9.108675e+05,-9.427388e+06
526,8.165729e+02,miss,-20.943215,-77.176132,-2.286144,4.296458e+06,9.668921e+06,2.549418e+05
527,8.170023e+02,miss,-49.448177,54.560652,31.273200,8.171919e+06,-5.128090e+06,-4.358201e+06
528,8.175744e+02,miss,9.276875,6.388099,-79.203105,-3.133227e+06,8.210458e+05,1.008260e+07
529,8.206931e+02,miss,-35.617408,-29.842187,65.121764,2.296090e+06,4.961300e+06,-9.093473e+06
530,8.208080e+02,miss,-36.455526,40.292619,-58.715411,6.667124e+06,-3.634020e+06,7.411943e+06
531,8.212552e+02,miss,-18.194748,-47.725089,61.573265,3.056156e+06,7.413891e+06,-6.953344e+06
532,8.217530e+02,miss,20.962093,-51.799133,57.248934,-5.078469e+06,5.643477e+06,-7.421825e+06
533,8.221560e+02,miss,-7.294994,78.533531,13.389081,3.576952e+06,-9.830687e+06,-1.827966e+06
534,8.233387e+02,miss,62.843083,-37.830416,-31.931279,-7.161310e+06,5.785622e+06,5.308757e+06
535,8.239940e+02,miss,-22.266726,29.288277,-71.037946,4.969719e+06,-4.069757e+06,8.471690e+06
536,8.252109e+02,miss,20.306546,-25.095477,-73.197413,-4.436353e+04,3.552140e+06,1.002885e+07
537,8.254349e+02,miss,-44.610833,58.702632,-31.046330,4.898507e+06,-8.787112e+06,3.466919e+06
538,8.255387e+02,hit,-3.519646,79.836888,3.699102,2.567231e+06,-1.031013e+07,-5.940837e+05
539,8.267239e+02,miss,-63.967805,3.317369,47.928227,9.211146e+06,-8.059889e+05,-5.283012e+06
540,8.275073e+02,miss,-55.644362,-26.928708,-50.779421,8.028807e+06,9.802375e+05,6.934689e+06
541,8.281954e+02,miss,-8.876943,-76.367242,22.118866,2.759704e+06,9.617895e+06,-3.672468e+06
542,8.288029e+02,miss,-76.120866,-11.756846,-21.619211,1.018259e+07,-1.118032e+06,2.958886e+06
543,8.292191e+02,miss,-7.798430,57.560714,-55.008624,-1.447591e+06,-6.991064e+06,7.923182e+06
544,8.341561e+02,miss,15.622571,-23.134194,74.971624,-3.207893e+06,6.521550e+05,-1.018374e+07
545,8.357156e+02,miss,-13.229462,54.846840,56.716889,3.136746e+05,-8.400016e+06,-6.631727e+06
546,8.371369e+02,miss,79.305442,9.521185,4.471453,-1.066421e+07,7.567499e+05,-7.317312e+05
547,8.398254e+02,hit,-66.006052,44.980767,4.464499,9.598326e+06,-4.742229e+06,-7.652612e+05
548,8.399884e+02,miss,72.367019,23.562891,24.653697,-9.604548e+06,-3.963486e+06,-2.695924e+06
549,8.406650e+02,miss,-70.148404,33.866984,18.227144,1.019052e+07,-2.616616e+06,-2.150365e+06
550,8.409178e+02,miss,-77.243209,11.726986,-17.203619,1.056505e+07,-2.160893e+05,1.919638e+06
551,8.435558e+02,miss,-53.208481,49.683050,-33.173063,8.588446e+06,-4.416184e+06,4.738130e+06
552,8.443237e+02,miss,71.361493,28.074904,-22.788970,-8.253419e+06,-6.044852e+06,3.340677e+06
553,8.448105e+02,miss,19.112197,-43.969487,-64.042237,-8.159286e+05,7.313551e+06,7.856990e+06
554,8.448989e+02,miss,14.221694,64.711111,44.835426,-3.397550e+06,-8.837680e+06,-5.123499e+06
555,8.450155e+02,miss,27.569147,-5.165536,-74.921688,-3.496364e+06,-1.971963e+06,9.990044e+06
556,8.456259e+02,miss,13.978688,76.005420,20.682661,3.079032e+05,-1.024223e+07,-3.316597e+06
557,8.457292e+02,miss,-47.083713,18.767176,-61.894402,6.107292e+06,-4.688260e+06,7.532149e+06
558,8.459028e+02,miss,41.806500,12.735302,-67.007676,-7.031875e+06,-2.363763e+06,7.810330e+06
559,8.462847e+02,miss,52.993201,27.326962,53.338146,-7.935085e+06,-4.142890e+06,-5.996596e+06
560,8.477351e+02,miss,-13.313892,-16.125611,-77.218553,2.033093e+06,-5.227004e+05,1.057736e+07
561,8.480207e+02,miss,-10.963445,-0.672662,-79.242352,1.910045e+06,-2.472842e+06,1.032294e+07
562,8.498002e+02,miss,75.570653,-22.462770,-13.583088,-1.032094e+07,2.081387e+06,2.390914e+06
563,8.507636e+02,miss,-67.360015,41.653095,11.298144,7.798822e+06,-7.352498e+06,-1.349744e+06
564,8.543084e+02,miss,19.197989,-71.741929,-29.741096,-5.076156e+06,8.707233e+06,3.950400e+06
565,8.543922e+02,miss,-22.718405,-51.935746,-56.449556,9.854469e+05,6.279218e+06,8.763603e+06
566,8.558932e+02,miss,22.149572,-43.534919,63.356983,-8.993203e+05,4.851850e+06,-9.646610e+06
567,8.581111e+02,miss,-23.507514,64.268650,41.435943,5.918855e+05,-8.911355e+06,-6.160193e+06
568,8.582152e+02,miss,27.143316,33.142994,-67.563173,-4.395365e+06,-1.934078e+06,9.729591e+06
569,8.584741e+02,miss,34.016647,-35.669716,-63.012214,-3.866594e+06,6.706668e+06,7.604630e+06
570,8.587077e+02,miss,-17.970530,-8.348075,-77.507223,4.746017e+06,7.095057e+05,9.734697e+06
571,8.596456e+02,miss,13.086038,-30.396058,-72.834300,5.528607e+05,2.838721e+06,1.046695e+07
572,8.625335e+02,miss,-27.805997,-29.567947,-68.938835,1.417287e+06,3.215256e+06,1.029420e+07
573,8.630929e+02,hit,14.985934,-78.313784,-6.509460,-4.447307e+06,9.879173e+06,1.008628e+06
574,8.642626e+02,miss,70.944630,29.802555,21.878466,-9.161683e+06,-5.336862e+06,-2.477065e+06
575,8.655477e+02,miss,-50.286924,62.173267,-2.389601,4.670112e+06,-9.840027e+06,3.075497e+05
576,8.668964e+02,miss,74.313905,-24.274261,16.976566,-9.234967e+06,5.056825e+06,-2.838939e+06
577,8.674181e+02,miss,-7.431701,-31.914780,72.980933,1.771034e+06,1.815280e+06,-1.060921e+07
578,8.682426e+02,miss,-47.104269,14.596931,62.992995,4.374517e+06,-1.441510e+06,-9.893734e+06
579,8.684270e+02,miss,12.981046,-37.084620,69.686608,9.689832e+05,5.010230e+06,-9.648020e+06
580,8.693109e+02,miss,-53.901101,45.139372,38.172089,8.609514e+06,-3.763288e+06,-5.564244e+06
581,8.712616e+02,miss,30.370888,-72.253498,16.032503,-3.801751e+06,1.009713e+07,-1.763265e+06
582,8.717950e+02,hit,-52.338377,60.416890,-3.239400,7.558177e+06,-7.881423e+06,5.871657e+05
583,8.718899e+02,miss,41.467389,-67.843055,-8.819042,-6.225547e+06,8.938557e+06,9.723242e+05
584,8.720693e+02,miss,23.577006,13.654332,75.217578,-3.540733e+06,8.527025e+05,-1.031316e+07
585,8.753579e+02,miss,-23.136376,-8.790461,-76.075199,5.035228e+06,-3.667909e+05,9.725652e+06
586,8.765699e+02,miss,2.947833,44.483197,-66.427069,8.235255e+05,-7.456088e+06,7.998198e+06
587,8.784387e+02,miss,-52.999460,24.267263,-54.791945,7.893168e+06,-6.451537e+05,7.601358e+06
588,8.802568e+02,miss,-27.436827,-16.975542,-73.205543,2.783451e+06,-1.795287e+05,1.062867e+07
589,8.829336e+02,miss,-40.511697,13.872604,67.574797,3.302232e+06,-3.293376e+06,-9.968174e+06
590,8.831465e+02,miss,-73.750865,29.737411,8.746214,1.020945e+07,-3.789327e+06,-1.597749e+06
591,8.834143e+02,miss,-10.724353,18.044312,-77.197092,3.265945e+06,-4.201170e+05,1.050422e+07
592,8.834977e+02,miss,7.176006,9.375926,-79.123934,-2.954457e+06,5.315340e+05,1.059158e+07
593,8.861026e+02,miss,53.116296,-27.922536,-52.905492,-8.641521e+06,2.559375e+06,6.350116e+06
594,8.867173e+02,miss,30.347816,-33.910630,65.795739,-2.667734e+06,2.962386e+06,-1.028310e+07
595,8.868675e+02,miss,3.161231,20.116580,-77.364913,-2.907579e+06,-3.381039e+06,1.008810e+07
596,8.878088e+02,miss,-9.213899,46.876681,-64.169158,6.266637e+05,-4.350063e+06,1.012268e+07
597,8.881676e+02,miss,3.184226,16.619574,-78.189836,2.231003e+06,-1.674103e+06,1.067958e+07
598,8.889216e+02,miss,-74.452261,-16.104971,-24.443625,9.541143e+06,3.593978e+06,4.241093e+06
599,8.894791e+02,miss,-48.800899,-18.697378,-60.571283,4.579683e+06,3.862787e+06,9.280022e+06
600,8.900384e+02,miss,-58.238871,-26.120195,48.228304,8.785182e+06,3.812898e+06,-5.511128e+06
601,8.901395e+02,miss,-37.880169,-8.473514,-69.952072,2.886948e+06,3.117205e+05,1.066173e+07
602,8.905144e+02,miss,-3.293372,28.463938,-74.692422,1.589593e+06,-5.743115e+06,9.308344e+06
603,8.910655e+02,miss,-23.185231,-17.107200,-74.631017,4.632384e+05,2.351406e+06,1.079293e+07
604,8.930250e+02,miss,-9.208752,51.979068,-60.111358,2.810705e+06,-5.280417e+06,9.312195e+06
605,8.940040e+02,miss,-39.056895,51.905972,-46.693993,7.124534e+06,-6.335121e+06,5.633949e+06
606,8.959289e+02,miss,-26.177762,-19.613895,73.006985,1.514383e+06,4.486024e+06,-1.002399e+07
607,8.967770e+02,miss,0.546348,2.574255,-79.956705,1.652983e+06,1.738064e+06,1.082873e+07
608,8.976224e+02,miss,14.260162,-30.725945,-72.474576,3.697079e+05,2.925498e+06,1.069744e+07
609,8.992433e+02,miss,-0.647794,1.265839,79.987362,1.306474e+06,2.238647e+06,-1.079974e+07
610,8.998297e+02,miss,66.971791,16.173880,-40.659376,-8.963288e+06,-4.291384e+06,4.967571e+06
611,9.005009e+02,miss,65.108088,-3.643988,46.342833,-8.196644e+06,-1.823698e+06,-7.281105e+06
612,9.008692e+02,hit,68.568434,40.354061,8.361798,-8.260726e+06,-7.302691e+06,-1.416671e+06
613,9.019848e+02,miss,-68.460381,1.002593,-41.378389,8.605881e+06,1.744992e+06,6.828082e+06
614,9.032102e+02,miss,17.250312,-6.334546,77.860775,-8.048931e+05,3.118566e+06,-1.065475e+07
615,9.036308e+02,miss,14.249598,-78.231026,-8.766726,-1.424889e+06,1.099817e+07,9.821294e+05
616,9.047360e+02,hit,73.124289,32.446580,-0.240330,-9.965597e+06,-4.979074e+06,4.443462e+04
617,9.055954e+02,miss,-40.172760,13.547966,67.842479,3.616115e+06,-3.844254e+06,-9.816802e+06
618,9.056366e+02,miss,-68.382591,-9.959838,-40.306611,8.574082e+06,9.227266e+05,7.061409e+06
619,9.061459e+02,miss,-7.857029,-27.604949,-74.674185,3.389942e+06,2.273592e+06,1.037491e+07
620,9.070611e+02,miss,-11.602131,17.382043,-77.222116,-1.038479e+06,-3.193058e+06,1.063725e+07
621,9.074515e+02,miss,54.711944,-1.919194,-58.334552,-7.815241e+06,2.692165e+06,7.493532e+06
622,9.091418e+02,miss,29.552942,-39.660399,62.878266,-1.716343e+06,5.031960e+06,-9.820600e+06
623,9.093271e+02,miss,35.590587,-11.619037,70.698714,-6.196791e+06,-6.072081e+05,-9.271846e+06
624,9.103562e+02,miss,-57.932740,18.543924,-51.960759,8.168944e+06,1.949948e+05,7.622832e+06
625,9.109393e+02,miss,-39.676036,6.812039,-69.133265,7.159567e+06,-1.593324e+06,8.435587e+06
626,9.135219e+02,miss,-65.888618,-39.747813,-21.881531,9.195023e+06,5.888376e+06,2.467804e+06
627,9.145798e+02,miss,-22.575573,-52.036023,-56.414500,5.204969e+06,5.397800e+06,8.320375e+06
628,9.151349e+02,miss,-4.667682,-60.796401,51.788130,-8.581801e+05,9.267780e+06,-6.237348e+06
629,9.170235e+02,miss,79.126079,11.350890,3.197028,-1.117894e+07,8.119776e+05,-4.046925e+05
630,9.172804e+02,miss,-52.842301,57.140107,-18.512139,6.902125e+06,-8.588193e+06,2.104912e+06
631,9.177877e+02,miss,-48.675287,30.995714,55.407420,5.161396e+06,-6.512944e+06,-7.539111e+06
632,9.185108e+02,hit,72.257091,33.816017,5.948931,-8.628695e+06,-7.129083e+06,-8.471274e+05
633,9.185315e+02,miss,-48.408143,59.518383,22.676283,4.426721e+06,-9.824080e+06,-3.144878e+06
634,9.215270e+02,miss,10.846293,-11.125713,78.476598,2.142029e+05,3.632502e+06,-1.063807e+07
635,9.221852e+02,miss,12.776880,-40.494348,67.800879,-4.070108e+06,4.017571e+06,-9.684689e+06
636,9.235616e+02,miss,11.477949,8.027718,78.764284,5.483795e+05,-2.861030e+06,-1.087210e+07
637,9.236087e+02,miss,-5.368083,-20.479071,77.147854,8.864426e+05,7.159858e+04,-1.122070e+07
638,9.250069e+02,miss,70.322310,-23.904266,29.721351,-1.002139e+07,3.863161e+06,-3.396283e+06
639,9.256350e+02,miss,-10.528440,5.104433,79.139729,-1.207670e+06,1.351914e+05,-1.120251e+07
640,9.261009e+02,miss,40.554146,33.978677,-60.006756,-4.625920e+06,-6.839451e+06,7.672012e+06
641,9.279483e+02,miss,-71.573835,-9.602554,-34.423497,9.497702e+06,1.121469e+05,6.088636e+06
642,9.280270e+02,miss,75.010733,1.844149,-27.748677,-9.993096e+06,-2.175976e+06,4.764909e+06
643,9.288204e+02,hit,50.843812,-61.431016,6.413817,-8.869690e+06,6.899804e+06,-1.063643e+06
644,9.295704e+02,miss,24.829163,2.263497,76.015717,-3.104922e+06,2.445970e+06,-1.057779e+07
645,9.299165e+02,miss,11.078941,6.638137,78.950568,-4.455306e+05,1.657616e+06,-1.116307e+07
646,9.304868e+02,miss,-43.985081,54.856775,38.158182,8.007930e+06,-5.574469e+06,-5.695347e+06
647,9.314527e+02,miss,79.026464,-9.798137,7.669064,-1.048587e+07,4.085637e+06,-1.060783e+06
648,9.318432e+02,miss,-23.395851,49.163575,-58.613796,3.041466e+06,-8.302689e+06,7.045531e+06
649,9.365409e+02,miss,-72.904149,-19.236100,26.738689,1.070764e+07,2.076169e+06,-3.083016e+06
650,9.368707e+02,miss,0.766516,78.167091,-17.009361,-2.391396e+05,-1.087842e+07,3.180735e+06
651,9.369410e+02,hit,-53.582480,-59.141899,5.581540,7.162993e+06,8.764165e+06,-6.363232e+05
652,9.380877e+02,miss,27.754454,-57.624142,-48.053601,-6.292621e+06,6.666655e+06,6.681309e+06
653,9.394355e+02,miss,47.477922,59.378750,24.900020,-4.273301e+06,-9.821233e+06,-3.761439e+06
654,9.417888e+02,miss,-22.446076,67.570397,36.474856,5.470947e+06,-8.783348e+06,-4.702181e+06
655,9.431481e+02,miss,-39.898428,-30.538669,-62.253555,4.963940e+06,2.048451e+06,1.002689e+07
656,9.433120e+02,miss,0.067642,-55.984267,57.146804,2.775380e+06,7.319865e+06,-8.253165e+06
657,9.433188e+02,hit,50.449585,61.971123,-3.797284,-4.753277e+06,-1.031878e+07,5.726464e+05
658,9.436060e+02,miss,-8.525790,-7.143063,79.223024,2.253101e+06,-1.579985e+06,-1.103927e+07
659,9.437662e+02,hit,-17.887547,-77.886747,3.700046,5.167867e+05,1.135723e+07,-4.544089e+05
660,9.461516e+02,miss,-3.897549,34.530110,-72.058869,2.016671e+06,-2.557937e+06,1.091684e+07
661,9.472368e+02,miss,-0.306186,-2.509675,-79.960039,-6.657849e+05,-2.344147e+06,1.113544e+07
662,9.474541e+02,miss,60.103182,-3.166845,52.702738,-8.337261e+06,3.121650e+06,-7.121198e+06
663,9.474946e+02,miss,20.239882,-15.688553,75.790609,-4.344083e+06,3.935843e+06,-9.778023e+06
664,9.475810e+02,miss,31.301635,-51.030363,-53.067030,-1.888550e+06,7.402093e+06,8.463208e+06
665,9.488277e+02,miss,-18.336812,-73.280998,-26.337362,5.266572e+06,9.395789e+06,3.759904e+06
666,9.511063e+02,miss,-3.817703,25.210383,75.827843,-1.909647e+06,-4.618622e+06,-1.027077e+07
667,9.515129e+02,miss,-9.286036,29.478410,73.788840,-1.155370e+06,-2.833283e+06,-1.100729e+07
668,9.517819e+02,miss,44.419748,64.477700,16.416825,-8.174030e+06,-7.500982e+06,-2.735006e+06
669,9.544715e+02,hit,39.054898,69.535745,-6.284512,-4.199762e+06,-1.058129e+07,1.151924e+06
670,9.552600e+02,miss,4.023401,11.069114,79.128294,-1.315044e+06,-4.056820e+06,-1.062308e+07
671,9.555102e+02,miss,24.153019,46.308076,-60.598629,-3.015710e+06,-8.152405e+06,7.450836e+06
672,9.559462e+02,miss,-50.644694,51.445190,34.474736,9.003026e+06,-5.326862e+06,-4.658439e+06
673,9.565137e+02,miss,57.263910,47.580787,29.273081,-9.055026e+06,-4.864594e+06,-5.054807e+06
674,9.572127e+02,miss,-13.512540,53.172326,58.224695,-9.168963e+05,-7.829769e+06,-8.316173e+06
675,9.580431e+02,miss,71.530503,33.794323,-11.888264,-8.880704e+06,-6.972143e+06,1.985183e+06
676,9.589895e+02,miss,28.762544,-19.498287,-72.059232,-4.502998e+06,4.974753e+06,9.301790e+06
677,9.606153e+02,miss,33.621758,-67.639015,-26.354145,-5.543713e+06,9.569979e+06,3.074773e+06
678,9.616732e+02,miss,10.169466,55.892703,-56.325728,-5.225193e+04,-9.109695e+06,6.994806e+06
679,9.632888e+02,miss,-0.373391,-1.765760,79.979639,2.433766e+06,1.674803e+06,-1.110901e+07
680,9.642698e+02,miss,61.455706,-44.324762,-25.661484,-7.076927e+06,7.945446e+06,4.365747e+06
681,9.666096e+02,hit,-77.610665,19.399940,0.476425,1.107618e+07,-3.147834e+06,-5.497281e+04
682,9.696448e+02,miss,4.412973,-16.822061,78.086772,-1.297011e+06,4.808980e+06,-1.040200e+07
683,9.707614e+02,miss,53.635956,-42.163569,-41.778196,-7.731639e+06,6.976703e+06,4.970977e+06
684,9.707773e+02,miss,-37.813311,-12.209426,69.434022,5.815143e+06,-1.080844e+06,-9.908648e+06
685,9.707970e+02,miss,-23.027258,31.073650,70.029805,1.279274e+06,-6.262092e+06,-9.608215e+06
686,9.714098e+02,miss,-0.374532,2.022042,-79.973565,2.760221e+06,-9.651124e+05,1.116700e+07
687,9.719052e+02,miss,-43.627964,-4.517582,-66.904351,7.332563e+06,-1.493081e+06,8.793428e+06
688,9.719463e+02,miss,-8.972313,12.003871,78.583743,-1.453266e+06,-8.232443e+05,-1.142524e+07
689,9.746767e+02,miss,-75.308859,-18.313477,-19.829077,9.842020e+06,5.346385e+06,2.872479e+06
690,9.759160e+02,miss,-51.690633,39.853512,46.257713,6.125807e+06,-5.324011e+06,-8.246195e+06
691,9.762080e+02,miss,-9.652273,-36.282204,-70.643013,-7.385581e+05,3.489734e+06,1.100848e+07
692,9.767567e+02,miss,-67.993199,-33.696549,25.327207,1.062373e+07,3.404115e+06,-3.087727e+06
693,9.770094e+02,miss,-42.027784,23.861262,-63.751906,6.910369e+06,-6.743505e+05,9.263496e+06
694,9.780403e+02,hit,-6.756177,79.657278,3.011991,3.636851e+06,-1.098941e+07,-4.098706e+05
695,9.782628e+02,miss,-55.320785,-14.211266,-56.014736,6.076955e+06,2.170255e+06,9.620440e+06
696,9.800862e+02,miss,1.585395,44.694456,-66.331683,-2.518180e+06,-4.811572e+06,1.024451e+07
697,9.826335e+02,miss,5.225322,16.279893,-78.151526,2.075479e+06,-2.679966e+06,1.110414e+07
698,9.837593e+02,miss,-78.462352,8.509624,-13.086086,1.070960e+07,-3.986412e+06,2.087850e+06
699,9.847201e+02,miss,17.111271,23.888838,-74.407848,4.233951e+05,-3.691838e+06,1.101222e+07
700,9.872358e+02,miss,-49.883778,-8.047854,-62.022905,8.304547e+06,2.450584e+06,7.775104e+06
701,9.878956e+02,miss,14.283976,54.066887,57.207865,-6.153692e+05,-6.331484e+06,-9.749218e+06
702,9.903466e+02,miss,14.312804,-4.900880,-78.556508,-2.860254e+06,-2.011284e+06,1.111861e+07
703,9.905378e+02,miss,59.221484,12.469311,-52.319519,-9.653409e+06,-5.690647e+05,6.508757e+06
704,9.906715e+02,miss,9.824424,6.024766,-79.165541,-4.908314e+05,-3.507079e+06,1.110648e+07
705,9.911318e+02,miss,73.896463,-8.323240,29.496380,-1.035277e+07,-4.718277e+05,-5.343692e+06
706,9.913593e+02,miss,78.764101,-2.237125,-13.827929,-1.102524e+07,3.213102e+06,2.027016e+06
707,9.919770e+02,miss,-0.854260,0.538815,-79.993624,2.789136e+06,8.479037e+05,1.129492e+07
708,9.929996e+02,miss,4.687592,30.309199,-73.887610,2.256764e+05,-6.472500e+06,9.709251e+06
709,9.931768e+02,hit,47.378241,64.364712,3.533572,-4.345691e+06,-1.081952e+07,-5.393740e+05
710,9.934859e+02,miss,-60.151403,42.964589,30.591712,8.356833e+06,-5.769073e+06,-5.758610e+06
711,9.945182e+02,miss,-76.020761,5.714535,-24.252586,1.111919e+07,1.621725e+06,3.186786e+06
712,9.963892e+02,miss,17.715314,-49.388036,-60.390310,-4.205551e+06,7.806713e+06,7.618877e+06
713,9.969959e+02,miss,-23.186402,25.451422,72.212297,5.465516e+06,-4.250537e+06,-9.424596e+06
714,9.971010e+02,miss,-12.890723,-12.958695,-77.883897,4.045249e+06,3.152156e+06,1.051077e+07
715,9.983000e+02,miss,6.680763,-74.173006,-29.218702,9.363666e+05,1.107423e+07,3.664092e+06
716,9.989034e+02,miss,-63.699838,-27.345461,39.931897,8.637320e+06,6.020765e+06,-5.115729e+06
717,1.000113e+03,miss,4.108541,46.927463,-64.660136,-1.778769e+06,-8.163475e+06,8.208724e+06
718,1.001363e+03,miss,2.540798,-48.661486,63.447649,2.219081e+06,7.576714e+06,-8.661990e+06
719,1.002207e+03,hit,5.739436,79.783864,1.262522,-2.058730e+05,-1.172230e+07,-1.489184e+05
720,1.005516e+03,miss,-21.094772,9.498385,-76.581925,5.056554e+06,-2.737638e+06,1.024047e+07
721,1.005785e+03,hit,79.567176,-1.038064,8.245416,-1.134103e+07,-2.779948e+06,-1.272948e+06
722,1.005849e+03,miss,62.163302,13.903667,48.398470,-8.528202e+06,-4.634298e+06,-6.615842e+06
723,1.005943e+03,miss,-1.526797,-64.210624,-47.693445,-2.609905e+06,9.252507e+06,6.750467e+06
724,1.006745e+03,miss,-78.140987,-5.941499,16.083677,1.085461e+07,3.760176e+06,-2.477488e+06
725,1.007792e+03,miss,63.903751,39.316995,-27.757603,-7.682347e+06,-8.006128e+06,3.889264e+06
726,1.008074e+03,miss,18.648634,65.829533,-41.457220,-5.143371e+06,-8.196940e+06,6.681132e+06
727,1.008592e+03,miss,15.146994,12.555185,77.543123,-2.854535e+06,-4.317057e+06,-1.056254e+07
728,1.008676e+03,miss,-13.725223,15.561244,77.262319,4.301135e+06,-3.263280e+06,-1.045061e+07
729,1.011081e+03,miss,54.853361,33.889331,47.356331,-6.669494e+06,-4.556034e+06,-8.570559e+06
730,1.011836e+03,miss,65.413133,-9.008216,-45.166072,-9.930963e+06,-1.335404e+06,6.195991e+06
731,1.012042e+03,miss,9.813820,77.195457,18.562069,-3.480944e+06,-1.100702e+07,-2.356793e+06
732,1.012353e+03,miss,-53.859431,-45.964485,37.234765,5.689962e+06,8.700479e+06,-5.549277e+06
733,1.014458e+03,miss,15.347324,59.482883,-51.246914,1.103105e+05,-8.017273e+06,8.652652e+06
734,1.014516e+03,miss,-7.226610,-78.755258,12.057589,3.619102e+06,1.103593e+07,-2.067760e+06
735,1.014702e+03,miss,20.268066,3.337278,-77.317967,-4.925095e+06,1.279329e+06,1.064413e+07
736,1.015289e+03,miss,-75.616041,-19.158765,-17.752634,1.091174e+07,2.877698e+06,3.453102e+06
737,1.016535e+03,miss,-13.125149,-77.615874,-14.265573,-8.635873e+05,1.160631e+07,1.997520e+06
738,1.016625e+03,miss,-6.817460,62.285737,-49.739413,1.245331e+06,-7.606276e+06,8.946970e+06
739,1.017130e+03,miss,-10.346654,-44.030383,-65.986908,4.423072e+05,4.264935e+06,1.100629e+07
740,1.018685e+03,miss,3.173881,2.180135,-79.907281,-2.093829e+06,-2.621651e+06,1.133490e+07
741,1.018751e+03,miss,10.176857,3.664262,-79.265407,3.700916e+05,1.739307e+06,1.168692e+07
742,1.019218e+03,miss,-72.884204,31.540263,9.649075,1.139796e+07,-2.610723e+06,-1.755225e+06
743,1.020396e+03,miss,-25.820255,24.120273,-71.774138,1.169898e+06,-4.904467e+06,1.070277e+07
744,1.021191e+03,miss,-59.660852,52.176167,-10.873377,1.016895e+07,-5.889772e+06,1.408505e+06
745,1.021845e+03,miss,-20.704069,21.961183,-74.088109,1.917704e+06,-6.093869e+05,1.166712e+07
746,1.022912e+03,miss,12.479968,4.212723,78.908196,-3.964956e+06,1.150715e+06,-1.110279e+07
747,1.023951e+03,miss,18.545346,-76.696648,13.179314,-4.286573e+06,1.092863e+07,-1.627834e+06
748,1.025765e+03,miss,-23.330284,58.026640,49.885938,4.236633e+06,-9.214536e+06,-6.152361e+06
749,1.026301e+03,miss,20.625993,4.002384,77.191640,-3.802494e+06,2.155187e+06,-1.103078e+07
750,1.026408e+03,miss,26.193246,-1.799871,75.569004,-5.836598e+06,-1.227728e+06,-1.025784e+07
751,1.026557e+03,miss,12.285847,-31.634929,-72.445077,-4.494718e+06,3.730955e+06,1.032930e+07
752,1.027764e+03,miss,-10.418584,-19.157306,-76.970454,2.903243e+06,1.934502e+05,1.151157e+07
753,1.028502e+03,miss,68.278351,41.427698,4.670399,-1.103589e+07,-4.306881e+06,-8.623084e+05
754,1.028544e+03,miss,14.351626,-15.221000,77.216268,-4.379207e+05,-1.752661e+05,-1.186874e+07
755,1.029499e+03,miss,-2.657766,-34.608761,-72.077527,2.957639e+06,5.755616e+06,9.967232e+06
756,1.029736e+03,miss,-3.974262,-44.821528,-66.145565,-2.261017e+06,5.793528e+06,1.012797e+07
757,1.031699e+03,miss,51.721547,57.334315,-20.920275,-9.147562e+06,-6.634962e+06,3.717748e+06
758,1.032323e+03,miss,1.231947,-30.365797,74.002707,2.722003e+06,4.013506e+06,-1.086694e+07
759,1.032631e+03,miss,1.339425,-49.865449,-62.543129,2.271425e+06,7.986681e+06,8.526647e+06
760,1.035126e+03,miss,-22.818388,-47.973759,59.815045,5.620907e+05,7.992241e+06,-8.820462e+06
761,1.035179e+03,miss,3.829728,-49.790714,62.499744,-1.519901e+06,5.177229e+06,-1.062478e+07
762,1.037199e+03,miss,-4.831449,6.712030,79.571388,1.252059e+06,-3.723237e+06,-1.126262e+07
763,1.037866e+03,miss,-4.128006,-47.340580,64.357044,-2.343807e+06,6.679701e+06,-9.605021e+06
764,1.038437e+03,miss,-26.026614,-10.319694,74.940772,5.609977e+06,-5.645932e+05,-1.051931e+07
765,1.038773e+03,miss,-17.185330,45.104799,63.798288,7.991341e+05,-8.276566e+06,-8.564612e+06
766,1.040486e+03,miss,-7.661151,42.272833,-67.485660,1.307877e+06,-8.042644e+06,8.736871e+06
767,1.042144e+03,miss,-56.309816,44.167500,-35.755232,9.961738e+06,-4.368259e+06,4.963584e+06
768,1.043070e+03,miss,-42.034702,5.436112,-67.849337,7.998603e+06,-1.234832e+06,8.807928e+06
769,1.043490e+03,miss,-14.118965,2.949869,78.688964,4.756849e+06,-3.839563e+05,-1.097109e+07
770,1.044046e+03,miss,-58.870770,-27.368116,-46.746322,9.183704e+06,5.021275e+06,5.801931e+06
771,1.045175e+03,miss,-65.870955,29.291454,34.684694,1.024640e+07,-4.535484e+06,-4.220383e+06
772,1.045362e+03,miss,38.722379,4.616679,-69.851726,-3.105428e+06,-5.226955e+05,1.155334e+07
773,1.046445e+03,miss,18.695504,29.809608,71.846123,-3.569511e+06,-6.355071e+06,-9.508775e+06
774,1.047050e+03,miss,-11.011028,-65.802796,44.144641,4.458022e+06,9.106885e+06,-6.388961e+06
775,1.048667e+03,miss,63.434857,27.380631,-40.327657,-9.976917e+06,-4.454020e+06,4.946993e+06
776,1.049680e+03,miss,2.337348,7.985997,-79.566077,1.497402e+06,-3.356576e+06,1.142278e+07
777,1.050691e+03,miss,-27.746579,5.308327,-74.846169,1.570699e+06,5.873925e+05,1.188761e+07
778,1.051732e+03,hit,76.744780,22.281577,-3.710814,-1.038698e+07,-6.007995e+06,5.339229e+05
779,1.053552e+03,miss,1.485365,38.495249,70.113547,2.665334e+06,-5.865277e+06,-1.014960e+07
780,1.054045e+03,miss,11.395914,68.624632,39.506873,-4.305582e+06,-9.817361e+06,-5.446925e+06
781,1.054460e+03,miss,-54.031966,-5.102418,-58.775097,8.508583e+06,3.086450e+06,7.919750e+06
782,1.055246e+03,miss,-31.585873,-29.232553,-67.437308,6.683384e+06,2.258517e+06,9.745967e+06
783,1.056609e+03,miss,-13.347483,-58.904528,-52.460474,-1.003132e+06,8.736123e+06,8.222721e+06
784,1.057011e+03,miss,18.905591,-4.778998,77.586982,-5.383095e+06,7.958952e+05,-1.074166e+07
785,1.057259e+03,miss,45.997752,-43.737021,-48.695788,-8.614400e+06,5.508655e+06,6.362022e+06
786,1.057836e+03,miss,-9.840916,11.596748,-78.540893,2.634373e+06,-4.130273e+06,1.100493e+07
787,1.060508e+03,miss,46.312599,-61.687451,-21.208526,-8.978227e+06,7.223322e+06,3.562198e+06
788,1.060826e+03,miss,-60.314828,-26.580447,-45.338740,7.231518e+06,5.273478e+06,8.087853e+06
789,1.061136e+03,miss,42.992183,4.200117,67.335215,-5.130051e+06,2.012904e+06,-1.073271e+07
790,1.062050e+03,miss,-48.738625,30.358704,55.703640,5.003080e+06,-5.166157e+06,-9.693588e+06
791,1.063303e+03,miss,72.994474,-26.534176,-19.176660,-1.149531e+07,1.467495e+06,3.400273e+06
792,1.064400e+03,miss,-25.306398,-6.873797,75.580005,3.541026e+06,3.868782e+06,-1.088585e+07
793,1.066068e+03,miss,41.198768,15.448807,-66.813142,-3.630625e+06,-3.502448e+06,1.099037e+07
794,1.066308e+03,miss,-58.540033,3.378012,-54.421077,7.071114e+06,-1.921013e+06,9.621788e+06
795,1.067091e+03,miss,-38.664885,-28.273373,64.075292,3.489938e+06,6.189190e+06,-9.792416e+06
796,1.067505e+03,miss,35.718885,-37.429787,-61.017803,-7.238103e+06,3.284883e+06,9.124327e+06
797,1.069096e+03,miss,-58.218546,-9.207314,-54.090908,7.188322e+06,3.727717e+06,9.004688e+06
798,1.070315e+03,miss,-31.316963,-9.891202,-72.948009,2.257841e+06,2.865671e+04,1.190466e+07
799,1.071149e+03,miss,37.399313,64.313216,-29.412611,-5.009703e+06,-1.041890e+07,3.644606e+06
800,1.073173e+03,miss,19.117157,59.417783,-50.040597,-2.024599e+06,-1.011156e+07,6.392880e+06
801,1.075376e+03,miss,-5.654768,65.921846,44.970366,-1.327378e+06,-1.047368e+07,-6.004482e+06
802,1.075986e+03,miss,59.470953,32.978300,-42.138313,-8.491993e+06,-6.753101e+06,5.466166e+06
803,1.077039e+03,miss,3.880434,-3.719050,-79.819239,2.153917e+06,-6.596687e+05,1.194434e+07
804,1.077478e+03,miss,9.845155,5.871675,79.174468,-4.136738e+06,1.347424e+05,-1.143115e+07
805,1.078770e+03,miss,59.762767,-16.930472,50.415978,-8.029878e+06,5.333766e+06,-7.419648e+06
806,1.082244e+03,miss,5.163234,26.637847,-75.257997,-2.772629e+06,-5.582050e+06,1.046943e+07
807,1.082427e+03,miss,-15.564925,10.518212,77.763104,2.009803e+06,-4.382629e+06,-1.119081e+07
808,1.083588e+03,miss,-9.450744,-4.837304,79.292395,-2.617839e+05,3.175638e+06,-1.176805e+07
809,1.084369e+03,miss,-15.993452,-4.483556,-78.256675,4.827218e+06,-6.639640e+05,1.118054e+07
810,1.084619e+03,miss,55.696372,-28.066579,-50.101709,-6.311460e+06,6.035148e+06,8.516103e+06
811,1.086436e+03,miss,71.080664,17.465298,32.287807,-9.783139e+06,-3.931242e+06,-6.153567e+06
812,1.086879e+03,miss,-51.961502,-50.900772,-33.303360,9.483445e+06,6.304911e+06,4.404987e+06
813,1.087059e+03,miss,6.510756,44.786702,65.967882,-4.293097e+05,-4.354384e+06,-1.140049e+07
814,1.087662e+03,miss,33.070572,40.145552,-60.783813,-5.271913e+06,-3.488980e+06,1.045145e+07
815,1.087807e+03,miss,3.507865,73.454421,-31.498299,-3.155028e+05,-1.052536e+07,6.191617e+06
816,1.090474e+03,miss,-69.999728,38.380501,-5.193770,8.952098e+06,-8.297534e+06,7.717557e+05
817,1.093797e+03,miss,9.787594,-31.700733,-72.796061,-4.071108e+06,3.205997e+06,1.109902e+07
818,1.094155e+03,miss,-51.621828,42.368439,44.046592,5.686759e+06,-7.423931e+06,-7.914271e+06
819,1.094163e+03,miss,5.497971,8.487279,-79.358291,-3.728049e+06,-1.049590e+06,1.162285e+07
820,1.094713e+03,miss,44.314827,44.417122,-49.631798,-8.240190e+06,-4.139242e+06,8.070447e+06
821,1.095100e+03,miss,70.067978,37.178251,-10.404621,-9.028448e+06,-8.096504e+06,1.775689e+06
822,1.097578e+03,miss,-15.563008,71.349167,-32.666331,4.865900e+05,-1.148553e+07,4.290107e+06
823,1.098154e+03,miss,-45.969363,22.743114,61.396811,8.024407e+06,-4.655828e+06,-8.035568e+06
824,1.098397e+03,miss,10.498626,-73.936441,28.691141,-7.329495e+05,1.171262e+07,-3.598441e+06
825,1.098732e+03,miss,-22.943247,-58.157865,-49.912626,3.756632e+06,7.120176e+06,9.268671e+06
826,1.100143e+03,miss,-46.167056,-57.023423,-31.889374,4.984675e+06,1.031434e+07,4.436025e+06
827,1.101393e+03,miss,-70.899677,24.525913,27.779766,1.067917e+07,-2.661815e+06,-5.472896e+06
828,1.101998e+03,miss,1.189190,-1.331120,-79.980085,1.962891e+06,-1.898527e+06,1.198784e+07
829,1.102486e+03,miss,52.158698,8.878544,-60.005347,-8.723418e+06,1.289505e+06,8.571554e+06
830,1.102625e+03,miss,70.365081,-36.734127,9.967915,-1.040420e+07,6.238139e+06,-2.022309e+06
831,1.103787e+03,miss,-32.763095,57.880505,44.457021,5.430569e+06,-9.501906e+06,-5.624371e+06
832,1.104235e+03,miss,-69.761817,30.023051,25.137726,9.985883e+06,-5.169685e+06,-5.002879e+06
833,1.104934e+03,miss,-29.815940,0.338178,-74.235405,4.716204e+06,2.897430e+06,1.099684e+07
834,1.105887e+03,miss,-31.726369,31.143714,66.509447,5.579778e+06,-1.840420e+06,-1.082488e+07
835,1.108828e+03,miss,-16.986998,-45.623789,-63.481586,-4.477324e+05,6.862849e+06,1.023735e+07
836,1.108931e+03,miss,-0.682520,3.851378,-79.904324,1.695455e+06,1.981761e+06,1.205465e+07
837,1.109126e+03,miss,-9.938839,-72.662136,-31.959872,3.511176e+06,1.021151e+07,5.961552e+06
838,1.109405e+03,miss,-4.481117,-44.041790,66.635129,1.011037e+06,8.502633e+06,-8.880573e+06
839,1.109669e+03,miss,-79.333903,2.668200,-9.950507,1.223351e+07,-1.016539e+06,1.235123e+06
840,1.109718e+03,miss,-19.377116,-1.151351,77.609289,3.783434e+06,2.941936e+06,-1.136904e+07
841,1.110305e+03,miss,26.216402,-23.625665,-71.795043,-4.080675e+06,5.917142e+05,1.163198e+07
842,1.111045e+03,miss,15.168922,9.154761,78.013423,-3.445385e+06,1.405943e+06,-1.177111e+07
843,1.111804e+03,miss,28.902555,41.217510,62.175229,-2.802486e+06,-8.287961e+06,-8.715867e+06
844,1.111842e+03,miss,67.989383,3.099601,42.045644,-9.569357e+06,-3.323644e+06,-7.063753e+06
845,1.111993e+03,miss,9.413371,52.773099,-59.383402,2.560776e+04,-9.435833e+06,7.968748e+06
846,1.112274e+03,miss,-45.929323,-43.583131,48.897935,7.983506e+06,7.044738e+06,-6.261822e+06
847,1.112928e+03,miss,14.306688,-74.861839,-24.310980,-4.697090e+06,1.092067e+07,3.367672e+06
848,1.112959e+03,miss,14.283366,-72.412573,-30.861055,-4.950212e+06,1.003119e+07,5.247823e+06
849,1.115670e+03,miss,73.343086,19.483388,-25.321718,-1.034199e+07,-5.710036e+06,3.671459e+06
850,1.116912e+03,miss,-0.079983,27.719149,75.044270,-8.413557e+05,-1.375926e+06,-1.227234e+07
851,1.119827e+03,miss,74.218947,20.161191,22.024403,-1.185245e+07,-2.333145e+06,-2.772552e+06
852,1.120689e+03,miss,42.981767,-63.399651,-23.087918,-5.809868e+06,1.055446e+07,2.928844e+06
853,1.120990e+03,miss,1.721041,8.599259,-79.517864,2.665298e+06,-4.747895e+05,1.210130e+07
854,1.122532e+03,miss,30.152537,-70.182710,-23.774181,-3.650235e+06,1.085930e+07,4.767995e+06
855,1.122784e+03,miss,-19.460018,0.988785,-77.590786,1.048439e+06,2.257120e+06,1.215825e+07
856,1.124445e+03,miss,-5.854017,-3.331105,-79.715960,3.545212e+06,1.734557e+06,1.177571e+07
857,1.125636e+03,miss,-16.639136,48.102799,61.719202,3.346886e+06,-4.979155e+06,-1.088184e+07
858,1.126138e+03,miss,32.676363,-20.509643,70.082878,-6.564365e+06,4.508089e+06,-9.542700e+06
859,1.126585e+03,miss,-2.125743,-60.908030,51.823674,-1.739629e+06,8.046034e+06,-9.315212e+06
860,1.127457e+03,miss,-25.067782,12.555757,74.926359,6.349696e+06,-1.691433e+06,-1.055832e+07
861,1.127921e+03,miss,1.843341,3.263933,-79.912132,-2.020435e+05,-3.475519e+06,1.194158e+07
862,1.128346e+03,miss,13.553074,9.938096,78.214758,9.979901e+05,-1.220381e+06,-1.234077e+07
863,1.128626e+03,miss,58.818049,-24.395022,-48.428504,-7.235738e+06,6.214594e+06,7.990061e+06
864,1.130794e+03,miss,-24.483938,14.055275,-74.853096,6.063330e+06,-2.915880e+06,1.048090e+07
865,1.132404e+03,miss,-6.308287,3.656579,79.667025,2.244321e+06,2.186619e+06,-1.206309e+07
866,1.132494e+03,miss,-13.898973,7.865558,-78.389741,4.415108e+06,6.450203e+05,1.163785e+07
867,1.132847e+03,miss,-36.939454,22.915759,67.159100,5.398352e+06,-6.045874e+06,-9.471136e+06
868,1.133110e+03,miss,46.140680,-19.302877,62.437462,-8.501835e+06,4.993317e+05,-9.105092e+06
869,1.135832e+03,miss,31.708287,12.159686,-72.434291,-4.276811e+06,-4.733561e+06,1.072888e+07
870,1.136696e+03,miss,-35.047414,-54.558777,-46.851026,7.821517e+06,6.979241e+06,6.785219e+06
871,1.138371e+03,miss,-8.045760,-16.981248,77.761835,4.036869e+05,-3.594104e+05,-1.248450e+07
872,1.138483e+03,miss,40.479145,-1.722037,68.981689,-4.718268e+06,-2.375545e+06,-1.132542e+07
873,1.138884e+03,miss,-23.485883,22.106668,-73.210030,6.016881e+06,-1.772097e+06,1.081120e+07
874,1.139112e+03,miss,-18.422940,-26.722424,73.119815,4.829555e+06,5.368349e+06,-1.020357e+07
875,1.139433e+03,miss,-39.635890,-52.930815,-45.025827,7.233135e+06,6.019773e+06,8.230721e+06
876,1.139840e+03,miss,-19.650282,12.832099,-76.480087,5.045283e+06,-3.560662e+06,1.087305e+07
877,1.139898e+03,miss,-58.472762,-52.311399,15.635014,1.067160e+07,6.144531e+06,-2.173942e+06
878,1.140291e+03,miss,-32.816005,8.114223,72.507028,6.964877e+06,-2.522731e+06,-1.007694e+07
879,1.142814e+03,miss,60.714933,31.871493,-41.205641,-7.441969e+06,-7.209559e+06,7.028781e+06
880,1.142884e+03,miss,27.160101,-59.615815,-45.916049,-2.022755e+06,1.053893e+07,6.450834e+06
881,1.144509e+03,miss,-5.301198,-13.577162,78.661032,3.371932e+06,3.920452e+05,-1.206123e+07
882,1.145479e+03,miss,26.828875,-54.782782,-51.759621,-6.777484e+06,7.324284e+06,7.586210e+06
883,1.146202e+03,miss,67.919421,37.099341,20.263050,-1.114094e+07,-5.145142e+06,-2.576072e+06
884,1.150399e+03,miss,7.196855,7.149589,79.354197,1.061312e+06,-3.240839e+06,-1.209031e+07
885,1.150646e+03,miss,35.819844,17.315925,-69.405313,-6.560952e+06,2.363370e+05,1.071153e+07
886,1.151899e+03,miss,14.807337,-26.641673,73.965965,-1.608291e+06,6.617275e+06,-1.056578e+07
887,1.153208e+03,miss,4.626895,-70.451505,37.618842,-3.641328e+06,1.016710e+07,-6.446776e+06
888,1.154449e+03,miss,49.096656,50.003075,-38.590295,-9.634452e+06,-5.885124e+06,5.559053e+06
889,1.154987e+03,miss,-46.005098,24.857295,-60.544578,9.012202e+06,-2.485147e+06,8.428432e+06
890,1.155137e+03,miss,-20.321052,-8.806248,76.873304,1.372503e+05,2.158223e+06,-1.240073e+07
891,1.155774e+03,miss,20.387454,-3.665996,77.271678,-1.114839e+06,-1.789291e+06,-1.241361e+07
892,1.155956e+03,miss,-49.059525,51.124483,-37.140950,7.983770e+06,-6.462667e+06,7.284259e+06
893,1.157452e+03,miss,-69.054867,-4.212607,-40.170627,9.761955e+06,2.993800e+06,7.383338e+06
894,1.157670e+03,miss,8.662050,-20.185319,-76.925430,-2.699145e+06,5.387808e+06,1.106745e+07
895,1.158068e+03,miss,-54.327053,-40.569284,42.458267,8.211738e+06,7.755956e+06,-5.591906e+06
896,1.158545e+03,miss,3.471482,73.685065,-30.959005,-1.186155e+06,-1.087949e+07,6.257156e+06
897,1.160277e+03,miss,64.248944,39.835426,-26.176554,-8.304839e+06,-8.154102e+06,4.868275e+06
898,1.160378e+03,miss,-74.912193,22.469285,-16.831357,1.231771e+07,-1.521184e+06,2.265762e+06
899,1.162080e+03,miss,51.148328,19.161388,-58.452457,-8.505467e+06,1.155686e+05,9.330109e+06
900,1.163776e+03,hit,13.726155,-78.468016,-7.373131,-4.964930e+06,1.156768e+07,1.085431e+06
901,1.165559e+03,miss,-52.405821,-34.561169,-49.589874,9.253235e+06,5.649384e+06,6.507422e+06
902,1.168292e+03,miss,0.680655,2.600051,-79.954840,9.461493e+04,2.685701e+06,1.237083e+07
903,1.171330e+03,miss,-4.058066,-0.838095,79.892614,3.519717e+06,-7.836391e+05,-1.215210e+07
904,1.171605e+03,miss,1.801416,-1.345548,-79.968396,-2.062672e+06,-2.296671e+06,1.229571e+07
905,1.172220e+03,miss,50.011917,20.543270,58.964245,-7.536368e+06,-2.769988e+05,-1.019434e+07
906,1.172261e+03,miss,70.927479,9.197189,35.842775,-1.177010e+07,-7.921435e+05,-4.651983e+06
907,1.173146e+03,miss,44.482379,-45.429233,-48.554122,-6.167167e+06,5.827403e+06,9.430411e+06
908,1.173646e+03,miss,-79.200221,7.766350,8.185888,1.199174e+07,-3.973254e+06,-1.185394e+06
909,1.175517e+03,miss,4.534705,63.367694,48.620694,1.639286e+06,-1.057110e+07,-6.842141e+06
910,1.177144e+03,miss,39.247200,-31.140994,-62.369029,-3.489554e+06,4.988625e+06,1.115393e+07
911,1.180485e+03,miss,1.993977,22.040184,-76.878179,1.471077e+06,-8.713531e+05,1.260986e+07
912,1.180850e+03,miss,55.636675,0.357170,57.484196,-9.757834e+06,1.818349e+06,-7.966189e+06
913,1.181204e+03,miss,-19.044463,39.592954,66.855863,5.599947e+06,-4.459810e+06,-1.052527e+07
914,1.181845e+03,miss,3.468672,4.020281,-79.823591,2.480205e+06,-1.370263e+06,1.241328e+07
915,1.181977e+03,miss,-20.118292,-31.547598,70.710702,3.861577e+06,7.014986e+06,-9.900240e+06
916,1.182878e+03,miss,35.388327,21.536644,68.438581,-7.818382e+06,-2.701472e+06,-9.686855e+06
917,1.183658e+03,miss,-64.433012,-43.191252,-19.567902,8.378758e+06,9.147729e+06,2.912488e+06
918,1.183731e+03,miss,-6.642399,-12.021573,78.812184,3.119712e+06,-4.605817e+05,-1.234635e+07
919,1.183825e+03,miss,-38.735151,19.450763,-67.240285,5.669582e+06,-5.775250e+06,9.843395e+06
920,1.184360e+03,miss,31.840439,-32.580615,65.762375,-7.411480e+06,3.635356e+06,-9.711725e+06
921,1.184788e+03,miss,-11.908700,-5.831346,-78.893462,1.625985e+06,-2.225231e+06,1.244696e+07
922,1.185144e+03,miss,-4.499676,-51.580851,60.984988,3.458768e+06,8.415934e+06,-8.931961e+06
923,1.186098e+03,miss,-12.372825,-31.429540,-72.519633,-1.226654e+06,4.883100e+06,1.171975e+07
924,1.186262e+03,miss,-0.663637,-18.372695,77.858870,4.073380e+05,-2.527772e+05,-1.274733e+07
925,1.186451e+03,miss,-11.526387,-59.250046,-52.503090,7.400563e+05,1.057853e+07,7.092056e+06
926,1.187271e+03,miss,29.219409,-5.110427,-74.297440,-1.570800e+06,7.519601e+05,1.264238e+07
927,1.189003e+03,miss,-20.425306,77.274271,3.390269,2.552261e+05,-1.275401e+07,-6.086602e+05
928,1.189458e+03,miss,0.516196,-16.858760,78.201763,2.717508e+06,3.766557e+06,-1.189920e+07
929,1.190087e+03,miss,-19.517018,-74.997836,19.859773,5.999517e+06,1.086014e+07,-3.051592e+06
930,1.190995e+03,miss,-60.397971,-15.493761,-50.120140,8.806826e+06,1.549163e+04,9.263539e+06
931,1.192908e+03,miss,46.714923,46.421708,-45.417409,-4.955616e+06,-8.275141e+06,8.402373e+06
932,1.194077e+03,miss,-47.085118,-49.591825,41.516774,5.805131e+06,7.935988e+06,-8.192488e+06
933,1.194697e+03,miss,-74.193451,-27.813808,11.032856,1.035736e+07,7.294017e+06,-1.844958e+06
934,1.194949e+03,miss,16.703286,-29.755673,-72.357447,-4.592876e+06,2.184024e+06,1.174953e+07
935,1.195581e+03,miss,-39.479125,2.394560,69.538944,7.922297e+06,1.410153e+06,-9.962499e+06
936,1.195734e+03,miss,-30.246989,-60.186096,-43.159628,3.598613e+06,1.081267e+07,5.844642e+06
937,1.196315e+03,hit,38.844132,69.935183,0.451214,-4.082347e+06,-1.214207e+07,-8.902490e+04
938,1.196412e+03,miss,47.776153,44.611638,-46.122023,-7.406050e+06,-8.439495e+06,6.167822e+06
939,1.196684e+03,miss,-26.342250,70.382681,27.429256,6.122785e+06,-1.061484e+07,-3.740418e+06
940,1.196809e+03,miss,-56.492636,-56.319578,-6.057004,9.734001e+06,8.294716e+06,7.861484e+05
941,1.197101e+03,miss,-23.148005,67.273932,-36.583986,2.008216e+06,-1.163412e+07,4.982519e+06
942,1.197321e+03,miss,11.493134,-29.110930,-73.623784,-5.489569e+05,6.947040e+06,1.075540e+07
943,1.197658e+03,miss,-57.501567,33.089336,-44.706438,9.308297e+06,-2.747568e+06,8.372222e+06
944,1.198750e+03,miss,-1.034885,1.647106,79.976347,2.267724e+06,-2.518094e+06,-1.236746e+07
945,1.199995e+03,miss,-4.618022,-9.241045,-79.330177,3.515053e+06,7.540602e+04,1.233884e+07
946,1.200731e+03,miss,-29.307753,55.145743,50.000027,3.671742e+06,-1.023218e+07,-6.821279e+06
947,1.203119e+03,miss,-43.066948,-41.047589,-53.482085,8.950208e+06,5.071668e+06,7.694713e+06
948,1.203475e+03,miss,-8.843232,36.855141,-70.452082,2.369436e+06,-7.789020e+06,9.939941e+06
949,1.203523e+03,miss,-66.803405,-43.043960,9.193617,1.060536e+07,6.983295e+06,-1.962638e+06
950,1.203707e+03,miss,51.513480,43.700391,-42.856006,-5.850184e+06,-8.224083e+06,7.953440e+06
951,1.204470e+03,miss,39.591309,-0.009425,69.516388,-3.499620e+06,3.301057e+05,-1.236388e+07
952,1.204854e+03,miss,41.671173,-14.154400,-66.806933,-5.353940e+06,-4.401713e+05,1.167974e+07
953,1.208298e+03,miss,-4.337451,-5.819015,-79.670105,3.016708e+06,-1.167856e+06,1.246125e+07
954,1.208350e+03,miss,-40.523774,-38.868670,56.982895,4.235592e+06,8.354233e+06,-8.832937e+06
955,1.209740e+03,miss,34.551198,66.497015,28.006459,-7.009420e+06,-1.013597e+07,-3.751670e+06
956,1.210211e+03,miss,8.370525,52.639243,59.657727,1.660228e+06,-8.924633e+06,-9.143526e+06
957,1.210849e+03,miss,-32.853312,-14.394311,71.508487,2.236539e+06,2.747169e+06,-1.239145e+07
958,1.210945e+03,miss,31.787204,-57.086459,-46.159614,-5.750554e+06,7.238997e+06,8.979882e+06
959,1.210971e+03,miss,77.999073,17.470473,-3.305620,-1.285737e+07,-7.732461e+05,4.514688e+05
960,1.211414e+03,miss,-25.406165,-37.447284,-65.971416,1.426514e+06,7.650028e+06,1.027700e+07
961,1.211684e+03,miss,73.861780,30.518695,3.612016,-1.274688e+07,-1.826369e+06,-6.268970e+05
962,1.212019e+03,miss,-56.611326,-40.628865,39.299531,7.854875e+06,8.579127e+06,-5.563908e+06
963,1.212750e+03,miss,-77.191482,-2.834654,20.819218,1.198548e+07,2.161567e+06,-4.246613e+06
964,1.212810e+03,miss,21.722422,-48.929477,-59.447814,-5.199399e+06,8.462887e+06,8.228719e+06
965,1.213034e+03,miss,-14.288776,3.908202,-78.616518,-3.317970e+05,1.249101e+06,1.283458e+07
966,1.214294e+03,hit,-76.815830,-22.155759,-2.906999,1.164688e+07,5.529281e+06,5.889646e+05
967,1.214662e+03,miss,45.938233,5.334303,-65.278051,-8.838438e+06,-2.194175e+06,9.148099e+06
968,1.214794e+03,miss,2.390278,-0.495358,79.962749,1.256210e+06,2.758887e+06,-1.254786e+07
969,1.214850e+03,miss,-40.140276,-3.836994,69.094397,5.158182e+06,-2.317968e+06,-1.160457e+07
970,1.216066e+03,miss,-35.446620,41.054618,-58.805233,8.045347e+06,-5.186566e+06,8.670901e+06
971,1.216233e+03,miss,-76.138024,-12.050742,-21.395814,1.174189e+07,4.432632e+06,3.052099e+06
972,1.216806e+03,miss,32.764382,26.824420,67.874485,-4.604230e+06,-6.850338e+06,-9.939218e+06
973,1.216832e+03,miss,22.450959,-8.742616,-76.285786,-5.639290e+05,4.837541e+05,1.289828e+07
974,1.218757e+03,miss,-4.695731,-10.333984,79.190649,7.145245e+05,4.618020e+06,-1.205592e+07
975,1.218875e+03,miss,-17.523513,23.541101,-74.422732,4.767415e+06,-5.278769e+06,1.079835e+07
976,1.220265e+03,miss,75.919934,17.806000,-17.863649,-1.267745e+07,-2.983038e+05,2.565510e+06
977,1.220331e+03,miss,-3.226115,78.362540,15.776708,-1.870725e+06,-1.241780e+07,-3.113876e+06
978,1.221251e+03,miss,14.695676,28.173327,73.418668,-5.088638e+06,-4.782171e+06,-1.089773e+07
979,1.221279e+03,miss,6.746442,13.175041,78.618724,-4.011755e+06,-1.071812e+06,-1.225907e+07
980,1.221918e+03,miss,-61.269347,50.415358,10.215616,7.633370e+06,-1.029465e+07,-1.834990e+06
981,1.224616e+03,miss,65.670429,5.049360,-45.408134,-1.142063e+07,1.675621e+05,6.125907e+06
982,1.224620e+03,miss,41.972403,-37.131767,-57.092462,-8.112598e+06,6.425607e+06,7.802782e+06
983,1.227522e+03,hit,60.903812,-51.485497,6.322131,-1.101872e+07,6.799211e+06,-8.617299e+05
984,1.229245e+03,miss,35.039850,-11.336499,-71.018960,-7.847231e+06,7.213838e+05,1.032090e+07
985,1.229864e+03,miss,34.973551,33.939511,63.442575,-2.636875e+06,-6.093252e+06,-1.116354e+07
986,1.231226e+03,hit,-2.802075,-79.744656,5.739178,-2.266416e+06,1.274861e+07,-1.108438e+06
987,1.231536e+03,miss,-33.109139,60.093305,41.140972,2.280886e+06,-1.061642e+07,-7.143108e+06
988,1.231699e+03,miss,-43.083018,59.468273,31.739220,9.241671e+06,-7.320611e+06,-5.473325e+06
989,1.231941e+03,miss,-14.308472,-54.695966,56.600521,4.626496e+06,6.835383e+06,-1.004307e+07
990,1.232488e+03,miss,57.645082,54.487876,-10.397876,-1.112401e+07,-6.551426e+06,1.549354e+06
991,1.233314e+03,miss,-10.361760,-34.776533,-71.296751,3.338280e+05,7.763976e+06,1.043014e+07
992,1.233924e+03,miss,-36.165083,59.438560,-39.486002,3.664280e+06,-9.780323e+06,7.757618e+06
993,1.236827e+03,miss,-16.350512,2.231534,-78.279506,5.198995e+06,1.030749e+06,1.189826e+07
994,1.237163e+03,miss,-1.365063,-5.775896,79.779544,-2.936834e+06,5.182310e+05,-1.268121e+07
995,1.237646e+03,miss,-2.735424,73.528450,-31.401983,-1.545723e+06,-1.130748e+07,6.286845e+06
996,1.237857e+03,miss,-18.230577,-17.033721,76.009857,4.055171e+06,-2.968349e+05,-1.238020e+07
997,1.238199e+03,miss,48.189039,-26.040719,58.306925,-7.254482e+06,1.481857e+06,-1.072498e+07
998,1.241223e+03,miss,1.444430,13.139431,78.900374,-2.101656e+06,5.322488e+05,-1.286714e+07
999,1.242353e+03,miss,2.506887,51.885803,-60.840603,1.840351e+06,-9.429684e+06,8.838140e+06
1000,1.242355e+03,miss,17.194813,-4.648519,77.991856,2.791815e+05,-3.340649e+05,-1.304720e+07
1001,1.244999e+03,hit,78.031804,-17.624321,0.648777,-1.306518e+07,-2.685044e+05,-1.019372e+05
1002,1.246630e+03,miss,0.044531,-0.029473,79.999982,-3.173330e+06,-1.723635e+05,-1.268486e+07
1003,1.247065e+03,miss,23.492114,-11.536963,75.597745,-1.829448e+06,-6.554794e+05,-1.293400e+07
1004,1.247067e+03,miss,3.826437,-1.080939,79.901126,2.391215e+06,-9.538421e+05,-1.282332e+07
1005,1.247718e+03,miss,-68.048846,31.543704,-27.827132,9.738573e+06,-6.676269e+06,5.634009e+06
1006,1.248481e+03,miss,12.426092,45.642554,-64.516273,3.107274e+04,-9.002045e+06,9.498496e+06
1007,1.248704e+03,miss,-5.544976,9.083604,-79.288974,3.391640e+06,5.171424e+05,1.263009e+07
1008,1.249349e+03,miss,-46.405800,-49.681844,42.168899,5.880735e+06,9.972475e+06,-6.111048e+06
1009,1.250456e+03,miss,-0.582679,-35.720501,-71.580069,-3.053540e+06,5.887343e+06,1.129359e+07
1010,1.251125e+03,miss,21.133450,-12.639119,-76.115898,-5.795833e+06,1.885669e+05,1.174711e+07
1011,1.252067e+03,miss,-22.390455,-76.682997,-4.287822,4.490444e+06,1.227707e+07,9.276132e+05
1012,1.252081e+03,miss,-10.580112,1.023749,-79.290688,1.564968e+06,3.026233e+06,1.265487e+07
1013,1.252572e+03,miss,18.076479,-21.919096,74.784986,-5.387530e+06,1.556794e+06,-1.184784e+07
1014,1.252988e+03,miss,73.404463,18.492397,-25.880806,-1.153644e+07,-5.070113e+06,3.616901e+06
1015,1.254759e+03,miss,-29.989237,9.762267,-73.521043,2.386002e+06,2.986629e+05,1.289722e+07
1016,1.254765e+03,miss,8.827555,5.806379,-79.299182,1.823431e+06,-1.036640e+06,1.295074e+07
1017,1.255249e+03,hit,78.194892,-16.869447,-0.990275,-1.308528e+07,9.590495e+05,2.075939e+05
1018,1.255704e+03,miss,25.049096,46.159871,-60.347404,-3.845104e+06,-9.262141e+06,8.466278e+06
1019,1.258451e+03,miss,36.065388,-71.295939,4.022051,-5.952667e+06,1.170099e+07,-5.285598e+05
1020,1.259084e+03,miss,30.051899,-10.757248,73.356424,-1.773249e+06,1.716057e+06,-1.290830e+07
1021,1.259664e+03,hit,23.772839,76.379945,0.977830,-1.480335e+06,-1.305998e+07,-1.966243e+05
1022,1.259916e+03,miss,-40.077230,-29.683024,-62.551849,7.880746e+06,5.816578e+06,8.768642e+06
1023,1.260189e+03,miss,-14.785862,61.750537,48.664664,4.973172e+06,-8.385348e+06,-8.821490e+06
1024,1.261132e+03,hit,-72.911907,32.828209,-2.482440,1.289268e+07,-2.575255e+06,3.758794e+05
1025,1.261462e+03,miss,-4.021834,-2.270673,-79.866569,-2.332028e+06,-8.842659e+05,1.291586e+07
1026,1.262226e+03,miss,-49.193031,16.384727,60.922791,5.590978e+06,-4.388379e+06,-1.107374e+07
1027,1.262965e+03,miss,19.601458,44.459991,-63.553851,-2.046864e+05,-6.589773e+06,1.139206e+07
1028,1.263006e+03,miss,-30.429837,18.712187,-71.581276,5.654545e+06,1.587727e+05,1.188497e+07
1029,1.263196e+03,miss,78.639578,-9.752234,-10.986843,-1.236733e+07,4.213016e+06,1.605430e+06
1030,1.266839e+03,miss,-20.193036,-0.320341,-77.408906,5.000821e+06,2.490617e+06,1.194010e+07
1031,1.268685e+03,miss,-42.803650,39.735907,-54.670881,8.264212e+06,-6.967219e+06,7.562489e+06
1032,1.269776e+03,miss,28.050800,69.285463,-28.507495,-7.151711e+06,-1.024827e+07,4.243375e+06
1033,1.272894e+03,miss,-15.232849,-19.333536,-76.119476,4.759285e+06,8.523531e+05,1.229759e+07
1034,1.274708e+03,miss,-22.810436,-15.584297,75.078717,6.385098e+06,1.378187e+06,-1.149730e+07
1035,1.276643e+03,miss,1.061283,6.403332,-79.736259,3.045717e+06,-1.124318e+06,1.282894e+07
1036,1.276906e+03,miss,-15.520012,-7.780965,-78.093443,1.588142e+05,3.513518e+06,1.275885e+07
1037,1.280821e+03,miss,66.785420,-43.420241,7.374979,-9.153465e+06,9.481933e+06,-1.415059e+06
1038,1.281504e+03,miss,-11.408133,36.019296,70.515706,2.171411e+06,-8.108098e+06,-1.026318e+07
1039,1.284611e+03,miss,-2.521500,-6.614388,79.686209,-1.890297e+06,3.278876e+06,-1.272364e+07
1040,1.284689e+03,miss,-19.991930,23.223902,-73.898397,3.847263e+06,-6.318919e+06,1.102251e+07
1041,1.286272e+03,miss,-77.532125,-6.514162,18.610087,1.241120e+07,3.833627e+06,-2.776398e+06
1042,1.286494e+03,miss,-78.866396,12.293828,5.380836,1.251231e+07,-4.395104e+06,-7.738095e+05
1043,1.286646e+03,miss,37.924089,26.603836,65.222691,-7.902516e+06,-1.590781e+06,-1.056002e+07
1044,1.287963e+03,miss,14.055195,13.998954,77.501489,-4.924065e+06,-5.214179e+05,-1.233518e+07
1045,1.288768e+03,miss,-59.260155,-28.838330,45.349583,1.112283e+07,2.107188e+06,-6.973374e+06
1046,1.288838e+03,miss,32.807679,-4.120801,72.846930,-2.397294e+06,-9.306686e+04,-1.307821e+07
1047,1.289444e+03,miss,-78.769302,8.578948,-11.036245,1.301896e+07,1.915953e+06,1.927179e+06
1048,1.289730e+03,miss,-6.370684,73.038902,-32.011454,-9.403660e+05,-1.247203e+07,4.525665e+06
1049,1.290142e+03,miss,28.904872,74.571455,1.899086,-5.506741e+06,-1.210723e+07,-2.543222e+05
1050,1.290523e+03,miss,-47.946861,-57.199645,28.797555,1.014060e+07,7.369564e+06,-4.459157e+06
1051,1.290533e+03,miss,-23.843574,52.621901,-55.339132,5.223083e+06,-6.261535e+06,1.051381e+07
1052,1.291869e+03,miss,40.856283,-52.513974,44.418990,-4.496689e+06,8.863094e+06,-8.856420e+06
1053,1.291889e+03,miss,-21.512363,24.239554,-73.141385,2.980194e+05,-3.746462e+06,1.277062e+07
1054,1.294011e+03,miss,-58.021436,33.520658,43.702156,1.107113e+07,-3.940198e+06,-6.277717e+06
1055,1.294744e+03,miss,-3.722912,-71.586889,-35.517000,6.261082e+05,1.241120e+07,4.814067e+06
1056,1.295214e+03,miss,36.382225,54.291879,46.138114,-4.145974e+06,-1.068784e+07,-6.800788e+06
1057,1.296564e+03,miss,-7.335356,1.770810,-79.643310,3.914487e+06,-1.847883e+06,1.261416e+07
1058,1.296756e+03,miss,21.759446,-14.237325,-75.655965,-2.732477e+06,-8.395220e+05,1.302728e+07
1059,1.298944e+03,miss,-40.694197,12.737742,-67.688494,4.140596e+06,-9.798005e+05,1.265215e+07
1060,1.300177e+03,miss,1.839015,7.236334,-79.650822,2.884331e+06,-1.796547e+06,1.291524e+07
1061,1.300369e+03,miss,-12.503023,-5.036026,-78.856280,-3.157852e+05,3.111082e+06,1.298454e+07
1062,1.300518e+03,miss,49.585940,-61.728990,11.435311,-9.180246e+06,9.377594e+06,-2.486175e+06
1063,1.302988e+03,miss,-70.246527,9.385448,-37.112515,1.152454e+07,-4.039498e+06,5.440928e+06
1064,1.303322e+03,miss,-47.309965,53.654635,35.818255,5.119794e+06,-1.080857e+07,-5.978657e+06
1065,1.303935e+03,miss,37.191838,-26.990223,65.485075,-8.468394e+06,3.134270e+06,-9.865526e+06
1066,1.304011e+03,miss,32.645302,37.527857,-62.657356,-2.384836e+06,-6.298556e+06,1.155497e+07
1067,1.304459e+03,miss,-28.918334,37.168320,64.670286,7.199060e+06,-5.966137e+06,-9.566432e+06
1068,1.305886e+03,miss,-5.291724,-7.910292,79.431889,-7.699120e+05,-1.581336e+06,-1.326802e+07
1069,1.306448e+03,miss,-40.315061,24.824819,64.485845,6.886538e+06,-8.667404e+05,-1.144706e+07
1070,1.306587e+03,miss,-4.136608,9.889096,79.278586,-2.433633e+05,1.561912e+06,-1.329402e+07
1071,1.309827e+03,miss,5.166471,-48.975298,63.045442,-1.099910e+05,9.861444e+06,-9.078218e+06
1072,1.309881e+03,miss,-76.449995,-23.239185,-3.916438,1.336954e+07,7.393064e+05,6.249370e+05
1073,1.310346e+03,miss,43.006499,19.065115,-64.706742,-7.937697e+06,-5.208232e+06,9.466398e+06
1074,1.310396e+03,miss,36.547942,-2.995985,71.100436,-4.728840e+06,-2.552527e+06,-1.228311e+07
1075,1.311027e+03,miss,-6.372457,71.967937,-34.351242,-5.303941e+05,-1.250465e+07,4.815720e+06
1076,1.311735e+03,miss,13.430952,63.263444,-47.088706,-1.140789e+06,-1.160920e+07,6.622762e+06
1077,1.311997e+03,miss,-12.435185,-4.183449,-78.916823,5.082293e+06,8.769373e+05,1.238439e+07
1078,1.312834e+03,miss,-40.117136,-35.941130,59.151083,8.538107e+06,3.223779e+06,-9.838431e+06
1079,1.313457e+03,miss,-27.890552,-33.997833,66.830116,6.364762e+06,2.785975e+06,-1.148479e+07
1080,1.314112e+03,miss,-32.002809,-43.772069,58.820287,2.634302e+06,9.087669e+06,-9.525585e+06
1081,1.314518e+03,miss,-26.894341,-74.974142,7.454694,7.412302e+06,1.111095e+07,-1.386451e+06
1082,1.317170e+03,miss,76.627123,21.960866,-6.782653,-1.322141e+07,-1.934747e+06,1.460358e+06
1083,1.318721e+03,miss,-54.451052,46.201473,36.062542,6.574943e+06,-9.958339e+06,-6.204505e+06
1084,1.319915e+03,miss,23.262480,-47.739121,-59.831709,-7.072242e+05,7.822131e+06,1.092576e+07
1085,1.321960e+03,miss,9.537135,45.653562,-64.998425,-4.657620e+06,-7.374991e+06,1.025937e+07
1086,1.322191e+03,miss,-67.811166,9.898871,41.275393,1.146213e+07,1.676228e+06,-6.868773e+06
1087,1.323232e+03,miss,67.373584,0.001652,-43.136993,-1.030309e+07,-2.865076e+06,8.194552e+06
1088,1.323297e+03,miss,-18.724883,-4.168092,-77.665988,-1.574798e+05,6.123270e+04,1.347195e+07
1089,1.325169e+03,miss,-4.735990,43.029314,-67.275914,-2.544095e+06,-6.780848e+06,1.137218e+07
1090,1.325858e+03,miss,-68.339711,-14.778319,38.875251,1.097550e+07,5.185900e+06,-5.875203e+06
1091,1.326463e+03,miss,32.367069,-45.062280,57.634744,-5.103846e+06,5.158603e+06,-1.137084e+07
1092,1.326704e+03,hit,69.908230,38.864349,-1.549760,-9.803475e+06,-9.262952e+06,2.808131e+05
1093,1.326952e+03,miss,-2.334367,-1.430858,-79.953132,-1.810231e+06,-2.225036e+06,1.318316e+07
1094,1.327364e+03,miss,-14.408851,-73.157004,28.990305,7.403354e+05,1.283680e+07,-4.092460e+06
1095,1.329460e+03,miss,-78.428953,0.069558,15.776392,1.303009e+07,-2.659182e+06,-2.347952e+06
1096,1.330424e+03,miss,-39.202906,-11.134119,-68.841583,8.552430e+06,2.594391e+06,1.013039e+07
1097,1.330514e+03,miss,-18.840843,-74.858225,21.006399,-4.841640e+04,1.307355e+07,-3.404703e+06
1098,1.331762e+03,miss,74.873057,3.083231,-28.009267,-1.234739e+07,2.835851e+06,4.709883e+06
1099,1.332511e+03,miss,-6.807526,79.314097,-7.932943,-2.212160e+06,-1.325968e+07,1.439827e+06
1100,1.332739e+03,miss,44.962049,-58.695808,-30.548589,-5.492360e+06,1.060434e+07,6.340271e+06
1101,1.333683e+03,hit,-34.182232,71.714909,9.409933,8.621131e+06,-1.028419e+07,-1.690643e+06
1102,1.334021e+03,miss,20.871198,-14.990772,-75.760609,-3.110468e+06,-8.311561e+05,1.313877e+07
1103,1.335343e+03,miss,48.852871,-56.535475,28.585608,-6.986226e+06,1.085893e+07,-4.055949e+06
1104,1.337643e+03,miss,-18.606782,-6.214206,-77.557536,4.249038e+06,3.864427e+06,1.226791e+07
1105,1.339130e+03,miss,46.487685,29.347728,-58.117175,-5.105194e+06,-6.745954e+06,1.058881e+07
1106,1.340385e+03,miss,40.958444,13.967535,-67.285317,-9.005129e+06,-1.988380e+06,9.940828e+06
1107,1.341055e+03,miss,-21.609883,22.514850,-73.662029,6.472793e+06,-3.116509e+06,1.150427e+07
1108,1.342083e+03,miss,-35.819257,20.387121,68.566363,7.993176e+06,-4.202227e+06,-1.012666e+07
1109,1.343520e+03,miss,15.867530,58.674145,-52.015058,-4.365928e+06,-7.800443e+06,1.021704e+07
1110,1.345087e+03,miss,9.538024,-78.817663,9.838802,-3.370095e+05,1.351070e+07,-1.363196e+06
1111,1.345396e+03,miss,63.324143,-18.593616,-45.214271,-1.180242e+07,1.850535e+06,6.467754e+06
1112,1.346071e+03,miss,6.888233,33.227324,-72.446513,-3.943496e+06,-6.419391e+06,1.130868e+07
1113,1.346873e+03,miss,41.115106,67.893961,9.997906,-6.884508e+06,-1.150068e+07,-2.256977e+06
1114,1.347066e+03,miss,33.137286,-16.155087,-70.999531,-6.110407e+06,-6.268436e+05,1.212652e+07
1115,1.350223e+03,miss,-65.440554,-27.015957,-37.251468,9.204098e+06,7.313674e+06,6.856409e+06
1116,1.351315e+03,miss,-17.874460,-70.463984,-33.396567,7.144979e+05,1.171002e+07,6.908720e+06
1117,1.351442e+03,miss,39.588620,-61.555456,-32.305836,-5.258731e+06,1.167205e+07,4.635918e+06
1118,1.352885e+03,miss,-71.754946,35.317843,1.969165,1.044171e+07,-8.741297e+06,-3.756520e+05
1119,1.354222e+03,miss,-67.092788,32.554613,-28.961265,1.218738e+07,-4.561502e+06,4.052714e+06
1120,1.355512e+03,miss,0.729046,78.493279,15.436113,-2.498129e+06,-1.321265e+07,-2.264139e+06
1121,1.357043e+03,miss,44.553744,-53.767208,39.039099,-9.549724e+06,7.847726e+06,-5.776420e+06
1122,1.357303e+03,miss,17.765723,-53.785367,56.493481,-5.781005e+06,8.773964e+06,-8.705415e+06
1123,1.357685e+03,miss,3.542076,27.609046,-75.001295,2.647514e+06,-3.647114e+06,1.288132e+07
1124,1.359387e+03,hit,78.369141,-15.246136,-5.082628,-1.360572e+07,-6.378212e+05,9.747015e+05
1125,1.359478e+03,miss,-25.480995,-23.265186,72.176520,6.918838e+06,4.070136e+06,-1.104757e+07
1126,1.359664e+03,miss,28.809402,-30.038550,-68.320596,-1.599793e+06,5.729766e+06,1.229313e+07
1127,1.360381e+03,miss,-39.248147,32.372152,61.738373,8.560297e+06,-2.744433e+06,-1.028584e+07
1128,1.361936e+03,miss,35.878228,59.314614,-39.931558,-3.543129e+06,-1.162839e+07,6.248916e+06
1129,1.365274e+03,miss,-38.280393,41.460329,56.706725,6.128380e+06,-8.972321e+06,-8.319889e+06
1130,1.366571e+03,miss,36.989368,51.665626,-48.605038,-3.672173e+06,-8.901133e+06,9.733603e+06
1131,1.367945e+03,miss,17.488381,62.205706,-47.165735,-1.475531e+06,-9.415395e+06,9.839701e+06
1132,1.368856e+03,miss,-60.018829,-1.962972,52.857231,1.072472e+07,-2.433015e+06,-8.175102e+06
1133,1.369458e+03,miss,31.614389,13.849639,72.171448,-6.544508e+06,7.683374e+05,-1.201803e+07
1134,1.369477e+03,hit,52.195413,-60.013195,8.605539,-1.063698e+07,8.451050e+06,-1.814119e+06
1135,1.370430e+03,miss,-31.833991,-37.779157,-62.923226,4.613994e+06,8.729016e+06,9.513295e+06
1136,1.372363e+03,miss,3.683054,-5.431029,79.730415,1.126327e+06,-1.985407e+06,-1.352930e+07
1137,1.372618e+03,miss,-23.358304,-8.465959,-76.044179,6.628201e+06,2.144232e+06,1.182187e+07
1138,1.375226e+03,miss,39.320986,-54.075800,43.927986,-8.692594e+06,8.442150e+06,-6.466393e+06
1139,1.375328e+03,miss,-27.309997,1.472240,75.179762,6.094800e+06,2.474809e+06,-1.205770e+07
1140,1.376247e+03,miss,-54.281811,26.354039,52.525705,1.053481e+07,-4.590255e+06,-7.532110e+06
1141,1.377077e+03,miss,36.239482,22.843877,-67.563727,-5.627874e+06,-6.901423e+05,1.251998e+07
1142,1.378084e+03,miss,22.001821,-72.257841,-26.357622,-6.901019e+05,1.306673e+07,4.221580e+06
1143,1.378216e+03,miss,7.470818,18.563976,77.456863,-3.342349e+06,-5.252388e+06,-1.225955e+07
1144,1.378397e+03,miss,14.901503,-11.692645,-77.725332,-3.309053e+05,-6.151266e+05,1.373289e+07
1145,1.379291e+03,miss,-32.637361,27.897616,-67.502042,7.553842e+06,-2.050932e+06,1.131088e+07
1146,1.379566e+03,miss,49.659537,26.348289,-56.918345,-8.637832e+06,-1.241333e+06,1.063426e+07
1147,1.380350e+03,miss,-22.510046,-65.159728,40.589501,5.701526e+06,1.104968e+07,-5.894523e+06
1148,1.380429e+03,miss,-22.255486,49.349602,58.900850,6.769437e+06,-7.139296e+06,-9.621028e+06
1149,1.380599e+03,miss,-28.611981,-12.518974,73.652086,2.695405e+06,4.767550e+06,-1.262488e+07
1150,1.381143e+03,miss,-41.371578,65.080542,-21.281815,7.760915e+06,-1.097569e+07,2.959611e+06
1151,1.382089e+03,miss,-47.484797,-51.468042,-38.681193,1.028470e+07,6.908505e+06,6.007023e+06
1152,1.383442e+03,miss,-53.981825,54.787080,22.007689,1.140244e+07,-6.677858e+06,-3.893961e+06
1153,1.384634e+03,miss,-65.472929,44.725929,-10.624821,1.266978e+07,-4.986982e+06,2.131348e+06
1154,1.386404e+03,miss,52.115978,-6.960528,60.294908,-9.867772e+06,-1.585751e+06,-9.502161e+06
1155,1.386412e+03,miss,-6.886202,-34.793186,71.707841,3.132129e+06,7.639733e+06,-1.104554e+07
1156,1.386583e+03,miss,21.365900,73.191328,24.218336,-5.715273e+06,-1.204224e+07,-3.538814e+06
1157,1.386587e+03,miss,72.089054,-30.473413,16.569232,-1.089207e+07,7.762382e+06,-3.363337e+06
1158,1.387091e+03,miss,51.165187,20.849415,-57.856940,-1.044815e+07,-2.990686e+06,8.494986e+06
1159,1.391384e+03,miss,0.653062,10.029182,79.366171,2.485593e+06,-3.687458e+06,-1.307999e+07
1160,1.392419e+03,miss,48.293060,29.380689,-56.608793,-8.279019e+06,-7.158823e+06,8.438772e+06
1161,1.393355e+03,miss,-6.132608,-0.944669,-79.759004,-3.244635e+05,3.242553e+06,1.343550e+07
1162,1.393888e+03,miss,14.591909,63.833087,-45.960997,-4.245257e+06,-1.132306e+07,6.706062e+06
1163,1.394164e+03,miss,23.107383,-62.887598,43.717261,-2.603881e+06,1.199075e+07,-6.378457e+06
1164,1.397416e+03,miss,12.505673,56.031905,55.713856,1.661654e+05,-1.087422e+07,-8.568141e+06
1165,1.397970e+03,miss,47.090474,-27.663968,-58.456755,-7.895468e+06,7.131693e+06,8.863728e+06
1166,1.398635e+03,miss,23.644821,62.227925,-44.368996,-5.864632e+06,-1.074426e+07,6.482537e+06
1167,1.398813e+03,miss,68.712856,-38.009305,-15.291702,-1.304167e+07,4.034599e+06,2.348943e+06
1168,1.399317e+03,miss,4.488230,12.118718,78.949303,-4.057676e+06,-1.665265e+06,-1.314200e+07
1169,1.399926e+03,miss,75.560768,-11.338879,23.706542,-1.292518e+07,-6.812098e+05,-4.950679e+06
1170,1.401074e+03,miss,1.419454,17.502917,-78.048914,3.133658e+06,-3.008462e+06,1.316512e+07
1171,1.402405e+03,miss,7.207550,1.650595,-79.657559,-1.192637e+06,3.101816e+06,1.346588e+07
1172,1.403898e+03,miss,-50.073406,2.643542,-62.335108,8.811443e+06,2.839511e+06,1.033799e+07
1173,1.404558e+03,miss,-71.260171,34.130438,12.534003,1.336899e+07,-3.182427e+06,-1.952254e+06
1174,1.405141e+03,miss,1.299049,29.048624,-74.528450,-1.135189e+06,-7.506970e+06,1.162349e+07
1175,1.405975e+03,miss,-32.461498,4.658498,-72.969511,4.032207e+06,-3.893866e+06,1.270600e+07
1176,1.406009e+03,miss,-13.150472,-64.635190,45.269828,2.340304e+06,1.206253e+07,-6.471970e+06
1177,1.407339e+03,miss,53.379130,-7.717194,-59.085645,-1.019041e+07,-1.410534e+06,9.338959e+06
1178,1.407604e+03,miss,16.405690,22.170215,75.095505,-5.201166e+06,-1.358655e+06,-1.281361e+07
1179,1.407889e+03,miss,-18.529456,25.907928,73.385547,1.322994e+06,-1.778155e+06,-1.371910e+07
1180,1.407980e+03,miss,52.014694,-54.107298,-27.692451,-6.209468e+06,1.144435e+07,4.858770e+06
1181,1.408038e+03,miss,6.665832,5.676668,-79.519445,-4.368391e+06,-1.389404e+06,1.311995e+07
1182,1.408746e+03,miss,9.728956,-5.573734,79.210359,-4.491792e+05,4.073352e+06,-1.328343e+07
1183,1.409097e+03,miss,28.347964,73.338974,14.757635,-2.075007e+06,-1.340785e+07,-3.035675e+06
1184,1.410180e+03,miss,31.439244,18.988439,71.070480,-6.651409e+06,-5.418519e+06,-1.094708e+07
1185,1.411671e+03,miss,-9.616491,-25.050489,75.365749,4.783191e+06,4.534969e+06,-1.225560e+07
1186,1.412235e+03,miss,-56.786497,12.721541,54.894955,8.154554e+06,-5.229619e+06,-9.993815e+06
1187,1.412513e+03,miss,47.232663,22.780675,60.416193,-9.277257e+06,-6.868333e+05,-1.035475e+07
1188,1.412630e+03,miss,-32.443351,70.248526,-20.311907,8.315146e+06,-1.068459e+07,3.236354e+06
1189,1.413029e+03,hit,-7.454080,79.606800,2.682168,2.637276e+06,-1.366494e+07,-3.808691e+05
1190,1.413479e+03,miss,43.541369,-14.270919,-65.578122,-6.142937e+06,5.591891e+06,1.117532e+07
1191,1.414064e+03,miss,48.848625,19.305872,60.341488,-9.198297e+06,4.202468e+04,-1.045765e+07
1192,1.414348e+03,miss,39.549767,-48.008439,-50.309102,-5.448057e+06,1.028704e+07,7.649004e+06
1193,1.415254e+03,miss,-58.541115,-44.600043,31.365172,1.170578e+07,5.902974e+06,-4.718669e+06
1194,1.415319e+03,miss,39.160161,38.578773,58.121942,-8.613945e+06,-6.736713e+06,-8.634911e+06
1195,1.415325e+03,miss,4.311563,-7.078254,79.569521,1.008437e+06,-1.761060e+06,-1.378505e+07
1196,1.415695e+03,miss,-61.551835,-4.235879,50.925720,1.114188e+07,-2.186624e+06,-8.079213e+06
1197,1.418577e+03,miss,28.048630,74.219579,-10.233690,-4.872407e+06,-1.285425e+07,2.370623e+06
1198,1.418788e+03,miss,-63.628369,46.333554,14.304982,8.714354e+06,-1.054959e+07,-2.717931e+06
1199,1.419164e+03,miss,47.413129,62.004729,-17.533076,-6.146121e+06,-1.224098e+07,2.656322e+06
1200,1.419197e+03,miss,-6.506192,-48.550118,63.249945,-2.306708e+06,8.486174e+06,-1.083240e+07
1201,1.421349e+03,miss,-69.805967,33.470842,20.170021,1.068644e+07,-7.891688e+06,-4.300393e+06
1202,1.422439e+03,miss,-34.656315,-24.850569,67.685959,7.983883e+06,1.613065e+06,-1.134801e+07
1203,1.424605e+03,miss,29.577127,-8.589016,-73.833748,-1.983499e+06,2.845524e+06,1.354207e+07
1204,1.424722e+03,miss,-73.198567,-25.975080,-19.164161,1.224605e+07,5.122772e+06,4.384789e+06
1205,1.425471e+03,miss,-67.222986,-31.143982,30.184806,9.956092e+06,7.554828e+06,-6.272036e+06
1206,1.426981e+03,miss,65.829551,-45.435738,1.436602,-1.013216e+07,9.642801e+06,-3.170801e+05
1207,1.427349e+03,miss,16.230930,-6.442897,-78.070775,-8.287883e+05,-1.753111e+06,1.385767e+07
1208,1.427679e+03,miss,50.184888,-29.527929,54.859625,-9.911770e+06,1.839777e+06,-9.706310e+06
1209,1.427956e+03,miss,18.291978,19.852194,75.307994,-3.112625e+05,-1.606726e+06,-1.389964e+07
1210,1.428114e+03,miss,-52.818039,48.983900,-34.797016,6.964418e+06,-9.676823e+06,7.331856e+06
1211,1.428606e+03,miss,64.549295,-30.587282,36.025084,-1.239382e+07,2.088575e+06,-6.164304e+06
1212,1.428712e+03,miss,-7.436661,-9.758313,-79.053598,4.455964e+06,2.329020e+06,1.306531e+07
1213,1.428894e+03,miss,8.922083,65.878730,-44.501566,-1.004000e+05,-1.237436e+07,6.547701e+06
1214,1.429675e+03,miss,18.949076,36.869408,68.422067,-5.595019e+06,-7.270812e+06,-1.058042e+07
1215,1.429905e+03,miss,36.911230,43.505307,-56.078957,-3.224908e+06,-8.467079e+06,1.067962e+07
1216,1.431174e+03,miss,-8.719315,5.817593,-79.310334,4.174989e+06,1.014932e+06,1.333639e+07
1217,1.432024e+03,miss,-48.326905,-26.725662,-57.881338,8.668780e+06,6.713601e+06,8.730197e+06
1218,1.432168e+03,miss,-51.200045,-61.403332,-2.861154,1.127715e+07,8.304774e+06,5.592630e+05
1219,1.432903e+03,miss,6.614043,12.838418,78.685637,1.740536e+06,-3.988621e+06,-1.332736e+07
1220,1.432943e+03,miss,12.604585,-56.559920,55.155235,-3.227017e+06,7.572116e+06,-1.134953e+07
1221,1.433368e+03,miss,0.955720,-69.618601,-39.399707,2.065371e+06,1.253520e+07,5.934969e+06
1222,1.435620e+03,miss,2.964681,-1.116991,-79.937244,-3.072364e+06,-2.018939e+06,1.354305e+07
1223,1.435686e+03,miss,64.208705,-5.737139,-47.374334,-1.021804e+07,-1.905315e+06,9.428690e+06
1224,1.435931e+03,miss,29.498280,45.818706,58.570451,-1.786377e+06,-8.520040e+06,-1.100865e+07
1225,1.436840e+03,miss,50.032111,-16.220796,-60.279960,-1.051749e+07,1.603789e+06,9.160100e+06
1226,1.438307e+03,miss,-19.353711,-7.728166,77.238004,4.011875e+04,2.429472e+06,-1.383454e+07
1227,1.438491e+03,miss,0.784218,-0.172590,-79.995970,3.018568e+06,1.338899e+06,1.365354e+07
1228,1.439023e+03,miss,-18.238100,41.368325,-66.000253,-3.129810e+05,-7.291320e+06,1.200564e+07
1229,1.440834e+03,miss,78.167289,0.198223,17.024559,-1.331836e+07,3.411932e+06,-2.936840e+06
1230,1.441472e+03,miss,-25.381091,69.167227,-31.172021,7.403260e+06,-1.080462e+07,5.117084e+06
1231,1.442125e+03,miss,-65.459714,-24.969861,38.620357,1.209741e+07,9.158880e+05,-7.115897e+06
1232,1.443240e+03,hit,37.674061,70.566297,-1.030938,-7.037962e+06,-1.218282e+07,1.453855e+05
1233,1.445370e+03,miss,55.130184,-30.892363,-49.054304,-1.121028e+07,2.528535e+06,8.136538e+06
1234,1.445527e+03,miss,53.129006,-32.779680,50.028005,-1.052386e+07,5.820607e+06,-7.325139e+06
1235,1.448869e+03,miss,11.692675,20.793325,76.360454,-3.837407e+06,-6.091903e+05,-1.355177e+07
1236,1.449535e+03,miss,77.720612,-7.806458,-17.279054,-1.321476e+07,4.120190e+06,2.689375e+06
1237,1.450468e+03,miss,-51.936957,60.826713,1.632029,6.751946e+06,-1.238191e+07,-2.568736e+05
1238,1.451337e+03,miss,-1.233280,29.598082,74.313071,-1.575094e+06,-7.409741e+06,-1.190380e+07
1239,1.452108e+03,miss,-8.100179,19.055138,77.274115,1.902236e+06,1.445849e+05,-1.398400e+07
1240,1.452205e+03,miss,-3.625595,0.634919,79.915280,1.638833e+06,-3.357631e+06,-1.361048e+07
1241,1.452476e+03,miss,-14.632828,-32.426235,-71.654864,-9.368565e+05,6.075028e+06,1.270662e+07
1242,1.454135e+03,miss,16.784671,-64.757403,-43.872013,-5.217690e+06,9.570190e+06,8.980906e+06
1243,1.454181e+03,miss,31.222020,-4.213811,-73.535225,-2.620182e+06,2.710131e+06,1.361123e+07
1244,1.454362e+03,miss,-20.973370,53.942772,55.229477,6.088285e+05,-1.067830e+07,-9.225180e+06
1245,1.455927e+03,miss,16.243049,19.085725,75.973011,-1.263463e+06,-6.178673e+06,-1.264686e+07
1246,1.456071e+03,miss,-24.203134,37.290462,66.510373,2.157962e+06,-8.805270e+06,-1.084184e+07
1247,1.456697e+03,miss,-38.991232,53.670358,-44.712152,8.741829e+06,-6.775801e+06,8.802838e+06
1248,1.457115e+03,miss,77.749356,-4.966055,-18.176247,-1.345555e+07,9.502581e+05,4.233610e+06
1249,1.459167e+03,miss,8.553803,-4.956772,79.386793,-1.597158e+06,4.212668e+06,-1.341128e+07
1250,1.459706e+03,miss,41.801305,-68.185786,1.830146,-6.641072e+06,1.248785e+07,-4.283065e+05
1251,1.459895e+03,miss,-25.197247,70.963081,27.006294,4.257927e+06,-1.198208e+07,-6.209624e+06
1252,1.460521e+03,miss,23.410240,-65.503871,39.512069,-9.880103e+05,1.166390e+07,-7.957565e+06
1253,1.460523e+03,miss,52.745108,-28.161403,53.149684,-6.860267e+06,5.477531e+06,-1.110312e+07
1254,1.460771e+03,miss,-35.930474,65.170770,29.355949,3.061111e+06,-1.281065e+07,-5.186192e+06
1255,1.461416e+03,miss,37.364833,61.635241,-34.712625,-9.325699e+06,-8.901014e+06,5.854190e+06
1256,1.461493e+03,miss,31.313042,-5.494322,73.411891,-7.965646e+06,1.745346e+06,-1.157502e+07
1257,1.462282e+03,hit,-78.405152,15.490328,-3.561161,1.415054e+07,1.798160e+05,5.629248e+05
1258,1.463058e+03,miss,-9.482345,-71.428925,-34.756205,4.976853e+06,1.189276e+07,5.872538e+06
1259,1.464118e+03,miss,68.506741,-32.611222,-25.364041,-1.262166e+07,3.356719e+06,5.501363e+06
1260,1.464232e+03,miss,45.372059,24.761289,-61.059437,-1.005517e+07,-2.685855e+06,9.619475e+06
1261,1.464814e+03,miss,24.377198,12.636651,-75.140317,-8.767254e+05,-3.047089e+06,1.381597e+07
1262,1.465211e+03,miss,-13.868146,60.202396,-50.826628,-8.970956e+05,-1.120828e+07,8.634731e+06
1263,1.466021e+03,miss,-33.801367,3.309288,72.432839,6.836572e+06,-3.568838e+06,-1.190062e+07
1264,1.467333e+03,miss,1.063235,-9.955606,79.370999,2.768159e+06,-1.423515e+05,-1.391391e+07
1265,1.467919e+03,miss,-76.950351,-11.882618,18.369729,1.375739e+07,-1.386557e+06,-3.189371e+06
1266,1.468299e+03,miss,34.514897,20.125473,-69.308638,-4.509303e+06,-6.531512e+06,1.176512e+07
1267,1.468534e+03,miss,-13.240382,-11.383925,-78.071112,5.515276e+06,1.682399e+06,1.296904e+07
1268,1.469031e+03,miss,50.162047,31.610658,53.707871,-1.077996e+07,-3.563626e+06,-8.520910e+06
1269,1.470190e+03,miss,-9.228982,-11.913879,-78.567712,-1.022294e+06,-2.571973e+05,1.416194e+07
1270,1.471950e+03,miss,-4.532968,-18.001223,77.816503,1.968311e+06,5.982112e+06,-1.273787e+07
1271,1.472438e+03,miss,28.860650,-41.434643,-62.050248,-7.781291e+06,6.616686e+06,9.881862e+06
1272,1.473655e+03,miss,-15.993287,-35.484825,-69.893075,3.241588e+06,2.997133e+06,1.351505e+07
1273,1.474404e+03,hit,-57.968307,-55.131115,-0.485384,8.325247e+06,1.152972e+07,7.489298e+04
1274,1.475459e+03,miss,41.191636,-40.286849,55.499720,-7.197382e+06,4.399252e+06,-1.145596e+07
1275,1.475575e+03,miss,40.987522,-58.541786,-35.956672,-4.719605e+06,1.209198e+07,5.824077e+06
1276,1.476009e+03,miss,31.933509,0.018580,73.350192,-2.284940e+06,-7.531902e+03,-1.404454e+07
1277,1.476369e+03,miss,45.399977,32.824006,-57.108902,-6.906933e+06,-8.437670e+06,9.144366e+06
1278,1.477594e+03,miss,7.301471,35.162803,71.486123,-2.559389e+06,-3.079390e+06,-1.366215e+07
1279,1.479374e+03,miss,62.242742,-50.121460,-3.698696,-1.082023e+07,9.250707e+06,5.278983e+05
1280,1.482285e+03,miss,-17.513438,35.417820,69.561897,5.771529e+06,-6.823647e+06,-1.111118e+07
1281,1.484114e+03,miss,-51.563337,-22.843813,-56.739602,1.089620e+07,3.159565e+06,8.652843e+06
1282,1.487111e+03,miss,43.227102,-7.924108,-66.847783,-8.282362e+06,-1.960976e+06,1.146953e+07
1283,1.488095e+03,miss,52.388358,-49.123095,35.247432,-1.144158e+07,6.181311e+06,-5.916887e+06
1284,1.489131e+03,miss,-64.150337,47.589930,-4.464621,9.058667e+06,-1.102788e+07,7.723275e+05
1285,1.489454e+03,miss,56.231425,28.159134,49.447852,-1.135495e+07,-4.572737e+06,-7.380355e+06
1286,1.489509e+03,miss,72.270929,30.969436,14.758282,-1.360361e+07,-2.978987e+06,-3.223257e+06
1287,1.491431e+03,hit,34.290611,72.260370,-1.610256,-3.051707e+06,-1.397006e+07,3.319685e+05
1288,1.491666e+03,miss,72.541022,20.642920,26.677144,-1.319691e+07,-3.951695e+06,-3.852724e+06
1289,1.491965e+03,miss,8.772325,-6.261549,-79.270671,-3.385917e+06,-1.847104e+06,1.377616e+07
1290,1.492680e+03,miss,78.823282,-12.476147,-5.588915,-1.353456e+07,4.565581e+06,8.533738e+05
1291,1.494021e+03,miss,73.902928,11.560433,28.367475,-1.292345e+07,-4.368454e+06,-4.340717e+06
1292,1.499662e+03,miss,-6.933529,40.524042,68.627459,4.629336e+06,-6.331070e+06,-1.200839e+07
1293,1.500401e+03,miss,8.661030,-4.792010,-79.385283,-4.639531e+06,-4.851226e+05,1.356670e+07
1294,1.500837e+03,miss,16.846568,53.928499,-56.638416,-6.233228e+06,-8.567178e+06,9.676059e+06
1295,1.501877e+03,miss,-53.658830,-49.441918,32.805895,8.949236e+06,8.295000e+06,-7.557948e+06
1296,1.503986e+03,miss,-15.000696,63.348758,-46.496387,5.929039e+06,-1.042972e+07,7.897804e+06
1297,1.504812e+03,miss,-68.340810,-28.820026,-29.982324,1.161305e+07,7.133538e+06,4.546513e+06
1298,1.504821e+03,miss,53.550618,-0.495872,59.431351,-1.077601e+07,-1.939622e+06,-9.302565e+06
1299,1.504863e+03,miss,78.662575,1.567056,-14.482529,-1.416021e+07,1.173069e+06,2.130861e+06
1300,1.505275e+03,miss,5.068067,0.391045,-79.838348,2.632967e+06,1.804435e+05,1.412514e+07
1301,1.505308e+03,miss,49.929252,-13.713993,60.983573,-1.073768e+07,1.805967e+06,-9.377093e+06
1302,1.506648e+03,miss,18.778719,-2.189741,-77.733936,-4.409439e+06,3.547218e+06,1.321541e+07
1303,1.507688e+03,miss,27.759465,31.124523,68.269145,-7.561533e+06,-3.317786e+06,-1.177417e+07
1304,1.510120e+03,hit,54.938373,-58.113809,2.135497,-1.194649e+07,8.019181e+06,-3.513848e+05
1305,1.510325e+03,miss,-48.655885,14.852752,-61.741401,6.828574e+06,-4.200943e+05,1.266379e+07
1306,1.511203e+03,miss,7.129384,50.660646,61.503421,-4.648789e+06,-8.637274e+06,-1.053964e+07
1307,1.511645e+03,miss,21.507178,31.504056,-70.320237,-3.563902e+05,-5.276950e+06,1.339348e+07
1308,1.511906e+03,miss,-66.593765,42.758195,-11.705008,1.179843e+07,-8.082696e+06,1.691518e+06
1309,1.513960e+03,miss,70.470186,-23.471302,-29.716173,-1.352439e+07,1.516632e+06,4.739908e+06
1310,1.514074e+03,miss,7.409284,-77.291276,-19.265543,-4.846298e+06,1.312142e+07,3.468910e+06
1311,1.514103e+03,miss,-46.582790,56.109700,32.889895,5.257995e+06,-1.182867e+07,-6.334961e+06
1312,1.516532e+03,miss,-79.646119,1.371368,7.390197,1.396277e+07,-3.404486e+06,-1.216290e+06
1313,1.516782e+03,miss,51.636980,35.277525,-49.891066,-9.326722e+06,-3.468469e+06,1.044247e+07
1314,1.517010e+03,hit,79.475625,8.087122,4.268891,-1.383149e+07,-4.042291e+06,-6.665087e+05
1315,1.517933e+03,miss,54.353708,-54.853115,-20.900003,-7.259480e+06,1.166271e+07,4.416123e+06
1316,1.519059e+03,miss,5.632735,77.005447,-20.938801,-2.921879e+06,-1.378027e+07,3.153131e+06
1317,1.519238e+03,miss,-76.126186,-2.842531,24.427932,1.389329e+07,-1.356113e+06,-3.679341e+06
1318,1.520333e+03,miss,18.222646,-54.398732,-55.755835,-2.031220e+06,1.140463e+07,8.623151e+06
1319,1.520475e+03,miss,-8.223411,45.679282,-65.159640,3.362188e+06,-5.491850e+06,1.292691e+07
1320,1.520709e+03,miss,-20.453191,-36.121000,68.388159,4.500479e+06,3.180218e+06,-1.335042e+07
1321,1.521523e+03,miss,71.400587,-26.017846,-25.000559,-1.113926e+07,7.787323e+06,4.897743e+06
1322,1.521678e+03,miss,-43.318908,64.976439,-17.364751,5.114883e+06,-1.321182e+07,2.832040e+06
1323,1.522132e+03,miss,-36.833264,30.421858,64.170252,9.065567e+06,-4.657972e+06,-1.024284e+07
1324,1.522237e+03,miss,-31.672105,10.974361,72.639116,8.245040e+06,-7.173490e+05,-1.184551e+07
1325,1.522716e+03,miss,-3.323890,-2.039203,79.904902,-2.764126e+06,1.474359e+06,-1.410897e+07
1326,1.522922e+03,miss,45.981204,35.225338,-55.180652,-1.041439e+07,-3.994322e+06,9.191913e+06
1327,1.523551e+03,miss,1.573044,-78.766572,13.905132,3.319106e+06,1.384118e+07,-2.529192e+06
1328,1.524747e+03,miss,40.965223,-5.359342,-68.506408,-7.659616e+06,4.181410e+06,1.153264e+07
1329,1.525472e+03,miss,12.677764,-14.459995,-77.654252,-5.131189e+06,6.318949e+05,1.351025e+07
1330,1.525557e+03,miss,-51.241093,5.398780,61.198068,8.453801e+06,-4.449861e+06,-1.086273e+07
1331,1.525893e+03,miss,50.761182,44.944643,-42.465062,-1.048806e+07,-7.657212e+06,6.378141e+06
1332,1.526431e+03,miss,-29.351821,-51.444037,-53.777148,7.993443e+06,8.344065e+06,8.710230e+06
1333,1.526599e+03,miss,2.851941,5.974554,-79.725599,-2.127124e+06,2.099598e+06,1.415898e+07
1334,1.526646e+03,miss,-41.277031,-29.486152,-61.860921,8.723249e+06,1.922457e+06,1.138531e+07
1335,1.527536e+03,miss,15.882557,-6.983799,-78.095909,4.580900e+05,-1.775473e+05,1.446709e+07
1336,1.527930e+03,miss,-21.278725,-23.566656,73.429072,1.588046e+06,6.818270e+06,-1.267208e+07
1337,1.528623e+03,miss,45.529311,-49.227103,43.632261,-8.056928e+06,1.010234e+07,-6.535753e+06
1338,1.529675e+03,miss,-60.899688,-36.383993,-36.978818,1.255413e+07,3.949398e+06,6.052085e+06
1339,1.531003e+03,miss,-9.249689,-16.486305,77.734452,-1.856844e+06,2.128878e+06,-1.421386e+07
1340,1.531117e+03,miss,6.332650,10.147286,-79.100759,-3.940942e+06,-3.579744e+06,1.347902e+07
1341,1.531373e+03,miss,64.976458,39.295254,-25.178224,-1.199233e+07,-5.662713e+06,5.846562e+06
1342,1.531703e+03,miss,-27.873453,-74.536258,-8.210778,7.797985e+06,1.214547e+07,1.337433e+06
1343,1.531941e+03,miss,23.289619,36.482995,67.279898,-6.783373e+06,-4.057972e+06,-1.215159e+07
1344,1.532107e+03,miss,-74.215032,25.199416,16.034912,1.227651e+07,-6.827703e+06,-3.582621e+06
1345,1.533272e+03,miss,-4.886207,-8.345048,-79.413382,4.398652e+04,-2.009090e+06,1.436269e+07
1346,1.533421e+03,miss,19.342217,0.593373,77.624265,1.159888e+05,-3.373492e+05,-1.449890e+07
1347,1.536375e+03,miss,-68.843646,-23.707951,33.143407,1.336945e+07,1.203177e+06,-5.528199e+06
1348,1.536589e+03,hit,13.174030,-78.907138,0.329412,-5.813122e+06,1.330351e+07,-6.529977e+04
1349,1.536659e+03,miss,-0.276740,-23.827218,76.368757,-7.432798e+05,7.145091e+06,-1.261685e+07
1350,1.537940e+03,miss,27.713181,40.648732,63.084548,-6.174970e+06,-4.145057e+06,-1.247613e+07
1351,1.538883e+03,hit,-77.142057,21.170513,-0.955178,1.383061e+07,-4.448558e+06,1.393069e+05
1352,1.539025e+03,miss,2.678684,76.167668,-24.316888,2.393426e+06,-1.333138e+07,5.259276e+06
1353,1.540998e+03,miss,30.962001,-69.285275,25.316106,-2.602915e+06,1.325100e+07,-5.387103e+06
1354,1.541413e+03,miss,-32.726355,-68.548263,25.102217,3.826803e+06,1.281629e+07,-5.704379e+06
1355,1.542685e+03,miss,2.061632,-0.743649,79.969973,3.182218e+06,1.743208e+04,-1.419470e+07
1356,1.542748e+03,hit,-58.604140,54.240024,-4.855373,1.151567e+07,-8.813605e+06,1.155300e+06
1357,1.542926e+03,miss,-23.628949,18.338809,-74.198119,6.877005e+06,-1.170954e+06,1.276656e+07
1358,1.542944e+03,miss,23.301312,44.538803,-62.236194,-3.835852e+06,-5.260004e+06,1.301040e+07
1359,1.543252e+03,miss,-0.818307,-1.117269,79.988012,1.947886e+06,3.212574e+06,-1.405629e+07
1360,1.543653e+03,miss,1.572344,-3.033223,79.927012,3.047583e+06,1.732095e+06,-1.412307e+07
1361,1.545975e+03,miss,-19.473936,-39.838019,66.586020,9.869820e+05,5.316931e+06,-1.352123e+07
1362,1.547119e+03,miss,-61.356448,-7.360476,50.805607,1.208605e+07,-9.853860e+05,-8.073472e+06
1363,1.548030e+03,miss,0.812179,2.059359,79.969365,3.307546e+06,-1.142274e+06,-1.414584e+07
1364,1.548042e+03,miss,-66.754335,40.649769,17.072054,1.364086e+07,-4.085465e+06,-3.096270e+06
1365,1.548389e+03,miss,-31.371757,-10.758140,-72.801616,8.060180e+06,2.977291e+06,1.177149e+07
1366,1.548565e+03,hit,13.952182,-78.574096,5.607858,-3.604475e+06,1.405778e+07,-1.345223e+06
1367,1.549211e+03,miss,2.186289,-11.138005,-79.190688,4.232423e+05,-1.527871e+06,1.449131e+07
1368,1.551268e+03,miss,-1.377185,28.029326,-74.916355,-2.743215e+06,-3.009281e+06,1.400759e+07
1369,1.551765e+03,miss,-11.242430,-1.145505,-79.197826,3.395241e+06,-2.998069e+06,1.386888e+07
1370,1.551995e+03,miss,56.858174,52.195782,21.041587,-1.013073e+07,-1.003382e+07,-3.095830e+06
1371,1.552355e+03,miss,-75.428295,23.235787,-13.064093,1.390646e+07,-3.131173e+06,3.122309e+06
1372,1.554081e+03,miss,-0.037019,0.438845,79.998788,3.018718e+06,1.788160e+06,-1.417284e+07
1373,1.554154e+03,miss,-26.595986,-56.324813,-50.201284,1.653809e+06,1.013046e+07,1.038403e+07
1374,1.554278e+03,miss,9.900739,36.793536,-70.343522,-4.480644e+06,-7.694354e+06,1.157270e+07
1375,1.555081e+03,miss,-13.252336,-25.545367,-74.644557,-2.511093e+05,2.284951e+06,1.442334e+07
1376,1.556089e+03,miss,8.429390,-1.517225,79.540200,-4.053647e+06,-2.083119e+06,-1.388105e+07
1377,1.556291e+03,miss,-16.707587,-74.151289,-24.948805,-2.978488e+05,1.397352e+07,4.258499e+06
1378,1.556544e+03,miss,-14.927048,-66.345907,42.135542,-3.832419e+05,1.279556e+07,-7.045857e+06
1379,1.558224e+03,miss,-13.190688,69.874003,36.655551,-1.184748e+06,-1.300983e+07,-6.564185e+06
1380,1.560914e+03,miss,-8.238524,-42.779633,-67.097166,-1.616215e+06,6.170369e+06,1.316933e+07
1381,1.561345e+03,miss,-26.471577,27.308976,70.380931,4.346274e+06,-7.795865e+06,-1.159786e+07
1382,1.561419e+03,miss,-70.555120,-9.430157,36.510918,1.176796e+07,1.894502e+06,-8.491886e+06
1383,1.561818e+03,miss,33.448543,53.592045,49.082458,-3.042800e+06,-9.929708e+06,-1.031422e+07
1384,1.562689e+03,miss,-46.579823,-32.172196,56.526719,7.947232e+06,8.319818e+06,-9.054417e+06
1385,1.562725e+03,miss,-1.540630,2.781194,-79.936796,-3.067493e+06,-1.711664e+06,1.421358e+07
1386,1.563081e+03,miss,25.417791,-61.642375,-44.205808,-7.682037e+06,9.202228e+06,8.409486e+06
1387,1.563870e+03,miss,-42.987120,-65.620759,15.685134,6.487812e+06,1.291634e+07,-2.366185e+06
1388,1.563981e+03,miss,-78.580937,4.864885,14.190464,1.449120e+07,-4.278574e+05,-2.088003e+06
1389,1.564979e+03,miss,0.167334,-5.807137,79.788778,2.387577e+05,4.499109e+06,-1.394186e+07
1390,1.565206e+03,miss,6.147451,26.641630,-75.182660,2.256158e+06,-3.435895e+06,1.406450e+07
1391,1.565864e+03,miss,-51.156673,61.447970,-2.672429,6.268731e+06,-1.323833e+07,4.954016e+05
1392,1.569082e+03,miss,1.085013,-22.338831,76.810151,2.704833e+06,1.831695e+06,-1.430266e+07
1393,1.570570e+03,miss,-8.647034,46.983394,64.170004,2.360290e+05,-5.948317e+06,-1.341653e+07
1394,1.571896e+03,miss,-45.843218,54.272718,36.781400,5.581151e+06,-1.197565e+07,-6.407639e+06
1395,1.572198e+03,miss,63.379617,31.742126,37.087215,-9.821337e+06,-6.983185e+06,-8.392925e+06
1396,1.572498e+03,miss,6.294174,-5.125764,79.587122,-3.326295e+06,3.565203e+06,-1.385392e+07
1397,1.572994e+03,miss,-24.766812,29.019113,-70.317111,7.067653e+06,-5.899295e+06,1.144642e+07
1398,1.573531e+03,miss,56.967060,54.870828,-11.997763,-1.251849e+07,-7.278505e+06,2.481581e+06
1399,1.573681e+03,hit,56.070346,56.967981,-3.281072,-8.971466e+06,-1.160921e+07,7.792059e+05
1400,1.574805e+03,miss,-56.385716,-45.982260,33.260831,7.740962e+06,1.095995e+07,-5.998272e+06
1401,1.575008e+03,miss,2.018111,-8.573337,-79.513679,-2.885465e+06,-1.042324e+06,1.437490e+07
1402,1.575431e+03,miss,9.021365,60.880953,51.108948,-2.509506e+06,-9.066151e+06,-1.129670e+07
1403,1.576112e+03,miss,-46.972609,49.610500,-41.621776,8.983676e+06,-9.806912e+06,6.270536e+06
1404,1.576676e+03,miss,-16.049770,-7.613969,-78.002772,-5.333092e+05,2.610605e+06,1.446303e+07
1405,1.577250e+03,miss,-44.094101,44.350389,-49.887406,5.927239e+06,-7.653809e+06,1.107451e+07
1406,1.578419e+03,miss,56.470342,37.635977,-42.363117,-9.392389e+06,-9.116503e+06,6.722387e+06
1407,1.578863e+03,miss,-6.558172,26.191285,-75.306089,4.594010e+06,-3.607417e+06,1.350780e+07
1408,1.581572e+03,miss,34.300937,63.566165,-34.391692,-4.325478e+06,-1.299214e+07,5.426332e+06
1409,1.582584e+03,miss,3.270444,19.763869,77.451234,-1.716170e+06,-6.519918e+06,-1.310095e+07
1410,1.583904e+03,miss,-5.767250,-61.483126,-50.858274,1.652126e+06,9.267044e+06,1.134296e+07
1411,1.583935e+03,miss,-41.097028,-31.006544,-61.234210,6.822735e+06,8.361997e+06,1.004002e+07
1412,1.584237e+03,miss,-35.867131,29.485304,65.147262,9.156946e+06,-4.233542e+06,-1.074912e+07
1413,1.584410e+03,miss,-51.850351,59.793678,-11.672924,8.555816e+06,-1.187718e+07,1.752279e+06
1414,1.585572e+03,miss,42.328337,38.526509,-55.892934,-4.778720e+06,-7.427891e+06,1.181057e+07
1415,1.585723e+03,hit,-44.259444,66.599084,-2.379846,1.086183e+07,-9.968139e+06,4.205101e+05
1416,1.586570e+03,miss,-20.414702,1.129785,77.343154,3.115408e+05,-1.522986e+06,-1.467037e+07
1417,1.588273e+03,miss,-77.707063,11.271581,-15.315476,1.425666e+07,-3.063320e+06,2.287649e+06
1418,1.588339e+03,miss,-33.970905,51.962933,50.456231,4.215166e+06,-1.148682e+07,-8.256162e+06
1419,1.588469e+03,miss,26.677350,-22.806846,-71.889963,-1.335031e+06,4.060561e+06,1.412892e+07
1420,1.588943e+03,miss,37.091615,11.675200,69.913531,-5.531051e+06,-5.499927e+06,-1.253475e+07
1421,1.589333e+03,miss,6.114772,-5.063393,-79.605098,-4.566017e+06,1.275987e+06,1.398351e+07
1422,1.590024e+03,miss,51.734793,-56.583249,-22.843972,-8.112117e+06,1.182602e+07,3.528290e+06
1423,1.590317e+03,miss,14.684836,-78.056203,9.569994,-3.921144e+06,1.416736e+07,-1.435487e+06
1424,1.592206e+03,miss,-77.241508,17.337858,11.538986,1.311429e+07,-6.507838e+06,-2.018108e+06
1425,1.594237e+03,miss,-25.988810,-69.465092,-29.986377,3.921236e+06,1.351955e+07,4.531404e+06
1426,1.595705e+03,miss,75.218372,19.113309,-19.413345,-1.254512e+07,-6.711170e+06,4.058251e+06
1427,1.597213e+03,miss,-12.452808,-60.182664,51.214983,2.059667e+06,9.085575e+06,-1.150244e+07
1428,1.597889e+03,hit,44.576315,-66.327111,-3.696816,-1.105794e+07,9.818842e+06,7.079734e+05
1429,1.598311e+03,miss,-8.401148,-6.509552,-79.290898,3.301687e+06,-1.959603e+06,1.430055e+07
1430,1.599088e+03,miss,-23.236292,-1.269339,76.540600,5.748312e+06,3.227294e+06,-1.326254e+07
1431,1.600112e+03,miss,12.707519,-1.513193,78.969799,8.138481e+05,2.201381e+06,-1.462824e+07
1432,1.600419e+03,miss,-39.923145,-45.410918,-52.383118,7.648711e+06,9.759132e+06,8.111252e+06
1433,1.600871e+03,miss,-44.121049,66.473820,5.879146,7.372632e+06,-1.282457e+07,-8.788930e+05
1434,1.601192e+03,miss,59.180513,-4.880957,53.608237,-1.122124e+07,-2.517880e+06,-9.348047e+06
1435,1.601369e+03,miss,-5.004818,-0.461173,-79.841963,-2.646314e+06,8.783336e+05,1.455650e+07
1436,1.602957e+03,miss,-13.529113,-10.985099,78.078747,4.558042e+06,-9.378270e+05,-1.407938e+07
1437,1.603132e+03,miss,-59.386055,-19.517967,-49.923396,9.847696e+06,1.319995e+06,1.100857e+07
1438,1.603733e+03,miss,-11.508603,57.918211,53.972520,-1.454187e+06,-1.015862e+07,-1.070880e+07
1439,1.603812e+03,miss,25.334887,-23.075926,-72.288624,-7.135472e+06,1.691728e+06,1.289280e+07
1440,1.604142e+03,hit,-51.060514,61.082885,-7.855262,1.176718e+07,-8.874391e+06,1.680863e+06
1441,1.605185e+03,miss,-5.240649,4.832694,-79.681746,-2.569771e+06,1.074766e+05,1.461419e+07
1442,1.605190e+03,miss,-61.023937,33.335912,-39.557503,1.057084e+07,-4.857143e+06,9.211721e+06
1443,1.605999e+03,miss,0.816844,-41.773577,68.222438,-5.935955e+05,4.529007e+06,-1.412222e+07
1444,1.607316e+03,hit,-16.346737,-78.151450,-5.013482,1.111205e+06,1.475870e+07,1.194974e+06
1445,1.609204e+03,miss,2.534217,-0.195107,-79.959613,3.049447e+06,9.603782e+05,1.450929e+07
1446,1.609377e+03,miss,45.743498,21.217786,62.107471,-6.586440e+06,-1.650316e+06,-1.321590e+07
1447,1.610362e+03,miss,-11.966922,-35.008211,-70.931079,4.050605e+06,8.290059e+06,1.165192e+07
1448,1.610891e+03,miss,-55.494731,-38.776712,-42.622781,1.212439e+07,4.214488e+06,7.497306e+06
1449,1.611635e+03,miss,-42.916395,23.782824,63.186710,9.963872e+06,-4.486801e+06,-1.008287e+07
1450,1.614253e+03,miss,13.411043,-13.545142,77.696030,-5.811332e+06,2.084439e+06,-1.353947e+07
1451,1.614530e+03,miss,-8.938764,-1.202332,79.489955,5.082662e+06,-4.524710e+04,-1.398700e+07
1452,1.614560e+03,miss,69.368461,11.605461,38.122564,-1.281819e+07,-4.502418e+06,-6.074369e+06
1453,1.615387e+03,miss,72.007872,-2.515998,-34.764006,-1.233035e+07,2.052551e+06,8.083227e+06
1454,1.615576e+03,miss,4.931887,-1.387525,79.835777,5.860552e+05,3.553807e+06,-1.444445e+07
1455,1.617204e+03,miss,12.361279,72.696511,-31.022830,-2.203481e+05,-1.407001e+07,4.881059e+06
1456,1.617453e+03,miss,74.242941,-24.214848,-17.367407,-1.380965e+07,4.939840e+06,2.600808e+06
1457,1.617824e+03,miss,15.748141,-24.713996,-74.439334,-4.235732e+06,7.048612e+06,1.242172e+07
1458,1.618087e+03,miss,20.237551,-68.825021,-35.405622,-4.975388e+04,1.321298e+07,6.882887e+06
1459,1.619463e+03,miss,0.648238,7.285719,79.664911,9.445061e+05,-4.674556e+06,-1.412107e+07
1460,1.621901e+03,miss,-11.269815,25.300282,75.052562,-7.798405e+05,-6.690470e+06,-1.330835e+07
1461,1.623506e+03,miss,17.255423,-1.660947,-78.099242,-6.986270e+05,3.064048e+06,1.458857e+07
1462,1.623918e+03,miss,-14.876426,-75.652082,-21.341378,5.872044e+06,1.292593e+07,4.604215e+06
1463,1.624361e+03,miss,-33.919698,11.018403,71.610397,8.284021e+06,5.813587e+05,-1.240392e+07
1464,1.627375e+03,miss,-8.660267,-46.696771,64.377103,4.871767e+06,8.736752e+06,-1.109813e+07
1465,1.627703e+03,miss,-17.961552,70.317526,33.657514,-3.826038e+05,-1.350564e+07,-6.381992e+06
1466,1.627923e+03,miss,2.537455,-23.996309,76.274101,1.101900e+06,7.171529e+06,-1.306383e+07
1467,1.628805e+03,miss,22.555186,-4.136566,-76.643019,-3.581589e+06,4.328168e+06,1.385167e+07
1468,1.631468e+03,miss,-68.955989,-27.160019,-30.123163,1.345502e+07,1.635036e+06,6.331201e+06
1469,1.632383e+03,miss,42.512904,64.525691,-20.714445,-1.011676e+07,-1.000432e+07,4.635222e+06
1470,1.634302e+03,hit,57.897778,-54.673726,7.657087,-1.271752e+07,7.716649e+06,-1.703430e+06
1471,1.635633e+03,miss,-33.844719,-24.396547,68.259384,2.899677e+06,4.357415e+06,-1.403464e+07
1472,1.635677e+03,miss,-0.399116,26.658414,75.426585,-2.781717e+06,-2.553649e+06,-1.449529e+07
1473,1.636426e+03,miss,-0.209020,6.629461,79.724567,-2.508753e+06,1.444211e+06,-1.470019e+07
1474,1.638557e+03,miss,-68.165886,36.271241,-20.923887,1.397957e+07,-3.325264e+06,4.275704e+06
1475,1.638763e+03,miss,33.315690,-29.794502,-66.350226,-3.288095e+06,4.317204e+06,1.397662e+07
1476,1.638856e+03,miss,79.502263,8.408941,2.946167,-1.484321e+07,2.050813e+06,-5.308192e+05
1477,1.640440e+03,miss,45.224075,51.374712,41.417654,-1.003142e+07,-6.742806e+06,-8.884315e+06
1478,1.640454e+03,miss,-76.485252,-5.916209,22.693716,1.396864e+07,-5.692270e+05,-5.438811e+06
1479,1.642508e+03,miss,31.855855,-57.360100,-45.771426,-7.554484e+06,8.224429e+06,1.002985e+07
1480,1.642580e+03,miss,39.922571,22.516552,65.568233,-9.868564e+06,-2.753977e+06,-1.097025e+07
1481,1.645165e+03,miss,-16.620480,-59.583548,50.730271,4.428077e+06,1.193536e+07,-7.975788e+06
1482,1.645982e+03,hit,72.238190,-33.858087,-5.939175,-1.432488e+07,4.309569e+06,1.418212e+06
1483,1.646615e+03,miss,-8.680022,5.694078,79.323607,-1.403156e+05,-4.238697e+06,-1.441827e+07
1484,1.648010e+03,miss,-25.585740,-46.755093,-59.660131,4.188569e+06,6.105804e+06,1.308584e+07
1485,1.649215e+03,miss,-27.026437,53.378504,53.106563,1.391555e+06,-1.081606e+07,-1.035885e+07
1486,1.649351e+03,miss,58.926834,31.274028,44.153860,-8.527483e+06,-8.450911e+06,-9.061577e+06
1487,1.649479e+03,miss,49.624290,-8.375035,-62.187528,-6.413636e+06,2.148303e+06,1.343561e+07
1488,1.649675e+03,miss,19.335318,16.774816,-75.794136,-2.095793e+06,2.452716e+05,1.489429e+07
1489,1.651075e+03,miss,62.388612,-4.061965,-49.911537,-1.286410e+07,4.794950e+05,7.795482e+06
1490,1.652886e+03,hit,-79.845630,2.729204,4.150525,1.498666e+07,1.310389e+06,-6.449779e+05
1491,1.654614e+03,miss,60.867147,23.518356,-46.282581,-1.034383e+07,-7.501406e+06,7.981485e+06
1492,1.655788e+03,miss,-10.422354,-68.142814,40.594722,5.475094e+06,1.197960e+07,-7.324173e+06
1493,1.657461e+03,miss,-11.118699,-11.000337,78.456148,3.394625e+06,5.129086e+06,-1.376698e+07
1494,1.658389e+03,miss,-18.429511,-72.422744,28.553446,-1.696173e+05,1.415071e+07,-5.216936e+06
1495,1.660012e+03,miss,3.250492,6.093929,79.701307,-7.265977e+05,2.588777e+06,-1.484860e+07
1496,1.660425e+03,miss,-23.720525,33.631216,68.602318,4.623012e+06,-2.807114e+06,-1.408954e+07
1497,1.662109e+03,miss,67.761084,11.776476,-40.862576,-1.118374e+07,-5.319733e+06,8.638438e+06
1498,1.662887e+03,miss,30.987464,4.778093,-73.599911,-7.668032e+06,-3.287027e+06,1.258974e+07
1499,1.663563e+03,miss,-21.889462,67.557859,-36.834592,6.829540e+06,-1.084887e+07,7.991054e+06
1500,1.664434e+03,miss,-45.243708,-15.548953,64.118928,9.511373e+06,-5.982933e+05,-1.172574e+07
1501,1.665763e+03,miss,-58.132264,-41.198714,-36.377271,1.237086e+07,6.502817e+06,5.759729e+06
1502,1.666008e+03,miss,-34.717085,-18.360619,-69.696569,3.589591e+06,5.830691e+06,1.347780e+07
1503,1.667071e+03,miss,3.032393,-25.117490,75.894112,3.142668e+06,4.266378e+06,-1.416335e+07
1504,1.670670e+03,miss,36.020634,6.585571,-71.127661,-5.128887e+06,-4.635133e+06,1.346784e+07
1505,1.670682e+03,miss,-28.081241,48.666848,-56.947184,6.991445e+06,-9.838679e+06,9.137519e+06
1506,1.670883e+03,miss,77.094246,-8.396488,-19.646278,-1.429781e+07,9.902589e+05,4.877893e+06
1507,1.672187e+03,miss,-69.389470,18.357673,-35.328420,1.239243e+07,-2.104854e+06,8.448551e+06
1508,1.673433e+03,miss,56.918233,34.465881,44.411910,-1.047481e+07,-8.351805e+06,-7.076528e+06
1509,1.673883e+03,miss,53.007629,-3.462353,-59.818086,-1.040237e+07,3.821525e+06,1.033441e+07
1510,1.674535e+03,hit,-54.155734,-58.359292,7.832587,7.386665e+06,1.312631e+07,-1.685210e+06
1511,1.676143e+03,hit,41.237986,-67.971359,-8.906336,-1.063238e+07,1.064298e+07,1.898093e+06
1512,1.677381e+03,miss,8.155349,9.298166,-79.038183,-3.650857e+06,1.307992e+06,1.466470e+07
1513,1.678072e+03,miss,78.286444,-5.702128,-15.450516,-1.496516e+07,-6.326337e+05,2.414850e+06
1514,1.678306e+03,miss,73.404127,0.861687,31.797666,-1.433924e+07,-7.530069e+05,-4.902970e+06
1515,1.678485e+03,miss,-62.823378,-13.315899,-47.706499,1.300032e+07,2.263161e+06,7.490946e+06
1516,1.678563e+03,miss,-34.782944,-50.945929,-50.937797,6.992961e+06,1.080742e+07,8.034510e+06
1517,1.679366e+03,miss,19.723881,-0.966182,-77.524416,-6.742277e+06,1.313089e+06,1.353451e+07
1518,1.679999e+03,miss,-51.970446,38.045058,47.451516,8.792049e+06,-9.578631e+06,-7.835935e+06
1519,1.681118e+03,miss,-2.598126,-77.575683,-19.371711,2.706894e+06,1.421055e+07,4.619381e+06
1520,1.681270e+03,miss,1.768047,2.011867,79.955152,-3.889204e+06,-1.193310e+06,-1.463136e+07
1521,1.681666e+03,miss,44.591564,12.935665,-65.147993,-1.050513e+07,-2.659172e+06,1.064199e+07
1522,1.683691e+03,miss,33.088068,-8.534735,72.334902,-6.837112e+06,-2.059603e+06,-1.341531e+07
1523,1.684609e+03,miss,-12.997107,-6.104106,78.700795,2.703270e+06,-2.591583e+06,-1.473298e+07
1524,1.684986e+03,miss,57.830036,19.810754,51.606404,-1.025760e+07,-6.846122e+06,-8.890920e+06
1525,1.686420e+03,miss,37.258507,15.446052,-69.088517,-3.744471e+06,-2.309348e+06,1.455949e+07
1526,1.686478e+03,miss,1.160601,-10.545129,79.293463,-1.223357e+05,-1.799536e+06,-1.510257e+07
1527,1.687645e+03,miss,66.447433,42.891732,-12.043175,-1.089960e+07,-1.042650e+07,1.996982e+06
1528,1.690645e+03,hit,77.997960,-17.619090,2.426087,-1.519945e+07,8.570048e+05,-3.933677e+05
1529,1.691610e+03,miss,-3.966818,-3.517257,-79.824140,-1.758249e+06,3.379309e+06,1.474902e+07
1530,1.691947e+03,miss,-48.304166,-56.539087,29.496427,9.467153e+06,1.103655e+07,-4.545203e+06
1531,1.692864e+03,miss,-61.233980,-10.815868,-50.333058,9.737079e+06,5.085272e+06,1.056155e+07
1532,1.694630e+03,miss,43.661504,31.996512,-58.905826,-1.054030e+07,-3.491868e+06,1.044835e+07
1533,1.695560e+03,miss,-50.547040,-55.688623,-27.272222,6.475466e+06,1.259033e+07,5.669099e+06
1534,1.696255e+03,miss,4.635669,-1.271937,-79.855449,-4.438207e+06,-4.381644e+05,1.458741e+07
1535,1.696557e+03,miss,11.198869,13.475869,78.057583,-1.502917e+06,1.206822e+06,-1.513302e+07
1536,1.697167e+03,miss,-50.810157,59.035258,18.252844,7.342666e+06,-1.267579e+07,-4.268122e+06
1537,1.697339e+03,miss,33.300719,-23.807555,68.733270,-2.859918e+06,4.193626e+06,-1.438976e+07
1538,1.697431e+03,miss,-6.173764,-1.953755,79.737491,4.137803e+06,-1.724337e+06,-1.458591e+07
1539,1.698568e+03,miss,66.623940,29.905726,32.663408,-1.365302e+07,-4.478374e+06,-5.151561e+06
1540,1.700689e+03,miss,8.223870,12.611139,-78.570523,-5.640049e+05,1.291298e+06,1.520871e+07
1541,1.701171e+03,miss,-7.651078,26.603533,-75.058064,1.306623e+06,-8.028425e+06,1.293034e+07
1542,1.702801e+03,miss,18.665679,-3.988757,-77.689653,-2.520943e+06,4.335005e+06,1.443720e+07
1543,1.702901e+03,miss,3.404266,-5.901548,-79.709364,-4.280919e+06,1.339607e+06,1.461071e+07
1544,1.703003e+03,miss,66.458560,38.547080,-22.302073,-1.036202e+07,-1.039316e+07,4.268308e+06
1545,1.703247e+03,miss,23.073603,-28.624191,71.051140,-6.589736e+05,6.273259e+06,-1.392312e+07
1546,1.703386e+03,miss,-36.062375,38.463520,-60.166957,9.432885e+06,-6.495668e+06,1.012360e+07
1547,1.704257e+03,miss,21.434680,-14.040700,-75.785310,-1.577063e+06,5.472705e+06,1.418951e+07
1548,1.705820e+03,miss,-43.761917,49.905199,-44.658322,1.084506e+07,-6.641247e+06,8.501338e+06
1549,1.705984e+03,miss,4.766575,54.025161,-58.809538,-2.105656e+06,-7.681542e+06,1.306050e+07
1550,1.706218e+03,miss,48.725173,-45.102917,44.627171,-1.021615e+07,8.960513e+06,-7.027680e+06
1551,1.706325e+03,miss,-60.637311,-17.915054,-49.011911,1.072233e+07,4.999941e+05,1.090161e+07
1552,1.706782e+03,miss,-74.533783,12.579522,-26.200587,1.371520e+07,-5.185755e+06,4.373499e+06
1553,1.707128e+03,miss,78.197279,-15.175563,-7.408638,-1.470121e+07,4.089918e+06,1.149224e+06
1554,1.707237e+03,hit,79.829787,-2.640970,4.497820,-1.492615e+07,-3.268162e+06,-8.472209e+05
1555,1.707242e+03,miss,-76.220401,18.969484,-15.185822,1.505728e+07,-7.626878e+04,2.731603e+06
1556,1.707917e+03,miss,-73.219979,-15.317752,-28.358440,1.278060e+07,5.138743e+06,6.673190e+06
1557,1.709292e+03,miss,54.048443,44.420971,38.801328,-1.122843e+07,-5.622148e+06,-8.762668e+06
1558,1.711410e+03,miss,64.788665,-46.917065,-1.103559,-9.790297e+06,1.178416e+07,2.115623e+05
1559,1.713703e+03,miss,12.445556,66.437028,-42.792867,1.327377e+06,-1.305216e+07,7.934406e+06
1560,1.713722e+03,miss,-2.118758,-32.380319,-73.123360,-2.561460e+06,3.813838e+06,1.462777e+07
1561,1.713739e+03,miss,-65.465745,-3.932168,45.812381,1.285198e+07,3.382845e+06,-7.646134e+06
1562,1.713871e+03,miss,-1.554505,-7.819667,79.601736,1.724090e+06,-2.030991e+06,-1.509971e+07
1563,1.714016e+03,miss,-12.466175,77.200889,16.870604,-9.045352e+05,-1.502415e+07,-2.928361e+06
1564,1.717028e+03,miss,33.007913,-4.666467,72.723461,-2.713856e+06,1.407926e+06,-1.503943e+07
1565,1.718103e+03,miss,77.490417,-12.027063,15.829879,-1.457846e+07,2.658384e+06,-4.010049e+06
1566,1.718109e+03,hit,-50.071310,-62.089317,-6.146588,7.821012e+06,1.312434e+07,1.504474e+06
1567,1.718371e+03,miss,-17.381136,27.456898,-73.102769,1.832429e+06,-8.143228e+06,1.288588e+07
1568,1.718447e+03,miss,63.086712,28.970984,-39.758633,-9.750157e+06,-8.268489e+06,8.502518e+06
1569,1.718777e+03,miss,79.265319,8.859582,-6.206210,-1.510357e+07,-2.594629e+06,9.600800e+05
1570,1.720116e+03,miss,-2.802978,69.896320,-38.815561,2.789657e+06,-1.370958e+07,6.341968e+06
1571,1.721092e+03,miss,71.781893,14.746722,32.091962,-1.405891e+07,9.842365e+05,-6.121072e+06
1572,1.721130e+03,miss,-17.852719,5.161880,77.811538,6.709306e+06,-7.000169e+05,-1.380542e+07
1573,1.722608e+03,miss,20.120166,56.991909,-52.412796,-3.260584e+06,-8.808101e+06,1.216893e+07
1574,1.725172e+03,miss,-42.456762,-65.377016,17.979689,5.198343e+06,1.413276e+07,-3.145004e+06
1575,1.728957e+03,miss,-52.475164,18.803704,57.382732,1.041971e+07,-6.050665e+06,-9.590992e+06
1576,1.729446e+03,miss,-41.032629,-66.401515,17.526041,7.581694e+06,1.312951e+07,-2.714571e+06
1577,1.730279e+03,miss,27.312524,6.399231,74.920464,-1.823003e+06,-2.937289e+06,-1.501327e+07
1578,1.731927e+03,miss,-68.337152,-9.916014,-40.394385,1.296227e+07,4.769434e+06,6.841590e+06
1579,1.732077e+03,miss,11.186146,-0.541450,79.212227,-2.018603e+06,-3.644759e+06,-1.484038e+07
1580,1.734351e+03,miss,-22.673871,-20.659598,-73.885564,5.812209e+06,4.014978e+05,1.428163e+07
1581,1.736491e+03,miss,21.006289,33.869072,69.365855,-6.974762e+06,-4.094429e+06,-1.314495e+07
1582,1.736983e+03,hit,-42.820294,67.545778,-1.997584,9.794636e+06,-1.192614e+07,3.184007e+05
1583,1.741480e+03,miss,-29.253783,-72.476296,-17.070520,4.770316e+06,1.445691e+07,2.669775e+06
1584,1.742091e+03,miss,-26.370379,-39.279977,-64.511135,8.195461e+06,6.278301e+06,1.150595e+07
1585,1.743249e+03,miss,-32.185485,72.088416,-12.936568,2.709480e+06,-1.496233e+07,2.813518e+06
1586,1.743314e+03,miss,-13.296648,50.393943,-60.693078,-1.228689e+06,-1.019940e+07,1.155854e+07
1587,1.744162e+03,miss,-25.717730,-60.734577,45.275927,7.883458e+06,9.351883e+06,-9.468212e+06
1588,1.745005e+03,miss,41.337451,66.014226,-18.257522,-1.057584e+07,-1.052217e+07,4.099372e+06
1589,1.745728e+03,miss,41.493062,53.735315,42.318339,-6.171158e+06,-9.924539e+06,-1.014342e+07
1590,1.746291e+03,hit,-78.154860,-14.548812,-8.952646,1.392154e+07,6.524918e+06,1.778174e+06
1591,1.747588e+03,miss,-39.749118,-58.875339,-36.792690,4.133326e+06,1.297198e+07,7.373407e+06
1592,1.748456e+03,miss,-73.191627,-23.063576,22.606576,1.477621e+07,6.240156e+05,-4.595316e+06
1593,1.748591e+03,miss,-7.193740,-66.118884,-44.458332,1.300692e+06,1.371242e+07,7.080895e+06
1594,1.748862e+03,miss,-77.479665,0.360823,19.919120,1.473197e+07,3.261496e+06,-3.497137e+06
1595,1.750265e+03,miss,-25.953200,-59.460283,-46.807116,1.288081e+06,1.191267e+07,9.824460e+06
1596,1.750450e+03,miss,-2.742339,-79.754747,-5.626713,5.551369e+04,1.547092e+07,8.738948e+05
1597,1.752307e+03,miss,-12.174510,-0.666769,79.065395,2.053787e+06,3.879328e+06,-1.486956e+07
1598,1.752374e+03,miss,-32.979440,72.019002,11.208029,9.423614e+06,-1.205892e+07,-2.481585e+06
1599,1.752963e+03,miss,-15.928165,-68.355292,38.390723,-7.262766e+05,1.325704e+07,-8.011513e+06
1600,1.753273e+03,miss,46.442940,37.791095,-53.055504,-5.764362e+06,-8.628400e+06,1.152503e+07
1601,1.753974e+03,miss,-6.887600,-53.350178,59.214183,-1.312704e+06,1.159115e+07,-1.022359e+07
1602,1.754502e+03,miss,-79.489544,3.552150,8.294250,1.543935e+07,-7.998285e+05,-1.287977e+06
1603,1.755456e+03,miss,-9.293705,14.201304,78.178961,3.562261e+06,6.899961e+05,-1.508765e+07
1604,1.756684e+03,miss,45.000256,-22.800173,-62.089686,-5.475652e+06,5.951881e+06,1.325005e+07
1605,1.757078e+03,miss,-10.592529,8.230105,-78.867381,4.632735e+06,1.109040e+06,1.477611e+07
1606,1.757290e+03,miss,76.579266,3.323529,22.903496,-1.489017e+07,2.126850e+06,-3.848901e+06
1607,1.757978e+03,miss,-7.835197,-24.339782,75.803593,-1.218125e+06,6.952764e+06,-1.383200e+07
1608,1.758088e+03,miss,54.111579,57.343412,-13.552493,-9.959910e+06,-1.172461e+07,2.120786e+06
1609,1.758199e+03,miss,76.604849,21.352082,8.705500,-1.542078e+07,-1.066141e+06,-1.497316e+06
1610,1.758514e+03,miss,-32.583056,19.196232,70.497157,7.005241e+06,-6.525234e+06,-1.222990e+07
1611,1.758547e+03,miss,-17.084790,62.781561,-46.546595,2.908735e+06,-1.329759e+07,7.479335e+06
1612,1.758939e+03,miss,-0.282224,-24.068148,-76.293149,-1.978071e+06,1.370858e+06,1.534564e+07
1613,1.760460e+03,miss,38.844224,50.860372,-48.003633,-6.174122e+06,-1.180230e+07,8.004706e+06
1614,1.760641e+03,miss,-23.758544,-2.098767,76.361815,5.671153e+06,-3.087991e+06,-1.413565e+07
1615,1.760924e+03,miss,-35.859221,-69.376764,-17.348801,8.953190e+06,1.238384e+07,2.834423e+06
1616,1.760992e+03,miss,-5.708495,-5.439405,-79.610464,9.341260e+05,-2.787970e+06,1.526162e+07
1617,1.761550e+03,miss,0.965675,-5.907152,-79.775767,-3.812537e+06,6.906429e+04,1.506979e+07
1618,1.761815e+03,miss,-6.941753,-63.572690,48.065841,3.169598e+06,1.036945e+07,-1.114017e+07
1619,1.761899e+03,miss,29.366697,-56.762144,48.121265,-8.207250e+06,1.042051e+07,-8.108072e+06
1620,1.762027e+03,miss,58.359244,36.324050,40.923856,-9.425369e+06,-9.948605e+06,-7.341118e+06
1621,1.762511e+03,miss,-6.398081,-4.705886,79.604769,4.320105e+06,2.797224e+06,-1.467252e+07
1622,1.763163e+03,miss,6.154695,1.124396,79.754971,9.266863e+05,-3.382660e+06,-1.515121e+07
1623,1.763243e+03,miss,20.928436,3.346046,-77.141458,-6.168435e+06,-3.288919e+06,1.389261e+07
1624,1.763462e+03,miss,-47.634351,27.439672,-58.120849,1.115805e+07,-4.994126e+06,9.615501e+06
1625,1.763857e+03,miss,-72.824499,-32.213392,-7.673958,1.413119e+07,6.390414e+06,1.194719e+06
1626,1.764196e+03,miss,69.485731,-23.887115,31.640779,-1.341574e+07,6.035349e+06,-5.059100e+06
1627,1.764597e+03,miss,-8.762044,-35.588139,-71.110554,-2.147737e+06,7.129235e+06,1.366082e+07
1628,1.764999e+03,miss,33.597654,9.940575,-71.919279,-2.866555e+06,-2.382201e+06,1.510695e+07
1629,1.765505e+03,miss,-0.068152,-12.345916,-79.041595,-1.533052e+06,-1.176293e+06,1.544174e+07
1630,1.766061e+03,miss,-12.517764,76.165637,21.026205,5.707487e+04,-1.517359e+07,-3.466520e+06
1631,1.767081e+03,miss,63.606634,-6.431503,-48.091911,-1.066134e+07,4.366060e+06,1.047239e+07
1632,1.767978e+03,miss,-37.184098,-70.259618,-8.996052,9.025769e+06,1.249240e+07,2.235216e+06
1633,1.769495e+03,miss,46.195397,61.951729,20.687402,-1.130645e+07,-9.626617e+06,-4.713946e+06
1634,1.769948e+03,miss,26.374186,72.471552,21.266793,-8.057507e+06,-1.281374e+07,-3.698060e+06
1635,1.770159e+03,miss,5.464209,3.580111,-79.732837,-4.342702e+06,-2.299430e+06,1.478761e+07
1636,1.770282e+03,miss,66.532692,-36.595344,25.182964,-1.064820e+07,1.026509e+07,-4.907171e+06
1637,1.771522e+03,miss,-21.871864,-76.767528,5.326183,7.456942e+06,1.363589e+07,-1.209677e+06
1638,1.771546e+03,miss,-67.699251,2.317052,42.561046,1.177213e+07,1.429708e+06,-1.011845e+07
1639,1.772077e+03,miss,0.664769,20.524056,77.319604,-1.339990e+06,-2.907052e+05,-1.553071e+07
1640,1.772577e+03,miss,-3.068310,-66.564115,44.269674,7.664809e+05,1.386393e+07,-7.096165e+06
1641,1.773113e+03,miss,-4.226134,29.042945,74.422088,4.544892e+06,-5.025061e+06,-1.404699e+07
1642,1.773398e+03,miss,19.042234,21.990451,-74.523911,-9.069908e+05,-1.744129e+06,1.547254e+07
1643,1.774951e+03,miss,3.434282,19.744261,77.449144,-1.589403e+06,-6.979765e+06,-1.386484e+07
1644,1.775686e+03,miss,-2.371911,-79.001002,12.378031,3.904117e+06,1.494784e+07,-2.213158e+06
1645,1.777318e+03,hit,78.425197,15.381428,-3.591680,-1.411931e+07,-6.622031e+06,7.717827e+05
1646,1.779528e+03,miss,-47.929438,-15.201508,62.222850,1.087173e+07,4.243511e+06,-1.038764e+07
1647,1.779934e+03,miss,-56.325970,-52.890615,20.735667,8.720815e+06,1.245911e+07,-3.588705e+06
1648,1.780106e+03,miss,-21.304800,53.735582,55.304545,3.657253e+05,-1.042933e+07,-1.163098e+07
1649,1.781254e+03,miss,-69.389360,39.555670,-4.523903,1.201785e+07,-9.966809e+06,7.587297e+05
1650,1.784043e+03,miss,-16.758771,-73.926162,-25.574718,2.677684e+05,1.500527e+07,4.415269e+06
1651,1.784249e+03,miss,-6.227163,24.985576,75.742613,4.192172e+06,-6.391483e+06,-1.365017e+07
1652,1.785327e+03,miss,4.647764,21.534489,76.906853,-3.068854e+06,-6.681586e+06,-1.381445e+07
1653,1.785795e+03,miss,40.122752,-16.334281,67.255900,-1.027694e+07,1.829363e+06,-1.166201e+07
1654,1.786115e+03,miss,41.065773,-64.860669,-22.509907,-1.073639e+07,1.024407e+07,4.979707e+06
1655,1.786781e+03,miss,-49.921075,-8.380607,61.948783,1.101408e+07,3.661011e+06,-1.050652e+07
1656,1.787681e+03,miss,17.312680,77.969239,4.590088,-3.603619e+06,-1.522235e+07,-7.192586e+05
1657,1.788702e+03,miss,-52.974479,-32.441353,-50.410944,1.095682e+07,7.593769e+06,8.224737e+06
1658,1.788731e+03,miss,-57.338757,42.903043,-35.659443,1.264477e+07,-7.173911e+06,5.832007e+06
1659,1.790262e+03,miss,-39.763727,57.020051,39.592421,1.067016e+07,-8.587559e+06,-7.614396e+06
1660,1.790330e+03,hit,45.860082,65.512143,-2.238739,-5.906812e+06,-1.450980e+07,4.024921e+05
1661,1.790597e+03,miss,75.530337,-2.218945,-26.272504,-1.461642e+07,3.405034e+06,4.515463e+06
1662,1.790713e+03,miss,-27.977215,-15.256028,73.379350,5.764739e+06,6.248121e+06,-1.316693e+07
1663,1.792845e+03,miss,-39.273205,-35.714311,-59.850676,1.026515e+07,4.569048e+06,1.093994e+07
1664,1.793019e+03,miss,1.714850,0.882432,79.976750,2.359131e+06,2.552564e+06,-1.529296e+07
1665,1.793945e+03,miss,-7.726047,77.549711,-18.065172,-6.380956e+05,-1.501678e+07,4.491293e+06
1666,1.794134e+03,hit,-72.488990,33.658956,3.524346,1.426555e+07,-6.503595e+06,-5.530335e+05
1667,1.794591e+03,miss,26.250277,66.233595,36.387276,-5.436519e+06,-1.161146e+07,-9.043759e+06
1668,1.795288e+03,miss,-32.324498,14.960233,71.633220,8.862602e+06,-7.347727e+05,-1.292986e+07
1669,1.796564e+03,miss,13.986308,-44.400588,65.061286,-6.170882e+06,6.813112e+06,-1.272571e+07
1670,1.796807e+03,miss,26.231226,46.641362,59.468530,-6.036861e+06,-5.928980e+06,-1.322417e+07
1671,1.797102e+03,miss,59.126479,43.607620,31.661252,-1.346657e+07,-5.086847e+06,-6.268270e+06
1672,1.797958e+03,miss,14.159916,-4.429248,-78.612204,-3.993842e+06,-2.729210e+06,1.494101e+07
1673,1.798254e+03,miss,-60.491960,-51.566635,9.033540,1.387656e+07,7.073396e+06,-2.020350e+06
1674,1.798475e+03,miss,-74.421749,-7.363118,-28.411051,1.435315e+07,-2.480836e+06,5.876784e+06
1675,1.798755e+03,miss,24.262921,54.391353,-53.412465,-6.861490e+06,-7.840440e+06,1.175542e+07
1676,1.798814e+03,miss,24.173133,-63.536119,42.176074,-2.319006e+06,1.376141e+07,-7.210841e+06
1677,1.798889e+03,miss,-4.828498,-33.014884,72.709718,2.197398e+06,8.984468e+06,-1.269691e+07
1678,1.799091e+03,miss,23.317508,41.607798,64.226824,-7.182637e+06,-8.529754e+06,-1.106533e+07
1679,1.799188e+03,miss,27.330907,30.164931,68.870157,-5.038813e+06,-8.754288e+06,-1.203224e+07
1680,1.800173e+03,miss,-18.063066,-57.025160,53.121151,6.814022e+05,9.998211e+06,-1.210407e+07
1681,1.800246e+03,miss,31.759295,41.379957,60.655143,-7.472814e+06,-9.424874e+06,-1.011315e+07
1682,1.800410e+03,miss,46.977326,-15.506079,-62.870441,-8.118516e+06,6.573010e+06,1.174115e+07
1683,1.800638e+03,miss,57.202096,-32.291747,-45.663588,-1.082870e+07,8.467299e+06,7.618712e+06
1684,1.801814e+03,miss,-43.100259,-9.067437,66.784349,7.538499e+06,5.460320e+06,-1.266957e+07
1685,1.802274e+03,miss,-48.519722,36.833884,-51.856548,1.175924e+07,-5.076952e+06,9.119762e+06
1686,1.802622e+03,miss,1.600136,69.909334,-38.860321,-4.186512e+06,-1.293830e+07,7.895969e+06
1687,1.803248e+03,miss,0.354227,-1.448960,79.986093,2.285565e+06,-2.744031e+06,-1.531683e+07
1688,1.803282e+03,miss,-11.000547,-26.326027,74.739068,2.996559e+06,8.017514e+06,-1.319483e+07
1689,1.803557e+03,miss,68.719427,37.871374,15.601262,-1.396161e+07,-6.808599e+06,-2.473390e+06
1690,1.803972e+03,miss,-3.146145,-74.285853,-29.524801,3.268233e+06,1.367801e+07,7.049021e+06
1691,1.805216e+03,miss,60.279231,26.462275,-45.455058,-1.046303e+07,-3.983879e+06,1.105814e+07
1692,1.806084e+03,miss,51.314720,-56.189141,24.689673,-1.243824e+07,8.575067e+06,-4.416569e+06
1693,1.807861e+03,miss,77.339244,6.935203,19.249525,-1.484093e+07,-1.708067e+06,-4.982048e+06
1694,1.807912e+03,miss,-7.884216,60.054361,-52.261964,3.064339e+06,-9.499662e+06,1.218051e+07
1695,1.807954e+03,miss,-1.455153,1.948888,-79.963019,-1.471384e+06,3.050108e+06,1.537973e+07
1696,1.808358e+03,miss,-40.466926,-4.589418,-68.857572,4.770718e+06,2.759166e+06,1.475422e+07
1697,1.808642e+03,miss,25.139921,-28.751993,70.294433,-2.211151e+06,8.218421e+06,-1.325394e+07
1698,1.809783e+03,miss,23.468272,72.785312,23.484859,-2.319684e+06,-1.508315e+07,-3.920813e+06
1699,1.809888e+03,miss,44.872284,-44.820153,-48.760968,-5.535890e+06,1.101675e+07,9.810947e+06
1700,1.810847e+03,miss,9.454194,-0.235580,-79.439050,1.723167e+06,1.654589e+06,1.557865e+07
1701,1.811328e+03,miss,47.857445,-63.351393,9.811523,-1.115029e+07,1.102342e+07,-1.619333e+06
1702,1.812433e+03,miss,55.855143,46.819772,-32.986543,-1.256973e+07,-7.793692e+06,5.466181e+06
1703,1.812883e+03,miss,-42.449581,-10.314493,67.019730,4.995414e+06,1.834431e+06,-1.484457e+07
1704,1.813195e+03,miss,45.852751,-65.027110,-8.306634,-9.834769e+06,1.225784e+07,1.321317e+06
1705,1.813361e+03,miss,7.609248,79.207688,8.260844,-5.227085e+06,-1.479770e+07,-1.565813e+06
1706,1.814881e+03,miss,-62.972086,-3.559772,49.212238,1.300407e+07,-2.292190e+06,-8.636817e+06
1707,1.815289e+03,miss,-0.746957,-2.338630,79.962322,2.085720e+05,-3.402521e+06,-1.540746e+07
1708,1.816352e+03,miss,46.394778,-20.230640,61.953577,-6.702968e+06,2.203779e+06,-1.411984e+07
1709,1.817858e+03,miss,37.655289,59.776345,-37.534888,-9.630690e+06,-1.080014e+07,6.322162e+06
1710,1.818083e+03,miss,-0.738349,3.054463,-79.938258,-3.529459e+06,-1.671767e+06,1.530169e+07
1711,1.819123e+03,miss,8.249279,-42.454477,67.302056,1.540491e+06,6.359125e+06,-1.437793e+07
1712,1.819927e+03,miss,50.400800,51.696747,-34.455852,-6.664055e+06,-1.236901e+07,7.228058e+06
1713,1.823136e+03,miss,1.534980,62.143029,-50.357598,3.112197e+05,-1.346637e+07,8.285353e+06
1714,1.823290e+03,miss,-20.050781,-18.971350,75.086977,7.276686e+06,3.300241e+06,-1.364794e+07
1715,1.824824e+03,miss,-4.124402,-0.926992,79.888234,-1.000285e+06,-3.245986e+06,-1.545255e+07
1716,1.825306e+03,miss,16.126407,18.026487,76.256047,-1.115921e+06,-6.621032e+06,-1.432834e+07
1717,1.825782e+03,miss,-78.109243,16.882307,-3.732819,1.424788e+07,-6.836928e+06,8.391111e+05
1718,1.826541e+03,miss,5.061319,4.972635,-79.684728,2.852076e+06,-1.596823e+06,1.548773e+07
1719,1.827647e+03,miss,-0.054743,-0.409336,79.998934,2.981719e+06,-2.358201e+06,-1.537056e+07
1720,1.827799e+03,miss,35.670272,-41.197357,-58.569698,-9.700321e+06,5.295479e+06,1.133968e+07
1721,1.828378e+03,miss,31.058951,22.387675,70.243388,-8.468041e+06,-5.503989e+06,-1.219854e+07
1722,1.829276e+03,miss,-0.678646,7.115943,79.680002,3.957584e+06,-1.040294e+06,-1.530309e+07
1723,1.829719e+03,miss,63.469001,6.463053,48.269191,-1.321423e+07,-3.265290e+06,-8.106292e+06
1724,1.830102e+03,miss,37.893804,33.681719,61.883773,-8.103240e+06,-8.667325e+06,-1.050035e+07
1725,1.830831e+03,miss,-3.972706,-42.019762,-67.959968,2.148835e+06,5.012118e+06,1.487964e+07
1726,1.831204e+03,miss,-36.600777,29.628414,64.672561,5.163578e+06,-8.872059e+06,-1.207550e+07
1727,1.831839e+03,miss,33.146833,-72.491692,6.800157,-7.017191e+06,1.410093e+07,-1.789871e+06
1728,1.832046e+03,miss,-28.822481,72.954426,15.713571,2.254602e+06,-1.527294e+07,-3.600427e+06
1729,1.832181e+03,miss,39.724335,-27.080987,-63.942140,-9.250981e+06,1.637763e+06,1.276968e+07
1730,1.834830e+03,miss,-10.727532,-66.002610,-43.915549,3.895401e+04,1.402382e+07,7.417674e+06
1731,1.834985e+03,miss,-58.486480,-25.483754,48.269140,1.154834e+07,1.487189e+06,-1.077666e+07
1732,1.835327e+03,miss,-46.802749,13.305481,63.501707,7.633817e+06,-6.212674e+06,-1.244535e+07
1733,1.836091e+03,hit,75.053840,-26.116528,9.211303,-1.570442e+07,1.268726e+06,-1.904099e+06
1734,1.836754e+03,miss,-38.400649,-67.225026,20.154057,5.336988e+06,1.455474e+07,-3.410456e+06
1735,1.837919e+03,miss,34.571891,62.608657,35.846066,-8.900978e+06,-1.170053e+07,-5.998753e+06
1736,1.838043e+03,miss,-36.373574,-55.353739,-44.865651,8.137225e+06,1.149075e+07,7.340298e+06
1737,1.838633e+03,miss,59.654008,-35.116298,-40.102929,-9.976393e+06,9.950587e+06,7.325985e+06
1738,1.839343e+03,miss,27.176400,-12.799083,74.145983,-3.533654e+06,5.928972e+06,-1.430632e+07
1739,1.839698e+03,miss,-22.274808,16.776296,74.982590,6.070114e+06,-5.922769e+06,-1.343254e+07
1740,1.840502e+03,miss,-0.638075,34.722883,-72.068816,3.477226e+06,-7.949516e+06,1.331102e+07
1741,1.840883e+03,miss,46.053785,-54.025422,-36.882280,-7.277850e+06,1.263278e+07,6.321950e+06
1742,1.841179e+03,miss,-29.015670,0.464667,74.551157,8.689185e+06,5.273602e+05,-1.329594e+07
1743,1.841501e+03,miss,-29.011608,-16.960152,-72.599448,3.696669e+06,6.618102e+06,1.396931e+07
1744,1.841925e+03,miss,15.225883,29.327304,72.856583,-2.083009e+06,-2.163727e+06,-1.560909e+07
1745,1.842289e+03,miss,-11.091250,-9.846377,-78.613186,3.227814e+06,5.360655e+06,1.461365e+07
1746,1.842788e+03,miss,-14.437892,4.123547,78.578264,6.276972e+06,1.874165e+05,-1.460641e+07
1747,1.845057e+03,miss,-29.926086,-55.464406,-49.276049,8.909130e+06,9.817649e+06,8.794036e+06
1748,1.845340e+03,miss,46.767946,-39.100575,51.806412,-1.139472e+07,4.429329e+06,-1.018205e+07
1749,1.846835e+03,miss,36.931846,38.927434,-59.335433,-9.986908e+06,-4.977177e+06,1.135021e+07
1750,1.849649e+03,miss,-51.072205,-20.901158,57.920389,7.116030e+06,5.695940e+06,-1.306301e+07
1751,1.849807e+03,miss,32.766395,61.441744,39.386235,-4.433378e+06,-1.373412e+07,-6.742739e+06
1752,1.851694e+03,miss,7.740156,27.606673,74.685752,-2.975615e+06,-8.149430e+06,-1.336925e+07
1753,1.853229e+03,miss,-41.699415,-42.876232,53.129912,5.686097e+06,7.958073e+06,-1.259176e+07
1754,1.854279e+03,miss,20.542457,-9.791713,-76.695044,-6.879383e+06,3.593564e+06,1.393267e+07
1755,1.856989e+03,miss,2.319639,25.023891,-75.950143,3.446425e+06,-4.864569e+06,1.480502e+07
1756,1.857051e+03,miss,-4.390198,1.315932,-79.868608,-1.141709e+06,3.102540e+06,1.561441e+07
1757,1.857486e+03,miss,-62.263321,-42.964122,-26.026199,1.047880e+07,1.112155e+07,4.615710e+06
1758,1.857656e+03,miss,-41.680209,-54.313450,41.386101,1.096904e+07,7.828149e+06,-8.557017e+06
1759,1.858294e+03,miss,-9.570200,38.164742,69.655321,-2.567682e+05,-9.878506e+06,-1.254029e+07
1760,1.858967e+03,miss,-0.359386,-0.096624,79.999134,2.933152e+06,-2.585569e+06,-1.548268e+07
1761,1.858999e+03,miss,-25.632266,-44.708250,-61.189536,1.413539e+06,1.034254e+07,1.208471e+07
1762,1.860057e+03,miss,-32.967255,2.744845,-72.839728,2.799460e+06,-7.532513e+05,1.570819e+07
1763,1.862804e+03,miss,38.862073,-3.309505,69.848310,-4.198959e+06,1.395049e+06,-1.536069e+07
1764,1.862957e+03,miss,5.340444,-60.995332,-51.488340,-1.296673e+06,1.343906e+07,8.559189e+06
1765,1.863049e+03,miss,-61.240079,41.408341,-30.577802,1.154628e+07,-9.832782e+06,5.055846e+06
1766,1.863210e+03,miss,-46.866979,-17.214219,62.507256,9.395037e+06,6.508510e+06,-1.117840e+07
1767,1.863710e+03,miss,25.273255,64.821257,39.490091,-2.552206e+06,-1.421403e+07,-6.862950e+06
1768,1.865297e+03,miss,65.487295,1.826985,-45.913793,-1.375078e+07,-2.454506e+06,7.794986e+06
1769,1.865931e+03,miss,-61.783252,-49.816914,-10.055089,1.427262e+07,6.849476e+06,2.309590e+06
1770,1.867173e+03,miss,7.156378,34.034986,72.044472,-2.846968e+06,-9.210657e+06,-1.277443e+07
1771,1.867425e+03,miss,-38.501864,25.354497,65.381618,1.022687e+07,-4.568604e+06,-1.143246e+07
1772,1.867733e+03,miss,26.011729,-68.120016,-32.909776,-7.690513e+06,1.285220e+07,5.646351e+06
1773,1.868345e+03,miss,13.323087,22.649727,75.561136,-5.773774e+06,-2.135538e+06,-1.477807e+07
1774,1.868593e+03,miss,-38.333031,7.657646,69.799278,4.285012e+06,-3.301989e+06,-1.506844e+07
1775,1.869317e+03,miss,-13.813515,28.067353,73.630228,4.458785e+06,-7.977182e+06,-1.314936e+07
1776,1.871150e+03,miss,52.136555,9.296948,-59.961207,-8.275016e+06,-5.175265e+06,1.270488e+07
1777,1.871698e+03,miss,29.342162,34.433240,65.980220,-7.640579e+06,-3.296098e+06,-1.369327e+07
1778,1.871723e+03,miss,37.263018,-60.008435,37.556028,-9.979911e+06,1.068880e+07,-6.550015e+06
1779,1.871745e+03,miss,-54.982302,-49.851026,29.863384,1.316593e+07,7.362987e+06,-5.403660e+06
1780,1.872636e+03,miss,2.591046,78.376868,-15.822549,2.433311e+06,-1.536145e+07,3.870655e+06
1781,1.873274e+03,miss,72.216337,-4.301231,-34.151137,-1.336298e+07,1.471754e+06,8.730941e+06
1782,1.873991e+03,miss,-3.157428,-1.954251,-79.913776,5.463412e+05,4.244377e+06,1.545153e+07
1783,1.874863e+03,miss,-34.316022,-70.869159,14.141179,8.855618e+06,1.315820e+07,-2.371139e+06
1784,1.875126e+03,miss,-7.544312,73.483432,30.712678,1.394585e+06,-1.386276e+07,-7.943395e+06
1785,1.876120e+03,miss,-15.281376,71.115817,33.301953,6.121821e+06,-1.360006e+07,-5.909014e+06
1786,1.876775e+03,miss,54.882750,56.791360,12.752460,-1.348704e+07,-8.325678e+06,-2.495556e+06
1787,1.877290e+03,miss,-22.382796,0.034798,-76.805008,5.703255e+06,-3.514488e+06,1.458207e+07
1788,1.877556e+03,miss,-27.018463,21.189566,72.256522,2.070656e+06,-2.502300e+06,-1.571632e+07
1789,1.877613e+03,miss,-7.915925,-35.496466,-71.255449,-3.009616e+05,9.582364e+06,1.287041e+07
1790,1.878115e+03,miss,30.361068,2.105647,-73.984943,-7.459197e+06,-3.629083e+06,1.374113e+07
1791,1.878503e+03,miss,12.214128,7.778548,-78.678518,-2.555899e+06,2.430603e+06,1.566018e+07
1792,1.878764e+03,miss,-52.777245,-48.763666,35.166280,1.292024e+07,6.681614e+06,-6.792708e+06
1793,1.878940e+03,miss,5.690280,-27.750204,74.816755,2.504014e+06,6.686823e+06,-1.437908e+07
1794,1.879649e+03,miss,-58.952511,-13.681235,-52.320409,1.031144e+07,6.456274e+06,1.047997e+07
1795,1.880564e+03,miss,-0.754383,-6.615057,79.722468,2.518399e+06,4.275857e+06,-1.527544e+07
1796,1.881128e+03,miss,13.687293,33.703105,71.251377,-5.356529e+06,-8.141860e+06,-1.276948e+07
1797,1.881146e+03,miss,2.210957,5.617742,-79.771879,-4.158581e+06,1.686081e+04,1.551613e+07
1798,1.886438e+03,miss,-15.878230,74.069640,25.721009,4.109225e+05,-1.478010e+07,-6.336416e+06
1799,1.887427e+03,miss,-21.387162,-52.643147,-56.314193,4.102835e+06,1.228389e+07,9.548750e+06
1800,1.887940e+03,hit,-79.443837,0.187540,-9.414966,1.571938e+07,3.022324e+06,1.656191e+06
1801,1.887992e+03,miss,-21.825218,-18.592391,-74.685895,7.209393e+06,1.197683e+06,1.433784e+07
1802,1.888084e+03,miss,-24.107048,1.519199,76.266259,6.417366e+06,3.017791e+06,-1.444668e+07
1803,1.888239e+03,hit,-48.278262,63.736829,-2.612663,1.122986e+07,-1.152036e+07,4.346419e+05
1804,1.889264e+03,miss,44.485653,31.001664,58.821115,-5.624584e+06,-8.430726e+06,-1.250779e+07
1805,1.889331e+03,miss,23.181285,27.916835,-71.297113,-7.160984e+06,-6.836015e+06,1.269474e+07
1806,1.889334e+03,miss,-15.301744,4.057604,-78.418062,2.823959e+04,1.832297e+06,1.599404e+07
1807,1.890270e+03,miss,-7.093749,0.169486,79.684691,3.291013e+06,3.324618e+06,-1.540818e+07
1808,1.892219e+03,miss,74.581960,17.007761,-23.415109,-1.412054e+07,-4.856680e+06,6.048646e+06
1809,1.893965e+03,miss,11.276327,76.710755,-19.705444,-2.148461e+06,-1.565231e+07,3.192519e+06
1810,1.894556e+03,hit,8.887861,79.110239,-7.910501,5.614764e+05,-1.605551e+07,1.337596e+06
1811,1.894702e+03,miss,52.798294,19.502275,-56.850694,-1.208385e+07,-6.125233e+05,1.065407e+07
1812,1.896270e+03,miss,18.709309,20.012986,-75.162771,2.531046e+05,-3.807643e+06,1.567025e+07
1813,1.896422e+03,miss,-59.203963,-51.675949,14.982895,1.165409e+07,1.088225e+07,-2.428707e+06
1814,1.897239e+03,miss,-58.651413,49.647869,22.250861,1.346875e+07,-8.015193e+06,-3.821184e+06
1815,1.897968e+03,miss,21.053456,8.248130,76.737998,-9.557179e+05,6.416763e+05,-1.609431e+07
1816,1.898890e+03,miss,-63.419991,-36.386982,32.463707,1.277427e+07,8.293716e+06,-5.339545e+06
1817,1.899972e+03,miss,-71.648678,-28.253272,21.638383,1.254419e+07,9.208469e+06,-4.298155e+06
1818,1.901068e+03,miss,-5.456476,-8.218667,79.389422,-8.489353e+05,-1.874548e+06,-1.601694e+07
1819,1.901328e+03,miss,-17.568532,-5.838873,77.828364,1.475523e+06,-2.305306e+06,-1.591607e+07
1820,1.903031e+03,miss,33.013239,9.869226,-72.199200,-6.678067e+06,-5.600445e+06,1.360459e+07
1821,1.904207e+03,miss,-39.550710,4.155544,69.415220,8.246875e+06,-4.500506e+06,-1.315075e+07
1822,1.904437e+03,miss,-38.220135,46.050405,-53.090315,1.055236e+07,-6.685737e+06,1.025611e+07
1823,1.904608e+03,miss,-68.517552,-36.613581,-19.099496,1.398147e+07,6.352005e+06,5.043139e+06
1824,1.905103e+03,miss,57.132865,1.698312,-55.972774,-9.506334e+06,-3.364493e+06,1.263489e+07
1825,1.905537e+03,miss,-41.335226,-24.403752,63.998875,1.068869e+07,2.341727e+06,-1.190203e+07
1826,1.906453e+03,miss,-23.331294,-62.747358,43.799770,1.851939e+06,1.211415e+07,-1.055147e+07
1827,1.907319e+03,miss,-3.184226,5.214490,79.766345,-3.302628e+06,-1.443219e+06,-1.576846e+07
1828,1.907469e+03,miss,10.642644,-24.339453,75.460752,9.062586e+05,7.132709e+06,-1.448994e+07
1829,1.907740e+03,miss,70.301812,-29.488800,-24.250071,-1.444700e+07,3.821589e+06,6.194519e+06
1830,1.907860e+03,miss,1.322897,-5.800381,79.778478,-1.774129e+06,4.664953e+06,-1.538829e+07
1831,1.908752e+03,miss,39.222037,31.665177,-62.120434,-9.520337e+06,-2.662162e+06,1.281043e+07
1832,1.909045e+03,miss,-42.251638,53.520789,41.836876,6.852551e+06,-1.273312e+07,-7.265091e+06
1833,1.909208e+03,miss,-42.621976,56.500469,37.296973,7.823248e+06,-1.043573e+07,-9.580508e+06
1834,1.909800e+03,miss,48.684679,11.855813,-62.363785,-7.171847e+06,-5.284473e+06,1.351347e+07
1835,1.909975e+03,miss,32.218092,-37.079718,-63.143401,-4.651889e+06,4.945538e+06,1.469355e+07
1836,1.912449e+03,miss,62.081430,2.317697,-50.403615,-1.103151e+07,2.767523e+06,1.153191e+07
1837,1.913726e+03,miss,64.546762,46.416905,8.898676,-1.494428e+07,-5.935069e+06,-1.989217e+06
1838,1.914276e+03,hit,63.534917,48.413873,4.405810,-1.086813e+07,-1.196926e+07,-1.099739e+06
1839,1.914730e+03,miss,64.244348,-20.426369,-43.074670,-1.251351e+07,6.941645e+06,7.607689e+06
1840,1.915385e+03,miss,-73.132905,-10.720132,-30.604851,1.438988e+07,-9.476997e+05,7.400956e+06
1841,1.917087e+03,miss,-14.580439,-15.688026,-77.079807,6.534569e+06,2.814549e+06,1.457231e+07
1842,1.917107e+03,miss,0.576347,-2.017840,-79.972471,-3.656639e+06,2.064460e+06,1.566347e+07
1843,1.917655e+03,miss,57.031206,-9.695880,55.257864,-8.959417e+06,2.081020e+06,-1.335854e+07
1844,1.917675e+03,miss,-74.271538,29.358847,4.668698,1.419993e+07,-7.741131e+06,-1.221517e+06
1845,1.917758e+03,miss,-11.084509,70.289329,36.558773,2.788950e+06,-1.478981e+07,-6.045652e+06
1846,1.917855e+03,miss,6.192117,-18.634366,77.552679,-4.889025e+06,4.471485e+06,-1.480484e+07
1847,1.918843e+03,miss,-7.343860,-22.816476,-76.324807,3.857916e+06,1.314387e+06,1.570364e+07
1848,1.919647e+03,miss,8.351576,68.348706,-40.727209,7.296962e+05,-1.458418e+07,7.077786e+06
1849,1.920697e+03,miss,-37.939545,7.122922,70.070357,5.802154e+06,2.071900e+06,-1.501706e+07
1850,1.921238e+03,miss,35.930346,-31.653558,64.086367,-4.938455e+06,9.376119e+06,-1.229813e+07
1851,1.922178e+03,miss,-25.140873,24.913190,71.744473,8.256170e+06,-3.240505e+06,-1.360175e+07
1852,1.924323e+03,miss,49.419784,60.787859,16.202502,-1.261886e+07,-9.535898e+06,-3.714583e+06
1853,1.925682e+03,miss,-9.761099,-7.236012,-79.071873,8.488501e+05,5.156389e+06,1.538976e+07
1854,1.925793e+03,miss,-19.770143,-1.162231,77.509939,6.492124e+06,-2.403051e+06,-1.470532e+07
1855,1.927210e+03,miss,22.723867,-0.180519,-76.704585,-6.744017e+05,9.455097e+05,1.621772e+07
1856,1.927494e+03,miss,31.812882,56.365772,-47.019573,-5.419849e+06,-1.305449e+07,8.037883e+06
1857,1.927714e+03,miss,20.462802,10.295674,76.650328,-4.636185e+06,-5.662635e+06,-1.452145e+07
1858,1.928288e+03,miss,29.658360,-47.142556,57.427877,-3.360945e+06,8.196701e+06,-1.363925e+07
1859,1.928615e+03,miss,19.485391,64.991587,42.384114,-6.578585e+06,-1.103317e+07,-9.977340e+06
1860,1.929018e+03,miss,2.093714,75.674376,25.865134,-1.548108e+05,-1.475456e+07,-6.847644e+06
1861,1.929467e+03,miss,7.438565,7.946814,79.256015,-1.596746e+06,-5.380903e+06,-1.526987e+07
1862,1.929824e+03,miss,-21.542101,67.587939,-36.983893,3.857146e+06,-1.258935e+07,9.557844e+06
1863,1.930197e+03,miss,27.325055,-17.783523,-73.055374,-1.811754e+06,2.546697e+06,1.596887e+07
1864,1.930832e+03,miss,62.570334,14.257328,47.766954,-1.045991e+07,-4.653134e+06,-1.156714e+07
1865,1.931440e+03,miss,0.010227,0.746402,-79.996517,-1.646594e+06,3.449927e+06,1.582182e+07
1866,1.932543e+03,miss,3.229519,-63.847924,48.093791,-3.396619e+06,1.115895e+07,-1.135938e+07
1867,1.934357e+03,miss,32.166216,-32.853429,65.467448,-6.552851e+06,9.308664e+06,-1.165128e+07
1868,1.934591e+03,miss,12.901877,26.477684,74.380601,-6.295077e+06,-4.553937e+06,-1.431815e+07
1869,1.935424e+03,miss,-50.705655,-11.220773,-60.852533,9.038275e+06,6.074475e+06,1.212024e+07
1870,1.935828e+03,miss,10.893371,-7.063682,-78.939463,9.220891e+05,-1.176299e+06,1.622687e+07
1871,1.936663e+03,miss,8.670137,-69.678431,-38.337252,1.982710e+06,1.443295e+07,7.308810e+06
1872,1.936994e+03,miss,12.249820,-58.588748,-53.078249,-3.202770e+06,9.401665e+06,1.292502e+07
1873,1.937955e+03,miss,-73.645662,-21.284073,-22.875853,1.484643e+07,2.999825e+06,6.035052e+06
1874,1.938415e+03,hit,76.521251,20.699972,10.770758,-1.596830e+07,-2.777052e+06,-1.789323e+06
1875,1.939258e+03,miss,59.607110,28.755269,44.945823,-1.339494e+07,-1.999610e+06,-9.088065e+06
1876,1.939991e+03,miss,10.765519,-13.167572,-78.171086,1.823420e+06,3.315183e+06,1.586824e+07
1877,1.940152e+03,miss,42.962071,36.061594,57.042282,-9.437142e+06,-3.611193e+06,-1.280774e+07
1878,1.941375e+03,miss,-17.323244,-39.022783,-67.654473,-9.901562e+04,9.454331e+06,1.330083e+07
1879,1.942725e+03,miss,0.347190,72.442674,33.940219,2.800811e+06,-1.377269e+07,-8.304206e+06
1880,1.943129e+03,miss,49.305435,-51.540566,-36.229052,-6.722014e+06,1.237774e+07,8.255487e+06
1881,1.943554e+03,miss,-65.924855,38.525102,-23.869017,1.215209e+07,-1.008764e+07,4.143838e+06
1882,1.944479e+03,miss,-24.588573,8.703955,-75.628323,7.805443e+06,-3.321420e+06,1.395619e+07
1883,1.945466e+03,miss,14.874809,11.419621,-77.771025,-5.514270e+06,7.385546e+05,1.535952e+07
1884,1.947609e+03,miss,-41.814587,-32.105103,-60.173106,9.999274e+06,2.722542e+06,1.263976e+07
1885,1.950989e+03,miss,50.514434,47.597926,-39.783532,-1.089888e+07,-7.144590e+06,9.889106e+06
1886,1.952334e+03,miss,-0.152674,0.853794,79.995298,2.925548e+06,2.553431e+06,-1.589751e+07
1887,1.952601e+03,miss,-44.680151,64.597913,15.191898,7.557352e+06,-1.428808e+07,-2.565823e+06
1888,1.953374e+03,miss,-11.119805,17.173569,-77.339631,-1.265310e+06,-5.363644e+06,1.541371e+07
1889,1.953769e+03,hit,79.813071,1.825003,-5.152000,-1.571918e+07,-4.445662e+06,1.072274e+06
1890,1.956685e+03,miss,23.502241,75.597546,11.517623,-6.941905e+06,-1.470835e+07,-1.969943e+06
1891,1.957322e+03,hit,-37.504199,-70.625474,2.340413,7.687647e+06,1.445633e+07,-6.390363e+05
1892,1.957639e+03,miss,-18.943928,64.798424,-42.921927,6.818247e+06,-1.108032e+07,9.963699e+06
1893,1.957685e+03,miss,22.105638,-62.271474,45.095503,-7.700931e+06,1.039378e+07,-1.006024e+07
1894,1.958649e+03,miss,74.209096,-0.458204,-29.879760,-1.562400e+07,1.020256e+05,4.955407e+06
1895,1.958916e+03,miss,-65.490267,17.492585,-42.485696,1.427147e+07,1.437122e+02,8.064580e+06
1896,1.959695e+03,miss,37.873194,-10.931569,69.614093,-4.668181e+06,1.622424e+05,-1.571627e+07
1897,1.961259e+03,miss,-49.169042,16.539780,60.900254,8.348779e+06,-3.400506e+05,-1.411439e+07
1898,1.961518e+03,miss,-79.194618,4.359629,10.450175,1.616634e+07,-2.167683e+06,-1.737809e+06
1899,1.961900e+03,miss,32.703193,67.105430,-28.763908,-7.294793e+06,-1.258643e+07,7.582177e+06
1900,1.964014e+03,miss,-22.005403,27.119885,71.974121,4.430730e+05,-6.135118e+06,-1.521761e+07
1901,1.964029e+03,miss,-18.039528,74.012833,24.426953,2.311761e+06,-1.490799e+07,-6.466935e+06
1902,1.964143e+03,miss,-17.794699,-10.403859,77.298825,1.077374e+06,5.234893e+06,-1.551981e+07
1903,1.966205e+03,miss,-52.251284,-49.530256,34.879177,1.313349e+07,6.891622e+06,-7.051907e+06
1904,1.967006e+03,miss,-45.336732,-16.160675,-63.901591,1.145433e+07,1.057165e+06,1.172616e+07
1905,1.967134e+03,miss,-73.985339,-27.104910,-13.838117,1.586352e+07,2.502860e+06,3.453135e+06
1906,1.967332e+03,miss,-27.770789,30.423354,-68.579901,6.033396e+06,-8.955333e+06,1.238010e+07
1907,1.968825e+03,miss,-32.106222,70.031249,21.559562,6.370407e+06,-1.399036e+07,-5.810278e+06
1908,1.968843e+03,miss,-29.794225,-16.820365,-72.314449,2.253878e+06,2.870127e+06,1.602363e+07
1909,1.969515e+03,miss,57.693530,23.000545,50.422530,-9.301594e+06,-7.883981e+06,-1.102223e+07
1910,1.969980e+03,miss,-79.773282,0.067364,-6.018219,1.640868e+07,7.571040e+04,9.898232e+05
1911,1.969983e+03,miss,7.893043,-78.253113,14.633870,-3.474299e+06,1.559408e+07,-3.870969e+06
1912,1.971468e+03,miss,-13.371005,15.233629,-77.389617,1.920122e+06,9.077016e+05,1.630716e+07
1913,1.971740e+03,miss,-23.367902,-46.906029,60.446386,1.124854e+06,8.917947e+06,-1.377231e+07
1914,1.971916e+03,miss,17.452494,34.476739,70.048304,-2.494912e+06,-3.521297e+06,-1.587046e+07
1915,1.973159e+03,miss,-7.845234,15.445455,78.101794,-2.370231e+06,-2.118526e+06,-1.614187e+07
1916,1.973587e+03,miss,-4.575788,-10.848615,-79.128817,4.669934e+05,-1.862153e+06,1.634133e+07
1917,1.974277e+03,miss,2.983713,-18.597185,77.751155,1.588103e+06,6.744216e+06,-1.492692e+07
1918,1.974297e+03,miss,-7.256709,3.696013,-79.584418,1.963310e+06,3.248878e+06,1.601289e+07
1919,1.974374e+03,miss,-35.694198,49.177194,52.033911,3.745843e+06,-1.204443e+07,-1.057039e+07
1920,1.976169e+03,miss,-48.155146,-55.148816,32.244223,1.249464e+07,8.136442e+06,-6.982922e+06
1921,1.976485e+03,miss,-1.157890,-2.386225,-79.956021,-9.980836e+05,4.250469e+06,1.587639e+07
1922,1.976689e+03,miss,-4.886941,-63.291685,-48.685526,3.735435e+05,1.420456e+07,8.321137e+06
1923,1.977365e+03,miss,50.479589,-21.500860,-58.219620,-1.229002e+07,4.103500e+06,1.016660e+07
1924,1.977426e+03,miss,26.956081,-10.562409,-74.577511,-2.701786e+06,5.157162e+06,1.540634e+07
1925,1.977609e+03,miss,-6.979752,5.226980,-79.523341,1.140221e+06,-4.962000e+06,1.566381e+07
1926,1.978423e+03,miss,5.891325,-71.652467,-35.088691,-1.195617e+06,1.534351e+07,5.876684e+06
1927,1.978635e+03,miss,31.208806,-59.562162,-43.340042,-2.524432e+06,1.305882e+07,9.721713e+06
1928,1.979145e+03,miss,-48.677955,-59.676095,21.661494,1.281549e+07,9.416825e+06,-4.309736e+06
1929,1.979686e+03,hit,77.893326,-17.046839,6.483448,-1.632316e+07,1.469046e+06,-1.719802e+06
1930,1.980018e+03,miss,-39.464591,-10.178521,-68.839987,9.709275e+06,4.484000e+06,1.253917e+07
1931,1.981296e+03,miss,-30.489013,40.093331,-62.152593,7.424278e+06,-9.876868e+06,1.091375e+07
1932,1.981733e+03,miss,-43.499127,-33.419208,58.232143,6.141281e+06,6.011089e+06,-1.407102e+07
1933,1.982550e+03,miss,-74.473657,-19.596317,21.671612,1.583077e+07,-8.583211e+04,-4.618856e+06
1934,1.983748e+03,miss,-44.271529,-4.090054,66.507918,6.045642e+06,3.103847e+06,-1.503114e+07
1935,1.984172e+03,miss,-13.290324,-16.183799,77.210439,1.924964e+06,6.910119e+06,-1.485670e+07
1936,1.984989e+03,miss,75.494939,18.633494,18.796465,-1.407068e+07,-7.437199e+06,-4.358103e+06
1937,1.985168e+03,miss,66.805601,-36.448556,-24.668085,-1.134999e+07,1.084801e+07,5.080524e+06
1938,1.985242e+03,miss,-20.925038,18.035064,-75.079153,4.008536e+06,3.948348e+05,1.600311e+07
1939,1.985846e+03,miss,13.636871,-28.232628,73.599962,-4.092020e+06,1.931872e+06,-1.587229e+07
1940,1.986139e+03,miss,-16.555211,45.772768,63.488414,5.818974e+06,-1.041681e+07,-1.140510e+07
1941,1.986533e+03,miss,-6.625108,71.346013,-35.578848,-9.468307e+05,-1.526201e+07,6.218954e+06
1942,1.986612e+03,miss,12.074122,-52.228285,-59.383683,-5.998171e+06,1.052538e+07,1.121383e+07
1943,1.987312e+03,miss,-28.841940,-53.254278,-52.269727,8.218489e+06,1.097088e+07,9.203476e+06
1944,1.987624e+03,miss,13.371846,11.238070,78.069837,-7.220383e+05,1.288059e+06,-1.644597e+07
1945,1.989123e+03,miss,38.898882,12.177772,68.837336,-6.973308e+06,-6.288819e+06,-1.358969e+07
1946,1.989143e+03,miss,-25.112877,58.955538,-47.891419,8.543341e+06,-9.739864e+06,1.024720e+07
1947,1.989804e+03,miss,6.781979,-1.183366,-79.703227,-4.955636e+06,1.755879e+06,1.566231e+07
1948,1.990169e+03,miss,27.434359,-29.124657,-69.275611,-2.200514e+06,4.522354e+06,1.573866e+07
1949,1.991615e+03,miss,37.593542,6.338415,70.331715,-6.807050e+06,-5.221175e+06,-1.412803e+07
1950,1.991912e+03,miss,-18.973332,76.584240,13.223723,-1.631028e+05,-1.630571e+07,-2.708453e+06
1951,1.992145e+03,miss,31.875725,37.963293,62.791134,-8.284034e+06,-9.036149e+06,-1.109024e+07
1952,1.992250e+03,miss,-25.657851,69.732908,-29.647870,1.304000e+06,-1.532821e+07,6.052312e+06
1953,1.992342e+03,miss,67.473581,38.317841,19.469435,-1.264015e+07,-1.009611e+07,-3.404801e+06
1954,1.992590e+03,miss,29.825964,60.586876,-42.891052,-3.028542e+06,-1.411603e+07,8.055887e+06
1955,1.994493e+03,miss,-23.274852,-68.618060,33.909337,5.277297e+06,1.460359e+07,-5.698940e+06
1956,1.995500e+03,miss,-24.967863,74.044523,-17.146847,8.538438e+06,-1.357920e+07,4.053533e+06
1957,1.995915e+03,miss,74.036294,-23.938846,18.589211,-1.416918e+07,7.032725e+06,-4.854152e+06
1958,1.996747e+03,miss,-12.151783,-19.548762,-76.617101,7.594362e+05,3.251809e+05,1.652935e+07
1959,1.997455e+03,miss,-45.114329,40.981843,51.818779,1.189959e+07,-6.046269e+06,-9.789858e+06
1960,2.001253e+03,miss,-2.790136,6.093535,-79.718781,-1.195767e+06,-4.772284e+06,1.582136e+07
1961,2.001340e+03,miss,5.012253,-13.098807,-78.761022,-7.136501e+05,-1.431538e+06,1.649161e+07
1962,2.002836e+03,miss,-41.046741,-50.458767,-46.573360,7.651564e+06,8.639228e+06,1.189766e+07
1963,2.002959e+03,miss,4.032630,-68.673170,-40.837894,-4.804396e+06,1.359993e+07,8.167839e+06
1964,2.003688e+03,miss,-51.281048,-23.383547,56.775557,8.866695e+06,2.413533e+06,-1.379893e+07
1965,2.004140e+03,miss,4.337827,21.417377,76.957646,2.251484e+06,-1.724883e+06,-1.633620e+07
1966,2.006374e+03,miss,-13.291207,-0.925285,-78.882746,5.309665e+05,3.653993e+06,1.617371e+07
1967,2.006783e+03,miss,50.664259,-56.314222,-25.726277,-1.250723e+07,8.895971e+06,6.301536e+06
1968,2.007174e+03,miss,-64.420161,40.408126,-24.844039,1.338520e+07,-8.880363e+06,4.160255e+06
1969,2.007176e+03,miss,-29.106627,24.572145,-70.349228,9.030386e+06,-2.900451e+06,1.361513e+07
1970,2.008124e+03,miss,-4.385334,-1.983123,79.855094,2.470407e+06,4.044645e+06,-1.590599e+07
1971,2.009319e+03,hit,-79.809650,-1.909782,5.174219,1.593688e+07,4.522800e+06,-1.089362e+06
1972,2.009329e+03,miss,46.317461,21.449134,-61.600547,-6.918540e+06,-2.856127e+06,1.481905e+07
1973,2.009996e+03,miss,14.802315,-5.975695,78.391215,1.065966e+06,1.729634e+06,-1.648003e+07
1974,2.010765e+03,miss,8.086082,-56.433203,-56.124049,3.077601e+05,1.322149e+07,1.004600e+07
1975,2.011374e+03,miss,-13.622032,13.801837,77.614107,1.088318e+06,-6.332119e+06,-1.531757e+07
1976,2.013077e+03,miss,-70.210629,-34.299770,-17.146236,1.457621e+07,7.448931e+06,2.861693e+06
1977,2.013211e+03,miss,-21.437017,4.753221,76.927636,3.154557e+05,-8.085698e+05,-1.659539e+07
1978,2.013390e+03,miss,-10.183327,-73.049835,-30.984212,5.879350e+06,1.383061e+07,7.094524e+06
1979,2.013414e+03,miss,20.830033,23.656971,73.528616,-2.771445e+06,-8.212412e+06,-1.417969e+07
1980,2.014611e+03,miss,-48.665582,-5.587072,-63.249077,9.767945e+06,5.041288e+06,1.247096e+07
1981,2.015612e+03,miss,-15.257843,-12.835593,77.475453,4.742716e+06,-1.140072e+06,-1.589643e+07
1982,2.016258e+03,miss,58.665634,-21.753041,49.851264,-1.358829e+07,1.174976e+06,-9.516094e+06
1983,2.016774e+03,miss,15.001364,2.292974,-78.547447,-1.360850e+06,-4.180858e+06,1.604112e+07
1984,2.018046e+03,hit,73.955104,30.386176,2.706090,-1.446115e+07,-8.195892e+06,-7.252787e+05
1985,2.021709e+03,miss,-3.203327,-62.975836,-49.231929,2.926234e+06,1.386111e+07,8.754011e+06
1986,2.021910e+03,miss,-51.462413,-12.598208,59.940848,9.426992e+06,-1.054087e+06,-1.368847e+07
1987,2.022710e+03,miss,-42.524638,-48.560802,47.259959,1.067020e+07,6.673691e+06,-1.091201e+07
1988,2.023269e+03,miss,12.669089,71.348249,33.895744,-6.002531e+06,-1.419184e+07,-6.332550e+06
1989,2.023785e+03,miss,31.031789,-15.694193,72.046654,-7.712893e+06,6.123831e+06,-1.343952e+07
1990,2.024012e+03,miss,-51.956106,3.380284,60.738264,1.022016e+07,3.426182e+06,-1.270636e+07
1991,2.024149e+03,miss,6.765034,13.630086,78.539513,2.719804e+06,-2.992057e+06,-1.616511e+07
1992,2.025736e+03,miss,-1.512240,-1.439609,79.972749,1.423636e+06,4.152230e+06,-1.608138e+07
1993,2.025922e+03,miss,-6.438081,-9.436734,79.180169,3.846039e+06,-1.278332e+06,-1.617027e+07
1994,2.027523e+03,miss,-3.240544,18.439829,77.778349,1.628632e+06,-7.245598e+06,-1.493226e+07
1995,2.027574e+03,miss,-0.035269,-21.375581,77.091396,4.054364e+06,3.890075e+06,-1.570223e+07
1996,2.027727e+03,miss,-67.549803,39.675803,16.212794,1.390335e+07,-8.056639e+06,-4.465305e+06
1997,2.027848e+03,miss,23.117195,10.486838,75.865813,-2.877553e+06,1.501457e+06,-1.635950e+07
1998,2.028362e+03,miss,-73.075763,9.636494,31.097762,1.575554e+07,2.920831e+05,-5.469576e+06
1999,2.028755e+03,miss,-3.359258,-78.265331,-16.225082,1.597067e+06,1.637933e+07,2.731212e+06
2000,2.029072e+03,miss,12.468315,-15.460246,-77.495303,-5.263935e+06,5.494832e+06,1.484701e+07
2001,2.030804e+03,miss,1.046818,7.477552,-79.642893,5.950686e+04,-5.435441e+06,1.578056e+07
2002,2.031739e+03,miss,2.089372,37.994079,-70.371049,-1.713588e+06,-1.041230e+07,1.293636e+07
2003,2.032021e+03,miss,-62.511895,-44.806594,22.014362,1.026343e+07,1.210961e+07,-5.173006e+06
2004,2.034002e+03,miss,-55.566035,-50.366018,27.851032,1.396961e+07,7.261754e+06,-5.579359e+06
2005,2.034377e+03,miss,52.271536,-16.488805,-58.273543,-1.211084e+07,5.053300e+06,1.033708e+07
2006,2.035042e+03,miss,-54.240889,51.817041,-27.801443,1.378078e+07,-7.629393e+06,5.571108e+06
2007,2.035138e+03,miss,24.548646,-41.001033,-64.158236,-8.413427e+06,6.126011e+06,1.307112e+07
2008,2.035585e+03,miss,5.967967,-2.983998,79.721259,-3.138862e+06,-2.956316e+06,-1.614426e+07
2009,2.035611e+03,miss,5.601718,36.965373,70.726105,-3.369241e+06,-4.321648e+06,-1.578621e+07
2010,2.036631e+03,miss,10.118465,28.173048,-74.188247,8.685851e+05,-8.207512e+06,1.453462e+07
2011,2.036796e+03,miss,-19.361214,-2.865497,77.568887,3.934052e+06,-3.504004e+06,-1.586319e+07
2012,2.037192e+03,miss,18.044346,16.887945,-76.086785,-2.954090e+06,-7.145010e+06,1.482134e+07
2013,2.037342e+03,miss,-2.387338,-1.871463,-79.942468,-2.727710e+06,2.868142e+06,1.624204e+07
2014,2.037454e+03,miss,56.954675,-55.891179,-5.686920,-1.202328e+07,1.157677e+07,9.512850e+05
2015,2.038606e+03,miss,-17.836161,-12.940734,76.905193,5.799827e+06,-8.134860e+05,-1.566346e+07
2016,2.038684e+03,miss,-67.950180,37.210510,-19.953720,1.553480e+07,-5.018014e+06,3.625479e+06
2017,2.038808e+03,hit,-78.644699,-11.936310,-8.516796,1.588956e+07,4.993821e+06,1.501750e+06
2018,2.039305e+03,miss,58.436241,35.270781,-41.727423,-1.378753e+07,-5.982439e+06,7.338534e+06
2019,2.039624e+03,miss,9.707256,0.605291,-79.406566,-5.761169e+06,-1.008934e+06,1.567081e+07
2020,2.040066e+03,miss,-7.017216,4.209012,79.580418,-3.945453e+05,2.835424e+06,-1.648177e+07
2021,2.041069e+03,miss,27.012589,-57.200072,-48.974195,-2.571461e+06,1.366997e+07,9.300604e+06
2022,2.041572e+03,miss,-16.325379,66.236520,-41.787624,6.264400e+06,-1.353730e+07,7.586141e+06
2023,2.042004e+03,miss,-18.210596,2.794121,-77.849644,7.214983e+06,6.576671e+05,1.508713e+07
2024,2.042385e+03,miss,27.639310,59.927953,45.218458,-9.262692e+06,-1.066536e+07,-8.978578e+06
2025,2.043121e+03,miss,32.921340,-31.618537,65.699722,-4.150361e+06,9.500269e+06,-1.314468e+07
2026,2.043469e+03,miss,30.556107,-71.943995,-17.040712,-9.800362e+06,1.297584e+07,3.986396e+06
2027,2.043993e+03,miss,39.288137,56.284706,41.091047,-7.390659e+06,-1.321811e+07,-7.144407e+06
2028,2.043998e+03,miss,3.830639,24.986751,-75.901176,1.919838e+06,-7.686614e+06,1.475173e+07
2029,2.044439e+03,miss,-0.242456,-16.471181,-78.285640,-3.463136e+06,5.136254e+06,1.555858e+07
2030,2.053075e+03,miss,36.112437,-23.603115,-67.370504,-7.047934e+06,9.490627e+05,1.520048e+07
2031,2.054172e+03,miss,45.805548,7.750886,65.128915,-6.832223e+06,-4.611968e+06,-1.462291e+07
2032,2.058315e+03,miss,-10.458396,-9.979373,-78.683124,-1.830532e+06,3.212525e+06,1.639134e+07
2033,2.058332e+03,hit,-62.029538,50.519087,-0.397864,1.413956e+07,-9.078432e+06,6.867115e+04
2034,2.058598e+03,miss,33.331618,63.106349,36.146812,-1.027377e+07,-1.062041e+07,-8.002666e+06
2035,2.059579e+03,miss,-7.802208,-11.444220,-78.791848,5.539560e+06,1.885763e+06,1.575684e+07
2036,2.059657e+03,miss,-8.921183,-40.399887,68.470882,3.430022e+06,1.062014e+07,-1.256897e+07
2037,2.059692e+03,miss,23.229062,-68.794053,-33.582569,-7.965424e+05,1.527891e+07,6.961076e+06
2038,2.060136e+03,miss,65.309582,15.932292,-43.368429,-1.486988e+07,-1.773130e+06,7.638046e+06
2039,2.061162e+03,miss,-20.426541,23.939803,73.550270,1.649018e+06,-7.963703e+06,-1.471727e+07
2040,2.061459e+03,miss,72.669061,4.087522,-33.203911,-1.559643e+07,-2.504018e+06,5.767144e+06
2041,2.061615e+03,miss,-40.104439,-67.300858,-16.193470,9.069528e+06,1.389353e+07,2.741065e+06
2042,2.062258e+03,miss,-59.719402,48.074870,22.856069,1.472285e+07,-6.715874e+06,-4.585094e+06
2043,2.062381e+03,miss,54.045614,-46.823645,35.869456,-1.311735e+07,6.317549e+06,-8.421925e+06
2044,2.062946e+03,miss,76.954575,18.183362,12.139140,-1.591363e+07,-5.045653e+06,-2.068897e+06
2045,2.062964e+03,miss,24.204857,13.650784,75.018538,-6.256453e+06,-6.091697e+06,-1.437822e+07
2046,2.062998e+03,miss,2.196535,3.016200,-79.912939,5.626044e+05,-4.535567e+06,1.618956e+07
2047,2.063042e+03,miss,8.505821,-19.808685,-77.040684,-3.314848e+06,2.282356e+05,1.649107e+07
2048,2.064303e+03,miss,53.188769,4.384652,-59.596390,-8.174474e+06,-1.670900e+06,1.461352e+07
2049,2.064347e+03,miss,5.561301,-4.673672,79.669497,-7.171915e+05,4.955235e+06,-1.606568e+07
2050,2.065059e+03,hit,36.869458,70.668862,6.823129,-3.834726e+06,-1.631482e+07,-1.547285e+06
2051,2.066725e+03,miss,-23.051130,-61.053897,-46.271666,6.638924e+06,1.031429e+07,1.153434e+07
2052,2.066873e+03,miss,-33.432127,53.448246,49.250156,1.015061e+07,-9.597797e+06,-9.400467e+06
2053,2.068331e+03,miss,-14.625536,33.240521,71.282266,-1.138737e+06,-6.744291e+06,-1.539283e+07
2054,2.068407e+03,miss,52.983232,9.362694,59.204029,-1.117610e+07,2.227998e+06,-1.240413e+07
2055,2.068735e+03,miss,64.856668,32.668810,33.561310,-1.506401e+07,-4.461122e+06,-6.078717e+06
2056,2.070580e+03,miss,-71.081225,6.733317,-36.084926,1.361964e+07,-5.098156e+06,8.517279e+06
2057,2.071460e+03,miss,-0.486044,1.130866,-79.990530,4.047742e+06,-1.255059e+06,1.631536e+07
2058,2.072023e+03,miss,12.023882,11.791583,-78.207320,1.456230e+06,-3.784453e+06,1.636414e+07
2059,2.072060e+03,miss,66.453362,-9.457796,43.525863,-1.441488e+07,4.085492e+06,-7.730000e+06
2060,2.072112e+03,miss,-77.867133,-12.096245,-13.798203,1.648309e+07,-1.614073e+06,3.153164e+06
2061,2.072118e+03,miss,2.941951,-48.857047,63.279807,2.801492e+06,8.195984e+06,-1.446438e+07
2062,2.072128e+03,hit,65.641863,-45.706723,1.428756,-1.576786e+07,5.958922e+06,-3.283674e+05
2063,2.072498e+03,miss,55.924935,-46.351142,33.525709,-1.242724e+07,9.842811e+06,-5.742450e+06
2064,2.072715e+03,miss,71.552356,3.925032,-35.564793,-1.416849e+07,-4.970973e+06,7.672409e+06
2065,2.072874e+03,miss,57.525715,22.429570,50.869505,-9.303661e+06,-7.250595e+06,-1.205053e+07
2066,2.073000e+03,miss,30.627226,63.147278,38.397842,-8.562283e+06,-1.283635e+07,-6.802725e+06
2067,2.075306e+03,miss,17.041505,-23.482819,-74.552963,-1.754520e+06,1.287453e+06,1.673148e+07
2068,2.075350e+03,miss,27.750782,69.412225,28.492757,-3.327866e+06,-1.475639e+07,-7.473844e+06
2069,2.076524e+03,miss,-65.605893,-22.133835,-40.074433,1.437786e+07,5.486982e+06,6.929314e+06
2070,2.076707e+03,miss,35.197771,-59.024709,-40.953640,-9.073342e+06,1.229177e+07,7.173359e+06
2071,2.077753e+03,hit,-78.268298,-15.234838,-6.478673,1.594321e+07,5.266104e+06,1.759496e+06
2072,2.077794e+03,miss,18.990925,29.120433,-72.050990,-1.138791e+06,-8.789637e+06,1.436888e+07
2073,2.078362e+03,miss,70.158546,26.831677,27.528886,-1.270104e+07,-9.009612e+06,-6.527450e+06
2074,2.078589e+03,miss,-62.616988,-38.982807,-30.975049,1.252389e+07,9.945855e+06,5.418531e+06
2075,2.078780e+03,miss,-6.398776,-54.198632,58.494136,4.978873e+06,9.404111e+06,-1.311214e+07
2076,2.079361e+03,miss,-16.708805,-25.858582,-73.838673,3.393209e+06,8.724484e+06,1.405716e+07
2077,2.079400e+03,miss,-40.370345,54.055937,42.990590,8.759445e+06,-9.147838e+06,-1.117268e+07
2078,2.080386e+03,miss,-24.547651,6.688522,-75.846401,4.767294e+06,-5.375721e+06,1.528886e+07
2079,2.081809e+03,miss,-5.642668,-4.679133,79.663455,4.614012e+06,-1.182852e+06,-1.621363e+07
2080,2.082013e+03,miss,31.352833,73.314467,-6.479877,-8.321579e+06,-1.466575e+07,1.124794e+06
2081,2.082968e+03,miss,-13.799646,-73.951394,-27.216927,4.548455e+06,1.557814e+07,4.728855e+06
2082,2.085021e+03,miss,5.600870,-72.405865,33.556235,1.878552e+06,1.449805e+07,-8.502261e+06
2083,2.086270e+03,miss,-1.174342,-27.150778,75.242649,-1.454343e+06,8.670285e+06,-1.445314e+07
2084,2.090993e+03,miss,-0.570863,-0.893959,-79.992968,-3.651734e+06,1.821780e+06,1.643703e+07
2085,2.091617e+03,miss,-48.010710,49.866290,-40.103926,1.163410e+07,-1.010955e+07,7.025684e+06
2086,2.092486e+03,miss,-61.861302,32.408031,39.024337,1.419244e+07,-2.808343e+06,-8.816046e+06
2087,2.093299e+03,miss,-52.879666,-28.828101,-52.656258,1.167336e+07,7.916634e+06,9.391798e+06
2088,2.093616e+03,miss,61.483974,40.071480,-31.843328,-1.027059e+07,-1.169155e+07,6.709124e+06
2089,2.093997e+03,miss,1.545796,-15.174313,-78.532482,5.059602e+05,-9.568363e+05,1.691362e+07
2090,2.094117e+03,miss,15.539061,2.141588,-78.447123,-5.349000e+06,2.935416e+06,1.581234e+07
2091,2.094506e+03,miss,11.765239,-67.652005,-41.046138,-5.097298e+06,1.245014e+07,1.031132e+07
2092,2.094792e+03,miss,21.895932,70.891611,29.915675,-8.218728e+06,-1.361086e+07,-5.877747e+06
2093,2.094823e+03,miss,25.658238,10.664695,75.019458,-4.052427e+06,-6.078346e+06,-1.529663e+07
2094,2.095987e+03,miss,0.976624,-7.936778,-79.599333,3.873770e+06,9.102609e+05,1.648273e+07
2095,2.096845e+03,miss,-11.967674,35.257687,-70.807275,6.397124e+06,-6.691792e+06,1.421019e+07
2096,2.097232e+03,hit,54.575116,58.420041,2.942033,-9.848056e+06,-1.379975e+07,-5.180201e+05
2097,2.097515e+03,miss,29.107189,7.733910,-74.114494,-2.808373e+06,7.538735e+05,1.671135e+07
2098,2.097678e+03,miss,40.696880,30.388134,61.808780,-1.041741e+07,-7.392385e+06,-1.116141e+07
2099,2.100321e+03,miss,28.976612,36.599369,-64.968009,-9.254556e+06,-5.112531e+06,1.327873e+07
2100,2.100461e+03,miss,-63.848414,26.778828,40.078352,1.284269e+07,-8.344753e+06,-7.318413e+06
2101,2.100579e+03,miss,11.194027,-58.153786,53.785044,-6.321846e+06,1.073482e+07,-1.153008e+07
2102,2.102053e+03,miss,-40.539670,-62.490669,-29.179640,9.218931e+06,1.185253e+07,7.929442e+06
2103,2.102645e+03,miss,54.682049,11.715919,57.206737,-1.322934e+07,-2.989754e+06,-1.022126e+07
2104,2.103342e+03,hit,64.152668,-47.718899,-2.709594,-1.504600e+07,7.867961e+06,4.866981e+05
2105,2.104686e+03,miss,-19.269047,-73.685002,24.479059,7.128092e+06,1.474017e+07,-4.541578e+06
2106,2.105184e+03,miss,-19.712244,-4.330398,77.412370,3.084272e+06,4.902217e+06,-1.597598e+07
2107,2.105544e+03,miss,36.023485,-64.790121,30.075716,-4.569976e+06,1.534137e+07,-5.708222e+06
2108,2.107555e+03,miss,35.741960,-18.983374,69.008288,-4.901265e+06,1.326361e+06,-1.622714e+07
2109,2.108582e+03,miss,0.324055,-8.278289,79.569874,3.685818e+06,-9.656280e+04,-1.660265e+07
2110,2.109807e+03,miss,14.318913,-65.030853,44.339112,-7.006541e+06,1.223927e+07,-9.514168e+06
2111,2.112782e+03,miss,4.807197,13.783636,78.656864,-2.715116e+06,9.770611e+05,-1.677773e+07
2112,2.113797e+03,miss,-46.618693,29.013956,58.179789,1.076545e+07,-7.982097e+06,-1.050473e+07
2113,2.113834e+03,miss,-70.172493,-37.225068,-9.492921,1.405720e+07,9.240977e+06,2.638669e+06
2114,2.114522e+03,miss,59.131955,-2.624772,-53.819350,-1.194493e+07,4.691553e+06,1.119667e+07
2115,2.115195e+03,miss,16.720247,8.170921,-77.805330,-1.481841e+06,-5.329020e+06,1.611072e+07
2116,2.115717e+03,miss,-73.904315,11.438270,28.413344,1.620180e+07,5.294806e+05,-5.238575e+06
2117,2.116094e+03,miss,66.044924,22.087080,-39.372947,-1.225464e+07,-5.522346e+06,1.046903e+07
2118,2.116276e+03,miss,37.326059,25.143571,66.140503,-6.611134e+06,-1.755340e+06,-1.560480e+07
2119,2.117770e+03,hit,11.341463,79.191237,-0.345224,-2.291753e+06,-1.688927e+07,5.884703e+04
2120,2.117915e+03,miss,-15.707062,13.249911,-77.315769,-9.055965e+05,-2.375916e+06,1.685402e+07
2121,2.118137e+03,miss,37.432376,18.132101,68.337721,-5.802435e+06,-7.425070e+06,-1.420399e+07
2122,2.118828e+03,miss,-59.277215,45.890610,-27.933201,1.419159e+07,-6.434815e+06,6.916656e+06
2123,2.120843e+03,miss,79.302127,-4.835537,-9.369641,-1.623753e+07,4.881126e+06,1.855213e+06
2124,2.121884e+03,miss,-32.461819,3.697690,-73.024362,8.604345e+06,2.599638e+06,1.450084e+07
2125,2.124643e+03,miss,-2.234963,3.232979,-79.903397,-3.623166e+06,-1.443392e+06,1.662032e+07
2126,2.125708e+03,miss,-23.704117,-64.036873,41.682056,1.256892e+06,1.482877e+07,-8.373745e+06
2127,2.126118e+03,miss,-4.606056,6.026354,79.639609,4.537039e+06,8.038904e+05,-1.644437e+07
2128,2.127435e+03,miss,56.030835,-41.099135,39.640972,-8.917805e+06,1.082347e+07,-9.754698e+06
2129,2.129814e+03,miss,42.464365,-10.081103,67.045873,-6.437102e+06,-6.933493e+05,-1.581892e+07
2130,2.130031e+03,miss,-40.531344,-7.562067,68.556730,1.115714e+07,8.697491e+03,-1.295002e+07
2131,2.130192e+03,miss,-43.893320,-17.040069,64.676213,7.553356e+06,2.522228e+05,-1.533265e+07
2132,2.130314e+03,miss,-53.961207,-9.125851,-58.351580,1.079019e+07,5.918134e+06,1.186471e+07
2133,2.132739e+03,miss,36.537219,-51.899693,48.697572,-3.935244e+06,1.198223e+07,-1.155406e+07
2134,2.133123e+03,miss,-24.630723,-48.887130,-58.338461,7.068078e+06,7.035452e+06,1.389798e+07
2135,2.133208e+03,miss,40.492810,6.025529,-68.731546,-4.876090e+06,-1.283288e+06,1.634618e+07
2136,2.133407e+03,miss,2.488939,75.019124,27.675552,2.408424e+06,-1.532509e+07,-7.210345e+06
2137,2.133666e+03,miss,-48.217201,-63.661491,4.723997,1.327897e+07,1.074305e+07,-9.693108e+05
2138,2.134305e+03,miss,-71.364484,-16.329543,32.256108,1.599579e+07,3.293571e+05,-6.066095e+06
2139,2.136624e+03,miss,75.332218,11.863477,24.172605,-1.509039e+07,-6.440411e+06,-4.887785e+06
2140,2.137194e+03,miss,-44.412103,6.968317,66.174071,1.191647e+07,-1.013868e+06,-1.225305e+07
2141,2.137427e+03,miss,-16.675361,77.663655,-9.502055,8.881329e+04,-1.694869e+07,2.435860e+06
2142,2.138620e+03,miss,14.264553,-11.309470,-77.901338,1.242955e+06,2.536301e+06,1.689335e+07
2143,2.139719e+03,miss,11.932736,-5.256106,78.930242,-1.123224e+06,5.004998e+06,-1.634632e+07
2144,2.139748e+03,miss,67.263722,-42.239172,9.562642,-1.401384e+07,9.473880e+06,-2.715835e+06
2145,2.140318e+03,miss,-5.264236,4.550355,-79.696814,-2.074084e+06,-3.654092e+06,1.661150e+07
2146,2.140562e+03,miss,37.339001,37.237729,-60.159376,-4.167146e+06,-9.917127e+06,1.333848e+07
2147,2.140905e+03,miss,58.275841,-23.865486,-49.339284,-1.416140e+07,2.347330e+06,9.360620e+06
2148,2.141151e+03,miss,73.308534,3.684251,31.816429,-1.540282e+07,3.428797e+06,-6.686308e+06
2149,2.142317e+03,miss,15.410091,33.954481,70.778686,-2.568314e+06,-1.026399e+07,-1.348793e+07
2150,2.143673e+03,miss,48.365416,40.982951,48.797380,-9.341915e+06,-1.121831e+07,-8.996358e+06
2151,2.143737e+03,miss,4.016196,-25.958160,-75.564834,-3.099648e+05,1.387211e+06,1.708931e+07
2152,2.145309e+03,miss,-76.977361,14.121553,16.585162,1.545994e+07,-6.683485e+06,-3.256068e+06
2153,2.145538e+03,miss,77.850022,11.618605,-14.296225,-1.656559e+07,-3.704462e+06,2.484023e+06
2154,2.145774e+03,miss,12.044511,13.734181,-77.886469,-6.447454e+06,-2.664970e+06,1.567395e+07
2155,2.147972e+03,miss,67.074973,32.800667,-28.723933,-1.517009e+07,-3.513554e+06,7.222830e+06
2156,2.148633e+03,miss,-5.517538,26.766361,75.187224,4.551186e+06,-7.231694e+06,-1.489047e+07
2157,2.148995e+03,miss,-11.244366,68.487100,39.787955,-5.688192e+05,-1.545594e+07,-7.454983e+06
2158,2.149466e+03,hit,-76.470360,-22.812319,5.646424,1.580717e+07,6.518171e+06,-1.580387e+06
2159,2.149798e+03,miss,-36.311183,-37.267200,60.767210,8.133773e+06,1.020976e+07,-1.115791e+07
2160,2.149984e+03,miss,-28.883137,53.308959,-52.191180,2.275201e+06,-1.301350e+07,1.097243e+07
2161,2.150098e+03,miss,22.839725,20.571784,-73.858978,-7.215908e+06,-6.518576e+06,1.415544e+07
2162,2.150894e+03,miss,54.365482,55.203270,-19.924689,-9.399672e+06,-1.389307e+07,3.698065e+06
2163,2.151040e+03,miss,-49.065778,-52.967267,-34.453129,1.306226e+07,7.920135e+06,7.855931e+06
2164,2.152788e+03,hit,-76.863919,21.693776,4.617155,1.692577e+07,-2.679241e+06,-1.283152e+06
2165,2.154074e+03,miss,8.747302,-44.946783,65.599325,2.382990e+06,8.986038e+06,-1.445875e+07
2166,2.154180e+03,miss,-67.563587,-32.890750,-27.447411,1.572924e+07,4.814865e+06,4.990561e+06
2167,2.154643e+03,miss,9.806318,-3.830680,-79.304237,-3.261619e+06,4.676134e+06,1.621902e+07
2168,2.154859e+03,miss,59.872845,4.790271,-52.842177,-1.432725e+07,-5.938654e+05,9.485134e+06
2169,2.156390e+03,miss,32.377167,-68.047040,26.857391,-2.843725e+06,1.580327e+07,-6.162019e+06
2170,2.156888e+03,miss,36.543333,-46.940486,-53.489958,-1.059489e+07,6.746127e+06,1.175190e+07
2171,2.157652e+03,miss,-47.094798,-9.080317,64.028336,1.239811e+07,1.459233e+06,-1.183770e+07
2172,2.157746e+03,miss,-3.779087,-0.444203,-79.909456,2.385430e+06,3.920697e+06,1.658085e+07
2173,2.158105e+03,miss,25.225780,-4.868035,75.762539,-1.449919e+06,-4.320610e+05,-1.713905e+07
2174,2.158792e+03,miss,-7.190543,-3.962366,79.577608,3.797464e+06,4.167520e+06,-1.625858e+07
2175,2.159773e+03,miss,-44.785358,41.671673,-51.553307,1.016204e+07,-1.036591e+07,9.249098e+06
2176,2.159877e+03,miss,-1.935619,-0.952039,79.970913,-1.262981e+06,4.024816e+06,-1.668786e+07
2177,2.160869e+03,miss,-42.381986,58.435330,-34.483031,5.956707e+06,-1.351667e+07,8.844903e+06
2178,2.161544e+03,miss,10.081028,-64.117534,46.768737,2.140014e+06,1.350708e+07,-1.046359e+07
2179,2.162474e+03,miss,-3.070699,-11.021552,-79.177624,1.983287e+06,6.035655e+06,1.600852e+07
2180,2.162557e+03,miss,35.865923,-14.372182,70.050524,-9.584672e+06,-4.654920e+05,-1.430259e+07
2181,2.162794e+03,miss,-47.737797,10.696871,-63.298339,1.251652e+07,-1.749426e+06,1.170279e+07
2182,2.163176e+03,miss,28.152665,-60.909373,43.560025,-5.635137e+06,1.133069e+07,-1.168727e+07
2183,2.163250e+03,miss,15.424093,61.885768,-48.293364,-3.296635e+06,-1.455274e+07,8.607644e+06
2184,2.163679e+03,miss,-41.486334,46.213592,50.430031,5.077804e+06,-1.146129e+07,-1.181759e+07
2185,2.166167e+03,miss,-4.036273,-21.847536,-76.853065,4.951675e+06,3.779427e+06,1.607292e+07
2186,2.166743e+03,miss,-1.813861,3.582747,-79.899148,-3.693001e+06,-1.744392e+06,1.674932e+07
2187,2.168492e+03,miss,61.673074,-41.467033,29.612787,-1.106300e+07,1.064884e+07,-7.853217e+06
2188,2.169737e+03,miss,8.531238,-42.367407,67.321771,1.842971e+06,7.186114e+06,-1.557545e+07
2189,2.169988e+03,miss,-6.722903,-4.128456,-79.610040,-2.209012e+06,3.043537e+06,1.683815e+07
2190,2.170862e+03,miss,2.658679,-8.751559,79.475415,-4.648218e+06,2.389207e+06,-1.644602e+07
2191,2.171249e+03,miss,-69.709957,37.283255,-12.267064,1.522421e+07,-7.845981e+06,2.122032e+06
2192,2.171324e+03,miss,63.213589,19.177926,45.124820,-1.471738e+07,-4.364731e+05,-9.003187e+06
2193,2.172336e+03,hit,-35.688866,71.478510,4.138526,9.036037e+06,-1.469050e+07,-7.261373e+05
2194,2.173863e+03,miss,-57.388749,-14.687503,53.766242,1.171406e+07,-8.949858e+05,-1.265612e+07
2195,2.173954e+03,miss,3.455845,32.685575,72.936344,8.111822e+05,-3.236258e+06,-1.694340e+07
2196,2.174749e+03,miss,32.869348,65.213512,32.661963,-9.310263e+06,-1.181196e+07,-8.492094e+06
2197,2.175147e+03,miss,-18.624061,1.906410,-77.778596,-3.031165e+05,-2.781157e+05,1.726860e+07
2198,2.175479e+03,miss,6.799039,8.949775,-79.206531,-1.947432e+06,2.344427e+06,1.700383e+07
2199,2.176057e+03,miss,5.204319,3.892596,79.735580,2.065546e+06,2.024762e+06,-1.703327e+07
2200,2.176072e+03,miss,55.014780,22.047036,53.733623,-1.074056e+07,-1.530765e+06,-1.344610e+07
2201,2.178417e+03,miss,48.110957,9.108257,-63.264330,-7.303205e+06,-4.414334e+05,1.566175e+07
2202,2.178752e+03,miss,-6.113271,-32.712217,-72.749837,5.394709e+06,5.988202e+06,1.529401e+07
2203,2.180261e+03,miss,26.535581,-39.195027,-64.495060,-8.708991e+06,5.330375e+06,1.395764e+07
2204,2.180329e+03,miss,25.910469,-41.459618,-63.322569,-6.792389e+06,5.142817e+06,1.504989e+07
2205,2.180353e+03,miss,-6.731639,-56.828521,55.903526,3.578220e+06,9.568042e+06,-1.395481e+07
2206,2.180382e+03,miss,2.631404,52.027712,-60.714026,3.318217e+06,-1.173381e+07,1.226372e+07
2207,2.180861e+03,miss,37.300251,61.827527,34.439050,-1.140218e+07,-1.058090e+07,-7.562557e+06
2208,2.181582e+03,miss,48.510778,-62.975606,8.987628,-7.847154e+06,1.532473e+07,-1.682607e+06
2209,2.183296e+03,miss,12.203589,23.685405,-75.432579,-3.794899e+06,-9.529991e+05,1.685770e+07
2210,2.183382e+03,miss,-17.670562,77.978922,-2.653116,2.465896e+06,-1.712327e+07,4.652293e+05
2211,2.183910e+03,miss,-3.979287,-71.826940,-35.000800,2.939065e+06,1.583974e+07,6.327734e+06
2212,2.184572e+03,miss,-51.465389,12.714000,-59.913838,1.283524e+07,-3.742339e+06,1.099627e+07
2213,2.184628e+03,miss,50.330134,-30.103971,54.411658,-7.807259e+06,6.804108e+06,-1.387174e+07
2214,2.185811e+03,miss,-55.779504,-39.200121,41.856869,1.189868e+07,1.009023e+07,-7.512999e+06
2215,2.185942e+03,miss,12.192189,4.984527,-78.908206,1.621184e+06,-2.335584e+05,1.723867e+07
2216,2.188426e+03,miss,-4.590122,78.781442,13.130698,2.233886e+06,-1.677190e+07,-3.729406e+06
2217,2.189290e+03,miss,7.817114,54.680501,-57.869988,2.061044e+06,-1.269237e+07,1.161764e+07
2218,2.190103e+03,miss,-19.416504,-13.500989,76.424621,7.853542e+06,2.614665e+06,-1.522861e+07
2219,2.190436e+03,miss,26.649713,-12.848152,74.328446,-9.112845e+06,1.765247e+06,-1.463936e+07
2220,2.190804e+03,miss,-3.348462,27.856048,-74.918812,-1.422760e+06,-2.352609e+06,1.711614e+07
2221,2.191453e+03,miss,53.913004,40.482599,43.064454,-8.409306e+06,-1.163625e+07,-9.720685e+06
2222,2.191590e+03,miss,-2.842909,10.495356,79.257589,3.777155e+06,-4.722936e+06,-1.624981e+07
2223,2.192731e+03,miss,-54.188678,-38.396539,44.601490,1.222683e+07,9.369279e+06,-7.969127e+06
2224,2.193247e+03,miss,-37.013003,-67.877662,20.558712,4.769968e+06,1.619367e+07,-3.983600e+06
2225,2.193478e+03,miss,-6.856297,-17.785125,77.696078,-1.920141e+06,6.142228e+06,-1.610821e+07
2226,2.194222e+03,miss,57.655580,42.839271,-35.222592,-1.000650e+07,-1.067591e+07,9.321212e+06
2227,2.195020e+03,hit,-19.434418,77.109621,8.741264,6.229415e+06,-1.601037e+07,-2.441738e+06
2228,2.195066e+03,miss,-71.388845,28.364020,22.340888,1.659249e+07,-2.439751e+06,-4.454545e+06
2229,2.195299e+03,miss,-59.837978,46.984104,-24.736822,1.252317e+07,-9.760166e+06,7.003377e+06
2230,2.195743e+03,miss,40.340502,46.634660,50.969132,-9.844581e+06,-1.094401e+07,-9.193025e+06
2231,2.195762e+03,miss,-43.730034,54.009336,39.631751,1.230069e+07,-8.385115e+06,-8.921007e+06
2232,2.196767e+03,miss,13.402509,-27.090620,-74.070717,-4.058561e+06,8.851693e+06,1.437063e+07
2233,2.197861e+03,miss,23.069694,-32.397712,-69.413093,-3.980993e+06,3.216086e+06,1.659210e+07
2234,2.198197e+03,miss,79.145455,7.467670,8.957164,-1.705600e+07,-2.855412e+06,-1.573194e+06
2235,2.198331e+03,miss,0.017276,0.616132,79.997625,-2.079540e+06,3.542157e+06,-1.687254e+07
2236,2.198339e+03,miss,-45.719291,-20.505393,-62.364055,1.061481e+07,7.086293e+06,1.177562e+07
2237,2.199055e+03,miss,52.416861,-19.080824,57.344528,-8.195193e+06,4.939188e+06,-1.449470e+07
2238,2.199254e+03,miss,12.014992,5.437586,78.905466,3.082807e+04,2.279093e+06,-1.721875e+07
2239,2.199367e+03,miss,11.473333,55.816571,-56.150450,-9.176644e+03,-1.371334e+07,1.066022e+07
2240,2.199636e+03,miss,-8.091577,21.795045,-76.547387,5.380999e+06,-5.878865e+06,1.543427e+07
2241,2.200543e+03,miss,-33.373745,11.012547,-71.867356,4.157706e+06,-5.468731e+06,1.595819e+07
2242,2.201885e+03,miss,65.854518,-43.087950,-14.373972,-1.620460e+07,5.436688e+06,3.145589e+06
2243,2.202065e+03,miss,34.757868,-30.605373,-65.231908,-6.312988e+06,3.087612e+06,1.589588e+07
2244,2.202353e+03,miss,41.890932,-64.023549,23.369532,-9.859538e+06,1.271668e+07,-6.571232e+06
2245,2.202432e+03,miss,31.800465,49.903390,53.836624,-6.124908e+06,-1.288411e+07,-9.929834e+06
2246,2.202994e+03,miss,-1.190689,0.566848,-79.989130,3.338991e+06,2.742025e+06,1.683823e+07
2247,2.203080e+03,miss,-41.497935,29.392023,61.757837,1.121371e+07,-2.788977e+06,-1.298767e+07
2248,2.205113e+03,miss,2.506865,-77.267253,20.578806,1.859137e+06,1.634406e+07,-5.647957e+06
2249,2.205538e+03,miss,19.558556,9.873004,-76.941450,-7.384944e+06,-3.831223e+06,1.527504e+07
2250,2.206939e+03,miss,6.070305,-12.285619,78.817606,3.687949e+04,-1.477375e+06,-1.733640e+07
2251,2.207109e+03,miss,-34.619173,-38.845420,-60.766325,8.717871e+06,4.487513e+06,1.437425e+07
2252,2.207815e+03,miss,-40.295450,-57.442070,38.427662,1.192129e+07,9.482064e+06,-8.415943e+06
2253,2.207882e+03,miss,-59.209300,-13.446553,52.090776,1.216336e+07,6.719119e+06,-1.047713e+07
2254,2.209912e+03,miss,-24.975286,17.875066,-73.869595,4.121502e+06,-7.622659e+06,1.510135e+07
2255,2.210465e+03,miss,37.895974,-70.257752,-5.267200,-4.958110e+06,1.663565e+07,1.375012e+06
2256,2.211209e+03,miss,32.603067,50.258032,53.020470,-6.761727e+06,-1.277981e+07,-9.709583e+06
2257,2.211589e+03,miss,38.023982,32.345639,-62.513490,-1.120098e+07,-5.483635e+06,1.215896e+07
2258,2.211659e+03,miss,26.139015,-67.909477,33.242365,-1.400110e+06,1.568387e+07,-7.445685e+06
2259,2.211986e+03,miss,-27.850704,-14.652179,73.550336,3.198934e+06,6.435706e+06,-1.586744e+07
2260,2.212288e+03,miss,78.650692,5.644740,-13.498353,-1.653547e+07,-4.808613e+06,2.631308e+06
2261,2.212571e+03,miss,-19.266376,-23.708592,73.937199,9.307204e+05,7.804821e+06,-1.554754e+07
2262,2.212614e+03,miss,39.228705,56.605604,40.705212,-4.558989e+06,-1.415396e+07,-9.077121e+06
2263,2.214025e+03,miss,-57.555763,-54.350433,11.548361,9.556160e+06,1.427559e+07,-2.931554e+06
2264,2.214157e+03,miss,75.022909,23.101820,15.423001,-1.462787e+07,-8.901752e+06,-3.241790e+06
2265,2.214581e+03,miss,9.504546,-49.333407,-62.256554,-7.603493e+05,1.289219e+07,1.170455e+07
2266,2.216301e+03,miss,-21.184724,10.382323,76.442232,3.403268e+06,-6.208225e+06,-1.593407e+07
2267,2.216687e+03,miss,8.163466,42.169531,-67.491396,-2.774792e+06,-1.155189e+07,1.276426e+07
2268,2.217040e+03,miss,-39.457971,-14.791219,68.002120,5.624684e+06,6.433000e+06,-1.520197e+07
2269,2.217203e+03,miss,15.950157,25.618914,-74.089566,-2.980834e+06,-1.353454e+06,1.712966e+07
2270,2.217316e+03,miss,62.256908,36.852589,-34.146216,-1.528289e+07,-5.304178e+06,6.515915e+06
2271,2.217467e+03,miss,-19.062638,-8.625084,-77.215437,5.266428e+06,-2.254592e+06,1.647302e+07
2272,2.217510e+03,miss,50.613385,0.451426,61.952252,-1.146753e+07,-3.946988e+06,-1.253403e+07
2273,2.218950e+03,hit,68.439106,-40.362166,9.326540,-1.629550e+07,5.979166e+06,-1.757384e+06
2274,2.219412e+03,miss,41.551744,65.448901,-19.745733,-1.210238e+07,-1.193823e+07,3.931496e+06
2275,2.219431e+03,miss,-1.304828,0.220085,-79.989055,-3.971029e+06,-5.638544e+04,1.699047e+07
2276,2.219585e+03,miss,-7.510652,-66.560777,43.740749,5.538263e+06,1.397782e+07,-8.855370e+06
2277,2.221460e+03,miss,-22.577828,-74.780172,17.267531,2.943186e+06,1.651039e+07,-4.844714e+06
2278,2.221804e+03,miss,-18.768561,33.976385,69.952458,4.329397e+06,-3.315050e+06,-1.658435e+07
2279,2.222529e+03,miss,34.490540,-64.580986,-32.244362,-6.201670e+06,1.525146e+07,5.814249e+06
2280,2.222563e+03,miss,-18.963158,23.970297,73.931208,-1.659452e+05,-4.660152e+06,-1.682657e+07
2281,2.222756e+03,miss,10.845076,-22.979858,-75.857171,-5.805239e+06,6.311433e+06,1.521083e+07
2282,2.222845e+03,miss,44.845041,-9.600282,65.549652,-6.458832e+06,6.386731e+05,-1.621086e+07
2283,2.223629e+03,miss,38.636252,14.337437,68.568782,-7.257118e+06,9.947431e+05,-1.585461e+07
2284,2.223656e+03,miss,49.940673,46.614920,-41.629058,-8.853675e+06,-1.274549e+07,8.012031e+06
2285,2.223886e+03,miss,-42.178468,-34.254913,-58.716078,1.053931e+07,3.356957e+06,1.351714e+07
2286,2.224389e+03,miss,-52.203921,-19.198247,-57.499373,1.263525e+07,5.714479e+06,1.062185e+07
2287,2.224400e+03,miss,-43.565329,67.010407,-3.415781,8.155539e+06,-1.541627e+07,9.776488e+05
2288,2.225866e+03,miss,-0.264364,-4.923425,-79.847918,-3.205724e+06,3.684683e+06,1.677729e+07
2289,2.226591e+03,miss,54.870837,57.995864,5.066659,-1.393238e+07,-1.045993e+07,-1.381693e+06
2290,2.227906e+03,miss,9.892935,14.779141,-77.998121,-6.128900e+06,-2.224425e+06,1.622034e+07
2291,2.228951e+03,miss,1.638760,-79.195589,11.197017,3.935796e+06,1.686709e+07,-2.401068e+06
2292,2.229520e+03,miss,70.589821,-5.554939,37.231973,-1.401907e+07,4.906656e+06,-9.231616e+06
2293,2.229991e+03,miss,-3.240811,-1.855783,-79.912785,-3.067383e+06,-1.661661e+06,1.713846e+07
2294,2.231151e+03,miss,-15.819408,35.248677,-70.051960,4.166703e+06,-1.041552e+07,1.342429e+07
2295,2.232823e+03,miss,-55.405702,-54.978784,17.536861,1.116708e+07,1.310826e+07,-3.123310e+06
2296,2.232906e+03,miss,30.828726,70.908516,20.532221,-1.046459e+07,-1.331838e+07,-4.405662e+06
2297,2.235419e+03,miss,2.924204,-36.037235,-71.363623,-9.968060e+05,1.078209e+07,1.376206e+07
2298,2.238153e+03,miss,-13.953224,-75.151345,-23.613192,6.354277e+06,1.568194e+07,4.551516e+06
2299,2.238276e+03,miss,15.865997,-76.674945,16.408013,-7.091967e+05,1.723965e+07,-3.053636e+06
2300,2.238484e+03,miss,-31.435000,18.205380,71.276959,2.907922e+06,-5.775348e+06,-1.628653e+07
2301,2.238715e+03,miss,18.659233,-68.269756,37.297097,-7.871639e+06,1.368823e+07,-7.600198e+06
2302,2.239521e+03,miss,-4.601796,-7.040169,79.556643,8.392933e+05,5.632359e+06,-1.657638e+07
2303,2.239602e+03,miss,8.835485,79.470123,2.536476,-5.717878e+06,-1.655597e+07,-6.487221e+05
2304,2.240941e+03,hit,-53.056865,59.644975,5.238890,1.245596e+07,-1.230403e+07,-9.266135e+05
2305,2.242168e+03,miss,14.582065,-2.595112,-78.616975,1.019878e+06,-6.948315e+05,1.749412e+07
2306,2.243379e+03,miss,-10.919945,7.842200,78.862251,-5.321922e+05,1.566550e+06,-1.746414e+07
2307,2.243409e+03,miss,47.002497,-1.894294,-64.708399,-1.208085e+07,-2.122413e+06,1.254137e+07
2308,2.244096e+03,miss,58.200238,52.465406,-16.128034,-1.305140e+07,-1.137647e+07,2.840536e+06
2309,2.244507e+03,miss,-49.533444,32.420933,53.808187,1.080859e+07,-3.339660e+06,-1.341302e+07
2310,2.244662e+03,miss,-25.410777,-2.589297,75.812848,2.480492e+06,-2.543175e+06,-1.718397e+07
2311,2.244741e+03,miss,17.212622,-75.544328,-19.919342,-7.904927e+06,1.502980e+07,4.420102e+06
2312,2.244944e+03,miss,-51.084822,-37.389796,-48.911595,9.833392e+06,6.291340e+06,1.310234e+07
2313,2.245121e+03,miss,12.073810,-73.240104,29.834717,-1.400292e+06,1.665332e+07,-5.355203e+06
2314,2.245181e+03,miss,-5.361435,1.160649,-79.811703,2.041754e+06,3.912937e+06,1.698531e+07
2315,2.245294e+03,miss,-4.165656,55.193875,-57.760570,-2.793333e+06,-1.032849e+07,1.391099e+07
2316,2.247923e+03,miss,-6.444389,-74.410442,28.662798,6.623515e+05,1.678802e+07,-5.106907e+06
2317,2.249370e+03,miss,-4.265504,-1.153116,-79.877881,-3.326218e+06,-5.239528e+05,1.723998e+07
2318,2.249969e+03,miss,-54.542690,33.887808,-47.714897,1.380091e+07,-3.507346e+06,1.028934e+07
2319,2.250621e+03,miss,-61.519890,50.925626,4.678010,1.348975e+07,-1.122842e+07,-8.221927e+05
2320,2.251519e+03,miss,29.003627,73.494991,-12.540966,-3.323910e+06,-1.709119e+07,2.385924e+06
2321,2.251732e+03,miss,-24.128935,74.724494,15.298512,5.083499e+06,-1.660598e+07,-2.697888e+06
2322,2.251870e+03,miss,-40.082565,50.076626,47.809199,1.138546e+07,-9.847084e+06,-9.072174e+06
2323,2.252369e+03,miss,74.835391,-23.645685,15.509540,-1.632625e+07,5.907089e+06,-2.743417e+06
2324,2.253803e+03,miss,56.108228,-41.953016,-38.623971,-9.033610e+06,1.187683e+07,9.300427e+06
2325,2.253847e+03,miss,-57.315135,-33.218829,44.849579,1.195231e+07,9.778011e+06,-8.408447e+06
2326,2.254024e+03,miss,6.737023,-1.686625,79.697979,-5.133670e+06,-1.600987e+06,-1.674144e+07
2327,2.254040e+03,miss,-46.852926,1.472080,64.827744,1.105407e+07,-3.999259e+06,-1.307705e+07
2328,2.254658e+03,miss,-63.479794,-24.216406,-42.236020,1.174980e+07,9.144314e+06,9.359715e+06
2329,2.255900e+03,miss,53.678291,51.728892,-29.030378,-1.441306e+07,-7.930050e+06,6.231288e+06
2330,2.256208e+03,miss,-3.664092,-0.487733,79.914558,4.151066e+06,-2.453219e+06,-1.691873e+07
2331,2.259206e+03,miss,13.473630,-78.855008,0.590735,-1.105763e+06,1.756902e+07,-1.064916e+05
2332,2.259442e+03,miss,0.430385,0.071986,-79.998810,-1.956710e+05,4.253985e+06,1.708222e+07
2333,2.259876e+03,miss,7.697268,35.498876,-71.278200,-1.682176e+06,-3.726685e+06,1.712537e+07
2334,2.261043e+03,miss,1.909930,0.813259,79.973063,3.855713e+06,3.371198e+05,-1.718069e+07
2335,2.261289e+03,miss,3.925332,25.130305,-75.848926,2.638405e+06,-2.849913e+06,1.717868e+07
2336,2.261651e+03,miss,38.730152,-49.136949,49.855146,-1.164824e+07,7.944975e+06,-1.055631e+07
2337,2.261678e+03,miss,0.567112,-0.926164,79.992628,-4.176695e+06,1.505643e+06,-1.704499e+07
2338,2.261837e+03,miss,9.220715,-0.141532,-79.466712,-4.265191e+06,-3.481971e+06,1.673169e+07
2339,2.264440e+03,miss,45.721763,11.101865,64.701383,-7.147088e+06,-1.477241e+05,-1.610961e+07
2340,2.264554e+03,miss,4.250911,-65.034296,-46.394721,-5.162104e+06,1.364798e+07,9.885510e+06
2341,2.266175e+03,miss,-0.098069,0.220274,79.999637,3.655903e+06,-2.294659e+06,-1.709472e+07
2342,2.266620e+03,miss,67.494063,27.781472,-32.752730,-1.488487e+07,-3.289331e+06,8.862414e+06
2343,2.267560e+03,miss,-54.809536,17.391520,55.618790,9.036534e+06,-4.575428e+06,-1.443803e+07
2344,2.267620e+03,miss,-48.742184,-31.199963,55.233702,8.398695e+06,1.031780e+07,-1.157858e+07
2345,2.268240e+03,miss,-20.577786,-33.155284,69.837539,5.081424e+06,3.130545e+06,-1.659887e+07
2346,2.268688e+03,miss,-47.979779,23.562318,59.521072,8.711743e+06,-2.311625e+06,-1.516466e+07
2347,2.269723e+03,miss,28.677204,74.538859,-4.645055,-9.500021e+06,-1.484160e+07,9.074980e+05
2348,2.271590e+03,miss,-3.750399,17.075153,78.066469,3.665010e+06,-3.818810e+05,-1.726340e+07
2349,2.272011e+03,miss,-1.446796,-41.986564,-68.081093,-4.013382e+06,8.497356e+06,1.494485e+07
2350,2.272760e+03,miss,31.138110,55.345323,48.655045,-2.657357e+06,-1.360573e+07,-1.093555e+07
2351,2.273326e+03,miss,-44.240953,16.470556,64.586832,1.056274e+07,-6.548111e+06,-1.254560e+07
2352,2.274193e+03,miss,-22.012166,1.617525,-76.895046,4.402754e+06,3.962781e+06,1.663948e+07
2353,2.274400e+03,miss,22.399599,63.399672,43.344429,-7.012760e+06,-1.408536e+07,-8.025730e+06
2354,2.274822e+03,miss,-1.987537,-5.101054,-79.812461,2.954594e+06,-2.405726e+06,1.724904e+07
2355,2.275224e+03,miss,32.897200,41.524143,59.945974,-1.041953e+07,-7.999542e+06,-1.181280e+07
2356,2.275651e+03,miss,-20.071253,-14.296695,-76.110113,2.690605e+06,6.932047e+06,1.602709e+07
2357,2.277161e+03,miss,2.745527,-30.036307,74.096439,2.499582e+06,3.544966e+06,-1.713338e+07
2358,2.277462e+03,miss,-7.598531,0.224900,-79.638004,1.443261e+06,4.241478e+06,1.709782e+07
2359,2.278045e+03,miss,62.750186,-12.412557,48.045214,-1.192609e+07,6.692975e+06,-1.120094e+07
2360,2.278431e+03,miss,-10.605852,-18.916266,-77.004486,7.449801e+05,7.316126e+04,1.766299e+07
2361,2.278784e+03,miss,2.505439,14.748658,-78.588802,-1.718440e+06,-6.965020e+06,1.615938e+07
2362,2.281169e+03,miss,-42.634074,21.941527,64.038310,6.774934e+06,-2.436816e+06,-1.615795e+07
2363,2.281340e+03,miss,-19.632740,-47.836191,-61.043053,2.539462e+06,7.798128e+06,1.567421e+07
2364,2.281556e+03,miss,-34.880783,-30.882845,65.035228,1.029594e+07,3.372349e+06,-1.398538e+07
2365,2.281748e+03,miss,-51.424224,-57.140477,-22.147574,9.389868e+06,1.441149e+07,4.139530e+06
2366,2.282498e+03,miss,-67.276201,-43.281615,0.783968,1.648237e+07,6.434870e+06,-1.530970e+05
2367,2.283397e+03,miss,-71.683645,-32.529190,14.258572,1.350883e+07,1.092147e+07,-3.384638e+06
2368,2.283742e+03,miss,-14.987152,16.487489,-76.834549,1.197054e+06,2.204193e+05,1.765754e+07
2369,2.284998e+03,miss,25.192564,-9.729544,75.303856,-2.439994e+06,5.286596e+06,-1.671947e+07
2370,2.285088e+03,miss,6.567854,1.144650,79.721723,2.899667e+06,3.576968e+05,-1.746192e+07
2371,2.285455e+03,miss,-4.565156,16.877719,-78.066010,-3.362866e+06,-3.526747e+06,1.702229e+07
2372,2.285601e+03,miss,-70.495850,-32.265050,19.730730,1.409269e+07,9.198572e+06,-5.505226e+06
2373,2.287158e+03,miss,5.586278,34.838547,71.798810,-4.954671e+06,-5.272718e+06,-1.616751e+07
2374,2.287164e+03,miss,-55.014999,52.414929,-25.020493,1.454813e+07,-8.045832e+06,6.111962e+06
2375,2.287515e+03,miss,-24.015829,-10.923946,-75.524217,3.533103e+06,6.307685e+06,1.617152e+07
2376,2.287899e+03,miss,-13.205281,-18.378910,-76.732237,-8.173698e+05,6.242376e+06,1.655914e+07
2377,2.287905e+03,miss,11.709488,77.659006,-15.230453,1.595274e+06,-1.723096e+07,3.793429e+06
2378,2.288113e+03,miss,-1.956603,6.458699,79.714848,5.890214e+04,2.951793e+06,-1.746863e+07
2379,2.288302e+03,miss,-37.612701,-10.805441,-69.774832,8.190548e+06,6.325545e+06,1.438047e+07
2380,2.288574e+03,miss,56.653880,-1.834908,-56.453263,-9.649788e+06,2.914940e+05,1.485697e+07
2381,2.288758e+03,miss,9.275224,-50.244763,-61.558379,-6.208250e+06,9.693977e+06,1.347006e+07
2382,2.288933e+03,miss,0.427237,-39.501384,-69.566214,4.165036e+06,8.736073e+06,1.484303e+07
2383,2.289235e+03,miss,-6.206909,5.272257,-79.584405,-2.886922e+06,-4.534129e+04,1.748391e+07
2384,2.289545e+03,miss,11.486003,3.362942,-79.099699,-5.964792e+06,-2.821554e+06,1.644768e+07
2385,2.291000e+03,miss,71.365828,7.390444,-35.387850,-1.465147e+07,-6.179582e+05,9.960828e+06
2386,2.291851e+03,miss,-16.589413,-75.980383,-18.755607,3.151936e+06,1.712435e+07,3.347286e+06
2387,2.292373e+03,miss,48.033773,32.714752,-54.977284,-1.268972e+07,-3.405657e+06,1.190909e+07
2388,2.292578e+03,miss,21.229463,68.990390,34.491100,-8.669604e+06,-1.326016e+07,-7.967960e+06
2389,2.293927e+03,miss,27.712028,11.346340,74.184258,-8.657850e+06,6.509212e+05,-1.546884e+07
2390,2.294454e+03,miss,8.225865,4.694068,79.437402,-3.671238e+06,2.858064e+06,-1.711996e+07
2391,2.294965e+03,miss,-28.821455,63.954100,-38.460328,7.504294e+06,-1.210678e+07,1.057928e+07
2392,2.298272e+03,miss,-24.601241,-42.198509,63.356647,8.994211e+06,8.432297e+06,-1.277747e+07
2393,2.298530e+03,miss,-50.190470,-0.876207,62.290842,7.901564e+06,1.772145e+06,-1.580264e+07
2394,2.299173e+03,miss,-6.275127,78.440538,-14.411964,7.034147e+05,-1.755752e+07,2.574050e+06
2395,2.300175e+03,miss,8.572667,-3.875002,-79.444910,-3.743985e+06,4.564089e+06,1.675338e+07
2396,2.301817e+03,miss,-2.315979,-10.118595,79.323706,4.738114e+06,2.608286e+06,-1.692621e+07
2397,2.304457e+03,miss,-48.189595,-26.455349,-58.119510,7.112024e+06,7.285732e+06,1.457563e+07
2398,2.306045e+03,miss,-24.107573,-41.137998,64.237762,9.016383e+06,7.109155e+06,-1.358287e+07
2399,2.307136e+03,miss,-79.584927,-3.254849,-7.459580,1.737702e+07,-3.294365e+06,1.914502e+06
2400,2.307712e+03,miss,-53.633476,-46.842592,-36.458495,8.734898e+06,1.335696e+07,7.864555e+06
2401,2.308392e+03,miss,12.114616,63.085487,47.680787,1.688225e+06,-1.364927e+07,-1.129154e+07
2402,2.308400e+03,miss,5.796378,1.358591,79.778169,1.161189e+05,-4.393977e+06,-1.724332e+07
2403,2.308883e+03,miss,40.314665,-55.946538,40.555057,-5.694099e+06,1.466711e+07,-8.316965e+06
2404,2.308957e+03,miss,64.030064,-0.370869,47.958455,-1.544794e+07,4.263612e+05,-8.826565e+06
2405,2.310056e+03,hit,7.766159,79.596397,-2.024944,8.373395e+04,-1.779121e+07,5.877987e+05
2406,2.311124e+03,miss,-74.992451,9.022558,26.357649,1.614650e+07,-2.407856e+05,-7.500576e+06
2407,2.311664e+03,miss,-38.828214,-5.977562,-69.689587,7.228590e+06,-2.898723e+06,1.601391e+07
2408,2.312345e+03,miss,4.238634,50.770094,-61.680074,-4.070621e+06,-1.232115e+07,1.219889e+07
2409,2.315482e+03,miss,10.230476,-60.603149,51.211285,-4.064337e+06,1.444941e+07,-9.608315e+06
2410,2.315600e+03,miss,-19.182484,75.692044,17.399621,9.965233e+05,-1.747053e+07,-3.380475e+06
2411,2.316288e+03,hit,17.376998,-77.843407,6.200315,-7.650927e+06,1.601980e+07,-1.601186e+06
2412,2.316343e+03,miss,64.026241,-16.938928,-44.874415,-1.200358e+07,7.445641e+06,1.087283e+07
2413,2.316779e+03,miss,14.512927,40.878797,67.218293,-6.627273e+06,-9.644220e+06,-1.344880e+07
2414,2.317326e+03,miss,-7.216408,-25.720129,-75.408212,-4.514218e+05,8.884952e+06,1.545091e+07
2415,2.317836e+03,miss,-53.292809,57.578575,15.639186,1.291089e+07,-1.196870e+07,-2.829488e+06
2416,2.318370e+03,miss,60.800080,-41.277553,-31.615091,-1.140500e+07,1.216892e+07,6.313746e+06
2417,2.318866e+03,miss,21.632550,-75.797669,13.665507,-5.411868e+06,1.681683e+07,-2.448277e+06
2418,2.319786e+03,miss,9.308080,-25.798302,-75.151895,-5.255478e+06,2.611801e+06,1.684556e+07
2419,2.321220e+03,miss,-73.713201,-30.793244,4.259116,1.716036e+07,4.736667e+06,-1.223524e+06
2420,2.321706e+03,miss,38.057399,-69.271103,-12.375325,-5.547467e+06,1.661619e+07,3.406700e+06
2421,2.322099e+03,miss,16.745845,-14.413972,76.888322,-4.103550e+06,7.053413e+06,-1.587268e+07
2422,2.322765e+03,miss,33.535215,52.704442,49.976305,-8.372422e+06,-1.276347e+07,-9.253071e+06
2423,2.323718e+03,miss,40.903984,62.594607,28.439043,-6.012794e+06,-1.495285e+07,-7.681948e+06
2424,2.324073e+03,miss,-4.725680,-20.697448,77.131599,2.603014e+06,7.974260e+06,-1.576191e+07
2425,2.327635e+03,miss,-1.895915,-2.521495,79.937773,-9.311526e+05,-3.608870e+06,-1.747570e+07
2426,2.328213e+03,miss,1.933585,22.152509,76.847431,-4.369677e+06,-6.123216e+06,-1.621057e+07
2427,2.328363e+03,miss,47.263977,-54.625212,34.383175,-1.320092e+07,9.947676e+06,-6.794874e+06
2428,2.330139e+03,miss,-40.064169,53.232715,-44.284765,9.310036e+06,-1.290957e+07,8.142535e+06
2429,2.330342e+03,miss,-19.167943,43.263619,-64.504645,6.000447e+06,-1.139199e+07,1.240482e+07
2430,2.330928e+03,miss,26.918677,-55.553986,-50.883587,-8.751533e+06,1.213363e+07,9.794315e+06
2431,2.331275e+03,miss,-49.243545,-16.151407,-60.944281,1.318908e+07,3.308190e+06,1.161441e+07
2432,2.332380e+03,miss,-78.088776,16.723385,-4.740404,1.597804e+07,-7.960472e+06,1.129212e+06
2433,2.333202e+03,miss,-10.521441,-17.708511,-77.302703,6.148434e+06,1.921651e+06,1.669008e+07
2434,2.334111e+03,miss,2.093427,0.673291,-79.969771,-2.871629e+06,-3.721598e+06,1.726508e+07
2435,2.335278e+03,miss,2.145030,8.146243,-79.555249,-4.754489e+06,-2.090961e+06,1.712782e+07
2436,2.336298e+03,miss,36.485250,42.115267,-57.403230,-4.556932e+06,-9.047957e+06,1.475968e+07
2437,2.336727e+03,miss,-70.695172,24.197940,28.577129,1.577093e+07,-2.839825e+06,-7.984455e+06
2438,2.338741e+03,miss,25.296572,25.211892,71.585222,-8.355000e+06,-2.160256e+06,-1.569528e+07
2439,2.339281e+03,miss,-21.270049,29.992896,-71.049357,1.552888e+06,-9.440671e+06,1.514434e+07
2440,2.339686e+03,miss,6.372540,-10.487152,-79.053212,-2.995528e+06,6.057251e+06,1.659158e+07
2441,2.339794e+03,miss,7.149260,-1.956363,-79.655889,5.932586e+05,-3.410853e+06,1.757763e+07
2442,2.340000e+03,miss,-24.212976,-18.470237,73.976903,7.904786e+06,6.275362e+06,-1.480275e+07
2443,2.340360e+03,miss,42.778960,-18.396145,65.050307,-1.222795e+07,2.415388e+06,-1.287166e+07
2444,2.341249e+03,miss,-12.393340,15.139582,-77.570601,-1.717590e+06,-3.351438e+06,1.752074e+07
2445,2.343542e+03,miss,66.939818,23.207563,-37.154674,-1.429877e+07,-3.043760e+06,1.038045e+07
2446,2.344058e+03,miss,34.240242,-20.245300,-69.409896,-5.848360e+06,8.314540e+06,1.477190e+07
2447,2.344210e+03,miss,-61.025330,-26.944068,44.157970,1.515268e+07,4.871492e+06,-8.260125e+06
2448,2.345973e+03,miss,-33.290173,-65.320612,-32.015341,7.724992e+06,1.332366e+07,9.198427e+06
2449,2.346046e+03,miss,33.120663,35.527743,-63.567296,-1.039749e+07,-4.778700e+06,1.381567e+07
2450,2.346743e+03,miss,44.054637,-65.520538,-12.893721,-9.658666e+06,1.462638e+07,3.832923e+06
2451,2.347393e+03,miss,24.508009,54.204065,-53.490905,-6.803367e+06,-1.322184e+07,1.004482e+07
2452,2.349270e+03,miss,23.238220,53.792835,54.463896,-8.528220e+06,-9.097109e+06,-1.291398e+07
2453,2.352495e+03,miss,60.121535,16.503006,-50.130348,-1.429291e+07,5.708312e+05,1.086683e+07
2454,2.352673e+03,miss,-31.516048,-16.829837,-71.578595,9.129392e+06,6.094163e+06,1.422114e+07
2455,2.353079e+03,miss,56.381989,-6.944152,56.328057,-1.409441e+07,-1.173532e+06,-1.107935e+07
2456,2.355945e+03,miss,-4.091979,4.634378,-79.760756,2.291177e+06,-5.042458e+06,1.710259e+07
2457,2.356575e+03,miss,29.752823,-11.954265,-73.293008,-7.508688e+06,6.323557e+06,1.506297e+07
2458,2.356814e+03,miss,31.136063,-33.463959,-65.655990,-5.369773e+06,1.076503e+07,1.336313e+07
2459,2.356990e+03,miss,-7.463971,-1.160117,79.642597,1.466280e+04,-3.842427e+06,-1.756569e+07
2460,2.357028e+03,miss,66.074098,-21.181713,-39.818947,-1.605132e+07,1.374122e+06,7.986853e+06
2461,2.357964e+03,miss,-9.621597,-2.605109,79.376560,-7.149798e+05,3.958073e+06,-1.752923e+07
2462,2.358786e+03,miss,8.724024,53.521171,-58.816457,1.961103e+06,-1.047064e+07,1.449427e+07
2463,2.359349e+03,miss,50.237018,57.052485,24.925006,-1.308544e+07,-1.025968e+07,-6.866707e+06
2464,2.360881e+03,miss,67.759493,-38.787864,-17.439974,-1.667807e+07,4.998864e+06,4.550264e+06
2465,2.361143e+03,miss,0.626291,2.917957,-79.944314,-2.117228e+06,3.282722e+06,1.756783e+07
2466,2.362667e+03,miss,-65.881433,9.141832,-44.452938,1.307912e+07,-6.568011e+05,1.235321e+07
2467,2.363175e+03,miss,10.078596,76.662388,20.525596,-5.460991e+06,-1.621208e+07,-5.613563e+06
2468,2.363643e+03,miss,35.605966,-3.633939,-71.547255,-3.851242e+06,1.402017e+06,1.753376e+07
2469,2.364407e+03,miss,20.543814,-48.042572,-60.579394,-1.784748e+06,8.657976e+06,1.569042e+07
2470,2.365749e+03,miss,-5.462030,64.729503,46.693229,5.149437e+06,-1.431710e+07,-9.644847e+06
2471,2.366516e+03,miss,-4.879272,10.256634,-79.189609,2.973433e+05,-6.373014e+06,1.684995e+07
2472,2.366546e+03,miss,-67.586283,-7.782627,-42.089489,1.615642e+07,-2.770040e+05,7.970078e+06
2473,2.369282e+03,miss,-12.961786,-5.084732,78.779043,1.626594e+06,-3.159397e+06,-1.767417e+07
2474,2.369387e+03,hit,-60.872349,51.894329,1.239251,1.407907e+07,-1.125824e+07,-2.238632e+05
2475,2.369583e+03,miss,-1.430755,0.646016,79.984596,-2.017283e+06,-3.844610e+06,-1.749842e+07
2476,2.370778e+03,miss,6.709392,-66.589584,-43.827062,2.921727e+06,1.437989e+07,1.048290e+07
2477,2.371370e+03,miss,-22.214022,37.959138,66.825452,5.142849e+06,-4.502003e+06,-1.669052e+07
2478,2.372490e+03,miss,4.974113,4.379008,79.725043,-3.478198e+06,-4.495614e+06,-1.712120e+07
2479,2.372918e+03,miss,-0.466002,0.143051,79.998515,4.128035e+06,1.670212e+06,-1.748349e+07
2480,2.373199e+03,miss,69.710157,33.252236,-20.851446,-1.518470e+07,-8.957002e+06,3.839037e+06
2481,2.373242e+03,miss,68.009011,-39.944153,-13.388021,-1.708813e+07,4.834400e+06,3.189303e+06
2482,2.373320e+03,hit,-17.124270,-77.941383,5.648032,3.748401e+06,1.762010e+07,-1.019584e+06
2483,2.373574e+03,miss,37.804277,3.513945,70.416538,-7.637933e+06,3.637263e+06,-1.593816e+07
2484,2.374716e+03,miss,-56.623635,-45.567853,33.426557,9.985745e+06,1.196899e+07,-9.098225e+06
2485,2.374787e+03,miss,19.405762,25.027698,-73.464486,-3.178392e+06,-1.450841e+06,1.770740e+07
2486,2.375326e+03,hit,-7.976245,79.234708,7.631551,5.685561e+06,-1.705995e+07,-1.570148e+06
2487,2.375687e+03,miss,27.944351,48.616099,57.057762,-9.348729e+06,-7.637243e+06,-1.342223e+07
2488,2.377605e+03,miss,44.633357,-47.610122,-46.272451,-1.295375e+07,7.378980e+06,1.019297e+07
2489,2.378173e+03,miss,72.797459,32.646886,5.891584,-1.774522e+07,-3.051995e+06,-1.419811e+06
2490,2.378455e+03,miss,-17.550752,-42.367941,65.550963,-2.196314e+05,8.441245e+06,-1.596745e+07
2491,2.382652e+03,hit,-71.403929,-36.001826,2.312460,1.472282e+07,1.047082e+07,-6.622199e+05
2492,2.383366e+03,miss,-12.207007,53.596657,-58.123896,4.522018e+06,-8.895665e+06,1.507828e+07
2493,2.383649e+03,miss,-5.604356,-68.895044,40.274857,-2.456710e+06,1.451738e+07,-1.049690e+07
2494,2.383890e+03,miss,-11.484903,20.731907,76.408671,-8.190891e+05,-1.756440e+06,-1.797920e+07
2495,2.384072e+03,miss,60.520647,50.908610,-12.065020,-1.600703e+07,-7.846207e+06,3.040520e+06
2496,2.384509e+03,miss,0.884437,11.148273,-79.214480,-3.350614e+06,6.893185e+05,1.775925e+07
2497,2.385170e+03,hit,76.147202,22.872367,8.857682,-1.549867e+07,-9.045471e+06,-2.270205e+06
2498,2.386225e+03,miss,10.305208,-30.870067,-73.081062,-6.419606e+06,5.366845e+06,1.604100e+07
2499,2.386673e+03,hit,-63.784844,48.285189,-0.184817,1.634374e+07,-7.763327e+06,5.015835e+04
2500,2.387495e+03,miss,25.968900,-22.604604,-72.212520,-5.215886e+06,8.803559e+06,1.492629e+07
2501,2.387837e+03,miss,-28.242616,34.110915,66.624321,2.284821e+06,-9.642994e+06,-1.514402e+07
2502,2.388162e+03,miss,26.142646,61.966539,43.321012,-2.214617e+06,-1.553404e+07,-9.021243e+06
2503,2.388456e+03,miss,44.779973,-37.752510,-54.493137,-1.275712e+07,5.129004e+06,1.177214e+07
2504,2.388473e+03,miss,-58.254793,32.062258,44.479104,1.020272e+07,-9.158614e+06,-1.181781e+07
2505,2.391049e+03,miss,-58.312569,4.764600,54.561369,1.070451e+07,9.108033e+05,-1.457991e+07
2506,2.391290e+03,miss,31.926837,-50.753597,52.959886,-3.310103e+06,1.349817e+07,-1.161316e+07
2507,2.392583e+03,miss,-31.751053,-11.723084,-72.487516,3.083004e+06,4.404326e+06,1.730021e+07
2508,2.392707e+03,miss,-13.987791,-54.187874,57.166563,3.961704e+06,9.077868e+06,-1.516953e+07
2509,2.393192e+03,miss,-65.376833,43.968509,13.879480,1.680925e+07,-5.884981e+06,-3.331665e+06
2510,2.393212e+03,miss,-13.674443,70.461426,35.329832,-1.329279e+06,-1.630296e+07,-7.793139e+06
2511,2.394228e+03,miss,-23.110142,-4.066199,-76.481288,4.484482e+06,5.235377e+06,1.676025e+07
2512,2.394601e+03,miss,-34.794203,67.631235,-24.806843,6.085650e+06,-1.642422e+07,4.656935e+06
2513,2.394652e+03,miss,-0.385958,0.178204,-79.998870,-4.006757e+06,-1.656090e+06,1.759793e+07
2514,2.395471e+03,miss,0.265735,-6.038246,79.771354,-2.541754e+06,-2.359481e+06,-1.779238e+07
2515,2.396223e+03,miss,-21.123880,54.888884,-54.230915,6.275897e+06,-1.351760e+07,1.032410e+07
2516,2.396285e+03,miss,-2.129177,-3.417704,79.898598,-3.761235e+06,2.002302e+06,-1.762249e+07
2517,2.396852e+03,miss,-61.941931,-23.784359,44.693416,1.254156e+07,3.809065e+06,-1.252941e+07
2518,2.398068e+03,miss,27.188212,-16.236695,-73.465440,-7.622928e+06,-5.708149e+05,1.644742e+07
2519,2.398372e+03,miss,-7.073581,12.708564,78.666745,-2.861502e+06,-2.134895e+06,-1.778337e+07
2520,2.399585e+03,miss,-71.160205,34.367730,-12.453287,1.756585e+07,-3.455227e+06,2.943314e+06
2521,2.399911e+03,miss,43.845173,-21.806142,63.262097,-6.238406e+06,4.770556e+06,-1.635633e+07
2522,2.401178e+03,miss,-19.254698,13.260275,76.507658,4.491128e+06,1.542325e+06,-1.751657e+07
2523,2.401397e+03,miss,-75.182346,-15.741173,22.356887,1.749901e+07,2.501727e+06,-4.115263e+06
2524,2.401914e+03,miss,33.643624,-19.576457,69.891837,-8.018823e+06,-9.519411e+04,-1.628403e+07
2525,2.403230e+03,miss,78.049265,-12.759450,12.062698,-1.798697e+07,1.048454e+06,-2.242859e+06
2526,2.403834e+03,miss,-59.322399,36.559458,39.297061,1.202431e+07,-1.117123e+07,-7.769376e+06
2527,2.403919e+03,miss,-21.907897,60.508034,-47.527065,7.889729e+06,-1.343975e+07,9.320969e+06
2528,2.404293e+03,miss,0.879186,-73.587935,-31.369457,3.974871e+06,1.582874e+07,7.966055e+06
2529,2.404923e+03,miss,-73.368857,26.575193,17.628667,1.453211e+07,-1.008536e+07,-4.122633e+06
2530,2.409197e+03,miss,-52.575365,-45.563873,39.493855,9.378461e+06,1.326638e+07,-8.156405e+06
2531,2.409636e+03,miss,9.823305,34.019546,71.736833,4.746228e+04,-1.057664e+07,-1.478755e+07
2532,2.410726e+03,miss,22.445658,-76.679304,4.059153,-3.189684e+06,1.788693e+07,-7.566670e+05
2533,2.410841e+03,miss,44.167595,-65.462199,12.803283,-1.294498e+07,1.230250e+07,-3.432300e+06
2534,2.410847e+03,miss,20.930265,43.670302,-63.677537,-1.495522e+06,-7.841221e+06,1.633965e+07
2535,2.411004e+03,miss,-42.413017,-22.282901,64.067217,1.154426e+07,1.135856e+06,-1.400596e+07
2536,2.412663e+03,miss,35.313483,-61.704639,36.680996,-7.500606e+06,1.273498e+07,-1.060735e+07
2537,2.412787e+03,miss,-79.636803,-6.972172,3.060795,1.818149e+07,2.975604e+05,-5.626480e+05
2538,2.413204e+03,miss,-0.596136,27.363778,-75.172258,-4.293793e+06,-5.489196e+06,1.680658e+07
2539,2.413426e+03,miss,-37.532362,-12.705931,69.497346,1.079165e+07,4.757510e+06,-1.385517e+07
2540,2.414466e+03,miss,75.939209,6.163270,24.397758,-1.671831e+07,-1.627347e+05,-7.188439e+06
2541,2.414790e+03,miss,-15.817706,18.588416,76.185766,7.572735e+06,-3.774708e+06,-1.611371e+07
2542,2.414816e+03,miss,1.103777,8.283408,79.562345,2.882890e+06,1.371996e+06,-1.791805e+07
2543,2.415295e+03,miss,55.783920,45.702779,34.632503,-1.496140e+07,-7.667819e+06,-6.976867e+06
2544,2.415452e+03,miss,-6.035477,-43.810480,66.664945,1.510077e+06,1.253631e+07,-1.311099e+07
2545,2.416132e+03,miss,-37.059187,26.331361,-65.827624,9.779780e+06,-8.237781e+06,1.295861e+07
2546,2.416794e+03,miss,17.897613,-69.391306,35.560121,-4.807576e+06,1.627502e+07,-6.597916e+06
2547,2.416865e+03,miss,22.063240,27.578351,-71.781948,-7.717349e+06,-2.619430e+06,1.628227e+07
2548,2.417052e+03,miss,-4.336207,6.339953,-79.630411,3.268770e+06,2.404632e+06,1.775076e+07
2549,2.417291e+03,miss,5.463264,-45.779649,65.378716,2.744237e+06,1.142681e+07,-1.390995e+07
2550,2.418704e+03,miss,-78.125150,-11.485015,12.827916,1.795676e+07,1.955969e+06,-2.347871e+06
2551,2.418957e+03,miss,76.607333,0.330823,-23.047932,-1.685178e+07,1.302364e+06,6.792614e+06
2552,2.422352e+03,miss,-75.633705,15.445788,20.999292,1.623161e+07,-7.113319e+06,-4.268416e+06
2553,2.422659e+03,miss,25.802518,36.763729,-66.201649,-8.469609e+06,-9.400598e+06,1.312328e+07
2554,2.423179e+03,miss,0.132252,0.211417,79.999611,1.062050e+05,4.375809e+06,-1.769854e+07
2555,2.423210e+03,miss,-26.434933,-6.031631,75.264957,3.554952e+06,-2.459317e+06,-1.771202e+07
2556,2.423561e+03,miss,-51.479219,61.091916,4.203303,1.083575e+07,-1.460930e+07,-1.266665e+06
2557,2.424563e+03,miss,-17.310694,66.109649,41.591515,2.282531e+06,-1.626646e+07,-7.923338e+06
2558,2.424876e+03,miss,44.420372,12.178620,-65.410334,-6.405153e+06,-4.697801e+06,1.641751e+07
2559,2.424944e+03,miss,38.780944,47.204647,-51.650360,-9.925210e+06,-1.175117e+07,9.799979e+06
2560,2.425413e+03,miss,-41.450086,-21.338934,-65.011847,5.435327e+06,5.741211e+06,1.643774e+07
2561,2.425859e+03,miss,16.039414,11.798190,77.482514,-6.291156e+06,-5.462691e+06,-1.622792e+07
2562,2.426277e+03,hit,-54.775169,58.233845,2.915512,1.541149e+07,-9.737742e+06,-6.961795e+05
2563,2.426291e+03,miss,2.785583,-76.416688,-23.510219,4.346207e+05,1.771214e+07,4.349166e+06
2564,2.426890e+03,miss,-49.530484,-38.927210,-49.309264,7.766734e+06,1.180793e+07,1.153936e+07
2565,2.427432e+03,miss,-39.782301,-69.400929,0.937868,1.171040e+07,1.399334e+07,-1.839992e+05
2566,2.427667e+03,miss,33.305592,-65.919008,-30.747714,-5.972122e+06,1.473324e+07,8.959818e+06
2567,2.427795e+03,miss,36.612376,4.997116,70.954653,-4.542199e+06,-3.332253e+06,-1.735785e+07
2568,2.428241e+03,miss,63.623525,17.960512,45.049607,-1.478764e+07,-6.295649e+06,-8.647664e+06
2569,2.428430e+03,miss,12.363705,-50.883541,60.481436,-2.194275e+06,8.330246e+06,-1.609067e+07
2570,2.428444e+03,miss,-14.544465,-22.242875,-75.456697,3.367591e+06,8.751411e+06,1.565859e+07
2571,2.430053e+03,miss,-47.051641,-2.499422,64.652115,7.925252e+06,3.890682e+06,-1.598102e+07
2572,2.430763e+03,miss,-11.229122,14.007323,77.959616,-1.617429e+06,-1.319725e+06,-1.814055e+07
2573,2.430881e+03,miss,2.914486,-0.485478,-79.945419,-3.740990e+06,3.226270e+06,1.757981e+07
2574,2.431874e+03,miss,3.086330,-16.848990,-78.144649,-5.056323e+06,3.071665e+06,1.727971e+07
2575,2.432765e+03,miss,-3.616264,-77.864518,18.001096,5.096643e+06,1.693057e+07,-4.592605e+06
2576,2.433939e+03,miss,-57.432849,-5.291385,55.438877,1.271078e+07,5.437548e+06,-1.194748e+07
2577,2.434360e+03,miss,-6.726178,-20.371206,-77.069920,5.813540e+06,4.362946e+06,1.676599e+07
2578,2.435399e+03,miss,13.937585,-4.622295,-78.640817,-4.311377e+06,-3.244948e+06,1.746298e+07
2579,2.436723e+03,miss,-37.611469,40.859923,-57.583367,6.455152e+06,-7.108095e+06,1.555831e+07
2580,2.436825e+03,miss,-50.092591,20.041269,59.068434,1.368615e+07,-2.157766e+06,-1.192907e+07
2581,2.436865e+03,miss,28.145479,39.734894,-63.474169,-8.258125e+06,-1.056745e+07,1.242606e+07
2582,2.436981e+03,miss,-4.190563,0.044033,-79.890157,-1.517768e+06,-3.739681e+06,1.783260e+07
2583,2.437106e+03,miss,56.998926,37.085184,42.140379,-1.000911e+07,-1.190334e+07,-9.614353e+06
2584,2.437752e+03,miss,-67.201736,-38.292150,-20.436192,1.628688e+07,7.385931e+06,3.818591e+06
2585,2.437986e+03,miss,-28.106609,-7.006819,74.571597,2.990587e+06,4.645280e+06,-1.743290e+07
2586,2.438114e+03,miss,-40.482080,-22.862011,-65.103991,7.851701e+06,9.036279e+06,1.382542e+07
2587,2.439114e+03,miss,-35.210637,11.216658,70.953489,3.806046e+06,-2.508946e+06,-1.771447e+07
2588,2.439793e+03,miss,-2.013330,-22.792624,76.657960,3.454071e+06,7.765060e+06,-1.620029e+07
2589,2.440068e+03,miss,-74.306763,27.087933,-12.031161,1.523753e+07,-9.810148e+06,2.508538e+06
2590,2.440102e+03,miss,-12.997454,77.959440,-12.385146,-4.036106e+05,-1.812434e+07,2.462483e+06
2591,2.440332e+03,miss,28.230694,51.692348,54.138056,-9.798008e+06,-8.671402e+06,-1.278890e+07
2592,2.440915e+03,miss,1.839405,0.468574,-79.977478,1.707100e+06,3.815468e+06,1.781455e+07
2593,2.441255e+03,miss,-37.964009,44.393294,54.662322,4.636770e+06,-1.233564e+07,-1.269682e+07
2594,2.441468e+03,miss,-78.119151,-0.829078,17.225296,1.802402e+07,-1.282555e+05,-3.166089e+06
2595,2.442216e+03,miss,53.854802,-57.256582,14.877637,-8.686630e+06,1.566819e+07,-3.749496e+06
2596,2.442343e+03,miss,2.651182,-5.246103,-79.783768,-2.085946e+06,5.241414e+06,1.741271e+07
2597,2.442604e+03,miss,-30.711561,34.890999,65.110815,7.867350e+06,-1.039501e+07,-1.284953e+07
2598,2.442799e+03,miss,8.095542,40.893719,-68.280055,-9.805696e+04,-5.715146e+06,1.739012e+07
2599,2.443193e+03,miss,-19.241411,19.298373,75.215297,5.464143e+06,-7.877523e+06,-1.559585e+07
2600,2.445388e+03,miss,1.048508,-1.459745,-79.979809,3.204244e+06,3.135804e+06,1.775791e+07
2601,2.446165e+03,miss,53.732041,-44.775532,-38.833226,-1.359405e+07,6.636615e+06,1.032994e+07
2602,2.446393e+03,miss,-25.961595,-31.032120,69.014514,2.237627e+06,9.631076e+06,-1.542131e+07
2603,2.446565e+03,miss,0.020235,0.149594,79.999858,-2.180282e+06,3.842506e+06,-1.777883e+07
2604,2.447235e+03,miss,-63.158252,16.570906,-46.221644,1.255088e+07,-2.725966e+06,1.306681e+07
2605,2.447266e+03,miss,75.535804,-10.141747,24.320513,-1.601887e+07,6.752070e+06,-5.788488e+06
2606,2.447999e+03,miss,64.931541,41.998230,-20.494966,-1.521022e+07,-8.199954e+06,6.100150e+06
2607,2.450056e+03,miss,-25.388589,-35.300113,-67.151482,2.856285e+06,1.098668e+07,1.439508e+07
2608,2.453072e+03,miss,55.209817,-33.732115,-47.053379,-1.352516e+07,3.488407e+06,1.189112e+07
2609,2.453518e+03,miss,-41.341353,-21.939350,64.881102,7.141179e+06,1.917733e+06,-1.678942e+07
2610,2.454799e+03,miss,-5.081211,-66.277824,44.513271,-3.321424e+06,1.442720e+07,-1.084244e+07
2611,2.456703e+03,miss,-52.879774,-45.440213,39.229026,1.099512e+07,9.317957e+06,-1.137009e+07
2612,2.457243e+03,miss,57.827726,38.986526,39.191898,-1.015191e+07,-1.115953e+07,-1.046296e+07
2613,2.458540e+03,hit,73.958345,-30.485666,-0.887302,-1.745611e+07,5.697360e+06,2.684216e+05
2614,2.459228e+03,miss,25.617108,-46.954946,-59.489468,-7.210326e+06,6.999774e+06,1.537389e+07
2615,2.459396e+03,miss,76.267636,-8.588151,-22.571916,-1.786554e+07,1.063025e+05,4.263377e+06
2616,2.460283e+03,miss,57.426549,37.347028,41.320588,-1.073047e+07,-9.267011e+06,-1.168189e+07
2617,2.460998e+03,miss,2.356796,-11.075029,-79.194629,2.662163e+06,-7.439381e+05,1.816437e+07
2618,2.461708e+03,miss,48.759919,-26.680323,-57.538080,-1.059333e+07,9.424793e+06,1.168919e+07
2619,2.462129e+03,miss,10.507560,50.858098,-60.852651,1.402095e+06,-1.299512e+07,1.291903e+07
2620,2.462156e+03,miss,20.483174,-15.110006,-75.842780,-4.169905e+06,-1.106080e+06,1.786427e+07
2621,2.462238e+03,miss,-28.542284,-55.418145,-50.141471,2.703914e+06,1.247651e+07,1.322046e+07
2622,2.462838e+03,miss,3.910054,-71.432730,-35.806096,9.444094e+04,1.710221e+07,6.733711e+06
2623,2.462864e+03,miss,-11.117845,-19.906729,-76.681912,1.868061e+06,8.419344e+06,1.623164e+07
2624,2.464142e+03,miss,-8.893445,23.052378,-76.088728,-7.041548e+05,-1.664044e+06,1.829621e+07
2625,2.464720e+03,miss,-73.985717,-22.305883,20.701721,1.569282e+07,8.599522e+06,-4.228369e+06
2626,2.465053e+03,miss,-16.407726,11.402349,-77.464656,4.602880e+06,1.884509e+06,1.770320e+07
2627,2.465777e+03,miss,-35.967989,-37.767926,-60.662076,1.030765e+07,4.564828e+06,1.453118e+07
2628,2.467973e+03,miss,17.389764,71.992278,30.244139,-2.554998e+06,-1.589690e+07,-8.905187e+06
2629,2.469702e+03,miss,12.137831,-25.310052,74.913779,-1.052999e+05,8.930290e+06,-1.609403e+07
2630,2.469765e+03,miss,-6.653509,-67.952581,41.691457,-2.903042e+06,1.566600e+07,-9.216101e+06
2631,2.470508e+03,miss,-49.437121,-26.935545,56.837026,8.311266e+06,9.661658e+06,-1.328400e+07
2632,2.471791e+03,miss,-65.113117,42.485268,18.848977,1.696451e+07,-5.583340e+06,-4.483016e+06
2633,2.472758e+03,miss,34.221025,62.069402,-37.098663,-3.971148e+06,-1.608547e+07,8.042753e+06
2634,2.473212e+03,miss,-59.628351,-16.106193,50.843391,1.535069e+07,2.695948e+06,-9.815728e+06
2635,2.473252e+03,miss,-27.454764,-48.459212,57.427700,9.481218e+06,7.797201e+06,-1.373230e+07
2636,2.475209e+03,miss,-25.387977,65.285819,38.642108,9.102577e+06,-1.244621e+07,-1.008807e+07
2637,2.475272e+03,miss,-8.506893,75.092149,-26.245036,-2.011401e+06,-1.691240e+07,7.033355e+06
2638,2.475400e+03,miss,-16.264623,-48.473059,-61.529055,7.153008e+06,1.138945e+07,1.259664e+07
2639,2.476419e+03,miss,-42.803756,64.733013,19.428727,1.004469e+07,-1.502852e+07,-3.598343e+06
2640,2.476527e+03,miss,-56.519008,-10.047234,55.719429,1.484226e+07,1.202443e+06,-1.086170e+07
2641,2.476778e+03,miss,4.974634,29.610748,-74.151579,-4.874948e+06,-4.084059e+06,1.730043e+07
2642,2.476978e+03,miss,-15.313596,0.568953,78.518597,6.585070e+06,2.716553e+06,-1.700101e+07
2643,2.479279e+03,miss,12.140595,-70.469382,-35.870213,-5.807051e+06,1.599556e+07,7.107231e+06
2644,2.479853e+03,miss,-36.949989,8.950743,-70.388796,7.935227e+06,2.530000e+06,1.645608e+07
2645,2.481870e+03,miss,-20.403351,-45.267081,-62.726347,2.654312e+06,1.302549e+07,1.279607e+07
2646,2.482275e+03,miss,51.379696,43.757086,-42.958635,-1.351956e+07,-9.483731e+06,8.233111e+06
2647,2.482581e+03,miss,1.266202,18.177241,77.897270,-4.625413e+06,-4.808033e+06,-1.720564e+07
2648,2.482602e+03,miss,-78.333535,12.444183,-10.440288,1.795859e+07,-2.793699e+06,3.198877e+06
2649,2.483033e+03,miss,-36.441251,69.213807,16.777488,6.819015e+06,-1.639447e+07,-5.032898e+06
2650,2.483107e+03,miss,-59.908928,-38.263432,36.699185,1.146241e+07,9.980901e+06,-1.046960e+07
2651,2.484511e+03,miss,59.852247,-44.018499,-29.666146,-1.275897e+07,9.993715e+06,8.839941e+06
2652,2.485482e+03,miss,50.231118,60.279031,-15.597218,-7.929357e+06,-1.616763e+07,4.083691e+06
2653,2.486275e+03,miss,-31.958733,-37.011269,-63.315127,7.320092e+06,4.478719e+06,1.635266e+07
2654,2.486343e+03,miss,50.914641,-37.305105,-49.153112,-1.120300e+07,5.580774e+06,1.357974e+07
2655,2.486446e+03,miss,20.341779,70.512130,31.847316,-8.724067e+06,-1.419819e+07,-7.961028e+06
2656,2.486681e+03,hit,70.745489,-37.291984,-2.093747,-1.796604e+07,4.251808e+06,5.014080e+05
2657,2.487158e+03,miss,15.310510,49.684870,60.802976,-4.664221e+06,-7.870799e+06,-1.604584e+07
2658,2.487267e+03,miss,-33.639804,60.546362,40.031259,1.141696e+07,-1.156316e+07,-8.782641e+06
2659,2.487385e+03,miss,-6.078739,-0.177312,-79.768524,-2.579813e+06,-2.199528e+06,1.815795e+07
2660,2.487419e+03,miss,3.862019,10.506541,-79.212988,8.067596e+04,-6.552458e+06,1.727044e+07
2661,2.487519e+03,miss,33.223665,-32.658557,-65.035427,-1.062585e+07,4.186356e+06,1.451856e+07
2662,2.487587e+03,miss,77.983928,0.472042,17.840519,-1.757819e+07,2.109202e+06,-5.271692e+06
2663,2.487859e+03,miss,-54.987785,-5.668522,-57.829156,1.366430e+07,4.266974e+06,1.167688e+07
2664,2.488611e+03,miss,-0.381942,-14.698104,78.637268,4.564094e+06,3.223406e+06,-1.761112e+07
2665,2.490431e+03,miss,50.372783,23.402446,-57.575240,-8.543875e+06,-8.852977e+06,1.379309e+07
2666,2.491339e+03,miss,-77.603373,17.969578,7.403427,1.672613e+07,-7.724657e+06,-1.520896e+06
2667,2.491762e+03,miss,-18.352022,-74.003262,24.222315,8.442890e+06,1.553670e+07,-5.397559e+06
2668,2.492117e+03,miss,-13.459320,-8.888612,78.357127,-1.156305e+06,2.306570e+05,-1.845165e+07
2669,2.492209e+03,miss,60.563571,-48.506783,-19.471670,-1.073677e+07,1.439344e+07,4.406488e+06
2670,2.492564e+03,miss,30.321870,70.377429,22.969583,-1.001315e+07,-1.418576e+07,-6.357371e+06
2671,2.492779e+03,miss,-76.639755,14.383191,17.873772,1.708154e+07,-4.596546e+06,-5.388636e+06
2672,2.493325e+03,miss,0.203602,-0.045047,79.999728,3.600636e+06,-2.606345e+06,-1.795165e+07
2673,2.494119e+03,miss,13.290163,-7.557787,-78.525483,-4.985383e+06,-2.330566e+06,1.765907e+07
2674,2.494597e+03,miss,-23.150732,32.304198,-69.429694,6.099205e+06,-3.060598e+06,1.719379e+07
2675,2.495792e+03,miss,41.641693,54.511867,41.163404,-5.819804e+06,-1.496932e+07,-9.187337e+06
2676,2.495818e+03,miss,40.282469,-68.360594,10.205479,-5.816618e+06,1.743741e+07,-2.113104e+06
2677,2.496912e+03,miss,-4.571930,12.906119,78.819601,7.557282e+05,-7.118686e+06,-1.706648e+07
2678,2.498113e+03,miss,-12.464602,6.912946,-78.720041,1.501206e+06,-5.802190e+06,1.751449e+07
2679,2.498899e+03,miss,17.152247,47.916687,-61.723509,5.003601e+05,-1.045045e+07,1.527487e+07
2680,2.499513e+03,miss,48.622412,-50.816745,-38.125051,-1.148863e+07,9.480503e+06,1.099999e+07
2681,2.499908e+03,miss,29.285029,-55.439021,49.688047,-2.311433e+06,1.414270e+07,-1.172875e+07
2682,2.500043e+03,miss,36.807375,-8.766859,70.486590,-7.330118e+06,6.345974e+06,-1.577780e+07
2683,2.500811e+03,miss,-72.090197,22.287966,26.575367,1.698046e+07,-1.362051e+06,-7.270153e+06
2684,2.501165e+03,miss,12.017999,79.090216,0.552602,-4.723199e+06,-1.790973e+07,-1.665401e+05
2685,2.501626e+03,miss,-63.971452,17.495956,-44.738628,1.320554e+07,-2.353362e+06,1.277628e+07
2686,2.501924e+03,miss,29.864345,34.742199,-65.582776,-2.976315e+06,-1.041972e+07,1.502564e+07
2687,2.502050e+03,miss,23.785711,-62.634044,43.717462,-5.524479e+06,1.560151e+07,-8.324028e+06
2688,2.502357e+03,miss,11.366836,4.917219,-79.035536,-1.838957e+05,-4.948453e+06,1.785322e+07
2689,2.502397e+03,miss,18.107297,-9.134281,-77.386631,-6.339831e+06,5.439628e+06,1.653726e+07
2690,2.502974e+03,miss,0.439115,26.987753,-75.309152,-4.361022e+06,-4.424990e+06,1.745692e+07
2691,2.503338e+03,miss,-34.421690,-55.760122,45.890696,4.892761e+06,1.510263e+07,-9.558475e+06
2692,2.503798e+03,miss,-29.104167,39.100616,63.435710,2.557320e+06,-8.521614e+06,-1.625725e+07
2693,2.506019e+03,miss,-28.411745,-15.413567,-73.179196,5.791762e+06,-9.892189e+05,1.758516e+07
2694,2.507415e+03,miss,-54.498868,-22.441371,-54.094900,1.361286e+07,6.883758e+06,1.054780e+07
2695,2.509218e+03,miss,59.027054,-52.437300,-12.889393,-1.610392e+07,8.565297e+06,3.391026e+06
2696,2.509894e+03,miss,26.659341,62.709674,-41.913916,-9.104272e+06,-1.383038e+07,8.374068e+06
2697,2.510063e+03,miss,-38.076816,15.573247,68.612171,1.001762e+07,-6.689696e+06,-1.411420e+07
2698,2.511664e+03,miss,-46.954855,-28.689668,58.070169,7.250753e+06,7.085016e+06,-1.554877e+07
2699,2.512017e+03,miss,46.640641,59.518288,-26.119417,-1.305079e+07,-1.216454e+07,5.126826e+06
2700,2.512564e+03,miss,-35.985718,-70.870222,-9.079633,1.095144e+07,1.475833e+07,2.629847e+06
2701,2.512923e+03,miss,-1.919413,-13.424847,78.842180,2.771887e+06,-9.060705e+05,-1.833585e+07
2702,2.513242e+03,miss,-43.379723,-32.864416,-58.635567,1.182509e+07,3.305774e+06,1.392805e+07
2703,2.513944e+03,miss,32.204275,27.044809,68.054852,-1.021032e+07,-7.132680e+06,-1.377396e+07
2704,2.515931e+03,miss,-78.357064,8.844658,13.488609,1.828510e+07,1.734437e+06,-2.786998e+06
2705,2.516651e+03,miss,29.948488,15.640772,72.515200,-8.831431e+06,-6.444546e+06,-1.502307e+07
2706,2.516656e+03,miss,-49.912811,27.163126,56.310530,1.076078e+07,-2.514762e+06,-1.493658e+07
2707,2.516993e+03,miss,-32.604552,-32.681776,-65.336397,4.578980e+06,5.208686e+06,1.723858e+07
2708,2.518296e+03,miss,73.132775,-20.403413,-25.205117,-1.649594e+07,7.036860e+06,4.879683e+06
2709,2.518852e+03,miss,16.929114,12.386859,77.200847,-1.682760e+05,-5.543015e+06,-1.774169e+07
2710,2.519128e+03,hit,47.936630,-63.818193,-5.414578,-1.383115e+07,1.237065e+07,1.106816e+06
2711,2.520386e+03,miss,-45.870834,-22.511707,61.555582,6.915171e+06,5.431476e+06,-1.638325e+07
2712,2.522428e+03,miss,21.921250,28.917710,71.296738,-2.055277e+06,-9.783382e+06,-1.568671e+07
2713,2.522627e+03,miss,-34.385930,39.961739,60.171980,3.810788e+06,-9.415574e+06,-1.558409e+07
2714,2.523730e+03,miss,38.734704,10.938656,69.137316,-6.117004e+06,6.800404e+05,-1.755876e+07
2715,2.524647e+03,miss,21.502009,-41.627873,-64.844305,-6.033016e+06,1.191757e+07,1.295725e+07
2716,2.525208e+03,miss,-28.218642,-1.635610,-74.840050,2.218600e+06,-9.595508e+05,1.845400e+07
2717,2.525285e+03,miss,-12.790961,15.622097,77.410215,4.946971e+06,-6.985124e+06,-1.652692e+07
2718,2.525361e+03,miss,-37.139348,69.677207,-12.874611,5.064520e+06,-1.754908e+07,3.576910e+06
2719,2.525526e+03,miss,-26.844144,35.663803,-66.388893,8.125134e+06,-4.086507e+06,1.623943e+07
2720,2.526834e+03,miss,24.471821,-2.431546,-76.126326,-9.274503e+06,-6.005276e+05,1.613192e+07
2721,2.527889e+03,miss,-1.835883,20.164581,77.395214,-4.076137e+06,-5.006925e+06,-1.746644e+07
2722,2.528688e+03,miss,6.515806,-34.281586,-71.988312,1.627532e+06,4.763912e+06,1.793116e+07
2723,2.529409e+03,miss,-5.147200,-17.254416,77.947363,5.603019e+06,3.700615e+06,-1.737472e+07
2724,2.530479e+03,miss,-15.251032,-5.081245,-78.368278,2.500324e+06,-3.339987e+06,1.815789e+07
2725,2.531278e+03,miss,26.188582,23.823394,-71.739836,-8.782812e+06,-7.227064e+06,1.475999e+07
2726,2.531296e+03,miss,-15.129688,77.519844,-12.718741,1.496473e+06,-1.841341e+07,2.436151e+06
2727,2.531454e+03,miss,-10.581199,-47.264949,-63.671523,2.466817e+06,7.280745e+06,1.697514e+07
2728,2.532230e+03,miss,-28.585477,74.039421,-10.051598,5.760177e+06,-1.745247e+07,3.096428e+06
2729,2.532481e+03,miss,32.323158,-70.874582,-18.221060,-3.382337e+06,1.768128e+07,4.829385e+06
2730,2.532903e+03,miss,-0.453283,-4.727407,-79.858914,-2.528230e+06,-2.662463e+06,1.827479e+07
2731,2.532969e+03,miss,-43.494190,20.086981,64.068469,1.262444e+07,-4.853364e+06,-1.282677e+07
2732,2.533803e+03,miss,-15.417161,-74.032559,26.105390,9.171024e+05,1.789715e+07,-5.140316e+06
2733,2.535068e+03,miss,-17.500417,-57.341681,52.968548,4.069234e+05,1.211946e+07,-1.416681e+07
2734,2.535288e+03,miss,-61.967095,46.761440,19.324772,1.429326e+07,-1.141618e+07,-3.626159e+06
2735,2.536030e+03,miss,43.173224,-58.162954,33.957967,-1.246765e+07,1.038824e+07,-9.193444e+06
2736,2.536171e+03,miss,54.578137,-6.206359,58.161053,-1.461787e+07,1.839203e+06,-1.143818e+07
2737,2.536789e+03,miss,10.234056,-41.602070,-67.561320,-1.572342e+06,5.767823e+06,1.767036e+07
2738,2.537364e+03,miss,-52.124924,51.297420,-32.427874,9.498049e+06,-1.306838e+07,9.330855e+06
2739,2.537680e+03,miss,18.999477,28.896348,72.138900,-8.330985e+06,-4.754747e+06,-1.600284e+07
2740,2.538569e+03,miss,29.009664,-30.092739,68.211923,-3.007000e+06,5.234225e+06,-1.765748e+07
2741,2.539054e+03,miss,63.403580,-19.125595,44.879814,-1.621690e+07,1.631776e+06,-9.090743e+06
2742,2.539933e+03,miss,32.297908,-69.835778,21.904548,-3.478671e+06,1.770910e+07,-4.764386e+06
2743,2.540367e+03,miss,14.542306,50.497101,60.320512,-5.807051e+06,-8.332457e+06,-1.566272e+07
2744,2.541477e+03,miss,-6.361686,-74.137954,-29.378440,-2.244366e+06,1.666633e+07,8.113013e+06
2745,2.541584e+03,miss,57.782388,53.847222,12.715043,-1.617988e+07,-8.764013e+06,-3.169075e+06
2746,2.541662e+03,miss,27.082738,-41.987510,62.478591,-1.743666e+06,1.046940e+07,-1.536234e+07
2747,2.543507e+03,miss,-24.273160,4.285653,-76.108126,7.230345e+06,3.105376e+06,1.694054e+07
2748,2.543513e+03,miss,4.487045,-43.690622,-66.865506,-4.067015e+06,1.180518e+07,1.389248e+07
2749,2.543736e+03,miss,59.347637,50.781711,-17.293810,-1.585020e+07,-8.628256e+06,4.822747e+06
2750,2.544164e+03,miss,20.267569,-14.888219,75.944497,-3.676411e+05,1.948889e+06,-1.857579e+07
2751,2.544857e+03,miss,-15.978502,7.286914,78.048628,1.408449e+06,2.371526e+06,-1.847919e+07
2752,2.545101e+03,miss,-24.918801,47.685062,59.204630,4.988517e+06,-7.883817e+06,-1.618894e+07
2753,2.546157e+03,hit,79.666347,-6.393135,-3.521500,-1.861079e+07,-1.349276e+06,1.041374e+06
2754,2.546272e+03,miss,-59.813141,27.577160,45.408021,1.118661e+07,-7.834424e+06,-1.275790e+07
2755,2.546574e+03,miss,-35.641519,24.179960,67.416702,7.853089e+06,-1.169309e+06,-1.691997e+07
2756,2.547245e+03,miss,32.349490,68.662379,25.278218,-8.385873e+06,-1.485924e+07,-7.635189e+06
2757,2.547404e+03,miss,49.788792,11.665043,61.522378,-1.053899e+07,1.711511e+06,-1.534399e+07
2758,2.547480e+03,miss,29.549961,-22.730650,-70.782182,-7.766603e+06,7.029637e+05,1.698922e+07
2759,2.547589e+03,hit,-71.695918,-34.915736,-6.370769,1.481560e+07,1.132409e+07,1.313721e+06
2760,2.547711e+03,miss,-59.899686,-34.440885,40.321869,1.183014e+07,8.467426e+06,-1.174011e+07
2761,2.548450e+03,miss,18.320871,2.217476,77.842331,-5.275958e+06,3.851925e+06,-1.751879e+07
2762,2.548698e+03,miss,13.910272,-8.262830,-78.346857,-2.877981e+06,6.264973e+06,1.738052e+07
2763,2.549147e+03,miss,-38.750783,-51.610620,47.272833,1.013211e+07,8.756471e+06,-1.305149e+07
2764,2.549185e+03,miss,-7.430902,-79.642728,1.348168,5.978562e+06,1.771587e+07,-2.944209e+05
2765,2.549963e+03,miss,-54.521604,5.565521,58.278809,9.636809e+06,-2.818685e+05,-1.602627e+07
2766,2.552197e+03,miss,-61.821057,46.114277,-21.251596,1.395155e+07,-1.062556e+07,6.522788e+06
2767,2.553203e+03,miss,-5.110538,3.514658,-79.759197,2.009057e+06,-5.184211e+06,1.786955e+07
2768,2.553290e+03,miss,-65.483392,33.627985,31.322261,1.648677e+07,-3.551553e+06,-8.112825e+06
2769,2.553501e+03,miss,62.739298,-36.714566,-33.403910,-1.177385e+07,1.139203e+07,9.048316e+06
2770,2.554826e+03,miss,-14.800582,-66.749242,41.538915,-1.152828e+06,1.604290e+07,-9.578737e+06
2771,2.555185e+03,miss,29.756756,22.278693,70.839222,-6.986118e+06,-8.857309e+06,-1.494146e+07
2772,2.555350e+03,miss,19.438276,33.856550,69.827555,-6.867071e+06,-3.865849e+06,-1.698312e+07
2773,2.556162e+03,miss,-49.525817,-9.694459,62.074238,1.391218e+07,1.357091e+06,-1.245988e+07
2774,2.556939e+03,miss,-19.593796,-29.479570,71.742861,5.070659e+06,2.365190e+06,-1.787288e+07
2775,2.558456e+03,miss,27.376264,29.343157,69.206353,-3.023477e+06,-4.405999e+06,-1.795549e+07
2776,2.559503e+03,miss,3.180563,3.572582,79.856876,-2.833732e+05,-5.285008e+06,-1.797459e+07
2777,2.559933e+03,miss,10.974601,-50.184479,-61.327614,2.619253e+05,1.372685e+07,1.275388e+07
2778,2.559947e+03,miss,21.721214,5.676160,-76.785220,-4.433465e+05,-9.012492e+05,1.871228e+07
2779,2.560408e+03,miss,3.040489,68.596345,-41.052368,-3.013077e+06,-1.430253e+07,1.172947e+07
2780,2.560415e+03,miss,67.031000,-9.860463,42.539585,-1.360878e+07,5.141018e+06,-1.181497e+07
2781,2.560513e+03,miss,-16.528615,13.749931,-77.056760,6.808508e+06,2.237484e+05,1.745938e+07
2782,2.561271e+03,miss,-70.104538,36.289105,12.979006,1.578118e+07,-9.808338e+06,-2.467956e+06
2783,2.561308e+03,miss,-29.529315,27.882262,68.924589,6.753400e+06,-9.947532e+06,-1.437996e+07
2784,2.561309e+03,miss,-38.014645,11.290738,-69.479537,1.175416e+07,-5.206261e+05,1.459157e+07
2785,2.565339e+03,miss,74.534238,13.151132,-25.917081,-1.802749e+07,-1.429240e+06,4.986444e+06
2786,2.565934e+03,miss,2.603886,24.474833,-76.119658,-5.117706e+06,-5.111956e+06,1.731059e+07
2787,2.566251e+03,miss,-54.288292,5.025810,-58.545048,1.323928e+07,-4.892301e+06,1.236162e+07
2788,2.567858e+03,miss,-0.235694,-78.058872,17.514477,-3.424528e+06,1.810276e+07,-3.578545e+06
2789,2.567977e+03,miss,45.287915,-28.169450,-59.627903,-1.323712e+07,3.557282e+06,1.282124e+07
2790,2.568608e+03,hit,-35.517005,-71.456021,-5.707836,4.196865e+06,1.825237e+07,1.258454e+06
2791,2.569962e+03,miss,-29.679670,63.091060,-39.225443,1.087275e+07,-1.245458e+07,8.899373e+06
2792,2.569977e+03,miss,4.424442,6.130631,-79.641947,-5.421977e+06,-4.924358e+05,1.796924e+07
2793,2.570646e+03,miss,-38.296340,0.790981,-70.233644,4.782260e+06,5.390980e+05,1.815117e+07
2794,2.570825e+03,miss,11.870905,51.025322,-60.460716,9.253376e+05,-1.351120e+07,1.300930e+07
2795,2.571297e+03,miss,-50.403813,-55.144190,28.610732,1.481413e+07,9.277409e+06,-6.869226e+06
2796,2.572911e+03,miss,8.425228,-57.073543,-55.422254,-5.068298e+06,1.062400e+07,1.464171e+07
2797,2.574063e+03,miss,-27.635808,-36.032450,65.862923,7.821629e+06,1.067956e+07,-1.333655e+07
2798,2.575344e+03,miss,-42.950865,-49.443788,45.940560,1.192924e+07,1.140301e+07,-8.996372e+06
2799,2.575562e+03,miss,34.880994,28.598743,-66.071387,-9.583221e+06,-9.015702e+06,1.342308e+07
2800,2.575693e+03,miss,44.613506,-14.169854,-64.875653,-1.129652e+07,6.591553e+06,1.350030e+07
2801,2.576007e+03,miss,78.136049,-16.243102,5.560533,-1.770781e+07,6.079692e+06,-1.682897e+06
2802,2.576528e+03,miss,-43.938488,-66.411586,7.675321,1.200887e+07,1.438835e+07,-1.481568e+06
2803,2.576971e+03,miss,-2.195993,6.123128,79.735092,-3.433868e+06,-3.668286e+06,-1.811755e+07
2804,2.577783e+03,hit,-32.338805,73.172226,0.164359,1.146285e+07,-1.490660e+07,-3.676870e+04
2805,2.579816e+03,miss,20.649808,-1.083736,77.281375,-2.122729e+05,9.881560e+05,-1.878463e+07
2806,2.581191e+03,miss,-10.192077,-29.416347,-73.693962,3.319289e+06,2.407878e+06,1.836455e+07
2807,2.581867e+03,miss,-70.972644,-11.760314,34.993983,1.491487e+07,6.415188e+06,-9.516147e+06
2808,2.583618e+03,miss,-8.281031,-61.484240,50.508542,-1.364695e+06,1.272060e+07,-1.381048e+07
2809,2.584173e+03,miss,9.281337,74.838134,-26.704129,-1.838848e+06,-1.803624e+07,5.078772e+06
2810,2.584855e+03,miss,-75.651014,0.081019,26.017637,1.779346e+07,3.193509e+06,-5.269658e+06
2811,2.585109e+03,miss,34.382484,-71.165006,12.384940,-1.158295e+07,1.460941e+07,-2.647646e+06
2812,2.585239e+03,hit,11.610026,79.050340,4.031253,2.010950e+06,-1.869847e+07,-9.751968e+05
2813,2.585341e+03,miss,-17.690178,-76.115534,-17.131350,8.662915e+05,1.848681e+07,3.482689e+06
2814,2.585636e+03,miss,-78.663769,-1.850619,14.442528,1.797873e+07,3.725676e+06,-4.191263e+06
2815,2.586004e+03,miss,54.865881,-16.412526,-55.860220,-1.010258e+07,2.715038e+06,1.566203e+07
2816,2.587068e+03,miss,53.336076,41.707686,-42.611406,-1.225630e+07,-1.162517e+07,8.337687e+06
2817,2.587719e+03,miss,-32.280895,-52.574755,50.929745,9.500056e+06,1.279111e+07,-1.005506e+07
2818,2.588562e+03,miss,53.597432,-22.019619,-55.158423,-9.942042e+06,9.086359e+06,1.317867e+07
2819,2.592196e+03,miss,6.161113,9.980208,-79.135555,-4.488573e+06,-5.345462e+06,1.751744e+07
2820,2.592442e+03,miss,51.521961,-3.964673,61.071834,-1.413023e+07,-1.041490e+06,-1.244458e+07
2821,2.592727e+03,miss,44.236203,-5.855666,-66.399319,-6.775263e+06,-3.488310e+05,1.759628e+07
2822,2.593107e+03,miss,74.469566,-5.059156,-28.786954,-1.736909e+07,-3.366825e+06,6.533470e+06
2823,2.593606e+03,miss,-50.367098,-56.577262,-25.732643,1.093465e+07,1.454786e+07,4.956670e+06
2824,2.593928e+03,miss,-35.909738,3.402099,71.406698,5.500774e+06,-4.458634e+06,-1.748375e+07
2825,2.595540e+03,miss,-20.143587,-52.025038,-57.337870,6.496926e+06,1.351989e+07,1.144742e+07
2826,2.596476e+03,miss,-1.669262,57.751142,55.335515,4.863098e+06,-1.211556e+07,-1.362837e+07
2827,2.597092e+03,miss,-57.630915,-13.192140,53.894759,1.387994e+07,-1.592954e+06,-1.269107e+07
2828,2.597311e+03,miss,0.195754,-18.876485,77.740852,4.002530e+06,6.135931e+06,-1.739580e+07
2829,2.597943e+03,miss,-22.184218,-24.488876,72.857089,6.393932e+05,5.133347e+06,-1.815517e+07
2830,2.598045e+03,miss,-49.548323,44.650544,44.173437,1.390550e+07,-6.399662e+06,-1.104834e+07
2831,2.598273e+03,miss,35.528397,-9.152066,-71.091298,-6.985146e+06,6.528568e+06,1.627885e+07
2832,2.599059e+03,miss,16.444698,-30.350161,72.169520,-7.269745e+06,8.345305e+06,-1.529804e+07
2833,2.599375e+03,miss,48.161560,48.749842,41.278530,-8.526839e+06,-1.433920e+07,-8.845746e+06
2834,2.599648e+03,miss,5.930137,25.278324,75.669279,-6.554683e+05,-1.380910e+06,-1.882200e+07
2835,2.601976e+03,miss,4.259950,-13.626406,-78.715779,2.309707e+06,-1.664856e+05,1.874996e+07
2836,2.602648e+03,miss,-8.572509,-2.057973,-79.512746,3.761475e+06,4.589856e+06,1.793879e+07
2837,2.604855e+03,miss,-51.957924,7.880514,-60.318087,1.307753e+07,2.435036e+06,1.343009e+07
2838,2.604978e+03,miss,-9.019268,-21.416500,76.550548,6.040330e+06,2.542425e+06,-1.773093e+07
2839,2.608339e+03,miss,9.806409,3.777025,79.306799,1.825562e+06,1.390650e+06,-1.877577e+07
2840,2.608485e+03,miss,1.303004,15.355051,-78.501749,-3.938133e+06,-6.155263e+05,1.849131e+07
2841,2.609391e+03,miss,-65.118392,-44.752332,-12.522932,1.250717e+07,1.392082e+07,2.778846e+06
2842,2.609543e+03,miss,-21.196763,-74.936588,18.308603,2.620596e+06,1.838691e+07,-3.607696e+06
2843,2.610372e+03,miss,-10.425139,-5.050882,-79.156838,6.583303e+06,2.357221e+06,1.758348e+07
2844,2.611034e+03,miss,50.997928,52.380038,32.489121,-1.127578e+07,-1.382497e+07,-6.316088e+06
2845,2.611823e+03,miss,-7.620857,-7.087751,-79.320151,-1.390038e+06,-1.818901e+06,1.878919e+07
2846,2.612078e+03,miss,47.501311,62.937085,-13.511063,-8.530894e+06,-1.642004e+07,3.989422e+06
2847,2.612567e+03,miss,-18.150874,-5.587569,-77.713093,2.537331e+05,3.812799e+06,1.854116e+07
2848,2.612793e+03,miss,-39.526688,50.566333,-47.756538,1.110252e+07,-8.277965e+06,1.290801e+07
2849,2.613872e+03,miss,53.912959,42.663827,-40.904654,-1.522116e+07,-7.219454e+06,8.645865e+06
2850,2.614236e+03,miss,-60.386025,37.223687,-36.985472,1.495916e+07,-9.161214e+06,7.134495e+06
2851,2.614294e+03,miss,20.448439,49.134028,-59.730299,-5.086032e+06,-8.017028e+06,1.638514e+07
2852,2.615388e+03,miss,-2.691774,57.432250,55.626352,5.243740e+06,-1.242674e+07,-1.329822e+07
2853,2.616470e+03,miss,-11.430003,-32.166845,72.350875,-1.811366e+06,8.688347e+06,-1.673748e+07
2854,2.616552e+03,miss,-41.250535,39.520997,-56.004322,1.188880e+07,-9.589185e+06,1.120835e+07
2855,2.617304e+03,miss,-46.195304,-17.677413,62.876887,9.204081e+06,3.001575e+05,-1.655962e+07
2856,2.617459e+03,miss,-32.022896,11.451306,-72.411337,7.735141e+06,-6.842628e+06,1.588689e+07
2857,2.617837e+03,miss,43.296544,-34.369477,57.828612,-6.619683e+06,1.119700e+07,-1.378065e+07
2858,2.618292e+03,hit,78.022239,-15.126186,-9.150337,-1.878084e+07,-1.182345e+06,2.245852e+06
2859,2.620729e+03,miss,-17.794977,10.679875,-77.261110,4.990599e+06,-6.637991e+06,1.704485e+07
2860,2.621419e+03,miss,-60.934467,34.242591,38.915751,1.632344e+07,-5.359698e+06,-8.025555e+06
2861,2.621797e+03,miss,-9.353723,77.804179,16.094026,2.340100e+06,-1.813172e+07,-5.040553e+06
2862,2.621798e+03,miss,-2.572407,12.733796,-78.938160,5.115141e+06,-2.118735e+06,1.813805e+07
2863,2.622649e+03,miss,-75.556900,-21.260664,15.464122,1.722264e+07,6.338163e+06,-4.792466e+06
2864,2.622778e+03,miss,-36.252855,-10.285906,70.568624,9.455071e+06,-2.117130e+06,-1.630633e+07
2865,2.622931e+03,miss,-19.641788,-68.437844,-36.475494,8.587492e+04,1.643061e+07,9.477641e+06
2866,2.623533e+03,miss,14.528964,26.206658,74.176278,-4.584504e+06,-9.534971e+06,-1.574634e+07
2867,2.623583e+03,miss,-25.477187,65.423596,-38.349263,5.262439e+06,-1.662556e+07,7.468933e+06
2868,2.623706e+03,miss,-3.359220,-73.484856,-31.443467,-2.545968e+06,1.765218e+07,6.467065e+06
2869,2.624165e+03,miss,5.091538,11.785984,-78.963072,2.648413e+06,-2.122192e+04,1.878704e+07
2870,2.624371e+03,miss,56.921559,-49.769044,-26.133857,-1.287641e+07,1.298876e+07,5.048336e+06
2871,2.625261e+03,miss,-46.661433,31.799782,56.669961,1.375926e+07,-4.641685e+06,-1.221700e+07
2872,2.625404e+03,miss,-28.573505,-21.690718,71.505717,9.160827e+06,1.146503e+06,-1.658017e+07
2873,2.625663e+03,miss,44.518577,51.613715,-41.882224,-1.335010e+07,-8.433953e+06,1.052692e+07
2874,2.626351e+03,miss,-7.678123,-77.455044,18.486821,-2.277740e+05,1.863267e+07,-3.610935e+06
2875,2.626892e+03,miss,-33.418485,21.346585,69.480416,6.907942e+06,-9.028044e+06,-1.520250e+07
2876,2.627180e+03,hit,76.557058,23.160361,-1.616946,-1.683554e+07,-8.765512e+06,3.334551e+05
2877,2.628335e+03,miss,-49.533264,55.888648,28.686491,8.251251e+06,-1.587680e+07,-6.354801e+06
2878,2.628412e+03,miss,75.375102,-15.529194,-21.850357,-1.713519e+07,6.858690e+06,4.460214e+06
2879,2.628500e+03,miss,-60.015074,-34.768893,-39.866213,1.552316e+07,7.679946e+06,7.785361e+06
2880,2.628785e+03,miss,-0.642784,22.600897,76.738428,1.849620e+06,-8.903818e+06,-1.667039e+07
2881,2.629850e+03,miss,47.929485,31.977204,-55.499756,-1.093106e+07,-1.054051e+07,1.140862e+07
2882,2.629873e+03,miss,-16.291795,-53.725716,-56.992323,1.341682e+06,1.478614e+07,1.184569e+07
2883,2.630173e+03,miss,-14.638808,5.763011,78.437829,-5.389647e+05,-3.894114e+06,-1.858324e+07
2884,2.631009e+03,hit,-73.182157,32.297640,1.111012,1.728750e+07,-7.869226e+06,-3.516660e+05
2885,2.631044e+03,hit,-64.517862,-47.291028,1.002056,1.581146e+07,1.052958e+07,-1.911490e+05
2886,2.631838e+03,miss,69.502481,28.380112,27.640086,-1.766362e+07,-2.103990e+06,-6.677530e+06
2887,2.632280e+03,miss,-19.064721,-68.733066,36.225709,3.362835e+06,1.731244e+07,-7.074691e+06
2888,2.632509e+03,miss,-22.127304,-17.510454,-74.858309,8.968840e+06,2.076372e+06,1.662409e+07
2889,2.632800e+03,hit,-23.504721,-76.058778,-7.911405,9.868252e+05,1.888955e+07,1.833793e+06
2890,2.634378e+03,miss,-12.055202,-69.556000,-37.638211,4.123037e+05,1.545871e+07,1.105560e+07
2891,2.634469e+03,miss,-8.629582,5.285537,79.357378,1.760458e+06,3.443712e+06,-1.861242e+07
2892,2.634675e+03,miss,-38.100021,-14.536783,68.826378,9.628134e+06,-1.261661e+06,-1.634369e+07
2893,2.634743e+03,miss,64.737666,24.544318,-40.082553,-1.678220e+07,-4.000116e+06,7.985924e+06
2894,2.634746e+03,miss,29.897218,-67.162710,-31.548799,-2.560420e+06,1.699277e+07,8.130731e+06
2895,2.635420e+03,miss,21.192694,-25.596497,72.771486,-1.383011e+06,8.888231e+06,-1.675105e+07
2896,2.635644e+03,miss,0.883866,5.069266,79.834337,-3.755705e+06,-4.012777e+06,-1.820259e+07
2897,2.636948e+03,miss,-55.947924,-57.002642,4.530855,1.612539e+07,1.001149e+07,-1.209379e+06
2898,2.637812e+03,miss,-2.604202,18.865597,77.700112,-3.175248e+06,-6.730672e+06,-1.750586e+07
2899,2.639370e+03,miss,50.082470,-12.403660,-61.138330,-1.244870e+07,6.388925e+06,1.289436e+07
2900,2.640083e+03,miss,11.008213,-13.318669,-78.111666,-1.802481e+06,-1.538252e+06,1.888215e+07
2901,2.640540e+03,miss,-55.509407,-30.212280,49.050218,9.864777e+06,1.048311e+07,-1.245006e+07
2902,2.640835e+03,miss,9.727452,41.390992,67.765496,-5.000763e+06,-1.164132e+07,-1.420303e+07
2903,2.642824e+03,hit,-17.537661,-77.722016,7.191567,-5.971468e+05,1.894645e+07,-1.789489e+06
2904,2.643069e+03,miss,68.193225,25.316892,-33.297733,-1.584561e+07,-8.237996e+06,6.603982e+06
2905,2.644095e+03,miss,25.250826,57.358218,49.723542,-2.195798e+06,-1.544403e+07,-1.092527e+07
2906,2.644617e+03,miss,-57.049783,50.889694,-23.570348,1.625492e+07,-8.152054e+06,5.665192e+06
2907,2.645693e+03,miss,-17.144007,76.064023,-17.898253,4.877144e+06,-1.809241e+07,3.434895e+06
2908,2.646316e+03,miss,37.783396,-15.106064,-68.878312,-8.499331e+06,7.740847e+06,1.519363e+07
2909,2.646823e+03,miss,-2.189401,-0.342422,79.969302,3.067388e+06,-3.751568e+06,-1.842803e+07
2910,2.647579e+03,miss,-46.763405,-38.452649,52.293190,1.272535e+07,4.773666e+06,-1.335877e+07
2911,2.647830e+03,miss,43.594149,56.657537,-35.909241,-1.308231e+07,-9.994672e+06,9.600681e+06
2912,2.648077e+03,miss,-3.060442,-13.203954,78.843448,2.687807e+06,6.915711e+06,-1.755551e+07
2913,2.648411e+03,miss,59.825070,21.581769,48.530281,-1.580177e+07,-4.599137e+06,-9.614844e+06
2914,2.649025e+03,miss,35.475983,-21.673490,68.349941,-4.044370e+06,5.388602e+06,-1.783209e+07
2915,2.649146e+03,miss,44.371904,-23.654997,62.221984,-8.723916e+06,9.619683e+06,-1.395525e+07
2916,2.650226e+03,miss,15.277457,19.093753,76.171044,-4.836534e+06,8.393887e+04,-1.844297e+07
2917,2.650415e+03,miss,29.372101,71.944892,19.005584,-8.490103e+06,-1.666951e+07,-3.689669e+06
2918,2.650531e+03,miss,-14.052888,-40.395754,67.606948,7.653444e+06,8.303577e+06,-1.536422e+07
2919,2.651254e+03,miss,37.202252,-61.352786,35.381182,-4.398665e+06,1.628768e+07,-8.890800e+06
2920,2.651416e+03,miss,-6.505821,0.307083,79.734434,-4.300082e+05,4.169009e+06,-1.860483e+07
2921,2.652961e+03,miss,17.630787,61.765652,-47.688149,-4.873546e+05,-1.606565e+07,1.027495e+07
2922,2.653623e+03,miss,-66.596550,-13.570323,-42.198884,1.659988e+07,-1.021961e+06,9.349209e+06
2923,2.653646e+03,miss,32.031282,-37.996462,-62.691833,-7.981670e+06,1.163093e+07,1.284624e+07
2924,2.653827e+03,miss,7.029628,-47.327215,-64.114890,2.461571e+06,1.242772e+07,1.426634e+07
2925,2.655165e+03,miss,48.714076,-29.511481,-56.178388,-1.380386e+07,6.708827e+06,1.134305e+07
2926,2.657870e+03,miss,32.539926,-52.431585,50.912494,-1.051165e+07,8.858782e+06,-1.325209e+07
2927,2.658283e+03,miss,61.727933,-24.161184,-44.787269,-1.195902e+07,7.625895e+06,1.278573e+07
2928,2.661165e+03,miss,29.373807,29.521302,68.305726,-4.980252e+06,-1.065504e+07,-1.505688e+07
2929,2.661200e+03,miss,-68.936533,-38.365308,13.261130,1.742036e+07,7.404755e+06,-2.597744e+06
2930,2.662209e+03,miss,31.725118,59.855880,42.553385,-3.763678e+06,-1.621116e+07,-9.392489e+06
2931,2.662825e+03,miss,-47.315567,32.659611,55.629011,8.883149e+06,-1.145245e+07,-1.245798e+07
2932,2.663408e+03,miss,-14.726002,-76.776546,16.985489,6.655922e+06,1.757747e+07,-3.475840e+06
2933,2.663760e+03,miss,-59.388647,17.519410,50.656282,1.276424e+07,-8.436950e+06,-1.145822e+07
2934,2.664254e+03,miss,41.487338,-26.934625,-62.875486,-5.711089e+06,8.169399e+06,1.631290e+07
2935,2.664583e+03,hit,79.648366,2.705616,-6.986945,-1.829723e+07,-5.296725e+06,1.633317e+06
2936,2.665737e+03,miss,-11.279917,23.318635,-75.690189,-2.321421e+05,-8.771927e+06,1.699027e+07
2937,2.668414e+03,miss,65.311417,43.868432,14.490669,-1.775560e+07,-6.170748e+06,-3.563398e+06
2938,2.668498e+03,miss,63.567791,16.263358,-45.767228,-1.259600e+07,-7.001364e+06,1.258453e+07
2939,2.668679e+03,miss,3.539353,0.406773,79.920633,-2.323105e+06,4.284879e+06,-1.850179e+07
2940,2.669087e+03,miss,64.540327,-39.326908,-26.228619,-1.242421e+07,1.312633e+07,6.282332e+06
2941,2.669722e+03,miss,-37.727442,1.829670,-70.521574,4.670392e+06,-7.995279e+05,1.854089e+07
2942,2.670023e+03,miss,-62.475694,43.602827,24.404533,1.352701e+07,-1.124692e+07,-7.535546e+06
2943,2.670373e+03,miss,-45.915129,-7.122345,65.123522,1.356198e+07,6.006755e+05,-1.349139e+07
2944,2.671126e+03,miss,-13.393781,3.074637,-78.810870,6.684442e+06,-3.230192e+06,1.764350e+07
2945,2.671562e+03,hit,79.662903,-4.564086,5.743777,-1.894560e+07,-2.143414e+06,-1.714363e+06
2946,2.671663e+03,miss,27.004048,9.971880,74.641429,-9.793027e+06,-3.713186e+06,-1.602472e+07
2947,2.671802e+03,miss,-37.121201,-3.506869,-70.779364,1.201123e+07,3.744144e+05,1.490275e+07
2948,2.673403e+03,miss,16.549897,-0.836758,-78.264940,-2.414526e+06,4.664202e+06,1.841566e+07
2949,2.673759e+03,miss,-65.336935,-40.822154,21.555434,1.753655e+07,6.113168e+06,-4.676411e+06
2950,2.674868e+03,miss,-34.085180,-42.753388,58.398188,1.169148e+07,8.076808e+06,-1.284511e+07
2951,2.675004e+03,miss,8.740410,21.172831,-76.650613,2.002120e+06,-2.568727e+06,1.887682e+07
2952,2.675224e+03,miss,9.707412,-79.052070,7.519067,1.337937e+06,1.904470e+07,-1.574920e+06
2953,2.676042e+03,miss,27.548998,-61.957057,-42.454397,-9.953000e+06,1.371776e+07,8.935573e+06
2954,2.678268e+03,miss,3.641545,4.796217,79.773025,2.320537e+05,-5.573908e+06,-1.833757e+07
2955,2.678349e+03,miss,42.134339,17.999131,-65.579942,-6.981110e+06,-1.760139e+06,1.776418e+07
2956,2.678550e+03,miss,-4.579732,-15.485227,78.353263,4.033474e+06,-7.097111e+04,-1.873909e+07
2957,2.678717e+03,miss,-74.936116,26.839675,8.013135,1.853747e+07,-4.620662e+06,-1.569037e+06
2958,2.680818e+03,miss,-58.768690,-50.108603,20.865497,1.507617e+07,1.113363e+07,-4.060764e+06
2959,2.681309e+03,miss,-51.200981,21.467198,57.598776,1.168770e+07,-7.086962e+05,-1.518885e+07
2960,2.683194e+03,miss,33.207346,1.356042,-72.769728,-9.405594e+06,3.721931e+06,1.630174e+07
2961,2.683655e+03,hit,-67.370500,42.870362,4.831949,1.814498e+07,-6.137210e+06,-1.105480e+06
2962,2.683934e+03,miss,63.954866,-14.677003,-45.764186,-1.672060e+07,1.240801e+06,9.329960e+06
2963,2.685363e+03,miss,27.613408,63.788795,-39.604158,-9.977204e+06,-1.243951e+07,1.068064e+07
2964,2.686416e+03,miss,66.307910,-20.545653,-39.763517,-1.528630e+07,8.152450e+06,8.268800e+06
2965,2.686576e+03,miss,-34.258352,-20.335757,-69.374508,9.898981e+06,4.262184e+05,1.644254e+07
2966,2.687358e+03,miss,8.278387,-71.447068,35.025489,-4.628823e+06,1.723199e+07,-7.090001e+06
2967,2.687661e+03,miss,-2.541379,78.589102,-14.740912,-3.254234e+06,-1.866116e+07,3.138236e+06
2968,2.688928e+03,miss,23.414341,-2.749482,-76.447426,-1.008063e+06,-5.351503e+05,1.917156e+07
2969,2.689193e+03,miss,45.930136,-62.351851,-20.066622,-1.279584e+07,1.296370e+07,6.090673e+06
2970,2.690239e+03,miss,53.261299,58.068318,-13.831288,-1.294006e+07,-1.394600e+07,2.663611e+06
2971,2.690793e+03,miss,17.986189,-24.355950,74.049204,-2.809895e+06,9.650751e+06,-1.637298e+07
2972,2.690840e+03,miss,51.779511,-6.328143,60.653416,-1.327710e+07,5.002030e+06,-1.295422e+07
2973,2.691374e+03,miss,11.888173,38.000152,-69.387750,1.430753e+06,-1.066025e+07,1.592164e+07
2974,2.691989e+03,miss,21.176433,2.464820,77.106961,-6.706567e+06,-4.637307e+06,-1.740081e+07
2975,2.692242e+03,miss,-45.135597,-60.809937,25.786225,1.419670e+07,1.155021e+07,-5.861044e+06
2976,2.693001e+03,miss,73.785387,30.908994,-0.592243,-1.849538e+07,-5.226560e+06,1.174543e+05
2977,2.694516e+03,miss,-69.005343,31.170363,-25.819975,1.743591e+07,-6.324948e+06,5.059804e+06
2978,2.694703e+03,miss,11.309931,-7.167011,-78.871537,-6.535112e+06,3.657281e+06,1.770762e+07
2979,2.695341e+03,miss,-16.647326,50.030139,60.165204,9.302591e+05,-1.417173e+07,-1.296254e+07
2980,2.695555e+03,miss,70.283591,-17.249743,34.097848,-1.780779e+07,2.651370e+06,-6.753739e+06
2981,2.696287e+03,miss,20.999334,-50.156244,-58.680313,-1.397746e+06,1.043152e+07,1.609628e+07
2982,2.698352e+03,miss,57.963272,10.154287,54.195475,-1.568844e+07,-5.070093e+05,-1.112473e+07
2983,2.698581e+03,miss,-19.860075,-11.451870,76.644844,7.387933e+06,-1.040323e+06,-1.773447e+07
2984,2.699049e+03,miss,75.597154,-21.548552,-14.856993,-1.892796e+07,6.606108e+05,3.396377e+06
2985,2.699258e+03,miss,-13.284365,-28.136323,73.701241,7.371961e+06,4.734471e+06,-1.713205e+07
2986,2.699347e+03,miss,-40.787754,43.148310,-53.615133,1.134822e+07,-1.118899e+07,1.078446e+07
2987,2.699737e+03,miss,-42.663252,-27.641621,61.772063,6.092543e+06,7.595232e+06,-1.659901e+07
2988,2.699772e+03,miss,0.683336,61.455877,-51.212384,-4.686564e+06,-1.455650e+07,1.168260e+07
2989,2.700342e+03,miss,-64.671510,-35.823244,30.566174,1.254363e+07,1.238590e+07,-7.724233e+06
2990,2.702530e+03,miss,-55.339528,28.873984,-50.038282,1.096295e+07,-1.088116e+07,1.149483e+07
2991,2.702679e+03,miss,45.101066,-55.415718,35.985998,-1.246539e+07,1.282196e+07,-7.137837e+06
2992,2.703487e+03,miss,-6.547628,3.613059,79.649698,-2.340162e+06,1.888968e+06,-1.902114e+07
2993,2.704766e+03,miss,-32.547664,-14.715257,-71.582894,6.207306e+06,-9.029310e+05,1.821202e+07
2994,2.704961e+03,miss,-58.206159,15.865016,52.538979,1.228433e+07,-6.398224e+05,-1.482350e+07
2995,2.705032e+03,miss,43.180633,21.028330,63.978452,-9.004681e+06,-9.155011e+06,-1.435833e+07
2996,2.705805e+03,miss,21.825396,25.231430,72.711946,-1.663251e+06,-9.038040e+06,-1.693262e+07
2997,2.706348e+03,miss,37.089696,63.745210,30.998429,-1.267041e+07,-1.263875e+07,-7.138860e+06
2998,2.707466e+03,miss,19.964753,70.734452,31.591865,-6.795328e+06,-1.690067e+07,-6.291638e+06
2999,2.709251e+03,miss,-31.482810,4.692204,-73.394931,3.091182e+06,-1.342262e+05,1.902802e+07
3000,2.709421e+03,miss,75.196127,15.234876,-22.659236,-1.664529e+07,-7.206071e+06,6.532159e+06
3001,2.709925e+03,hit,-79.177208,-5.174634,-10.207488,1.857418e+07,4.711232e+06,2.129648e+06
3002,2.710911e+03,miss,-17.062556,46.884610,-62.535610,-4.387174e+05,-1.037477e+07,1.624926e+07
3003,2.711013e+03,miss,54.782537,-30.702689,-49.560252,-1.248260e+07,4.003146e+06,1.414355e+07
3004,2.711485e+03,hit,-79.971417,-2.088988,0.456732,1.875314e+07,4.500567e+06,-9.857207e+04
3005,2.711908e+03,miss,0.444685,2.749526,-79.951500,3.585137e+06,-3.487725e+06,1.862756e+07
3006,2.711954e+03,miss,-76.620222,13.795544,18.412619,1.825627e+07,-5.056780e+06,-3.625890e+06
3007,2.713005e+03,miss,19.677304,-75.963389,-15.568146,-8.960827e+06,1.671591e+07,3.526419e+06
3008,2.714047e+03,hit,-44.496300,-66.483297,-0.224548,6.878263e+06,1.802727e+07,6.278960e+04
3009,2.715138e+03,miss,31.285220,71.913696,15.800487,-1.103698e+07,-1.518039e+07,-4.493002e+06
3010,2.715592e+03,miss,-52.132680,-4.115045,-60.541309,1.088692e+07,5.537434e+06,1.494391e+07
3011,2.716032e+03,miss,57.359803,-4.951374,-55.545809,-1.149849e+07,-2.020085e+06,1.537117e+07
3012,2.717019e+03,miss,-18.653856,-15.342690,-76.266870,9.450950e+04,1.820888e+06,1.921926e+07
3013,2.717690e+03,miss,1.115354,-64.342571,-47.526725,3.494679e+06,1.599619e+07,1.023258e+07
3014,2.717723e+03,miss,43.507670,6.869967,66.782380,-9.375372e+06,3.050827e+06,-1.660108e+07
3015,2.718653e+03,miss,20.125507,66.664626,39.380091,-1.758617e+06,-1.736925e+07,-8.255001e+06
3016,2.718785e+03,miss,-62.864921,48.164382,-11.322280,1.666390e+07,-9.490722e+06,2.277544e+06
3017,2.718848e+03,miss,57.738949,-16.472769,52.866451,-1.557733e+07,5.813833e+05,-1.140018e+07
3018,2.719003e+03,miss,26.390312,35.318367,66.754508,-7.478700e+06,-1.106790e+07,-1.394802e+07
3019,2.721238e+03,hit,-79.776831,1.217477,-5.845942,1.922369e+07,1.551436e+06,1.151558e+06
3020,2.721498e+03,miss,-17.215165,46.648459,-62.670243,-6.887376e+05,-1.151398e+07,1.550073e+07
3021,2.722593e+03,miss,32.341400,69.810742,21.920175,-1.189925e+07,-1.422035e+07,-5.445957e+06
3022,2.722938e+03,miss,2.947791,16.030755,-78.321934,-1.034988e+06,-8.052610e+06,1.753855e+07
3023,2.723075e+03,miss,35.729604,-5.727137,-71.348408,-1.095972e+07,-1.945449e+06,1.579984e+07
3024,2.723314e+03,miss,-70.270039,-20.199644,-32.466845,1.800175e+07,2.419432e+06,6.606925e+06
3025,2.724790e+03,miss,-31.792993,70.072654,21.886726,1.064629e+07,-1.481173e+07,-6.406204e+06
3026,2.725242e+03,miss,-49.853347,57.662241,-24.283941,8.093016e+06,-1.659218e+07,5.747619e+06
3027,2.727332e+03,miss,13.929001,-50.043829,-60.840761,-5.404701e+06,1.364658e+07,1.259679e+07
3028,2.727637e+03,miss,-62.756469,3.314432,49.503940,1.417802e+07,3.924198e+06,-1.255967e+07
3029,2.727763e+03,miss,26.303338,67.897419,33.137214,-8.844914e+06,-1.583321e+07,-6.727195e+06
3030,2.727799e+03,miss,0.678149,0.979872,79.991124,-4.780553e+06,5.352319e+05,-1.873614e+07
3031,2.727826e+03,hit,-11.100759,-79.118387,4.129642,-3.798606e+04,1.932586e+07,-8.345773e+05
3032,2.727871e+03,miss,-46.768320,14.001307,-63.377344,7.462325e+06,-5.490732e+06,1.698112e+07
3033,2.728818e+03,miss,2.335461,1.923207,79.942773,3.463546e+06,2.051339e+06,-1.892403e+07
3034,2.729045e+03,miss,-1.608951,-79.815321,-5.189003,3.943835e+06,1.891066e+07,1.089522e+06
3035,2.729821e+03,miss,-56.189965,17.798924,54.091461,1.138509e+07,-1.884204e+06,-1.553351e+07
3036,2.730952e+03,miss,17.917042,-30.399015,-71.797490,-8.227529e+06,7.623212e+06,1.577371e+07
3037,2.731511e+03,miss,53.006311,-8.455537,-59.319768,-1.424436e+07,4.404583e+06,1.234465e+07
3038,2.731659e+03,miss,12.111360,27.372658,-74.189302,-2.484980e+06,-1.937079e+06,1.909935e+07
3039,2.732048e+03,miss,35.403486,6.549328,71.440181,-1.150430e+07,-3.058561e+06,-1.526638e+07
3040,2.732417e+03,miss,18.615537,8.407740,77.348379,-8.582938e+06,-2.190328e+06,-1.721488e+07
3041,2.733568e+03,miss,-77.058981,2.726232,21.318563,1.812728e+07,1.973173e+06,-6.517890e+06
3042,2.734183e+03,miss,6.387094,11.761656,-78.872482,-6.034586e+06,-3.206609e+06,1.812071e+07
3043,2.734336e+03,miss,-66.414709,-19.721243,-40.001987,1.736951e+07,1.744416e+06,8.386727e+06
3044,2.734369e+03,miss,-17.689552,-52.205261,-57.980087,4.622548e+06,9.142741e+06,1.643553e+07
3045,2.735605e+03,miss,-47.472363,20.001923,61.207008,1.216331e+07,-2.292220e+04,-1.507671e+07
3046,2.735626e+03,miss,51.652799,-54.118181,-28.340975,-1.208812e+07,1.407337e+07,5.574447e+06
3047,2.735917e+03,miss,47.730297,54.094751,-34.577112,-1.236775e+07,-1.064802e+07,1.043816e+07
3048,2.736330e+03,miss,-2.573096,37.218272,-70.768492,9.894840e+05,-1.215122e+07,1.505730e+07
3049,2.736541e+03,miss,-20.659600,22.942988,73.802440,1.342011e+06,-8.516785e+06,-1.735067e+07
3050,2.738254e+03,miss,-32.943201,-72.881901,-1.724521,1.060376e+07,1.621892e+07,3.525310e+05
3051,2.739554e+03,miss,-56.112632,-31.938276,47.236840,1.569970e+07,5.770613e+06,-9.798729e+06
3052,2.739863e+03,miss,20.024585,-25.148064,73.257019,-4.707750e+06,9.857862e+06,-1.601554e+07
3053,2.740403e+03,miss,38.175585,-37.219174,59.643590,-1.247567e+07,7.470205e+06,-1.282442e+07
3054,2.741213e+03,miss,58.958588,14.189170,-52.178084,-1.257509e+07,-1.190463e+05,1.476063e+07
3055,2.742514e+03,miss,1.110898,-13.449096,78.853584,3.407524e+06,5.890896e+06,-1.816281e+07
3056,2.744610e+03,miss,-7.172209,-14.123954,78.416027,2.092818e+06,-1.430178e+06,-1.923705e+07
3057,2.744998e+03,miss,21.774053,-22.401419,73.648266,-8.371962e+06,1.838438e+06,-1.740899e+07
3058,2.745043e+03,miss,-74.226638,22.273254,19.857199,1.680313e+07,-8.755873e+06,-4.187846e+06
3059,2.746540e+03,miss,57.626181,46.771648,-29.860279,-1.416787e+07,-1.189978e+07,5.866928e+06
3060,2.746690e+03,miss,6.589723,18.703516,77.503252,3.095051e+06,-3.273840e+06,-1.888060e+07
3061,2.748726e+03,miss,-30.936187,-6.187104,73.516475,4.392881e+06,5.250976e+06,-1.817096e+07
3062,2.749282e+03,miss,23.733337,18.424578,-74.143534,-7.897680e+06,-1.685702e+05,1.774059e+07
3063,2.750503e+03,miss,-32.784279,35.226689,-63.908305,9.899225e+06,-1.012655e+07,1.329496e+07
3064,2.750630e+03,miss,-7.954943,73.879287,29.640678,5.327069e+06,-1.760992e+07,-6.231216e+06
3065,2.753478e+03,miss,-69.523112,37.609120,12.332517,1.461648e+07,-1.252352e+07,-2.688049e+06
3066,2.753620e+03,miss,-47.535946,-63.438106,-10.767572,1.194891e+07,1.493079e+07,3.467024e+06
3067,2.753918e+03,miss,1.294025,-0.207132,79.989265,-4.593606e+06,-1.869289e+06,-1.879283e+07
3068,2.754655e+03,miss,-56.602723,47.855008,-30.100331,1.638624e+07,-7.661502e+06,7.117568e+06
3069,2.756934e+03,miss,47.333978,-31.842747,56.085061,-1.186031e+07,1.015560e+07,-1.159209e+07
3070,2.757374e+03,miss,64.719263,-34.010197,32.476507,-1.718162e+07,3.632286e+06,-8.356940e+06
3071,2.757476e+03,miss,31.337429,-3.720497,73.512743,-6.586550e+06,5.550391e+06,-1.743745e+07
3072,2.757539e+03,miss,66.877048,41.549323,14.181476,-1.822931e+07,-5.942480e+06,-3.262210e+06
3073,2.758061e+03,miss,-5.324800,43.174552,-67.138696,-3.428452e+06,-1.075342e+07,1.584121e+07
3074,2.758208e+03,miss,-60.741705,-34.494603,-38.994456,1.515673e+07,9.401948e+06,7.760899e+06
3075,2.758711e+03,miss,-21.769745,-58.480115,50.061505,9.096280e+06,1.326993e+07,-1.093573e+07
3076,2.758753e+03,miss,24.065045,57.554813,50.083102,-1.283031e+06,-1.535569e+07,-1.187375e+07
3077,2.758760e+03,miss,5.053865,-42.805436,-67.395498,3.547868e+06,1.043607e+07,1.602908e+07
3078,2.760573e+03,miss,-18.137546,-4.626011,77.779364,1.812426e+06,-3.008342e+06,-1.914011e+07
3079,2.761974e+03,miss,-77.392891,15.218068,-13.369775,1.727026e+07,-8.259840e+06,3.519135e+06
3080,2.762502e+03,miss,-54.440446,57.814019,9.683860,1.394326e+07,-1.322286e+07,-3.112066e+06
3081,2.762730e+03,miss,36.566097,6.290956,-70.875556,-1.053144e+07,2.568283e+06,1.616996e+07
3082,2.764199e+03,miss,9.062709,8.119922,79.069173,-2.099842e+06,-6.486729e+06,-1.823977e+07
3083,2.764378e+03,miss,2.137004,-12.952055,-78.915635,4.076913e+06,1.687235e+06,1.896662e+07
3084,2.764609e+03,miss,43.838316,17.503357,64.589740,-1.265353e+07,-6.009655e+06,-1.352793e+07
3085,2.765827e+03,miss,-62.203136,-47.267714,-17.220135,1.439527e+07,1.267322e+07,3.400777e+06
3086,2.765987e+03,miss,3.269873,-3.668606,79.848915,-5.330474e+06,1.833058e+06,-1.864531e+07
3087,2.766678e+03,miss,0.580022,58.607074,-54.450660,-4.706710e+06,-1.412830e+07,1.256003e+07
3088,2.768480e+03,miss,40.842163,-9.535577,68.124816,-9.254611e+06,-2.520865e+06,-1.696352e+07
3089,2.769086e+03,miss,31.101197,72.788464,11.599789,-1.073916e+07,-1.589363e+07,-3.451035e+06
3090,2.770490e+03,miss,-40.821717,-32.349896,60.721262,7.333056e+06,5.419451e+06,-1.723064e+07
3091,2.770562e+03,miss,4.661839,-15.743513,-78.296929,-3.692418e+06,-3.210211e+05,1.913928e+07
3092,2.770740e+03,miss,-66.721886,-5.130937,43.839062,1.733455e+07,-4.633446e+05,-8.909107e+06
3093,2.770779e+03,miss,23.659478,13.884327,75.149548,-9.122867e+06,-4.995981e+06,-1.648916e+07
3094,2.775454e+03,miss,4.116660,-6.662612,79.615719,-2.389821e+06,-2.996416e+06,-1.913192e+07
3095,2.775868e+03,miss,67.634390,34.947468,24.581778,-1.390602e+07,-1.242920e+07,-5.737127e+06
3096,2.776687e+03,miss,-21.983270,7.033358,76.598092,1.298162e+06,-4.450083e+06,-1.895787e+07
3097,2.776839e+03,miss,-45.570969,-43.683773,-49.142800,9.180995e+06,9.026697e+06,1.466759e+07
3098,2.777461e+03,miss,-54.000374,58.147430,-10.140811,9.475468e+06,-1.683150e+07,2.812773e+06
3099,2.777619e+03,miss,59.386049,-14.050995,-51.728780,-1.197870e+07,2.126541e+06,1.526452e+07
3100,2.777989e+03,hit,79.096886,-3.612961,-11.429311,-1.887894e+07,-4.002549e+06,2.938210e+06
3101,2.778592e+03,miss,-41.897135,49.617106,-46.720155,9.165602e+06,-9.984990e+06,1.405142e+07
3102,2.779420e+03,miss,-17.260087,10.597247,-77.393719,1.081418e+06,-6.213309e+06,1.847944e+07
3103,2.779852e+03,miss,-5.080923,-12.669421,78.826835,3.704447e+06,6.672611e+06,-1.797434e+07
3104,2.780777e+03,hit,-67.378689,42.174686,9.022644,1.833375e+07,-6.425113e+06,-2.010427e+06
3105,2.780853e+03,hit,75.818662,-24.447175,-7.339355,-1.940833e+07,1.354617e+06,1.715409e+06
3106,2.781634e+03,miss,3.582670,-20.950582,77.124818,1.065057e+05,3.432125e+05,-1.953046e+07
3107,2.785040e+03,miss,11.155872,-69.371770,-38.250543,-5.932204e+06,1.679562e+07,8.046819e+06
3108,2.785861e+03,miss,-7.288694,-24.277632,-75.878004,-2.929836e+06,6.775488e+06,1.810129e+07
3109,2.786155e+03,miss,-16.074377,-36.088597,69.564557,7.795285e+06,9.219574e+06,-1.537599e+07
3110,2.786397e+03,miss,-42.331668,-60.394655,30.992184,1.389236e+07,1.169411e+07,-7.243711e+06
3111,2.786511e+03,miss,-23.421148,-39.775258,65.340483,1.325786e+06,8.602995e+06,-1.750622e+07
3112,2.787111e+03,miss,12.915755,-3.453262,78.874953,-3.269940e+06,5.488565e+06,-1.847978e+07
3113,2.787919e+03,miss,-18.448801,19.375044,75.393961,3.753111e+06,7.095792e+04,-1.919217e+07
3114,2.788065e+03,miss,51.400562,41.216350,-45.378350,-1.107936e+07,-8.415073e+06,1.374352e+07
3115,2.788918e+03,miss,-46.051220,-17.452426,-63.045206,1.261326e+07,6.780109e+06,1.332302e+07
3116,2.789073e+03,miss,37.207209,-65.230268,-27.579625,-1.295968e+07,1.308743e+07,6.584394e+06
3117,2.789667e+03,miss,-0.438929,-73.329254,-31.978553,2.355111e+06,1.829752e+07,6.505682e+06
3118,2.790003e+03,miss,11.060658,-71.033979,-35.097516,-4.215510e+06,1.775522e+07,7.049643e+06
3119,2.791973e+03,miss,1.343128,26.981582,75.300666,2.126919e+06,-2.424549e+06,-1.930243e+07
3120,2.792357e+03,miss,45.646929,-60.706987,-25.120104,-1.306968e+07,1.241158e+07,7.627268e+06
3121,2.793673e+03,miss,73.367509,23.600342,21.453031,-1.852000e+07,-4.703269e+06,-4.255351e+06
3122,2.793727e+03,miss,-2.420453,25.740811,-75.707015,-1.658049e+06,-9.660444e+06,1.694560e+07
3123,2.794061e+03,miss,-46.865638,40.919389,50.291308,1.004479e+07,-7.667935e+06,-1.495251e+07
3124,2.794082e+03,miss,-2.599258,61.914964,-50.594280,-4.213265e+06,-1.430939e+07,1.267932e+07
3125,2.795131e+03,miss,-39.754670,38.219262,57.955623,8.612367e+06,-5.910857e+06,-1.656225e+07
3126,2.796110e+03,miss,-42.627111,16.344026,65.694766,1.127218e+07,-7.357988e+06,-1.422504e+07
3127,2.796274e+03,miss,4.481379,6.823402,-79.582400,-5.348361e+06,-3.370528e+06,1.853674e+07
3128,2.796531e+03,miss,-50.122902,-28.466453,55.473920,8.793896e+06,1.044125e+07,-1.404490e+07
3129,2.797111e+03,miss,-23.846316,39.447579,65.385333,2.910866e+06,-6.810307e+06,-1.813388e+07
3130,2.797360e+03,miss,-79.013335,-12.101123,3.233538,1.956459e+07,-6.909933e+05,-6.888337e+05
3131,2.797869e+03,miss,-75.104682,-20.239747,-18.698648,1.865259e+07,4.724974e+06,3.681120e+06
3132,2.798213e+03,miss,-27.664655,6.518716,74.780835,3.354938e+06,-5.131169e+06,-1.860800e+07
3133,2.800713e+03,miss,5.982391,6.760155,-79.489064,-6.070371e+06,-1.560901e+06,1.857146e+07
3134,2.803178e+03,miss,-70.422306,-25.837444,27.805131,1.833817e+07,3.954587e+06,-5.709298e+06
3135,2.804460e+03,miss,-47.039776,-35.274622,-54.249060,1.125967e+07,1.134289e+07,1.136916e+07
3136,2.804784e+03,miss,-78.386822,-11.459128,-11.144258,1.930556e+07,-1.095592e+06,3.292174e+06
3137,2.805227e+03,miss,9.679709,-39.724948,68.762139,-5.798495e+06,6.276498e+06,-1.765750e+07
3138,2.805359e+03,miss,51.708882,-56.329808,-23.519021,-1.083632e+07,1.562661e+07,4.817194e+06
3139,2.807840e+03,miss,-79.801393,4.193934,-3.761471,1.923675e+07,-3.809755e+06,7.721041e+05
3140,2.807922e+03,miss,51.728076,-7.303262,-60.587692,-1.329370e+07,5.563178e+06,1.332300e+07
3141,2.808700e+03,miss,-15.361750,70.445157,34.662609,1.355001e+06,-1.645220e+07,-1.061932e+07
3142,2.808777e+03,miss,-8.696501,-78.596594,-12.122141,3.857566e+04,1.947636e+07,2.441569e+06
3143,2.809300e+03,hit,-43.974496,-66.796015,2.129820,1.020085e+07,1.676693e+07,-4.191901e+05
3144,2.809354e+03,miss,-68.253726,-14.446880,39.149924,1.784723e+07,1.504154e+06,-8.036437e+06
3145,2.810653e+03,miss,-16.458334,29.436927,-72.543715,8.322035e+06,-5.671136e+06,1.685617e+07
3146,2.811261e+03,miss,21.736989,-71.219956,29.244165,-8.088124e+06,1.683735e+07,-6.059518e+06
3147,2.811887e+03,miss,-11.975829,-26.076110,74.676743,6.986023e+06,7.293087e+06,-1.684411e+07
3148,2.813547e+03,hit,74.609965,28.803841,1.921401,-1.636829e+07,-1.085550e+07,-4.276280e+05
3149,2.814096e+03,hit,60.224993,-52.553797,3.323948,-1.588554e+07,1.151199e+07,-1.069873e+06
3150,2.814134e+03,miss,-26.707642,-65.755979,-36.916840,3.904182e+06,1.563565e+07,1.123877e+07
3151,2.814216e+03,miss,-25.810500,11.292987,74.875140,6.796040e+06,-7.028534e+06,-1.704262e+07
3152,2.814798e+03,miss,4.258763,2.130421,79.858151,-4.403095e+06,-3.749026e+06,-1.877964e+07
3153,2.816575e+03,miss,55.762012,-2.758958,57.297349,-1.493835e+07,-2.739833e+06,-1.247798e+07
3154,2.817729e+03,miss,-16.099418,40.905443,-66.839760,6.475530e+05,-1.260672e+07,1.507218e+07
3155,2.818094e+03,miss,6.174132,-66.404225,44.185507,-2.593286e+05,1.434161e+07,-1.344694e+07
3156,2.818344e+03,miss,27.462740,-68.476270,-30.932157,-1.082570e+07,1.478663e+07,7.124845e+06
3157,2.818566e+03,miss,57.915657,-39.059829,-38.988543,-1.635921e+07,7.117138e+06,8.267804e+06
3158,2.818660e+03,miss,-1.770152,0.640452,-79.977849,2.769977e+06,-4.279192e+06,1.899112e+07
3159,2.819166e+03,miss,0.793858,58.844563,-54.191210,-4.392411e+06,-1.244250e+07,1.458106e+07
3160,2.819337e+03,miss,46.766639,54.629143,35.050509,-9.955532e+06,-1.293626e+07,-1.096724e+07
3161,2.819745e+03,miss,-0.013845,-78.436738,15.737789,-3.397796e+06,1.908380e+07,-3.325577e+06
3162,2.820089e+03,miss,21.855372,-76.251027,10.398245,-5.474544e+06,1.877972e+07,-2.048024e+06
3163,2.821761e+03,miss,8.213989,-33.140241,-72.348150,1.953851e+06,5.405422e+06,1.881585e+07
3164,2.822656e+03,miss,-40.937854,64.871226,-22.711586,6.311240e+06,-1.793503e+07,5.069331e+06
3165,2.822693e+03,miss,68.706402,34.993214,-21.328510,-1.852920e+07,-4.552350e+06,4.810929e+06
3166,2.823354e+03,miss,-26.158416,36.141660,66.404199,7.975185e+06,-1.116891e+07,-1.410470e+07
3167,2.823729e+03,miss,-15.300067,75.597845,-21.233787,5.935768e+06,-1.826256e+07,4.311343e+06
3168,2.825137e+03,miss,-26.323576,9.806098,74.906006,7.644244e+06,-6.426430e+06,-1.696473e+07
3169,2.825311e+03,miss,-18.115738,53.594699,56.563489,-4.685280e+05,-1.364211e+07,-1.418565e+07
3170,2.826076e+03,miss,-54.401026,-55.309800,-19.528297,1.641576e+07,9.782823e+06,4.741683e+06
3171,2.826677e+03,miss,-4.807442,-2.287014,79.822666,-2.369047e+06,-2.764711e+06,-1.935176e+07
3172,2.828284e+03,miss,-69.327762,2.165254,39.861925,1.580443e+07,-5.220477e+06,-1.053251e+07
3173,2.828314e+03,miss,-70.341242,-4.692127,-37.816579,1.711979e+07,-3.645821e+06,9.032837e+06
3174,2.828738e+03,miss,-70.321278,-33.628471,18.001218,1.662269e+07,8.819222e+06,-5.825533e+06
3175,2.829150e+03,miss,48.783674,55.286001,-31.042088,-8.036529e+06,-1.636723e+07,7.457467e+06
3176,2.830117e+03,miss,-48.110040,44.096179,-46.270412,1.479421e+07,-7.313837e+06,1.076372e+07
3177,2.831872e+03,miss,3.389712,-60.364311,-52.389501,-3.935739e+06,1.573165e+07,1.120199e+07
3178,2.832058e+03,miss,-4.367192,-2.470358,-79.842501,4.096283e+06,4.164465e+06,1.882452e+07
3179,2.832132e+03,miss,-4.257187,-15.715244,78.325650,2.952260e+06,-6.907298e+05,-1.947568e+07
3180,2.832638e+03,miss,-78.215692,-3.578907,-16.416365,1.898214e+07,-2.999646e+05,5.305925e+06
3181,2.832824e+03,miss,-31.471994,-69.083827,-25.237640,1.143310e+07,1.441263e+07,7.081690e+06
3182,2.833673e+03,miss,-68.428295,-15.732339,38.341386,1.605616e+07,7.736961e+06,-8.428841e+06
3183,2.834063e+03,miss,31.738635,-48.226966,55.378866,-8.914841e+06,1.335635e+07,-1.144086e+07
3184,2.834830e+03,miss,-5.210347,-79.823160,1.056146,5.147879e+06,1.903448e+07,-2.296976e+05
3185,2.834962e+03,miss,27.728300,53.315470,-52.807215,-1.081360e+07,-1.122714e+07,1.207893e+07
3186,2.835004e+03,miss,4.049152,-60.397095,52.304831,-5.150293e+06,1.499441e+07,-1.172737e+07
3187,2.835859e+03,miss,33.293432,62.673200,-36.927189,-1.146343e+07,-1.232820e+07,1.027674e+07
3188,2.836433e+03,miss,-3.628857,-7.650281,-79.550642,5.551453e+06,2.322073e+06,1.878495e+07
3189,2.836790e+03,miss,-5.776761,78.505201,14.267533,1.621328e+06,-1.945611e+07,-2.822240e+06
3190,2.836995e+03,miss,-75.918489,-3.534090,-24.977854,1.791551e+07,2.188855e+06,7.962756e+06
3191,2.837322e+03,miss,23.707528,-56.090956,-51.882153,-2.267767e+06,1.265647e+07,1.496255e+07
3192,2.838181e+03,miss,-1.634921,1.082529,-79.975966,-1.271573e+06,-4.739575e+06,1.911136e+07
3193,2.838783e+03,miss,3.156224,1.569166,79.922312,-5.393763e+06,-1.305686e+06,-1.893699e+07
3194,2.840002e+03,miss,39.971015,-45.763976,52.038221,-5.423854e+06,1.346756e+07,-1.337091e+07
3195,2.840402e+03,miss,11.232804,-75.322250,-24.502710,-3.985119e+06,1.869913e+07,4.908223e+06
3196,2.840925e+03,miss,-75.145903,-24.514912,12.333386,1.947086e+07,1.596225e+06,-2.835259e+06
3197,2.842010e+03,miss,-76.282970,-7.675516,22.847209,1.919776e+07,4.884935e+05,-4.588822e+06
3198,2.842240e+03,miss,7.911892,-2.377158,79.572301,-4.582193e+06,-3.346172e+06,-1.891264e+07
3199,2.843459e+03,miss,45.600163,34.122906,-56.180534,-1.247362e+07,-9.930784e+06,1.165492e+07
3200,2.844007e+03,miss,-0.500871,-53.117481,59.818746,4.130249e+06,1.068533e+07,-1.609002e+07
3201,2.844851e+03,miss,2.808593,-43.610790,-67.009035,-5.468192e+06,9.732098e+06,1.629800e+07
3202,2.845503e+03,miss,49.515925,62.188232,8.988712,-1.427526e+07,-1.353180e+07,-1.853741e+06
3203,2.845818e+03,miss,-72.293366,12.687068,-31.823066,1.606803e+07,-7.438660e+06,8.766813e+06
3204,2.847078e+03,miss,31.455367,-70.179941,-22.030339,-1.195498e+07,1.479319e+07,5.365190e+06
3205,2.847082e+03,miss,21.718005,-0.711180,-76.992353,-6.769155e+06,4.527759e+06,1.800621e+07
3206,2.847997e+03,miss,7.180709,6.197202,-79.435711,3.123359e+06,-1.060005e+06,1.948826e+07
3207,2.852488e+03,miss,-25.409699,-73.939439,-16.950119,9.773975e+06,1.644526e+07,5.030905e+06
3208,2.852535e+03,miss,-17.272202,34.891778,-69.887301,7.798152e+06,-9.609368e+06,1.543187e+07
3209,2.852709e+03,miss,40.780679,-67.945596,-10.969603,-8.516422e+06,1.771718e+07,2.211250e+06
3210,2.853763e+03,miss,56.318450,-9.936667,-55.941888,-1.404480e+07,-2.461792e+06,1.371661e+07
3211,2.854017e+03,miss,-7.122540,-41.291223,68.149133,-2.332834e+06,1.183137e+07,-1.568673e+07
3212,2.854229e+03,miss,5.056982,55.057445,-57.819587,1.500563e+06,-1.530225e+07,1.245454e+07
3213,2.854752e+03,miss,23.908718,50.443061,57.305068,-1.825355e+06,-1.138898e+07,-1.607971e+07
3214,2.854970e+03,miss,70.346556,35.930917,12.662195,-1.895275e+07,-4.940870e+06,-2.830003e+06
3215,2.855347e+03,miss,-57.853454,44.117945,-33.265369,1.680193e+07,-6.825173e+06,7.924117e+06
3216,2.856009e+03,miss,2.756961,3.229247,79.887240,1.002723e+06,-5.243817e+06,-1.905957e+07
3217,2.856389e+03,miss,19.413006,73.891536,-23.731332,-2.321073e+06,-1.903672e+07,4.902890e+06
3218,2.857063e+03,miss,78.235502,-6.806038,-15.260537,-1.826899e+07,6.412705e+06,4.127479e+06
3219,2.858335e+03,miss,5.440753,1.558870,79.799550,-1.551062e+06,-5.142360e+06,-1.905885e+07
3220,2.858452e+03,miss,-62.903149,33.469795,-36.372609,1.731963e+07,-3.713208e+06,8.851445e+06
3221,2.859151e+03,miss,-24.824683,-73.826299,-18.259590,8.362473e+06,1.755853e+07,3.737407e+06
3222,2.859596e+03,miss,21.806785,2.921156,76.915089,-9.329743e+06,-1.700119e+06,-1.738758e+07
3223,2.859868e+03,hit,79.859081,4.738239,-0.276049,-1.919538e+07,-4.881588e+06,8.355306e+04
3224,2.860538e+03,miss,-24.844752,71.688337,25.367710,7.129562e+06,-1.776720e+07,-5.087968e+06
3225,2.861120e+03,miss,-72.499391,-15.552276,-30.032733,1.813407e+07,5.178911e+06,6.066764e+06
3226,2.861323e+03,miss,-33.990413,68.106402,24.620517,4.897235e+06,-1.770869e+07,-7.410706e+06
3227,2.862507e+03,miss,25.131744,24.377683,-71.931384,-8.311306e+06,-1.531622e+06,1.792311e+07
3228,2.862719e+03,miss,-7.224687,-14.721398,-78.301241,3.346598e+06,7.647762e+06,1.797228e+07
3229,2.863474e+03,miss,18.075308,72.987692,-27.314466,-9.074532e+06,-1.628916e+07,6.716433e+06
3230,2.863529e+03,miss,11.476307,-77.365414,16.819248,5.422374e+05,1.912868e+07,-5.157636e+06
3231,2.863830e+03,miss,-29.140706,5.007578,-74.335344,7.537589e+06,-5.794878e+06,1.739101e+07
3232,2.865021e+03,hit,58.815681,54.228184,0.140435,-1.466731e+07,-1.333700e+07,-2.784309e+04
3233,2.865478e+03,miss,11.207186,-11.112896,78.427690,-7.271008e+06,2.223903e+06,-1.830999e+07
3234,2.865592e+03,miss,30.325088,-70.531185,22.488686,-4.289537e+06,1.808704e+07,-6.895186e+06
3235,2.865629e+03,miss,-0.003492,0.999911,-79.993751,4.084460e+06,2.312432e+06,1.926291e+07
3236,2.866432e+03,miss,-1.595969,-67.451992,42.984668,3.461317e+06,1.483096e+07,-1.269890e+07
3237,2.868021e+03,miss,-20.772804,18.811733,-74.930697,9.189878e+06,-4.716093e+06,1.693288e+07
3238,2.868064e+03,miss,11.904173,4.145035,79.000692,-4.570070e+06,3.495163e+06,-1.898215e+07
3239,2.868380e+03,miss,-3.283295,78.132683,16.867241,5.697156e+05,-1.904397e+07,-5.519965e+06
3240,2.870573e+03,miss,-67.429164,18.708291,-38.772513,1.731094e+07,-5.661494e+06,7.876992e+06
3241,2.871809e+03,miss,12.319030,45.437292,64.681481,-4.122440e+06,-7.142026e+06,-1.805366e+07
3242,2.873112e+03,miss,-10.934732,-41.368428,-67.595005,-2.068233e+06,1.108397e+07,1.633965e+07
3243,2.874378e+03,miss,-1.354805,-5.342411,-79.809919,-9.043731e+05,5.856846e+06,1.895177e+07
3244,2.874594e+03,miss,-15.879582,-29.028012,-72.836896,-1.032971e+06,7.531116e+06,1.834489e+07
3245,2.874911e+03,miss,-13.881029,62.916006,47.422498,7.903537e+06,-1.446945e+07,-1.106943e+07
3246,2.875126e+03,miss,0.772958,-63.290041,-48.926202,-5.081321e+06,1.489968e+07,1.210670e+07
3247,2.875394e+03,miss,-13.742748,-48.978857,61.743084,7.701168e+06,1.164001e+07,-1.412910e+07
3248,2.875571e+03,miss,33.968416,-42.036630,58.983629,-1.142340e+07,6.440874e+06,-1.491559e+07
3249,2.876018e+03,miss,-5.853454,-18.087004,77.708412,3.891653e+06,7.939873e+06,-1.778562e+07
3250,2.876848e+03,miss,69.582738,-22.284912,32.582591,-1.836218e+07,3.476636e+06,-6.735893e+06
3251,2.877466e+03,miss,-55.832299,57.215511,3.023200,1.275214e+07,-1.520256e+07,-9.892581e+05
3252,2.879242e+03,miss,-64.779164,-4.638223,-46.713454,1.681318e+07,3.837918e+06,9.876473e+06
3253,2.879251e+03,miss,-2.294819,13.291731,-78.854700,5.316714e+06,-3.457763e+06,1.883441e+07
3254,2.879460e+03,miss,-3.347792,-33.273238,72.675195,3.117259e+06,4.003670e+06,-1.921563e+07
3255,2.879824e+03,hit,31.231496,73.502739,-4.684125,-5.187457e+06,-1.916210e+07,9.701166e+05
3256,2.881015e+03,miss,-48.806227,-18.521848,-60.620899,1.464675e+07,2.224634e+06,1.325609e+07
3257,2.881360e+03,miss,-43.489479,-7.298659,-66.748744,9.965620e+06,-3.107899e+06,1.691966e+07
3258,2.881417e+03,miss,43.073474,59.828992,-31.067146,-1.308216e+07,-1.348580e+07,6.499679e+06
3259,2.881606e+03,miss,-8.288756,-74.962469,-26.681917,6.291974e+06,1.787077e+07,6.027279e+06
3260,2.881652e+03,miss,12.948342,69.465552,-37.508367,-7.600650e+06,-1.528679e+07,1.018980e+07
3261,2.881720e+03,hit,-20.260826,-76.995687,7.820689,2.277948e+06,1.968415e+07,-1.625574e+06
3262,2.882486e+03,miss,46.831619,-53.074295,-37.281613,-7.363122e+06,1.578088e+07,9.599509e+06
3263,2.882532e+03,miss,54.937296,-48.980954,31.348998,-1.097594e+07,1.347903e+07,-9.656758e+06
3264,2.882760e+03,miss,11.724673,-6.200569,-78.892870,-5.647605e+06,-2.380440e+06,1.891766e+07
3265,2.883330e+03,miss,17.580610,65.035938,43.142195,-8.340574e+06,-1.363197e+07,-1.183733e+07
3266,2.883431e+03,miss,-31.597778,-51.986378,-51.951871,1.063235e+07,1.267739e+07,1.103488e+07
3267,2.885455e+03,hit,0.169604,79.997588,-0.597634,4.873236e+06,-1.928832e+07,1.475018e+05
3268,2.885492e+03,miss,69.041914,31.488507,25.331562,-1.846358e+07,-3.061039e+06,-6.748400e+06
3269,2.886904e+03,miss,-20.585997,13.477602,-76.122079,9.098806e+06,-1.470259e+06,1.763684e+07
3270,2.887452e+03,miss,33.743163,-0.014754,-72.535500,-5.299129e+06,-3.868581e+06,1.878927e+07
3271,2.889067e+03,miss,-50.994790,-6.518960,-61.294653,9.291584e+06,-2.065802e+05,1.760479e+07
3272,2.890282e+03,miss,64.080907,-47.835727,-2.319594,-1.256162e+07,1.543629e+07,6.310880e+05
3273,2.891404e+03,miss,-6.518502,-3.339648,79.664019,6.285393e+06,7.645296e+05,-1.888213e+07
3274,2.891724e+03,miss,-34.557290,-41.661278,58.907823,8.057869e+06,6.570947e+06,-1.698714e+07
3275,2.892132e+03,miss,-51.833278,50.944926,33.435397,1.298557e+07,-1.350165e+07,-6.767994e+06
3276,2.892789e+03,miss,-34.041874,47.470998,54.659447,4.727022e+06,-1.109434e+07,-1.585517e+07
3277,2.893304e+03,miss,-16.538378,-53.973403,-56.686452,4.800555e+06,9.939570e+06,1.658450e+07
3278,2.893742e+03,miss,-54.980643,6.245315,57.776508,1.289726e+07,3.384175e+06,-1.480386e+07
3279,2.893794e+03,miss,-0.384868,-0.508446,-79.997458,-2.668616e+06,4.084720e+06,1.931701e+07
3280,2.894742e+03,miss,20.737889,73.667343,-23.303704,-9.703304e+06,-1.628332e+07,6.146778e+06
3281,2.895760e+03,miss,-34.129128,-36.444412,-62.506059,1.160268e+07,5.248205e+06,1.533157e+07
3282,2.896032e+03,miss,-41.528858,25.177826,63.572251,9.400442e+06,-1.018083e+07,-1.432629e+07
3283,2.896803e+03,miss,-27.052149,19.813404,-72.633396,6.297279e+06,-5.251188e+03,1.891323e+07
3284,2.897377e+03,miss,-72.313143,-24.168207,24.222038,1.869669e+07,1.383670e+06,-6.779669e+06
3285,2.897622e+03,miss,7.439475,-7.002038,-79.344979,1.434968e+06,-2.001762e+06,1.978414e+07
3286,2.899014e+03,miss,-21.890692,-39.627470,-65.958026,9.440360e+06,9.320652e+06,1.488874e+07
3287,2.899604e+03,miss,77.217978,-19.550248,-7.427766,-1.831409e+07,7.740307e+06,1.559531e+06
3288,2.900641e+03,miss,-62.715804,37.681838,-32.354397,1.493555e+07,-8.227649e+06,1.035025e+07
3289,2.901351e+03,miss,-17.036446,52.379676,-58.018351,6.513722e+06,-9.391816e+06,1.635100e+07
3290,2.902105e+03,miss,25.582359,-54.759411,52.411352,-1.046187e+07,1.076996e+07,-1.313966e+07
3291,2.902223e+03,hit,47.087251,-64.619865,2.657769,-1.514638e+07,1.297353e+07,-6.197236e+05
3292,2.902439e+03,miss,-4.781869,-14.085081,-78.604988,5.648254e+06,1.571645e+06,1.907266e+07
3293,2.902479e+03,miss,-68.020313,-8.789478,41.182304,1.689796e+07,-2.787189e+06,-1.023892e+07
3294,2.902964e+03,hit,69.511208,39.590842,0.870118,-1.515964e+07,-1.297406e+07,-2.652280e+05
3295,2.903030e+03,miss,3.797742,-2.861359,-79.858561,3.274262e+06,3.156679e+06,1.943026e+07
3296,2.903449e+03,miss,-1.990376,1.689294,-79.957393,5.192232e+06,-1.353815e+06,1.922201e+07
3297,2.903527e+03,miss,-15.667908,-5.631640,78.248331,8.242050e+06,1.612053e+06,-1.810410e+07
3298,2.906475e+03,miss,7.256508,76.455598,22.402783,3.002159e+05,-1.942613e+07,-4.607413e+06
3299,2.906909e+03,miss,55.449453,-48.153443,31.727023,-1.012777e+07,1.531666e+07,-7.847332e+06
3300,2.907842e+03,miss,-39.881337,20.588199,-66.223900,6.874885e+06,-9.044380e+06,1.642606e+07
3301,2.908656e+03,miss,42.160888,18.631093,-65.386098,-1.071425e+07,3.505753e+05,1.685450e+07
3302,2.908924e+03,miss,-45.606874,15.435372,-63.888671,8.534354e+06,-7.980698e+06,1.620192e+07
3303,2.909470e+03,miss,60.256094,-46.172928,25.244087,-1.704810e+07,8.907180e+06,-5.397031e+06
3304,2.909611e+03,miss,-13.053195,62.980270,47.572047,-1.623536e+05,-1.423591e+07,-1.401555e+07
3305,2.910224e+03,miss,16.776597,30.266738,72.128152,-3.018736e+06,-1.124949e+07,-1.623402e+07
3306,2.910539e+03,miss,-25.292164,-68.691610,-32.276449,9.646299e+06,1.471821e+07,9.464333e+06
3307,2.910645e+03,miss,-45.295067,56.794416,33.507479,1.147848e+07,-1.487565e+07,-6.798864e+06
3308,2.910979e+03,miss,53.362343,-40.063816,44.128800,-1.523378e+07,5.438448e+06,-1.173311e+07
3309,2.912251e+03,miss,-62.941544,-24.994079,-42.587065,1.706500e+07,1.580605e+06,1.028458e+07
3310,2.912322e+03,miss,1.135098,-6.887835,-79.694851,-4.604411e+06,3.698124e+06,1.909498e+07
3311,2.912549e+03,miss,-36.102393,27.826118,65.744387,1.225808e+07,-6.501083e+06,-1.438754e+07
3312,2.912746e+03,miss,-43.575209,-53.606109,40.343353,1.417085e+07,1.073978e+07,-9.132199e+06
3313,2.913000e+03,miss,50.794941,58.779955,-19.099497,-9.991524e+06,-1.625233e+07,5.968165e+06
3314,2.913879e+03,miss,35.656502,11.556043,70.675822,-1.116731e+07,1.035282e+06,-1.655076e+07
3315,2.913962e+03,miss,13.554071,-15.084588,-77.386965,-3.988524e+06,8.022655e+06,1.787313e+07
3316,2.914331e+03,miss,-75.501944,-9.559758,24.659026,1.745652e+07,7.110341e+06,-6.669591e+06
3317,2.914396e+03,miss,45.224760,-36.582771,54.921963,-1.124946e+07,1.170114e+07,-1.167529e+07
3318,2.914461e+03,miss,42.623975,2.335946,-67.658999,-1.357834e+07,-3.642488e+05,1.467257e+07
3319,2.914486e+03,miss,-47.138608,12.451589,63.426411,1.297761e+07,1.478605e+06,-1.513892e+07
3320,2.915219e+03,miss,13.526359,-38.009801,-69.081782,-7.441198e+06,6.564480e+06,1.736170e+07
3321,2.915616e+03,miss,66.831562,-43.814825,-3.715286,-1.344073e+07,1.477639e+07,9.756854e+05
3322,2.915935e+03,miss,-54.413596,-45.831682,36.587122,1.117013e+07,1.203319e+07,-1.142021e+07
3323,2.915960e+03,miss,0.426464,2.940738,79.944795,3.873245e+06,-3.455836e+06,-1.931448e+07
3324,2.916016e+03,miss,-48.434437,-14.860466,61.913422,1.435601e+07,4.809995e+05,-1.391672e+07
3325,2.916663e+03,miss,-1.722136,-3.384743,79.909810,4.464451e+06,-1.865669e+06,-1.940820e+07
3326,2.916752e+03,miss,44.787841,39.407378,53.302044,-1.272550e+07,-1.069055e+07,-1.112998e+07
3327,2.917375e+03,miss,-9.322239,1.282363,79.444644,3.928185e+06,4.211564e+06,-1.915777e+07
3328,2.917382e+03,miss,50.049052,28.824908,55.355371,-1.491557e+07,-3.383532e+06,-1.289443e+07
3329,2.917416e+03,miss,-2.723187,-1.901552,-79.931022,-3.885408e+06,-1.343310e+06,1.957786e+07
3330,2.917728e+03,miss,43.893633,28.834862,-60.348154,-1.285545e+07,-8.438555e+06,1.279706e+07
3331,2.918596e+03,miss,53.456807,-29.816411,51.510693,-1.537344e+07,6.864934e+06,-1.081136e+07
3332,2.918859e+03,miss,48.451348,7.829704,-63.175649,-1.259918e+07,-6.019444e+06,1.433244e+07
3333,2.919052e+03,miss,-25.581200,60.714641,-45.379891,1.042222e+07,-1.355986e+07,1.038873e+07
3334,2.919522e+03,miss,63.115320,-1.065433,49.145918,-1.395466e+07,4.575868e+06,-1.359454e+07
3335,2.919947e+03,miss,8.922249,-79.316053,-5.418230,-2.822977e+06,1.978360e+07,1.086691e+06
3336,2.921319e+03,miss,58.985138,25.983275,-47.388004,-1.313465e+07,-1.051241e+07,1.084893e+07
3337,2.923549e+03,miss,19.820107,77.067576,-8.231170,-9.045506e+06,-1.770286e+07,2.412984e+06
3338,2.923992e+03,miss,-10.285235,3.736955,79.248023,-1.961165e+06,1.199329e+06,-1.989501e+07
3339,2.924911e+03,miss,-10.094836,-17.773987,77.344552,-2.482600e+06,4.295471e+06,-1.940638e+07
3340,2.927374e+03,miss,-15.320964,-77.305556,13.752058,-2.013135e+05,1.980293e+07,-3.059948e+06
3341,2.927864e+03,miss,-17.383823,61.076234,-48.656925,-6.983508e+04,-1.648774e+07,1.139194e+07
3342,2.929128e+03,miss,37.824073,-33.989038,61.758277,-9.844596e+06,1.129543e+07,-1.331531e+07
3343,2.929987e+03,miss,8.574179,5.271375,-79.364325,-2.691543e+06,3.591743e+06,1.953901e+07
3344,2.930061e+03,miss,3.847801,-78.814636,13.169950,3.125335e+06,1.940652e+07,-3.943062e+06
3345,2.931433e+03,miss,-78.143046,15.827663,6.568821,1.985031e+07,-2.511118e+06,-1.332675e+06
3346,2.931853e+03,miss,-1.284056,70.079481,-38.564459,2.093043e+06,-1.826890e+07,8.002543e+06
3347,2.932639e+03,miss,23.012536,-73.221785,-22.560881,-2.072539e+06,1.872923e+07,6.870410e+06
3348,2.932713e+03,miss,-47.133372,0.546147,-64.638587,7.852117e+06,-1.343349e+06,1.840738e+07
3349,2.932881e+03,miss,5.500819,45.531910,65.548350,3.019226e+06,-9.270422e+06,-1.752879e+07
3350,2.933688e+03,miss,-39.163284,11.214286,68.851122,1.275426e+07,-3.666450e+06,-1.504366e+07
3351,2.934533e+03,miss,-79.050254,-4.290847,-11.517201,1.967119e+07,-2.999633e+06,2.566762e+06
3352,2.934770e+03,miss,37.029144,23.275607,66.985734,-8.017948e+06,-1.325191e+06,-1.834477e+07
3353,2.936041e+03,hit,31.391633,-73.255815,-6.939088,-8.871866e+06,1.785321e+07,2.302486e+06
3354,2.936410e+03,miss,62.263352,-40.172188,-30.157425,-1.780185e+07,5.772303e+06,7.250774e+06
3355,2.937411e+03,miss,1.658093,0.291246,79.982285,-2.443652e+06,4.342619e+06,-1.944497e+07
3356,2.937968e+03,miss,-30.643701,40.545367,-61.782172,9.195648e+06,-1.201192e+07,1.319722e+07
3357,2.938422e+03,miss,23.229955,-1.592647,76.536479,-4.576020e+06,5.182745e+06,-1.884872e+07
3358,2.939407e+03,miss,-74.776901,-12.736955,25.420169,1.933844e+07,2.188052e+05,-5.402511e+06
3359,2.940853e+03,miss,-24.831105,0.620561,-76.046243,9.649650e+06,-2.466798e+06,1.744155e+07
3360,2.941422e+03,miss,18.033611,1.380131,77.928712,-5.641819e+06,-4.925373e+06,-1.863860e+07
3361,2.941898e+03,miss,2.214601,-9.435904,79.410700,4.362469e+06,2.143575e+06,-1.949169e+07
3362,2.942919e+03,miss,-78.099921,-8.794590,-14.935111,1.977653e+07,-1.424472e+06,3.248333e+06
3363,2.943217e+03,miss,-68.489775,-11.585035,39.685485,1.806104e+07,-7.575471e+05,-8.772564e+06
3364,2.943905e+03,miss,9.359594,0.575635,79.448516,2.602262e+06,-9.391502e+05,-1.990411e+07
3365,2.944253e+03,miss,-15.756781,18.252121,76.279643,4.257292e+06,-8.769906e+06,-1.757382e+07
3366,2.944577e+03,miss,-52.902293,-34.495454,-49.106120,9.565498e+06,1.045640e+07,1.425077e+07
3367,2.945632e+03,miss,5.240415,60.867091,-51.650123,3.578942e+06,-1.428180e+07,1.368523e+07
3368,2.945707e+03,miss,45.054046,64.377377,-15.022860,-1.413093e+07,-1.391912e+07,3.263353e+06
3369,2.945890e+03,miss,37.635292,63.421706,-31.004387,-4.961628e+06,-1.742890e+07,8.701451e+06
3370,2.946317e+03,miss,-11.185712,-18.810868,76.948237,7.159214e+06,5.466404e+06,-1.797282e+07
3371,2.946572e+03,miss,5.508104,-14.409158,-78.498643,1.527449e+06,-5.003967e+05,2.004020e+07
3372,2.947117e+03,miss,-14.385514,-77.425957,-14.081129,-9.519964e+05,1.966756e+07,4.068021e+06
3373,2.947372e+03,miss,51.447779,-44.673176,-41.921753,-1.549953e+07,8.981354e+06,9.132515e+06
3374,2.947973e+03,miss,-14.344355,-29.040599,-73.149731,-1.310972e+06,8.267123e+06,1.828446e+07
3375,2.950493e+03,miss,-55.743559,38.397818,-42.641097,1.160846e+07,-9.640841e+06,1.330522e+07
3376,2.951060e+03,miss,43.032906,15.374309,-65.664295,-1.336005e+07,-5.776494e+05,1.503277e+07
3377,2.952424e+03,miss,59.728024,-0.458982,-53.219851,-1.390022e+07,-4.815899e+06,1.373269e+07
3378,2.954878e+03,miss,6.519751,34.816911,-71.730576,-2.265029e+05,-1.211411e+07,1.607886e+07
3379,2.955620e+03,miss,46.318362,23.015802,61.031813,-1.022757e+07,-9.970850e+06,-1.419201e+07
3380,2.956321e+03,miss,-63.231561,-32.777220,36.433825,1.277152e+07,1.216099e+07,-9.722608e+06
3381,2.956368e+03,miss,2.666126,-77.333795,-20.307041,3.228881e+06,1.936228e+07,4.495938e+06
3382,2.956877e+03,miss,-46.146458,19.271678,62.442829,1.111343e+07,-8.914008e+06,-1.423513e+07
3383,2.958782e+03,miss,-70.849556,-31.884140,-19.072023,1.919773e+07,4.426499e+06,4.209670e+06
3384,2.959163e+03,miss,-11.823592,-59.716994,51.904560,6.339078e+05,1.271010e+07,-1.561959e+07
3385,2.959324e+03,miss,26.493547,-62.299251,42.625055,-1.733013e+06,1.682062e+07,-1.095472e+07
3386,2.959480e+03,miss,78.827731,-13.243120,3.287647,-1.883050e+07,7.130699e+06,-7.273702e+05
3387,2.960095e+03,miss,-26.805099,-14.063647,74.052012,5.734855e+06,-1.394790e+06,-1.926692e+07
3388,2.960327e+03,miss,-45.998746,-18.979256,62.641067,9.345698e+06,9.150581e+06,-1.532986e+07
3389,2.960476e+03,miss,-18.504069,-34.758631,-69.637899,8.376557e+06,9.460750e+06,1.569802e+07
3390,2.960760e+03,miss,5.167937,0.857989,79.828292,2.362502e+06,-3.546462e+06,-1.969722e+07
3391,2.960807e+03,miss,-3.241944,61.271015,-51.335684,-2.236242e+06,-1.659983e+07,1.120672e+07
3392,2.960979e+03,miss,-3.777588,-2.778316,79.862449,4.669904e+06,3.689861e+06,-1.925477e+07
3393,2.961191e+03,miss,32.524523,71.799799,-13.672754,-1.070370e+07,-1.683250e+07,2.880341e+06
3394,2.961528e+03,miss,-53.733763,21.909464,55.069575,1.091681e+07,-9.809423e+06,-1.381460e+07
3395,2.962121e+03,miss,47.364500,4.821329,-64.291204,-9.875978e+06,3.261326e+06,1.726716e+07
3396,2.962352e+03,miss,6.623798,-58.997083,53.623405,3.369146e+06,1.433008e+07,-1.377155e+07
3397,2.963285e+03,miss,-3.369742,2.304399,-79.895773,3.823286e+06,3.293913e+06,1.951969e+07
3398,2.963498e+03,miss,-18.246415,29.101450,72.250771,8.701727e+06,-7.487671e+06,-1.657497e+07
3399,2.964397e+03,hit,62.119856,-50.166854,4.940679,-1.712026e+07,1.053409e+07,-1.602447e+06
3400,2.965221e+03,miss,45.350955,28.982413,59.188771,-1.081786e+07,-1.081450e+07,-1.314427e+07
3401,2.965489e+03,miss,-15.184861,-1.433603,78.532571,7.144599e+06,-2.826744e+06,-1.864812e+07
3402,2.965555e+03,miss,0.063704,57.527213,55.593307,4.565651e+06,-1.267585e+07,-1.500916e+07
3403,2.967598e+03,miss,2.860356,0.711010,-79.945687,-1.596051e+06,-4.965687e+06,1.949030e+07
3404,2.967982e+03,miss,7.000024,54.320656,-58.311800,-6.069693e+06,-1.375238e+07,1.345961e+07
3405,2.968423e+03,miss,-27.055077,-46.078671,-59.538046,7.625734e+06,7.497402e+06,1.711221e+07
3406,2.969455e+03,miss,-5.011603,-9.034420,-79.330089,-2.246539e+06,5.596938e+06,1.926031e+07
3407,2.969660e+03,miss,-50.209338,30.688516,54.196285,8.667206e+06,-9.901462e+06,-1.530362e+07
3408,2.970036e+03,hit,11.532758,78.746181,8.126158,2.000312e+06,-1.995733e+07,-2.261700e+06
3409,2.970467e+03,miss,-64.103336,-25.829644,40.293819,1.363879e+07,1.087713e+07,-1.015589e+07
3410,2.970557e+03,miss,-32.095693,-59.506076,-42.765564,1.208092e+07,1.186861e+07,1.098502e+07
3411,2.971276e+03,miss,43.552539,61.993167,25.690925,-6.463466e+06,-1.783139e+07,-6.917152e+06
3412,2.971295e+03,miss,-62.082220,-24.645023,44.027500,1.262128e+07,9.054088e+06,-1.289617e+07
3413,2.971654e+03,miss,-58.985972,-23.222214,-48.799425,1.684008e+07,3.435527e+06,1.059446e+07
3414,2.973293e+03,miss,-55.198546,52.969863,-23.394746,9.967176e+06,-1.634939e+07,6.419620e+06
3415,2.973493e+03,miss,-42.104328,41.257196,-54.083910,6.791486e+06,-1.355627e+07,1.334126e+07
3416,2.974105e+03,miss,42.488955,-21.620752,64.243535,-1.304740e+07,6.659617e+06,-1.390629e+07
3417,2.974156e+03,miss,-13.056472,-6.801685,78.633743,6.452109e+05,5.863306e+06,-1.931793e+07
3418,2.975088e+03,miss,5.682657,7.675482,79.427919,2.226137e+03,-6.469022e+06,-1.913783e+07
3419,2.975774e+03,miss,-22.458236,15.241622,75.255037,9.693237e+05,-2.258534e+06,-2.005388e+07
3420,2.976411e+03,miss,15.453083,29.171384,-72.871342,-7.545344e+06,-3.882610e+06,1.833792e+07
3421,2.976427e+03,miss,-9.242367,18.731770,77.224992,2.461802e+06,3.289515e+05,-2.005293e+07
3422,2.977051e+03,miss,-1.984332,4.680911,79.838283,-2.802664e+06,-4.735742e+06,-1.944458e+07
3423,2.978559e+03,miss,9.061015,-37.840559,-69.899858,1.747218e+05,1.253488e+07,1.585645e+07
3424,2.978599e+03,miss,20.848448,61.176245,47.146678,-5.474643e+06,-1.284456e+07,-1.461615e+07
3425,2.979641e+03,miss,30.125442,73.894905,-5.656925,-6.814646e+06,-1.899925e+07,1.148312e+06
3426,2.979817e+03,miss,-21.199767,39.587694,-66.207132,4.242074e+06,-1.321041e+07,1.470522e+07
3427,2.980077e+03,miss,55.918279,41.189711,39.705840,-1.626254e+07,-5.814732e+06,-1.051226e+07
3428,2.980183e+03,miss,76.012799,2.292344,-24.835451,-1.849984e+07,9.738532e+05,8.100083e+06
3429,2.982378e+03,miss,4.191713,5.039647,-79.730995,3.746805e+06,1.209251e+05,1.987591e+07
3430,2.982870e+03,miss,-42.764224,66.154402,-13.957659,1.445209e+07,-1.358813e+07,3.958788e+06
3431,2.982986e+03,miss,30.101690,27.977641,68.637744,-2.725876e+06,-7.699559e+06,-1.850607e+07
3432,2.983032e+03,miss,-36.145672,-6.626320,71.060413,6.535993e+06,-2.568466e+06,-1.897046e+07
3433,2.983847e+03,miss,-4.401289,-78.847085,12.797101,-3.830645e+06,1.954739e+07,-3.540031e+06
3434,2.985825e+03,miss,-57.389308,12.931148,-54.214876,1.121598e+07,-4.700124e+06,1.617678e+07
3435,2.987228e+03,miss,32.441340,-37.629284,62.702444,-5.752944e+06,6.477309e+06,-1.829531e+07
3436,2.988570e+03,miss,37.659937,51.476360,48.289891,-9.480416e+06,-1.472965e+07,-1.015448e+07
3437,2.989012e+03,miss,1.146899,0.782410,79.987952,4.553342e+06,-1.127157e+06,-1.969800e+07
3438,2.989021e+03,miss,0.001366,-0.014476,-79.999999,9.486484e+05,4.821858e+06,1.964347e+07
3439,2.989147e+03,miss,-71.881187,12.308377,-32.887669,1.888906e+07,5.424536e+05,7.276168e+06
3440,2.990912e+03,miss,72.830002,7.270969,-32.294332,-1.851810e+07,-4.504931e+06,6.860101e+06
3441,2.990947e+03,miss,71.438692,-34.067566,-11.658227,-1.604844e+07,1.208063e+07,2.605041e+06
3442,2.991029e+03,miss,-28.137069,-23.614134,-71.068123,6.191535e+06,1.007971e+07,1.644250e+07
3443,2.991132e+03,miss,-60.891619,2.891461,51.805889,1.262948e+07,3.837251e+05,-1.583208e+07
3444,2.991809e+03,miss,13.647823,-29.502502,-73.098148,-7.986499e+06,6.039405e+06,1.761079e+07
3445,2.992459e+03,miss,3.618926,-4.253732,79.804819,3.726641e+06,2.801559e+06,-1.971677e+07
3446,2.993178e+03,miss,17.137873,77.031675,13.130664,-8.682865e+06,-1.804907e+07,-3.070017e+06
3447,2.993554e+03,hit,-27.206130,-74.959641,6.393643,1.911861e+06,2.010558e+07,-1.657781e+06
3448,2.994681e+03,miss,-46.667654,-30.585067,57.329606,1.398429e+07,8.053398e+06,-1.226274e+07
3449,2.994856e+03,miss,65.323514,31.372072,33.891468,-1.397749e+07,-1.033454e+07,-1.042321e+07
3450,2.994983e+03,miss,52.565169,49.299435,-34.734259,-1.298816e+07,-1.379550e+07,7.199020e+06
3451,2.996263e+03,miss,-57.067010,45.469765,32.800256,1.175601e+07,-1.473281e+07,-7.466587e+06
3452,2.997603e+03,miss,62.328209,47.892942,-14.881549,-1.322244e+07,-1.465515e+07,4.646187e+06
3453,2.997723e+03,miss,45.582646,-28.263060,59.358419,-1.241200e+07,9.606855e+06,-1.283979e+07
3454,2.997751e+03,miss,14.210651,-29.175030,-73.122329,-5.907845e+06,1.019948e+07,1.650096e+07
3455,2.998200e+03,miss,-4.455908,-18.002365,77.820690,4.202480e+06,5.167849e+05,-1.983298e+07
3456,2.998853e+03,miss,-25.395659,54.249218,53.029076,7.554606e+06,-1.511043e+07,-1.122353e+07
3457,2.999221e+03,miss,34.363294,35.630140,62.846298,-1.039471e+07,-1.087598e+07,-1.360435e+07
3458,2.999962e+03,miss,37.394839,-26.886418,65.412128,-5.096387e+06,9.349815e+06,-1.726629e+07
3459,3.000477e+03,miss,-39.827637,-12.333298,68.276270,5.656799e+06,2.707489e+06,-1.929398e+07
3460,3.000800e+03,miss,-54.871480,-50.132430,-29.594935,1.671924e+07,8.448981e+06,7.791888e+06
3461,3.001080e+03,miss,-21.468837,6.499327,-76.790936,3.977253e+06,3.223165e+06,1.963321e+07
3462,3.001752e+03,miss,5.626287,13.175334,78.706769,4.188672e+05,1.404598e+06,-2.023893e+07
3463,3.002614e+03,miss,-0.056888,-0.414956,-79.998904,-1.645692e+06,-4.538031e+06,1.971240e+07
3464,3.002657e+03,miss,-13.775003,15.326588,77.300356,2.364212e+04,-7.325295e+06,-1.892686e+07
3465,3.004201e+03,miss,48.444932,-0.395756,63.662641,-1.392172e+07,3.465930e+06,-1.436215e+07
3466,3.005047e+03,miss,-57.940177,8.137565,-54.559288,1.650664e+07,1.291096e+04,1.182138e+07
3467,3.005612e+03,miss,-46.376286,-1.100781,-65.176901,1.278694e+07,-4.006434e+06,1.525564e+07
3468,3.005710e+03,miss,-45.919081,8.268952,-64.985094,8.160314e+06,4.606661e+05,1.858769e+07
3469,3.005977e+03,miss,64.798745,19.182845,-42.815197,-1.372929e+07,-8.580709e+06,1.225643e+07
3470,3.006949e+03,miss,-2.221882,4.008960,79.868589,4.310886e+06,-4.050113e+06,-1.942905e+07
3471,3.007181e+03,miss,1.654069,-2.805351,79.933685,-1.849526e+06,5.346194e+06,-1.950653e+07
3472,3.007402e+03,miss,66.384908,15.775799,-41.763239,-1.664803e+07,8.757795e+05,1.160231e+07
3473,3.009307e+03,miss,-69.222847,-37.682198,13.720404,1.879555e+07,7.148423e+06,-2.902772e+06
3474,3.009578e+03,miss,7.737588,58.873498,-53.610083,-7.138490e+05,-1.206759e+07,1.633094e+07
3475,3.010604e+03,miss,59.103733,-53.186580,8.828161,-1.126751e+07,1.672995e+07,-2.475640e+06
3476,3.010655e+03,hit,-1.953659,-79.929849,2.720756,1.631997e+05,2.030047e+07,-9.207885e+05
3477,3.011274e+03,miss,-34.592469,-4.186836,-72.012717,5.964048e+06,-3.105902e+06,1.917947e+07
3478,3.012395e+03,miss,-6.871029,70.908626,-36.397193,1.091677e+06,-1.884245e+07,7.549349e+06
3479,3.013097e+03,miss,-8.258022,-5.074077,79.410697,-2.562204e+06,-7.292907e+05,-2.015495e+07
3480,3.014762e+03,miss,24.960875,42.311686,-63.140130,-1.321691e+06,-1.149123e+07,1.672578e+07
3481,3.015316e+03,miss,-29.297096,49.800003,55.332087,8.717422e+06,-1.408921e+07,-1.179507e+07
3482,3.015688e+03,miss,76.522380,4.435626,-22.905251,-1.978472e+07,-3.137662e+05,4.705377e+06
3483,3.015811e+03,miss,9.593866,6.210159,79.179490,-1.209924e+06,3.339376e+06,-2.002687e+07
3484,3.016766e+03,miss,-28.926030,-65.255892,36.124138,2.487006e+06,1.800643e+07,-9.132652e+06
3485,3.017663e+03,miss,3.013408,-5.991852,79.718361,2.239244e+06,-2.535409e+06,-2.006246e+07
3486,3.018571e+03,miss,8.438568,-2.670039,79.508877,-4.291512e+06,-3.729722e+06,-1.953821e+07
3487,3.018605e+03,miss,40.068748,-57.156250,39.085272,-6.831226e+06,1.696937e+07,-8.913424e+06
3488,3.018618e+03,miss,37.313336,64.411631,-29.306258,-9.631967e+06,-1.687968e+07,6.031379e+06
3489,3.019160e+03,miss,27.310891,30.853304,68.572508,-5.915117e+06,-1.159190e+07,-1.564575e+07
3490,3.020254e+03,miss,35.503987,60.394540,38.625982,-4.613574e+06,-1.744706e+07,-9.413570e+06
3491,3.020269e+03,miss,12.621384,-59.053052,52.473210,4.704182e+05,1.649394e+07,-1.191768e+07
3492,3.020742e+03,miss,-3.947488,0.123109,-79.902454,5.618143e+06,1.449946e+06,1.951157e+07
3493,3.020802e+03,miss,-7.939075,-56.560291,-56.017002,-2.196496e+06,1.252618e+07,1.589483e+07
3494,3.020808e+03,miss,-54.867731,-33.782243,47.416159,1.208883e+07,1.227515e+07,-1.084239e+07
3495,3.021136e+03,miss,-31.644933,-67.320088,-29.438137,1.093109e+07,1.461744e+07,9.014604e+06
3496,3.021265e+03,miss,50.397946,53.837912,31.008486,-9.652053e+06,-1.646637e+07,-7.080651e+06
3497,3.021407e+03,miss,-23.475840,-7.249404,-76.133639,1.069508e+06,3.172228e+06,2.008113e+07
3498,3.022315e+03,miss,-7.224171,-60.967005,51.291672,-3.122427e+06,1.563095e+07,-1.266914e+07
3499,3.022952e+03,miss,-2.104253,-17.817858,-77.962145,-4.262173e+06,2.902849e+06,1.969969e+07
3500,3.023053e+03,miss,54.125635,53.636103,-24.363581,-1.589286e+07,-1.032350e+07,7.451620e+06
3501,3.023097e+03,miss,-15.702806,-61.622893,48.539066,-1.055365e+06,1.556534e+07,-1.308803e+07
3502,3.023854e+03,miss,18.564131,4.693019,77.674633,-9.010711e+06,-3.834486e+05,-1.826073e+07
3503,3.024769e+03,miss,19.549052,-52.655533,56.966915,-9.280972e+06,1.064388e+07,-1.467962e+07
3504,3.025198e+03,miss,34.712848,19.957049,69.258461,-1.230719e+07,-2.958929e+06,-1.596109e+07
3505,3.025796e+03,miss,48.551743,-23.651033,59.019970,-1.154188e+07,9.969764e+06,-1.350739e+07
3506,3.026182e+03,miss,16.301912,-77.428514,11.792919,-6.277681e+06,1.922569e+07,-2.465179e+06
3507,3.026942e+03,miss,29.451019,-74.128230,-6.135386,-3.220506e+06,2.003693e+07,1.835061e+06
3508,3.027239e+03,miss,44.876948,-22.105641,-62.429161,-1.322284e+07,9.884933e+05,1.547378e+07
3509,3.027318e+03,miss,-62.342762,-20.475613,-45.761657,1.742066e+07,4.248604e+06,9.681916e+06
3510,3.028207e+03,hit,24.317012,-76.214160,0.290963,-9.337364e+06,1.811619e+07,-9.272920e+04
3511,3.028583e+03,miss,49.002616,25.354189,-57.930206,-1.202277e+07,-1.007432e+07,1.301553e+07
3512,3.031440e+03,miss,6.757677,-16.499756,77.987767,-1.700095e+06,8.612941e+06,-1.840548e+07
3513,3.032264e+03,miss,49.716748,-58.666037,-22.057677,-1.604125e+07,1.138399e+07,5.388039e+06
3514,3.033622e+03,miss,-10.025203,-22.617702,-76.078478,6.957884e+06,6.555993e+06,1.802057e+07
3515,3.034216e+03,miss,30.820582,-73.015758,-10.899116,-5.829287e+06,1.921463e+07,3.610134e+06
3516,3.035363e+03,miss,14.930484,42.132104,66.347317,-6.462799e+05,-7.602538e+06,-1.892503e+07
3517,3.035628e+03,miss,-31.198998,-48.084200,55.807994,1.174672e+07,1.068039e+07,-1.282003e+07
3518,3.036425e+03,miss,50.355473,-50.814948,35.807366,-1.588234e+07,9.734524e+06,-8.337202e+06
3519,3.036744e+03,miss,-4.270758,-3.611230,79.804258,-2.259426e+05,-3.941596e+06,-2.002437e+07
3520,3.036896e+03,miss,1.558312,4.172008,-79.875941,3.329451e+06,2.309523e+06,2.000410e+07
3521,3.037407e+03,miss,-38.468137,-10.277226,69.387182,7.127206e+06,-1.458119e+06,-1.907171e+07
3522,3.037531e+03,miss,-41.312372,-34.086402,59.425627,6.059459e+06,9.720932e+06,-1.689547e+07
3523,3.038694e+03,miss,56.377635,24.190226,51.345839,-1.090880e+07,-9.507976e+06,-1.440230e+07
3524,3.038704e+03,hit,27.499326,-75.124660,-0.269365,-8.016560e+06,1.877652e+07,9.114613e+04
3525,3.040098e+03,miss,19.838496,-69.817942,-33.643559,-1.755326e+06,1.741979e+07,1.051152e+07
3526,3.040398e+03,miss,9.672469,55.102618,-57.185181,-4.153346e+06,-1.571452e+07,1.236395e+07
3527,3.040557e+03,miss,33.725576,43.837671,-57.800036,-4.466655e+06,-1.056007e+07,1.690028e+07
3528,3.041625e+03,miss,-72.083204,-15.151384,-31.216137,1.647675e+07,7.608117e+06,9.373641e+06
3529,3.043163e+03,miss,-10.037437,11.320264,-78.556359,6.988822e+06,-9.657114e+05,1.917464e+07
3530,3.043333e+03,miss,-37.145329,-3.037322,70.788411,1.134198e+07,-3.225652e+06,-1.668595e+07
3531,3.043435e+03,miss,-0.714988,3.513333,-79.919618,-9.416703e+05,-5.642238e+06,1.961526e+07
3532,3.043687e+03,miss,-42.453651,38.805781,55.603947,1.016703e+07,-6.175101e+06,-1.661369e+07
3533,3.044287e+03,miss,48.800998,-60.956473,-17.400315,-1.315478e+07,1.522298e+07,3.579073e+06
3534,3.044675e+03,miss,-8.357934,-53.087820,59.260681,2.878234e+06,1.566224e+07,-1.280861e+07
3535,3.044758e+03,miss,42.148771,-63.419040,24.525629,-6.951824e+06,1.836074e+07,-5.675994e+06
3536,3.045356e+03,miss,-67.650901,26.357812,-33.594960,1.819577e+07,-6.143383e+06,6.994033e+06
3537,3.046061e+03,miss,0.176172,5.805743,79.788861,-4.806394e+06,1.044288e+04,-1.986804e+07
3538,3.047388e+03,miss,4.880010,-47.547379,64.151635,-1.096292e+06,8.063515e+06,-1.875634e+07
3539,3.048864e+03,miss,9.953164,-65.235488,-45.224613,-2.573517e+06,1.791558e+07,9.520187e+06
3540,3.048899e+03,miss,26.107100,73.307757,18.557805,-9.147285e+06,-1.786011e+07,-3.946286e+06
3541,3.049415e+03,miss,-3.160404,24.484686,-76.095414,-2.518844e+06,-9.255121e+06,1.806374e+07
3542,3.049627e+03,hit,79.995827,0.812157,-0.089781,-2.029672e+07,2.524251e+06,2.944024e+04
3543,3.050048e+03,miss,-9.968222,-45.369157,-65.132742,-2.043926e+06,9.749150e+06,1.786515e+07
3544,3.050793e+03,miss,-60.197321,10.912000,51.548140,1.239299e+07,-5.513301e+06,-1.531362e+07
3545,3.051116e+03,miss,-12.390867,11.336933,78.217264,5.073195e+06,1.795614e+06,-1.973758e+07
3546,3.051344e+03,miss,-41.944281,-31.134948,60.591190,7.950445e+06,1.184609e+07,-1.466376e+07
3547,3.052244e+03,miss,1.228660,-24.606012,76.111987,-2.019069e+06,1.503991e+06,-2.030640e+07
3548,3.052344e+03,miss,-22.316793,58.081515,50.284176,3.286904e+06,-1.291788e+07,-1.552504e+07
3549,3.052415e+03,miss,-40.740319,1.404913,68.834967,5.912987e+06,-8.228389e+05,-1.957221e+07
3550,3.052617e+03,miss,-73.031922,-32.441081,-3.730234,1.880945e+07,8.022529e+06,7.637926e+05
3551,3.054097e+03,miss,-67.628376,21.095673,37.166858,1.778626e+07,-6.488831e+06,-7.777314e+06
3552,3.055114e+03,miss,21.206850,-65.935791,-40.034248,-8.669862e+06,1.632113e+07,8.805484e+06
3553,3.055149e+03,miss,53.285698,58.857275,-9.821178,-1.417441e+07,-1.463226e+07,2.017524e+06
3554,3.055498e+03,miss,29.727452,64.415423,36.972042,-5.054011e+06,-1.595384e+07,-1.179266e+07
3555,3.056136e+03,miss,23.571115,-60.600986,46.603895,-6.046048e+06,1.690064e+07,-9.850693e+06
3556,3.056266e+03,miss,-73.715246,8.924919,29.772611,1.873670e+07,-5.186019e+06,-6.425061e+06
3557,3.058323e+03,miss,-0.317381,-16.601662,78.257805,-4.712713e+06,5.194357e+06,-1.924400e+07
3558,3.059126e+03,miss,-42.649361,-1.274254,67.671325,1.293314e+07,-3.099363e+06,-1.558077e+07
3559,3.059624e+03,miss,18.242184,-77.253289,9.957511,-1.497710e+06,2.017800e+07,-3.210343e+06
3560,3.059668e+03,miss,33.336941,-50.786801,52.051409,-8.585917e+06,9.628172e+06,-1.591500e+07
3561,3.060499e+03,miss,44.765863,-58.858258,-30.524136,-7.936803e+06,1.752765e+07,7.043415e+06
3562,3.061172e+03,miss,36.563832,62.019733,-34.880352,-1.327711e+07,-1.253744e+07,9.297538e+06
3563,3.061997e+03,miss,42.146203,-31.324442,60.352936,-1.397541e+07,5.184192e+06,-1.406551e+07
3564,3.062073e+03,miss,-40.615145,3.526903,68.832920,1.064322e+07,4.043335e+06,-1.704143e+07
3565,3.062626e+03,miss,14.954520,19.482556,76.136669,-5.408970e+06,-9.485276e+04,-1.976984e+07
3566,3.064826e+03,miss,-27.071191,10.994576,74.473283,6.688880e+06,2.317847e+06,-1.924320e+07
3567,3.064975e+03,miss,-39.529782,9.711177,-68.870090,1.260759e+07,1.007961e+06,1.613901e+07
3568,3.066041e+03,miss,-5.732733,-79.376437,8.155797,3.270366e+06,2.017405e+07,-1.701027e+06
3569,3.066785e+03,miss,-54.435995,34.365509,-47.494571,1.566854e+07,-8.539810e+06,1.011196e+07
3570,3.068011e+03,miss,-66.187492,-23.279059,-38.435678,1.488391e+07,6.826794e+06,1.235781e+07
3571,3.069504e+03,miss,67.831128,35.811084,-22.726734,-1.908252e+07,-4.335028e+06,6.174252e+06
3572,3.069946e+03,miss,47.392554,-11.210809,-63.468603,-8.719321e+06,4.961614e+05,1.856998e+07
3573,3.071268e+03,miss,51.775260,-54.948045,-26.458171,-1.625392e+07,1.093724e+07,6.122515e+06
3574,3.071296e+03,miss,39.453604,-46.265389,-51.989681,-1.369631e+07,8.944957e+06,1.239762e+07
3575,3.071662e+03,miss,-20.243029,5.493601,77.201296,3.874177e+06,3.553741e+06,-1.984223e+07
3576,3.071669e+03,miss,-75.078157,-25.970677,9.423073,2.031450e+07,1.806578e+06,-2.326046e+06
3577,3.072011e+03,miss,-43.423709,-42.720668,51.858712,1.443919e+07,8.112789e+06,-1.212818e+07
3578,3.073178e+03,miss,29.226526,-72.301901,-17.839429,-8.657932e+06,1.824540e+07,3.702109e+06
3579,3.073627e+03,hit,79.737258,-0.530726,-6.456632,-2.013978e+07,-3.731134e+06,1.445619e+06
3580,3.074246e+03,miss,7.304429,8.068097,-79.256237,-2.229575e+06,-6.795779e+06,1.924976e+07
3581,3.074405e+03,miss,-17.975200,-61.630974,-47.733795,3.811988e+04,1.520714e+07,1.380109e+07
3582,3.074679e+03,miss,5.002253,-16.633480,78.091644,-5.989750e+06,4.993531e+06,-1.899878e+07
3583,3.075070e+03,miss,-24.705162,17.750560,73.990355,6.031332e+06,-8.919466e+06,-1.748959e+07
3584,3.075834e+03,miss,66.099419,-8.937937,44.169900,-1.798751e+07,3.303725e+06,-9.351982e+06
3585,3.076272e+03,miss,28.758289,4.955188,74.487629,-2.723129e+06,5.158493e+05,-2.035444e+07
3586,3.077023e+03,miss,-3.439499,1.201646,-79.916994,-1.695400e+06,-4.590890e+06,1.995337e+07
3587,3.078102e+03,miss,3.755499,-74.889397,27.883229,2.505831e+06,1.842212e+07,-8.751116e+06
3588,3.079355e+03,miss,-12.608647,-76.944325,17.905106,-6.634915e+05,2.014283e+07,-4.029123e+06
3589,3.079539e+03,miss,-16.126746,19.343199,75.932659,-7.226253e+05,-6.595652e+06,-1.945271e+07
3590,3.080816e+03,hit,55.622213,56.410670,11.135784,-1.229255e+07,-1.606127e+07,-3.679233e+06
3591,3.080988e+03,miss,50.935699,0.914509,61.682398,-1.435346e+07,3.629746e+06,-1.426305e+07
3592,3.081927e+03,miss,-57.529561,-18.620081,-52.379788,1.617244e+07,2.084698e+05,1.269524e+07
3593,3.082558e+03,miss,39.274031,-66.414209,21.135357,-5.913863e+06,1.864717e+07,-6.336894e+06
3594,3.082854e+03,miss,-12.740618,74.621026,25.872361,4.846039e+05,-1.877950e+07,-8.365593e+06
3595,3.083115e+03,miss,-46.501989,-11.923066,63.995356,8.497508e+06,6.746925e+06,-1.746982e+07
3596,3.083627e+03,miss,59.702690,49.455853,-19.741008,-1.697168e+07,-9.758096e+06,6.303575e+06
3597,3.083704e+03,miss,-8.549065,-79.540546,0.463774,7.213074e+06,1.926035e+07,-1.198573e+05
3598,3.083726e+03,miss,-22.628380,-21.789125,-73.574387,2.779479e+06,1.717460e+06,2.030596e+07
3599,3.084513e+03,miss,21.548453,-60.837548,-47.270043,-4.920552e+06,1.322366e+07,1.496790e+07
3600,3.084573e+03,miss,-31.376569,67.995974,28.143533,8.299988e+06,-1.788908e+07,-5.849290e+06
3601,3.085698e+03,miss,-14.296463,-10.712148,-77.979876,4.974616e+06,-2.184795e+06,1.984332e+07
3602,3.086476e+03,miss,13.279343,-20.219374,-76.255072,-1.764713e+05,8.741288e+06,1.862641e+07
3603,3.086641e+03,miss,-5.135253,-23.069447,-76.429247,-1.964833e+06,9.116347e+06,1.834226e+07
3604,3.086666e+03,miss,-40.802867,-59.630871,-34.340724,1.224128e+07,1.251252e+07,1.081657e+07
3605,3.087252e+03,miss,-24.974130,54.825757,-52.634867,1.049357e+07,-1.274939e+07,1.228124e+07
3606,3.087521e+03,miss,68.362806,29.917129,28.835606,-1.487052e+07,-1.209171e+07,-7.495722e+06
3607,3.087644e+03,miss,-3.368566,-49.254285,62.949727,-3.919260e+06,1.088572e+07,-1.702013e+07
3608,3.088308e+03,miss,52.074971,-17.513187,58.150543,-1.418679e+07,-5.675510e+05,-1.490129e+07
3609,3.089480e+03,miss,21.781177,24.813281,-72.868933,-8.634591e+06,-2.270177e+06,1.854957e+07
3610,3.089531e+03,miss,-20.064060,-25.473765,-73.133582,4.597695e+06,1.570277e+06,2.000497e+07
3611,3.089599e+03,miss,-6.296098,24.967792,-75.742779,5.864169e+06,-7.903888e+06,1.808184e+07
3612,3.089879e+03,miss,-31.497050,-35.215037,-64.558787,4.704296e+06,6.599914e+06,1.892517e+07
3613,3.090918e+03,miss,37.153723,65.065325,-28.037552,-1.329970e+07,-1.353403e+07,7.996354e+06
3614,3.091964e+03,miss,35.116569,38.894683,60.448574,-4.306299e+06,-1.206264e+07,-1.612717e+07
3615,3.092159e+03,miss,-43.835757,9.494161,66.244149,9.166883e+06,-7.129124e+06,-1.700905e+07
3616,3.092397e+03,miss,-34.903927,11.152940,-71.114891,5.600209e+06,-6.780549e+06,1.862414e+07
3617,3.092848e+03,miss,44.612619,-23.030227,62.284210,-1.112544e+07,9.891688e+05,-1.730620e+07
3618,3.092899e+03,miss,-63.683614,-14.242227,-46.276952,1.379677e+07,4.504666e+06,1.461583e+07
3619,3.092930e+03,miss,42.321150,-10.254486,67.110102,-6.576063e+06,4.617592e+06,-1.896584e+07
3620,3.095045e+03,miss,-37.453366,-5.413574,70.483605,5.995390e+06,-1.863058e+06,-1.962509e+07
3621,3.095945e+03,miss,-66.460683,42.918345,11.874060,1.870067e+07,-8.262837e+06,-2.587227e+06
3622,3.096603e+03,miss,20.510836,-9.298918,-76.764808,-8.126669e+06,5.571984e+06,1.810204e+07
3623,3.097053e+03,miss,-34.607810,40.657317,-59.575851,4.140384e+06,-1.113915e+07,1.684078e+07
3624,3.097209e+03,miss,0.268689,2.818123,79.949897,-3.785020e+06,2.671926e+06,-2.008460e+07
3625,3.098563e+03,miss,-43.507925,9.928873,-66.396370,1.125080e+07,2.590507e+06,1.708072e+07
3626,3.098611e+03,miss,-0.985298,2.786375,79.945389,-2.084223e+05,-5.631752e+06,-1.983151e+07
3627,3.098617e+03,miss,-8.560362,-8.184596,79.118472,-2.778373e+06,7.860379e+05,-2.041354e+07
3628,3.099022e+03,miss,-61.670189,46.283087,21.322844,1.746457e+07,-8.641339e+06,-6.739542e+06
3629,3.099090e+03,miss,-1.860317,0.222960,79.978056,6.610769e+05,4.943279e+06,-2.000604e+07
3630,3.100073e+03,miss,45.092163,25.216734,-61.080382,-8.997607e+06,-1.070860e+07,1.515317e+07
3631,3.102443e+03,miss,-75.954661,-7.789887,-23.879011,2.000229e+07,1.495334e+05,5.045862e+06
3632,3.103164e+03,miss,62.376410,15.413293,47.661451,-1.616379e+07,1.200898e+06,-1.276571e+07
3633,3.104807e+03,miss,-3.964528,6.349459,79.649023,-2.957347e+06,1.597632e+06,-2.036174e+07
3634,3.105126e+03,miss,5.880822,-79.779795,0.774738,3.161538e+06,2.039348e+07,-2.307497e+05
3635,3.105689e+03,miss,21.596151,-10.537080,76.305807,-8.955484e+06,5.083214e+06,-1.788799e+07
3636,3.107284e+03,miss,16.045526,-59.320865,-51.220855,5.858958e+05,1.453226e+07,1.465294e+07
3637,3.107706e+03,miss,19.188026,-51.771182,57.892697,-5.012944e+06,9.676846e+06,-1.753641e+07
3638,3.108179e+03,miss,-6.498527,-54.083298,-58.589811,-2.963837e+05,1.605681e+07,1.297892e+07
3639,3.108732e+03,miss,52.594657,-29.414289,-52.617504,-1.416938e+07,2.677481e+06,1.478164e+07
3640,3.111559e+03,miss,57.216059,-17.753037,53.020301,-1.480523e+07,8.069388e+06,-1.193797e+07
3641,3.113224e+03,miss,-11.753644,9.768399,-78.526621,9.093834e+05,2.206108e+06,2.052704e+07
3642,3.114033e+03,miss,37.668609,-28.698477,-64.478472,-1.207531e+07,2.835705e+06,1.653210e+07
3643,3.117993e+03,miss,3.890590,-6.212020,-79.663506,-4.856589e+05,6.441507e+06,1.964634e+07
3644,3.118416e+03,miss,60.633686,49.644464,16.092959,-1.563406e+07,-1.312190e+07,-3.340312e+06
3645,3.119383e+03,miss,-4.047816,3.053027,79.839177,5.016357e+06,-3.638325e+06,-1.973568e+07
3646,3.119527e+03,miss,-20.223207,-34.259707,69.406731,3.182320e+06,1.242489e+07,-1.623000e+07
3647,3.119803e+03,miss,44.753132,-1.857010,-66.285056,-7.429316e+06,-1.081932e+06,1.927668e+07
3648,3.121616e+03,miss,14.544418,34.153103,70.866251,-2.203137e+06,-4.352392e+06,-2.010988e+07
3649,3.121994e+03,miss,26.451277,-37.820696,-65.344662,-5.531285e+06,1.319807e+07,1.494899e+07
3650,3.122415e+03,miss,25.823954,21.036428,-72.736457,-1.059152e+07,-3.045417e+06,1.751740e+07
3651,3.122891e+03,miss,-19.228638,44.376067,63.726165,1.323163e+06,-1.402969e+07,-1.515904e+07
3652,3.123555e+03,miss,-1.373184,-46.462661,-65.110179,1.229302e+06,1.471292e+07,1.450825e+07
3653,3.124064e+03,miss,-59.575895,-51.156719,15.287341,1.433818e+07,1.458069e+07,-3.218770e+06
3654,3.125388e+03,miss,1.099225,-4.336761,-79.874803,1.703112e+06,5.638294e+06,1.985022e+07
3655,3.125642e+03,miss,10.835930,17.548113,77.295837,-6.533929e+06,-1.069550e+06,-1.961940e+07
3656,3.126556e+03,miss,-50.096649,-33.186252,52.810969,1.375818e+07,1.041808e+07,-1.144807e+07
3657,3.127021e+03,miss,21.519605,-72.348980,-26.505316,-7.858602e+06,1.830102e+07,5.679870e+06
3658,3.127611e+03,miss,-24.373093,61.058381,45.583181,1.214774e+06,-1.686318e+07,-1.196597e+07
3659,3.128300e+03,miss,29.022035,63.358028,39.287170,-2.556580e+06,-1.787743e+07,-1.014805e+07
3660,3.129308e+03,miss,44.284720,-25.430447,-61.580483,-1.369517e+07,7.586287e+06,1.357020e+07
3661,3.130004e+03,miss,-9.015608,2.269928,-79.457953,3.964597e+06,4.143927e+06,1.991143e+07
3662,3.130299e+03,miss,-65.983770,-19.868648,40.637162,1.848211e+07,1.607342e+06,-9.231675e+06
3663,3.131746e+03,miss,-12.238841,14.326210,77.749408,-1.976235e+06,-4.337772e+06,-2.017108e+07
3664,3.131858e+03,miss,-40.882807,36.162217,-58.488376,6.164766e+06,-1.209327e+07,1.566391e+07
3665,3.132857e+03,miss,52.672924,-19.025006,-57.128034,-1.534683e+07,6.218291e+06,1.247213e+07
3666,3.133204e+03,miss,63.425732,45.063697,18.612890,-1.715512e+07,-1.096988e+07,-3.893308e+06
3667,3.133531e+03,miss,-43.735684,40.408683,-53.425914,1.459823e+07,-7.791720e+06,1.249079e+07
3668,3.134314e+03,miss,-76.645626,-22.804581,2.323608,2.065048e+07,1.794197e+06,-5.338661e+05
3669,3.135371e+03,miss,51.436272,61.088905,4.738744,-1.376888e+07,-1.542205e+07,-1.633905e+06
3670,3.135500e+03,miss,73.655850,22.380606,-21.769802,-1.938098e+07,-2.380603e+06,6.987095e+06
3671,3.136440e+03,miss,-61.596550,-50.951275,-3.135695,1.871493e+07,8.899692e+06,8.860458e+05
3672,3.136912e+03,miss,-78.792766,10.343376,9.204054,1.913372e+07,-7.569753e+06,-2.627288e+06
3673,3.136970e+03,miss,-39.847635,64.818965,24.711694,1.306799e+07,-1.411329e+07,-7.768752e+06
3674,3.136984e+03,miss,10.147337,0.672741,79.350986,-3.144411e+06,4.818824e+06,-1.992998e+07
3675,3.137330e+03,miss,-55.766155,-32.194667,-47.472512,1.642460e+07,7.379453e+06,1.030225e+07
3676,3.137403e+03,miss,24.006737,-9.325839,75.741041,-7.924858e+06,6.451035e+06,-1.805411e+07
3677,3.138097e+03,miss,-30.288802,24.133949,70.001007,7.536893e+06,-1.199355e+06,-1.929306e+07
3678,3.138550e+03,miss,40.664924,-0.114757,-68.893764,-6.389294e+06,2.390144e+06,1.959571e+07
3679,3.139441e+03,miss,-41.573661,-22.991145,-64.366435,9.497822e+06,1.376870e+06,1.839960e+07
3680,3.140100e+03,miss,49.765235,45.509093,-43.038865,-1.397827e+07,-7.912671e+06,1.314298e+07
3681,3.142472e+03,miss,69.833903,-7.076772,-38.381575,-1.870704e+07,3.647952e+06,8.234350e+06
3682,3.142919e+03,miss,60.793608,17.367465,49.015390,-1.721854e+07,-3.175868e+05,-1.159948e+07
3683,3.143170e+03,miss,44.718305,64.744837,-14.435350,-9.277395e+06,-1.831234e+07,3.122388e+06
3684,3.143873e+03,miss,29.552330,50.246677,-54.789882,-1.147871e+07,-9.473795e+06,1.448255e+07
3685,3.145331e+03,miss,-0.797284,-0.053643,-79.996009,-3.380296e+06,3.567722e+06,2.018174e+07
3686,3.145817e+03,miss,-20.265617,-67.969068,-37.006899,3.213485e+05,1.784927e+07,1.062189e+07
3687,3.146875e+03,miss,8.690975,65.248009,45.466078,2.873353e+06,-1.634538e+07,-1.249968e+07
3688,3.147766e+03,miss,7.298605,-23.663402,76.070847,3.015730e+06,4.389337e+06,-2.008559e+07
3689,3.148445e+03,miss,48.061271,25.518217,-58.642432,-8.556501e+06,-9.939720e+06,1.612058e+07
3690,3.149549e+03,miss,48.168163,55.403935,31.784147,-8.943655e+06,-1.592567e+07,-9.920698e+06
3691,3.150904e+03,miss,0.867568,38.879707,69.911485,1.009153e+06,-5.544002e+06,-2.001169e+07
3692,3.151860e+03,miss,-16.957260,-3.809522,-78.089301,4.339176e+06,5.929494e+06,1.945163e+07
3693,3.152102e+03,miss,0.030940,-0.229285,-79.999665,1.998813e+06,-4.572624e+06,2.018619e+07
3694,3.152395e+03,miss,60.212372,41.225407,32.786219,-1.510656e+07,-1.245435e+07,-7.007700e+06
3695,3.153270e+03,miss,-24.655510,-51.821186,55.737514,2.807059e+06,1.586357e+07,-1.315350e+07
3696,3.154227e+03,miss,43.089459,66.135395,13.015686,-1.401550e+07,-1.509513e+07,-2.894923e+06
3697,3.154649e+03,miss,-20.636061,33.362783,69.721429,9.476957e+06,-8.640582e+06,-1.637875e+07
3698,3.154740e+03,miss,71.297892,-23.407810,-27.725170,-1.786456e+07,5.137338e+06,9.338817e+06
3699,3.154804e+03,miss,-48.005848,61.579142,17.419753,1.230105e+07,-1.567568e+07,-5.976160e+06
3700,3.155568e+03,miss,-53.571919,-48.137221,34.826103,1.482129e+07,1.260288e+07,-7.372834e+06
3701,3.155577e+03,miss,21.232515,73.622774,-22.997119,-1.997197e+06,-2.005588e+07,5.161026e+06
3702,3.155838e+03,miss,-62.152659,-42.829792,26.507657,1.812241e+07,6.670407e+06,-7.744869e+06
3703,3.156134e+03,miss,-51.929646,43.259511,42.801011,1.603507e+07,-6.669974e+06,-1.145982e+07
3704,3.157178e+03,miss,-0.612865,0.159067,-79.997494,4.953219e+06,1.498456e+06,2.015696e+07
3705,3.159408e+03,miss,-0.627099,0.592876,79.995345,-3.641008e+06,3.194422e+06,-2.024666e+07
3706,3.160130e+03,miss,-16.645949,-9.732945,-77.641369,7.383068e+06,-1.393338e+06,1.941743e+07
3707,3.160302e+03,miss,6.155497,2.600220,79.720441,3.542746e+06,-1.067568e+06,-2.048952e+07
3708,3.160572e+03,miss,-17.909042,61.845686,-47.480284,9.382709e+06,-1.393816e+07,1.229801e+07
3709,3.160752e+03,miss,-13.628691,-46.651882,63.544163,4.925980e+06,7.888193e+06,-1.863020e+07
3710,3.160927e+03,miss,65.430261,-12.876304,-44.193684,-1.681773e+07,-1.833782e+06,1.214076e+07
3711,3.161265e+03,miss,0.020864,0.004362,-79.999997,2.855111e+06,4.161708e+06,2.020327e+07
3712,3.161846e+03,miss,-43.276649,-2.756292,67.227484,1.410164e+07,1.965742e+06,-1.519877e+07
3713,3.162371e+03,miss,-20.645657,45.682815,62.344505,9.741561e+05,-1.032079e+07,-1.806453e+07
3714,3.163749e+03,miss,1.627959,15.635200,-78.440361,3.968284e+06,-1.276491e+06,2.041097e+07
3715,3.164194e+03,miss,11.300837,-78.798593,-7.941841,2.302285e+06,2.059794e+07,2.114173e+06
3716,3.164855e+03,miss,-27.008060,21.411260,-72.195032,3.462644e+06,-9.222692e+06,1.835996e+07
3717,3.165682e+03,miss,-3.680395,6.171505,79.676642,-1.819624e+05,-6.392045e+06,-1.983325e+07
3718,3.167756e+03,miss,2.571497,24.328046,76.167799,4.240779e+06,-4.579539e+06,-1.988913e+07
3719,3.167857e+03,miss,11.133653,-40.374229,68.161304,-5.278352e+05,6.578166e+06,-1.977364e+07
3720,3.168121e+03,hit,28.799005,74.610042,1.989709,-8.255533e+06,-1.912996e+07,-6.891062e+05
3721,3.168251e+03,hit,4.104630,-79.729984,5.126559,-1.436906e+06,2.072134e+07,-1.778489e+06
3722,3.168315e+03,miss,46.707054,-64.748376,-5.108710,-1.008498e+07,1.816419e+07,1.722184e+06
3723,3.168922e+03,miss,43.862397,64.263796,-18.607918,-1.526249e+07,-1.322859e+07,5.172464e+06
3724,3.169613e+03,miss,54.072777,-18.951815,55.829773,-1.564014e+07,6.359034e+06,-1.223672e+07
3725,3.170484e+03,miss,-32.641156,59.811779,41.917849,1.030780e+07,-1.571407e+07,-9.040201e+06
3726,3.170520e+03,miss,-49.184490,20.143333,59.792409,1.462721e+07,-6.794695e+06,-1.322081e+07
3727,3.171289e+03,miss,51.152039,-8.469663,60.923999,-1.579118e+07,1.636585e+06,-1.352696e+07
3728,3.171505e+03,miss,-56.357081,-37.815519,-42.354055,1.132572e+07,1.375477e+07,1.084355e+07
3729,3.172380e+03,miss,10.329616,5.759923,-79.120935,-4.621638e+06,3.205395e+06,2.008816e+07
3730,3.172425e+03,miss,8.131990,29.934108,-73.741575,4.981269e+05,-3.503547e+06,2.055849e+07
3731,3.172833e+03,miss,14.129173,-75.738835,21.540552,-8.583045e+06,1.820324e+07,-5.495770e+06
3732,3.172926e+03,miss,24.599672,54.253349,53.398786,-8.635745e+06,-1.035562e+07,-1.591943e+07
3733,3.173453e+03,miss,26.026404,-40.031721,64.187909,-2.399779e+06,1.294236e+07,-1.618801e+07
3734,3.173511e+03,miss,9.469880,-1.678826,-79.419789,5.668626e+05,4.588673e+06,2.034566e+07
3735,3.175017e+03,miss,-37.006422,53.834369,46.177760,7.716330e+06,-1.643084e+07,-1.029639e+07
3736,3.176067e+03,miss,-63.056425,-28.797984,39.931985,1.695798e+07,2.861388e+06,-1.182850e+07
3737,3.176167e+03,miss,-34.317151,18.575751,-69.837487,9.665738e+06,-8.714484e+06,1.631928e+07
3738,3.177059e+03,miss,8.821031,8.111355,-79.097379,-1.315713e+06,3.005157e+06,2.061669e+07
3739,3.177383e+03,miss,28.120138,22.471580,-71.444286,-3.344457e+06,-3.138052e+06,2.036717e+07
3740,3.178162e+03,miss,-0.206160,-15.008420,-78.579290,2.453628e+06,7.906776e+06,1.916830e+07
3741,3.178191e+03,miss,-35.338490,-60.497196,38.617099,1.245827e+07,1.430481e+07,-8.725198e+06
3742,3.178835e+03,miss,6.084208,3.011280,79.711446,3.462970e+06,-1.866917e+06,-2.050795e+07
3743,3.179740e+03,miss,-52.522571,13.857784,-58.731094,1.200771e+07,7.866673e+05,1.706967e+07
3744,3.181202e+03,miss,3.543778,-16.255906,-78.250797,-2.893626e+06,-6.137394e+05,2.067918e+07
3745,3.181393e+03,miss,24.925514,-68.866133,32.189664,-2.589552e+06,1.933812e+07,-7.465649e+06
3746,3.181674e+03,miss,-75.324752,-13.727089,23.189411,2.020632e+07,1.922904e+06,-4.944708e+06
3747,3.181810e+03,miss,11.154242,-50.310124,-61.192110,-6.263985e+06,1.418554e+07,1.399981e+07
3748,3.182066e+03,miss,-14.842147,-76.713824,-17.166823,1.727671e+06,2.049268e+07,3.682689e+06
3749,3.182166e+03,miss,-2.524366,18.720870,77.737742,-3.308122e+06,-1.460337e+06,-2.057752e+07
3750,3.182176e+03,miss,18.599921,-76.624906,-13.515427,-7.516531e+06,1.927128e+07,2.937944e+06
3751,3.182305e+03,miss,24.102768,73.116270,-21.750118,-7.067025e+06,-1.820946e+07,7.416338e+06
3752,3.183172e+03,miss,-32.457774,-49.232558,54.061522,9.200785e+06,1.457891e+07,-1.180887e+07
3753,3.183790e+03,miss,-3.647678,-22.356598,-76.725986,2.180381e+06,9.903436e+06,1.827296e+07
3754,3.184314e+03,miss,-14.639508,11.015417,-77.873907,1.639497e+06,-7.338314e+06,1.950042e+07
3755,3.184625e+03,miss,0.180825,49.210337,63.073846,-1.126139e+06,-1.536496e+07,-1.412436e+07
3756,3.185832e+03,miss,2.882305,-1.248650,79.938309,-5.344695e+06,-1.699256e+06,-2.013853e+07
3757,3.186302e+03,miss,1.638623,4.009484,-79.882657,-4.781102e+06,1.580786e+06,2.029088e+07
3758,3.186729e+03,miss,0.396643,3.260128,-79.932561,-1.712336e+04,4.284975e+06,2.046400e+07
3759,3.187202e+03,hit,62.763024,49.510910,3.077764,-1.295962e+07,-1.638323e+07,-9.159896e+05
3760,3.187723e+03,miss,-28.008977,-14.937136,73.432821,1.058134e+07,4.432468e+05,-1.803085e+07
3761,3.188186e+03,miss,-70.064867,-21.527621,32.054267,1.879164e+07,5.700133e+05,-9.158916e+06
3762,3.189854e+03,miss,73.289838,21.061217,24.187285,-2.001357e+07,-5.456790e+05,-6.060061e+06
3763,3.190049e+03,miss,-31.046754,57.826213,-45.740881,1.165696e+07,-1.151015e+07,1.300859e+07
3764,3.191873e+03,miss,0.281301,5.204406,-79.830038,4.778813e+06,-2.748535e+06,2.018540e+07
3765,3.191950e+03,miss,23.328979,8.526276,-76.046442,-1.027416e+06,-1.226081e+06,2.086369e+07
3766,3.192728e+03,miss,-28.693212,8.841431,74.152064,1.126134e+07,-3.903483e+05,-1.763489e+07
3767,3.193545e+03,miss,1.148841,-66.442567,-44.542850,4.800165e+06,1.692291e+07,1.134217e+07
3768,3.196586e+03,miss,-54.945134,46.154565,-35.366486,1.571162e+07,-8.341359e+06,1.104787e+07
3769,3.197438e+03,miss,5.914060,5.088932,79.618633,-5.753535e+06,-3.780150e+06,-1.977910e+07
3770,3.197509e+03,miss,78.505395,-7.548890,13.413324,-2.043898e+07,-1.005382e+06,-4.455614e+06
3771,3.198080e+03,miss,47.082779,-63.253288,-13.499387,-7.723023e+06,1.913140e+07,3.610829e+06
3772,3.198099e+03,miss,53.468990,-39.635232,44.385982,-9.996231e+06,1.373052e+07,-1.225742e+07
3773,3.198550e+03,miss,-59.554634,-49.301405,20.557651,1.813654e+07,9.292123e+06,-4.845659e+06
3774,3.198690e+03,hit,67.982126,-41.732383,6.069499,-1.964084e+07,7.028551e+06,-1.901034e+06
3775,3.198936e+03,miss,-34.578008,-48.665389,-53.254496,8.057201e+06,1.527409e+07,1.185726e+07
3776,3.203499e+03,miss,28.995030,-63.994255,-38.262561,-2.799467e+06,1.839616e+07,9.653026e+06
3777,3.204027e+03,miss,10.856450,-0.388608,79.258984,-4.657904e+06,-4.546600e+06,-1.992841e+07
3778,3.204735e+03,miss,41.420941,-60.061829,32.815885,-9.860797e+06,1.710539e+07,-7.055254e+06
3779,3.206414e+03,miss,-4.341195,79.272274,9.851936,1.882872e+06,-2.060517e+07,-3.423209e+06
3780,3.207441e+03,miss,-65.913689,-1.813167,-45.300089,1.795267e+07,3.676371e+06,1.020605e+07
3781,3.207930e+03,miss,-68.954666,12.557753,-38.568859,1.900080e+07,-3.292121e+06,8.256892e+06
3782,3.208594e+03,miss,22.017788,2.357307,-76.874314,-7.254866e+06,4.106109e+06,1.925208e+07
3783,3.209120e+03,miss,7.071566,78.096356,15.841469,3.287213e+06,-2.032333e+07,-4.045288e+06
3784,3.209458e+03,miss,52.287474,60.417347,-3.970414,-1.613609e+07,-1.334849e+07,1.303340e+06
3785,3.209685e+03,miss,23.485609,55.152923,52.977177,-1.229127e+06,-1.595509e+07,-1.357239e+07
3786,3.209890e+03,miss,-16.565836,-1.816638,-78.244954,8.858046e+06,-1.101626e+05,1.902200e+07
3787,3.210709e+03,miss,-2.763959,-74.919542,27.918143,5.712519e+06,1.893884e+07,-7.008080e+06
3788,3.211596e+03,miss,34.844327,37.792338,-61.299365,-1.240762e+07,-9.552817e+06,1.397649e+07
3789,3.211648e+03,hit,18.564391,-77.633631,-5.327540,-9.566985e+06,1.861653e+07,1.565992e+06
3790,3.213367e+03,miss,3.910862,0.493508,-79.902826,4.086260e+06,-8.882729e+05,2.057435e+07
3791,3.213956e+03,miss,60.160520,-51.970505,-8.931877,-1.653586e+07,1.280123e+07,1.888129e+06
3792,3.214160e+03,miss,-23.802968,24.232249,72.430773,1.154760e+06,-5.720062e+06,-2.017044e+07
3793,3.214385e+03,miss,77.870061,12.795198,-13.135315,-1.909584e+07,-7.747561e+06,4.031662e+06
3794,3.215120e+03,miss,-9.571197,6.778435,-79.135612,-1.232070e+06,-5.300676e+06,2.028339e+07
3795,3.216596e+03,miss,-0.110857,0.255918,79.999514,1.098795e+06,-5.041791e+06,-2.036189e+07
3796,3.217325e+03,miss,-50.162702,3.114572,-62.241487,1.558382e+07,-1.872956e+06,1.396317e+07
3797,3.217452e+03,miss,-44.385515,-24.088393,-62.045752,1.078726e+07,1.043689e+07,1.469888e+07
3798,3.218051e+03,miss,-16.222307,-44.382809,64.552328,4.032490e+06,7.334403e+06,-1.927118e+07
3799,3.218803e+03,miss,42.668936,55.767341,38.332304,-1.344809e+07,-1.101920e+07,-1.180093e+07
3800,3.220045e+03,miss,33.802838,-44.902877,-56.930657,-6.884614e+06,8.934599e+06,1.773363e+07
3801,3.220184e+03,miss,-47.645300,-14.400296,62.630319,1.350586e+07,-1.269414e+06,-1.605323e+07
3802,3.220393e+03,miss,44.786171,58.467364,31.237257,-1.546947e+07,-1.174291e+07,-8.034548e+06
3803,3.221493e+03,miss,-55.128418,15.346010,-55.904897,1.229889e+07,-5.689073e+05,1.703874e+07
3804,3.222204e+03,miss,26.614794,12.780907,74.352547,-4.704590e+06,-7.898550e+06,-1.890720e+07
3805,3.223411e+03,miss,-9.711365,28.686317,74.045828,3.926846e+06,-1.114085e+07,-1.739625e+07
3806,3.224717e+03,miss,72.280643,21.295844,-26.869976,-1.981978e+07,-4.011294e+06,5.782150e+06
3807,3.224818e+03,miss,26.050170,19.541182,-73.072094,-6.270294e+06,5.403157e+04,2.007590e+07
3808,3.226270e+03,miss,26.006498,-9.293029,-75.081966,-5.443524e+06,-2.648877e+06,2.014726e+07
3809,3.226629e+03,miss,-31.670695,-18.770129,-71.025695,4.255796e+06,2.329639e+06,2.047122e+07
3810,3.228049e+03,miss,-29.196984,-73.684071,10.871700,1.055370e+07,1.784516e+07,-3.601976e+06
3811,3.228050e+03,miss,-74.919583,17.988351,-21.528478,2.042973e+07,-6.571026e+05,4.999907e+06
3812,3.228477e+03,miss,8.978219,40.914281,-68.157268,-2.725736e+06,-1.387764e+07,1.558347e+07
3813,3.228913e+03,miss,13.016748,-16.729442,-77.140716,-8.067617e+06,2.925828e+06,1.921656e+07
3814,3.231631e+03,miss,-73.917207,-20.578765,22.644226,1.999618e+07,3.619120e+05,-6.581613e+06
3815,3.231667e+03,miss,-64.820753,-26.233485,38.859674,1.691366e+07,2.962780e+06,-1.218404e+07
3816,3.233099e+03,miss,-21.352812,-23.488504,73.432606,2.515608e+06,2.222483e+06,-2.079013e+07
3817,3.233190e+03,miss,26.699210,56.974738,-49.406795,-1.107277e+07,-1.355224e+07,1.171496e+07
3818,3.233708e+03,miss,19.220560,-55.277566,54.543201,-5.678530e+06,1.633921e+07,-1.201521e+07
3819,3.234951e+03,miss,13.062608,-66.400571,42.665354,-8.247209e+06,1.618664e+07,-1.066431e+07
3820,3.235405e+03,miss,-6.951649,-6.997114,79.389640,-2.769354e+06,-7.129436e+05,-2.087189e+07
3821,3.235682e+03,miss,-1.881280,1.502825,79.963756,-4.634027e+06,9.619687e+04,-2.055159e+07
3822,3.235747e+03,miss,33.196411,30.473324,66.101247,-8.411431e+06,-1.169013e+07,-1.537690e+07
3823,3.236051e+03,miss,-16.735962,-4.310490,-78.110993,-7.782616e+05,1.205031e+05,2.105426e+07
3824,3.236066e+03,miss,3.185477,-17.245737,78.054066,4.337836e+06,4.427169e+06,-2.013672e+07
3825,3.236295e+03,miss,60.791763,22.186955,47.032974,-1.563426e+07,-1.226454e+06,-1.407130e+07
3826,3.236337e+03,miss,-30.811005,49.900196,-54.411877,9.226153e+06,-1.466590e+07,1.198878e+07
3827,3.236651e+03,miss,-34.987985,58.080713,-42.455525,1.254214e+07,-1.386902e+07,9.712341e+06
3828,3.238390e+03,miss,7.624439,29.084572,74.134712,-1.483719e+06,-2.595704e+06,-2.086346e+07
3829,3.238788e+03,miss,44.218590,19.244392,63.830789,-1.459287e+07,-2.376761e+06,-1.502255e+07
3830,3.239657e+03,miss,57.050422,43.304166,-35.637040,-1.754429e+07,-6.743601e+06,9.545605e+06
3831,3.240679e+03,miss,6.951252,-8.575631,79.234706,2.330566e+06,-9.829385e+05,-2.093178e+07
3832,3.241067e+03,miss,0.338902,33.741826,-72.535332,-4.276804e+06,-1.069176e+07,1.766311e+07
3833,3.241569e+03,miss,-72.945287,28.570666,-16.208088,1.979050e+07,-6.408621e+06,3.453246e+06
3834,3.241968e+03,miss,-68.163399,15.437718,38.928498,1.826752e+07,1.226125e+06,-1.046461e+07
3835,3.242135e+03,miss,-30.091856,37.757019,-63.787834,1.008211e+07,-5.212605e+06,1.777404e+07
3836,3.242696e+03,miss,48.582804,44.704791,45.179561,-8.469775e+06,-1.481395e+07,-1.239449e+07
3837,3.243069e+03,miss,27.426463,-57.763243,-48.074909,-6.946913e+06,1.691056e+07,1.051847e+07
3838,3.244000e+03,miss,-61.280205,-38.862699,-33.681258,1.470091e+07,9.984038e+06,1.136638e+07
3839,3.244345e+03,miss,-35.163976,-36.740079,61.754849,6.653672e+06,1.334519e+07,-1.492228e+07
3840,3.244502e+03,miss,4.503580,-38.549585,69.954609,4.025427e+06,9.925525e+06,-1.817529e+07
3841,3.244920e+03,miss,-27.505102,-6.516282,74.839879,1.047309e+07,-1.511852e+06,-1.825233e+07
3842,3.246499e+03,miss,45.109576,-1.785876,66.044961,-7.525011e+06,-5.807302e+04,-1.971563e+07
3843,3.246564e+03,miss,-44.326201,49.673508,44.359109,7.957088e+06,-1.619203e+07,-1.094747e+07
3844,3.247535e+03,miss,11.366819,5.919032,78.966832,-7.666325e+06,-2.848649e+05,-1.966275e+07
3845,3.248113e+03,miss,-38.256934,-17.423942,68.064773,5.802538e+06,7.606708e+06,-1.881556e+07
3846,3.248426e+03,miss,-12.268291,33.329097,71.684450,4.472945e+06,-3.858224e+06,-2.026590e+07
3847,3.248587e+03,miss,-28.773499,-57.116131,-48.060725,1.193327e+07,1.223608e+07,1.238940e+07
3848,3.249257e+03,miss,-58.595812,26.280666,-47.705948,1.738215e+07,-2.570477e+06,1.170331e+07
3849,3.249852e+03,miss,-9.177312,31.089045,-73.138555,-1.877227e+06,-1.048769e+07,1.822854e+07
3850,3.250764e+03,miss,0.819606,3.592060,-79.915113,-4.699822e+06,-3.299061e+06,2.032113e+07
3851,3.251190e+03,miss,22.476497,20.762169,73.917112,-1.004826e+07,-5.842589e+06,-1.763166e+07
3852,3.251379e+03,miss,4.020052,-51.511906,-61.076696,8.044576e+05,9.949835e+06,1.861070e+07
3853,3.251804e+03,miss,72.064565,-29.172721,18.858708,-1.828461e+07,8.307259e+06,-6.536484e+06
3854,3.252456e+03,miss,-60.274923,-8.837338,-51.853979,1.752782e+07,-4.269123e+05,1.177904e+07
3855,3.254417e+03,hit,45.714829,65.048668,-8.878356,-8.151114e+06,-1.929362e+07,2.781543e+06
3856,3.254507e+03,miss,72.778848,23.203095,-23.766693,-1.692586e+07,-1.046503e+07,7.101575e+06
3857,3.254771e+03,miss,-5.197340,-29.812938,74.055225,-1.181322e+06,3.418191e+06,-2.081803e+07
3858,3.255259e+03,hit,-58.807564,-52.147482,14.910083,1.221987e+07,1.658848e+07,-4.694047e+06
3859,3.255439e+03,miss,-31.025010,-68.309221,27.772271,4.802804e+06,1.957495e+07,-6.349505e+06
3860,3.257238e+03,miss,-37.419928,66.421097,24.248440,5.332153e+06,-1.910019e+07,-7.318420e+06
3861,3.259953e+03,miss,-62.666839,-43.481157,-24.129986,1.757966e+07,1.054897e+07,5.182248e+06
3862,3.260008e+03,miss,29.706987,-5.391295,74.083931,-6.299153e+06,6.376660e+06,-1.915326e+07
3863,3.260490e+03,miss,47.654421,-26.249598,58.651639,-1.505359e+07,2.709597e+06,-1.460487e+07
3864,3.260985e+03,hit,-51.861417,-60.907714,0.802331,9.329560e+06,1.897994e+07,-2.091377e+05
3865,3.262865e+03,miss,-5.603639,-2.426957,79.766591,6.369305e+06,-4.115526e+05,-2.017035e+07
3866,3.263533e+03,miss,37.254874,60.594932,-36.610498,-1.389603e+07,-1.257226e+07,9.823970e+06
3867,3.263621e+03,miss,32.170155,-4.866677,73.084859,-1.196713e+07,2.854776e+06,-1.721401e+07
3868,3.263660e+03,miss,-13.802941,-59.560753,-51.594529,8.542858e+06,1.375469e+07,1.362048e+07
3869,3.263903e+03,miss,-12.032381,46.576430,63.920717,4.238495e+05,-1.494086e+07,-1.497711e+07
3870,3.265047e+03,miss,-23.683489,-12.868655,-75.322574,8.551976e+06,-1.191873e+06,1.932156e+07
3871,3.265302e+03,miss,-46.418055,45.550645,46.588656,1.554360e+07,-9.010390e+06,-1.118588e+07
3872,3.266577e+03,miss,-0.438561,-3.175334,79.935755,3.019778e+06,-3.455245e+06,-2.066475e+07
3873,3.269114e+03,miss,-34.540948,60.492502,39.339294,4.177771e+06,-1.741382e+07,-1.130233e+07
3874,3.269209e+03,miss,50.960004,47.448744,39.391556,-1.416778e+07,-9.276538e+06,-1.271497e+07
3875,3.269242e+03,miss,-50.106550,-10.920675,61.400916,9.408372e+06,1.977620e+06,-1.886867e+07
3876,3.269351e+03,miss,29.607317,-70.622513,-23.148809,-9.181238e+06,1.736608e+07,7.911655e+06
3877,3.271322e+03,miss,36.740749,26.345912,-66.000078,-5.218590e+06,-6.123829e+06,1.959606e+07
3878,3.271685e+03,miss,74.765690,17.307053,22.595520,-1.811943e+07,-8.264940e+06,-7.222695e+06
3879,3.272601e+03,miss,-22.050444,61.865190,-45.677962,9.527281e+05,-1.629739e+07,1.350568e+07
3880,3.273870e+03,miss,-9.763278,8.919106,-78.899480,5.052275e+05,-6.938210e+06,2.001739e+07
3881,3.274720e+03,miss,43.588517,-27.265023,-61.291596,-1.068044e+07,2.576398e+06,1.812449e+07
3882,3.274793e+03,miss,-22.107392,-53.257754,55.451554,1.381053e+06,1.306858e+07,-1.662893e+07
3883,3.274895e+03,miss,21.073204,43.722964,-63.594202,-5.865357e+06,-1.435176e+07,1.445182e+07
3884,3.276720e+03,miss,-51.108073,44.302798,42.722676,1.062606e+07,-1.518660e+07,-1.029248e+07
3885,3.277025e+03,miss,-4.634255,1.863063,-79.843927,1.047290e+06,4.688645e+06,2.065048e+07
3886,3.277324e+03,miss,35.118287,-47.682028,53.787824,-1.318492e+07,9.262716e+06,-1.378128e+07
3887,3.277613e+03,miss,-44.180713,50.034109,-44.098215,1.479845e+07,-8.952279e+06,1.226646e+07
3888,3.279859e+03,hit,26.560957,74.822866,-9.800727,-2.839860e+06,-2.089264e+07,2.311736e+06
3889,3.281064e+03,miss,59.458429,49.889643,19.383464,-1.497593e+07,-1.342417e+07,-6.752024e+06
3890,3.281880e+03,miss,-28.575940,32.190950,67.432621,9.221733e+06,-3.540196e+06,-1.877805e+07
3891,3.281922e+03,miss,-2.709224,-7.910345,-79.561841,5.750743e+06,2.583490e+06,2.025954e+07
3892,3.282248e+03,miss,-7.043584,8.271663,79.258864,-1.440754e+06,-6.074938e+06,-2.027951e+07
3893,3.283999e+03,miss,-34.357443,-45.450218,56.159094,4.423965e+06,1.451332e+07,-1.484155e+07
3894,3.284693e+03,miss,3.596369,-76.856345,-21.912744,-5.092859e+06,1.995787e+07,5.130356e+06
3895,3.284943e+03,miss,72.464471,12.896824,-31.346011,-1.903179e+07,1.595768e+06,9.265705e+06
3896,3.285288e+03,miss,21.981465,21.372006,73.892168,-8.154489e+06,-8.786238e+06,-1.752034e+07
3897,3.286345e+03,miss,-15.035478,9.398597,78.010261,-1.202805e+05,-5.773614e+06,-2.043165e+07
3898,3.286500e+03,miss,-57.894252,17.390169,-52.400741,1.391758e+07,-9.295903e+06,1.306559e+07
3899,3.286657e+03,miss,-20.269961,-39.965957,66.271042,9.894933e+06,9.267483e+06,-1.634161e+07
3900,3.287457e+03,miss,14.626887,76.374119,-18.789573,-8.584563e+06,-1.859249e+07,5.619440e+06
3901,3.287868e+03,miss,25.940671,-12.881023,-74.573191,-2.914148e+06,6.952852e+06,1.985386e+07
3902,3.288134e+03,miss,-45.698362,-1.534909,65.645287,1.489603e+07,1.590085e+06,-1.505412e+07
3903,3.288352e+03,miss,36.523018,69.902443,13.405883,-1.407292e+07,-1.548477e+07,-3.640243e+06
3904,3.288753e+03,miss,34.396325,-69.770605,-18.680350,-4.072047e+06,2.017575e+07,5.243000e+06
3905,3.289203e+03,miss,-19.282336,7.738797,-77.254790,-5.801257e+04,-3.313507e+06,2.098120e+07
3906,3.290568e+03,miss,-27.421260,23.743424,-71.304448,3.903872e+06,-2.740077e+06,2.070344e+07
3907,3.290663e+03,miss,35.789608,-71.035873,-8.544514,-8.497750e+06,1.923969e+07,3.002667e+06
3908,3.291477e+03,miss,68.168709,-35.382011,22.386165,-1.499175e+07,1.361387e+07,-6.435460e+06
3909,3.291549e+03,hit,-42.098101,-68.027327,0.180762,1.309682e+07,1.673274e+07,-6.240812e+04
3910,3.291585e+03,miss,-45.820073,-28.742028,-58.944183,8.960874e+06,1.173678e+07,1.527975e+07
3911,3.291822e+03,miss,50.584354,61.634517,6.512261,-1.365271e+07,-1.612009e+07,-2.301919e+06
3912,3.292319e+03,miss,-1.381431,-74.193206,29.890798,2.201673e+06,1.856086e+07,-1.011275e+07
3913,3.293007e+03,miss,-33.083709,-56.205482,46.329385,6.259619e+06,1.730126e+07,-1.063947e+07
3914,3.293204e+03,miss,56.174043,-18.797477,-53.769246,-1.134557e+07,8.130894e+06,1.602837e+07
3915,3.296717e+03,miss,14.866472,-15.132572,77.136200,-6.892468e+06,-3.090690e+05,-2.011522e+07
3916,3.296885e+03,miss,45.501036,-13.672673,64.363916,-9.506317e+06,8.280928e+06,-1.712610e+07
3917,3.297297e+03,miss,-15.008186,-7.462311,-78.224473,-4.849083e+05,-9.229624e+05,2.124186e+07
3918,3.297866e+03,miss,35.347466,-64.804547,-30.837110,-1.241651e+07,1.426605e+07,9.730968e+06
3919,3.297975e+03,miss,57.260637,-0.496427,-55.865669,-1.721217e+07,7.122068e+05,1.247519e+07
3920,3.298840e+03,miss,-1.897415,6.278981,-79.730635,2.717897e+06,-6.132484e+06,2.018715e+07
3921,3.298890e+03,miss,-61.447964,26.479923,43.851584,1.812342e+07,-5.335687e+06,-9.777227e+06
3922,3.298999e+03,miss,73.496454,-31.511213,-2.305372,-1.727625e+07,1.239996e+07,5.558801e+05
3923,3.300004e+03,miss,-5.341562,-36.568830,-70.952015,-1.343565e+06,1.275346e+07,1.697701e+07
3924,3.300145e+03,miss,-59.360201,34.466940,-41.090103,1.215182e+07,-1.241523e+07,1.228371e+07
3925,3.300633e+03,miss,-75.709717,-22.342107,12.994964,1.854710e+07,9.531698e+06,-4.232382e+06
3926,3.301301e+03,miss,-9.885853,79.316623,-3.338142,-2.475162e+06,-2.111889e+07,8.479033e+05
3927,3.301473e+03,miss,27.501122,-37.396809,-65.154946,-7.714165e+06,5.127473e+06,1.915925e+07
3928,3.301695e+03,miss,35.725079,-15.119665,-69.965094,-5.240453e+06,1.808849e+06,2.054684e+07
3929,3.302686e+03,miss,8.649724,79.013054,9.061987,-6.683391e+06,-2.000519e+07,-2.857840e+06
3930,3.302877e+03,miss,-45.159968,64.323470,14.935481,1.488491e+07,-1.441911e+07,-4.857739e+06
3931,3.303303e+03,miss,53.843276,-32.690114,-49.317928,-1.692385e+07,5.359899e+06,1.174658e+07
3932,3.303668e+03,miss,9.338276,-2.868752,79.401303,1.296978e+06,-2.963224e+06,-2.104078e+07
3933,3.304806e+03,miss,-21.624777,-29.975425,70.949580,2.948612e+06,1.172622e+07,-1.752527e+07
3934,3.304865e+03,miss,-14.545837,6.428838,-78.403372,-1.049339e+06,3.725964e+05,2.126268e+07
3935,3.305725e+03,miss,-10.988102,6.572639,-78.968741,-2.355304e+06,-9.781092e+05,2.114132e+07
3936,3.305957e+03,miss,0.308981,40.034773,69.261256,-3.035524e+06,-1.320316e+07,-1.643026e+07
3937,3.307137e+03,hit,-10.694551,79.015881,6.489774,7.004462e+06,-2.005626e+07,-1.528796e+06
3938,3.310278e+03,miss,-45.498695,-62.845957,-19.500115,1.594304e+07,1.321078e+07,5.037738e+06
3939,3.310423e+03,miss,-11.552499,52.828933,58.954590,4.842973e+06,-1.589489e+07,-1.334174e+07
3940,3.310651e+03,miss,-23.622908,55.278008,-52.785415,2.799524e+06,-1.310035e+07,1.657344e+07
3941,3.310963e+03,miss,-39.679647,20.883228,66.252671,1.006998e+07,-9.845311e+06,-1.599511e+07
3942,3.311238e+03,miss,5.374007,27.925259,74.774996,-5.071239e+06,-9.877402e+06,-1.819163e+07
3943,3.311588e+03,miss,-53.119205,37.246407,46.808709,1.328502e+07,-6.911873e+06,-1.516569e+07
3944,3.312376e+03,miss,35.696553,-27.436426,-66.128652,-1.261651e+07,3.300815e+06,1.686121e+07
3945,3.313119e+03,hit,25.498417,-75.796412,-2.175940,-8.665319e+06,1.947211e+07,4.725122e+05
3946,3.313155e+03,miss,-52.991267,-40.843102,43.860764,1.569794e+07,6.191099e+06,-1.302781e+07
3947,3.316428e+03,miss,-70.810467,31.750806,19.436154,1.879985e+07,-9.169167e+06,-4.173692e+06
3948,3.316622e+03,miss,-70.425317,-24.691795,28.819957,1.968721e+07,5.290942e+06,-6.274885e+06
3949,3.316702e+03,miss,-64.773628,6.680776,-46.473049,1.654106e+07,-6.700078e+06,1.168194e+07
3950,3.318221e+03,hit,-72.511498,-32.379941,9.675855,1.686827e+07,1.271489e+07,-2.994485e+06
3951,3.318393e+03,miss,-71.089564,9.046163,35.558976,1.828295e+07,-6.876548e+06,-8.581625e+06
3952,3.318555e+03,miss,-55.874708,45.343784,34.956520,1.384318e+07,-1.426165e+07,-7.758303e+06
3953,3.318697e+03,miss,-42.914210,-58.327910,34.003316,6.644482e+06,1.794272e+07,-9.441849e+06
3954,3.319001e+03,miss,-36.573029,31.390144,63.851957,4.810966e+06,-9.583763e+06,-1.844686e+07
3955,3.319050e+03,miss,-9.707106,64.317142,46.573354,-1.173252e+06,-1.551907e+07,-1.459690e+07
3956,3.319129e+03,miss,13.193778,65.411633,-44.127570,8.136624e+05,-1.847663e+07,1.064192e+07
3957,3.319137e+03,miss,-74.248672,25.068868,16.083735,1.883584e+07,-8.328080e+06,-5.581531e+06
3958,3.319771e+03,miss,62.023598,41.311317,29.093785,-1.314256e+07,-1.421609e+07,-8.975643e+06
3959,3.320018e+03,miss,-33.194958,30.368085,-66.150390,9.256438e+06,-1.148710e+07,1.542028e+07
3960,3.322061e+03,miss,39.978253,5.678090,69.061556,-1.024877e+07,-6.525422e+06,-1.755226e+07
3961,3.322567e+03,miss,-77.228535,7.546354,19.462936,2.045363e+07,3.296948e+06,-5.152581e+06
3962,3.322858e+03,miss,18.507273,-13.941852,76.570919,-1.211295e+06,-5.190941e+04,-2.131525e+07
3963,3.323317e+03,miss,8.684881,-9.696910,-78.933787,-6.792383e+06,4.366722e+06,1.976532e+07
3964,3.323533e+03,miss,-40.945371,-48.142607,49.048608,1.447598e+07,8.925622e+06,-1.291053e+07
3965,3.324140e+03,miss,-8.045573,-19.601237,-77.143116,3.984522e+05,2.002679e+05,2.134916e+07
3966,3.325490e+03,miss,-16.951815,-2.366530,78.147524,-8.022714e+05,7.252916e+04,-2.134296e+07
3967,3.326019e+03,miss,-10.023507,-66.086338,-43.955946,-2.308052e+06,1.682345e+07,1.295714e+07
3968,3.326346e+03,miss,5.522788,-1.520610,-79.794652,-2.970561e+06,5.283725e+06,2.048283e+07
3969,3.326383e+03,miss,69.423181,35.352889,18.182276,-2.033474e+07,-4.472568e+06,-4.773647e+06
3970,3.326981e+03,miss,6.113736,-27.465207,74.888481,1.996114e+05,1.122019e+07,-1.817809e+07
3971,3.327352e+03,miss,-4.750438,-2.679633,-79.813864,-3.637254e+06,2.594834e+06,2.089171e+07
3972,3.327428e+03,miss,21.988500,73.899190,21.340469,-1.315569e+06,-2.025212e+07,-6.675144e+06
3973,3.328041e+03,miss,-31.380407,41.657645,60.662268,1.147336e+07,-6.747805e+06,-1.671376e+07
3974,3.328073e+03,miss,56.069564,12.363132,55.707781,-1.683083e+07,-4.160982e+06,-1.248738e+07
3975,3.328722e+03,miss,67.235470,14.743186,-40.768003,-1.676068e+07,-7.261900e+05,1.323505e+07
3976,3.329837e+03,miss,1.023414,72.351622,34.120308,1.551145e+06,-1.994940e+07,-7.508842e+06
3977,3.330029e+03,miss,-22.278455,58.550621,49.754349,9.930562e+05,-1.707967e+07,-1.280984e+07
3978,3.330254e+03,miss,53.035717,-33.969559,49.328306,-1.596765e+07,9.041596e+06,-1.095938e+07
3979,3.330793e+03,miss,-2.370087,-45.560480,-65.716249,-2.521355e+04,1.507874e+07,1.515022e+07
3980,3.332627e+03,hit,35.550278,-71.666996,-0.139575,-8.535195e+06,1.960352e+07,4.948882e+04
3981,3.332776e+03,miss,6.032814,-1.421986,79.759533,3.634158e+05,5.197398e+06,-2.073705e+07
3982,3.333087e+03,miss,18.585875,7.626715,-77.436416,-2.357910e+04,-7.883849e+03,2.138252e+07
3983,3.334995e+03,miss,-78.233967,-6.119333,15.556353,2.067707e+07,-3.641498e+06,-4.083258e+06
3984,3.335177e+03,miss,23.094468,-32.696246,-69.264717,-6.669845e+06,1.219746e+07,1.625530e+07
3985,3.335475e+03,miss,-39.053367,-36.945421,-59.244159,6.326691e+06,1.320206e+07,1.559548e+07
3986,3.337129e+03,miss,9.247069,18.853167,77.194882,-6.487205e+06,-7.243841e+06,-1.905808e+07
3987,3.337161e+03,miss,4.722590,49.179421,-62.921234,3.645899e+06,-1.123990e+07,1.783659e+07
3988,3.337718e+03,hit,-75.594023,26.037547,-2.754977,2.121886e+07,-2.614670e+06,8.784270e+05
3989,3.337847e+03,miss,-43.825058,24.406621,-62.319187,1.262156e+07,-1.241455e+06,1.723430e+07
3990,3.338682e+03,miss,-14.202039,34.144375,70.939860,2.291001e+06,-4.455854e+06,-2.080570e+07
3991,3.338735e+03,miss,60.313358,13.671096,50.748399,-1.304128e+07,-4.294949e+06,-1.641542e+07
3992,3.340083e+03,miss,-69.878659,37.583481,10.220319,1.675132e+07,-1.311841e+07,-2.339493e+06
3993,3.340721e+03,miss,65.496063,-13.555903,-43.891950,-1.892797e+07,2.191040e+06,9.756613e+06
3994,3.342004e+03,hit,73.599941,30.907612,-5.269555,-1.942031e+07,-8.944720e+06,1.131281e+06
3995,3.342318e+03,miss,77.158160,-16.651047,-13.013873,-1.888714e+07,9.319316e+06,3.860754e+06
3996,3.342841e+03,miss,-62.672217,-49.674095,2.162737,1.911857e+07,9.631564e+06,-5.138870e+05
3997,3.343568e+03,miss,68.728185,-8.604012,-40.030084,-1.942639e+07,2.100262e+06,8.766698e+06
3998,3.343721e+03,miss,-54.783501,-10.371685,-57.368948,1.234549e+07,-1.121006e+06,1.746436e+07
3999,3.345081e+03,miss,34.475222,65.160249,31.074122,-1.228511e+07,-1.450081e+07,-9.882351e+06
4000,3.345771e+03,miss,7.088757,18.067391,-77.610044,-5.234696e+05,3.440840e+05,2.141403e+07
4001,3.346145e+03,miss,-64.634423,1.668918,47.112696,1.804915e+07,3.314212e+06,-1.105660e+07
4002,3.346288e+03,hit,79.170733,-7.260467,-8.903967,-2.122474e+07,-2.055998e+06,2.075351e+06
4003,3.347622e+03,miss,27.428012,-71.673025,22.598266,-3.429370e+06,1.983391e+07,-7.352711e+06
4004,3.348564e+03,miss,61.482659,43.625549,-26.771144,-1.859893e+07,-8.671431e+06,6.182414e+06
4005,3.348920e+03,miss,-63.199114,-44.732572,-20.121356,1.617600e+07,1.336153e+07,4.380799e+06
4006,3.349218e+03,hit,78.239668,16.669486,-0.826196,-2.110619e+07,-3.723944e+06,2.944036e+05
4007,3.349453e+03,miss,-18.049236,75.908843,-17.665578,-5.196595e+05,-2.084012e+07,4.987710e+06
4008,3.349836e+03,miss,-10.556878,51.043009,-60.689073,-6.494258e+05,-1.577228e+07,1.450255e+07
4009,3.350310e+03,miss,-62.484558,-18.888454,-46.248312,1.672440e+07,8.223363e+06,1.059464e+07
4010,3.350638e+03,miss,-33.856409,45.811625,-56.169730,4.859699e+06,-1.157468e+07,1.737903e+07
4011,3.351230e+03,miss,1.995838,3.763425,-79.886502,-1.638522e+06,4.142945e+06,2.097267e+07
4012,3.351618e+03,miss,-62.565796,8.164447,49.181937,1.786126e+07,-4.273820e+06,-1.106639e+07
4013,3.352053e+03,miss,14.280549,65.649766,43.430106,-2.804914e+06,-1.895780e+07,-9.620225e+06
4014,3.352190e+03,miss,-53.179426,-7.557004,59.286089,1.644867e+07,2.888650e+06,-1.345103e+07
4015,3.352260e+03,miss,-20.139113,-46.069887,62.225249,9.986416e+06,1.089126e+07,-1.554011e+07
4016,3.352292e+03,miss,-0.398950,-15.646607,78.453964,3.655963e+06,7.504968e+06,-1.975239e+07
4017,3.352315e+03,hit,-25.321768,75.860576,1.995254,9.120236e+06,-1.940304e+07,-4.405326e+05
4018,3.353096e+03,miss,2.107799,78.632133,14.578916,-1.568831e+06,-2.115614e+07,-3.148692e+06
4019,3.355305e+03,miss,-55.519961,-53.806804,20.551442,1.397176e+07,1.458994e+07,-7.223854e+06
4020,3.355359e+03,miss,-9.183958,-51.510508,-60.517125,5.415830e+06,1.007364e+07,1.815099e+07
4021,3.355890e+03,miss,31.860504,50.946871,-52.814058,-1.158704e+07,-9.485189e+06,1.536596e+07
4022,3.356003e+03,miss,-56.843461,32.317928,46.090915,1.529370e+07,-1.093802e+07,-1.033531e+07
4023,3.357135e+03,miss,11.928568,29.995605,-73.198176,4.761722e+05,-4.395201e+06,2.099922e+07
4024,3.357886e+03,miss,-10.869147,30.216422,73.272297,-2.448757e+06,-7.614389e+06,-1.991581e+07
4025,3.358135e+03,miss,23.541463,34.846437,68.055311,-7.220837e+06,-1.248228e+07,-1.589658e+07
4026,3.358232e+03,miss,-32.596228,61.027389,-40.163960,1.023456e+07,-1.665585e+07,8.859947e+06
4027,3.358697e+03,miss,32.515914,15.720953,-71.383240,-5.830073e+06,-8.633864e+06,1.876680e+07
4028,3.360013e+03,miss,-35.101288,12.305058,-70.827149,1.189090e+07,-6.065355e+06,1.681442e+07
4029,3.361300e+03,hit,-51.017483,60.830477,-9.842229,1.539673e+07,-1.457219e+07,3.416889e+06
4030,3.361982e+03,miss,-17.190543,-38.391617,-68.048284,1.395458e+06,6.806283e+06,2.032003e+07
4031,3.362052e+03,miss,43.125856,65.793421,14.539130,-1.562126e+07,-1.413712e+07,-4.159834e+06
4032,3.362178e+03,miss,-71.253746,-9.942387,-34.986463,1.913774e+07,-2.691802e+06,9.365078e+06
4033,3.363938e+03,miss,-9.578797,-3.379542,-79.352538,4.124569e+06,5.698224e+06,2.029687e+07
4034,3.363977e+03,miss,-12.312393,-38.715178,68.916906,3.930409e+06,1.362696e+07,-1.613407e+07
4035,3.364393e+03,miss,-73.613031,-18.978246,-24.918825,1.824325e+07,9.556902e+06,6.112030e+06
4036,3.364466e+03,miss,76.901510,7.348476,-20.788402,-2.088871e+07,-2.236724e+06,4.491793e+06
4037,3.364686e+03,miss,41.363216,-39.320498,56.062312,-6.515701e+06,1.136571e+07,-1.702686e+07
4038,3.365039e+03,miss,50.130567,58.099923,22.612502,-1.278844e+07,-1.532447e+07,-7.950628e+06
4039,3.365142e+03,miss,-59.905497,-3.613194,52.898736,1.419334e+07,5.961796e+06,-1.498720e+07
4040,3.365368e+03,miss,72.172560,-33.592617,7.915659,-1.676605e+07,1.328810e+07,-1.991750e+06
4041,3.366412e+03,miss,47.097427,-49.717790,41.351828,-8.047289e+06,1.606125e+07,-1.179244e+07
4042,3.366500e+03,miss,-54.714387,47.274456,-34.226623,1.266387e+07,-1.547388e+07,7.872848e+06
4043,3.366542e+03,miss,-69.764777,30.436915,-24.626613,1.929487e+07,-4.737607e+06,8.189340e+06
4044,3.366699e+03,miss,5.366607,-73.527937,-31.061906,-8.279063e+05,1.859276e+07,1.074465e+07
4045,3.366842e+03,miss,17.004357,77.942602,5.983524,-9.543056e+06,-1.917512e+07,-1.757308e+06
4046,3.367434e+03,miss,22.474292,38.732050,-66.292794,-6.677638e+06,-1.341568e+07,1.540627e+07
4047,3.368203e+03,miss,12.299420,78.147293,11.904825,-1.420970e+06,-2.128906e+07,-2.605128e+06
4048,3.368476e+03,miss,75.618736,6.112935,25.385800,-2.000492e+07,3.750203e+06,-6.914221e+06
4049,3.368592e+03,miss,0.787420,6.681332,79.716622,-4.925198e+06,-3.809717e+06,-2.057454e+07
4050,3.369121e+03,miss,42.169851,-51.513215,-44.363186,-1.376869e+07,1.312949e+07,1.000978e+07
4051,3.369644e+03,miss,3.717928,27.567473,75.008076,-5.489301e+06,-8.952516e+06,-1.876027e+07
4052,3.369907e+03,miss,10.059972,51.773829,60.152038,2.689072e+06,-1.362341e+07,-1.641448e+07
4053,3.370271e+03,miss,-21.460458,-30.275545,70.871998,4.803029e+06,1.211643e+07,-1.710078e+07
4054,3.371735e+03,miss,-27.291033,11.320445,-74.344113,1.145954e+07,-2.523028e+06,1.802298e+07
4055,3.372645e+03,miss,3.842948,10.130820,79.262843,6.052210e+05,-7.418698e+06,-2.018009e+07
4056,3.373597e+03,miss,54.383428,-38.934656,43.892315,-1.054888e+07,1.335373e+07,-1.315937e+07
4057,3.373607e+03,miss,-69.112603,38.090772,13.135495,2.054946e+07,-5.357934e+06,-3.432720e+06
4058,3.374004e+03,miss,22.499312,3.010277,-76.711923,-7.094875e+06,-5.661403e+06,1.950479e+07
4059,3.374797e+03,miss,-51.983275,23.114474,-56.244646,1.238922e+07,-2.219329e+06,1.745040e+07
4060,3.375320e+03,miss,4.209554,51.294561,61.246614,2.942022e+06,-1.526609e+07,-1.487606e+07
4061,3.376446e+03,miss,-68.813536,32.922629,-24.099747,1.716229e+07,-1.177250e+07,5.479462e+06
4062,3.378315e+03,miss,-70.572937,-0.012599,37.675727,1.857522e+07,-5.075887e+06,-9.623600e+06
4063,3.379902e+03,miss,49.487234,-33.981091,52.880045,-1.188879e+07,1.282355e+07,-1.256376e+07
4064,3.380012e+03,miss,74.431318,-24.365340,16.318980,-1.994234e+07,7.311843e+06,-3.534081e+06
4065,3.380349e+03,miss,19.766496,74.419010,21.704759,-7.996424e+06,-1.858812e+07,-7.364456e+06
4066,3.380663e+03,miss,-64.865795,-20.153609,42.264178,1.683161e+07,9.091740e+06,-9.888184e+06
4067,3.382371e+03,miss,26.020174,-0.864305,-75.645248,-1.079893e+07,-1.904091e+06,1.853998e+07
4068,3.382520e+03,miss,41.831824,-41.609300,54.025592,-1.055191e+07,7.518039e+06,-1.720843e+07
4069,3.383395e+03,miss,21.721214,-71.421852,28.759485,-9.776767e+06,1.794638e+07,-6.815876e+06
4070,3.383632e+03,miss,-41.742811,59.153835,34.034710,6.343732e+06,-1.820516e+07,-9.616421e+06
4071,3.383968e+03,miss,-70.368397,-37.720501,-5.045051,2.030992e+07,7.098064e+06,1.147729e+06
4072,3.385377e+03,miss,40.442994,-47.215841,-50.349067,-6.671552e+06,1.304532e+07,1.580176e+07
4073,3.385559e+03,miss,-2.716105,-27.661841,75.016300,-1.879437e+06,1.100134e+07,-1.843499e+07
4074,3.385880e+03,miss,56.265356,56.430068,-7.060957,-1.831507e+07,-1.121550e+07,1.795910e+06
4075,3.387245e+03,miss,16.921960,-12.407257,-77.199140,-3.692841e+06,8.189591e+06,1.959427e+07
4076,3.388269e+03,miss,71.947245,-26.194116,23.183232,-1.897554e+07,8.868029e+06,-5.105814e+06
4077,3.388978e+03,miss,-12.921498,-26.545644,-74.352967,3.811174e+05,2.943863e+06,2.135575e+07
4078,3.389050e+03,miss,65.631721,-5.007312,-45.468715,-1.902717e+07,8.293262e+05,1.010786e+07
4079,3.390167e+03,miss,-13.141003,-54.281775,-57.278294,6.085457e+06,1.088246e+07,1.759494e+07
4080,3.390733e+03,miss,-0.884501,3.327445,79.925877,5.180111e+06,-2.465568e+06,-2.078961e+07
4081,3.390801e+03,miss,-21.144987,76.735485,8.034602,1.950884e+06,-2.139727e+07,-1.865637e+06
4082,3.391108e+03,miss,63.018042,37.053680,-32.492325,-1.905185e+07,-4.999183e+06,8.786753e+06
4083,3.391205e+03,miss,61.264060,-1.013038,51.436259,-1.485187e+07,-4.722367e+06,-1.490994e+07
4084,3.391783e+03,miss,26.146085,62.294375,-42.846156,-5.712638e+06,-1.844850e+07,9.606416e+06
4085,3.393503e+03,miss,18.952783,-58.376302,-51.312761,-4.203458e+06,1.770487e+07,1.159177e+07
4086,3.393507e+03,miss,24.846526,6.653231,75.752126,-1.998890e+06,7.021187e+05,-2.147120e+07
4087,3.393794e+03,miss,62.555215,-16.277634,-47.136862,-1.674493e+07,-9.301413e+05,1.357507e+07
4088,3.393891e+03,miss,-36.586712,-68.801335,-18.104938,1.426861e+07,1.542783e+07,4.893112e+06
4089,3.394037e+03,miss,-12.283228,-76.557058,19.701249,7.287840e+06,1.977070e+07,-4.645471e+06
4090,3.394201e+03,hit,-78.816847,7.807738,11.266934,2.108493e+07,3.326682e+06,-3.155173e+06
4091,3.394940e+03,miss,-49.633594,-50.103549,37.764279,1.109304e+07,1.629140e+07,-8.788189e+06
4092,3.395404e+03,miss,-13.587912,40.436724,-67.677470,8.336551e+06,-8.261337e+06,1.811114e+07
4093,3.396036e+03,miss,42.041512,-3.233543,-67.985701,-1.003138e+07,-4.385807e+06,1.860064e+07
4094,3.396376e+03,miss,45.364739,63.020695,19.246622,-1.044444e+07,-1.764710e+07,-6.737086e+06
4095,3.397437e+03,miss,-45.970030,50.109180,42.140556,1.520350e+07,-1.185148e+07,-9.717820e+06
4096,3.398188e+03,miss,48.358301,36.306374,52.376731,-8.695200e+06,-1.155811e+07,-1.602955e+07
4097,3.399205e+03,miss,-42.986564,-63.180084,-23.673451,1.552142e+07,1.372830e+07,6.074699e+06
4098,3.399429e+03,miss,4.410403,-27.986608,74.815093,-5.675680e+06,9.076672e+06,-1.875404e+07
4099,3.400038e+03,miss,-26.696670,28.776807,-69.707842,3.000849e+06,-1.097039e+07,1.835871e+07
4100,3.400773e+03,miss,67.293868,30.671318,30.509107,-1.522825e+07,-1.202157e+07,-9.491040e+06
4101,3.400776e+03,miss,12.404727,4.243495,-78.918410,-3.796895e+05,-5.545079e+06,2.087118e+07
4102,3.401666e+03,miss,-22.106635,-74.578060,-18.692502,7.463201e+06,1.985314e+07,4.095581e+06
4103,3.402634e+03,miss,52.576214,-22.773764,55.830971,-1.596305e+07,7.200191e+06,-1.265272e+07
4104,3.406298e+03,miss,-32.715604,-36.008905,63.506283,1.090689e+07,1.152005e+07,-1.468277e+07
4105,3.407535e+03,miss,-37.294504,68.118906,-19.207671,4.990745e+06,-2.032287e+07,5.431260e+06
4106,3.407593e+03,miss,-2.383860,34.064489,72.345890,-1.900367e+06,-1.245145e+07,-1.757223e+07
4107,3.408095e+03,miss,-2.819537,-78.323483,16.046253,1.139076e+04,2.133840e+07,-3.489222e+06
4108,3.408523e+03,miss,17.557298,4.484004,-77.920697,-7.487444e+05,-4.851287e+06,2.105862e+07
4109,3.408526e+03,miss,-29.620237,6.574738,74.023067,2.777754e+06,-1.805880e+06,-2.136783e+07
4110,3.408898e+03,miss,-12.867947,5.438218,-78.770818,-1.699771e+06,-3.043696e+06,2.134149e+07
4111,3.409092e+03,miss,1.685671,-11.036541,-79.217127,-4.720772e+06,-2.437614e+05,2.110199e+07
4112,3.409511e+03,miss,-1.542793,8.836667,79.495491,5.477712e+06,-9.367757e+05,-2.090008e+07
4113,3.411018e+03,miss,-26.596756,2.147472,-75.418837,1.964035e+06,3.396337e+05,2.153904e+07
4114,3.411407e+03,miss,35.714981,69.865397,15.597003,-1.222106e+07,-1.703556e+07,-5.328408e+06
4115,3.411500e+03,miss,24.013557,-6.746708,76.012045,-2.435889e+06,5.430823e+06,-2.079764e+07
4116,3.411618e+03,miss,41.154507,-59.954961,-33.342304,-9.059964e+06,1.596159e+07,1.145121e+07
4117,3.411768e+03,miss,-8.123238,6.427692,79.326526,2.057176e+06,-6.806630e+06,-2.043144e+07
4118,3.412995e+03,miss,-12.780100,-58.425303,53.133351,1.951281e+06,1.287934e+07,-1.727684e+07
4119,3.413648e+03,miss,69.863164,-30.822245,23.856393,-2.026771e+07,5.235830e+06,-5.483622e+06
4120,3.414872e+03,miss,-29.442959,-4.257667,74.262941,1.171559e+07,-8.650646e+05,-1.817769e+07
4121,3.414895e+03,miss,-60.809899,38.940151,34.435750,1.362941e+07,-1.445499e+07,-8.586472e+06
4122,3.415116e+03,miss,35.350885,-35.781973,62.209046,-6.668813e+06,1.346676e+07,-1.557686e+07
4123,3.415866e+03,miss,-38.920580,16.121729,-68.009398,1.379428e+07,-1.607501e+06,1.660427e+07
4124,3.415887e+03,miss,-11.053531,6.859404,-78.935214,-1.493951e+06,1.204550e+06,2.156127e+07
4125,3.415913e+03,miss,-1.881099,-8.016365,-79.575118,-7.891751e+05,-3.066590e+06,2.141373e+07
4126,3.416480e+03,miss,-5.280928,12.771153,78.797268,-1.152549e+06,-7.740209e+06,-2.018448e+07
4127,3.416869e+03,miss,-0.264033,0.269513,79.999110,4.963177e+06,-1.958759e+06,-2.098180e+07
4128,3.417037e+03,miss,12.519385,66.075967,43.327031,-3.485507e+06,-1.907485e+07,-9.629640e+06
4129,3.417376e+03,miss,-0.080046,1.278796,79.989739,-5.134503e+06,6.879583e+05,-2.102234e+07
4130,3.417587e+03,miss,-2.582195,74.979463,-27.774312,3.783727e+05,-2.077809e+07,6.077183e+06
4131,3.417915e+03,miss,-10.833255,-71.897897,33.366644,1.329793e+06,1.830429e+07,-1.149060e+07
4132,3.418156e+03,hit,76.116342,-23.389189,7.697297,-2.134018e+07,2.609811e+06,-2.582213e+06
4133,3.418274e+03,miss,-4.052003,7.014736,79.588785,2.357472e+06,-6.764399e+06,-2.043486e+07
4134,3.418609e+03,miss,-13.091835,36.015170,70.224720,7.459375e+06,-5.977460e+06,-1.943121e+07
4135,3.419159e+03,miss,-24.206448,-28.993568,-70.522485,1.572326e+06,9.991201e+06,1.915002e+07
4136,3.419223e+03,miss,37.009109,21.902188,-67.458284,-1.019102e+07,-5.459856e+05,1.910166e+07
4137,3.419246e+03,miss,-15.969032,-31.661979,-71.711290,8.851397e+06,8.644304e+06,1.777528e+07
4138,3.419367e+03,miss,-10.704612,-27.324760,-74.422905,7.197972e+06,8.760542e+06,1.845238e+07
4139,3.419545e+03,miss,30.768592,72.530065,13.881043,-1.295676e+07,-1.695906e+07,-3.685834e+06
4140,3.420380e+03,miss,-12.072171,-1.995249,79.058723,-1.808127e+06,2.438493e+06,-2.144695e+07
4141,3.420866e+03,miss,13.567450,20.614229,76.098475,-8.316034e+06,-3.394310e+06,-1.971234e+07
4142,3.421335e+03,miss,44.561811,18.066216,63.936350,-1.313066e+07,4.023808e+05,-1.722621e+07
4143,3.422631e+03,miss,55.845509,44.112880,36.542207,-1.120473e+07,-1.568498e+07,-9.896025e+06
4144,3.422769e+03,miss,41.320857,-10.070876,67.758130,-1.441855e+07,2.711156e+06,-1.594584e+07
4145,3.422788e+03,miss,-49.450019,-61.485360,-13.200231,1.289991e+07,1.717142e+07,2.872661e+06
4146,3.423953e+03,miss,-23.499648,67.101469,-36.676414,9.658936e+06,-1.544476e+07,1.174060e+07
4147,3.423980e+03,miss,31.393042,-35.567616,-64.416004,-1.126941e+07,1.080050e+07,1.503432e+07
4148,3.424131e+03,miss,-26.979200,21.240427,-72.256259,5.016309e+06,-1.018058e+07,1.846332e+07
4149,3.424164e+03,miss,12.894523,55.921732,-55.735906,-5.932987e+06,-1.641782e+07,1.284373e+07
4150,3.425390e+03,miss,59.082597,8.475780,-53.267324,-1.440743e+07,-7.461112e+06,1.437470e+07
4151,3.425695e+03,miss,13.774631,-31.646869,-72.171568,-5.856141e+06,3.654694e+06,2.054909e+07
4152,3.425879e+03,miss,22.060635,7.814731,-76.500055,-1.039751e+07,-2.033472e+06,1.891292e+07
4153,3.426614e+03,miss,-57.011576,17.347182,53.373734,1.418162e+07,-9.399750e+06,-1.343760e+07
4154,3.426809e+03,miss,-42.591938,-32.618116,59.346317,1.150274e+07,3.973509e+06,-1.794345e+07
4155,3.428109e+03,miss,-23.301844,4.515894,76.397845,8.352790e+06,-5.516821e+06,-1.923650e+07
4156,3.428303e+03,miss,0.606452,22.523583,-76.761451,-5.332583e+06,-4.682446e+06,2.049176e+07
4157,3.429250e+03,hit,65.826569,44.372646,9.896011,-1.646547e+07,-1.367790e+07,-3.493923e+06
4158,3.429499e+03,miss,39.122350,57.771451,39.139510,-5.781245e+06,-1.723894e+07,-1.182515e+07
4159,3.430167e+03,miss,-27.735065,57.620138,-48.069594,1.119722e+07,-1.467801e+07,1.138895e+07
4160,3.430285e+03,hit,-59.013256,53.559179,6.989277,1.593490e+07,-1.463978e+07,-1.517159e+06
4161,3.431978e+03,miss,73.559643,24.723914,-19.434687,-2.007210e+07,-4.627197e+06,6.817475e+06
4162,3.433507e+03,miss,29.467183,-39.491457,-63.024677,-9.680998e+06,1.280460e+07,1.460508e+07
4163,3.433624e+03,miss,-70.019499,-20.519338,32.805891,1.659621e+07,9.230611e+06,-1.050551e+07
4164,3.433812e+03,miss,-10.070965,-6.202819,79.120798,1.135726e+06,-3.491941e+06,-2.139033e+07
4165,3.434109e+03,miss,-32.332053,-58.471662,-43.996626,8.987664e+06,1.714362e+07,9.817779e+06
4166,3.435682e+03,miss,-50.458327,61.124980,10.848688,9.091271e+06,-1.946251e+07,-3.137831e+06
4167,3.436989e+03,hit,69.433588,-38.411076,-10.176742,-2.085612e+07,5.344502e+06,2.815000e+06
4168,3.438153e+03,miss,66.002614,-10.069064,44.071180,-1.553036e+07,7.093425e+06,-1.342074e+07
4169,3.438169e+03,miss,-29.060350,49.989000,-55.286490,3.036671e+06,-1.339063e+07,1.682549e+07
4170,3.438799e+03,miss,-68.629717,-35.702986,20.377897,1.776697e+07,1.163917e+07,-4.536336e+06
4171,3.439030e+03,miss,2.040628,40.441229,-68.995238,4.640053e+06,-9.314585e+06,1.906447e+07
4172,3.439327e+03,hit,-12.556241,-78.485188,9.078331,-9.838406e+05,2.158778e+07,-2.187718e+06
4173,3.439336e+03,miss,-79.101982,7.538303,-9.276338,2.159894e+07,-1.082606e+06,2.025160e+06
4174,3.439471e+03,miss,-78.516708,10.067449,-11.566032,2.152792e+07,1.036429e+06,2.698202e+06
4175,3.441234e+03,miss,-1.223299,4.375531,-79.870885,-4.851787e+06,-2.178774e+06,2.106563e+07
4176,3.441335e+03,miss,0.149237,-0.143560,-79.999732,8.989804e+05,5.221366e+06,2.107109e+07
4177,3.441597e+03,miss,-66.482620,-38.994674,-21.435407,2.011077e+07,6.273713e+06,5.319318e+06
4178,3.441610e+03,miss,22.795862,-67.050578,37.209792,-9.266686e+06,1.768702e+07,-8.567228e+06
4179,3.442226e+03,miss,0.753255,25.044032,-75.975187,4.674313e+06,-8.158236e+06,1.959025e+07
4180,3.442243e+03,miss,-9.688690,-2.729454,79.364220,7.492197e+06,-4.732544e+05,-2.039189e+07
4181,3.442512e+03,miss,-31.711312,-60.700623,-41.350056,6.720802e+06,1.516087e+07,1.404287e+07
4182,3.443923e+03,miss,-13.901074,-65.317937,44.049146,7.106557e+06,1.779704e+07,-1.025568e+07
4183,3.444016e+03,miss,70.286281,19.973573,32.571385,-1.697183e+07,-8.107031e+06,-1.089323e+07
4184,3.445343e+03,miss,-0.734114,40.513753,68.978960,-4.081419e+06,-1.267218e+07,-1.718631e+07
4185,3.445343e+03,miss,-14.630330,-64.662923,44.773428,1.230807e+06,1.585668e+07,-1.482102e+07
4186,3.445420e+03,miss,5.761641,1.692737,79.774295,-2.140385e+06,-5.641141e+06,-2.088584e+07
4187,3.446390e+03,miss,24.467355,-2.281179,76.132416,-1.386154e+06,1.796241e+06,-2.162423e+07
4188,3.446871e+03,miss,66.730582,21.710294,38.414744,-1.801494e+07,-8.485202e+06,-8.734109e+06
4189,3.447905e+03,miss,-2.885548,-36.210203,-71.277590,5.953647e+06,9.650450e+06,1.855764e+07
4190,3.448646e+03,miss,-50.364196,-55.491255,28.003006,1.033595e+07,1.671604e+07,-9.317007e+06
4191,3.448673e+03,miss,-65.863816,-16.320215,42.374619,1.932230e+07,1.283688e+06,-9.902994e+06
4192,3.448747e+03,miss,26.049371,27.991120,-70.270388,-9.059285e+06,-1.049981e+07,1.675595e+07
4193,3.449364e+03,miss,-50.850855,-1.838738,61.731755,1.010040e+07,-1.917465e+06,-1.916946e+07
4194,3.450683e+03,miss,2.797186,2.714051,-79.905004,-2.827636e+05,-5.930467e+06,2.093069e+07
4195,3.450929e+03,miss,-5.726324,-28.198144,74.646325,-5.409913e+05,2.802213e+06,-2.156925e+07
4196,3.450943e+03,miss,-31.519421,27.999896,67.989204,1.041534e+07,-2.473762e+06,-1.894151e+07
4197,3.452665e+03,miss,10.212652,75.336277,-24.902753,2.555897e+06,-2.058068e+07,6.596892e+06
4198,3.453649e+03,miss,-43.103732,30.537896,60.079158,1.455693e+07,-3.922070e+06,-1.569918e+07
4199,3.453682e+03,miss,-13.691749,76.959176,17.024139,8.873614e+06,-1.934434e+07,-4.561895e+06
4200,3.453878e+03,miss,1.838842,10.036248,-79.346660,3.556483e+06,-5.898852e+06,2.064794e+07
4201,3.454242e+03,miss,-35.294053,43.508078,-57.108467,1.198229e+07,-1.254142e+07,1.315180e+07
4202,3.454269e+03,miss,-36.437536,23.361023,-67.279778,4.928120e+06,-6.652281e+06,2.013198e+07
4203,3.454350e+03,miss,23.807607,-25.756041,-71.901490,-8.700729e+06,2.015556e+06,1.985150e+07
4204,3.455500e+03,miss,58.211623,9.580233,54.033565,-1.398547e+07,-7.737205e+06,-1.478333e+07
4205,3.455749e+03,miss,-3.113063,-70.260510,38.128330,-3.320328e+06,1.946556e+07,-9.170946e+06
4206,3.456116e+03,miss,-23.375540,-71.481372,27.276320,7.751053e+06,1.943024e+07,-6.039574e+06
4207,3.458065e+03,miss,-23.825123,-75.180453,13.426206,9.949490e+06,1.884092e+07,-4.514877e+06
4208,3.458412e+03,miss,-31.960091,41.709349,60.323153,1.280745e+07,-8.489638e+06,-1.543695e+07
4209,3.458973e+03,miss,30.457993,-23.997498,-69.974500,-5.141857e+06,2.722720e+06,2.099117e+07
4210,3.459600e+03,miss,24.026225,-23.855956,-72.481955,-1.092960e+07,5.494107e+06,1.802570e+07
4211,3.460085e+03,miss,54.837646,-25.121094,-52.552481,-1.722662e+07,5.611424e+06,1.209914e+07
4212,3.460500e+03,miss,25.980287,3.632244,-75.576660,-1.131362e+07,-6.056327e+05,1.860984e+07
4213,3.461412e+03,miss,2.200966,1.078250,79.962448,-5.588466e+06,-1.841186e+06,-2.098082e+07
4214,3.461729e+03,miss,-54.822933,55.273786,18.418865,1.782685e+07,-1.111518e+07,-5.789240e+06
4215,3.462047e+03,miss,71.718072,-19.157819,-29.824421,-1.909317e+07,2.443737e+06,1.021675e+07
4216,3.463169e+03,miss,23.112784,37.995800,66.499011,-1.021507e+07,-1.059239e+07,-1.607826e+07
4217,3.463474e+03,miss,46.456531,-35.390214,54.674706,-1.571710e+07,5.647241e+06,-1.400644e+07
4218,3.463514e+03,miss,15.809425,61.925972,-48.116901,1.160972e+06,-1.699003e+07,1.360497e+07
4219,3.464240e+03,miss,-48.817774,28.259680,-56.729318,1.519173e+07,-2.597001e+06,1.541657e+07
4220,3.464621e+03,miss,-38.013939,-30.711145,63.338503,9.022136e+06,1.239879e+07,-1.549604e+07
4221,3.464655e+03,miss,15.354320,68.122764,-39.032473,-6.934556e+06,-1.615794e+07,1.288772e+07
4222,3.465357e+03,miss,6.006775,-7.409651,-79.429313,3.656013e+06,8.349951e+05,2.147774e+07
4223,3.466097e+03,miss,35.158858,-20.610674,68.840793,-1.263119e+07,6.961568e+06,-1.635384e+07
4224,3.466238e+03,miss,32.860948,5.743613,72.712922,-1.275448e+07,-4.181691e+05,-1.768124e+07
4225,3.466586e+03,miss,16.099691,-17.092205,76.476509,-4.880761e+06,-7.924053e+05,-2.123855e+07
4226,3.467231e+03,miss,-35.875955,-70.229614,13.443106,1.328309e+07,1.699844e+07,-3.197913e+06
4227,3.467873e+03,miss,14.516424,-28.899551,-73.171643,-4.663141e+06,1.174511e+07,1.777666e+07
4228,3.468396e+03,miss,30.284796,38.393094,63.315097,-8.333958e+06,-1.358024e+07,-1.489617e+07
4229,3.468916e+03,miss,33.243620,-39.399051,61.176601,-1.141911e+07,1.197403e+07,-1.421519e+07
4230,3.469180e+03,hit,13.867941,-78.146663,10.038889,-7.907872e+06,2.018770e+07,-2.409047e+06
4231,3.469267e+03,miss,-20.134161,43.789170,-63.852362,9.620846e+06,-1.189042e+07,1.555476e+07
4232,3.469555e+03,miss,-15.000966,7.874180,-78.185474,4.922532e+06,-7.035981e+06,2.005484e+07
4233,3.469700e+03,hit,24.411127,75.976217,5.631277,-1.760349e+06,-2.169845e+07,-1.425139e+06
4234,3.470123e+03,miss,24.575753,-30.622177,-69.701611,-2.136658e+06,6.206953e+06,2.080671e+07
4235,3.470329e+03,miss,-76.598393,-17.806464,-14.683868,1.918756e+07,9.264488e+06,4.695310e+06
4236,3.470788e+03,miss,-20.220563,55.206561,-54.252783,9.889091e+05,-1.691709e+07,1.374541e+07
4237,3.471299e+03,miss,75.416868,-26.636946,-1.664070,-1.979666e+07,9.172101e+06,3.699025e+05
4238,3.472164e+03,miss,-45.796531,-24.505728,60.845271,1.022072e+07,1.122144e+07,-1.568142e+07
4239,3.473167e+03,miss,25.409101,23.641342,-72.079571,-2.057010e+06,-8.935287e+06,1.980802e+07
4240,3.473741e+03,miss,-9.381585,-4.352458,79.328696,5.550085e+06,5.220518e+06,-2.045605e+07
4241,3.473836e+03,miss,0.814477,-3.815227,79.904823,-3.687503e+06,-3.030490e+06,-2.130114e+07
4242,3.476490e+03,miss,12.375873,5.864953,-78.819034,8.710005e+05,1.857208e+06,2.174112e+07
4243,3.476602e+03,miss,-25.135804,-20.491524,73.131996,9.765725e+06,1.098228e+06,-1.950190e+07
4244,3.476987e+03,miss,-22.753070,67.288217,36.804805,8.261790e+06,-1.843224e+07,-8.303466e+06
4245,3.477001e+03,miss,68.271792,8.205043,40.885691,-1.810122e+07,3.177449e+06,-1.179847e+07
4246,3.478566e+03,miss,6.853483,-55.831636,-56.884604,-4.112432e+06,1.689110e+07,1.322678e+07
4247,3.479649e+03,miss,29.103416,9.903519,73.857372,-1.019914e+07,1.918834e+06,-1.922532e+07
4248,3.480096e+03,miss,-2.191506,2.911422,79.916963,4.414269e+06,2.896595e+06,-2.120148e+07
4249,3.480438e+03,miss,-50.247276,45.522485,-42.460742,1.052630e+07,-1.594015e+07,1.060823e+07
4250,3.480888e+03,miss,67.412622,36.119499,23.471689,-2.023434e+07,-6.007232e+06,-5.654391e+06
4251,3.481280e+03,miss,-40.207992,0.146156,-69.161377,7.193729e+06,-3.678724e+06,2.030415e+07
4252,3.481368e+03,miss,-73.176466,-32.324585,-0.570998,2.081867e+07,6.640419e+06,2.030088e+05
4253,3.482146e+03,miss,64.826741,-34.519410,-31.715990,-1.970054e+07,5.420994e+06,7.756379e+06
4254,3.482319e+03,miss,-42.003657,-0.144565,68.085768,8.853182e+06,4.813391e+06,-1.939423e+07
4255,3.482471e+03,miss,-36.120010,-47.685875,-53.116873,5.744285e+06,1.602607e+07,1.370666e+07
4256,3.482806e+03,miss,72.223499,-4.277659,-34.138948,-1.828220e+07,9.854507e+05,1.193904e+07
4257,3.483503e+03,miss,77.277067,-9.582024,18.342294,-2.141158e+07,1.751629e+06,-4.040070e+06
4258,3.484411e+03,miss,-16.288257,-0.987891,-78.318049,2.830938e+06,-4.895697e+06,2.111844e+07
4259,3.484696e+03,miss,-36.658485,8.845220,-70.554359,6.860336e+06,-6.907467e+06,1.957632e+07
4260,3.484831e+03,miss,43.430244,-58.715787,32.653794,-1.133096e+07,1.722448e+07,-7.277013e+06
4261,3.485470e+03,miss,36.468956,62.652177,-33.833711,-5.464800e+06,-1.933528e+07,8.625471e+06
4262,3.485654e+03,miss,-29.034650,11.730635,73.616447,9.458935e+06,-7.349607e+06,-1.829352e+07
4263,3.485948e+03,miss,-48.126724,-49.657456,-40.223817,1.214331e+07,1.570948e+07,9.161531e+06
4264,3.486445e+03,miss,14.982147,17.235326,76.671238,-3.612334e+06,-9.419782e+06,-1.940280e+07
4265,3.487147e+03,miss,64.421986,-24.005665,40.908872,-1.923118e+07,4.559408e+06,-9.365877e+06
4266,3.488325e+03,miss,52.811015,35.714468,48.326737,-1.045490e+07,-1.355209e+07,-1.362144e+07
4267,3.488870e+03,hit,-78.185677,16.871375,-1.535143,2.147840e+07,-4.140972e+06,3.361736e+05
4268,3.489267e+03,miss,1.834919,-19.491719,-77.567429,4.403827e+06,2.906342e+06,2.123196e+07
4269,3.489274e+03,miss,-1.320686,0.077712,79.989060,1.510896e+06,-5.192363e+06,-2.119892e+07
4270,3.489510e+03,miss,-40.941566,-7.785651,-68.287421,9.514600e+06,7.249039e+06,1.831922e+07
4271,3.489620e+03,miss,62.146682,6.841480,49.909760,-1.712121e+07,3.428334e+06,-1.318317e+07
4272,3.490104e+03,miss,23.213668,12.291235,-75.564880,-6.306736e+06,2.125528e+06,2.084368e+07
4273,3.490829e+03,miss,77.490747,11.916688,-15.911525,-2.049741e+07,-5.168842e+06,5.655988e+06
4274,3.491016e+03,miss,-32.432303,45.287160,57.421415,7.871478e+06,-1.532914e+07,-1.348830e+07
4275,3.493093e+03,miss,-45.988564,49.187428,43.193158,1.592885e+07,-1.068755e+07,-1.054560e+07
4276,3.493997e+03,miss,52.023721,-22.475390,-56.465824,-1.011447e+07,8.738431e+06,1.733848e+07
4277,3.495638e+03,miss,72.256816,30.456917,-15.853353,-1.720960e+07,-1.289405e+07,4.133273e+06
4278,3.496039e+03,miss,20.948770,46.478952,-61.651083,-1.043818e+07,-1.040664e+07,1.619605e+07
4279,3.496059e+03,miss,-2.617609,44.653606,66.326493,-3.561922e+06,-1.385239e+07,-1.658290e+07
4280,3.496127e+03,miss,-25.946800,73.744822,-16.984253,2.542126e+06,-2.134050e+07,4.206969e+06
4281,3.496256e+03,miss,14.584269,23.559010,75.048465,-4.848123e+06,-1.060098e+07,-1.853943e+07
4282,3.496544e+03,miss,-2.507374,54.163610,-58.821904,4.754339e+06,-1.184362e+07,1.779775e+07
4283,3.497090e+03,miss,-30.301715,43.751695,59.729350,3.174313e+06,-1.215972e+07,-1.793809e+07
4284,3.497308e+03,miss,-50.578036,-39.209184,48.005231,1.356551e+07,7.003514e+06,-1.570565e+07
4285,3.497582e+03,miss,67.643641,37.257134,-20.886448,-1.727876e+07,-1.121787e+07,7.441853e+06
4286,3.497680e+03,miss,-3.992669,-26.670673,75.317553,6.261839e+06,7.282361e+06,-1.968622e+07
4287,3.498142e+03,miss,-61.453174,-31.186526,-40.631367,1.671211e+07,4.687548e+06,1.336363e+07
4288,3.498261e+03,miss,9.199551,10.388232,78.787390,2.565584e+06,-4.701643e+06,-2.124107e+07
4289,3.498552e+03,miss,21.054780,-73.964806,-22.043226,-5.171590e+05,2.111214e+07,5.824149e+06
4290,3.498589e+03,miss,4.079577,62.047993,-50.332928,2.381427e+06,-1.463789e+07,1.612379e+07
4291,3.499685e+03,miss,10.931809,-77.458534,16.753242,2.307173e+06,2.118995e+07,-5.072365e+06
4292,3.499929e+03,miss,58.336174,35.578597,41.605940,-1.243076e+07,-1.200413e+07,-1.347132e+07
4293,3.499977e+03,miss,8.509743,-2.391154,-79.510167,1.607131e+06,-3.120017e+06,2.162842e+07
4294,3.500245e+03,miss,-50.462280,55.182233,-28.433772,1.712074e+07,-1.081196e+07,8.374036e+06
4295,3.501494e+03,miss,-4.559660,-3.540039,79.791463,1.420091e+06,-4.415035e+06,-2.141973e+07
4296,3.502855e+03,miss,78.931679,-10.224610,8.077590,-2.182377e+07,9.969358e+05,-1.797176e+06
4297,3.503364e+03,miss,-0.004970,-0.921339,-79.994694,3.172774e+06,-4.036349e+06,2.131225e+07
4298,3.503486e+03,miss,67.292653,23.584793,36.269222,-1.599262e+07,-8.665871e+06,-1.223626e+07
4299,3.503533e+03,miss,-78.202091,-11.820119,-12.029872,2.173665e+07,8.837018e+05,2.707532e+06
4300,3.503575e+03,miss,-0.505069,-50.987347,61.644426,1.237297e+06,9.903962e+06,-1.951871e+07
4301,3.503686e+03,miss,-9.686597,4.531834,79.281980,-1.101898e+06,2.748386e+06,-2.172204e+07
4302,3.504023e+03,miss,-17.721433,56.533235,53.758200,5.907888e+06,-1.714735e+07,-1.231771e+07
4303,3.504440e+03,miss,-19.380747,4.759195,-77.470876,3.308292e+06,-6.287907e+06,2.074212e+07
4304,3.505244e+03,miss,-6.696592,1.713793,-79.700807,4.858029e+06,3.827638e+06,2.103752e+07
4305,3.505336e+03,miss,-17.635147,48.691304,60.976705,1.501150e+06,-1.595986e+07,-1.496230e+07
4306,3.506321e+03,miss,-54.865805,33.368228,47.710637,1.661926e+07,-9.359097e+06,-1.082514e+07
4307,3.507704e+03,miss,22.409751,-9.717356,76.179893,-9.936938e+05,9.563482e+05,-2.189209e+07
4308,3.507724e+03,hit,25.520726,75.248802,9.290338,-1.649371e+06,-2.172700e+07,-2.526998e+06
4309,3.507948e+03,miss,61.898878,31.225046,-39.918986,-1.899080e+07,-5.651676e+06,9.413148e+06
4310,3.509994e+03,miss,13.923837,9.891199,78.155556,-4.918380e+06,-7.481023e+06,-2.003307e+07
4311,3.510126e+03,miss,-25.800633,-24.146002,-71.772543,1.675897e+06,6.978336e+06,2.073625e+07
4312,3.510370e+03,miss,-70.726886,-33.507410,16.581951,1.643882e+07,1.365237e+07,-4.990951e+06
4313,3.511019e+03,miss,39.006097,61.275748,33.523231,-9.239529e+06,-1.839960e+07,-7.596471e+06
4314,3.511063e+03,miss,-10.435880,78.074914,-13.978560,4.049070e+06,-2.097062e+07,5.046278e+06
4315,3.511805e+03,miss,41.132783,67.417070,-12.768433,-9.511427e+06,-1.924431e+07,4.573591e+06
4316,3.513235e+03,miss,-1.536813,35.240455,-71.803541,-3.336283e+05,-4.607996e+06,2.146112e+07
4317,3.513875e+03,miss,-17.516451,-57.311834,-52.995544,3.243096e+06,1.788638e+07,1.231147e+07
4318,3.515105e+03,miss,70.483428,-35.495577,13.120607,-2.079379e+07,5.576144e+06,-4.325043e+06
4319,3.515129e+03,miss,-39.033182,38.168905,-58.476879,1.100181e+07,-1.320280e+07,1.366861e+07
4320,3.515595e+03,miss,26.863455,47.471591,-58.521815,-2.626703e+06,-1.536421e+07,1.546899e+07
4321,3.516965e+03,miss,-2.845784,0.130598,79.949262,4.023174e+06,4.139137e+06,-2.119240e+07
4322,3.518822e+03,miss,-57.617715,50.761644,22.437790,1.193759e+07,-1.748190e+07,-5.879449e+06
4323,3.519074e+03,miss,-66.450926,-2.122710,-44.494590,1.907335e+07,-2.841782e+06,1.052887e+07
4324,3.519122e+03,miss,50.955518,46.529614,-40.478762,-9.629218e+06,-1.528742e+07,1.250220e+07
4325,3.519221e+03,miss,-12.397299,1.094807,79.025998,4.785639e+06,4.781843e+06,-2.090400e+07
4326,3.519792e+03,miss,45.549903,21.745874,-62.067087,-1.377040e+07,-8.808305e+06,1.468380e+07
4327,3.519820e+03,miss,-1.308203,-76.712130,22.661371,-4.114049e+06,2.028793e+07,-7.369005e+06
4328,3.520092e+03,hit,-42.856540,67.480110,-3.122773,1.227289e+07,-1.821452e+07,6.872973e+05
4329,3.520323e+03,miss,-50.948930,-61.310453,6.725691,1.485885e+07,1.612146e+07,-1.486627e+06
4330,3.520333e+03,miss,3.824869,-26.606206,-75.349056,4.285987e+06,7.712093e+06,2.012591e+07
4331,3.520841e+03,miss,48.334269,57.811510,26.863129,-1.468932e+07,-1.343102e+07,-9.316628e+06
4332,3.520847e+03,miss,25.267250,75.519380,7.641288,-1.186563e+07,-1.836016e+07,-2.253891e+06
4333,3.521507e+03,miss,62.830619,-48.298422,-10.935070,-1.808027e+07,1.225917e+07,2.423983e+06
4334,3.522746e+03,miss,-56.532483,-24.109727,51.213273,1.784194e+07,3.365332e+06,-1.239230e+07
4335,3.523833e+03,miss,5.264960,2.742732,79.779431,-1.356054e+06,4.639142e+06,-2.144802e+07
4336,3.524649e+03,miss,17.579263,-67.876916,-38.518746,-3.178573e+06,1.991517e+07,8.762018e+06
4337,3.524949e+03,miss,3.937980,-79.655336,6.286479,1.223312e+06,2.190964e+07,-1.415222e+06
4338,3.525663e+03,miss,63.252555,-14.446726,46.801778,-1.874156e+07,-1.865229e+05,-1.150428e+07
4339,3.527312e+03,miss,26.881622,-18.444776,-73.055928,-9.871961e+06,8.145513e+06,1.788996e+07
4340,3.528412e+03,miss,26.564358,-24.636971,-71.325693,-2.416057e+06,5.056045e+06,2.127453e+07
4341,3.528634e+03,hit,64.711982,-45.951461,10.041048,-2.006883e+07,8.414397e+06,-3.236799e+06
4342,3.529379e+03,miss,-43.589900,-50.513352,-44.139799,1.526294e+07,9.464673e+06,1.271227e+07
4343,3.529950e+03,miss,-33.939779,-69.894292,19.049392,1.335016e+07,1.684286e+07,-4.723216e+06
4344,3.530504e+03,miss,-70.403496,6.732304,37.390156,2.008144e+07,1.670286e+06,-8.845312e+06
4345,3.531578e+03,miss,-18.734795,-49.669232,59.849602,5.246846e+06,9.528658e+06,-1.913416e+07
4346,3.532259e+03,miss,12.253021,66.702944,42.433251,6.142983e+04,-1.956495e+07,-1.008677e+07
4347,3.534161e+03,miss,8.900193,-28.499694,-74.219634,-5.618558e+06,3.329341e+06,2.102718e+07
4348,3.534850e+03,miss,3.622547,12.199209,-78.981368,-1.172563e+05,2.093486e+06,2.192015e+07
4349,3.535127e+03,miss,22.555859,23.891747,-72.941193,-1.945220e+06,-3.530243e+06,2.164904e+07
4350,3.535431e+03,miss,-45.929540,-65.403405,-3.587752,1.463012e+07,1.643985e+07,8.125848e+05
4351,3.537091e+03,miss,-7.397364,2.621378,-79.614115,-3.141403e+06,-2.459433e+06,2.166287e+07
4352,3.538009e+03,hit,79.955274,2.009416,-1.765341,-2.164533e+07,-4.078326e+06,4.123952e+05
4353,3.538322e+03,miss,46.644964,-61.016975,-22.386961,-1.578288e+07,1.442770e+07,5.301705e+06
4354,3.539100e+03,miss,9.680161,17.003967,-77.570352,-7.436038e+06,-2.382856e+06,2.060340e+07
4355,3.539517e+03,miss,-18.667425,16.779716,-75.960308,5.401256e+06,-9.273484e+06,1.924471e+07
4356,3.539827e+03,miss,-23.935340,10.581854,75.598438,6.608349e+06,-7.867325e+06,-1.949378e+07
4357,3.540236e+03,miss,-76.035935,13.766371,20.712884,2.146638e+07,2.723671e+05,-4.974790e+06
4358,3.540342e+03,miss,-24.468007,-23.010215,72.607483,4.948063e+06,1.344296e+06,-2.143251e+07
4359,3.541069e+03,miss,-70.304959,-35.708691,13.494523,2.108298e+07,5.480176e+06,-3.349406e+06
4360,3.541913e+03,miss,-33.214274,32.151619,65.292307,5.434507e+06,-1.259131e+07,-1.725640e+07
4361,3.542909e+03,miss,-56.471877,47.096176,31.509956,1.757010e+07,-1.117126e+07,-7.244962e+06
4362,3.542916e+03,miss,-36.321760,-10.497264,70.502037,1.356763e+07,9.069929e+05,-1.735202e+07
4363,3.543100e+03,miss,-49.014951,-17.160622,-60.852672,1.044081e+07,9.339756e+06,1.702292e+07
4364,3.544827e+03,miss,74.382494,-26.814926,-12.173919,-2.151164e+07,2.797074e+06,3.960271e+06
4365,3.545057e+03,miss,-66.067122,-38.646011,-23.272757,1.762502e+07,1.218085e+07,5.222583e+06
4366,3.545122e+03,miss,-50.765706,4.587538,-61.658719,1.297265e+07,-6.568364e+06,1.657907e+07
4367,3.545641e+03,miss,59.959253,-40.761031,-33.814588,-1.402351e+07,1.486133e+07,8.297704e+06
4368,3.546217e+03,miss,-29.803081,10.909220,73.435450,2.948149e+06,-2.466870e+06,-2.171801e+07
4369,3.546341e+03,miss,-23.945605,-65.571966,39.075891,8.281591e+06,1.551895e+07,-1.330576e+07
4370,3.546928e+03,miss,-17.117998,-12.794415,77.092653,8.740520e+06,2.643697e+05,-2.025043e+07
4371,3.549575e+03,miss,3.152581,-38.889162,-69.840492,-3.041735e+06,6.055873e+06,2.099961e+07
4372,3.549879e+03,hit,-76.712836,-21.753695,-6.474370,1.904152e+07,1.101404e+07,1.750122e+06
4373,3.550880e+03,miss,-26.578354,4.731612,-75.307390,1.076797e+07,-4.024578e+06,1.883991e+07
4374,3.551144e+03,miss,29.704104,23.520113,70.458999,-1.092482e+07,-8.771762e+06,-1.705372e+07
4375,3.551722e+03,miss,70.512987,3.499606,-37.625409,-2.036936e+07,-7.725543e+05,8.467365e+06
4376,3.552488e+03,miss,59.915310,23.497272,47.518774,-1.803679e+07,-6.670349e+06,-1.083926e+07
4377,3.553106e+03,miss,57.099774,-43.710144,35.057655,-1.419989e+07,1.479113e+07,-8.184095e+06
4378,3.554217e+03,miss,-76.640157,9.138900,21.042027,2.057544e+07,-6.266775e+06,-4.992475e+06
4379,3.555304e+03,miss,43.392383,-64.042867,-20.386572,-8.086156e+06,1.939472e+07,6.793703e+06
4380,3.555684e+03,miss,-8.295935,8.471280,-79.116464,-2.682439e+06,-4.548225e+06,2.144448e+07
4381,3.556607e+03,miss,-40.460593,-36.278995,-58.709241,6.208252e+06,1.176900e+07,1.763016e+07
4382,3.557256e+03,miss,78.985119,-12.235285,-3.413026,-2.074401e+07,7.547460e+06,8.275735e+05
4383,3.557531e+03,miss,-12.434137,78.019962,-12.580851,6.820100e+06,-2.080464e+07,2.941743e+06
4384,3.557780e+03,miss,-7.109466,29.832633,-73.888223,-3.041996e+06,-5.893958e+06,2.107232e+07
4385,3.558968e+03,hit,33.167169,72.798557,0.555843,-6.987168e+06,-2.096038e+07,-1.999481e+05
4386,3.559098e+03,miss,14.109032,-11.085634,-77.961811,-6.298192e+06,7.178363e+06,1.992535e+07
4387,3.559922e+03,miss,-59.531475,30.145573,-44.127632,1.314408e+07,-1.278778e+07,1.233024e+07
4388,3.560279e+03,miss,35.936422,-14.461325,69.996026,-1.361161e+07,3.599237e+06,-1.703371e+07
4389,3.560716e+03,miss,23.275413,2.251531,76.506116,-7.470817e+06,-5.637859e+06,-2.002097e+07
4390,3.561161e+03,miss,-65.466354,-27.597867,-36.776545,1.976867e+07,2.871951e+06,9.457827e+06
4391,3.561223e+03,miss,77.018835,1.205351,21.601994,-2.052702e+07,5.099089e+06,-6.414658e+06
4392,3.561479e+03,hit,24.390061,-75.834672,7.363930,-1.103100e+07,1.900192e+07,-2.405511e+06
4393,3.561706e+03,miss,1.202300,-78.890153,-13.224911,-4.165149e+06,2.123285e+07,4.515651e+06
4394,3.562404e+03,miss,-3.592009,-6.010686,-79.692968,-6.071923e+05,6.644185e+06,2.107499e+07
4395,3.562825e+03,miss,-32.930824,41.236800,-60.125594,6.005793e+06,-8.782838e+06,1.937832e+07
4396,3.563068e+03,miss,16.942022,36.774658,-68.997046,-9.398843e+06,-7.570021e+06,1.852341e+07
4397,3.563136e+03,miss,23.539199,31.507720,69.664695,-2.778717e+06,-1.222792e+07,-1.820787e+07
4398,3.564852e+03,miss,-60.697562,45.416314,25.557081,1.304373e+07,-1.647979e+07,-6.876258e+06
4399,3.564879e+03,miss,-42.811344,62.649656,-25.341853,1.588927e+07,-1.382160e+07,6.745615e+06
4400,3.564991e+03,miss,4.201727,16.977760,-78.064724,-2.937331e+05,-9.416589e+06,2.000664e+07
4401,3.566399e+03,miss,-23.604720,-28.416927,70.959816,7.925256e+06,1.128716e+07,-1.729184e+07
4402,3.566748e+03,miss,18.001799,-20.190966,-75.287848,-8.608744e+05,9.019901e+06,2.017834e+07
4403,3.567427e+03,miss,75.088608,26.041260,-9.140770,-2.178915e+07,-3.116340e+06,2.209043e+06
4404,3.568043e+03,miss,-51.991100,-59.697731,-11.537176,1.051376e+07,1.925099e+07,2.881517e+06
4405,3.568817e+03,miss,-9.010008,-7.026712,79.179827,6.652419e+06,4.722339e+06,-2.056681e+07
4406,3.573276e+03,miss,-3.440217,-13.551604,-78.768769,9.779364e+05,-1.804627e+06,2.204422e+07
4407,3.574093e+03,miss,69.048040,31.674820,25.081347,-1.986781e+07,-7.996324e+06,-5.621521e+06
4408,3.575223e+03,miss,43.540001,-32.337647,-58.809395,-1.492999e+07,8.605838e+06,1.390909e+07
4409,3.576808e+03,miss,-49.234606,-60.827788,16.611252,1.619717e+07,1.460032e+07,-3.889424e+06
4410,3.577408e+03,miss,-54.852488,-52.139482,-25.936056,1.518514e+07,1.504980e+07,5.800215e+06
4411,3.579350e+03,miss,10.578469,-65.616103,-44.526655,2.580812e+06,1.775838e+07,1.299897e+07
4412,3.580537e+03,miss,-13.902313,63.261667,46.954097,2.300463e+06,-1.917761e+07,-1.086664e+07
4413,3.581008e+03,miss,-15.217347,-58.133292,-52.810536,3.044564e+06,1.306060e+07,1.764575e+07
4414,3.581721e+03,miss,-17.041267,-22.066061,74.984559,2.255654e+05,3.055282e+06,-2.195298e+07
4415,3.583610e+03,miss,39.510856,0.125485,69.562033,-1.344831e+07,3.378350e+06,-1.730051e+07
4416,3.584577e+03,miss,-17.184167,-46.276974,-62.953523,5.991529e+06,1.528488e+07,1.490587e+07
4417,3.584670e+03,hit,42.193801,67.625038,6.821832,-8.779626e+06,-2.022085e+07,-2.399815e+06
4418,3.584935e+03,miss,-2.136454,42.674804,67.633547,1.739465e+06,-1.494115e+07,-1.629405e+07
4419,3.584959e+03,miss,49.719312,-24.147196,-57.835136,-1.661744e+07,3.808704e+06,1.418160e+07
4420,3.585086e+03,miss,24.506321,45.397776,-61.143129,-1.370386e+06,-1.386235e+07,1.725508e+07
4421,3.585120e+03,miss,79.840262,0.359465,5.040175,-2.157637e+07,4.955910e+06,-1.297843e+06
4422,3.585364e+03,miss,-47.999257,-42.253216,-48.070126,9.382335e+06,1.540832e+07,1.289862e+07
4423,3.586151e+03,miss,-69.516456,31.254135,-24.303115,2.089666e+07,-3.462040e+06,6.578041e+06
4424,3.586961e+03,miss,23.997368,-3.547747,-76.233456,-1.098749e+07,-2.541042e+05,1.926781e+07
4425,3.587191e+03,miss,-61.838000,-50.197991,-7.498233,1.636807e+07,1.487785e+07,1.674925e+06
4426,3.588109e+03,miss,6.153509,-25.335117,75.632441,-6.398344e+06,8.400242e+06,-1.951134e+07
4427,3.589095e+03,miss,27.700743,40.983336,62.873166,-1.179979e+07,-1.051838e+07,-1.557110e+07
4428,3.590352e+03,miss,-40.972130,47.682335,-49.474028,1.512410e+07,-9.378759e+06,1.325910e+07
4429,3.592091e+03,miss,14.693155,64.139405,45.499977,2.632877e+04,-1.651450e+07,-1.483280e+07
4430,3.592363e+03,miss,69.298913,-37.664369,13.381178,-1.892265e+07,1.121610e+07,-2.985193e+06
4431,3.592424e+03,miss,-65.780215,22.385673,39.646501,1.936091e+07,-8.327529e+05,-1.082815e+07
4432,3.592720e+03,miss,13.011045,-29.143577,-73.357785,-3.410197e+05,1.167657e+07,1.887775e+07
4433,3.593291e+03,miss,-19.851435,41.162812,65.662345,3.364842e+06,-1.482729e+07,-1.617824e+07
4434,3.593479e+03,miss,-17.009044,77.881958,-6.715131,1.314049e+06,-2.203795e+07,2.352452e+06
4435,3.593501e+03,miss,-2.808953,-9.883534,79.337416,-6.479045e+05,-2.623285e+06,-2.203709e+07
4436,3.594388e+03,miss,26.193413,-65.029131,38.537219,-2.363899e+06,1.965691e+07,-1.005359e+07
4437,3.595302e+03,miss,-9.984801,76.414656,21.473334,-4.174752e+05,-2.162963e+07,-5.016672e+06
4438,3.597747e+03,miss,-8.062387,-35.610979,-71.181852,7.409209e+06,9.225933e+06,1.880168e+07
4439,3.598208e+03,miss,37.449738,51.744207,-48.166941,-1.421117e+07,-1.219987e+07,1.194933e+07
4440,3.598556e+03,miss,-10.903056,-75.122859,25.252315,2.619423e+06,2.132396e+07,-5.661788e+06
4441,3.598756e+03,miss,-64.339107,-47.366105,-4.114781,2.037035e+07,8.808821e+06,1.053319e+06
4442,3.599168e+03,miss,2.792588,2.010810,-79.925954,2.259655e+06,3.979176e+06,2.174333e+07
4443,3.599481e+03,miss,-50.316628,-19.203282,59.156327,1.510618e+07,8.179204e+06,-1.409466e+07
4444,3.599708e+03,miss,62.809973,-28.110400,-40.800891,-1.407557e+07,1.122953e+07,1.302161e+07
4445,3.599812e+03,miss,10.512315,-75.592842,-23.983608,-7.184023e+06,1.948355e+07,7.910851e+06
4446,3.600497e+03,miss,-17.419820,-35.287376,69.651640,-6.520944e+04,7.734742e+06,-2.083421e+07
4447,3.602496e+03,miss,22.602046,1.021382,-76.733984,-1.071036e+07,-1.181311e+06,1.944380e+07
4448,3.602933e+03,miss,-4.070229,-43.039410,-67.313018,5.410586e+06,1.332122e+07,1.695581e+07
4449,3.603023e+03,miss,21.174692,16.690996,75.319606,-9.372499e+06,-7.103657e+06,-1.886625e+07
4450,3.603411e+03,miss,-4.288398,15.105410,78.443841,-3.855909e+06,-1.866378e+06,-2.181612e+07
4451,3.605027e+03,miss,-3.945851,11.156334,-79.119950,-4.381392e+06,-3.006243e+06,2.159356e+07
4452,3.607007e+03,miss,-20.998137,10.079167,-76.534232,1.034345e+07,-3.306860e+06,1.941302e+07
4453,3.607052e+03,miss,-64.906357,43.136329,18.067151,1.985538e+07,-9.082163e+06,-4.251120e+06
4454,3.607427e+03,miss,36.940604,-13.497559,69.664967,-1.071521e+07,8.296166e+06,-1.764095e+07
4455,3.607496e+03,miss,-12.262469,-9.721877,78.454553,-1.511104e+06,6.510429e+04,-2.219385e+07
4456,3.607982e+03,miss,-45.066659,16.567884,63.988291,8.172174e+06,-3.699499e+06,-2.035806e+07
4457,3.608192e+03,miss,50.841453,61.750421,1.425538,-1.776477e+07,-1.338744e+07,-3.738749e+05
4458,3.608747e+03,miss,46.694027,59.756832,25.471334,-1.498702e+07,-1.387617e+07,-8.824248e+06
4459,3.610139e+03,miss,25.201229,-27.717184,70.687027,-1.051272e+07,3.489707e+06,-1.930083e+07
4460,3.610473e+03,miss,-0.796920,0.551993,79.994126,-1.294213e+06,5.045243e+06,-2.163640e+07
4461,3.612141e+03,miss,-32.956251,2.482083,72.854134,7.377609e+06,-5.937248e+06,-2.014477e+07
4462,3.613475e+03,miss,-52.468304,-30.204335,-52.295078,1.134520e+07,7.701524e+06,1.753990e+07
4463,3.613561e+03,miss,-35.357522,-27.779697,-66.167470,8.041116e+06,3.145695e+06,2.052150e+07
4464,3.613658e+03,miss,-55.324188,13.743528,-56.127976,1.222903e+07,-8.282389e+06,1.665992e+07
4465,3.613699e+03,miss,45.409012,-26.694042,-60.211708,-7.941735e+06,9.347168e+06,1.858131e+07
4466,3.614633e+03,miss,-53.752848,-32.860709,49.303196,1.768783e+07,5.635693e+06,-1.229689e+07
4467,3.616968e+03,miss,-63.336233,46.703622,-14.397682,1.529605e+07,-1.582730e+07,3.417803e+06
4468,3.617585e+03,miss,-46.363875,25.066649,60.183504,1.147181e+07,-2.422271e+06,-1.894120e+07
4469,3.617651e+03,miss,55.971985,-35.797878,-44.560620,-1.383595e+07,8.209774e+06,1.540824e+07
4470,3.617703e+03,miss,-48.634993,42.975301,-46.773507,1.351789e+07,-1.400436e+07,1.083511e+07
4471,3.617847e+03,miss,-68.923327,-39.383475,9.925568,1.887002e+07,1.125731e+07,-3.670146e+06
4472,3.618013e+03,miss,-38.676150,47.790257,-51.188346,1.471949e+07,-1.011625e+07,1.331523e+07
4473,3.618993e+03,miss,17.775190,2.734703,-77.952319,-2.848035e+06,-5.832641e+06,2.131433e+07
4474,3.619048e+03,miss,10.017045,37.351005,70.032573,-7.928061e+06,-8.709863e+06,-1.891358e+07
4475,3.619376e+03,miss,-63.496322,41.455030,-25.489167,1.926552e+07,-7.349248e+06,8.444685e+06
4476,3.619697e+03,miss,78.137497,6.602599,-15.840999,-2.067597e+07,-7.136411e+06,4.254897e+06
4477,3.619852e+03,hit,72.970590,32.781764,-0.805560,-1.739768e+07,-1.392178e+07,2.329447e+05
4478,3.619860e+03,miss,58.319559,19.249812,51.266693,-1.750217e+07,-6.939613e+06,-1.191917e+07
4479,3.620094e+03,miss,74.375842,-24.463533,-16.424668,-2.126923e+07,5.522760e+06,3.701586e+06
4480,3.620366e+03,miss,59.180246,-6.748193,53.405621,-1.543845e+07,-3.563137e+06,-1.567094e+07
4481,3.620859e+03,miss,12.208753,2.500356,-79.023380,-8.121009e+06,-2.349739e+06,2.062076e+07
4482,3.621254e+03,miss,70.417107,-5.384833,37.582371,-1.788216e+07,6.469030e+06,-1.162419e+07
4483,3.621446e+03,miss,77.174231,6.894809,19.914812,-2.143414e+07,3.235379e+06,-5.184420e+06
4484,3.622047e+03,miss,-22.664292,-50.417777,57.830594,8.176704e+06,9.714800e+06,-1.831980e+07
4485,3.622723e+03,miss,-0.179665,-14.587557,-78.658572,2.201517e+06,8.536382e+06,2.047503e+07
4486,3.622893e+03,miss,6.807665,-74.229546,-29.045313,-7.065063e+06,1.917710e+07,8.904521e+06
4487,3.623642e+03,miss,49.102572,43.442733,-45.843935,-1.130342e+07,-1.095825e+07,1.578667e+07
4488,3.623755e+03,miss,18.204057,-12.585649,76.877915,-1.168337e+06,-4.428618e+05,-2.226037e+07
4489,3.626127e+03,miss,60.425873,-0.928942,52.419948,-1.789622e+07,3.867532e+06,-1.273491e+07
4490,3.627161e+03,miss,-13.028655,6.561611,78.658753,8.451376e+05,-6.488324e+06,-2.132463e+07
4491,3.627544e+03,miss,47.750221,-26.300142,-58.550994,-1.277831e+07,2.289023e+06,1.814056e+07
4492,3.627631e+03,miss,-23.437386,-5.697918,-76.277275,5.295468e+06,6.830369e+06,2.056504e+07
4493,3.628466e+03,miss,-47.832042,63.679655,-7.549660,1.039946e+07,-1.955819e+07,2.657031e+06
4494,3.628608e+03,miss,4.101082,79.532478,-7.600402,-6.615068e+06,-2.118561e+07,2.271861e+06
4495,3.628631e+03,miss,32.323277,-50.576895,-52.888406,-3.799152e+06,1.488202e+07,1.618165e+07
4496,3.628798e+03,miss,77.173231,-17.754464,-11.360959,-2.089564e+07,6.626502e+06,4.151937e+06
4497,3.630978e+03,miss,-40.834094,-49.812846,47.447414,6.335312e+06,1.604247e+07,-1.416259e+07
4498,3.631745e+03,miss,-32.743701,63.020612,-36.827335,1.357803e+07,-1.415446e+07,1.065220e+07
4499,3.632409e+03,miss,-49.310163,44.971210,-44.114602,1.079804e+07,-1.234328e+07,1.514325e+07
4500,3.633222e+03,miss,-16.740321,19.072100,-75.868417,8.812083e+06,-1.901861e+06,2.042336e+07
4501,3.635279e+03,miss,-27.191906,1.844662,75.214344,3.156496e+06,2.814240e+06,-2.192675e+07
4502,3.636153e+03,miss,43.404601,2.290475,67.162447,-1.531100e+07,5.340715e+04,-1.625903e+07
4503,3.638111e+03,miss,2.576588,2.935351,-79.904599,-5.976461e+06,-1.742166e+06,2.145463e+07
4504,3.640093e+03,miss,45.250126,-37.652249,54.173188,-1.078119e+07,7.483625e+06,-1.808556e+07
4505,3.640560e+03,miss,-19.128005,-76.994765,10.292016,2.810868e+06,2.204261e+07,-2.369061e+06
4506,3.641529e+03,miss,-1.368862,7.923391,-79.594887,-2.834739e+06,-6.382042e+06,2.123104e+07
4507,3.642290e+03,miss,46.122518,13.443536,-63.968622,-8.274728e+06,-4.918117e+06,2.017346e+07
4508,3.642544e+03,miss,19.665263,-60.077417,49.030413,-1.681854e+06,1.531741e+07,-1.619292e+07
4509,3.643582e+03,miss,41.236902,-49.232718,-47.703851,-1.445839e+07,9.163344e+06,1.438029e+07
4510,3.644052e+03,miss,-32.670789,26.979558,-67.858109,4.918995e+06,-1.114926e+07,1.874478e+07
4511,3.644762e+03,hit,54.415228,58.010279,-8.590137,-1.198804e+07,-1.875945e+07,2.082407e+06
4512,3.645746e+03,miss,50.432544,32.710944,52.787808,-1.665011e+07,-4.350826e+06,-1.428096e+07
4513,3.645780e+03,miss,0.645971,62.869921,-49.466714,-3.050324e+06,-1.875998e+07,1.178409e+07
4514,3.645860e+03,miss,6.794527,-9.124842,79.186941,-5.106792e+06,-1.913287e+06,-2.168818e+07
4515,3.646730e+03,miss,46.108514,-23.360146,61.059876,-1.215889e+07,1.358610e+06,-1.872304e+07
4516,3.647020e+03,miss,-10.141535,17.905729,77.308047,6.965091e+06,-1.360601e+06,-2.121115e+07
4517,3.647201e+03,miss,-63.705145,40.727359,26.133059,1.603241e+07,-1.245682e+07,-9.385666e+06
4518,3.647557e+03,miss,13.464623,-21.632658,75.833581,-8.533606e+06,3.661618e+06,-2.034994e+07
4519,3.647585e+03,miss,-39.443161,65.266698,24.176335,5.854287e+06,-2.036111e+07,-7.176804e+06
4520,3.648513e+03,miss,-30.262773,-19.411138,-71.465882,1.048055e+07,2.562008e+05,1.976294e+07
4521,3.651715e+03,miss,42.822501,-11.772794,-66.540474,-1.455431e+07,5.342131e+06,1.614169e+07
4522,3.652161e+03,hit,-28.414690,74.566607,-5.694430,1.215202e+07,-1.874212e+07,1.429302e+06
4523,3.652737e+03,miss,-4.663296,10.816815,79.128062,2.676507e+05,2.483937e+06,-2.224453e+07
4524,3.652949e+03,miss,24.706537,-50.500536,-56.914698,-7.574197e+06,1.625501e+07,1.339761e+07
4525,3.652952e+03,miss,-18.475454,42.248362,-65.373798,-4.074288e+05,-1.252229e+07,1.855038e+07
4526,3.654841e+03,miss,-15.336649,51.994539,58.833282,8.992732e+06,-1.393786e+07,-1.504048e+07
4527,3.655129e+03,miss,-53.146050,-13.741611,-58.195064,1.270207e+07,8.964018e+06,1.611497e+07
4528,3.655480e+03,miss,55.624818,35.775729,45.010853,-1.375608e+07,-1.375034e+07,-1.109664e+07
4529,3.655733e+03,miss,0.108020,16.202948,78.341897,5.337828e+06,-3.303546e+06,-2.149571e+07
4530,3.655878e+03,miss,-35.554130,-28.457058,65.773092,1.353737e+07,4.285760e+06,-1.731657e+07
4531,3.656536e+03,miss,32.025250,-61.318795,40.179457,-1.233051e+07,1.600962e+07,-9.655686e+06
4532,3.657179e+03,miss,14.812031,-49.727069,-60.891891,-8.231314e+06,1.432889e+07,1.511947e+07
4533,3.657199e+03,miss,28.328303,61.718793,-42.288271,-1.162423e+07,-1.614637e+07,1.028809e+07
4534,3.657553e+03,miss,-57.366701,-12.605508,-54.315401,1.812245e+07,3.338496e+06,1.273391e+07
4535,3.659582e+03,hit,-5.195805,-79.439515,-7.897286,-3.490686e+06,2.198086e+07,2.580028e+06
4536,3.659607e+03,miss,-7.876531,-71.731222,34.533926,3.883661e+06,2.058932e+07,-7.937258e+06
4537,3.659693e+03,miss,17.321181,-22.625531,74.753341,4.224340e+05,4.603616e+06,-2.192357e+07
4538,3.660456e+03,miss,20.593562,-18.208101,-75.129024,-4.329416e+06,9.881019e+06,1.964029e+07
4539,3.661272e+03,miss,19.285615,-24.970895,73.515437,-4.596995e+06,1.589784e+06,-2.187628e+07
4540,3.661987e+03,miss,-63.115632,-49.072160,2.887931,1.934406e+07,1.127206e+07,-1.037950e+06
4541,3.662129e+03,miss,-2.839313,-0.867817,-79.944889,-4.360907e+06,2.126261e+06,2.188174e+07
4542,3.663057e+03,miss,2.066742,-79.829431,-4.794845,-9.268534e+05,2.237097e+07,1.075638e+06
4543,3.666375e+03,miss,-17.699366,-17.957627,-75.922698,8.865789e+06,1.293404e+06,2.055861e+07
4544,3.666650e+03,miss,4.806404,-1.936847,79.831993,-1.598603e+06,5.919535e+06,-2.157250e+07
4545,3.668261e+03,miss,-67.705566,0.375880,42.612381,2.017511e+07,-2.264605e+05,-9.803256e+06
4546,3.668327e+03,miss,7.192692,38.148706,69.949564,1.577386e+06,-1.351584e+07,-1.783348e+07
4547,3.668396e+03,miss,-19.021322,-43.167748,64.612188,2.745527e+06,8.339122e+06,-2.064291e+07
4548,3.668518e+03,miss,-54.631992,-33.772418,47.694541,1.439224e+07,6.019399e+06,-1.612004e+07
4549,3.669832e+03,miss,30.231109,53.968354,50.729644,-1.296130e+07,-1.248881e+07,-1.339552e+07
4550,3.670494e+03,hit,-76.997159,20.619069,6.803783,2.204991e+07,-3.858565e+06,-1.552214e+06
4551,3.671326e+03,miss,76.199441,-19.574459,-14.508128,-1.929238e+07,1.071103e+07,4.085149e+06
4552,3.672441e+03,miss,-22.784598,10.158922,76.010910,6.949504e+06,-7.788487e+06,-1.986976e+07
4553,3.674131e+03,miss,-15.504336,67.477315,40.080263,9.542645e+06,-1.671214e+07,-1.156017e+07
4554,3.674902e+03,miss,-35.148695,17.020642,69.820248,5.365749e+06,-2.483019e+06,-2.165974e+07
4555,3.675023e+03,miss,17.332992,-45.834442,-63.235839,-8.677426e+06,1.358816e+07,1.562632e+07
4556,3.675125e+03,miss,0.503603,1.070983,79.991246,-5.033115e+06,2.093109e+06,-2.178115e+07
4557,3.675302e+03,miss,-8.110831,-3.061886,-79.528858,7.375003e+06,-3.103951e+05,2.120540e+07
4558,3.675649e+03,miss,1.774946,9.378201,79.428577,-3.425402e+06,-6.903310e+06,-2.109063e+07
4559,3.676282e+03,miss,62.029899,8.405643,49.816030,-1.508989e+07,8.292976e+05,-1.661017e+07
4560,3.676669e+03,miss,75.709879,-6.647763,-24.976419,-2.167591e+07,-7.877413e+05,5.820475e+06
4561,3.678139e+03,miss,-71.090979,-26.986348,24.855778,1.975219e+07,9.066212e+06,-5.674495e+06
4562,3.678483e+03,miss,-56.528874,46.159730,32.768364,1.352925e+07,-1.364178e+07,-1.163846e+07
4563,3.678779e+03,miss,-20.737015,-68.686837,-35.384949,6.581940e+06,1.738995e+07,1.260559e+07
4564,3.680063e+03,miss,47.078668,0.618667,64.677788,-1.606968e+07,1.134336e+06,-1.566166e+07
4565,3.681452e+03,miss,73.108383,-5.709489,-31.977587,-1.962362e+07,-2.953405e+06,1.054468e+07
4566,3.681577e+03,miss,54.695668,-52.509077,-25.518245,-1.088277e+07,1.820040e+07,7.438239e+06
4567,3.681607e+03,miss,-11.440069,-70.504345,-36.031405,-4.249053e+05,1.879885e+07,1.230624e+07
4568,3.681807e+03,miss,-8.649076,-52.823380,59.454891,-2.828506e+06,1.561732e+07,-1.591060e+07
4569,3.682519e+03,miss,-54.792648,-14.296507,56.509960,1.258290e+07,8.910362e+06,-1.635305e+07
4570,3.683317e+03,hit,25.134323,-75.491069,8.328525,-1.150691e+07,1.919212e+07,-2.123396e+06
4571,3.684125e+03,miss,-31.998699,-71.504548,-16.222911,5.005047e+06,2.155122e+07,3.982527e+06
4572,3.687101e+03,miss,3.942861,9.943135,-79.281700,4.321357e+06,-3.694222e+06,2.175898e+07
4573,3.687756e+03,miss,-29.405822,19.811164,71.713426,9.695894e+06,-9.410952e+06,-1.798021e+07
4574,3.688658e+03,miss,-1.575098,-1.156426,79.976132,-4.544967e+06,2.590690e+06,-2.187738e+07
4575,3.689403e+03,miss,-36.762690,35.979174,61.269925,9.537756e+06,-5.516351e+06,-1.961355e+07
4576,3.690148e+03,miss,1.332266,-7.966550,79.591200,1.208160e+06,-3.135358e+06,-2.224640e+07
4577,3.690354e+03,miss,13.856583,-64.617541,-45.084017,1.635252e+06,1.786591e+07,1.357777e+07
4578,3.690473e+03,miss,-35.187784,24.612174,67.498598,4.772303e+06,-9.056540e+06,-2.003600e+07
4579,3.690737e+03,miss,16.686382,-16.792521,-76.417118,-3.223611e+06,9.553411e+06,2.011502e+07
4580,3.691120e+03,miss,7.262641,-44.670040,65.968489,-4.886581e+06,1.480545e+07,-1.622485e+07
4581,3.691197e+03,miss,41.445892,6.663557,-68.101652,-1.345040e+07,-5.686189e+06,1.711988e+07
4582,3.691940e+03,miss,-3.781663,1.634075,-79.893860,6.292000e+06,7.614008e+05,2.159327e+07
4583,3.692181e+03,miss,-23.858005,12.940000,-75.255246,2.477963e+06,-9.708778e+04,2.236787e+07
4584,3.693818e+03,miss,-14.679286,-22.508647,75.351704,8.989276e+06,6.445370e+06,-1.960474e+07
4585,3.693859e+03,miss,-10.829894,-24.659734,-75.330013,4.664489e+05,1.105879e+07,1.960069e+07
4586,3.694059e+03,miss,-36.351653,-67.728763,22.166911,5.098072e+06,2.107006e+07,-6.065573e+06
4587,3.695073e+03,miss,27.490827,34.482376,-66.747436,-8.788173e+06,-4.410798e+06,2.025292e+07
4588,3.696534e+03,miss,28.609439,65.731809,35.508158,-4.403454e+06,-2.029000e+07,-8.717448e+06
4589,3.699119e+03,miss,60.125649,40.991991,33.234966,-1.304158e+07,-1.507133e+07,-1.049740e+07
4590,3.699272e+03,miss,-71.796505,33.537495,-10.977168,1.979661e+07,-1.045690e+07,2.488282e+06
4591,3.699495e+03,miss,-21.831176,-28.222865,71.602162,6.124438e+06,2.489365e+06,-2.153529e+07
4592,3.699996e+03,miss,47.347747,12.930999,63.174204,-1.628326e+07,-1.750337e+06,-1.547046e+07
4593,3.700608e+03,miss,-16.092860,21.791164,75.273933,2.886584e+06,-1.071895e+07,-1.960610e+07
4594,3.701037e+03,miss,8.527062,44.208320,-66.128010,-6.025754e+06,-8.403746e+06,2.001883e+07
4595,3.701319e+03,miss,17.106727,68.336615,37.913942,-9.609282e+06,-1.668938e+07,-1.169833e+07
4596,3.701323e+03,miss,-1.608445,-27.249032,-75.199090,-4.815943e+06,8.576058e+06,2.027272e+07
4597,3.701602e+03,miss,-29.495348,-60.522464,43.209441,1.140115e+07,1.343216e+07,-1.404829e+07
4598,3.702052e+03,miss,-8.930639,6.566997,79.228267,1.460638e+06,3.664310e+06,-2.218704e+07
4599,3.703636e+03,miss,17.090109,-23.446112,-74.553390,-4.885820e+06,1.017986e+06,2.198034e+07
4600,3.704656e+03,miss,-48.684628,-0.931938,63.473920,1.585280e+07,-2.987914e+06,-1.574623e+07
4601,3.705263e+03,miss,6.835075,76.319196,-22.992653,3.683827e+06,-2.114218e+07,6.906766e+06
4602,3.705664e+03,miss,-4.188142,36.821061,70.899005,4.074246e+06,-5.772891e+06,-2.141016e+07
4603,3.706017e+03,miss,58.766457,-43.865751,31.973417,-1.302757e+07,1.494178e+07,-1.074220e+07
4604,3.706042e+03,miss,42.067555,-56.115232,38.488980,-1.325251e+07,1.592909e+07,-8.888644e+06
4605,3.706136e+03,miss,3.922161,-15.910633,78.303694,1.293519e+06,8.934036e+06,-2.066145e+07
4606,3.706569e+03,miss,-0.209239,-1.192035,-79.990845,-1.559460e+06,-4.917599e+06,2.195063e+07
4607,3.706830e+03,miss,-17.268045,40.105558,-67.032521,9.538120e+05,-8.159413e+06,2.099988e+07
4608,3.706866e+03,miss,43.898181,8.063440,-66.392248,-9.439920e+06,2.156187e+06,2.036478e+07
4609,3.708657e+03,miss,-1.969605,24.793796,-76.035441,-2.156461e+06,-2.084460e+06,2.235478e+07
4610,3.709080e+03,miss,-51.861476,-7.952185,-60.391639,1.721468e+07,9.958018e+05,1.454141e+07
4611,3.709516e+03,miss,61.111681,-47.632338,19.912880,-1.883388e+07,1.151983e+07,-4.628999e+06
4612,3.709841e+03,miss,36.969088,-64.425880,-29.708458,-1.398167e+07,1.480252e+07,9.710414e+06
4613,3.709974e+03,miss,-21.341154,-3.125465,-77.037566,3.926462e+05,9.774474e+05,2.253447e+07
4614,3.710117e+03,miss,37.327033,8.110229,-70.291655,-5.364416e+06,-2.817800e+06,2.173050e+07
4615,3.710613e+03,miss,11.674048,-17.666988,-77.146576,6.276256e+05,8.629642e+06,2.083591e+07
4616,3.710924e+03,miss,-60.613357,-47.850065,-20.890006,1.379871e+07,1.703561e+07,5.331628e+06
4617,3.711283e+03,miss,63.280513,33.583807,35.604839,-1.766235e+07,-6.421634e+06,-1.248581e+07
4618,3.712199e+03,miss,75.035117,-5.323211,-27.228562,-2.110035e+07,4.706632e+06,6.468398e+06
4619,3.712224e+03,hit,70.766698,-36.938521,5.255485,-2.091036e+07,8.261456e+06,-1.930212e+06
4620,3.712943e+03,miss,8.525362,-2.557069,-79.503331,-7.249091e+06,-1.355817e+06,2.132913e+07
4621,3.713432e+03,miss,7.138971,-21.245743,-76.796182,-7.263415e+06,4.720625e+06,2.084094e+07
4622,3.715810e+03,miss,-34.422346,4.939743,-72.046520,1.336261e+07,6.609805e+05,1.818560e+07
4623,3.715960e+03,miss,42.589408,-8.891731,-67.134786,-7.951917e+06,-3.481841e+05,2.112768e+07
4624,3.716072e+03,miss,51.117529,-33.558099,51.583449,-1.171891e+07,7.804754e+06,-1.764940e+07
4625,3.716089e+03,miss,-46.716483,-43.269166,-48.428808,1.251231e+07,8.893762e+06,1.655579e+07
4626,3.716166e+03,miss,-17.988536,-54.418676,55.812367,3.425606e+06,1.209642e+07,-1.875375e+07
4627,3.716275e+03,miss,-38.249862,-49.857558,49.509312,1.398198e+07,9.527255e+06,-1.495032e+07
4628,3.717068e+03,miss,1.757744,3.814039,79.889695,3.414037e+06,-4.859388e+06,-2.178568e+07
4629,3.718271e+03,miss,68.706053,-39.403980,-11.260758,-2.044425e+07,9.238264e+06,2.595622e+06
4630,3.719432e+03,miss,-54.241823,36.903427,-45.781674,1.616757e+07,-1.162547e+07,1.066150e+07
4631,3.719530e+03,miss,-18.126905,-53.125710,57.000651,6.927399e+06,1.665969e+07,-1.359003e+07
4632,3.719604e+03,miss,33.512501,-15.128459,-71.049574,-1.203594e+07,7.150507e+06,1.772680e+07
4633,3.719670e+03,miss,-78.915094,4.872725,12.192804,2.188220e+07,-3.348328e+06,-4.494443e+06
4634,3.719747e+03,miss,-41.062383,15.273763,-66.937231,9.587110e+06,6.820731e+05,2.044199e+07
4635,3.719758e+03,miss,41.523307,-15.246267,66.658580,-1.001906e+07,-8.664148e+05,-2.022676e+07
4636,3.720037e+03,hit,73.734090,30.953961,-2.266331,-1.905393e+07,-1.212193e+07,5.466962e+05
4637,3.720332e+03,miss,45.937366,-24.437089,60.766661,-8.600046e+06,6.613537e+06,-1.981497e+07
4638,3.720957e+03,miss,-17.617659,-8.620770,77.558368,5.602647e+06,7.504458e+06,-2.055996e+07
4639,3.722147e+03,miss,72.917125,27.057467,18.734631,-1.895678e+07,-1.031079e+07,-6.701497e+06
4640,3.724758e+03,miss,16.024216,-21.007306,75.511043,3.116062e+05,3.140342e+06,-2.238261e+07
4641,3.724929e+03,miss,-12.966087,26.401132,-74.396645,-1.623581e+06,-9.173844e+06,2.059534e+07
4642,3.726742e+03,miss,18.722733,36.012119,68.939006,-1.616259e+06,-6.658268e+06,-2.154686e+07
4643,3.726866e+03,miss,35.754819,44.416649,-56.113762,-4.860531e+06,-1.468273e+07,1.649309e+07
4644,3.726970e+03,miss,3.565690,-57.042561,-55.977067,3.970030e+06,1.407120e+07,1.724772e+07
4645,3.727239e+03,miss,11.600740,70.388743,36.205631,5.507008e+05,-1.891965e+07,-1.237029e+07
4646,3.727373e+03,miss,56.921718,-45.940052,-32.394901,-1.830953e+07,1.079763e+07,7.711747e+06
4647,3.727561e+03,miss,-41.177608,-36.522626,58.056028,1.307823e+07,1.219122e+07,-1.384408e+07
4648,3.727614e+03,miss,48.086390,12.309403,-62.738965,-1.038774e+07,5.032908e+04,2.008542e+07
4649,3.729291e+03,miss,-5.480681,0.608766,79.809721,-1.901101e+06,4.199481e+06,-2.214299e+07
4650,3.730100e+03,miss,-50.177617,-22.223773,58.209198,1.295712e+07,1.447249e+06,-1.848490e+07
4651,3.731958e+03,miss,2.109006,16.790933,-78.189620,2.322743e+06,-8.878147e+06,2.068118e+07
4652,3.733086e+03,miss,64.635205,-9.446320,46.185033,-1.928645e+07,-1.759896e+06,-1.170546e+07
4653,3.733622e+03,miss,-35.197723,-34.733562,-62.886405,8.170840e+06,5.621090e+06,2.034199e+07
4654,3.734845e+03,miss,9.368819,-21.985364,76.347030,-7.240995e+06,3.041843e+06,-2.122826e+07
4655,3.735156e+03,miss,-4.870993,-13.806422,78.648942,6.737727e+06,3.431172e+06,-2.133533e+07
4656,3.736055e+03,miss,11.298197,43.674557,66.067267,-6.835066e+06,-1.389736e+07,-1.651166e+07
4657,3.736622e+03,miss,-12.644854,59.309819,-52.177131,4.429444e+06,-1.847934e+07,1.230696e+07
4658,3.737102e+03,miss,1.853147,22.040850,76.881511,3.346857e+06,-2.084600e+06,-2.229543e+07
4659,3.737126e+03,miss,16.013017,-15.499390,76.833275,-9.255078e+06,2.173994e+06,-2.054882e+07
4660,3.737716e+03,miss,-79.174090,9.111669,6.959949,2.229858e+07,-3.603233e+06,-1.583493e+06
4661,3.738126e+03,miss,-60.603781,-30.874489,42.118258,1.689782e+07,1.130349e+07,-9.973384e+06
4662,3.738245e+03,miss,15.284711,-1.871101,-78.503991,2.725578e+05,-2.806632e+06,2.246861e+07
4663,3.738992e+03,miss,-37.116156,-17.352697,-68.711534,5.383649e+06,6.696675e+06,2.095384e+07
4664,3.739378e+03,hit,61.621169,-50.906918,3.364108,-2.008969e+07,1.042197e+07,-8.557175e+05
4665,3.740089e+03,miss,-22.909626,-46.203159,-61.158949,1.655520e+06,1.165778e+07,1.934938e+07
4666,3.740616e+03,miss,28.629599,-6.716398,74.399167,-3.529779e+06,5.243937e+06,-2.175217e+07
4667,3.741398e+03,miss,16.749540,18.181904,76.084632,-1.209353e+06,-9.219577e+06,-2.065816e+07
4668,3.742006e+03,miss,72.247930,-16.440429,-30.165360,-2.134670e+07,2.913669e+06,7.009636e+06
4669,3.743696e+03,miss,0.727947,-2.069498,79.969915,5.303972e+06,7.375569e+05,-2.201958e+07
4670,3.745097e+03,miss,10.744783,56.165310,55.946471,9.859304e+05,-1.766818e+07,-1.416310e+07
4671,3.745364e+03,miss,-36.414267,57.173484,-42.487572,8.224961e+06,-1.849624e+07,1.019832e+07
4672,3.746027e+03,miss,39.094641,59.210191,-36.956221,-1.518135e+07,-1.283001e+07,1.089839e+07
4673,3.746201e+03,miss,12.897886,-8.973893,78.441786,-8.212018e+06,4.485904e+06,-2.064754e+07
4674,3.746396e+03,miss,19.021615,-15.896729,76.062291,-1.019238e+07,3.609524e+06,-1.992473e+07
4675,3.747487e+03,hit,9.544217,78.620686,-11.300253,-1.737727e+05,-2.229040e+07,4.143174e+06
4676,3.748143e+03,miss,4.675774,-6.323220,-79.612524,-6.556911e+06,3.734204e+05,2.170289e+07
4677,3.749334e+03,miss,-7.106115,58.666366,53.923656,4.726269e+06,-1.795212e+07,-1.302670e+07
4678,3.750148e+03,miss,-10.800363,5.374212,-79.085207,7.379224e+06,1.608216e+06,2.138653e+07
4679,3.750559e+03,miss,2.995379,-31.760919,73.363967,-3.121582e+06,1.256004e+07,-1.862741e+07
4680,3.750907e+03,miss,4.082684,-55.155115,-57.803503,3.768928e+06,1.646138e+07,1.514414e+07
4681,3.751642e+03,miss,-29.306225,67.518010,31.344275,6.331995e+06,-2.050457e+07,-7.355005e+06
4682,3.751779e+03,miss,42.574964,60.146746,31.140672,-1.619836e+07,-1.312278e+07,-8.947199e+06
4683,3.752636e+03,miss,-0.346476,-0.182527,-79.999041,2.799631e+06,-4.741959e+06,2.201000e+07
4684,3.752695e+03,miss,-69.188896,31.313630,25.146634,2.092369e+07,-6.471131e+06,-5.924179e+06
4685,3.752801e+03,miss,23.351291,-33.040921,69.014598,-4.956641e+06,1.342976e+07,-1.760284e+07
4686,3.753275e+03,miss,-70.316790,-32.799884,19.486318,1.711709e+07,1.393214e+07,-5.268067e+06
4687,3.754098e+03,miss,-60.663200,49.437156,-16.611555,1.984643e+07,-9.583432e+06,5.407563e+06
4688,3.754171e+03,miss,17.026124,77.041162,13.220076,4.133604e+05,-2.228380e+07,-4.270386e+06
4689,3.754459e+03,miss,30.439257,-71.814858,-17.778578,-8.582835e+06,2.061400e+07,4.051208e+06
4690,3.755243e+03,miss,4.084875,4.038020,79.793535,-1.273188e+06,-6.534172e+06,-2.169805e+07
4691,3.755602e+03,miss,-50.975519,53.801918,-30.113952,1.295330e+07,-1.504525e+07,1.100107e+07
4692,3.756849e+03,miss,-2.283194,-7.137031,79.648288,-3.811471e+06,-1.409687e+06,-2.233445e+07
4693,3.756962e+03,miss,-25.354727,69.315564,30.862444,1.710123e+06,-2.092415e+07,-8.637874e+06
4694,3.757088e+03,miss,10.978248,-33.303763,71.905058,-5.944129e+06,4.596935e+06,-2.142220e+07
4695,3.758202e+03,miss,-4.776692,-36.903259,70.819014,6.376846e+06,1.112619e+07,-1.873690e+07
4696,3.758272e+03,miss,74.565248,-22.224018,-18.604213,-2.192359e+07,8.774511e+05,5.841549e+06
4697,3.758677e+03,miss,24.223925,-21.477379,73.156843,-9.562196e+06,9.112365e+06,-1.846949e+07
4698,3.758976e+03,miss,60.223469,31.041122,42.539189,-1.830755e+07,-9.071086e+06,-9.908724e+06
4699,3.759679e+03,miss,-23.164658,-66.756542,-37.509502,6.891637e+06,1.982066e+07,8.681997e+06
4700,3.759915e+03,miss,-79.123302,-11.056588,-4.153909,2.261334e+07,1.870269e+06,9.496364e+05
4701,3.760664e+03,miss,-18.604049,-3.771964,-77.715260,7.006351e+06,-4.078805e+06,2.121650e+07
4702,3.761420e+03,miss,13.616581,11.414721,-78.001877,-6.322205e+05,1.449657e+06,2.265983e+07
4703,3.761955e+03,miss,-30.879454,13.582081,-72.539551,3.853919e+06,-1.734545e+06,2.231997e+07
4704,3.762061e+03,miss,28.081632,-36.741555,65.280013,-9.581021e+06,1.303497e+07,-1.594838e+07
4705,3.762947e+03,miss,12.401594,1.038575,79.026083,-8.563349e+06,5.344860e+05,-2.103716e+07
4706,3.763464e+03,miss,27.243447,28.873529,-69.455841,-3.593116e+06,-1.180899e+07,1.907582e+07
4707,3.764151e+03,miss,-4.905562,1.599360,79.833436,2.864619e+06,-5.684827e+06,-2.181331e+07
4708,3.764274e+03,miss,30.975518,-73.537684,5.720698,-3.588460e+06,2.236425e+07,-1.823121e+06
4709,3.765269e+03,miss,15.341720,-19.377622,76.086394,-9.269793e+06,3.699039e+06,-2.041777e+07
4710,3.765437e+03,miss,13.083080,-73.431655,-28.924472,-7.962521e+05,2.164381e+07,6.887062e+06
4711,3.765870e+03,miss,17.648566,-4.794277,-77.881596,-9.542910e+06,3.055455e+06,2.040041e+07
4712,3.766280e+03,miss,35.014145,10.963672,71.090137,-5.141581e+06,-5.982179e+06,-2.131697e+07
4713,3.766955e+03,miss,-30.217871,-43.328723,60.079132,4.637356e+06,1.031953e+07,-1.971625e+07
4714,3.767219e+03,miss,-25.110691,74.460319,15.003802,1.542951e+06,-2.222515e+07,-4.519565e+06
4715,3.767814e+03,miss,47.975469,63.779002,-5.531116,-1.518106e+07,-1.687449e+07,1.277957e+06
4716,3.768184e+03,miss,-57.355640,43.269676,35.186158,1.264532e+07,-1.466709e+07,-1.191090e+07
4717,3.768674e+03,miss,-63.631450,-15.674945,45.883926,1.621951e+07,1.606220e+06,-1.585281e+07
4718,3.769311e+03,miss,27.060831,-21.441927,-72.166164,-8.753167e+06,1.018142e+07,1.835135e+07
4719,3.770571e+03,miss,43.981797,20.348307,63.651771,-1.580658e+07,-4.254457e+06,-1.578848e+07
4720,3.770839e+03,miss,11.134709,77.968102,14.035431,2.476494e+06,-2.219516e+07,-4.301510e+06
4721,3.770867e+03,miss,-8.517727,77.033361,19.832034,-5.644214e+05,-2.224473e+07,-4.703005e+06
4722,3.771159e+03,miss,33.300574,64.844490,32.958519,-5.311302e+06,-1.902943e+07,-1.126836e+07
4723,3.771310e+03,miss,4.841031,-64.710663,-46.787760,-6.501131e+06,1.634887e+07,1.441443e+07
4724,3.771483e+03,miss,-6.702952,-45.914061,-65.168777,-3.726565e+06,1.209610e+07,1.889832e+07
4725,3.772276e+03,miss,21.016362,-61.066362,-47.214532,-8.599248e+06,1.777824e+07,1.128917e+07
4726,3.773942e+03,miss,60.547062,-36.157070,-37.771942,-1.742893e+07,6.558106e+06,1.307328e+07
4727,3.775485e+03,miss,-60.794271,46.787969,-22.692347,1.939174e+07,-9.126380e+06,7.652986e+06
4728,3.775690e+03,miss,-5.236225,70.760348,36.953418,6.867218e+06,-1.852511e+07,-1.129550e+07
4729,3.776183e+03,miss,46.963903,-56.149355,32.274474,-1.704022e+07,1.161152e+07,-9.633149e+06
4730,3.776331e+03,miss,-33.245869,39.256606,-61.266884,1.249048e+07,-6.327364e+06,1.794344e+07
4731,3.777879e+03,miss,-53.476844,48.753590,34.107398,1.804767e+07,-1.102214e+07,-8.427391e+06
4732,3.778364e+03,miss,29.033387,-62.404699,40.776415,-6.205256e+06,1.962104e+07,-9.736677e+06
4733,3.778375e+03,miss,35.719316,33.640030,-63.186065,-7.063542e+06,-1.366312e+07,1.678453e+07
4734,3.778650e+03,miss,-65.170497,22.263877,-40.707814,1.893895e+07,-8.277309e+05,1.260809e+07
4735,3.779063e+03,miss,69.743656,-29.395969,-25.917165,-2.121862e+07,5.443783e+06,6.206814e+06
4736,3.780744e+03,hit,-7.937883,79.285553,-7.126782,7.620552e+06,-2.134179e+07,2.252782e+06
4737,3.780825e+03,miss,2.125508,-9.078814,79.454750,3.185017e+06,6.402209e+06,-2.162171e+07
4738,3.781791e+03,miss,37.414886,-50.578148,49.416366,-9.809026e+06,1.681340e+07,-1.182607e+07
4739,3.782110e+03,miss,-39.095320,-11.484384,-68.845224,7.022089e+06,1.909490e+05,2.166705e+07
4740,3.782230e+03,miss,-11.391800,29.355569,73.542352,-2.087508e+06,-6.399506e+06,-2.176034e+07
4741,3.782787e+03,miss,-73.529811,28.857945,12.672247,1.832342e+07,-1.307968e+07,-3.474825e+06
4742,3.783033e+03,miss,30.648965,58.537602,-45.099780,-6.712055e+06,-1.886613e+07,1.086055e+07
4743,3.783103e+03,miss,9.480849,-23.654396,75.832599,-7.444413e+06,3.733929e+06,-2.120335e+07
4744,3.783611e+03,miss,0.638004,-5.781187,-79.788288,-4.434840e+06,-1.993486e+06,2.225694e+07
4745,3.784303e+03,miss,-0.712583,-79.709972,6.768502,2.012435e+06,2.255308e+07,-2.533134e+06
4746,3.784473e+03,miss,-65.609946,-24.742150,-38.511829,1.914776e+07,1.732398e+06,1.222675e+07
4747,3.785009e+03,hit,9.457863,-79.204065,-6.104501,-8.242071e+06,2.116379e+07,1.834916e+06
4748,3.785711e+03,miss,67.989295,37.065867,20.089233,-2.086318e+07,-6.139999e+06,-6.806581e+06
4749,3.785726e+03,miss,-60.842233,-4.731169,-51.728509,1.669478e+07,-4.336912e+06,1.489224e+07
4750,3.785913e+03,miss,1.128870,-0.073979,79.992001,-5.449453e+06,2.008373e+06,-2.203631e+07
4751,3.786198e+03,miss,-54.483361,-25.082530,52.937983,1.148735e+07,1.078479e+07,-1.646502e+07
4752,3.786492e+03,miss,10.997993,-78.057941,-13.638258,-3.017111e+06,2.199579e+07,5.146878e+06
4753,3.786558e+03,miss,-21.595947,36.984000,67.570695,9.928963e+06,-1.151864e+07,-1.697510e+07
4754,3.786816e+03,miss,7.578847,-70.941688,36.191684,1.280988e+06,1.894691e+07,-1.260264e+07
4755,3.787088e+03,miss,55.386317,-42.651997,38.899397,-1.213624e+07,1.396639e+07,-1.330946e+07
4756,3.787254e+03,miss,11.240665,-1.846288,79.184839,-6.132827e+06,4.926854e+06,-2.139223e+07
4757,3.787888e+03,miss,35.936296,69.150725,-18.076502,-5.237811e+06,-2.164608e+07,4.859253e+06
4758,3.787970e+03,miss,18.480112,-76.606315,-13.782524,-9.235889e+05,2.251423e+07,3.444942e+06
4759,3.788006e+03,miss,-20.576445,68.444058,35.944691,6.714009e+06,-2.012054e+07,-8.348765e+06
4760,3.788827e+03,miss,-28.353129,24.146449,70.802889,2.648809e+06,-8.581619e+06,-2.095396e+07
4761,3.789297e+03,miss,35.361447,-58.229699,41.938886,-5.634924e+06,1.912392e+07,-1.105968e+07
4762,3.789413e+03,miss,-8.058456,9.101151,79.071046,1.098170e+05,-7.508217e+06,-2.152728e+07
4763,3.791525e+03,miss,54.394240,-46.641560,-35.578527,-1.865402e+07,8.976588e+06,9.568030e+06
4764,3.791906e+03,miss,-30.349425,3.417413,-73.940744,3.713259e+06,1.532963e+06,2.245023e+07
4765,3.792277e+03,miss,7.405107,-53.307192,59.190436,1.193850e+06,1.730577e+07,-1.480835e+07
4766,3.792478e+03,miss,61.601614,50.858811,4.315377,-2.055063e+07,-9.822824e+06,-1.188845e+06
4767,3.792617e+03,miss,11.111208,-65.618687,44.392894,-3.159720e+06,2.004675e+07,-1.041117e+07
4768,3.792994e+03,miss,-15.607937,-55.527138,55.435811,4.955757e+06,1.201913e+07,-1.874250e+07
4769,3.796053e+03,miss,-56.851710,-15.068736,54.229294,1.720496e+07,-1.141034e+06,-1.494681e+07
4770,3.798083e+03,miss,-63.645798,11.084123,47.184262,1.565280e+07,-8.161152e+06,-1.447010e+07
4771,3.798284e+03,miss,-31.563140,70.448256,20.995508,4.305349e+06,-2.174246e+07,-5.454837e+06
4772,3.799323e+03,miss,-32.147639,-3.758554,73.160116,6.030874e+06,5.865722e+06,-2.122240e+07
4773,3.799383e+03,miss,-13.501065,-70.716831,-34.883391,5.173048e+06,1.832230e+07,1.259800e+07
4774,3.799521e+03,miss,4.627841,-18.416856,77.713593,-6.661083e+06,3.802552e+06,-2.150270e+07
4775,3.800128e+03,miss,57.626291,50.825971,22.269514,-1.354254e+07,-1.752971e+07,-5.530619e+06
4776,3.800190e+03,miss,38.615243,34.124192,61.191524,-5.836490e+06,-1.179513e+07,-1.865737e+07
4777,3.800797e+03,miss,-14.589068,-7.835530,-78.267257,3.540466e+06,7.544089e+06,2.125847e+07
4778,3.800886e+03,miss,-2.654854,-3.184575,-79.892492,-4.064773e+06,-1.983685e+06,2.238136e+07
4779,3.801193e+03,miss,-12.916512,68.638279,39.012182,-6.936431e+04,-2.069539e+07,-9.649914e+06
4780,3.801752e+03,miss,37.977564,-30.471963,63.475697,-1.054532e+07,1.254120e+07,-1.590648e+07
4781,3.803004e+03,miss,0.122611,-0.215611,-79.999615,-6.937728e+05,-5.443644e+06,2.217112e+07
4782,3.803392e+03,miss,-53.214871,-17.163995,-57.215162,1.379557e+07,-7.589674e+04,1.820448e+07
4783,3.803527e+03,miss,61.749992,-25.567081,43.968885,-1.867802e+07,8.142752e+06,-1.032338e+07
4784,3.803853e+03,miss,0.914612,44.840353,-66.245802,-4.987558e+06,-1.397742e+07,1.736508e+07
4785,3.804362e+03,miss,22.546304,-49.358519,-58.782657,-3.244108e+06,1.132048e+07,1.957504e+07
4786,3.804688e+03,miss,-42.907962,-22.772856,63.563384,1.335754e+07,8.715246e+05,-1.851272e+07
4787,3.805366e+03,miss,20.730602,-30.278095,71.087827,-9.240006e+06,3.973278e+06,-2.051421e+07
4788,3.805784e+03,miss,-17.757799,-28.575261,72.581782,-4.411557e+05,6.921015e+06,-2.177061e+07
4789,3.806241e+03,hit,29.622691,-74.078491,-5.905362,-8.331278e+06,2.123404e+07,1.350072e+06
4790,3.807317e+03,miss,12.391038,-42.472370,-66.652531,2.838011e+05,1.488858e+07,1.733535e+07
4791,3.807667e+03,miss,-35.199070,-56.095256,-44.881486,1.434646e+07,1.222338e+07,1.292599e+07
4792,3.808608e+03,miss,9.995086,-3.886074,79.277971,-1.569706e+06,-4.407136e+06,-2.237309e+07
4793,3.809507e+03,miss,-76.097851,-13.874826,20.410936,2.030505e+07,7.663731e+06,-7.178974e+06
4794,3.809846e+03,miss,-50.670003,28.413935,55.001810,1.704078e+07,-3.449153e+06,-1.484342e+07
4795,3.810321e+03,miss,-3.964801,43.712447,-66.884246,6.608273e+06,-1.173986e+07,1.847115e+07
4796,3.810965e+03,miss,-8.686139,2.580838,79.485158,8.518174e+05,4.671444e+06,-2.236554e+07
4797,3.810994e+03,miss,21.695309,-52.113196,-56.687991,-4.367210e+06,1.760806e+07,1.391593e+07
4798,3.811082e+03,miss,-2.040615,3.022763,-79.916824,-7.886614e+05,4.587847e+06,2.238551e+07
4799,3.811749e+03,miss,-71.945298,-8.345673,33.973870,1.989321e+07,-2.891783e+06,-1.089819e+07
4800,3.812116e+03,miss,2.157500,16.124310,78.328487,3.145127e+06,-2.762514e+05,-2.264851e+07
4801,3.812124e+03,miss,68.672539,5.734616,40.634917,-1.923340e+07,4.077693e+06,-1.167789e+07
4802,3.812159e+03,miss,-64.238429,-0.386617,47.678871,1.892997e+07,-4.250386e+06,-1.210454e+07
4803,3.812648e+03,miss,39.315368,-1.104017,69.664072,-1.482182e+07,4.287868e+05,-1.741052e+07
4804,3.813359e+03,miss,-30.645189,33.407373,65.915247,1.291740e+07,-8.577493e+06,-1.681253e+07
4805,3.813742e+03,miss,-55.072789,-9.298215,57.275921,1.459877e+07,8.001659e+06,-1.568425e+07
4806,3.813866e+03,miss,31.064564,46.700721,57.044154,-8.647093e+06,-9.166887e+06,-1.908820e+07
4807,3.813936e+03,miss,-52.007357,-28.909794,53.473906,1.584228e+07,1.036698e+07,-1.283436e+07
4808,3.813965e+03,miss,3.653030,30.160023,-74.006948,-5.498940e+06,-5.002629e+06,2.163128e+07
4809,3.814241e+03,miss,0.282259,-3.878501,79.905429,5.437576e+06,1.650640e+06,-2.215678e+07
4810,3.815187e+03,miss,-21.967063,-62.739248,-44.511065,1.124987e+07,1.503883e+07,1.306210e+07
4811,3.815194e+03,miss,-11.487978,51.810704,59.863823,-8.522048e+05,-1.217101e+07,-1.935164e+07
4812,3.815499e+03,miss,17.600777,55.744901,54.614272,-1.286721e+06,-1.813550e+07,-1.388652e+07
4813,3.816235e+03,miss,-22.896794,16.104797,-74.942460,1.110026e+07,-4.719710e+06,1.944214e+07
4814,3.817004e+03,miss,4.697722,-17.451333,77.931909,-6.600908e+06,5.760881e+06,-2.113845e+07
4815,3.817387e+03,miss,0.459822,-0.862630,79.994027,-4.175188e+05,5.766766e+06,-2.214083e+07
4816,3.817783e+03,miss,-28.895193,63.327674,-39.429349,1.304627e+07,-1.536271e+07,1.083894e+07
4817,3.818283e+03,miss,-30.535075,-23.654654,-70.057595,3.256653e+06,6.900452e+06,2.157654e+07
4818,3.819240e+03,miss,-58.572900,32.929362,43.415118,1.907857e+07,-6.857923e+06,-1.062439e+07
4819,3.820432e+03,miss,33.966853,-35.929499,-62.891367,-1.165105e+07,1.233570e+07,1.536709e+07
4820,3.821297e+03,miss,-72.454988,17.991955,28.750031,1.841967e+07,-1.030073e+07,-8.876556e+06
4821,3.821310e+03,miss,23.278262,3.018499,-76.478828,-1.087393e+07,1.440616e+06,2.009644e+07
4822,3.821761e+03,miss,-53.443135,12.026028,58.302710,1.143364e+07,-6.852381e+06,-1.861620e+07
4823,3.822158e+03,miss,2.825103,-21.427966,77.025068,4.645488e+06,4.425843e+06,-2.198027e+07
4824,3.822566e+03,miss,44.681211,64.822271,-14.200794,-1.702340e+07,-1.469393e+07,4.318480e+06
4825,3.823260e+03,miss,-1.590170,-2.452485,-79.946586,1.524149e+06,-4.798265e+06,2.234067e+07
4826,3.823303e+03,miss,-78.922314,-11.254466,-6.678723,2.274634e+07,-1.312627e+06,2.310555e+06
4827,3.824244e+03,miss,-14.557093,11.974241,-77.747724,4.312431e+05,9.257077e+05,2.288108e+07
4828,3.825378e+03,miss,-25.075529,-2.100678,-75.939482,5.475604e+06,6.002574e+06,2.141797e+07
4829,3.825413e+03,miss,-35.148962,23.912002,67.769954,7.952462e+06,-1.154143e+07,-1.811908e+07
4830,3.827265e+03,miss,-44.747661,-51.191863,42.154952,9.448610e+06,1.785108e+07,-1.081961e+07
4831,3.827649e+03,miss,-65.072306,35.347352,-30.268129,1.980255e+07,-9.104190e+06,7.072968e+06
4832,3.828241e+03,miss,41.399668,65.455877,-20.039852,-1.521823e+07,-1.639697e+07,4.967936e+06
4833,3.828649e+03,miss,-0.691069,0.253242,79.996614,4.215421e+05,-5.619173e+06,-2.221347e+07
4834,3.828901e+03,miss,50.037591,-50.030572,37.325345,-1.490343e+07,1.507064e+07,-8.717193e+06
4835,3.828926e+03,miss,-18.491789,56.714013,53.306420,3.530557e+05,-1.792838e+07,-1.427157e+07
4836,3.828950e+03,miss,23.145644,-74.113025,-19.275339,-1.663945e+06,2.229097e+07,5.057335e+06
4837,3.830083e+03,miss,-7.397628,3.460985,-79.582012,-3.532733e+06,-2.063230e+05,2.264653e+07
4838,3.831098e+03,miss,-23.896510,-6.653693,-76.057118,7.403093e+06,7.098370e+06,2.050206e+07
4839,3.831115e+03,miss,-56.193099,52.330436,-22.446850,1.183243e+07,-1.824683e+07,7.250957e+06
4840,3.831339e+03,miss,70.004220,-37.739316,8.669098,-1.908401e+07,1.227609e+07,-3.264669e+06
4841,3.832096e+03,miss,-33.414098,-8.075973,-72.237641,4.543262e+06,4.789037e+06,2.195650e+07
4842,3.832543e+03,miss,-36.673272,3.906070,-70.991645,1.411588e+07,-2.344548e+06,1.791565e+07
4843,3.832870e+03,miss,-67.746876,-38.487753,-18.139836,2.157422e+07,5.680127e+06,5.297126e+06
4844,3.833346e+03,miss,24.957673,15.104493,74.491401,-1.162853e+07,-2.533307e+06,-1.960090e+07
4845,3.834883e+03,miss,42.956051,-27.147787,61.788149,-1.485581e+07,8.815712e+06,-1.508755e+07
4846,3.835146e+03,miss,0.155386,-29.479206,74.370372,2.402219e+06,3.391561e+06,-2.255680e+07
4847,3.835845e+03,miss,-10.395701,-37.688453,69.796202,3.038302e+06,5.589963e+06,-2.203859e+07
4848,3.836371e+03,miss,-20.659909,46.665287,61.607785,7.008644e+05,-1.224283e+07,-1.938743e+07
4849,3.836591e+03,miss,-8.517237,70.338405,37.147887,6.276905e+06,-2.006100e+07,-9.188988e+06
4850,3.836957e+03,miss,-9.623527,-34.060503,71.744476,-1.557293e+06,6.288339e+06,-2.200824e+07
4851,3.837039e+03,miss,-31.614741,-55.428756,-48.251022,1.277287e+07,1.478214e+07,1.202848e+07
4852,3.837053e+03,hit,25.473429,-75.836035,-0.016067,-1.250438e+07,1.923498e+07,4.818768e+03
4853,3.838073e+03,miss,-60.688538,-21.434900,-47.512592,1.557267e+07,3.255147e+06,1.653420e+07
4854,3.838606e+03,miss,-38.383262,55.073941,43.515357,1.389476e+07,-1.155522e+07,-1.414106e+07
4855,3.838857e+03,miss,49.337874,50.082453,38.177507,-1.769005e+07,-1.039907e+07,-1.027195e+07
4856,3.838879e+03,miss,-0.022211,-2.251603,79.968305,-3.175209e+06,-3.974116e+06,-2.237675e+07
4857,3.839266e+03,miss,22.892175,-9.435147,76.071850,-9.323940e+05,1.960332e+06,-2.284590e+07
4858,3.839430e+03,miss,-4.470516,-5.546619,-79.682178,6.321843e+06,-6.517269e+05,2.205175e+07
4859,3.840023e+03,miss,9.711384,-16.018459,-77.775947,2.195434e+06,7.132000e+06,2.170406e+07
4860,3.840610e+03,miss,11.556003,14.916801,77.742831,2.395931e+06,-3.541326e+06,-2.255106e+07
4861,3.841776e+03,miss,-39.544505,-68.320604,12.981802,1.588846e+07,1.608913e+07,-3.960888e+06
4862,3.841829e+03,miss,-3.000735,10.458138,79.256690,3.496556e+06,2.071482e+06,-2.259385e+07
4863,3.843098e+03,miss,-6.615605,37.473257,-70.370369,3.240809e+06,-5.581390e+06,2.203448e+07
4864,3.843241e+03,miss,46.466955,36.004199,54.263429,-1.660316e+07,-8.118007e+06,-1.362446e+07
4865,3.843698e+03,miss,12.889756,54.222983,-57.390960,-6.116292e+06,-1.712625e+07,1.401921e+07
4866,3.843884e+03,miss,-9.827193,-57.169003,-55.092026,7.407197e+06,1.644499e+07,1.421185e+07
4867,3.844598e+03,miss,20.226963,-40.639631,65.873290,-6.843737e+06,6.567022e+06,-2.091450e+07
4868,3.845356e+03,miss,-37.131806,-5.540881,70.643666,1.329520e+07,-2.434438e+06,-1.856863e+07
4869,3.845502e+03,miss,3.224886,64.931951,46.620187,-4.154111e+06,-1.948431e+07,-1.142839e+07
4870,3.846612e+03,miss,-33.518163,49.401717,53.254137,4.712605e+06,-1.687923e+07,-1.485053e+07
4871,3.847676e+03,miss,-12.497727,1.385017,-79.005624,8.719230e+06,-8.048394e+05,2.123978e+07
4872,3.848085e+03,miss,71.925863,-6.644239,-34.387851,-1.921508e+07,7.507499e+06,1.011313e+07
4873,3.849468e+03,miss,50.557753,14.174975,60.357134,-1.039981e+07,-3.292906e+06,-2.022493e+07
4874,3.849895e+03,miss,-0.518148,12.671383,78.988401,-7.302974e+05,2.055239e+06,-2.287681e+07
4875,3.849984e+03,miss,0.585965,1.226074,-79.988458,4.904141e+06,-2.663501e+06,2.229289e+07
4876,3.850208e+03,miss,-34.124960,69.069370,21.561755,9.177040e+06,-1.944139e+07,-8.121742e+06
4877,3.850501e+03,miss,-39.707623,69.180317,6.114607,6.790092e+06,-2.185966e+07,-2.058827e+06
4878,3.850853e+03,miss,69.501484,31.242325,24.361053,-1.878340e+07,-9.621173e+06,-9.102412e+06
4879,3.851874e+03,miss,-63.631899,10.200097,-47.401893,1.963975e+07,8.903152e+05,1.191069e+07
4880,3.853006e+03,miss,17.657182,-60.111598,49.747560,-9.844171e+06,1.417492e+07,-1.518869e+07
4881,3.853045e+03,miss,19.282567,-68.277564,36.964265,-8.246319e+06,1.954055e+07,-8.871465e+06
4882,3.853433e+03,miss,28.617173,-15.250313,73.133340,-9.169204e+06,8.924435e+06,-1.910160e+07
4883,3.856064e+03,miss,51.307442,-15.182859,-59.472911,-1.633532e+07,6.948753e+06,1.462272e+07
4884,3.856068e+03,miss,-5.861762,-24.177975,-76.033317,6.993637e+06,7.237562e+06,2.067992e+07
4885,3.856539e+03,miss,56.197297,26.817861,-50.226150,-1.546006e+07,-3.129228e+06,1.673952e+07
4886,3.857208e+03,miss,-62.544759,-38.962789,31.145692,1.784751e+07,1.254482e+07,-7.294018e+06
4887,3.857336e+03,miss,-37.904446,25.439185,65.697038,7.420559e+06,-4.022430e+06,-2.139817e+07
4888,3.858697e+03,miss,23.745739,6.967394,76.076247,-2.919541e+06,-6.234505e+06,-2.195268e+07
4889,3.858819e+03,miss,-61.420431,-39.583887,-32.567570,1.797492e+07,1.218145e+07,7.605544e+06
4890,3.860439e+03,miss,24.738035,-55.103414,52.456110,-2.807758e+06,1.821474e+07,-1.378011e+07
4891,3.861569e+03,miss,8.153261,-66.481352,43.746476,-6.920255e+06,1.671428e+07,-1.422849e+07
4892,3.862128e+03,miss,-47.354707,-35.845031,53.597252,1.659116e+07,8.954437e+06,-1.320360e+07
4893,3.862902e+03,miss,-59.603206,-11.585562,52.088699,1.379595e+07,3.409286e+06,-1.810907e+07
4894,3.862923e+03,miss,40.855287,-54.937492,-41.384991,-1.168075e+07,1.725619e+07,9.781444e+06
4895,3.863162e+03,miss,-27.453333,1.470285,75.127577,2.299425e+06,1.257622e+05,-2.290464e+07
4896,3.863344e+03,miss,-2.820550,65.660196,45.615602,5.797046e+06,-1.876441e+07,-1.201006e+07
4897,3.863365e+03,miss,-12.041726,-20.540436,-76.374651,3.586532e+06,1.609043e+05,2.273905e+07
4898,3.863910e+03,miss,26.565829,1.880897,75.436854,-1.192038e+07,-1.857640e+06,-1.960821e+07
4899,3.864884e+03,hit,-54.398142,-57.682087,-10.659224,1.242918e+07,1.900650e+07,3.798676e+06
4900,3.865095e+03,miss,30.620463,73.137026,10.647193,-1.372594e+07,-1.824410e+07,-2.990302e+06
4901,3.866011e+03,miss,-50.636626,-15.104663,-60.064809,1.452094e+07,-1.431035e+06,1.781602e+07
4902,3.866124e+03,miss,51.877646,-57.857002,-19.007293,-1.017289e+07,1.980051e+07,5.897800e+06
4903,3.866165e+03,miss,24.404371,19.681881,-73.600613,-6.087010e+06,-1.052870e+07,1.955587e+07
4904,3.868044e+03,miss,-2.320639,17.538610,78.019304,1.083161e+06,-9.959445e+06,-2.074202e+07
4905,3.868871e+03,miss,-59.196388,-19.198529,-50.271305,1.588025e+07,8.923850e+05,1.666523e+07
4906,3.868999e+03,miss,-67.740605,36.148648,22.460760,1.750238e+07,-1.252394e+07,-8.218506e+06
4907,3.869250e+03,miss,39.025238,46.935921,-51.711219,-7.737925e+06,-1.693180e+07,1.357200e+07
4908,3.870277e+03,miss,5.484027,-49.707325,62.442833,-3.615701e+06,1.670478e+07,-1.545246e+07
4909,3.870833e+03,miss,30.679119,20.414551,-71.007308,-1.115835e+07,-8.996937e+06,1.804229e+07
4910,3.870980e+03,miss,36.706358,-20.499399,-68.061868,-5.404288e+06,5.547732e+06,2.170286e+07
4911,3.871340e+03,miss,8.847623,-10.876587,-78.761789,-2.559088e+06,-2.635235e+06,2.274981e+07
4912,3.873246e+03,miss,-11.220799,23.218912,-75.729623,-2.520618e+06,-6.090547e+06,2.208756e+07
4913,3.874581e+03,miss,-52.521152,-11.695453,-59.200886,1.195077e+07,8.125082e+06,1.796257e+07
4914,3.876808e+03,miss,2.691760,31.704944,73.399938,-8.243712e+05,-3.629251e+06,-2.275843e+07
4915,3.879312e+03,miss,8.496018,-65.443953,-45.220645,9.511773e+05,2.013594e+07,1.121517e+07
4916,3.879383e+03,miss,-67.134581,15.194229,-40.768658,1.696876e+07,-5.368056e+06,1.467637e+07
4917,3.879533e+03,miss,33.261081,-46.049070,56.331019,-1.332088e+07,1.241517e+07,-1.416294e+07
4918,3.879947e+03,miss,-9.535840,-8.489141,78.974694,-1.562130e+06,6.075405e+06,-2.220084e+07
4919,3.880809e+03,miss,-67.814066,-21.888855,36.361112,1.962602e+07,8.489675e+06,-8.665492e+06
4920,3.881005e+03,miss,35.431025,-69.888024,16.134019,-7.460644e+06,2.100592e+07,-5.955110e+06
4921,3.881177e+03,miss,-3.672896,70.367792,37.879859,-4.398933e+06,-1.922981e+07,-1.196915e+07
4922,3.881388e+03,miss,-56.324000,-56.246855,-7.993643,1.623554e+07,1.629187e+07,1.845981e+06
4923,3.882614e+03,miss,49.950507,-60.884238,14.073253,-9.915985e+06,2.048972e+07,-3.799777e+06
4924,3.882928e+03,miss,24.948362,61.561601,-44.584173,-6.329767e+06,-1.947102e+07,1.065130e+07
4925,3.883625e+03,miss,-76.733902,-18.443819,-13.104723,2.184919e+07,6.782492e+06,3.056690e+06
4926,3.883725e+03,miss,65.690086,35.801333,-28.338616,-2.097359e+07,-4.889863e+06,8.303237e+06
4927,3.883883e+03,miss,44.818802,-62.808253,21.128140,-1.715768e+07,1.416715e+07,-6.137899e+06
4928,3.884157e+03,miss,14.997202,-29.433881,-72.861036,-8.224232e+06,4.217024e+06,2.115146e+07
4929,3.884397e+03,miss,-3.526811,-48.328109,63.654973,6.589796e+06,1.256926e+07,-1.820513e+07
4930,3.887049e+03,miss,-21.712573,-39.592574,-66.037809,8.169799e+06,1.400202e+07,1.644384e+07
4931,3.887835e+03,hit,-39.587328,-68.860439,-9.543764,7.886047e+06,2.157685e+07,2.357954e+06
4932,3.888190e+03,miss,39.521064,-51.374494,-46.890797,-1.214323e+07,1.615572e+07,1.117557e+07
4933,3.888258e+03,miss,-7.434179,-67.919633,41.613176,-2.994216e+06,2.003118e+07,-1.109751e+07
4934,3.888640e+03,miss,-67.730074,27.432136,-32.559407,2.119888e+07,-3.068414e+06,8.637879e+06
4935,3.889217e+03,miss,0.815571,3.208667,-79.931466,-4.185395e+06,3.103309e+06,2.250225e+07
4936,3.889378e+03,miss,-61.421815,4.145900,-51.089844,1.745369e+07,-6.392556e+06,1.371224e+07
4937,3.889473e+03,miss,2.855935,-78.891607,12.959861,4.025494e+06,2.249536e+07,-3.359901e+06
4938,3.889528e+03,miss,1.036883,-0.412154,79.992218,-1.563736e+06,5.559947e+06,-2.236479e+07
4939,3.889906e+03,miss,32.536435,-21.329658,69.902976,-1.235784e+07,8.295740e+06,-1.766518e+07
4940,3.890422e+03,miss,15.431348,43.851050,-65.107288,-9.548208e+06,-1.159003e+07,1.755471e+07
4941,3.890451e+03,miss,-8.734570,-59.013492,-53.302111,3.309141e+06,1.890581e+07,1.285647e+07
4942,3.892275e+03,miss,-77.987532,-8.341598,15.759524,2.134631e+07,7.731166e+06,-4.299222e+06
4943,3.892429e+03,miss,-35.811366,38.551841,-60.260282,6.992311e+06,-8.549066e+06,2.029683e+07
4944,3.893882e+03,miss,-5.515976,4.508994,-79.682137,4.087608e+06,3.758790e+06,2.243440e+07
4945,3.893921e+03,miss,-73.541564,14.232934,28.090247,2.152972e+07,1.689959e+06,-8.231644e+06
4946,3.893942e+03,miss,17.544769,76.795178,13.952840,-1.038098e+07,-2.027550e+07,-3.909870e+06
4947,3.894569e+03,miss,-13.922299,-57.252675,54.113776,5.574323e+06,1.275351e+07,-1.845287e+07
4948,3.895743e+03,miss,-45.065934,11.974427,-65.005189,1.598448e+07,-4.437881e+05,1.669414e+07
4949,3.896992e+03,miss,-5.785960,79.520771,6.555124,-1.647668e+06,-2.300726e+07,-1.586564e+06
4950,3.897457e+03,miss,57.666889,-1.247431,55.434410,-1.849828e+07,-2.209660e+06,-1.369529e+07
4951,3.898170e+03,miss,-7.850786,-41.053776,68.212555,2.041280e+06,6.810288e+06,-2.200411e+07
4952,3.898385e+03,miss,-8.171157,-45.238501,-65.472973,6.992397e+06,9.664359e+06,1.981070e+07
4953,3.898868e+03,miss,-40.349516,-47.093252,50.538522,1.541953e+07,9.233677e+06,-1.455338e+07
4954,3.898936e+03,miss,26.007814,-61.932721,-43.450336,-1.211651e+07,1.447682e+07,1.335832e+07
4955,3.899714e+03,miss,-30.284334,71.282185,20.042685,1.022197e+07,-2.020827e+07,-4.698597e+06
4956,3.900717e+03,miss,5.334588,10.429892,79.137599,-6.951011e+06,-3.415631e+06,-2.179665e+07
4957,3.900870e+03,miss,-60.247624,49.615707,-17.564324,1.953391e+07,-1.162769e+07,4.280348e+06
4958,3.901254e+03,miss,-43.737446,21.358047,63.489130,1.173491e+07,-1.087813e+07,-1.670656e+07
4959,3.901648e+03,miss,-9.652397,-31.772730,72.782724,8.040450e+06,7.105446e+06,-2.049557e+07
4960,3.902182e+03,miss,-2.660035,-10.446739,-79.270359,-6.331333e+05,-2.596942e+06,2.298115e+07
4961,3.902984e+03,miss,-54.840171,31.620664,48.915123,1.331686e+07,-1.364992e+07,-1.310454e+07
4962,3.903818e+03,miss,29.722586,-33.918717,-66.076384,-7.928283e+06,4.680152e+06,2.123066e+07
4963,3.904038e+03,miss,-4.487993,25.767256,-75.603614,3.659836e+06,-1.137240e+07,1.981935e+07
4964,3.906330e+03,miss,0.645253,-0.699828,-79.994337,-4.360527e+06,3.920716e+06,2.239332e+07
4965,3.906421e+03,hit,78.504723,15.393910,0.189825,-2.308956e+07,-1.652134e+06,-4.536415e+04
4966,3.906722e+03,miss,-13.257287,-77.245134,-16.044737,8.002740e+06,2.134336e+07,4.039554e+06
4967,3.906976e+03,miss,-31.400271,-4.521253,-73.441005,1.228235e+07,-2.340735e+06,1.948334e+07
4968,3.907091e+03,miss,4.678815,-52.805650,59.913872,-6.937208e+06,1.402671e+07,-1.706101e+07
4969,3.907521e+03,miss,64.670920,-5.505845,46.769197,-1.629945e+07,-9.557600e+05,-1.641417e+07
4970,3.907628e+03,miss,-77.510399,17.752678,-8.773852,2.243653e+07,-4.609650e+06,3.373191e+06
4971,3.907922e+03,miss,13.063915,72.554136,-31.068174,-3.653081e+06,-1.970721e+07,1.159078e+07
4972,3.909249e+03,miss,55.877494,57.213766,-2.071386,-1.967438e+07,-1.219519e+07,6.658995e+05
4973,3.909647e+03,miss,8.880760,-48.780030,62.782488,2.130539e+06,1.152756e+07,-1.997193e+07
4974,3.909981e+03,miss,-7.589064,37.730562,-70.134234,-2.650427e+06,-8.000156e+06,2.157129e+07
4975,3.911201e+03,miss,-71.867413,1.901705,-35.092142,2.050393e+07,4.887940e+06,9.602711e+06
4976,3.911710e+03,miss,-58.332901,50.945964,20.044486,1.401560e+07,-1.695833e+07,-7.250048e+06
4977,3.912567e+03,miss,-24.821709,66.498976,36.902153,1.173244e+07,-1.748538e+07,-9.659910e+06
4978,3.912972e+03,miss,-0.007366,1.376012,79.988165,-4.631408e+06,-3.542119e+06,-2.242235e+07
4979,3.913568e+03,miss,-29.223929,13.255002,-73.282105,2.848032e+06,-4.092401e+06,2.262699e+07
4980,3.913740e+03,miss,-72.265889,-5.055021,-33.942422,2.172343e+07,1.037812e+06,7.992440e+06
4981,3.913812e+03,miss,-49.780891,-53.124237,-33.161398,1.806500e+07,1.089460e+07,9.583152e+06
4982,3.914289e+03,miss,1.491413,1.244969,-79.976407,2.386090e+06,-5.213247e+06,2.245145e+07
4983,3.914354e+03,miss,24.121296,-16.983030,74.362220,-1.133315e+07,5.733042e+06,-1.938143e+07
4984,3.914601e+03,miss,17.898194,25.772929,73.589475,-9.223196e+06,-3.405419e+06,-2.098374e+07
4985,3.915735e+03,miss,1.413570,-42.141233,67.986163,-4.101298e+05,1.563359e+07,-1.710438e+07
4986,3.915922e+03,miss,-2.723417,0.394383,79.952658,-4.586250e+06,-1.944513e+06,-2.263511e+07
4987,3.916568e+03,miss,-36.400577,-51.071464,49.665920,1.194847e+07,1.587120e+07,-1.194113e+07
4988,3.916640e+03,miss,-20.668392,-0.319054,77.283347,2.015481e+05,2.104994e+05,-2.317706e+07
4989,3.917429e+03,miss,16.339343,-61.993524,47.852156,-8.835257e+06,1.766191e+07,-1.213939e+07
4990,3.917724e+03,miss,-31.271465,-66.383452,31.864287,8.035977e+06,2.039587e+07,-7.539315e+06
4991,3.919447e+03,miss,14.699797,69.199580,37.354171,-9.387340e+06,-1.765331e+07,-1.174244e+07
4992,3.919676e+03,miss,-10.219024,62.067814,49.428311,7.367186e+06,-1.794368e+07,-1.270538e+07
4993,3.921030e+03,miss,-32.855632,-65.138853,32.824339,6.348596e+06,2.076889e+07,-8.137074e+06
4994,3.921430e+03,miss,18.665214,4.843399,-77.641170,1.502493e+05,2.581926e+05,2.319114e+07
4995,3.922657e+03,miss,-47.129501,27.959360,58.284512,1.128486e+07,-1.275918e+07,-1.574617e+07
4996,3.923020e+03,miss,-24.692844,8.244079,-75.645876,1.536615e+06,-1.399436e+06,2.310448e+07
4997,3.923343e+03,miss,-7.777395,3.238594,-79.555161,4.025567e+06,-6.104433e+06,2.201616e+07
4998,3.923362e+03,miss,39.770402,-7.964584,-68.955642,-6.504236e+06,4.240448e+06,2.186085e+07
4999,3.924360e+03,miss,-76.298381,-9.538604,22.081036,2.196570e+07,-3.012653e+06,-6.837547e+06
5000,3.924705e+03,miss,70.144268,35.828786,14.002850,-2.216855e+07,-5.787061e+06,-3.665074e+06
5001,3.925643e+03,miss,25.191437,30.955262,69.333710,-8.543564e+06,-3.418780e+06,-2.130295e+07
5002,3.925757e+03,miss,53.715298,33.503090,48.910221,-1.421624e+07,-6.480023e+06,-1.715867e+07
5003,3.926028e+03,miss,-36.213645,-70.693225,-9.541482,1.412723e+07,1.809743e+07,3.384297e+06
5004,3.926240e+03,miss,-29.880397,-1.337709,74.198197,8.897660e+06,-5.205064e+06,-2.079224e+07
5005,3.926272e+03,miss,-71.929841,34.135381,7.802160,2.116375e+07,-9.036889e+06,-3.002169e+06
5006,3.926657e+03,miss,-64.091343,-44.897195,16.629539,1.533444e+07,1.686134e+07,-4.380133e+06
5007,3.926882e+03,miss,-22.008024,58.196275,50.287577,1.067824e+07,-1.605040e+07,-1.292386e+07
5008,3.927626e+03,miss,48.807424,-54.022699,-33.156950,-1.625503e+07,1.453247e+07,7.959253e+06
5009,3.927688e+03,miss,-76.060985,-2.507655,-24.666540,2.097339e+07,4.811428e+06,8.703088e+06
5010,3.928040e+03,miss,-26.237281,53.173268,-53.704828,3.220845e+06,-1.796637e+07,1.434088e+07
5011,3.928299e+03,miss,-15.686882,71.832404,-31.528202,6.433502e+06,-2.100510e+07,7.500425e+06
5012,3.929272e+03,miss,65.890811,29.278782,34.657669,-1.874736e+07,-5.475950e+06,-1.255168e+07
5013,3.930574e+03,miss,28.307550,-34.442459,66.425896,-4.618343e+06,6.670383e+06,-2.175660e+07
5014,3.930808e+03,miss,-42.521419,34.746245,58.177551,1.524301e+07,-5.086035e+06,-1.676268e+07
5015,3.931624e+03,miss,25.856505,-29.872304,-69.563544,-2.700169e+06,1.178434e+07,1.982814e+07
5016,3.932459e+03,miss,14.831359,58.504498,52.509566,-8.003895e+06,-1.735285e+07,-1.320028e+07
5017,3.932686e+03,miss,38.505547,68.234529,16.167000,-1.584540e+07,-1.630016e+07,-4.763437e+06
5018,3.933152e+03,miss,-0.531890,0.400970,-79.997227,5.773411e+06,-2.085642e+05,2.249779e+07
5019,3.933218e+03,miss,-70.054475,-1.430287,38.604725,1.901355e+07,-4.938098e+06,-1.239497e+07
5020,3.933379e+03,miss,-27.483467,-73.460157,15.756408,2.844243e+06,2.244382e+07,-5.267135e+06
5021,3.934451e+03,miss,-45.466788,37.893254,53.822602,1.632195e+07,-9.651045e+06,-1.342221e+07
5022,3.934715e+03,miss,11.823234,-60.732225,50.712996,1.432772e+06,1.886195e+07,-1.348758e+07
5023,3.936035e+03,miss,72.139006,32.530852,11.734885,-2.121563e+07,-9.074509e+06,-2.733497e+06
5024,3.936844e+03,miss,-46.448964,-28.494066,58.571170,1.534728e+07,2.744381e+06,-1.723259e+07
5025,3.937556e+03,miss,25.732449,-38.794142,65.060400,-1.217774e+07,9.034101e+06,-1.761301e+07
5026,3.937703e+03,miss,-3.255645,0.001443,-79.933727,-1.437324e+06,-5.144927e+06,2.261890e+07
5027,3.937931e+03,miss,53.559969,56.449451,-18.568503,-1.886079e+07,-1.212447e+07,6.119612e+06
5028,3.938035e+03,miss,32.351424,-0.047389,73.166817,-1.187705e+07,-4.226304e+06,-1.952614e+07
5029,3.938172e+03,miss,22.744980,-5.961700,76.466489,-6.842841e+06,-4.000873e+06,-2.184910e+07
5030,3.938387e+03,miss,-9.885094,74.519040,-27.371473,1.365965e+06,-2.227942e+07,6.481189e+06
5031,3.938618e+03,miss,59.057167,-26.057401,-47.257411,-1.375185e+07,8.661541e+06,1.661748e+07
5032,3.938870e+03,miss,-18.235683,-46.622443,62.400382,8.957972e+06,1.447164e+07,-1.583152e+07
5033,3.939562e+03,miss,-7.798893,-75.666282,-24.774807,6.351139e+06,2.147710e+07,6.229188e+06
5034,3.940797e+03,miss,16.393168,-23.286255,74.759711,-8.010284e+06,1.943829e+06,-2.174010e+07
5035,3.941040e+03,miss,53.015146,56.036267,21.197431,-1.407373e+07,-1.666895e+07,-8.042663e+06
5036,3.941069e+03,miss,63.629397,-37.680393,30.520284,-2.014250e+07,8.991753e+06,-7.351210e+06
5037,3.942408e+03,miss,39.310128,-2.465878,-69.632128,-6.313994e+06,-3.816737e+05,2.237820e+07
5038,3.943370e+03,miss,-17.491439,-71.219999,-31.965002,-2.232514e+05,2.156889e+07,8.698346e+06
5039,3.944462e+03,miss,-14.507406,-4.570054,-78.540752,6.470493e+06,-3.784963e+06,2.202009e+07
5040,3.944476e+03,miss,1.488802,-11.689651,-79.127337,4.845003e+06,5.186411e+06,2.215190e+07
5041,3.944588e+03,miss,-23.672923,-34.316408,68.278671,3.863504e+06,1.390968e+07,-1.823977e+07
5042,3.946667e+03,miss,-59.069532,-47.189401,-26.152453,1.294474e+07,1.774486e+07,7.676842e+06
5043,3.946824e+03,miss,33.438344,-33.219254,64.640222,-1.387993e+07,6.558106e+06,-1.748544e+07
5044,3.947330e+03,miss,-3.422223,-15.707006,78.368223,-2.203832e+06,8.776954e+06,-2.143780e+07
5045,3.948296e+03,miss,12.497993,3.303715,-78.948627,-5.439567e+06,4.356402e+06,2.220442e+07
5046,3.948370e+03,miss,2.432921,-19.175826,-77.629689,-1.570035e+06,1.039766e+07,2.076144e+07
5047,3.949398e+03,miss,29.792277,-45.103962,58.975019,-7.811905e+06,8.927334e+06,-2.002578e+07
5048,3.949498e+03,miss,60.120670,51.709087,-10.567658,-1.514251e+07,-1.748756e+07,2.580351e+06
5049,3.949536e+03,miss,-40.044208,-63.196070,-28.332281,1.334280e+07,1.784360e+07,6.734178e+06
5050,3.951564e+03,miss,-51.769136,25.520951,-55.395286,1.593255e+07,-1.007750e+07,1.366199e+07
5051,3.951809e+03,miss,6.357765,16.674691,-77.984188,-6.307776e+06,-1.201533e+06,2.237976e+07
5052,3.952333e+03,miss,-76.573564,-6.275655,-22.295862,2.197807e+07,-4.011949e+06,6.559432e+06
5053,3.952371e+03,miss,48.124859,61.992265,-15.522791,-1.812212e+07,-1.386366e+07,4.642229e+06
5054,3.952663e+03,miss,66.387101,-39.878114,20.062123,-2.158366e+07,6.216195e+06,-6.140641e+06
5055,3.952841e+03,miss,-35.464588,71.231880,-8.263308,8.914519e+06,-2.142383e+07,1.943630e+06
5056,3.953284e+03,miss,-5.664446,-77.279507,19.894518,-8.276851e+05,2.204841e+07,-7.447836e+06
5057,3.954951e+03,miss,74.849152,-27.622716,5.881329,-2.007703e+07,1.161361e+07,-2.133861e+06
5058,3.955095e+03,miss,7.743378,59.596680,-52.804127,2.912132e+06,-1.816802e+07,1.428211e+07
5059,3.955473e+03,miss,1.228851,-26.162276,-75.591172,5.282757e+06,6.338064e+06,2.178324e+07
5060,3.955867e+03,miss,6.120600,27.323037,74.939909,2.755016e+06,-1.069352e+07,-2.051099e+07
5061,3.957516e+03,miss,64.095031,-46.066889,-13.025695,-1.495400e+07,1.733711e+07,4.320997e+06
5062,3.957750e+03,miss,0.044138,-0.000937,79.999988,-3.103925e+06,4.730333e+06,-2.260288e+07
5063,3.958169e+03,miss,-8.458852,28.437483,-74.295070,1.978512e+06,-1.267622e+07,1.945140e+07
5064,3.958738e+03,miss,-37.752283,-6.630702,-70.219648,5.794892e+06,3.514231e+06,2.229586e+07
5065,3.958817e+03,miss,7.243343,10.720570,-78.946839,-7.040545e+06,-5.052145e+06,2.163223e+07
5066,3.959312e+03,miss,11.940367,-19.784974,-76.589702,-5.089979e+06,1.405226e+05,2.274175e+07
5067,3.959377e+03,miss,-64.894354,-35.970265,-29.914258,1.824473e+07,1.260134e+07,7.173553e+06
5068,3.959957e+03,miss,11.899030,-35.715656,70.588986,2.111464e+06,8.822312e+06,-2.146886e+07
5069,3.960123e+03,hit,58.050295,-54.468618,-7.958198,-2.034180e+07,1.113470e+07,2.335741e+06
5070,3.961127e+03,miss,65.260935,-29.616981,-35.550595,-1.769808e+07,1.227114e+07,8.919691e+06
5071,3.962047e+03,miss,-39.386704,44.644962,-53.437018,8.147601e+06,-1.662093e+07,1.417220e+07
5072,3.962409e+03,miss,-57.994979,46.346145,29.809684,1.293254e+07,-1.750605e+07,-8.356273e+06
5073,3.962780e+03,miss,21.671564,68.494740,35.196789,-6.138554e+06,-2.088549e+07,-8.348947e+06
5074,3.963033e+03,miss,5.468703,-0.175404,79.812671,-3.295302e+05,-5.494422e+06,-2.265674e+07
5075,3.963514e+03,miss,-15.318685,-7.965634,-78.114573,-4.580244e+05,5.418266e+06,2.267430e+07
5076,3.963838e+03,miss,75.673057,-22.599691,-12.760969,-2.260220e+07,4.875357e+06,3.017815e+06
5077,3.964030e+03,miss,-68.548145,-18.112406,-37.055263,1.839270e+07,1.027699e+07,9.992703e+06
5078,3.964041e+03,miss,-35.450415,-66.779838,26.148065,1.488878e+07,1.594852e+07,-8.229973e+06
5079,3.964853e+03,miss,3.200797,31.455304,73.486861,-3.409621e+06,-1.277457e+07,-1.921092e+07
5080,3.966034e+03,miss,-64.102553,5.646138,-47.528769,1.950191e+07,2.992534e+06,1.244014e+07
5081,3.967270e+03,hit,-26.604104,-74.246276,13.405673,2.893761e+06,2.287633e+07,-3.536407e+06
5082,3.967429e+03,miss,28.526690,72.297842,18.953892,-1.248801e+07,-1.908952e+07,-4.885488e+06
5083,3.967613e+03,miss,10.723905,-64.432586,-46.189173,-5.576009e+06,1.964017e+07,1.128828e+07
5084,3.968021e+03,miss,23.266228,-31.325780,-69.838229,-4.545934e+06,4.353410e+06,2.246534e+07
5085,3.971178e+03,miss,-12.244190,-31.094334,72.685777,2.285922e+06,1.330295e+07,-1.904071e+07
5086,3.971740e+03,hit,66.053468,44.621900,6.769447,-1.705072e+07,-1.574288e+07,-2.500818e+06
5087,3.972115e+03,miss,20.259341,-13.800935,-76.151778,-1.503220e+06,7.778469e+06,2.195693e+07
5088,3.974085e+03,miss,-12.119909,7.741908,78.696700,5.476298e+06,3.134600e+06,-2.247945e+07
5089,3.974518e+03,miss,0.800334,3.189450,-79.932389,4.225606e+06,2.658380e+06,2.280960e+07
5090,3.975296e+03,miss,6.342537,-27.837078,-74.731983,-4.339823e+06,1.184823e+07,1.964924e+07
5091,3.975383e+03,miss,-19.073519,-68.536278,36.592068,1.029432e+07,1.860037e+07,-9.662939e+06
5092,3.975962e+03,miss,-42.873414,-46.503351,48.982740,1.637358e+07,1.023087e+07,-1.313902e+07
5093,3.976544e+03,miss,12.688580,-12.584102,77.978460,1.734589e+06,5.713575e+06,-2.257930e+07
5094,3.978106e+03,miss,28.624653,-38.574143,63.973938,-1.229351e+07,6.967044e+06,-1.860168e+07
5095,3.979180e+03,miss,-22.667514,26.599615,-71.962798,9.210708e+05,-7.126505e+06,2.223072e+07
5096,3.979959e+03,miss,31.912799,-22.257242,69.901276,-1.005492e+07,1.068763e+07,-1.818296e+07
5097,3.980292e+03,miss,-19.304837,-17.441663,-75.651250,-2.081454e+05,5.129264e+06,2.279561e+07
5098,3.982712e+03,miss,38.879720,17.915554,67.582544,-8.018281e+06,-9.984219e+06,-1.955370e+07
5099,3.982988e+03,miss,49.837801,54.449600,30.845334,-1.210039e+07,-1.847454e+07,-7.657301e+06
5100,3.983621e+03,miss,-4.529696,-2.613307,-79.828895,2.280002e+06,6.256185e+06,2.240784e+07
5101,3.984171e+03,miss,-11.492238,38.280041,-69.300555,2.948877e+06,-5.957772e+06,2.241281e+07
5102,3.984243e+03,miss,29.665235,71.154818,21.376755,-1.331247e+07,-1.833475e+07,-5.757601e+06
5103,3.984254e+03,miss,-54.282322,-5.134144,58.541183,1.190148e+07,3.825805e+06,-1.975485e+07
5104,3.985137e+03,miss,8.097448,-77.014859,-20.078419,3.365940e+06,2.223650e+07,6.392649e+06
5105,3.986384e+03,miss,0.675207,-1.251283,-79.987364,-5.836892e+06,7.386159e+05,2.263213e+07
5106,3.986419e+03,hit,-49.670333,62.252523,7.581650,1.794016e+07,-1.476451e+07,-2.644411e+06
5107,3.986467e+03,miss,13.383084,34.740533,-70.809522,-5.450080e+06,-1.365011e+07,1.818821e+07
5108,3.986840e+03,miss,-28.158158,-5.565170,74.673603,2.852689e+06,-2.299640e+05,-2.320992e+07
5109,3.987027e+03,miss,-1.326996,54.074289,-58.942433,4.993039e+06,-1.283720e+07,1.889953e+07
5110,3.987505e+03,miss,25.173577,49.911771,-57.228543,-7.809734e+06,-1.694974e+07,1.409598e+07
5111,3.988882e+03,miss,48.624332,62.085814,13.454591,-1.465087e+07,-1.747757e+07,-5.201703e+06
5112,3.989534e+03,miss,-2.404656,10.403536,79.284198,5.949319e+06,-4.718770e+06,-2.212689e+07
5113,3.989651e+03,miss,-49.396356,-34.267105,52.780352,1.743894e+07,8.175754e+06,-1.327843e+07
5114,3.989897e+03,miss,21.324226,28.550038,-71.625224,-2.088364e+06,-4.794195e+06,2.280273e+07
5115,3.990571e+03,miss,30.176239,65.071711,-35.426925,-1.031410e+07,-1.921457e+07,8.474804e+06
5116,3.990816e+03,miss,-23.203423,22.328884,-73.232657,2.467168e+06,-1.027667e+07,2.087437e+07
5117,3.991665e+03,miss,7.008892,78.344636,-14.594293,-5.599954e+06,-2.243192e+07,3.605883e+06
5118,3.992313e+03,miss,73.232928,2.381406,-32.113349,-2.008041e+07,-6.202555e+06,1.029305e+07
5119,3.992338e+03,miss,39.540794,-69.205171,6.868040,-1.048258e+07,2.086012e+07,-1.617432e+06
5120,3.992421e+03,miss,-6.163209,5.524937,79.570660,6.669913e+05,4.081379e+06,-2.303376e+07
5121,3.992889e+03,miss,36.596739,-69.393414,15.659910,-1.098138e+07,2.033739e+07,-3.677028e+06
5122,3.993784e+03,miss,-29.927264,-16.112750,72.420564,8.223005e+06,-1.118704e+06,-2.188548e+07
5123,3.994789e+03,miss,-6.450103,-25.294512,75.621319,7.231978e+06,5.317391e+06,-2.161955e+07
5124,3.994893e+03,miss,-19.859810,-16.116841,-75.801289,2.526091e+04,3.997487e+06,2.306545e+07
5125,3.995390e+03,miss,5.127741,14.316886,-78.541282,1.539775e+06,-8.627623e+06,2.170845e+07
5126,3.995775e+03,miss,-27.948682,-12.768602,-73.863617,6.145452e+06,-1.722718e+06,2.252515e+07
5127,3.995989e+03,miss,-29.729013,-39.249476,-63.052870,1.256849e+07,1.136898e+07,1.615318e+07
5128,3.997144e+03,miss,0.214477,5.769161,79.791420,5.486977e+06,-2.772452e+06,-2.259449e+07
5129,3.997221e+03,miss,44.936036,-23.912624,-61.716603,-1.024693e+07,1.183843e+07,1.741169e+07
5130,3.999006e+03,miss,73.096169,-5.035716,-32.118401,-2.206610e+07,1.857030e+06,7.628796e+06
5131,3.999095e+03,miss,71.860807,-33.466252,10.771930,-2.222967e+07,6.893169e+06,-2.626351e+06
5132,4.000169e+03,miss,-18.978071,34.907525,69.435564,4.401653e+06,-1.425391e+07,-1.806020e+07
5133,4.000246e+03,miss,-33.015544,-49.750224,53.243676,1.092666e+07,1.011161e+07,-1.808572e+07
5134,4.000931e+03,miss,-75.788693,-24.669589,6.890966,2.300407e+07,4.099102e+06,-1.683402e+06
5135,4.002051e+03,miss,14.475068,72.874960,-29.659950,-3.466419e+05,-2.220028e+07,7.483641e+06
5136,4.002298e+03,miss,-14.553666,-51.247186,59.681796,1.407418e+06,1.162179e+07,-2.029691e+07
5137,4.003322e+03,hit,-41.795947,68.213338,0.198349,1.584308e+07,-1.726690e+07,-5.086838e+04
5138,4.003891e+03,miss,-21.675805,15.907114,-75.346687,2.257103e+06,-8.720229e+06,2.163546e+07
5139,4.004055e+03,miss,52.488640,38.325508,-46.648667,-1.144597e+07,-1.545685e+07,1.339133e+07
5140,4.004748e+03,miss,-69.483108,-38.303182,-10.245191,1.950362e+07,1.276869e+07,2.432393e+06
5141,4.004752e+03,miss,-23.602310,-13.511831,-75.235373,2.344480e+06,4.838907e+05,2.331560e+07
5142,4.004900e+03,miss,4.375173,-2.043183,79.854137,-6.795987e+06,-1.812808e+05,-2.243100e+07
5143,4.005326e+03,miss,1.389457,3.591889,79.907245,2.090407e+06,-6.079559e+06,-2.254098e+07
5144,4.007006e+03,miss,74.746961,24.357830,14.818500,-2.298008e+07,-2.620517e+06,-3.834845e+06
5145,4.008076e+03,miss,12.413827,-78.178391,11.577394,-4.484979e+06,2.285293e+07,-2.726286e+06
5146,4.008102e+03,miss,30.600491,52.658451,51.871933,-3.415480e+06,-1.622906e+07,-1.657588e+07
5147,4.008276e+03,miss,-65.359166,-46.128538,-0.580871,2.192872e+07,8.302508e+06,1.765790e+05
5148,4.008363e+03,miss,27.744900,-10.883180,74.241342,-2.481997e+06,4.427457e+06,-2.289281e+07
5149,4.008367e+03,miss,39.243522,-43.558392,-54.429886,-6.160156e+06,1.457136e+07,1.730814e+07
5150,4.008430e+03,miss,14.773171,-42.163169,66.362795,-9.573623e+06,1.105085e+07,-1.833240e+07
5151,4.008992e+03,miss,-19.027514,-9.021349,-77.178812,2.539327e+06,7.508249e+06,2.207051e+07
5152,4.011130e+03,miss,44.547242,-58.469816,31.572517,-1.339665e+07,1.773244e+07,-7.504215e+06
5153,4.012140e+03,miss,46.660235,-61.467273,21.085463,-1.194462e+07,1.954376e+07,-5.072361e+06
5154,4.012881e+03,miss,-3.780753,64.809729,-46.748314,-4.573083e+06,-1.882333e+07,1.323753e+07
5155,4.012969e+03,miss,67.107317,-1.740191,-43.515282,-1.795758e+07,5.917884e+06,1.389169e+07
5156,4.013448e+03,miss,37.309793,1.514546,70.750869,-1.109579e+07,5.201666e+06,-2.000917e+07
5157,4.013942e+03,miss,17.401285,70.535106,-33.496181,-3.499811e+05,-2.173656e+07,8.832224e+06
5158,4.014440e+03,miss,1.466384,-2.260965,79.954598,3.973310e+06,-3.037545e+06,-2.292734e+07
5159,4.015873e+03,miss,54.989029,-8.057850,57.543703,-1.230461e+07,1.243787e+06,-1.994801e+07
5160,4.015946e+03,miss,59.930805,-35.314709,-39.511644,-1.758224e+07,6.559662e+06,1.409677e+07
5161,4.016173e+03,miss,-40.168062,-11.546665,-68.214378,9.079499e+06,8.567578e+06,1.987647e+07
5162,4.016675e+03,miss,14.330636,-19.875269,-76.155148,-1.612970e+06,6.322609e+05,2.340902e+07
5163,4.016820e+03,miss,30.281329,22.242348,70.628033,-3.274831e+06,-7.962118e+06,-2.183766e+07
5164,4.017424e+03,miss,-1.643217,35.369519,-71.737695,-4.474296e+06,-7.258246e+06,2.187201e+07
5165,4.017799e+03,miss,29.044125,70.777921,23.386422,-1.164252e+07,-1.955189e+07,-5.771740e+06
5166,4.017984e+03,miss,-10.341524,-70.888763,35.606688,8.672925e+06,1.905762e+07,-1.061840e+07
5167,4.018122e+03,miss,47.603370,-58.246290,27.226620,-1.268535e+07,1.682221e+07,-1.035747e+07
5168,4.018358e+03,miss,56.714721,-56.399676,1.586498,-1.208080e+07,2.012492e+07,-5.062496e+05
5169,4.018537e+03,miss,-37.837272,-18.363324,68.052400,5.954873e+06,4.695596e+06,-2.222003e+07
5170,4.021643e+03,miss,6.159007,-13.590742,-78.596173,3.847370e+06,5.130636e+06,2.259511e+07
5171,4.021901e+03,miss,78.765900,0.365991,-13.992819,-2.284078e+07,-4.185712e+06,3.532544e+06
5172,4.022650e+03,miss,-1.354192,-23.111629,76.576881,-4.572673e+06,3.616684e+06,-2.275551e+07
5173,4.023016e+03,miss,-5.714736,-17.122125,77.936991,-3.964096e+06,6.116400e+06,-2.233224e+07
5174,4.023686e+03,miss,-71.936500,-5.714503,34.532368,2.126704e+07,-3.543399e+06,-9.332874e+06
5175,4.024931e+03,miss,41.150575,-2.956044,68.541170,-1.387764e+07,-3.874824e+06,-1.856106e+07
5176,4.026018e+03,miss,1.251654,-1.081187,-79.982901,-5.889400e+06,-9.886978e+05,2.272889e+07
5177,4.026713e+03,miss,3.149717,-54.310374,-58.655456,-5.800547e+06,1.651810e+07,1.568013e+07
5178,4.027601e+03,miss,65.444590,24.582714,-38.893391,-1.870130e+07,-1.045119e+07,9.670374e+06
5179,4.028289e+03,miss,56.419967,16.396121,54.295069,-1.690535e+07,1.081698e+06,-1.629772e+07
5180,4.029204e+03,miss,-55.540908,53.615961,-20.988955,1.201101e+07,-1.933881e+07,5.869265e+06
5181,4.029858e+03,miss,-52.398470,43.197543,42.289155,1.837403e+07,-7.599605e+06,-1.254722e+07
5182,4.031027e+03,miss,26.680432,-34.239853,67.199606,-3.578557e+06,1.362166e+07,-1.883073e+07
5183,4.031435e+03,miss,-15.116159,48.917398,61.470236,5.560785e+06,-1.690582e+07,-1.537137e+07
5184,4.031461e+03,miss,-36.170113,-5.679023,71.129963,1.316339e+07,5.318510e+06,-1.874701e+07
5185,4.033027e+03,miss,44.154080,-21.052909,-63.302387,-8.218837e+06,5.848740e+06,2.124781e+07
5186,4.033602e+03,miss,23.806486,70.573475,-29.199929,-1.161549e+07,-1.893135e+07,7.745311e+06
5187,4.034599e+03,miss,47.254864,-62.075828,-17.707891,-1.582217e+07,1.687810e+07,4.269766e+06
5188,4.035657e+03,miss,53.886173,-7.957380,-58.591471,-1.633409e+07,-3.313359e+06,1.660742e+07
5189,4.035799e+03,miss,5.422864,-52.152171,-60.421383,4.121246e+05,1.135081e+07,2.060573e+07
5190,4.036250e+03,miss,48.702890,-54.295117,-32.864400,-1.372102e+07,1.740804e+07,7.896980e+06
5191,4.036545e+03,miss,52.294868,-26.288211,54.536014,-1.644625e+07,1.003221e+07,-1.351239e+07
5192,4.036746e+03,miss,-12.140413,-12.123539,78.138532,-2.311767e+06,3.930575e+06,-2.308556e+07
5193,4.037125e+03,miss,-5.225101,6.704667,-79.547129,2.197310e+06,-7.412730e+06,2.222638e+07
5194,4.037569e+03,miss,-43.458800,-33.777883,58.055037,1.011267e+07,6.849894e+06,-2.011622e+07
5195,4.037748e+03,miss,69.842435,-27.495804,-27.676976,-1.902416e+07,1.193092e+07,7.043339e+06
5196,4.037762e+03,miss,-16.726401,9.014374,77.710801,1.000703e+07,-2.198172e+06,-2.118734e+07
5197,4.038718e+03,miss,0.484712,5.175514,79.830941,-3.893404e+06,-5.665727e+06,-2.251107e+07
5198,4.039429e+03,hit,12.813847,-78.512659,8.459770,-6.897173e+06,2.241047e+07,-2.074688e+06
5199,4.039687e+03,miss,71.616326,12.344758,33.447104,-1.904340e+07,-9.162181e+06,-1.037031e+07
5200,4.041160e+03,miss,1.929323,0.085353,79.976687,-5.285321e+06,-3.163285e+06,-2.272446e+07
5201,4.041925e+03,miss,37.752503,-43.463330,55.548965,-7.245103e+06,1.138214e+07,-1.929773e+07
5202,4.042676e+03,miss,-61.685505,-47.606443,-18.125263,1.862767e+07,1.375345e+07,4.289835e+06
5203,4.042943e+03,miss,36.337561,10.113330,-70.549998,-1.292700e+07,-6.666649e+06,1.852121e+07
5204,4.043118e+03,miss,10.592913,74.872594,26.112924,-8.619090e+06,-2.063741e+07,-7.376933e+06
5205,4.043643e+03,miss,8.372525,15.279920,-78.079606,-2.007674e+06,1.394843e+06,2.342448e+07
5206,4.043741e+03,miss,50.946645,-50.179151,-35.867704,-1.750884e+07,1.301722e+07,8.870659e+06
5207,4.044110e+03,miss,-1.849879,-26.152113,75.582041,-1.200920e+06,2.165873e+06,-2.342250e+07
5208,4.044197e+03,miss,69.071703,34.374783,-21.153583,-2.028946e+07,-8.770162e+06,8.135153e+06
5209,4.045259e+03,miss,-0.194933,9.885033,79.386700,-2.932536e+06,2.146042e+06,-2.327443e+07
5210,4.045455e+03,miss,78.826784,-2.266347,-13.461121,-2.232229e+07,6.007444e+06,4.534023e+06
5211,4.046612e+03,hit,10.705357,79.193850,3.705336,2.620939e+05,-2.351794e+07,-1.388399e+06
5212,4.046681e+03,miss,45.795409,-37.514000,-53.809668,-1.149534e+07,7.929811e+06,1.897564e+07
5213,4.047087e+03,miss,27.613712,-10.445451,-74.353046,-8.774277e+06,8.163696e+06,2.028599e+07
5214,4.047140e+03,miss,-19.477214,-3.484281,-77.514501,6.781451e+05,-2.015805e+06,2.346570e+07
5215,4.047655e+03,miss,-0.848662,-19.415067,-77.603705,-1.869372e+06,1.030023e+07,2.111028e+07
5216,4.048472e+03,miss,-22.154058,30.249782,70.669289,5.505100e+06,-1.327062e+07,-1.867966e+07
5217,4.048702e+03,miss,53.199979,-41.660091,-42.827550,-1.882604e+07,7.964188e+06,1.172727e+07
5218,4.049575e+03,miss,-30.933400,53.270629,-51.042774,3.713776e+06,-1.617379e+07,1.673657e+07
5219,4.050574e+03,miss,20.530516,51.551283,57.627799,-1.035225e+07,-1.124527e+07,-1.794459e+07
5220,4.051050e+03,miss,-28.888520,68.053642,-30.563954,4.885441e+06,-2.171793e+07,7.756471e+06
5221,4.051159e+03,miss,-7.966914,15.899199,-77.998357,7.240185e+06,-6.557966e+06,2.145429e+07
5222,4.051397e+03,miss,-17.630746,-19.971030,75.434175,1.016063e+07,3.799208e+06,-2.093022e+07
5223,4.051695e+03,miss,10.273802,-3.049127,-79.278949,-7.537183e+06,-2.265939e+06,2.222259e+07
5224,4.051970e+03,miss,-0.176384,-1.961568,79.975753,-5.031995e+06,-2.096213e+06,-2.293709e+07
5225,4.052308e+03,miss,6.660134,21.282790,76.828936,-2.063741e+06,-1.111157e+07,-2.069168e+07
5226,4.053908e+03,miss,-37.671566,-69.833969,10.201466,1.184211e+07,2.024909e+07,-2.414470e+06
5227,4.054565e+03,miss,7.942540,-4.240892,79.491703,-2.770306e+06,-4.535611e+06,-2.297683e+07
5228,4.055182e+03,miss,23.304116,-20.956141,73.605423,-5.606385e+06,5.188711e+05,-2.290338e+07
5229,4.056417e+03,miss,18.513197,-19.327904,-75.390276,-8.823187e+06,9.477913e+05,2.185608e+07
5230,4.056501e+03,miss,0.401019,3.275190,-79.931923,-1.982229e+06,-6.278962e+06,2.265153e+07
5231,4.057659e+03,miss,-10.811914,0.133478,79.265911,1.261047e+06,-5.509380e+06,-2.290550e+07
5232,4.058277e+03,miss,-16.638081,-76.917356,-14.383833,8.910323e+06,2.121666e+07,5.210528e+06
5233,4.058756e+03,miss,-44.696438,5.804144,66.094934,1.072033e+07,3.516236e+06,-2.072357e+07
5234,4.059153e+03,miss,6.603993,-11.731465,78.859115,1.487564e+06,7.833787e+06,-2.220876e+07
5235,4.059329e+03,miss,-25.753454,-64.059991,-40.411349,6.442230e+06,2.045889e+07,9.836974e+06
5236,4.059355e+03,miss,-31.964507,68.477637,26.250400,1.157906e+07,-1.808235e+07,-9.787335e+06
5237,4.059880e+03,miss,16.250779,19.264448,75.926235,-4.512565e+06,-1.063932e+07,-2.057551e+07
5238,4.059906e+03,miss,-5.269044,2.768129,-79.778284,-9.350563e+05,-5.963470e+06,2.281395e+07
5239,4.060575e+03,miss,39.301423,-32.965085,61.389750,-1.166060e+07,4.342447e+06,-2.005440e+07
5240,4.060651e+03,miss,55.404680,-53.546358,21.519967,-1.863169e+07,1.347531e+07,-5.319023e+06
5241,4.061130e+03,miss,-22.727518,-76.328760,7.574982,4.700795e+06,2.305817e+07,-1.817900e+06
5242,4.061141e+03,miss,7.986180,23.172363,76.152889,-7.313679e+05,-1.148893e+07,-2.060468e+07
5243,4.061422e+03,miss,36.829600,-14.532987,-69.515271,-7.334638e+06,9.020573e+06,2.054152e+07
5244,4.061796e+03,miss,-69.020660,-11.229705,38.859263,1.876512e+07,9.174225e+05,-1.428990e+07
5245,4.063299e+03,miss,51.723065,-58.850727,-16.165289,-1.522546e+07,1.763230e+07,3.829661e+06
5246,4.063981e+03,miss,-54.654696,-30.220767,49.995694,1.222680e+07,9.930368e+06,-1.758880e+07
5247,4.064095e+03,miss,-6.991009,-49.648898,62.338693,6.554362e+06,1.556683e+07,-1.649855e+07
5248,4.064965e+03,miss,-20.630525,72.728111,-26.172567,5.844272e+06,-2.054992e+07,1.005747e+07
5249,4.064994e+03,miss,77.941330,16.737372,-6.708903,-2.353989e+07,-7.523121e+05,1.708547e+06
5250,4.065155e+03,miss,0.598974,38.666584,-70.032396,5.597048e+06,-1.076418e+07,2.025930e+07
5251,4.065411e+03,miss,3.872157,4.991452,79.750184,4.556860e+06,-2.518588e+06,-2.303390e+07
5252,4.066140e+03,miss,25.742470,-64.952366,38.968133,-8.845819e+06,1.976742e+07,-9.421748e+06
5253,4.066980e+03,hit,-5.752593,-79.454629,7.339594,-4.242515e+06,2.312882e+07,-2.223283e+06
5254,4.068210e+03,miss,-40.110408,-8.076422,-68.745375,1.445886e+07,-1.841462e+06,1.859040e+07
5255,4.068366e+03,miss,2.231569,4.028788,79.867321,-3.029914e+06,-6.258275e+06,-2.257715e+07
5256,4.069855e+03,miss,48.983207,-45.238102,44.205877,-1.656205e+07,1.290519e+07,-1.083665e+07
5257,4.070228e+03,miss,-2.080528,-79.930683,-2.599486,1.270470e+06,2.358680e+07,6.152357e+05
5258,4.070480e+03,hit,43.025819,67.335275,3.839223,-8.873394e+06,-2.187835e+07,-9.822757e+05
5259,4.070733e+03,miss,76.061718,-7.199574,-23.723011,-2.138627e+07,4.570376e+06,8.951971e+06
5260,4.071231e+03,miss,-6.672500,-58.636726,-54.011222,-2.917540e+06,1.520458e+07,1.785430e+07
5261,4.071318e+03,miss,-68.528285,-22.337966,34.711517,1.996062e+07,2.460946e+06,-1.240952e+07
5262,4.071721e+03,miss,73.260362,31.473712,6.505749,-2.311504e+07,-4.612825e+06,-1.717874e+06
5263,4.071856e+03,miss,-0.932736,1.295717,-79.984068,5.048580e+06,2.788276e+06,2.291921e+07
5264,4.073255e+03,miss,26.823393,-48.118543,58.009581,-8.797318e+06,1.650431e+07,-1.445544e+07
5265,4.073435e+03,hit,79.872224,-4.219784,1.619034,-2.355321e+07,-1.963944e+06,-3.983882e+05
5266,4.074086e+03,miss,-44.063167,-58.325971,-32.504130,1.665226e+07,1.448246e+07,8.474629e+06
5267,4.074166e+03,miss,-21.456141,-23.888984,-73.273122,2.664812e+06,2.789313e+06,2.332356e+07
5268,4.074484e+03,miss,-7.382413,13.968580,-78.424351,7.472429e+06,-5.164769e+06,2.182662e+07
5269,4.075202e+03,miss,11.938135,78.915207,5.465440,-7.857977e+06,-2.225491e+07,-1.408266e+06
5270,4.077278e+03,miss,5.153257,-76.380048,23.227832,-7.213252e+06,2.126507e+07,-7.420411e+06
5271,4.077890e+03,miss,11.223189,15.492142,-77.679042,-3.517414e+06,1.353264e+06,2.334903e+07
5272,4.078058e+03,miss,74.298982,-2.290358,29.570517,-2.256596e+07,8.395387e+04,-7.083375e+06
5273,4.078069e+03,miss,-6.596725,56.466359,56.285287,-3.952832e+06,-1.632686e+07,-1.664974e+07
5274,4.078164e+03,miss,4.598960,-6.973667,-79.562664,2.978821e+06,5.768623e+06,2.274352e+07
5275,4.078432e+03,miss,-63.618577,-29.400426,-38.578382,2.048789e+07,7.095395e+06,9.452874e+06
5276,4.078435e+03,miss,12.993223,34.800839,70.852507,-7.144463e+06,-5.424034e+06,-2.188588e+07
5277,4.078860e+03,miss,9.905085,9.296833,-78.838177,-3.038536e+06,3.154586e+06,2.324499e+07
5278,4.081260e+03,miss,52.966428,-57.393608,-17.335837,-1.310298e+07,1.858298e+07,6.544266e+06
5279,4.081600e+03,miss,1.845990,-48.225917,-63.803238,-4.187031e+05,1.727951e+07,1.615960e+07
5280,4.081747e+03,miss,-56.027883,24.615868,-51.526065,1.255588e+07,-8.965269e+06,1.794111e+07
5281,4.082070e+03,miss,-55.211116,-11.597043,-56.720731,1.876788e+07,1.328070e+06,1.435120e+07
5282,4.082653e+03,miss,13.941372,-1.830228,-78.754609,-4.268868e+06,-5.227518e+06,2.268223e+07
5283,4.083070e+03,miss,-18.565495,75.693625,18.049861,1.059559e+07,-2.028021e+07,-6.044658e+06
5284,4.083412e+03,miss,-3.610176,-3.091324,-79.858690,3.930956e+06,5.737842e+06,2.262217e+07
5285,4.083502e+03,miss,-23.772041,-14.760697,74.946727,1.406481e+06,2.947910e+06,-2.344103e+07
5286,4.084331e+03,miss,64.146231,28.890620,-38.086653,-2.055078e+07,-2.815152e+06,1.140196e+07
5287,4.084734e+03,miss,-1.016082,4.903363,-79.843125,-6.756022e+04,-7.038016e+06,2.260047e+07
5288,4.084840e+03,miss,11.720176,-6.751346,78.848315,-2.406083e+05,-2.980887e+06,-2.348170e+07
5289,4.084958e+03,miss,34.005697,0.712916,-72.409284,-1.391450e+07,-1.927793e+06,1.905309e+07
5290,4.085592e+03,miss,49.844699,40.719969,-47.512000,-9.955223e+06,-1.473175e+07,1.563030e+07
5291,4.086160e+03,miss,-73.243433,-9.366305,-30.784280,2.192360e+07,-2.692625e+06,8.521775e+06
5292,4.086593e+03,miss,40.340113,9.950775,68.364152,-8.038473e+06,-7.391573e+06,-2.100766e+07
5293,4.087275e+03,miss,55.064041,-55.193179,-17.935004,-1.154036e+07,1.993299e+07,5.492174e+06
5294,4.088796e+03,miss,4.203838,-48.103499,-63.783863,-6.931002e+06,1.266267e+07,1.877484e+07
5295,4.089159e+03,miss,8.063868,18.293329,77.461785,-4.730020e+04,2.334381e+04,-2.368383e+07
5296,4.089673e+03,miss,25.101041,63.422422,-41.803518,-6.315261e+06,-2.040826e+07,1.022826e+07
5297,4.089712e+03,miss,-29.221818,12.824242,-73.359554,1.210691e+07,-6.303216e+06,1.935703e+07
5298,4.090546e+03,miss,-14.671350,27.956401,-73.506402,9.187503e+06,-9.003244e+06,1.989090e+07
5299,4.090560e+03,miss,-57.199792,38.242599,40.812835,1.298797e+07,-1.377746e+07,-1.423421e+07
5300,4.091620e+03,miss,8.410627,51.952639,-60.251014,-1.737313e+06,-1.810896e+07,1.517600e+07
5301,4.091885e+03,miss,-0.085391,-38.852154,69.932130,-5.324172e+06,8.921310e+06,-2.129234e+07
5302,4.092376e+03,miss,24.137213,54.527124,-53.330926,-2.086364e+06,-1.831139e+07,1.488986e+07
5303,4.092953e+03,miss,-67.798247,32.020113,-27.894626,2.051295e+07,-9.802072e+06,6.677219e+06
5304,4.093543e+03,miss,77.216125,12.009791,17.129942,-2.220029e+07,-7.093036e+06,-4.285275e+06
5305,4.094182e+03,miss,6.825343,57.764136,54.924669,-7.624314e+06,-1.609756e+07,-1.563182e+07
5306,4.094450e+03,miss,-12.200537,-73.923917,28.042849,8.159132e+06,1.998960e+07,-9.772238e+06
5307,4.094819e+03,miss,-13.370039,-29.344041,73.213177,-1.668666e+06,6.931539e+06,-2.260248e+07
5308,4.095964e+03,miss,-4.194212,-4.486908,-79.763878,-4.327933e+06,-5.042683e+05,2.329967e+07
5309,4.097272e+03,miss,-4.100244,-29.446106,74.270552,5.851895e+06,1.077605e+07,-2.028968e+07
5310,4.097401e+03,miss,-65.700034,41.132578,-19.789304,2.083974e+07,-8.628262e+06,7.301738e+06
5311,4.097471e+03,miss,-32.388884,-4.774121,-72.994301,9.614328e+06,-4.421780e+06,2.121507e+07
5312,4.098534e+03,miss,10.212432,54.052635,58.086306,1.634680e+06,-1.771943e+07,-1.567042e+07
5313,4.099758e+03,miss,1.081808,-33.012768,72.862795,5.452969e+06,8.573701e+06,-2.142748e+07
5314,4.099964e+03,miss,53.213936,-38.359782,45.790874,-1.843114e+07,9.474617e+06,-1.152966e+07
5315,4.100044e+03,miss,-10.925400,-68.249762,-40.281579,7.283470e+06,1.770435e+07,1.399738e+07
5316,4.100261e+03,miss,-56.119283,-42.082932,38.466258,1.217584e+07,1.617434e+07,-1.235269e+07
5317,4.100353e+03,miss,49.558793,-59.767689,-19.280804,-1.728874e+07,1.461790e+07,7.062470e+06
5318,4.101755e+03,miss,-55.004519,12.603348,-56.706777,1.418326e+07,-9.227008e+06,1.662383e+07
5319,4.104947e+03,miss,-68.509556,36.261574,-19.787346,1.688794e+07,-1.535979e+07,6.478150e+06
5320,4.105175e+03,miss,3.795603,-5.505501,-79.720028,-6.760453e+06,1.072223e+06,2.272158e+07
5321,4.105327e+03,miss,-58.467125,-52.744631,-14.127958,1.810169e+07,1.496979e+07,3.373220e+06
5322,4.105344e+03,miss,-53.274813,-13.955874,58.026096,1.786999e+07,5.677283e+06,-1.454574e+07
5323,4.105521e+03,miss,26.748335,33.716115,67.437009,-4.480708e+06,-6.248814e+06,-2.245098e+07
5324,4.105969e+03,miss,2.670651,2.561836,79.914358,5.020037e+06,-4.192310e+05,-2.319172e+07
5325,4.106748e+03,miss,1.418458,8.128721,79.573311,-6.087430e+06,-2.962454e+06,-2.274876e+07
5326,4.107337e+03,miss,44.265883,5.227470,-66.431959,-1.586850e+07,-4.042503e+06,1.718339e+07
5327,4.108226e+03,miss,-4.923809,-11.940959,78.950425,6.585016e+06,8.643655e+05,-2.279106e+07
5328,4.108468e+03,miss,-17.746489,28.331238,-72.680142,8.127658e+06,-3.182173e+06,2.207691e+07
5329,4.109620e+03,miss,-62.296352,-48.692680,12.173225,2.100052e+07,1.061443e+07,-3.169425e+06
5330,4.110002e+03,miss,5.398535,7.544937,79.460240,-1.135399e+06,-7.756136e+06,-2.241291e+07
5331,4.110259e+03,miss,-40.501226,25.528072,-64.093433,1.319226e+07,-1.088271e+07,1.647276e+07
5332,4.110318e+03,miss,-66.637994,39.418665,-20.138187,2.191164e+07,-7.459901e+06,5.297052e+06
5333,4.110399e+03,miss,45.658692,-18.339662,63.078845,-1.127915e+07,1.065558e+07,-1.797441e+07
5334,4.110896e+03,miss,-69.052600,29.791511,-27.280108,1.861320e+07,-1.052330e+07,1.033039e+07
5335,4.111170e+03,miss,-51.688952,51.827777,-32.282096,1.052029e+07,-1.891107e+07,9.779605e+06
5336,4.111193e+03,miss,-9.238557,-75.045569,26.130665,-2.774115e+06,2.243598e+07,-7.271860e+06
5337,4.111545e+03,miss,37.282672,-43.895498,55.526458,-7.053485e+06,1.172312e+07,-1.941170e+07
5338,4.111729e+03,miss,34.152775,-62.535452,-36.371764,-1.028815e+07,1.645704e+07,1.368730e+07
5339,4.111818e+03,miss,-70.235981,37.610740,7.234586,1.801133e+07,-1.526804e+07,-2.552173e+06
5340,4.112266e+03,miss,-41.917549,9.124906,67.525219,1.211507e+07,3.234711e+06,-2.017072e+07
5341,4.112310e+03,miss,-2.859876,-22.597866,76.688706,6.473061e+06,6.902295e+06,-2.178440e+07
5342,4.112322e+03,miss,-46.456525,-53.854802,36.625833,1.655025e+07,1.435975e+07,-9.164628e+06
5343,4.113090e+03,miss,4.082754,17.055090,78.054180,4.215100e+06,-6.837750e+06,-2.235368e+07
5344,4.114191e+03,miss,-75.249518,-13.797611,23.390937,2.125875e+07,8.645896e+06,-6.137911e+06
5345,4.114757e+03,miss,-29.552559,60.833719,42.730609,1.039375e+07,-1.862842e+07,-1.045894e+07
5346,4.115033e+03,miss,-64.020608,38.991139,-27.947322,2.132865e+07,-6.064199e+06,8.531706e+06
5347,4.115191e+03,miss,0.928487,14.675387,-78.636956,-5.347704e+06,-6.589375e+06,2.219188e+07
5348,4.115942e+03,miss,-77.415445,12.799058,15.589518,2.126922e+07,-9.508672e+06,-4.669644e+06
5349,4.116148e+03,miss,44.074381,21.715963,63.133714,-1.230643e+07,-8.304137e+05,-2.030987e+07
5350,4.117479e+03,miss,5.548355,57.888020,54.938083,-3.885006e+06,-1.349855e+07,-1.917047e+07
5351,4.119324e+03,miss,-6.144153,-5.305925,79.587038,-3.906112e+06,2.849617e+06,-2.327415e+07
5352,4.122137e+03,miss,-24.988524,3.552196,75.914133,9.065192e+06,4.317638e+06,-2.155529e+07
5353,4.122873e+03,miss,-35.936635,60.345568,38.301053,8.579828e+06,-2.001846e+07,-9.549808e+06
5354,4.123462e+03,miss,-8.695611,-10.031099,-78.890832,1.029242e+06,-2.771795e+06,2.359851e+07
5355,4.123587e+03,hit,14.334463,-78.544343,5.030838,-4.328383e+06,2.335555e+07,-1.196900e+06
5356,4.123838e+03,miss,-12.438725,-16.626948,77.258156,7.127741e+06,8.489595e+06,-2.104295e+07
5357,4.124007e+03,miss,29.898748,-42.167040,61.057396,-6.373761e+06,8.912825e+06,-2.111027e+07
5358,4.124789e+03,miss,-26.591675,-56.876085,49.578159,1.198617e+07,1.287551e+07,-1.601146e+07
5359,4.124873e+03,miss,-64.407882,-13.286351,-45.553239,1.699975e+07,9.515127e+06,1.364904e+07
5360,4.125433e+03,miss,-66.873273,39.068664,-20.040082,1.804139e+07,-1.466659e+07,5.030079e+06
5361,4.125859e+03,miss,-15.786261,8.528765,-77.961876,6.077510e+06,3.165598e+06,2.278165e+07
5362,4.128432e+03,miss,22.443089,41.423358,-64.656115,-9.471359e+06,-1.418216e+07,1.659738e+07
5363,4.128611e+03,miss,-12.928845,-18.021684,-76.863931,-1.127910e+06,8.349634e+06,2.225645e+07
5364,4.130418e+03,miss,-22.170720,46.863914,60.928095,7.478975e+06,-1.653845e+07,-1.539905e+07
5365,4.131115e+03,miss,17.213468,46.600838,-62.706127,-6.406458e+06,-8.977455e+06,2.109607e+07
5366,4.134455e+03,miss,31.354522,-1.752835,-73.578676,-8.933447e+06,6.258047e+06,2.117003e+07
5367,4.134576e+03,miss,-0.235849,-32.394952,73.147191,-3.164796e+06,1.302464e+07,-1.968500e+07
5368,4.135749e+03,miss,-33.017187,-30.625628,66.120619,1.042239e+07,3.399562e+06,-2.114555e+07
5369,4.136244e+03,miss,-19.167053,77.287416,7.699312,5.460782e+06,-2.311266e+07,-1.835774e+06
5370,4.136457e+03,miss,-21.123720,-2.761147,-77.111377,9.186386e+06,5.186859e+06,2.135700e+07
5371,4.137406e+03,miss,43.211160,-54.171349,39.978251,-8.995436e+06,1.926238e+07,-1.075115e+07
5372,4.138113e+03,miss,61.456505,-22.239653,-46.135625,-1.814150e+07,1.005732e+07,1.172083e+07
5373,4.138390e+03,miss,-1.323952,-2.213687,-79.958406,-5.374991e+06,1.304884e+06,2.317513e+07
5374,4.138402e+03,miss,-15.297414,0.646083,78.521154,9.537879e+06,1.481410e+06,-2.178338e+07
5375,4.139258e+03,miss,-2.063591,-58.062480,-54.995363,2.374796e+06,1.926423e+07,1.382202e+07
5376,4.139752e+03,miss,-13.750083,55.733110,55.720334,-4.588100e+05,-1.447498e+07,-1.892434e+07
5377,4.140232e+03,miss,-22.118783,30.030273,70.773880,6.248509e+06,-3.284326e+06,-2.276185e+07
5378,4.140420e+03,miss,-23.930019,61.855315,44.735603,1.285024e+06,-1.966326e+07,-1.340384e+07
5379,4.140601e+03,miss,21.408001,63.396483,-43.847273,-8.687023e+05,-1.882358e+07,1.459112e+07
5380,4.140807e+03,miss,60.542813,51.809789,-7.093200,-1.899302e+07,-1.429578e+07,1.704989e+06
5381,4.140991e+03,miss,-11.186555,8.350069,78.772694,7.776676e+06,1.030195e+06,-2.250552e+07
5382,4.141069e+03,miss,-55.268158,-33.730499,46.986000,1.705799e+07,4.860748e+06,-1.591996e+07
5383,4.141264e+03,miss,31.316091,-3.143590,73.548761,-1.265380e+07,-2.689947e+06,-2.001798e+07
5384,4.141417e+03,miss,8.494618,10.159285,78.896327,-3.183304e+06,2.887505e+06,-2.344405e+07
5385,4.142083e+03,miss,20.645644,-50.380354,-58.613798,-9.968866e+05,1.364591e+07,1.951875e+07
5386,4.142265e+03,miss,-68.346825,-21.573323,-35.542977,1.819423e+07,1.165450e+07,1.006747e+07
5387,4.145270e+03,miss,-3.599611,-7.784843,79.538915,5.919823e+06,5.054452e+06,-2.253956e+07
5388,4.145607e+03,miss,-39.465722,57.566787,-39.096315,1.059222e+07,-1.906365e+07,9.646329e+06
5389,4.146552e+03,miss,-2.968663,8.414103,79.500880,1.744723e+06,3.367853e+06,-2.354597e+07
5390,4.146644e+03,miss,27.204879,-44.894447,60.368727,-6.918125e+06,1.671112e+07,-1.554638e+07
5391,4.147851e+03,miss,-48.671939,19.202551,60.516976,1.685231e+07,-8.548003e+05,-1.685961e+07
5392,4.147995e+03,miss,-50.613866,52.491096,32.907772,1.292391e+07,-1.825564e+07,-8.288645e+06
5393,4.148107e+03,hit,-79.792330,2.681484,5.098399,2.367249e+07,2.188803e+06,-1.958244e+06
5394,4.148133e+03,miss,-21.753669,-17.275171,75.022306,1.125373e+07,2.879304e+06,-2.083457e+07
5395,4.148760e+03,hit,45.072828,66.092155,0.516939,-8.149837e+06,-2.242005e+07,-1.532616e+05
5396,4.150045e+03,miss,-48.325244,50.905857,38.383129,9.353939e+06,-1.818469e+07,-1.229225e+07
5397,4.150082e+03,miss,18.477954,4.481197,77.707684,-7.846400e+05,2.333138e+06,-2.373235e+07
5398,4.150914e+03,miss,32.558651,-31.599939,65.889135,-7.053527e+06,1.384517e+07,-1.810957e+07
5399,4.151073e+03,miss,48.234569,0.118458,-63.823289,-1.642851e+07,3.785525e+06,1.688766e+07
5400,4.151458e+03,miss,-26.409638,73.438809,17.586143,5.522508e+06,-2.281204e+07,-4.311004e+06
5401,4.152074e+03,miss,4.801539,7.175005,79.532789,1.782817e+06,2.868371e+06,-2.362521e+07
5402,4.152809e+03,miss,-16.608878,-35.554725,-69.713749,5.358145e+06,1.443425e+07,1.823734e+07
5403,4.152970e+03,miss,25.525549,-1.021349,-75.811630,-1.217150e+07,-9.641703e+05,2.050865e+07
5404,4.153916e+03,miss,-3.814981,79.902797,-0.994494,-2.700124e+06,-2.371614e+07,2.517238e+05
5405,4.154096e+03,miss,-4.933531,78.209456,-16.091650,4.821542e+06,-2.303058e+07,4.022352e+06
5406,4.155038e+03,miss,60.019918,50.672227,-15.163602,-1.366783e+07,-1.908034e+07,4.369695e+06
5407,4.155186e+03,miss,26.084925,-59.801590,-46.296291,-2.138144e+06,1.953029e+07,1.356391e+07
5408,4.156092e+03,miss,-66.190231,8.829774,44.055516,2.121067e+07,-9.309031e+05,-1.092468e+07
5409,4.156240e+03,miss,-7.065488,20.195064,-77.085915,6.677011e+06,-8.454744e+06,2.130876e+07
5410,4.156269e+03,miss,-12.793268,-22.564139,75.678213,2.561839e+06,1.157557e+07,-2.072620e+07
5411,4.156444e+03,miss,60.924919,35.403364,37.878174,-1.791783e+07,-7.293948e+06,-1.399664e+07
5412,4.157138e+03,miss,-2.540046,3.788707,-79.869856,2.926293e+06,-6.359644e+06,2.283075e+07
5413,4.157151e+03,miss,-56.862628,-16.655239,53.751693,1.764199e+07,8.348193e+06,-1.375939e+07
5414,4.157439e+03,hit,70.350033,38.090205,0.095317,-2.222609e+07,-8.734549e+06,-3.675638e+04
5415,4.157889e+03,miss,-66.342022,15.276028,-42.016414,1.757586e+07,-1.011532e+07,1.261443e+07
5416,4.158296e+03,miss,36.647355,19.262203,68.453918,-6.272944e+06,-9.507176e+06,-2.099224e+07
5417,4.158363e+03,miss,-52.950171,-21.423425,-56.011751,1.388404e+07,2.062263e+06,1.932355e+07
5418,4.158444e+03,miss,-63.077608,-22.662428,-43.676421,1.933479e+07,9.124981e+05,1.399156e+07
5419,4.159059e+03,miss,-3.774156,-4.790034,-79.767232,1.561882e+06,7.054701e+06,2.276635e+07
5420,4.159372e+03,miss,4.528754,74.998207,-27.472884,-6.603054e+06,-2.096712e+07,9.345454e+06
5421,4.159658e+03,miss,64.669038,27.336628,38.348719,-1.770559e+07,-1.244314e+07,-1.011323e+07
5422,4.160102e+03,miss,20.048855,-50.900063,-58.371457,-3.436903e+06,1.812348e+07,1.517845e+07
5423,4.160382e+03,miss,72.220615,6.270930,33.835753,-1.980336e+07,-4.217721e+06,-1.267809e+07
5424,4.160611e+03,miss,26.933014,-26.307454,70.587043,-1.228042e+07,4.172805e+06,-2.006257e+07
5425,4.160748e+03,miss,72.114339,26.845940,21.881902,-1.993256e+07,-1.016849e+07,-8.369066e+06
5426,4.160834e+03,miss,56.444079,-42.343875,-37.696979,-1.297202e+07,1.491607e+07,1.341626e+07
5427,4.161570e+03,miss,25.946992,63.061157,41.833528,-3.229052e+06,-2.082593e+07,-1.125669e+07
5428,4.161944e+03,miss,-4.262702,-42.224813,67.815150,-7.873932e+05,7.776073e+06,-2.257927e+07
5429,4.162539e+03,miss,-70.269145,17.001032,34.252186,2.218643e+07,-2.319859e+06,-8.565798e+06
5430,4.162724e+03,miss,-29.570981,-8.177763,73.882889,1.310212e+07,4.273108e+05,-1.997923e+07
5431,4.163146e+03,miss,-10.389748,-64.600672,46.030494,6.071686e+06,1.629175e+07,-1.639479e+07
5432,4.163172e+03,miss,-1.757236,4.298694,79.865095,4.990780e+06,2.464602e+06,-2.323998e+07
5433,4.163719e+03,miss,63.543036,-36.094662,32.549316,-2.133050e+07,5.996970e+06,-8.955459e+06
5434,4.163797e+03,miss,25.456537,-2.226069,75.809032,-1.166080e+07,3.262796e+06,-2.060448e+07
5435,4.164353e+03,miss,-15.621864,-72.064374,-31.027139,4.792431e+06,2.013986e+07,1.194402e+07
5436,4.165252e+03,miss,-32.845431,43.239577,58.749610,5.674226e+06,-1.643012e+07,-1.640788e+07
5437,4.166366e+03,miss,-42.733296,63.786541,22.475377,1.655458e+07,-1.539067e+07,-7.783978e+06
5438,4.166422e+03,miss,27.151142,15.068478,73.727583,-5.797380e+06,-9.677374e+06,-2.107756e+07
5439,4.166540e+03,miss,-30.091661,73.887255,-5.930053,5.649314e+06,-2.312051e+07,2.251272e+06
5440,4.166726e+03,miss,10.040885,13.441180,78.220939,-5.536402e+06,1.368272e+06,-2.321729e+07
5441,4.166876e+03,miss,22.387490,-54.208162,54.408414,-1.023919e+07,1.195281e+07,-1.799657e+07
5442,4.166948e+03,miss,66.827289,34.732001,-26.977797,-2.200506e+07,-5.976675e+06,7.187044e+06
5443,4.167710e+03,miss,-14.171591,-25.605699,74.454780,3.103163e+06,1.234568e+07,-2.023996e+07
5444,4.167936e+03,miss,-16.376023,77.910257,-7.862420,1.484305e+06,-2.378344e+07,1.969131e+06
5445,4.168662e+03,miss,-76.824093,11.081400,19.371663,2.329761e+07,1.558722e+06,-5.159839e+06
5446,4.169568e+03,hit,-69.911911,-38.722743,-3.588014,1.859286e+07,1.501385e+07,9.200173e+05
5447,4.169668e+03,miss,-36.849791,-55.484295,44.312367,1.551177e+07,1.315602e+07,-1.258071e+07
5448,4.170442e+03,miss,-18.483451,5.387891,77.648778,6.473100e+06,4.160383e+06,-2.264656e+07
5449,4.171384e+03,miss,-32.917987,-0.230163,-72.913326,4.176168e+06,2.880564e+05,2.355169e+07
5450,4.171439e+03,miss,-9.468526,41.623425,-67.659719,5.889597e+06,-1.491303e+07,1.775183e+07
5451,4.172225e+03,miss,12.679044,-72.328118,31.747208,-7.131717e+04,2.250407e+07,-8.116802e+06
5452,4.172655e+03,miss,65.404166,-23.957243,-39.349023,-1.650712e+07,1.235060e+07,1.213910e+07
5453,4.173065e+03,miss,-15.001200,56.262156,54.859218,1.236109e+06,-1.914163e+07,-1.430056e+07
5454,4.173657e+03,miss,-11.051478,-76.739378,19.721375,8.794728e+06,2.153936e+07,-5.588046e+06
5455,4.173788e+03,miss,-55.136980,-42.700195,39.199577,1.278809e+07,1.441600e+07,-1.418376e+07
5456,4.173884e+03,miss,-5.008215,-24.806486,75.891739,3.126296e+06,1.698126e+06,-2.366202e+07
5457,4.174036e+03,miss,-10.738855,33.560478,-71.821802,-1.683108e+06,-1.258522e+07,2.028173e+07
5458,4.174170e+03,miss,39.935772,9.641277,68.645319,-1.534798e+07,-4.153415e+06,-1.788229e+07
5459,4.174476e+03,miss,4.936394,-39.015957,69.666255,-4.055722e+06,6.656420e+06,-2.262461e+07
5460,4.174692e+03,miss,-7.324415,78.348683,14.416549,-3.667628e+06,-2.327270e+07,-4.193942e+06
5461,4.175059e+03,miss,-66.383132,42.855896,-12.516069,1.666633e+07,-1.658323e+07,4.465357e+06
5462,4.175241e+03,miss,-5.355273,38.772283,69.771277,6.934834e+06,-8.833116e+06,-2.113336e+07
5463,4.175343e+03,miss,68.205570,22.395706,-35.304852,-2.192772e+07,-2.644295e+06,9.215822e+06
5464,4.175841e+03,miss,5.086601,64.885756,46.518439,4.207364e+06,-1.818856e+07,-1.497635e+07
5465,4.176286e+03,miss,24.031121,-27.964511,70.996418,-7.699279e+06,1.257267e+07,-1.885542e+07
5466,4.176867e+03,miss,53.577092,5.592512,-59.145744,-1.237463e+07,1.224736e+06,2.045302e+07
5467,4.177267e+03,miss,-63.170644,26.419129,-41.370271,2.089311e+07,-5.054414e+06,1.053296e+07
5468,4.177315e+03,miss,45.831966,34.500643,-55.759632,-1.468992e+07,-4.765375e+06,1.828980e+07
5469,4.178666e+03,miss,-11.226820,-1.967878,-79.183874,-8.812080e+05,4.752673e+06,2.344867e+07
5470,4.178747e+03,miss,72.481737,20.563587,-26.898636,-1.913626e+07,-1.129073e+07,8.918441e+06
5471,4.178850e+03,miss,-18.323329,-22.300445,-74.611968,6.705323e+06,1.111034e+07,2.012036e+07
5472,4.178962e+03,miss,-29.294734,68.120455,30.023694,1.255107e+07,-1.886112e+07,-7.744274e+06
5473,4.180212e+03,miss,79.505296,-4.090495,7.885160,-2.341768e+07,4.596745e+06,-1.974440e+06
5474,4.181950e+03,miss,14.063515,-23.295578,75.229872,-9.189430e+06,4.059381e+06,-2.174237e+07
5475,4.182003e+03,miss,5.084351,78.619718,-13.895657,-5.133034e+05,-2.371050e+07,3.348290e+06
5476,4.182462e+03,miss,-65.131611,-25.201362,-39.022616,1.711205e+07,8.082876e+06,1.468231e+07
5477,4.182670e+03,miss,-13.841282,49.147930,-61.586524,9.246848e+06,-1.152583e+07,1.885218e+07
5478,4.183316e+03,miss,-0.933279,-29.769674,-74.248875,5.445311e+06,5.834938e+06,2.258638e+07
5479,4.183353e+03,miss,-73.000021,-25.191861,20.889399,2.086881e+07,8.456079e+06,-8.175258e+06
5480,4.184034e+03,miss,75.066243,18.748627,-20.335882,-2.172124e+07,-8.732524e+06,5.086405e+06
5481,4.184466e+03,miss,-69.528434,-34.524190,-19.335903,2.003552e+07,1.225782e+07,4.724800e+06
5482,4.184503e+03,miss,-38.676949,13.159960,-68.781604,1.228606e+07,-8.681665e+06,1.864635e+07
5483,4.184540e+03,miss,-6.486469,54.797786,-57.923470,6.741775e+06,-1.685351e+07,1.563707e+07
5484,4.184739e+03,miss,47.070660,48.609283,-42.678924,-1.784376e+07,-1.084545e+07,1.174793e+07
5485,4.185281e+03,miss,16.121066,77.271055,13.011350,-1.437818e+06,-2.369325e+07,-3.267164e+06
5486,4.185422e+03,miss,-73.554443,29.087721,-11.985344,1.931404e+07,-1.358090e+07,4.081414e+06
5487,4.185437e+03,miss,10.869588,10.856583,78.511061,9.219683e+05,-7.290279e+06,-2.280647e+07
5488,4.185611e+03,miss,60.579602,-50.279381,14.216036,-2.002501e+07,1.201182e+07,-5.373287e+06
5489,4.186272e+03,miss,42.111012,41.817804,-53.646378,-1.492920e+07,-1.302601e+07,1.347923e+07
5490,4.186795e+03,miss,-16.404215,73.573875,26.791542,1.053869e+07,-1.996788e+07,-8.033631e+06
5491,4.186973e+03,miss,-59.309843,-21.888435,49.022841,1.698257e+07,1.543353e+06,-1.683907e+07
5492,4.187352e+03,miss,-14.648075,45.893666,63.868657,-9.938118e+05,-1.190282e+07,-2.077814e+07
5493,4.188146e+03,miss,-26.982045,73.942240,-14.300851,1.071184e+07,-2.072656e+07,5.492810e+06
5494,4.188505e+03,miss,26.434864,-30.709334,-68.979234,-1.258092e+07,6.395963e+06,1.937437e+07
5495,4.188644e+03,miss,-18.166158,63.761134,-44.771738,9.649976e+06,-1.582062e+07,1.520392e+07
5496,4.189282e+03,miss,-75.100577,-8.206159,26.316578,2.085662e+07,7.689844e+06,-8.973754e+06
5497,4.190225e+03,miss,74.072776,27.401547,-12.742802,-2.270868e+07,-7.044728e+06,3.078579e+06
5498,4.190418e+03,miss,-62.981321,49.253807,-2.723185,1.474067e+07,-1.888702e+07,8.998524e+05
5499,4.190537e+03,miss,-67.430280,-27.371537,33.225838,2.125149e+07,2.442502e+06,-1.082780e+07
5500,4.190582e+03,miss,31.282292,61.836524,-39.970771,-1.425261e+07,-1.500553e+07,1.210522e+07
5501,4.191618e+03,miss,-18.063156,26.677737,-73.225820,8.765757e+06,-1.073912e+07,1.956563e+07
5502,4.191647e+03,miss,-53.737718,7.610899,58.773565,1.337825e+07,2.254480e+06,-1.977182e+07
5503,4.191910e+03,miss,21.100380,-22.455116,-73.827784,-1.131309e+07,5.218140e+06,2.048917e+07
5504,4.192608e+03,hit,70.930015,-36.894092,2.785507,-2.332672e+07,5.505304e+06,-8.200422e+05
5505,4.192972e+03,hit,-13.281951,-78.840561,2.784904,-2.020519e+06,2.388266e+07,-8.383513e+05
5506,4.194198e+03,miss,29.944657,39.917540,-62.529253,-9.693670e+06,-1.496450e+07,1.604467e+07
5507,4.194599e+03,miss,-50.923608,-47.856477,38.942827,1.863836e+07,9.349659e+06,-1.185687e+07
5508,4.197091e+03,miss,0.884155,1.498376,79.981080,-1.139045e+06,5.338216e+06,-2.336531e+07
5509,4.197136e+03,miss,62.565732,48.494988,-11.565696,-1.998581e+07,-1.297531e+07,2.819032e+06
5510,4.197173e+03,miss,-0.205441,-50.738720,-61.850951,3.273051e+06,1.740666e+07,1.618760e+07
5511,4.197203e+03,miss,-20.755973,35.607846,68.565814,1.028205e+07,-1.177884e+07,-1.820125e+07
5512,4.197442e+03,miss,50.880471,-26.262056,55.870225,-1.104024e+07,7.979027e+06,-1.975419e+07
5513,4.197578e+03,miss,-35.797096,5.780471,71.310266,1.161725e+07,-6.912368e+06,-1.982568e+07
5514,4.197817e+03,miss,8.529770,56.868652,-55.616539,-2.987241e+05,-1.931562e+07,1.423548e+07
5515,4.198217e+03,miss,23.422704,-32.603569,-69.198152,-1.129208e+07,5.671937e+06,2.040109e+07
5516,4.198579e+03,miss,29.331180,-56.773881,48.129080,-5.041719e+06,1.965827e+07,-1.280896e+07
5517,4.198809e+03,miss,31.340931,-40.467523,-61.482726,-3.921742e+06,1.463346e+07,1.861315e+07
5518,4.199529e+03,miss,20.759187,26.492023,-72.575677,-8.177086e+05,-1.046548e+07,2.158405e+07
5519,4.200195e+03,hit,46.028024,65.052640,7.040957,-8.528777e+06,-2.232218e+07,-2.266692e+06
5520,4.200621e+03,miss,19.263135,59.316636,50.104574,-1.115062e+07,-1.533468e+07,-1.472167e+07
5521,4.200838e+03,miss,59.754390,43.077679,-31.204590,-1.560690e+07,-1.634793e+07,8.088010e+06
5522,4.200987e+03,miss,-31.829830,-32.997340,-65.559420,7.477569e+06,5.258681e+06,2.219681e+07
5523,4.201737e+03,miss,-21.292448,24.119065,73.245494,3.514716e+06,-2.271318e+06,-2.364016e+07
5524,4.202391e+03,miss,-10.315511,22.986201,75.929077,-9.785753e+05,-2.565451e+06,-2.385204e+07
5525,4.202819e+03,miss,-32.191555,-32.472866,65.644625,6.598884e+06,1.408964e+07,-1.828810e+07
5526,4.203934e+03,miss,-25.915206,3.459605,-75.607098,2.614980e+06,-4.083140e+06,2.351936e+07
5527,4.204013e+03,miss,0.756063,-11.886234,-79.108443,-5.729733e+06,1.423390e+06,2.327714e+07
5528,4.204099e+03,miss,-11.518419,-43.466356,66.166471,6.152139e+06,8.150275e+06,-2.173516e+07
5529,4.204392e+03,miss,67.804024,-31.669783,-28.277892,-1.730990e+07,1.448589e+07,8.201197e+06
5530,4.204830e+03,miss,10.483097,-13.806804,-78.099148,-4.766661e+06,-1.641186e+06,2.348146e+07
5531,4.205793e+03,miss,23.319815,75.304922,-13.614512,-9.389862e+06,-2.185217e+07,3.352458e+06
5532,4.205850e+03,miss,-69.707259,28.949386,-26.510962,2.169080e+07,-8.058393e+06,6.442431e+06
5533,4.206493e+03,miss,5.380148,-78.486649,14.522394,-3.071976e+06,2.356204e+07,-3.523457e+06
5534,4.206587e+03,miss,-56.697834,-2.477197,56.384565,1.891582e+07,-2.370123e+06,-1.461536e+07
5535,4.208189e+03,miss,-12.100378,-78.061791,12.646647,-1.348642e+06,2.355827e+07,-4.521416e+06
5536,4.208618e+03,miss,-45.808548,-58.077056,-30.473473,1.084398e+07,1.996275e+07,7.823664e+06
5537,4.209982e+03,miss,-24.812612,-36.237426,-66.866907,8.872169e+06,1.402159e+07,1.738332e+07
5538,4.210170e+03,miss,-53.667174,-40.464449,43.387358,1.905851e+07,6.967198e+06,-1.287467e+07
5539,4.210441e+03,miss,69.189727,34.535701,20.495538,-1.936217e+07,-1.327427e+07,-5.144258e+06
5540,4.210586e+03,miss,22.308894,-6.402738,-76.559246,-1.022186e+07,-2.263179e+06,2.163272e+07
5541,4.211621e+03,miss,-42.370569,62.082218,-27.395859,9.800088e+06,-1.932402e+07,1.040507e+07
5542,4.212472e+03,miss,-4.242410,-31.171353,-73.555073,-2.039727e+06,1.297349e+07,2.013380e+07
5543,4.213028e+03,miss,-1.286931,79.645590,7.411054,7.283261e+05,-2.396260e+07,-1.783554e+06
5544,4.213572e+03,miss,-57.515532,-6.835812,-55.183650,1.949681e+07,1.311782e+05,1.406590e+07
5545,4.213578e+03,miss,36.283414,-35.141080,-62.037234,-8.348868e+06,6.700670e+06,2.152652e+07
5546,4.213728e+03,miss,-56.100015,-16.133745,-54.703662,1.335111e+07,9.603971e+06,1.753641e+07
5547,4.214233e+03,miss,-48.872750,-34.579398,53.063354,1.110865e+07,1.488731e+07,-1.526594e+07
5548,4.214240e+03,miss,33.259561,34.672967,63.965514,-1.420875e+07,-6.733472e+06,-1.818945e+07
5549,4.214289e+03,miss,-73.661634,18.722081,24.968929,1.987721e+07,-1.033245e+07,-8.730861e+06
5550,4.215004e+03,miss,0.861367,-0.952075,79.989697,-1.722283e+06,5.899692e+06,-2.324686e+07
5551,4.216226e+03,miss,49.518497,53.139403,-33.527933,-1.708792e+07,-1.471840e+07,8.350345e+06
5552,4.217481e+03,miss,10.933800,6.001004,-79.021769,-1.362737e+05,3.325697e+06,2.382121e+07
5553,4.217503e+03,miss,53.386164,55.751993,-21.015061,-1.629690e+07,-1.694409e+07,5.083377e+06
5554,4.218044e+03,miss,45.135803,-25.850939,-60.782302,-1.497353e+07,1.051390e+07,1.561594e+07
5555,4.218244e+03,miss,-38.507188,-34.461447,61.070493,9.803280e+06,1.460493e+07,-1.640808e+07
5556,4.219936e+03,miss,-16.869873,-36.140784,-69.348764,1.019348e+07,8.022675e+06,2.026315e+07
5557,4.219951e+03,miss,6.593312,-11.471905,-78.898185,1.102687e+06,-1.737337e+06,2.397151e+07
5558,4.221024e+03,miss,-15.852996,25.884257,74.018158,-5.189459e+05,-1.036579e+07,-2.170935e+07
5559,4.221214e+03,miss,-18.790319,-77.723853,-2.434453,6.372579e+06,2.319669e+07,5.869750e+05
5560,4.221605e+03,miss,-17.211519,66.889264,-40.368181,9.824653e+06,-1.912412e+07,1.080920e+07
5561,4.223845e+03,miss,39.045551,-2.386328,69.783597,-1.142959e+07,6.469373e+06,-2.017210e+07
5562,4.224047e+03,miss,-42.624991,13.318261,-66.375704,1.258297e+07,-9.160523e+06,1.836255e+07
5563,4.225127e+03,hit,6.551310,-79.421927,7.016966,-5.567847e+06,2.335412e+07,-1.778188e+06
5564,4.226820e+03,miss,-9.559819,-68.632640,39.977126,-1.072382e+06,2.168355e+07,-1.041555e+07
5565,4.227450e+03,miss,-63.548141,35.012151,33.701381,1.798248e+07,-9.369395e+06,-1.299005e+07
5566,4.228684e+03,miss,-2.850276,-7.205963,79.623803,2.146085e+05,7.758537e+06,-2.279966e+07
5567,4.228810e+03,miss,-26.990863,-75.160109,-4.738278,1.154283e+07,2.110437e+07,1.204887e+06
5568,4.228900e+03,miss,-62.119119,-50.233609,-4.218945,1.923464e+07,1.439706e+07,1.687779e+06
5569,4.229542e+03,miss,-38.438992,14.415332,68.663252,6.268748e+06,-6.561356e+06,-2.231221e+07
5570,4.229907e+03,miss,-0.834730,28.846802,-74.613439,2.813209e+06,-3.342457e+06,2.368855e+07
5571,4.230064e+03,miss,69.375214,-30.887628,-25.160170,-2.226632e+07,6.692413e+06,6.299000e+06
5572,4.230325e+03,miss,37.290046,21.787191,-67.340707,-1.270346e+07,-1.017265e+07,1.776035e+07
5573,4.230867e+03,miss,-51.130976,31.122596,53.075487,1.780201e+07,-9.148351e+06,-1.340750e+07
5574,4.231366e+03,miss,-14.121616,73.069595,29.349861,5.267182e+06,-2.238901e+07,-7.170942e+06
5575,4.231847e+03,miss,7.604151,14.229781,-78.356175,3.173299e+06,-6.462909e+06,2.299262e+07
5576,4.234376e+03,miss,-37.391345,-70.685340,2.338817,1.620383e+07,1.782645e+07,-7.071105e+05
5577,4.234548e+03,miss,8.443681,-2.611084,79.510292,-4.491984e+06,6.122307e+06,-2.287377e+07
5578,4.235119e+03,miss,-65.246517,2.898894,46.200524,1.688334e+07,-3.127268e+05,-1.719893e+07
5579,4.235684e+03,miss,-38.229480,54.572738,-44.275537,1.003456e+07,-1.884173e+07,1.119475e+07
5580,4.236262e+03,miss,-59.651707,-12.328827,51.862065,1.711564e+07,-2.085595e+06,-1.684667e+07
5581,4.236351e+03,miss,-2.099526,-2.579695,79.930827,-3.973690e+06,4.380174e+06,-2.336966e+07
5582,4.236523e+03,miss,0.325945,8.697026,-79.525188,3.406262e+06,-7.037235e+06,2.280385e+07
5583,4.236792e+03,miss,-43.729754,-48.623401,46.081163,1.454313e+07,1.018926e+07,-1.630503e+07
5584,4.237337e+03,miss,8.406084,23.238181,76.087612,-6.218713e+06,-2.205701e+06,-2.318868e+07
5585,4.237737e+03,miss,-16.830059,6.466301,77.941876,1.027502e+07,-1.615540e+06,-2.175135e+07
5586,4.238356e+03,miss,-4.226953,-0.027851,-79.888248,6.654441e+06,1.983551e+06,2.309061e+07
5587,4.239277e+03,miss,-0.800090,-30.197622,-74.077415,-2.491670e+06,3.879116e+06,2.366987e+07
5588,4.239931e+03,miss,18.760695,25.192225,73.575730,-8.466185e+06,-1.091101e+07,-1.977074e+07
5589,4.240398e+03,miss,-26.296572,65.080182,38.380467,4.205156e+06,-2.152171e+07,-1.004017e+07
5590,4.240500e+03,miss,-73.869611,-20.226724,-23.111906,2.268358e+07,9.216574e+05,8.142006e+06
5591,4.241376e+03,miss,3.879700,-14.837147,78.516285,-6.797969e+06,5.130052e+06,-2.256716e+07
5592,4.241579e+03,miss,-72.661950,10.153641,31.892705,2.187435e+07,2.993846e+06,-9.715137e+06
5593,4.241897e+03,miss,0.845380,-0.721927,-79.992276,-3.599221e+06,4.982524e+06,2.332591e+07
5594,4.242195e+03,miss,76.088200,2.503575,24.582878,-2.209601e+07,4.571487e+06,-8.531518e+06
5595,4.242266e+03,miss,21.209113,62.542718,45.150659,-3.924566e+06,-1.691363e+07,-1.674681e+07
5596,4.242306e+03,hit,-64.275956,47.522589,-3.194539,2.180622e+07,-1.024992e+07,1.167087e+06
5597,4.242721e+03,hit,-51.005536,-60.956709,-9.094780,1.328591e+07,1.981860e+07,3.563554e+06
5598,4.242942e+03,miss,-76.742700,21.756099,-6.101654,2.126684e+07,-1.117623e+07,2.198847e+06
5599,4.243212e+03,miss,39.092264,-53.226700,-45.152113,-1.610977e+07,1.191819e+07,1.343467e+07
5600,4.243255e+03,miss,-0.366166,-10.518622,79.304631,-1.857495e+06,8.334569e+06,-2.256433e+07
5601,4.243567e+03,miss,-41.636434,21.655567,64.787682,1.168789e+07,-1.141001e+07,-1.775703e+07
5602,4.243626e+03,miss,65.045725,26.501343,38.297943,-2.137410e+07,-5.622768e+06,-9.677171e+06
5603,4.245028e+03,miss,6.323481,-65.691269,45.218035,2.439553e+05,2.126478e+07,-1.140427e+07
5604,4.245207e+03,miss,-59.766746,49.544832,-19.319568,1.385569e+07,-1.860704e+07,6.643057e+06
5605,4.245655e+03,miss,13.124822,-2.957342,78.860593,2.028440e+06,-6.715146e+03,-2.404743e+07
5606,4.245893e+03,miss,-3.410313,-4.741173,79.786534,-5.492019e+05,6.956357e+06,-2.310268e+07
5607,4.245950e+03,miss,9.721069,76.760001,20.332316,-3.228257e+06,-2.251857e+07,-8.057685e+06
5608,4.246372e+03,miss,10.792282,-3.435139,79.194233,-8.347735e+06,-1.227424e+06,-2.261196e+07
5609,4.247248e+03,hit,-42.848599,-67.557361,0.023363,1.032617e+07,2.181702e+07,-9.098944e+03
5610,4.247549e+03,miss,32.352397,28.177523,-67.522956,-1.258896e+07,-3.174928e+06,2.034923e+07
5611,4.247576e+03,miss,7.137496,-65.100418,45.945530,-7.067171e+06,1.709027e+07,-1.551241e+07
5612,4.247886e+03,miss,-47.053404,24.665739,-59.812862,1.373908e+07,-1.179090e+07,1.596597e+07
5613,4.248237e+03,miss,17.523373,76.644163,14.785252,-6.896303e+06,-2.285044e+07,-3.611927e+06
5614,4.248581e+03,miss,18.533236,7.601585,77.451501,-1.275624e+06,1.940738e+06,-2.402918e+07
5615,4.249385e+03,miss,-78.075290,-7.435920,-15.778345,2.382907e+07,2.430520e+05,3.875801e+06
5616,4.250110e+03,miss,-14.697840,-31.857371,-71.896324,4.773191e+06,1.380214e+07,1.922816e+07
5617,4.250686e+03,miss,0.992202,-12.780530,78.966281,5.480172e+06,2.463154e+06,-2.338770e+07
5618,4.251785e+03,miss,-76.642318,4.464094,22.495044,2.249569e+07,2.110281e+06,-8.527899e+06
5619,4.253535e+03,miss,-62.294811,-50.189335,0.622247,2.182872e+07,1.034167e+07,-1.769993e+05
5620,4.257139e+03,miss,41.373904,-59.500368,-33.880766,-1.657248e+07,1.366480e+07,1.107227e+07
5621,4.257150e+03,miss,-20.619146,-3.296757,77.226823,1.120641e+07,1.392006e+05,-2.140952e+07
5622,4.259088e+03,miss,14.036876,23.169539,75.273758,-7.608457e+06,-1.967320e+06,-2.285776e+07
5623,4.261233e+03,miss,-0.134262,69.067856,40.368468,-5.954843e+06,-1.992311e+07,-1.233451e+07
5624,4.261982e+03,miss,-1.582925,0.588606,-79.982172,1.206286e+06,-5.975619e+06,2.339808e+07
5625,4.262524e+03,miss,11.430764,1.471353,79.165477,2.387696e+06,1.150987e+06,-2.403501e+07
5626,4.263188e+03,miss,53.071777,-44.838287,-39.659986,-1.755753e+07,8.904407e+06,1.404433e+07
5627,4.263359e+03,miss,27.344414,-44.607044,60.518548,-4.384703e+06,1.687835e+07,-1.675463e+07
5628,4.263761e+03,miss,-55.023648,17.766086,55.288013,1.873327e+07,-6.143715e+06,-1.400701e+07
5629,4.264715e+03,miss,-50.117602,-3.383428,-62.263780,1.061603e+07,-1.801601e+04,2.173264e+07
5630,4.265423e+03,miss,-0.419640,-9.599226,79.420896,-4.668291e+06,6.013653e+06,-2.295971e+07
5631,4.266183e+03,miss,20.577487,-4.753718,-77.161967,-3.282344e+05,1.395680e+05,2.418847e+07
5632,4.266801e+03,miss,6.970882,-21.974429,76.606340,-7.383295e+06,3.891528e+06,-2.270765e+07
5633,4.266854e+03,miss,-22.996006,16.369523,74.854675,1.166736e+07,-5.478516e+06,-2.047340e+07
5634,4.267075e+03,hit,79.721067,6.583421,-1.100049,-2.285858e+07,-7.918700e+06,3.338232e+05
5635,4.267427e+03,miss,-49.581474,9.952951,61.988839,1.760248e+07,4.819848e+05,-1.659219e+07
5636,4.268150e+03,miss,-74.196967,-29.852214,1.911920,2.369733e+07,4.838011e+06,-7.136474e+05
5637,4.268682e+03,miss,-31.752901,-69.680898,23.158708,6.865833e+06,2.245864e+07,-5.832844e+06
5638,4.269184e+03,miss,-43.615021,-66.885073,-4.910909,1.439923e+07,1.941261e+07,1.197562e+06
5639,4.269354e+03,miss,-13.328502,-14.215725,-77.590361,5.137870e+06,9.390539e+06,2.170402e+07
5640,4.270076e+03,miss,-9.192928,17.488812,77.521813,3.194656e+06,7.667524e+05,-2.397811e+07
5641,4.270383e+03,miss,42.115458,1.960605,-67.988560,-1.002542e+07,-6.018557e+06,2.119089e+07
5642,4.270414e+03,miss,-74.482715,-0.756046,-29.184818,2.257715e+07,-4.136302e+06,7.678090e+06
5643,4.271088e+03,miss,-1.358504,66.305546,44.740686,-5.594017e+06,-1.923418e+07,-1.358807e+07
5644,4.271280e+03,miss,2.438026,-24.388979,76.152700,-1.005641e+06,1.217139e+07,-2.089867e+07
5645,4.271339e+03,miss,41.795225,-15.440498,66.443587,-8.547524e+06,9.147859e+06,-2.071650e+07
5646,4.271616e+03,miss,9.438537,63.780141,-47.360401,2.223100e+05,-2.089079e+07,1.222622e+07
5647,4.272986e+03,miss,-34.024326,12.449309,71.325731,9.648013e+06,-9.195156e+06,-2.021157e+07
5648,4.273046e+03,miss,1.925347,79.131008,-11.600719,-6.521714e+06,-2.305659e+07,3.465801e+06
5649,4.273356e+03,miss,9.995864,24.569914,-75.474513,-7.511749e+06,-3.389506e+06,2.276573e+07
5650,4.273787e+03,miss,-14.029192,-2.394706,78.723867,8.750187e+06,3.702362e+06,-2.227059e+07
5651,4.275648e+03,hit,64.650354,46.438475,-7.987473,-1.864170e+07,-1.512572e+07,3.194936e+06
5652,4.275891e+03,miss,-3.657343,1.251940,79.906548,1.893303e+06,-6.151103e+06,-2.334782e+07
5653,4.276169e+03,miss,-1.369653,-69.355136,39.849581,2.660944e+06,1.885279e+07,-1.496900e+07
5654,4.276574e+03,miss,-1.835957,73.075329,-32.505777,3.642031e+06,-2.058238e+07,1.223667e+07
5655,4.276578e+03,miss,-26.469360,-56.400027,-50.183762,1.266603e+07,1.319419e+07,1.587830e+07
5656,4.277274e+03,miss,-3.451097,5.691850,79.722599,-4.888088e+06,-2.131469e+06,-2.362825e+07
5657,4.277754e+03,miss,-2.113998,-15.114150,78.530844,2.381903e+06,9.597030e+06,-2.211380e+07
5658,4.278186e+03,miss,12.856131,-33.969231,-71.279810,-7.685754e+06,1.254681e+07,1.924481e+07
5659,4.278404e+03,miss,11.617194,10.626213,78.435479,-3.333274e+04,1.765238e+06,-2.416131e+07
5660,4.278517e+03,miss,51.586154,61.146162,0.124847,-1.914776e+07,-1.484126e+07,-4.496367e+04
5661,4.278640e+03,miss,74.625064,-26.658519,10.973747,-1.988735e+07,1.343992e+07,-3.283313e+06
5662,4.279031e+03,miss,-1.178335,0.028662,-79.991316,-4.503823e+06,-3.353653e+06,2.356779e+07
5663,4.279954e+03,miss,-65.020693,-20.678599,41.769666,2.136683e+07,1.728934e+06,-1.129459e+07
5664,4.280017e+03,miss,-7.843405,-20.018239,77.056804,7.981079e+06,5.929685e+06,-2.209634e+07
5665,4.280509e+03,miss,-39.089801,-0.831720,69.794668,1.496987e+07,-2.873708e+06,-1.883665e+07
5666,4.281012e+03,miss,20.870327,-15.289088,-75.701210,-9.638470e+06,8.015609e+06,2.073870e+07
5667,4.281706e+03,miss,55.141555,30.123622,49.517435,-1.933516e+07,-7.099923e+06,-1.277035e+07
5668,4.281864e+03,miss,-61.383598,-25.363389,-44.595430,2.053061e+07,6.266513e+06,1.125102e+07
5669,4.282156e+03,miss,12.327642,-66.030655,43.450914,-9.404942e+06,1.831865e+07,-1.278181e+07
5670,4.282794e+03,miss,-74.479963,25.586890,14.072887,2.323031e+07,-4.320701e+06,-5.401153e+06
5671,4.283582e+03,miss,51.533353,8.806883,60.553715,-1.214872e+07,8.986158e+05,-2.095703e+07
5672,4.284369e+03,miss,-25.511556,22.948942,72.266912,7.102106e+06,-1.184170e+07,-1.992583e+07
5673,4.284963e+03,miss,-2.033829,8.258291,79.546616,-1.994168e+06,2.947015e+06,-2.398174e+07
5674,4.285306e+03,miss,-14.204417,52.987018,-58.228949,9.856242e+06,-1.405072e+07,1.712496e+07
5675,4.286525e+03,miss,9.664189,3.544484,79.334986,-5.525166e+06,4.164384e+06,-2.324070e+07
5676,4.288903e+03,miss,-20.744131,70.014622,32.674666,5.721312e+06,-1.984166e+07,-1.272405e+07
5677,4.289267e+03,miss,-78.391671,-12.127974,10.375848,2.399930e+07,-1.940884e+06,-2.939842e+06
5678,4.290040e+03,miss,5.999926,40.480816,-68.740850,-5.810150e+06,-1.441362e+07,1.862718e+07
5679,4.290337e+03,miss,12.210092,62.975332,-47.801895,-9.071559e+06,-1.802005e+07,1.347247e+07
5680,4.290417e+03,miss,63.877126,45.429125,15.997106,-1.608044e+07,-1.763611e+07,-4.349806e+06
5681,4.290574e+03,miss,-67.626163,42.180149,-6.894718,2.114128e+07,-1.178019e+07,1.681836e+06
5682,4.290938e+03,hit,49.987919,62.356479,3.588524,-1.055169e+07,-2.180993e+07,-1.262534e+06
5683,4.292460e+03,miss,-18.487197,-74.786626,-21.568128,1.087392e+07,2.041421e+07,7.337010e+06
5684,4.293422e+03,miss,-45.235383,26.855656,60.270506,1.686693e+07,-7.742023e+06,-1.563693e+07
5685,4.293625e+03,miss,74.400851,-25.921064,-13.878465,-2.242229e+07,7.426260e+06,5.573631e+06
5686,4.293925e+03,miss,74.614218,5.556225,-28.316901,-2.223079e+07,-6.192167e+06,7.514241e+06
5687,4.294148e+03,miss,4.304172,-8.083988,79.474041,2.209878e+06,7.029616e+06,-2.312459e+07
5688,4.294741e+03,miss,77.196227,7.626813,-19.559504,-2.371072e+07,1.341199e+06,5.012987e+06
5689,4.295515e+03,miss,28.097298,20.752312,-71.971407,-6.983823e+06,-5.901466e+05,2.324029e+07
5690,4.295560e+03,miss,16.483106,78.213126,3.318747,-1.050888e+07,-2.185261e+07,-1.125281e+06
5691,4.295609e+03,hit,-78.515091,-14.550780,-4.863677,2.275725e+07,8.352613e+06,1.260000e+06
5692,4.295962e+03,miss,-17.382983,-59.809998,-50.205538,-7.499410e+05,1.888327e+07,1.523661e+07
5693,4.296255e+03,miss,68.068448,36.878100,20.166609,-2.010619e+07,-1.266729e+07,-4.961388e+06
5694,4.297308e+03,miss,-5.557892,46.751471,64.679284,-2.920056e+06,-1.090527e+07,-2.149482e+07
5695,4.297892e+03,miss,-30.124835,66.964282,31.753414,5.606662e+06,-2.213175e+07,-8.265003e+06
5696,4.298230e+03,hit,62.010970,-50.390234,-3.932422,-1.933860e+07,1.465290e+07,9.572574e+05
5697,4.298568e+03,hit,-44.591194,66.418164,0.502964,1.546140e+07,-1.872317e+07,-1.994386e+05
5698,4.298812e+03,miss,32.770574,-61.178660,-39.790213,-8.298395e+06,2.049223e+07,1.004442e+07
5699,4.298872e+03,miss,64.562072,-0.733179,47.235593,-1.920074e+07,-5.604307e+06,-1.377015e+07
5700,4.299272e+03,miss,22.688804,76.595522,-4.283017,-1.068688e+07,-2.177860e+07,1.109736e+06
5701,4.299331e+03,miss,68.165633,40.009366,12.357070,-1.831667e+07,-1.561657e+07,-3.221632e+06
5702,4.299643e+03,miss,64.419320,-15.963513,44.668977,-1.702167e+07,1.040308e+07,-1.385056e+07
5703,4.299820e+03,miss,-20.088907,11.739783,76.541579,2.701802e+05,-1.979366e+06,-2.420398e+07
5704,4.299907e+03,miss,1.584075,-6.194754,-79.744064,-1.369767e+06,-4.071019e+06,2.390368e+07
5705,4.300332e+03,hit,17.711153,77.997495,-1.644960,-5.812649e+06,-2.357253e+07,6.653553e+05
5706,4.300686e+03,miss,-36.137092,8.627313,70.849700,1.469040e+07,1.997330e+05,-1.934153e+07
5707,4.301595e+03,miss,-6.765694,49.959850,62.114723,-3.951255e+06,-1.515875e+07,-1.856521e+07
5708,4.302254e+03,miss,-31.597099,46.835972,-56.639342,1.016626e+07,-9.498963e+06,1.991418e+07
5709,4.302849e+03,miss,69.582766,1.649946,39.440035,-1.910381e+07,1.643699e+06,-1.491917e+07
5710,4.303442e+03,miss,69.603169,29.475631,26.202787,-2.057569e+07,-1.114894e+07,-6.531652e+06
5711,4.304078e+03,miss,-15.153288,-6.230275,-78.304288,1.130602e+05,-2.235743e+06,2.419497e+07
5712,4.304868e+03,miss,52.134766,35.038152,49.540833,-1.818773e+07,-1.006761e+07,-1.258434e+07
5713,4.305373e+03,miss,-3.064893,-65.652245,45.611284,2.771616e+06,2.121854e+07,-1.151854e+07
5714,4.305745e+03,miss,13.822067,31.604514,72.181058,3.520027e+05,-1.280928e+07,-2.065030e+07
5715,4.305916e+03,miss,51.507022,58.064420,-19.379106,-1.554083e+07,-1.700471e+07,7.744808e+06
5716,4.305933e+03,miss,53.674983,-22.969674,54.693603,-1.700222e+07,1.007058e+07,-1.414814e+07
5717,4.305944e+03,miss,-75.934319,18.162302,17.438748,2.362464e+07,5.022262e+05,-5.682224e+06
5718,4.306565e+03,hit,-62.070887,49.526373,-9.713050,2.127778e+07,-1.118004e+07,3.607134e+06
5719,4.308753e+03,miss,-53.347644,17.266119,57.060582,1.363450e+07,-1.067639e+07,-1.706353e+07
5720,4.309522e+03,miss,41.206953,30.890422,61.219024,-1.250940e+07,-3.773415e+06,-2.050441e+07
5721,4.310315e+03,miss,-74.028811,-9.945428,28.650020,2.160348e+07,8.322182e+05,-1.112925e+07
5722,4.310375e+03,miss,79.925177,2.887886,-1.904253,-2.398018e+07,3.995034e+06,5.121734e+05
5723,4.311419e+03,miss,-7.244498,63.227510,48.474728,7.597813e+06,-1.676521e+07,-1.589389e+07
5724,4.311479e+03,miss,-51.690805,-32.785737,-51.508796,1.199278e+07,9.614723e+06,1.884551e+07
5725,4.311743e+03,miss,6.527525,-70.437974,-37.361522,4.049768e+06,2.075925e+07,1.200467e+07
5726,4.312759e+03,miss,13.373143,-10.922565,78.114382,-4.044548e+06,-2.768402e+06,-2.382385e+07
5727,4.314956e+03,miss,66.668564,-20.467953,-39.196498,-1.733230e+07,1.153569e+07,1.258647e+07
5728,4.315140e+03,miss,-30.168571,26.220903,-69.298785,5.959665e+06,-3.558164e+06,2.331838e+07
5729,4.316820e+03,miss,18.330467,-8.577838,77.397769,-1.104506e+06,-1.525529e+06,-2.426125e+07
5730,4.317083e+03,miss,-79.442453,4.165406,8.458489,2.382955e+07,-4.446633e+06,-2.138201e+06
5731,4.317716e+03,hit,-32.681365,-72.284144,-10.340738,4.124708e+06,2.374834e+07,3.358852e+06
5732,4.317928e+03,miss,24.047763,-35.286632,-67.650267,-8.044851e+06,1.437133e+07,1.791795e+07
5733,4.318554e+03,miss,6.233250,-3.307552,79.688184,4.081737e+06,1.241525e+05,-2.399411e+07
5734,4.319858e+03,miss,-44.918024,65.457380,-9.884458,8.757487e+06,-2.254087e+07,2.790711e+06
5735,4.319963e+03,miss,71.789808,-0.534570,35.297843,-2.013884e+07,-1.558010e+06,-1.358625e+07
5736,4.320280e+03,miss,18.713803,-12.401307,-76.785423,-3.215078e+05,6.645169e+06,2.341727e+07
5737,4.320559e+03,miss,-9.667757,51.268639,-60.647021,5.804000e+06,-1.120056e+07,2.082137e+07
5738,4.321660e+03,miss,-2.877955,10.353478,79.274983,1.151372e+06,2.931656e+06,-2.414331e+07
5739,4.322116e+03,miss,-73.775293,-9.771060,29.355281,2.093144e+07,8.801811e+06,-8.791178e+06
5740,4.322183e+03,hit,73.376741,31.491727,-4.911716,-1.940991e+07,-1.460609e+07,1.675945e+06
5741,4.322968e+03,miss,-59.223442,21.791119,-49.170428,1.449010e+07,-7.376523e+06,1.812796e+07
5742,4.323598e+03,miss,44.025215,41.468394,-52.365568,-1.021294e+07,-1.091981e+07,1.922339e+07
5743,4.323978e+03,miss,-0.690791,-2.437020,79.959888,-3.413765e+06,-3.995565e+06,-2.378065e+07
5744,4.324537e+03,miss,-0.994192,0.594007,79.991617,-4.429995e+06,3.403153e+06,-2.370670e+07
5745,4.328113e+03,miss,16.839442,35.421541,-69.726233,-1.036720e+07,-1.005726e+07,1.962338e+07
5746,4.330305e+03,miss,-10.207715,-30.236682,-73.359019,1.115776e+06,1.357351e+07,2.021188e+07
5747,4.330861e+03,miss,66.897915,30.740647,-31.299865,-1.890489e+07,-9.272509e+06,1.227628e+07
5748,4.331263e+03,miss,-29.765093,18.013848,72.038466,1.357903e+07,-4.829729e+06,-1.965758e+07
5749,4.331544e+03,miss,66.623961,44.027076,4.781682,-2.163941e+07,-1.106047e+07,-1.891318e+06
5750,4.331812e+03,miss,2.111965,3.041933,-79.914243,2.724488e+03,5.027872e+06,2.385231e+07
5751,4.331924e+03,miss,-39.081453,33.550801,-61.212611,1.267039e+07,-4.508069e+06,2.033141e+07
5752,4.332060e+03,miss,21.917969,8.561569,76.461115,-9.300924e+06,-7.019506e+06,-2.141181e+07
5753,4.332208e+03,miss,75.414161,-21.733800,-15.503106,-2.275632e+07,7.867247e+06,3.810882e+06
5754,4.332276e+03,hit,-64.718114,-45.114890,-13.274503,1.641019e+07,1.765770e+07,3.631404e+06
5755,4.333155e+03,hit,-58.757840,-54.045105,5.161663,1.674198e+07,1.767730e+07,-1.271036e+06
5756,4.333914e+03,hit,-77.581174,18.880163,-4.970001,2.434089e+07,-1.790745e+05,1.410540e+06
5757,4.336199e+03,miss,-49.582595,-61.147072,-14.233828,1.894829e+07,1.483270e+07,3.970779e+06
5758,4.338018e+03,miss,61.179863,-44.545966,25.936100,-2.072713e+07,1.102473e+07,-6.626059e+06
5759,4.338760e+03,miss,-16.590859,-36.322653,69.321052,8.924699e+06,6.341824e+06,-2.180129e+07
5760,4.338790e+03,miss,-1.845327,-6.795507,-79.689496,-5.358109e+06,1.203495e+06,2.376997e+07
5761,4.338967e+03,miss,-47.506477,9.040625,63.729128,1.235720e+07,-8.437976e+06,-1.926898e+07
5762,4.339495e+03,miss,77.345758,9.338101,-18.177833,-2.275395e+07,-7.354946e+06,4.840325e+06
5763,4.339782e+03,miss,-3.505019,-54.335172,-58.612319,4.063060e+05,1.914757e+07,1.511658e+07
5764,4.340247e+03,miss,-67.160699,39.314608,-18.541902,1.814946e+07,-1.556354e+07,4.872659e+06
5765,4.340443e+03,hit,-72.937702,32.113346,6.987463,2.361278e+07,-5.874321e+06,-1.823514e+06
5766,4.340920e+03,miss,24.559497,-58.709492,-48.477074,-1.250464e+07,1.590708e+07,1.364039e+07
5767,4.341936e+03,miss,37.371067,-16.251588,-68.842496,-8.019923e+06,9.985019e+06,2.077453e+07
5768,4.342095e+03,miss,-26.945484,-10.978710,74.521197,8.382174e+06,8.758880e+06,-2.118121e+07
5769,4.342667e+03,miss,20.303884,3.107739,-77.318137,-1.013054e+07,-4.372624e+06,2.177047e+07
5770,4.343267e+03,miss,74.916278,15.753741,23.224361,-2.107704e+07,-8.734624e+06,-8.674558e+06
5771,4.344457e+03,miss,-15.992262,-77.981236,7.948236,3.282031e+06,2.411090e+07,-1.959481e+06
5772,4.344976e+03,miss,15.965250,16.566387,76.620269,1.761586e+05,-8.324084e+06,-2.294987e+07
5773,4.345036e+03,miss,-19.009201,-38.803194,-67.327278,1.096928e+07,8.970462e+06,1.988044e+07
5774,4.345663e+03,miss,41.269932,-19.691787,65.643174,-1.553198e+07,1.281209e+06,-1.879437e+07
5775,4.345698e+03,miss,-78.256750,-8.659455,-14.173739,2.356829e+07,2.802916e+06,5.726809e+06
5776,4.346272e+03,miss,23.779658,21.887310,73.181101,-1.215914e+07,-5.924478e+06,-2.032859e+07
5777,4.347165e+03,miss,41.659217,-9.211407,67.673182,-1.267071e+07,-3.286423e+06,-2.061481e+07
5778,4.347625e+03,miss,-59.339146,40.802041,-34.843352,1.884339e+07,-8.516686e+06,1.299131e+07
5779,4.348605e+03,miss,-19.573017,-32.389267,70.482852,3.499915e+06,1.419476e+07,-1.956464e+07
5780,4.348764e+03,miss,24.317694,-71.119306,-27.398798,-1.192289e+07,1.896436e+07,9.733207e+06
5781,4.349176e+03,miss,-14.367918,16.547491,76.939869,4.442096e+06,-1.029430e+07,-2.169998e+07
5782,4.349448e+03,miss,-77.824863,18.391766,-2.243590,2.363574e+07,-6.138567e+06,5.485878e+05
5783,4.349567e+03,miss,-77.655385,17.667866,-7.582064,2.208816e+07,-1.022105e+07,2.071470e+06
5784,4.350522e+03,miss,-19.344533,-45.241305,63.079421,5.235710e+06,9.012277e+06,-2.209400e+07
5785,4.350781e+03,miss,6.571120,5.181502,-79.561124,-7.543537e+06,6.251829e+04,2.323586e+07
5786,4.351396e+03,miss,-64.503451,35.787424,-30.960702,1.661608e+07,-1.559709e+07,8.805403e+06
5787,4.351453e+03,miss,-37.714956,44.635268,-54.637670,1.567134e+07,-9.329698e+06,1.625645e+07
5788,4.353891e+03,miss,-75.263540,0.278818,27.116818,2.223006e+07,-6.073459e+06,-8.134999e+06
5789,4.354723e+03,miss,-36.738335,-24.161612,-66.831963,7.184566e+06,1.188026e+07,2.011458e+07
5790,4.355401e+03,miss,-12.814036,70.884833,-34.801450,-2.096261e+06,-2.148409e+07,1.146680e+07
5791,4.356392e+03,miss,-15.926541,3.196874,-78.333424,7.905843e+05,-5.503889e+06,2.380475e+07
5792,4.356828e+03,miss,-67.633634,-42.167237,6.900407,2.323248e+07,7.286594e+06,-2.191113e+06
5793,4.357031e+03,miss,-73.982149,7.927339,-29.390456,2.144363e+07,-1.753216e+06,1.160899e+07
5794,4.357074e+03,miss,1.989437,-1.789671,79.955233,4.919168e+05,6.334124e+06,-2.360750e+07
5795,4.357199e+03,miss,-27.905508,21.917736,71.700038,2.602991e+06,-7.970653e+06,-2.296492e+07
5796,4.357650e+03,miss,-30.661837,-52.317290,-52.180005,1.210762e+07,1.644680e+07,1.344115e+07
5797,4.358329e+03,hit,-40.133009,-69.167849,2.269399,1.085163e+07,2.189181e+07,-9.166148e+05
5798,4.358508e+03,miss,9.532898,23.493488,75.876082,-7.969728e+06,-8.655808e+06,-2.143442e+07
5799,4.360412e+03,miss,-19.789149,-26.961194,-72.673817,1.866459e+06,1.216576e+07,2.113400e+07
5800,4.361170e+03,miss,-4.980058,57.374926,-55.527623,-4.096557e+06,-1.807345e+07,1.596270e+07
5801,4.362269e+03,miss,-33.735809,53.667639,-48.802455,1.503803e+07,-1.313008e+07,1.413678e+07
5802,4.362292e+03,miss,8.204664,64.912055,46.033777,1.735985e+06,-1.790727e+07,-1.657435e+07
5803,4.363417e+03,miss,-35.921697,25.521973,66.770208,9.970717e+06,-2.144314e+06,-2.223812e+07
5804,4.364155e+03,miss,-47.621738,30.811730,-56.416374,9.598645e+06,-1.264872e+07,1.861517e+07
5805,4.365299e+03,miss,-0.422213,-0.172050,79.998701,-3.235480e+05,5.966569e+06,-2.372975e+07
5806,4.365861e+03,miss,-27.320590,-21.077239,72.175726,3.865494e+06,1.050792e+07,-2.176061e+07
5807,4.365901e+03,hit,-49.234850,63.020914,2.072199,1.642541e+07,-1.813371e+07,-5.126582e+05
5808,4.366618e+03,miss,67.249643,-8.980230,-42.389161,-1.791314e+07,4.994530e+06,1.591102e+07
5809,4.367414e+03,miss,-43.434730,28.781483,-60.704616,9.069376e+06,-7.097369e+06,2.159791e+07
5810,4.369100e+03,miss,-13.441487,-27.206646,-74.021111,-1.234486e+06,1.085670e+07,2.190742e+07
5811,4.369112e+03,miss,-30.866650,-23.702842,-69.895817,1.395837e+07,5.152546e+06,1.944078e+07
5812,4.370533e+03,miss,69.525227,-39.303469,4.634665,-1.884322e+07,1.553560e+07,-1.761162e+06
5813,4.371091e+03,miss,56.134315,4.656187,-56.808966,-1.869508e+07,-4.886028e+06,1.504064e+07
5814,4.371113e+03,miss,-66.745649,-26.438698,35.298917,2.216954e+07,4.873527e+06,-9.184967e+06
5815,4.371542e+03,miss,-62.697327,-16.121590,47.001484,1.770805e+07,1.030487e+07,-1.341256e+07
5816,4.371743e+03,miss,-70.307139,-31.617051,-21.383834,1.834227e+07,1.444707e+07,7.384630e+06
5817,4.372130e+03,miss,41.067347,-43.145910,53.403216,-1.079055e+07,1.678549e+07,-1.419697e+07
5818,4.372354e+03,miss,8.344314,-51.039832,61.035301,-1.168893e+06,1.851221e+07,-1.599079e+07
5819,4.372516e+03,miss,-53.916091,-3.998275,58.966677,1.408160e+07,6.840508e+06,-1.883379e+07
5820,4.372543e+03,miss,-1.785755,-27.073586,-75.258435,4.137535e+06,1.181979e+07,2.104692e+07
5821,4.372787e+03,miss,-48.809499,-40.184933,49.018404,1.791098e+07,1.077321e+07,-1.276588e+07
5822,4.372819e+03,miss,39.570811,-24.627052,-65.020452,-9.627231e+06,2.851187e+06,2.233885e+07
5823,4.373117e+03,miss,6.299249,-28.070290,-74.648364,-7.688849e+06,7.249277e+06,2.209542e+07
5824,4.373716e+03,miss,-19.854096,4.754592,77.351204,4.761060e+06,-7.226360e+06,-2.291445e+07
5825,4.374057e+03,miss,1.465863,0.318923,79.985933,2.432959e+06,-5.305683e+06,-2.378944e+07
5826,4.375449e+03,miss,-50.798650,39.779236,-47.298092,1.801312e+07,-1.134846e+07,1.212179e+07
5827,4.375566e+03,miss,-4.926749,-72.868523,-32.648208,-4.540583e+06,2.197436e+07,9.834866e+06
5828,4.376287e+03,hit,10.483645,79.183033,-4.487821,2.947196e+06,-2.428036e+07,1.445997e+06
5829,4.376564e+03,miss,51.949261,4.066178,60.702063,-1.742382e+07,-5.297873e+06,-1.639189e+07
5830,4.377027e+03,miss,34.401969,12.950194,-71.054887,-5.638051e+06,-1.145897e+06,2.381835e+07
5831,4.377076e+03,miss,-11.758111,22.664210,-75.816096,5.838102e+06,-1.118355e+07,2.100633e+07
5832,4.377220e+03,miss,16.209280,65.986739,42.225698,-1.056131e+07,-1.826423e+07,-1.246264e+07
5833,4.381391e+03,miss,-30.232323,66.187327,-33.245216,6.145891e+06,-2.210485e+07,8.638098e+06
5834,4.381668e+03,miss,-42.561543,-8.703472,-67.177114,1.062282e+07,8.279532e+06,2.048551e+07
5835,4.381756e+03,miss,16.002625,-0.096202,-78.383077,-2.124659e+06,5.452981e+06,2.380785e+07
5836,4.381874e+03,miss,-0.603165,10.109469,79.356379,-9.483357e+05,-8.594459e+06,-2.294156e+07
5837,4.382442e+03,miss,-22.999441,62.088433,-44.900470,5.413115e+06,-2.097514e+07,1.148473e+07
5838,4.382454e+03,miss,31.922310,-3.364616,73.277865,-4.370406e+06,-1.286307e+06,-2.409157e+07
5839,4.382500e+03,miss,0.522034,0.377276,79.997407,-4.067274e+06,-4.575838e+06,-2.374203e+07
5840,4.382788e+03,miss,-15.787243,20.445700,-75.714836,-4.909725e+05,-3.348952e+06,2.428473e+07
5841,4.384071e+03,miss,25.958851,49.519998,57.218072,-4.658358e+06,-1.836117e+07,-1.557395e+07
5842,4.384159e+03,miss,68.287195,-40.482033,9.902730,-2.252805e+07,9.350703e+06,-2.538505e+06
5843,4.384425e+03,miss,-42.371379,-21.901960,-64.225932,1.183637e+07,1.173604e+07,1.798874e+07
5844,4.385010e+03,miss,42.363515,-51.323270,44.398812,-1.638681e+07,1.080697e+07,-1.470344e+07
5845,4.385367e+03,miss,17.530824,-1.222545,78.045984,-1.059293e+07,-3.534888e+05,-2.211839e+07
5846,4.385614e+03,miss,2.821453,-74.638926,28.654322,4.510120e+06,2.273292e+07,-8.029040e+06
5847,4.385666e+03,miss,-54.777162,35.391383,46.334788,1.978034e+07,-6.560299e+06,-1.293445e+07
5848,4.386135e+03,miss,-41.717264,62.616206,27.182358,1.690636e+07,-1.611119e+07,-7.501219e+06
5849,4.387483e+03,miss,31.438046,-63.617117,-36.939297,-3.758092e+06,2.135042e+07,1.148412e+07
5850,4.387529e+03,miss,16.188133,62.711608,46.959541,-7.856843e+06,-1.578707e+07,-1.705560e+07
5851,4.388665e+03,miss,0.860603,-25.485998,-75.826930,7.820221e+05,1.856779e+06,2.445305e+07
5852,4.389081e+03,miss,-33.638440,69.046986,22.382338,1.481792e+07,-1.855040e+07,-6.195135e+06
5853,4.389193e+03,miss,-30.191117,32.972568,-66.342341,3.375675e+06,-1.052156e+07,2.190856e+07
5854,4.389784e+03,miss,-7.406935,8.974723,79.149173,3.990007e+06,-8.053291e+06,-2.283394e+07
5855,4.390173e+03,miss,-33.912826,-61.509661,-38.294670,9.043676e+06,1.730199e+07,1.486846e+07
5856,4.390370e+03,miss,26.183075,-35.067426,66.968069,-2.707461e+06,9.041746e+06,-2.265306e+07
5857,4.390986e+03,miss,41.273182,-67.498323,11.853304,-1.008057e+07,2.217377e+07,-3.005848e+06
5858,4.393119e+03,miss,-58.991141,1.848635,-54.005813,1.970462e+07,-3.626155e+06,1.418452e+07
5859,4.393350e+03,miss,-44.458670,-23.731649,-62.130794,8.528468e+06,1.014890e+07,2.066201e+07
5860,4.394263e+03,miss,-78.508732,5.264845,-14.445084,2.383934e+07,-5.336512e+05,5.846349e+06
5861,4.394635e+03,miss,33.236574,53.773053,-49.028450,-1.457123e+07,-1.450236e+07,1.342351e+07
5862,4.395240e+03,miss,18.118723,65.873079,41.622701,-4.313889e+06,-2.175046e+07,-1.054612e+07
5863,4.395407e+03,miss,-54.400485,-52.737841,-25.676981,1.726278e+07,1.420182e+07,1.016072e+07
5864,4.395928e+03,miss,20.856151,5.735081,77.020321,-1.006535e+07,-5.411118e+06,-2.173513e+07
5865,4.397385e+03,miss,-18.475255,-3.662705,77.751203,1.989072e+06,-3.818193e+06,-2.417999e+07
5866,4.398343e+03,miss,-13.694592,-14.491453,-77.475518,4.784804e+06,9.740114e+06,2.203575e+07
5867,4.398635e+03,miss,13.939626,-36.025839,-70.055876,1.507819e+06,1.268355e+07,2.098172e+07
5868,4.398992e+03,miss,-27.459633,1.377035,75.127041,7.371889e+06,-6.354130e+06,-2.255455e+07
5869,4.399080e+03,miss,48.325101,17.565657,-61.287293,-1.016442e+07,-8.799525e+06,2.055949e+07
5870,4.399541e+03,miss,-21.587201,-53.812911,55.119537,8.435312e+06,1.209261e+07,-1.964986e+07
5871,4.399940e+03,hit,23.564525,75.787250,-10.050166,-1.397599e+06,-2.434778e+07,2.964743e+06
5872,4.399951e+03,miss,8.092150,-15.313048,-78.102674,1.125578e+06,-2.909432e+05,2.453991e+07
5873,4.400792e+03,hit,8.724992,79.522715,0.110641,-3.061024e+06,-2.437832e+07,-4.528497e+04
5874,4.402375e+03,miss,44.498230,36.323659,55.682127,-1.672483e+07,-1.061266e+07,-1.454452e+07
5875,4.402896e+03,miss,69.543158,28.902526,26.988760,-2.238862e+07,-3.474080e+06,-9.520688e+06
5876,4.403205e+03,miss,-5.139795,49.780149,-62.414095,-1.726822e+06,-1.782670e+07,1.682951e+07
5877,4.403331e+03,miss,4.589179,-0.881343,-79.863400,-3.494170e+06,5.779516e+06,2.363071e+07
5878,4.403535e+03,miss,7.000931,-76.831102,-21.165271,1.280189e+06,2.313285e+07,8.202621e+06
5879,4.403551e+03,miss,-58.096539,9.464154,54.177689,1.736237e+07,-8.250053e+06,-1.531462e+07
5880,4.404256e+03,miss,-27.508079,9.942570,74.461070,1.266827e+07,3.812548e+04,-2.106331e+07
5881,4.404555e+03,miss,-29.636290,-66.905264,-32.332275,7.759482e+06,1.953360e+07,1.274439e+07
5882,4.405230e+03,miss,21.775921,75.189429,16.503305,-1.160941e+07,-2.084822e+07,-5.903934e+06
5883,4.406090e+03,miss,-0.247578,39.797562,69.398075,4.437075e+06,-1.453612e+07,-1.932394e+07
5884,4.406589e+03,miss,-77.110693,10.447208,-18.568705,2.341200e+07,-5.855599e+06,4.696809e+06
5885,4.406881e+03,miss,-0.936476,-0.387220,79.993581,-1.908567e+06,5.662479e+06,-2.384960e+07
5886,4.406955e+03,miss,76.533416,-12.721467,-19.514112,-2.166254e+07,9.560201e+06,6.622448e+06
5887,4.407186e+03,miss,61.718929,7.219612,50.385027,-2.078437e+07,3.726124e+05,-1.313098e+07
5888,4.407655e+03,miss,-23.650472,-29.408089,70.539489,9.924770e+06,3.469745e+06,-2.222781e+07
5889,4.408336e+03,hit,75.638420,24.964519,-7.456683,-2.105386e+07,-1.253487e+07,2.078734e+06
5890,4.408637e+03,miss,77.766896,15.154122,-11.075306,-2.428333e+07,-2.726269e+06,2.763665e+06
5891,4.409025e+03,miss,-11.443820,-28.435091,73.895092,-1.136717e+06,4.928324e+06,-2.406706e+07
5892,4.409921e+03,miss,13.461631,69.467790,-37.323057,-1.473231e+06,-1.993688e+07,1.432749e+07
5893,4.410156e+03,miss,-50.317437,55.985510,-27.088341,1.885488e+07,-1.266432e+07,9.437544e+06
5894,4.410757e+03,miss,10.658012,75.206782,25.106706,2.891570e+06,-2.315664e+07,-7.774981e+06
5895,4.411372e+03,miss,-6.517062,15.277057,-78.256881,-3.346953e+06,-7.265499e+06,2.326233e+07
5896,4.411897e+03,miss,-41.322262,-7.058853,68.136945,1.287927e+07,-3.898849e+06,-2.059420e+07
5897,4.412876e+03,miss,-17.023754,-17.227483,-76.245692,1.033129e+07,2.825054e+06,2.214984e+07
5898,4.414342e+03,miss,-10.264818,29.799411,-73.529781,-1.804788e+06,-5.703248e+06,2.386941e+07
5899,4.414401e+03,miss,58.587572,-23.628172,-49.083662,-1.930526e+07,8.708107e+06,1.253063e+07
5900,4.414473e+03,miss,-66.179331,21.678583,-39.374296,2.207465e+07,-2.735574e+06,1.052510e+07
5901,4.416509e+03,miss,-20.484302,5.715475,77.121506,1.115202e+07,3.782531e+05,-2.193900e+07
5902,4.416747e+03,miss,-21.994412,67.584563,-36.722917,1.754745e+06,-2.231155e+07,1.024592e+07
5903,4.417156e+03,miss,-2.389596,-31.198072,-73.627238,3.682145e+05,3.713964e+06,2.433084e+07
5904,4.417171e+03,miss,-11.344920,-28.442429,-73.907517,-2.551229e+06,9.660709e+06,2.249629e+07
5905,4.417563e+03,miss,34.641817,-25.878383,67.307160,-8.976822e+06,2.571333e+06,-2.277674e+07
5906,4.417743e+03,miss,-52.822827,-43.881899,-41.038128,1.584879e+07,1.567094e+07,1.045166e+07
5907,4.418110e+03,miss,53.583489,9.283739,-58.673861,-1.831494e+07,-5.628901e+06,1.545731e+07
5908,4.418279e+03,miss,11.412203,-0.136183,79.181709,-7.124145e+06,4.487312e+06,-2.313404e+07
5909,4.419340e+03,miss,6.547905,-44.852780,65.919292,-6.355586e+06,9.699073e+06,-2.171988e+07
5910,4.419759e+03,miss,29.990551,-18.062455,71.932708,-3.341221e+06,5.306773e+06,-2.381072e+07
5911,4.419767e+03,miss,37.135617,69.135315,-15.532361,-1.101565e+07,-2.168379e+07,3.840038e+06
5912,4.420663e+03,miss,-18.197284,-51.205375,-58.710037,-5.346945e+05,1.650404e+07,1.826830e+07
5913,4.420786e+03,hit,-47.023978,-64.605242,3.861118,1.003138e+07,2.244503e+07,-1.417409e+06
5914,4.420877e+03,miss,20.255926,-15.115146,75.902766,-8.087448e+06,9.320283e+06,-2.131091e+07
5915,4.421128e+03,miss,1.976832,-1.783598,79.955681,1.830572e+06,5.976325e+06,-2.382009e+07
5916,4.421135e+03,miss,-49.017971,-62.816764,7.161894,1.879603e+07,1.578873e+07,-1.972357e+06
5917,4.421738e+03,miss,18.155025,29.422664,-72.143620,-1.013448e+07,-1.026370e+07,1.996238e+07
5918,4.421849e+03,miss,76.021412,9.518940,-23.024655,-2.173089e+07,-8.295621e+06,8.094056e+06
5919,4.422219e+03,miss,-44.950533,-49.456298,43.971856,1.500539e+07,1.604913e+07,-1.113001e+07
5920,4.423157e+03,miss,-16.029600,30.093738,-72.370014,-9.118353e+05,-1.102479e+07,2.200829e+07
5921,4.423179e+03,miss,-46.646244,19.914622,61.867081,1.486204e+07,2.690033e+04,-1.964343e+07
5922,4.423356e+03,miss,-59.195190,-6.905101,53.368989,1.451766e+07,2.331512e+06,-1.976287e+07
5923,4.424195e+03,miss,-28.705200,-1.732688,74.652591,1.067183e+07,-4.812886e+06,-2.167563e+07
5924,4.424270e+03,miss,-13.999110,-69.037452,-37.919061,7.688361e+06,2.122518e+07,9.862859e+06
5925,4.425545e+03,miss,-37.541056,23.351742,-66.673572,1.043475e+07,-1.216628e+07,1.871276e+07
5926,4.425556e+03,miss,-22.847153,-2.640668,76.622676,2.059026e+06,4.478035e+06,-2.414082e+07
5927,4.425812e+03,miss,24.900466,-63.455842,41.872699,-8.375016e+06,1.672908e+07,-1.603445e+07
5928,4.426778e+03,miss,14.647493,20.261191,-75.992994,-2.485492e+06,-1.127298e+07,2.177111e+07
5929,4.427120e+03,miss,-10.304915,-14.528339,-77.991897,-2.965068e+06,4.889749e+06,2.397049e+07
5930,4.427319e+03,miss,-21.656247,41.459449,-64.900856,9.150291e+06,-1.506962e+07,1.721894e+07
5931,4.427759e+03,miss,23.300792,17.782517,74.436921,-1.082697e+06,-5.285213e+06,-2.404720e+07
5932,4.428285e+03,miss,-7.186772,4.569775,79.545380,-3.598733e+06,-3.254171e+06,-2.416413e+07
5933,4.428594e+03,miss,53.525059,31.376395,50.503365,-1.240539e+07,-1.043836e+07,-1.856435e+07
5934,4.428712e+03,miss,12.044867,-37.643716,69.554811,-9.042207e+06,1.159784e+07,-1.977961e+07
5935,4.428723e+03,miss,-25.625437,-32.544571,-68.441127,1.270952e+07,9.082606e+06,1.906515e+07
5936,4.429408e+03,miss,25.533196,-75.570606,-6.094218,-2.560080e+06,2.441777e+07,2.195043e+06
5937,4.430331e+03,miss,34.077246,-1.025222,-72.371888,-5.393119e+06,-2.706627e+06,2.390219e+07
5938,4.430587e+03,miss,-44.880997,-51.289117,-41.894183,1.559633e+07,1.585783e+07,1.063226e+07
5939,4.430644e+03,miss,-27.834412,-69.976970,-26.990169,1.264689e+07,1.989492e+07,7.212332e+06
5940,4.432992e+03,hit,-67.506320,42.744215,3.978546,2.223844e+07,-1.053734e+07,-1.583505e+06
5941,4.433671e+03,miss,16.380943,-36.192476,-69.438962,-2.155680e+06,6.455215e+06,2.370375e+07
5942,4.433920e+03,miss,-29.283987,-14.075589,-73.104897,1.357810e+07,4.200256e+06,2.015469e+07
5943,4.435336e+03,miss,-11.622875,-18.812463,76.883028,7.497028e+06,9.051552e+06,-2.168587e+07
5944,4.435439e+03,miss,-75.707193,-11.897611,22.953601,2.321604e+07,-1.916389e+06,-8.109858e+06
5945,4.436340e+03,miss,-20.074471,31.618800,70.691351,1.129128e+07,-6.917190e+06,-2.081370e+07
5946,4.436772e+03,miss,58.382791,48.998235,24.302729,-2.129335e+07,-9.847420e+06,-7.630951e+06
5947,4.437284e+03,miss,-34.054312,63.097631,35.482289,7.837744e+06,-1.890562e+07,-1.377779e+07
5948,4.437876e+03,miss,5.214240,48.558184,63.363353,-6.503520e+06,-1.593093e+07,-1.768251e+07
5949,4.438209e+03,miss,-72.624085,-30.804844,-13.296763,2.286160e+07,8.676388e+06,3.297650e+06
5950,4.439073e+03,miss,17.562782,20.826879,-75.218281,-5.324097e+06,-2.719645e+05,2.409368e+07
5951,4.440888e+03,miss,43.522229,67.070496,-2.713682,-1.815945e+07,-1.669415e+07,8.451184e+05
5952,4.441202e+03,miss,40.966044,60.649509,32.302017,-1.691723e+07,-1.439790e+07,-1.075756e+07
5953,4.441261e+03,miss,0.567808,30.640668,73.897409,-6.168699e+06,-8.498551e+06,-2.233713e+07
5954,4.441302e+03,miss,-6.444024,76.252801,23.323482,7.906647e+06,-2.205333e+07,-7.769611e+06
5955,4.441506e+03,miss,-29.523849,-13.503734,73.116288,3.262176e+06,5.854741e+06,-2.375583e+07
5956,4.441638e+03,miss,-6.077517,79.112981,-10.207844,-4.325027e+06,-2.407668e+07,3.299230e+06
5957,4.441690e+03,miss,-27.762811,-4.729329,74.878967,1.123476e+07,-3.470724e+06,-2.170297e+07
5958,4.442157e+03,miss,-21.307491,-51.093727,57.753112,1.065777e+07,1.136657e+07,-1.914580e+07
5959,4.442340e+03,miss,-22.871463,-9.888702,76.020456,1.022595e+07,6.928611e+06,-2.137283e+07
5960,4.442605e+03,miss,43.452714,-46.496330,-48.476313,-1.638127e+07,1.345862e+07,1.264633e+07
5961,4.443002e+03,miss,-46.357139,39.751086,51.680429,1.370771e+07,-1.542773e+07,-1.354799e+07
5962,4.444374e+03,miss,-7.236795,16.289172,-77.989048,-6.373302e+05,-9.845804e+06,2.263419e+07
5963,4.445463e+03,miss,0.003836,-0.017422,79.999998,-2.031470e+06,5.639467e+06,-2.395562e+07
5964,4.445824e+03,miss,12.424541,3.157572,-78.966199,-7.107741e+06,3.873831e+06,2.333077e+07
5965,4.445930e+03,miss,5.413478,72.439531,-33.514305,9.923616e+05,-2.312911e+07,8.598000e+06
5966,4.446190e+03,miss,23.980108,74.551704,16.340071,-5.627147e+06,-2.369490e+07,-4.097435e+06
5967,4.446454e+03,miss,7.148797,-78.005393,16.249719,-2.730067e+06,2.363577e+07,-6.620788e+06
5968,4.446848e+03,hit,53.729379,-59.105077,4.443395,-1.732238e+07,1.751028e+07,-1.821295e+06
5969,4.449388e+03,miss,57.497918,5.735817,-55.327117,-1.873176e+07,-5.938606e+06,1.497313e+07
5970,4.449800e+03,miss,-30.512628,-15.205279,72.372502,1.375886e+07,5.196274e+06,-1.985169e+07
5971,4.449973e+03,miss,-22.858050,-1.313837,-76.653659,8.790858e+06,5.811654e+06,2.234650e+07
5972,4.450550e+03,miss,-7.120455,-10.191110,79.028099,1.800845e+04,-2.648572e+06,-2.456592e+07
5973,4.450764e+03,miss,-0.602136,-42.766779,-67.606509,-4.891577e+06,1.474189e+07,1.921662e+07
5974,4.451657e+03,miss,11.793477,30.467973,-73.024767,-8.835564e+06,-6.182427e+06,2.223425e+07
5975,4.451840e+03,miss,-44.586562,-21.508369,-62.844479,1.406214e+07,1.095491e+07,1.711499e+07
5976,4.451979e+03,miss,-64.290930,9.315980,46.689280,1.940646e+07,3.311721e+06,-1.493712e+07
5977,4.452318e+03,miss,-51.700512,18.906452,58.048283,1.517068e+07,-4.362561e+03,-1.950879e+07
5978,4.453823e+03,miss,-14.821505,-4.911020,78.461487,5.489066e+05,-3.195729e+06,-2.450377e+07
5979,4.454378e+03,miss,-2.863991,7.176542,-79.625968,-5.070898e+06,-9.203252e+05,2.417569e+07
5980,4.454622e+03,miss,-57.833679,-42.717829,-35.077810,1.383413e+07,1.598070e+07,1.281767e+07
5981,4.454937e+03,miss,-41.150444,62.375503,28.564621,1.282977e+07,-1.778570e+07,-1.140910e+07
5982,4.455617e+03,miss,0.215782,28.108842,74.898908,5.078841e+06,-5.218366e+06,-2.362560e+07
5983,4.456050e+03,miss,-1.574729,-6.727999,79.701030,-5.432941e+06,3.093364e+06,-2.392005e+07
5984,4.456610e+03,miss,-8.174582,-46.195137,-64.801123,-2.589123e+06,1.143481e+07,2.176862e+07
5985,4.457272e+03,miss,-62.116639,-20.856097,45.897128,1.738316e+07,3.297260e+06,-1.727356e+07
5986,4.457850e+03,miss,78.100516,-13.308474,11.099274,-2.263027e+07,9.101085e+06,-4.067211e+06
5987,4.458512e+03,miss,56.656457,-11.764283,-55.241719,-1.756716e+07,8.411287e+06,1.523932e+07
5988,4.459198e+03,miss,-60.422821,-2.240199,52.383816,1.793409e+07,-5.434194e+06,-1.614076e+07
5989,4.459450e+03,hit,79.836493,-5.073894,0.624546,-2.465717e+07,-1.928384e+06,-1.613873e+05
5990,4.459596e+03,hit,-69.305961,39.958473,0.064916,2.057205e+07,-1.373065e+07,-2.652693e+04
5991,4.459960e+03,miss,49.799562,32.243926,53.668733,-1.080095e+07,-1.092192e+07,-1.938664e+07
5992,4.460413e+03,miss,-13.660240,12.633480,-77.806125,-5.947731e+04,-8.123700e+06,2.336353e+07
5993,4.461089e+03,miss,-14.482699,-78.632350,2.684209,7.562744e+06,2.354309e+07,-6.880971e+05
5994,4.464018e+03,miss,45.760685,48.023701,44.717825,-8.806015e+06,-1.762407e+07,-1.497309e+07
5995,4.464120e+03,miss,23.381503,-26.591935,-71.736841,-2.501760e+06,4.883241e+06,2.412999e+07
5996,4.464964e+03,miss,72.383086,0.999670,34.054214,-2.274584e+07,-3.916608e+06,-8.931072e+06
5997,4.466228e+03,miss,-50.456444,61.407686,9.123782,1.158328e+07,-2.160403e+07,-3.426990e+06
5998,4.467540e+03,miss,-11.874230,71.587846,33.677633,7.677879e+06,-2.177140e+07,-8.937943e+06
5999,4.467861e+03,miss,-67.227532,27.148063,33.814814,2.235926e+07,-2.457701e+06,-1.033914e+07
6000,4.467873e+03,miss,-1.307205,40.657576,-68.885795,-5.624325e+06,-1.231176e+07,2.072833e+07
6001,4.467929e+03,miss,-44.901736,-35.182502,-56.089444,8.753700e+06,1.215584e+07,1.971020e+07
6002,4.468080e+03,hit,-76.472928,-23.438796,1.585594,2.331369e+07,8.303728e+06,-6.515490e+05
6003,4.468326e+03,miss,-47.005434,63.908194,-10.306886,1.375735e+07,-2.014458e+07,4.227206e+06
6004,4.468548e+03,miss,-23.965839,-31.660165,-69.449784,1.234044e+07,6.810629e+06,2.035430e+07
6005,4.468831e+03,miss,-0.796064,3.436216,-79.922204,-2.549910e+06,-6.290121e+06,2.381050e+07
6006,4.469720e+03,miss,-11.084514,-11.228163,78.428706,-2.719234e+06,4.159910e+06,-2.425758e+07
6007,4.470763e+03,miss,56.432906,-17.120987,54.057367,-1.955871e+07,5.948446e+05,-1.517813e+07
6008,4.470803e+03,miss,63.348104,-25.699264,41.551961,-1.849923e+07,1.208937e+07,-1.117603e+07
6009,4.470805e+03,miss,-65.131950,45.394598,9.856956,1.610562e+07,-1.850865e+07,-3.364134e+06
6010,4.471258e+03,miss,16.694420,2.282465,-78.205413,-8.726368e+06,-4.947833e+06,2.264310e+07
6011,4.472907e+03,miss,6.215458,-8.732940,79.278647,2.447225e+06,-1.689347e+06,-2.459113e+07
6012,4.473716e+03,miss,49.337058,-11.445614,61.926187,-1.812995e+07,3.295294e+05,-1.687821e+07
6013,4.474484e+03,miss,53.835794,-7.035631,-58.755487,-1.739120e+07,-3.599539e+06,1.727347e+07
6014,4.474499e+03,miss,-7.138936,-38.294844,69.875178,-1.351222e+05,1.562393e+07,-1.922653e+07
6015,4.475106e+03,miss,6.180789,-3.812212,-79.669724,1.675906e+06,6.017904e+06,2.397591e+07
6016,4.478256e+03,miss,-6.438548,-12.845361,78.699059,3.547834e+06,9.232464e+06,-2.272608e+07
6017,4.478352e+03,miss,-0.360164,0.049349,-79.999174,-4.466505e+06,-3.921051e+06,2.406219e+07
6018,4.478858e+03,miss,31.528276,-0.442250,73.523957,-1.352135e+07,-2.910522e+06,-2.056903e+07
6019,4.479073e+03,miss,4.444652,-27.370843,75.040536,-4.836315e+06,3.346156e+06,-2.407957e+07
6020,4.480045e+03,miss,-33.765541,34.468765,-63.810599,9.932537e+06,-1.471390e+07,1.730294e+07
6021,4.480325e+03,miss,-7.493708,-14.222349,78.368164,8.087136e+06,3.500493e+06,-2.317173e+07
6022,4.481158e+03,miss,-61.075808,34.400570,-38.553164,1.495738e+07,-1.414008e+07,1.382149e+07
6023,4.481530e+03,miss,59.566446,49.582650,-19.834296,-1.383767e+07,-1.952552e+07,6.482490e+06
6024,4.481794e+03,miss,-10.777478,78.962810,-6.980018,1.306691e+06,-2.459698e+07,2.840192e+06
6025,4.482056e+03,miss,25.436974,43.301925,62.272816,-7.612735e+06,-8.391954e+06,-2.205545e+07
6026,4.482209e+03,miss,-34.655339,32.124214,-64.552632,1.380207e+07,-4.553140e+06,2.009016e+07
6027,4.482533e+03,miss,-45.075435,46.120431,47.340374,1.022508e+07,-1.393513e+07,-1.778052e+07
6028,4.483027e+03,miss,-5.663812,-46.559402,64.808513,-2.158951e+05,1.762522e+07,-1.744305e+07
6029,4.484126e+03,miss,-35.747356,-59.449906,-39.847649,6.072106e+06,2.110332e+07,1.152757e+07
6030,4.484141e+03,miss,-43.083535,67.195181,5.349455,8.286798e+06,-2.332550e+07,-1.535414e+06
6031,4.484456e+03,miss,-42.545709,16.671228,65.665309,1.684589e+07,-2.831060e+06,-1.798199e+07
6032,4.485223e+03,miss,33.460716,-71.024689,15.358192,-5.821454e+06,2.374366e+07,-4.195867e+06
6033,4.485546e+03,miss,-18.831998,-6.585101,77.472526,4.387724e+06,-3.994982e+06,-2.408502e+07
6034,4.486780e+03,miss,1.829662,-2.693368,-79.933711,2.411082e+06,6.016822e+06,2.394690e+07
6035,4.487436e+03,miss,-0.307835,0.238572,-79.999052,-5.288854e+06,-2.770800e+06,2.408133e+07
6036,4.487467e+03,miss,-45.027789,-54.386221,-37.611663,1.154908e+07,1.631036e+07,1.470221e+07
6037,4.487609e+03,miss,-34.572538,4.627149,71.995341,9.507462e+06,-7.354613e+06,-2.170487e+07
6038,4.487663e+03,miss,26.917666,-25.365455,70.936824,-2.813908e+06,6.040156e+06,-2.389956e+07
6039,4.487747e+03,miss,-36.940580,-15.595564,-69.225515,5.964613e+06,3.926786e+06,2.376144e+07
6040,4.487816e+03,miss,-16.661741,-1.828666,78.224308,9.420745e+06,-3.059261e+06,-2.274868e+07
6041,4.488949e+03,miss,-26.954282,-60.167696,-45.313519,3.473446e+06,1.825209e+07,1.644881e+07
6042,4.489907e+03,miss,-39.053410,39.374363,-57.658397,1.141444e+07,-1.576442e+07,1.539780e+07
6043,4.490506e+03,miss,-7.230888,-4.620711,-79.538439,5.228426e+06,6.364818e+06,2.341225e+07
6044,4.490937e+03,miss,13.022098,68.846939,38.607304,-1.226138e+06,-1.982622e+07,-1.488145e+07
6045,4.491222e+03,miss,73.005197,26.648053,18.976894,-2.404637e+07,-2.462336e+06,-5.638081e+06
6046,4.491271e+03,miss,-56.422443,-5.748082,-56.422225,1.841110e+07,6.186430e+06,1.545462e+07
6047,4.491594e+03,miss,-75.608540,-11.360876,-23.543133,2.160391e+07,9.438964e+06,7.765768e+06
6048,4.491778e+03,miss,45.775609,-51.281176,-40.924743,-8.867579e+06,1.851333e+07,1.395628e+07
6049,4.491936e+03,miss,61.921166,-5.271427,50.378381,-1.669430e+07,-2.578319e+06,-1.818872e+07
6050,4.492094e+03,miss,-27.497010,-31.606348,-68.153894,7.415856e+06,1.429836e+07,1.888811e+07
6051,4.492452e+03,miss,-4.823524,-2.611404,79.811742,1.486842e+06,6.754333e+06,-2.384147e+07
6052,4.494962e+03,miss,-42.275114,56.405207,37.832094,1.718629e+07,-1.286078e+07,-1.248294e+07
6053,4.495090e+03,miss,-9.282281,79.238679,5.922074,8.641997e+04,-2.471682e+07,-2.383477e+06
6054,4.497888e+03,miss,57.567418,-28.412238,47.736120,-1.477895e+07,8.219225e+06,-1.819396e+07
6055,4.499326e+03,miss,-31.084428,21.937070,70.374166,1.238741e+07,-9.778580e+06,-1.918651e+07
6056,4.499365e+03,miss,-55.834549,36.860630,-43.861112,1.693043e+07,-7.573369e+06,1.652878e+07
6057,4.500747e+03,miss,2.580061,25.111178,75.912924,-1.050201e+06,-1.267508e+07,-2.134537e+07
6058,4.501085e+03,miss,-15.655989,-4.104146,78.345683,5.459299e+06,-4.780066e+06,-2.376508e+07
6059,4.501190e+03,miss,-72.021198,8.297678,-33.824482,2.031670e+07,-7.257071e+06,1.232936e+07
6060,4.502164e+03,hit,41.488950,68.241273,-4.668585,-1.201555e+07,-2.172212e+07,1.164434e+06
6061,4.502593e+03,miss,-66.640353,-40.194591,-18.532623,2.312117e+07,6.759888e+06,6.111814e+06
6062,4.503109e+03,miss,26.852394,39.506127,64.173319,-7.726582e+06,-7.062058e+06,-2.254189e+07
6063,4.504086e+03,miss,-33.343370,-59.384481,-41.972648,1.122791e+07,1.525889e+07,1.609173e+07
6064,4.505408e+03,miss,-13.879500,-73.910295,27.287869,5.568448e+06,2.323124e+07,-6.879461e+06
6065,4.506165e+03,miss,15.427092,21.705207,-75.437980,2.196028e+05,-1.008858e+07,2.272226e+07
6066,4.507113e+03,miss,-46.985143,57.416386,29.929165,1.017351e+07,-2.103267e+07,-8.507973e+06
6067,4.507417e+03,miss,-62.989463,25.953266,-41.937519,1.688873e+07,-1.335313e+07,1.244047e+07
6068,4.507498e+03,miss,15.612009,-61.689598,-48.483592,1.379376e+06,1.958146e+07,1.526353e+07
6069,4.507620e+03,miss,6.359203,-7.208453,79.420392,1.746331e+05,7.726483e+06,-2.363471e+07
6070,4.507713e+03,hit,46.718671,64.297845,-9.118820,-1.171978e+07,-2.180408e+07,2.360075e+06
6071,4.508964e+03,miss,-24.095744,7.245920,-75.940054,1.333649e+06,-2.321219e+06,2.472541e+07
6072,4.509439e+03,miss,-0.253074,-3.260238,-79.933140,-2.778253e+06,6.235089e+06,2.391616e+07
6073,4.509630e+03,miss,22.776877,70.150289,-30.986301,-4.166765e+06,-2.315606e+07,8.064692e+06
6074,4.510533e+03,miss,-7.483491,19.469560,77.232983,3.232762e+06,1.135018e+05,-2.466302e+07
6075,4.510806e+03,miss,-23.311346,0.118182,76.528212,2.615351e+06,4.140016e+06,-2.438823e+07
6076,4.511164e+03,miss,18.888549,-5.033199,77.575058,-1.095844e+07,-1.838390e+05,-2.233144e+07
6077,4.511680e+03,miss,-25.703408,12.226567,-74.765272,4.592743e+06,1.318624e+06,2.441420e+07
6078,4.512012e+03,hit,-56.256703,-56.721988,4.218940,1.669338e+07,1.841605e+07,-1.054099e+06
6079,4.512255e+03,miss,-6.129858,-79.213886,9.358688,-7.065321e+05,2.475430e+07,-2.385290e+06
6080,4.512366e+03,miss,4.906952,-5.103000,-79.686142,-4.522721e+06,6.564404e+06,2.356763e+07
6081,4.513345e+03,miss,-41.213248,42.010831,-54.190020,9.079910e+06,-1.151882e+07,2.009940e+07
6082,4.513725e+03,miss,19.748737,22.075044,74.314735,-1.117576e+07,-7.184001e+06,-2.103945e+07
6083,4.513977e+03,miss,-49.054670,59.710444,-20.695462,9.930479e+06,-2.185685e+07,6.547071e+06
6084,4.514003e+03,miss,5.512861,-14.437041,78.493186,-7.428951e+06,5.310605e+06,-2.314761e+07
6085,4.514157e+03,miss,52.686914,-36.777015,47.660678,-1.355920e+07,1.591251e+07,-1.349685e+07
6086,4.515160e+03,miss,-77.395899,-12.566546,15.873147,2.228625e+07,9.892574e+06,-4.982225e+06
6087,4.515217e+03,miss,13.794669,6.273400,78.551585,1.917490e+06,-1.268776e+06,-2.478072e+07
6088,4.515922e+03,miss,72.449793,1.795370,33.879258,-2.206833e+07,-6.130844e+06,-9.740067e+06
6089,4.516104e+03,miss,-4.436753,-11.245879,79.081258,2.003870e+06,9.079095e+06,-2.308780e+07
6090,4.516597e+03,miss,-17.204309,-71.704490,-31.023827,-8.824168e+05,2.273536e+07,1.009378e+07
6091,4.516854e+03,miss,12.392586,-43.324137,66.101762,-9.405752e+06,1.274908e+07,-1.919864e+07
6092,4.517032e+03,miss,-9.446417,67.782382,41.428419,5.366007e+06,-2.181455e+07,-1.072152e+07
6093,4.517488e+03,miss,-10.495883,47.371727,-63.606257,2.773362e+06,-1.798815e+07,1.698285e+07
6094,4.517522e+03,miss,-23.184881,19.356491,74.079603,4.147237e+06,-1.099679e+07,-2.194442e+07
6095,4.518131e+03,hit,40.993145,-68.581298,-4.020904,-1.250712e+07,2.146074e+07,1.667009e+06
6096,4.519523e+03,miss,-46.113498,-64.971277,7.230384,1.894684e+07,1.599527e+07,-2.264860e+06
6097,4.520251e+03,miss,28.855668,60.424669,43.774533,-1.388283e+07,-1.495729e+07,-1.426911e+07
6098,4.521324e+03,miss,17.361035,73.208972,-27.185308,-1.121748e+07,-2.056171e+07,8.461239e+06
6099,4.521354e+03,miss,23.288188,-13.227694,-75.383608,-2.550795e+06,2.038587e+05,2.477225e+07
6100,4.522133e+03,miss,-21.730698,10.358930,76.292001,4.661584e+06,2.657242e+06,-2.432135e+07
6101,4.526099e+03,miss,-9.400696,77.508187,17.438687,1.713688e+06,-2.446857e+07,-4.383571e+06
6102,4.526863e+03,miss,-33.593501,-13.321436,71.372376,9.880918e+06,-2.076013e+06,-2.278214e+07
6103,4.527403e+03,hit,78.391225,-15.961219,0.235350,-2.466165e+07,3.582649e+06,-9.711878e+04
6104,4.528206e+03,miss,13.343194,-61.354410,49.574142,-9.811248e+06,1.764657e+07,-1.461131e+07
6105,4.529502e+03,miss,46.087345,53.787695,-37.186564,-1.134948e+07,-1.979596e+07,1.003191e+07
6106,4.529650e+03,miss,-9.209633,58.241505,-54.065791,2.952523e+06,-2.035324e+07,1.408469e+07
6107,4.529881e+03,miss,-36.393136,66.774378,-24.833891,5.714291e+06,-2.267820e+07,8.627163e+06
6108,4.531479e+03,hit,-79.767751,5.633711,-2.316711,2.455587e+07,4.238343e+06,8.043031e+05
6109,4.531980e+03,miss,31.790846,39.862417,-61.646816,-1.416945e+07,-7.973244e+06,1.890301e+07
6110,4.532580e+03,miss,34.120301,37.912435,61.631586,-1.172969e+07,-1.468536e+07,-1.638618e+07
6111,4.533541e+03,miss,62.243445,-36.752176,-34.278726,-2.155053e+07,8.725881e+06,9.017638e+06
6112,4.533742e+03,miss,36.297639,-60.923604,-37.024262,-9.811360e+06,2.084512e+07,9.546187e+06
6113,4.533961e+03,miss,15.516796,-16.554527,-76.714905,-8.507613e+06,8.636924e+06,2.179371e+07
6114,4.534224e+03,miss,-4.282718,-21.750750,-76.867179,-4.596831e+06,4.834867e+06,2.403063e+07
6115,4.534892e+03,miss,8.103664,-8.069298,79.178388,2.345645e+06,-1.394099e+06,-2.479161e+07
6116,4.535263e+03,miss,2.140971,-2.499061,-79.932290,5.242431e+06,2.238598e+06,2.428221e+07
6117,4.535897e+03,miss,57.845265,-26.834269,-48.309910,-1.717377e+07,1.248311e+07,1.309354e+07
6118,4.536581e+03,miss,-34.942016,-67.603754,-24.673630,1.466529e+07,1.795371e+07,9.213823e+06
6119,4.536734e+03,miss,22.608257,-39.604673,-65.729268,-3.410997e+06,1.611517e+07,1.873468e+07
6120,4.536920e+03,miss,50.741689,1.714618,61.825084,-1.692277e+07,-5.517734e+06,-1.747918e+07
6121,4.538771e+03,miss,-55.097501,-47.035833,-33.939590,1.648101e+07,1.659454e+07,8.694774e+06
6122,4.538841e+03,miss,39.939432,10.253081,-68.554476,-7.542829e+06,-6.770285e+06,2.280088e+07
6123,4.539107e+03,miss,28.737287,62.940723,-40.157611,-3.170240e+06,-2.045660e+07,1.393286e+07
6124,4.539382e+03,miss,16.149664,-75.588529,20.629170,-7.612965e+06,2.316737e+07,-5.291573e+06
6125,4.539806e+03,miss,13.165222,-9.597161,-78.323505,-6.126515e+06,8.136123e+06,2.278185e+07
6126,4.540138e+03,miss,-52.829546,45.555859,-39.162517,1.151546e+07,-1.776732e+07,1.321006e+07
6127,4.540603e+03,miss,25.857834,53.069762,53.990488,-1.283867e+07,-1.514258e+07,-1.512361e+07
6128,4.541716e+03,miss,-72.447194,30.368158,-15.138660,1.979872e+07,-1.454289e+07,4.418225e+06
6129,4.542848e+03,miss,-3.422121,41.872680,-68.080597,5.165269e+06,-8.671672e+06,2.283162e+07
6130,4.543088e+03,hit,-34.282020,72.236729,-2.568670,1.512339e+07,-1.983838e+07,9.567480e+05
6131,4.543200e+03,miss,-6.303357,4.208864,79.640148,5.985750e+06,-5.510259e+06,-2.360121e+07
6132,4.543620e+03,miss,-25.155646,41.070125,-63.878308,1.143477e+07,-1.391901e+07,1.728508e+07
6133,4.543641e+03,miss,-51.579480,-52.847179,-30.769025,1.976499e+07,1.142585e+07,1.010272e+07
6134,4.544278e+03,miss,3.465259,17.427456,78.001768,-3.675535e+06,-1.014583e+07,-2.251465e+07
6135,4.544746e+03,miss,36.583827,51.849800,-48.715725,-5.817468e+06,-1.735624e+07,1.698055e+07
6136,4.545658e+03,miss,-27.143194,-58.415965,-47.442830,2.348281e+06,1.959639e+07,1.529749e+07
6137,4.545852e+03,miss,-5.899932,77.338259,19.595522,-4.429079e+06,-2.373444e+07,-6.374353e+06
6138,4.546694e+03,miss,-25.107811,-51.397584,-55.927509,7.462981e+06,1.183980e+07,2.068360e+07
6139,4.546761e+03,miss,14.397239,-74.599786,-25.051775,-8.693467e+05,2.406797e+07,6.608663e+06
6140,4.547036e+03,miss,-2.882332,2.327992,79.914158,-4.689556e+06,-3.172191e+06,-2.432448e+07
6141,4.548268e+03,miss,40.379024,50.033758,47.604176,-9.526532e+06,-1.424220e+07,-1.817441e+07
6142,4.549208e+03,miss,7.157891,-17.754450,77.675891,-6.859852e+06,1.419600e+06,-2.397833e+07
6143,4.549356e+03,miss,55.099012,48.453924,-31.879713,-1.250801e+07,-1.922113e+07,9.907136e+06
6144,4.549565e+03,miss,-6.589128,65.648637,45.242015,6.543066e+06,-1.777017e+07,-1.629391e+07
6145,4.550489e+03,miss,71.703331,12.685545,33.131696,-2.153241e+07,2.752671e+04,-1.267137e+07
6146,4.550729e+03,miss,4.293167,-31.099542,-73.582520,4.836799e+06,9.125217e+06,2.275033e+07
6147,4.551078e+03,miss,44.768226,-39.402900,-53.321829,-9.768446e+06,1.655459e+07,1.596285e+07
6148,4.551081e+03,miss,-62.152246,48.826822,-12.370925,1.987136e+07,-1.482582e+07,3.100689e+06
6149,4.551843e+03,miss,0.261329,65.877669,-45.387932,-6.256446e+06,-1.956892e+07,1.422354e+07
6150,4.552216e+03,miss,66.112918,45.003346,1.944447,-2.265985e+07,-1.050695e+07,-7.621267e+05
6151,4.552419e+03,hit,72.953073,31.854371,7.946578,-2.078161e+07,-1.371430e+07,-2.125185e+06
6152,4.553151e+03,miss,5.789561,0.458157,-79.788916,-7.457669e+06,-1.778831e+06,2.378640e+07
6153,4.554409e+03,miss,61.960595,12.172898,-49.119296,-1.655700e+07,-1.615231e+06,1.865485e+07
6154,4.554749e+03,miss,12.370402,49.996969,-61.215000,2.412083e+05,-1.236373e+07,2.172265e+07
6155,4.554901e+03,miss,-9.689070,-66.874533,42.824277,-4.102397e+05,2.223457e+07,-1.141357e+07
6156,4.555172e+03,miss,-43.602318,-64.017759,-20.014104,8.438823e+06,2.277798e+07,5.899242e+06
6157,4.555536e+03,miss,-54.928452,-53.375870,-23.105880,1.444339e+07,1.946096e+07,6.128679e+06
6158,4.555802e+03,miss,55.991155,0.038401,57.140083,-1.869019e+07,4.645767e+06,-1.593836e+07
6159,4.556716e+03,miss,-5.337995,7.643034,-79.454955,-2.711693e+06,-6.520842e+06,2.398309e+07
6160,4.556987e+03,miss,-8.736224,20.501672,-76.833325,7.241037e+06,-9.175320e+06,2.210161e+07
6161,4.557900e+03,miss,-51.288097,-0.334184,61.395597,1.310869e+07,-5.187947e+06,-2.065122e+07
6162,4.557920e+03,miss,47.476254,-35.887853,53.460896,-1.830629e+07,8.818554e+06,-1.457192e+07
6163,4.558300e+03,miss,-9.788363,47.294077,-63.776627,8.433939e+06,-1.477807e+07,1.832369e+07
6164,4.558531e+03,miss,33.940980,16.498198,70.539488,-1.417680e+07,-7.061288e+06,-1.935119e+07
6165,4.558722e+03,miss,-12.890335,-28.496545,73.632779,9.577565e+06,8.562192e+06,-2.145454e+07
6166,4.558883e+03,miss,-42.721875,-66.559202,12.029713,1.252818e+07,2.143036e+07,-3.024038e+06
6167,4.558914e+03,miss,24.113863,-57.898680,49.661499,-1.362354e+06,1.928044e+07,-1.586736e+07
6168,4.559178e+03,miss,-28.754503,-35.552888,65.644274,8.378726e+06,1.520827e+07,-1.799739e+07
6169,4.559747e+03,miss,56.515947,40.424506,39.646022,-1.918810e+07,-7.411815e+06,-1.422535e+07
6170,4.559880e+03,miss,10.176006,62.591125,48.772944,1.409878e+06,-2.097663e+07,-1.354585e+07
6171,4.560201e+03,miss,77.944802,-6.732891,-16.711553,-2.415474e+07,4.856631e+06,4.301502e+06
6172,4.560619e+03,miss,52.676253,18.343013,-57.347591,-1.202648e+07,-9.463886e+06,1.978376e+07
6173,4.561145e+03,miss,-37.147511,-57.186720,-41.829911,5.897821e+06,2.044835e+07,1.314350e+07
6174,4.561731e+03,miss,19.777973,28.550775,72.067226,5.921281e+04,-9.551699e+06,-2.311953e+07
6175,4.562072e+03,miss,-13.397896,-15.924599,77.245735,1.524776e+06,1.009576e+07,-2.283744e+07
6176,4.562497e+03,miss,59.875101,-0.621188,-53.052676,-1.878552e+07,5.848214e+06,1.545182e+07
6177,4.563230e+03,miss,8.312710,32.423818,72.660821,-2.030487e+06,-4.246676e+06,-2.457233e+07
6178,4.564253e+03,miss,24.578780,-11.051833,75.324236,-4.965773e+06,-2.163692e+06,-2.442860e+07
6179,4.564341e+03,miss,78.319398,-14.184014,-8.055158,-2.258850e+07,1.043595e+07,2.638076e+06
6180,4.564430e+03,miss,-70.897640,14.291013,-34.194905,2.313726e+07,4.289117e+05,9.518640e+06
6181,4.564849e+03,miss,-1.461209,-1.392588,79.974531,-5.208867e+06,-1.870545e+06,-2.440384e+07
6182,4.564938e+03,miss,-54.714038,-48.284541,32.786844,1.678433e+07,1.313909e+07,-1.310883e+07
6183,4.565473e+03,miss,-4.273650,-79.470225,8.137524,-5.564395e+04,2.494103e+07,-2.050939e+06
6184,4.566334e+03,miss,-48.962866,10.659728,-62.361911,1.773913e+07,1.075207e+06,1.762241e+07
6185,4.566980e+03,miss,-23.889833,4.056613,76.241850,4.699061e+06,-6.831824e+06,-2.361601e+07
6186,4.567233e+03,miss,-34.025490,-19.281705,-69.788838,8.501692e+06,1.139126e+07,2.060257e+07
6187,4.567927e+03,miss,-27.330072,64.506570,-38.626023,3.014683e+06,-2.067418e+07,1.378734e+07
6188,4.568283e+03,miss,1.797051,-30.916644,-73.762672,4.797601e+06,1.156939e+07,2.167446e+07
6189,4.568380e+03,miss,-57.538165,-4.613659,-55.390195,1.693282e+07,-4.753348e+06,1.781427e+07
6190,4.568388e+03,miss,56.025428,36.989418,43.507866,-1.331168e+07,-1.382296e+07,-1.607449e+07
6191,4.568798e+03,miss,-0.056764,-3.934721,79.903159,-5.758146e+06,2.998904e+06,-2.417790e+07
6192,4.569703e+03,miss,-69.446852,-37.998317,11.543942,2.137177e+07,1.212943e+07,-4.792603e+06
6193,4.570384e+03,miss,3.935369,-58.856033,54.041468,-5.302590e+05,2.064167e+07,-1.416256e+07
6194,4.572316e+03,miss,23.250159,-29.162628,70.774086,-1.026492e+07,1.194018e+07,-1.947477e+07
6195,4.573083e+03,miss,12.781030,37.524610,-69.487761,-2.715485e+06,-6.291153e+06,2.409057e+07
6196,4.573436e+03,miss,-66.359632,44.520226,3.787965,1.745709e+07,-1.793000e+07,-1.059028e+06
6197,4.573777e+03,miss,49.843348,62.556311,-1.532511,-1.736293e+07,-1.804936e+07,3.908543e+05
6198,4.575007e+03,miss,-6.156109,65.913906,44.916137,-3.204070e+06,-2.136028e+07,-1.269033e+07
6199,4.575857e+03,miss,-17.135110,41.204296,-66.397244,7.033630e+06,-7.399745e+06,2.287926e+07
6200,4.577175e+03,miss,64.364687,17.764889,-44.063543,-1.679465e+07,-9.035716e+06,1.625315e+07
6201,4.577467e+03,miss,14.859284,-35.952197,-69.904515,1.277875e+04,1.444001e+07,2.047915e+07
6202,4.578964e+03,miss,17.375195,-75.240701,20.903098,-1.054385e+07,2.143024e+07,-7.595209e+06
6203,4.579582e+03,miss,-56.168173,0.032774,56.966089,1.364006e+07,-2.315183e+06,-2.089948e+07
6204,4.579876e+03,miss,-63.363293,-6.741026,-48.369946,2.151665e+07,2.800511e+06,1.254715e+07
6205,4.580625e+03,miss,-61.663307,-39.930556,31.673131,2.093911e+07,7.467147e+06,-1.158180e+07
6206,4.581841e+03,miss,-5.372937,42.597089,-67.502738,6.198194e+06,-9.194237e+06,2.248462e+07
6207,4.582450e+03,miss,54.704757,-54.057141,22.027596,-2.064007e+07,1.277537e+07,-6.274594e+06
6208,4.582730e+03,miss,21.692076,-52.159319,-56.646794,-7.046102e+06,1.192660e+07,2.089833e+07
6209,4.583243e+03,miss,-71.652600,-33.096982,13.057363,2.399613e+07,6.370272e+06,-3.508187e+06
6210,4.583390e+03,miss,-30.212193,9.233005,73.498129,1.358225e+07,-4.763340e+06,-2.053180e+07
6211,4.583692e+03,miss,-14.583042,-6.763584,78.368290,8.474753e+05,-2.953366e+06,-2.488620e+07
6212,4.584635e+03,miss,28.065685,2.849790,-74.861178,-1.146818e+07,-5.512730e+06,2.160980e+07
6213,4.584779e+03,miss,-20.661922,54.609611,54.688896,1.197204e+07,-1.444409e+07,-1.664185e+07
6214,4.585491e+03,miss,71.182749,-16.073049,32.782210,-2.143169e+07,1.951530e+06,-1.287961e+07
6215,4.585743e+03,miss,41.119400,-2.126806,68.590609,-1.314482e+07,-5.342680e+06,-2.068125e+07
6216,4.586322e+03,hit,56.740449,-55.794286,-8.216996,-2.153543e+07,1.255157e+07,2.794166e+06
6217,4.586792e+03,miss,-46.297958,-25.612444,60.004181,1.785474e+07,3.927841e+06,-1.717466e+07
6218,4.587187e+03,hit,-7.459050,79.647869,-0.761233,8.132129e+06,-2.372844e+07,2.695097e+05
6219,4.587759e+03,miss,33.265779,2.601490,72.709148,-5.853821e+06,-5.029603e+06,-2.386959e+07
6220,4.588170e+03,miss,66.384161,-42.719906,-12.967375,-1.912066e+07,1.588968e+07,3.360987e+06
6221,4.588718e+03,miss,-33.712226,-63.573399,34.955811,5.765784e+06,2.230007e+07,-9.945634e+06
6222,4.589397e+03,miss,33.573599,-10.691029,71.822805,-4.614316e+06,3.517169e+06,-2.441073e+07
6223,4.590055e+03,miss,3.675900,17.601155,77.953108,-6.954513e+06,-6.376293e+06,-2.325111e+07
6224,4.590856e+03,miss,-42.629279,12.925978,66.450460,1.574315e+07,-7.177298e+06,-1.817651e+07
6225,4.591132e+03,miss,37.633553,16.681219,-68.596302,-1.552757e+07,-1.568259e+06,1.965246e+07
6226,4.591333e+03,hit,51.353144,-60.524212,9.983705,-2.009726e+07,1.460906e+07,-3.533707e+06
6227,4.591590e+03,miss,67.493267,1.840436,-42.910041,-1.967846e+07,5.317370e+06,1.464004e+07
6228,4.592383e+03,miss,4.318903,-46.581856,64.895899,-6.212208e+06,1.590225e+07,-1.839789e+07
6229,4.593019e+03,miss,20.863978,-10.580317,76.503276,-3.112948e+06,8.418369e+06,-2.344107e+07
6230,4.593400e+03,miss,-50.804930,38.599823,48.258810,1.111208e+07,-1.428657e+07,-1.739284e+07
6231,4.593767e+03,miss,51.865173,37.990631,47.610038,-1.945029e+07,-6.789833e+06,-1.434328e+07
6232,4.593932e+03,miss,42.578415,57.284112,36.133214,-7.749549e+06,-2.047533e+07,-1.228306e+07
6233,4.594210e+03,miss,-20.653567,-73.847718,22.802295,1.163543e+07,2.126549e+07,-6.527020e+06
6234,4.594443e+03,hit,75.487730,26.041669,4.840883,-2.095498e+07,-1.372559e+07,-1.653765e+06
6235,4.595306e+03,miss,-57.595055,5.551177,55.244856,1.516895e+07,-7.082723e+06,-1.871082e+07
6236,4.596013e+03,miss,69.863682,1.278688,-38.954216,-2.068334e+07,5.694988e+06,1.304685e+07
6237,4.596270e+03,miss,-23.301866,12.433106,-75.514508,1.192761e+07,-7.983294e+05,2.208130e+07
6238,4.596627e+03,miss,22.818761,-38.766206,66.155010,-6.091480e+06,1.617647e+07,-1.821410e+07
6239,4.596705e+03,miss,-1.875909,-25.438087,-75.824697,6.476998e+06,5.959464e+06,2.351769e+07
6240,4.597685e+03,miss,70.618679,35.540199,-12.243220,-1.908890e+07,-1.592831e+07,3.547631e+06
6241,4.598265e+03,hit,47.345990,64.466458,1.559815,-1.111023e+07,-2.251995e+07,-4.206998e+05
6242,4.598992e+03,miss,-28.576453,-71.318141,22.295943,9.870352e+06,2.239509e+07,-5.647870e+06
6243,4.599170e+03,miss,-0.203473,31.852073,73.385312,2.573200e+06,-1.402000e+07,-2.068103e+07
6244,4.600652e+03,miss,-3.501476,10.096902,79.282988,-3.657687e+05,2.942450e+06,-2.494590e+07
6245,4.600684e+03,miss,-7.071016,-23.370356,-76.182854,7.327047e+06,3.734996e+06,2.373728e+07
6246,4.601333e+03,miss,-4.815537,-30.371871,-73.853640,-1.837465e+06,1.343614e+07,2.114893e+07
6247,4.603046e+03,miss,-11.229285,77.649050,-15.637399,7.152984e+06,-2.373168e+07,4.130458e+06
6248,4.603111e+03,miss,-10.276858,3.075519,-79.277534,5.798256e+06,4.504367e+06,2.403161e+07
6249,4.603194e+03,miss,48.956391,36.839813,-51.440256,-1.862420e+07,-6.428772e+06,1.559643e+07
6250,4.603381e+03,miss,5.833256,54.989144,57.811480,-6.653747e+06,-1.798318e+07,-1.624183e+07
6251,4.603517e+03,miss,-20.782320,-62.774001,-45.027991,8.622313e+05,1.940602e+07,1.594195e+07
6252,4.605350e+03,miss,49.387930,-0.657391,62.931710,-1.181589e+07,-4.255786e+06,-2.177171e+07
6253,4.605408e+03,miss,5.855533,1.628367,-79.768798,-5.070273e+06,-5.513339e+06,2.399245e+07
6254,4.605536e+03,miss,45.005113,63.396379,18.853089,-9.545817e+06,-2.263010e+07,-5.340046e+06
6255,4.607424e+03,miss,36.429508,11.896847,-70.223614,-1.489741e+07,-5.910417e+06,1.936886e+07
6256,4.608011e+03,miss,-69.292580,-10.713153,38.519692,2.195807e+07,6.752328e+06,-1.021511e+07
6257,4.610399e+03,miss,14.083770,-4.913889,-78.597081,-8.256322e+06,5.626645e+06,2.307815e+07
6258,4.610414e+03,miss,37.603187,28.023209,64.812808,-1.358242e+07,-1.181561e+07,-1.755956e+07
6259,4.611453e+03,miss,9.715122,-38.207967,69.611548,-7.597555e+06,1.370095e+07,-1.967569e+07
6260,4.612412e+03,miss,5.657967,-79.019253,11.133058,-3.193332e+06,2.478989e+07,-2.822604e+06
6261,4.612485e+03,miss,-43.168072,-40.211825,54.032644,8.487630e+06,1.334738e+07,-1.955814e+07
6262,4.612618e+03,miss,16.041141,-65.976082,42.306482,-2.769889e+06,1.877084e+07,-1.651407e+07
6263,4.613164e+03,miss,-7.290502,78.489895,13.644959,4.271533e+06,-2.454427e+07,-3.484140e+06
6264,4.614043e+03,miss,-70.500869,36.471604,-9.972441,1.862698e+07,-1.656311e+07,3.409644e+06
6265,4.614177e+03,miss,62.217777,44.175131,24.031356,-2.193861e+07,-8.742588e+06,-8.672354e+06
6266,4.614398e+03,miss,-15.429649,67.810527,39.543120,9.475271e+06,-2.058533e+07,-1.092881e+07
6267,4.615326e+03,miss,35.484039,8.434152,71.202163,-6.900897e+06,-7.300788e+06,-2.306900e+07
6268,4.615567e+03,miss,59.018567,-41.083205,-35.056797,-1.704746e+07,1.600465e+07,9.293609e+06
6269,4.615816e+03,miss,47.348458,60.539814,22.204829,-1.929072e+07,-1.460972e+07,-6.898857e+06
6270,4.616007e+03,miss,-59.314487,-45.440119,-28.582988,1.753707e+07,1.645887e+07,7.399519e+06
6271,4.617156e+03,miss,61.839320,-7.422388,50.207636,-2.126657e+07,3.012736e+06,-1.311527e+07
6272,4.617784e+03,miss,52.914370,53.408750,27.341815,-1.979748e+07,-1.363630e+07,-7.453254e+06
6273,4.618272e+03,miss,-48.359523,-47.254114,-42.759856,1.018677e+07,1.714420e+07,1.535621e+07
6274,4.618385e+03,miss,-1.507110,-71.946311,34.949348,5.330557e+06,2.259977e+07,-9.713816e+06
6275,4.619040e+03,miss,59.194486,46.866681,26.448573,-2.123302e+07,-1.148441e+07,-7.132987e+06
6276,4.619382e+03,hit,19.855817,77.404976,3.770431,-3.291950e+06,-2.493721e+07,-9.786588e+05
6277,4.619398e+03,miss,30.001154,46.567511,-57.718261,-5.987206e+06,-1.188856e+07,2.136532e+07
6278,4.619777e+03,miss,79.110046,-8.533721,-8.293146,-2.479329e+07,2.637599e+06,3.471165e+06
6279,4.620217e+03,miss,78.566307,-7.266792,13.210945,-2.450113e+07,-4.011265e+06,-4.168698e+06
6280,4.620500e+03,miss,-0.347343,-1.299846,-79.988685,5.769765e+06,-1.892548e+06,2.443237e+07
6281,4.620754e+03,miss,1.218227,-3.094256,79.930855,-3.138360e+06,-4.538890e+06,-2.456413e+07
6282,4.621350e+03,miss,59.003360,-46.603438,-27.326234,-1.426713e+07,1.901131e+07,8.303507e+06
6283,4.622626e+03,miss,0.018217,-0.010551,79.999997,4.596017e+06,-4.013026e+06,-2.443106e+07
6284,4.622845e+03,miss,-37.870284,-6.506552,70.167702,6.201053e+06,1.976761e+06,-2.432640e+07
6285,4.623422e+03,miss,-17.240715,-16.903656,76.269418,7.274415e+06,-7.086275e+05,-2.409967e+07
6286,4.623441e+03,miss,54.038355,-20.973447,-55.135929,-1.976993e+07,5.109063e+06,1.473985e+07
6287,4.624049e+03,miss,3.449735,-0.244762,-79.925211,-6.376489e+06,2.936938e+06,2.418707e+07
6288,4.624493e+03,miss,-19.285907,77.082307,9.293639,6.233596e+05,-2.494401e+07,-3.430441e+06
6289,4.624772e+03,miss,53.662162,-57.678608,13.912247,-1.681474e+07,1.842064e+07,-3.513300e+06
6290,4.625536e+03,miss,1.169660,-39.167351,69.746330,4.821883e+06,8.877673e+06,-2.307466e+07
6291,4.625911e+03,miss,-27.579598,-45.932861,59.409915,7.561223e+06,1.785062e+07,-1.608534e+07
6292,4.626841e+03,miss,6.937466,-4.271861,-79.584061,1.515231e+06,6.231529e+06,2.436298e+07
6293,4.626990e+03,miss,-56.431082,-5.394744,56.448470,1.982983e+07,3.825642e+06,-1.506138e+07
6294,4.627158e+03,miss,-3.722525,7.147130,79.593099,6.733809e+06,-4.272225e+06,-2.389832e+07
6295,4.627715e+03,miss,21.959764,-13.955427,75.650610,-1.179225e+07,1.675318e+06,-2.220222e+07
6296,4.629632e+03,miss,13.514603,4.442512,78.724962,-8.186541e+06,-5.442675e+06,-2.320394e+07
6297,4.630658e+03,miss,-57.981305,-41.240343,-36.570512,1.792542e+07,1.021124e+07,1.447812e+07
6298,4.631720e+03,miss,-59.860794,52.862397,4.717236,1.844315e+07,-1.714012e+07,-1.190900e+06
6299,4.632161e+03,miss,35.876946,56.757893,43.490071,-7.313696e+06,-1.749246e+07,-1.661132e+07
6300,4.632426e+03,hit,9.052923,-79.458570,-2.092898,-6.943994e+06,2.422631e+07,5.616518e+05
6301,4.632711e+03,miss,-22.759205,-64.122859,-42.074667,1.018682e+07,2.019940e+07,1.112208e+07
6302,4.632778e+03,miss,5.455016,6.090636,-79.581072,-1.443472e+06,4.328075e+06,2.479276e+07
6303,4.632845e+03,miss,-30.181888,-5.706116,73.868084,5.786104e+06,-3.232847e+06,-2.432233e+07
6304,4.633152e+03,miss,-39.670688,-60.732581,-33.731144,1.722577e+07,1.531801e+07,1.020682e+07
6305,4.633886e+03,miss,-23.855737,-65.350374,-39.499777,1.277877e+07,1.721545e+07,1.326574e+07
6306,4.634045e+03,miss,-13.446021,-17.542149,76.886133,2.004260e+06,1.075419e+07,-2.271565e+07
6307,4.634261e+03,miss,71.475940,-7.076983,35.229339,-2.349973e+07,4.165437e+05,-9.126300e+06
6308,4.634744e+03,miss,-67.463360,42.941875,-2.165746,1.988725e+07,-1.549046e+07,5.564116e+05
6309,4.634765e+03,miss,46.366323,46.520402,45.672927,-9.899886e+06,-1.855712e+07,-1.390665e+07
6310,4.635155e+03,miss,18.597739,-3.860434,77.712426,-1.106918e+07,2.315247e+06,-2.253743e+07
6311,4.635982e+03,miss,52.941427,54.510309,-25.016624,-1.530961e+07,-1.896935e+07,6.458801e+06
6312,4.637577e+03,miss,-26.858362,-7.502205,74.982300,1.065037e+07,-3.211745e+06,-2.263646e+07
6313,4.637587e+03,miss,-26.691607,43.213452,61.807408,7.358848e+06,-8.819966e+06,-2.245467e+07
6314,4.637751e+03,miss,-37.496759,-58.639678,-39.438322,1.638045e+07,1.545266e+07,1.136112e+07
6315,4.638501e+03,miss,-30.779906,-24.320060,-69.721819,1.197671e+07,1.102413e+07,1.926937e+07
6316,4.638639e+03,miss,39.059052,65.701182,23.616629,-1.038759e+07,-2.216034e+07,-6.108866e+06
6317,4.638651e+03,miss,5.916566,46.296424,64.974113,3.160517e+06,-1.651835e+07,-1.880047e+07
6318,4.638825e+03,miss,7.403053,-0.311283,79.656123,-1.695340e+06,-6.013646e+06,-2.443948e+07
6319,4.638876e+03,miss,-1.422602,6.763546,79.700882,5.179560e+06,-5.743226e+06,-2.401085e+07
6320,4.639740e+03,miss,-21.529645,43.941908,63.289676,1.203784e+07,-1.243034e+07,-1.835834e+07
6321,4.639759e+03,miss,-52.277575,-41.377318,44.215072,1.580046e+07,1.582358e+07,-1.167964e+07
6322,4.640069e+03,miss,-27.840429,-50.694848,55.271538,2.918571e+06,1.604637e+07,-1.924819e+07
6323,4.640693e+03,miss,0.994815,77.988152,17.800517,-6.033281e+06,-2.364558e+07,-6.408478e+06
6324,4.641400e+03,miss,-31.558405,29.466882,-67.348125,1.161321e+07,-3.231117e+06,2.216693e+07
6325,4.641432e+03,miss,-27.868435,2.207728,74.956496,7.176957e+06,5.393153e+06,-2.358154e+07
6326,4.641528e+03,miss,-7.258972,-44.569295,-66.036999,-1.868129e+06,1.676751e+07,1.876321e+07
6327,4.642260e+03,miss,16.205363,24.735582,-74.333957,-4.552348e+06,-1.279819e+07,2.126687e+07
6328,4.642845e+03,miss,-28.403467,-16.741060,72.890191,2.992483e+06,7.221654e+06,-2.399522e+07
6329,4.643143e+03,miss,13.545883,7.290094,-78.507092,5.496917e+05,-6.274632e+06,2.443861e+07
6330,4.643417e+03,miss,68.831726,-38.674688,-12.902013,-2.259059e+07,1.076016e+07,3.292459e+06
6331,4.643445e+03,miss,-66.184572,-4.159206,-44.747105,2.213711e+07,3.131146e+06,1.170915e+07
6332,4.644008e+03,miss,-54.102209,-9.222142,58.205696,1.285417e+07,6.335486e+06,-2.077665e+07
6333,4.645390e+03,miss,-40.051588,64.611180,24.925201,1.723317e+07,-1.630915e+07,-8.617224e+06
6334,4.645993e+03,miss,-5.585707,-75.034171,-27.178540,-3.852463e+06,2.367234e+07,7.879621e+06
6335,4.646062e+03,miss,-73.791700,30.036933,-7.250359,2.225783e+07,-1.176490e+07,1.869519e+06
6336,4.646540e+03,miss,50.583095,10.447863,61.091674,-1.877504e+07,-4.066434e+06,-1.638129e+07
6337,4.647778e+03,miss,19.212179,8.131282,77.231952,-6.318050e+06,-8.339870e+06,-2.298006e+07
6338,4.647841e+03,hit,-14.701588,78.276445,7.527379,8.948043e+06,-2.352251e+07,-2.046180e+06
6339,4.648881e+03,miss,19.925431,-62.828297,-45.338530,-1.171498e+06,1.899183e+07,1.660253e+07
6340,4.649347e+03,miss,-9.574448,41.528722,-67.702993,-5.413846e+05,-8.716983e+06,2.369580e+07
6341,4.650290e+03,miss,26.591141,71.128677,-25.171861,-1.390712e+07,-1.960353e+07,7.758383e+06
6342,4.650364e+03,miss,32.304609,-7.137974,-72.838599,-1.160687e+07,-3.639070e+06,2.213474e+07
6343,4.650383e+03,miss,-29.353118,-11.335334,73.552054,7.277638e+06,9.289474e+06,-2.233055e+07
6344,4.650700e+03,hit,-64.150668,47.207904,-7.490368,2.327861e+07,-9.457573e+06,2.572094e+06
6345,4.651826e+03,miss,-32.423688,11.588861,72.210821,5.693188e+06,2.650620e+05,-2.460949e+07
6346,4.652700e+03,miss,-20.699457,6.691994,76.985386,9.730415e+06,-6.437426e+06,-2.240777e+07
6347,4.653052e+03,miss,17.320048,8.180292,77.673025,-3.239083e+06,3.351354e+06,-2.483052e+07
6348,4.653332e+03,miss,-14.614694,15.700507,-77.070778,8.862624e+06,-7.983821e+06,2.227170e+07
6349,4.654401e+03,miss,-6.120834,-74.147565,29.405340,1.196520e+06,2.409053e+07,-7.528449e+06
6350,4.655668e+03,miss,-44.407642,-13.099969,65.240725,1.401881e+07,-2.207934e+06,-2.091016e+07
6351,4.655919e+03,miss,48.635393,31.388620,-55.220947,-1.091760e+07,-1.444013e+07,1.763405e+07
6352,4.657104e+03,miss,74.088492,-23.184027,-19.323463,-2.402016e+07,6.125439e+06,4.934002e+06
6353,4.657473e+03,miss,8.570343,-5.262899,79.365302,3.434662e+06,1.990853e+05,-2.504092e+07
6354,4.657552e+03,miss,27.452138,1.542050,-75.126575,-3.502447e+06,-4.075276e+06,2.469859e+07
6355,4.658006e+03,miss,8.927812,-76.958074,19.943646,-8.877432e+06,2.284811e+07,-6.173516e+06
6356,4.658368e+03,miss,52.022586,58.526741,16.378984,-1.331136e+07,-2.047241e+07,-6.534173e+06
6357,4.658611e+03,miss,17.557188,26.522384,73.405097,-1.064158e+07,-5.060331e+06,-2.236493e+07
6358,4.659062e+03,miss,40.357119,-47.509511,50.141294,-1.644804e+07,9.863643e+06,-1.647036e+07
6359,4.661512e+03,miss,-10.137764,-26.453115,-74.816164,4.158966e+06,1.305168e+07,2.125547e+07
6360,4.662511e+03,miss,16.007313,13.728305,-77.170588,5.324043e+05,-1.404577e+06,2.524518e+07
6361,4.662707e+03,miss,-22.721145,-6.970546,76.388226,1.054856e+07,-2.570498e+06,-2.284125e+07
6362,4.662796e+03,miss,-4.183912,17.851878,77.870439,2.165265e+06,6.437331e+05,-2.518952e+07
6363,4.662801e+03,miss,-0.084531,0.039261,-79.999946,-5.900199e+06,-1.599886e+06,2.454064e+07
6364,4.663377e+03,miss,36.350377,-64.207684,-30.919629,-1.589414e+07,1.633944e+07,1.095871e+07
6365,4.663862e+03,miss,-71.756493,14.882647,-32.086018,2.222910e+07,2.313422e+05,1.206542e+07
6366,4.664903e+03,miss,8.396698,-63.477714,47.959100,3.691392e+06,1.964438e+07,-1.550405e+07
6367,4.665974e+03,miss,34.577689,-29.715899,65.736967,-7.191607e+06,5.723586e+06,-2.357057e+07
6368,4.666996e+03,miss,56.326032,20.297631,-53.060194,-2.044506e+07,-3.487161e+06,1.449241e+07
6369,4.667650e+03,miss,34.597618,15.799714,-70.380209,-1.490564e+07,-6.033893e+06,1.953700e+07
6370,4.668101e+03,miss,-70.591613,2.932815,-37.526295,2.214762e+07,4.980261e+06,1.118133e+07
6371,4.669010e+03,miss,19.750374,58.866073,50.445100,-1.137571e+07,-1.500617e+07,-1.690784e+07
6372,4.669261e+03,miss,-31.506711,-8.894420,-72.994633,3.911425e+06,3.183687e+06,2.480053e+07
6373,4.669472e+03,miss,20.576533,-73.318817,-24.514431,-1.222493e+07,2.084415e+07,7.523473e+06
6374,4.672534e+03,miss,-61.812670,-38.803060,32.764560,2.227955e+07,7.066260e+06,-9.728301e+06
6375,4.673019e+03,miss,-60.924103,3.742667,-51.713114,1.761844e+07,4.792003e+06,1.753979e+07
6376,4.674052e+03,miss,0.492286,8.314690,-79.565216,2.070714e+06,3.268231e+06,2.502377e+07
6377,4.674624e+03,miss,14.746575,19.280892,-76.228510,-7.528381e+06,-4.493485e+05,2.417351e+07
6378,4.674972e+03,miss,9.617874,44.936143,65.484651,-8.840208e+06,-1.345705e+07,-1.954593e+07
6379,4.675003e+03,miss,-65.933867,-21.051623,-40.119252,1.937969e+07,1.164110e+07,1.141058e+07
6380,4.675290e+03,miss,19.450227,-76.022819,-15.563407,-3.209061e+06,2.430809e+07,6.336152e+06
6381,4.676078e+03,miss,36.622151,-69.928573,-12.992798,-7.937153e+06,2.348672e+07,5.178053e+06
6382,4.676753e+03,miss,-42.609663,12.731279,-66.500610,1.701230e+07,-4.600120e+06,1.819202e+07
6383,4.677200e+03,miss,-5.008733,12.568699,-78.847577,-1.482003e+06,-8.970359e+06,2.364163e+07
6384,4.677914e+03,miss,44.066938,-37.353665,-55.342648,-9.133251e+06,1.591655e+07,1.746240e+07
6385,4.678007e+03,miss,67.131917,-41.855525,-11.892046,-2.208998e+07,1.202081e+07,3.038778e+06
6386,4.678573e+03,miss,34.783886,38.394186,60.958738,-5.504851e+06,-1.531260e+07,-1.941648e+07
6387,4.678718e+03,miss,-43.032162,-61.282234,-28.155298,1.391310e+07,1.990686e+07,7.207006e+06
6388,4.679596e+03,miss,-18.339818,64.679966,43.360733,1.018034e+07,-1.709302e+07,-1.568785e+07
6389,4.680923e+03,miss,4.484166,-57.903916,-55.018440,-7.143356e+06,1.579578e+07,1.848153e+07
6390,4.681774e+03,miss,-18.596525,40.626010,-66.360354,9.365717e+06,-1.477936e+07,1.833226e+07
6391,4.682430e+03,miss,-31.187908,-10.976446,-72.848006,7.290436e+06,-2.247745e+06,2.416826e+07
6392,4.682477e+03,miss,-14.172348,-38.048843,-68.930618,5.349090e+06,1.584644e+07,1.904184e+07
6393,4.682627e+03,miss,1.602928,4.536007,79.855214,2.589937e+06,-6.638157e+06,-2.432204e+07
6394,4.683847e+03,miss,-21.108961,30.621947,-70.828724,1.190066e+07,-6.911455e+06,2.128634e+07
6395,4.683924e+03,miss,45.298718,-53.862174,38.038038,-1.048008e+07,1.774727e+07,-1.475516e+07
6396,4.684302e+03,miss,67.989989,-18.998515,-37.635326,-1.883020e+07,8.454691e+06,1.471415e+07
6397,4.685598e+03,miss,-42.797090,-17.711541,65.228141,8.085874e+06,6.536077e+06,-2.312230e+07
6398,4.685950e+03,miss,55.197697,-7.937171,-57.360401,-1.338979e+07,1.249020e+06,2.149289e+07
6399,4.686378e+03,miss,-45.384626,59.993757,-27.221036,1.876778e+07,-1.441807e+07,9.096101e+06
6400,4.686563e+03,miss,7.479363,8.394284,-79.206030,-3.796958e+06,-8.275283e+06,2.366384e+07
6401,4.686853e+03,miss,67.551158,-8.562356,-41.994370,-2.158200e+07,6.780550e+06,1.145232e+07
6402,4.687250e+03,miss,-1.936619,79.600947,7.742009,-5.323947e+06,-2.468359e+07,-2.311939e+06
6403,4.687494e+03,miss,-10.596472,-1.704311,-79.276794,8.963257e+06,1.890839e+06,2.364503e+07
6404,4.688405e+03,miss,-4.868676,-24.683666,-75.940850,7.526643e+06,7.614574e+06,2.298903e+07
6405,4.689382e+03,miss,4.954403,1.499444,-79.832359,-4.225772e+05,-6.502018e+06,2.451136e+07
6406,4.689548e+03,miss,1.298814,-0.572656,79.987406,-5.887641e+06,2.893694e+06,-2.449992e+07
6407,4.689716e+03,miss,70.112233,35.770709,-14.308428,-2.049071e+07,-1.445739e+07,3.797633e+06
6408,4.690082e+03,miss,48.695066,-12.797392,-62.169263,-1.371380e+07,9.877502e+06,1.891359e+07
6409,4.690132e+03,miss,65.656760,-18.578134,41.761739,-1.751767e+07,1.022379e+07,-1.523055e+07
6410,4.691310e+03,miss,7.414659,-10.280765,-78.989421,-3.309179e+06,-2.998541e+06,2.497166e+07
6411,4.691935e+03,miss,29.008360,14.645273,73.102880,-1.396353e+07,-3.519121e+06,-2.088653e+07
6412,4.693778e+03,miss,-51.887879,-24.387628,55.793294,1.654375e+07,1.628815e+06,-1.917070e+07
6413,4.694469e+03,miss,17.431775,-36.271495,-69.141246,4.303040e+05,1.341284e+07,2.153763e+07
6414,4.694470e+03,miss,28.627760,73.206362,14.875481,-8.400546e+06,-2.364331e+07,-3.792628e+06
6415,4.694690e+03,miss,13.152314,71.877160,32.568245,-7.212979e+06,-2.275467e+07,-8.613201e+06
6416,4.695204e+03,miss,28.699222,64.323764,-37.931623,-4.079782e+06,-2.252736e+07,1.095141e+07
6417,4.696439e+03,miss,-29.722872,9.860488,73.616042,1.254852e+07,1.769555e+06,-2.199165e+07
6418,4.696768e+03,miss,31.313947,-14.913942,72.090298,-4.661646e+06,8.289961e+06,-2.353338e+07
6419,4.697909e+03,miss,-41.695556,-16.534007,-66.242790,7.738489e+06,5.375170e+06,2.357232e+07
6420,4.698046e+03,miss,-58.755174,-49.698689,21.860235,2.030179e+07,1.249745e+07,-8.723587e+06
6421,4.698607e+03,miss,15.694262,-9.616777,77.853759,1.036181e+06,5.117970e+06,-2.484471e+07
6422,4.698852e+03,miss,-6.058657,-39.010467,-69.580717,6.385560e+06,7.970645e+06,2.324336e+07
6423,4.699861e+03,miss,-40.455712,-10.685238,-68.184757,9.031555e+06,-1.082170e+06,2.370567e+07
6424,4.700539e+03,miss,-64.763279,-19.190992,-42.865178,1.723864e+07,9.009310e+06,1.632340e+07
6425,4.701148e+03,miss,-27.476842,31.621133,68.155169,1.242258e+07,-1.154488e+07,-1.890161e+07
6426,4.702170e+03,miss,69.452828,36.594871,-15.398706,-1.835087e+07,-1.683276e+07,4.991949e+06
6427,4.702926e+03,miss,75.813965,-24.791799,-6.132654,-2.179327e+07,1.292444e+07,1.769628e+06
6428,4.703393e+03,miss,-60.429782,-20.315696,48.327156,1.529707e+07,1.065986e+07,-1.724964e+07
6429,4.703508e+03,miss,-65.421089,-39.097733,-24.319713,1.931804e+07,1.309026e+07,1.003282e+07
6430,4.704169e+03,miss,52.722374,-25.407203,54.541960,-1.797536e+07,1.809360e+06,-1.785784e+07
6431,4.706063e+03,miss,-39.550663,-68.316504,12.984619,1.510157e+07,1.973666e+07,-5.287368e+06
6432,4.706190e+03,miss,-18.602662,-14.846592,76.377481,1.070725e+07,1.271153e+06,-2.300665e+07
6433,4.706950e+03,miss,-64.355560,-32.907369,-34.285084,2.222508e+07,4.363597e+06,1.151850e+07
6434,4.707151e+03,miss,78.883019,4.614275,12.497110,-2.412584e+07,-7.092740e+06,-3.651782e+06
6435,4.707867e+03,miss,25.611000,3.070764,-75.727453,-4.981421e+06,4.569485e+06,2.449699e+07
6436,4.708162e+03,miss,44.462038,18.247889,-63.954216,-1.414881e+07,-1.068819e+07,1.820470e+07
6437,4.708752e+03,miss,28.797125,-51.036876,54.460655,-1.419145e+07,1.248588e+07,-1.698894e+07
6438,4.709594e+03,miss,-18.753439,23.857686,-74.021074,6.427025e+06,-1.283026e+06,2.455771e+07
6439,4.710039e+03,miss,22.458655,-11.511656,75.915022,-1.230167e+07,3.313226e+06,-2.199515e+07
6440,4.710039e+03,miss,52.269017,50.976361,32.701077,-2.019072e+07,-1.092845e+07,-1.090865e+07
6441,4.710054e+03,miss,-46.969740,55.337997,33.638514,1.912814e+07,-1.277933e+07,-1.081203e+07
6442,4.710323e+03,miss,-22.189972,-5.500761,76.663856,1.666964e+06,-1.585885e+06,-2.531482e+07
6443,4.711093e+03,miss,15.434971,-64.617406,44.568515,-1.011970e+07,1.740425e+07,-1.552171e+07
6444,4.711125e+03,miss,17.335338,32.352917,71.082873,-9.591704e+06,-1.228569e+07,-2.008245e+07
6445,4.711668e+03,miss,-35.995628,-43.497778,-56.676786,1.597326e+07,1.113876e+07,1.634324e+07
6446,4.712491e+03,miss,-19.507810,6.815064,-77.285188,1.153319e+07,-2.083589e+06,2.256270e+07
6447,4.713562e+03,miss,15.850043,-0.556333,78.412159,-7.099275e+05,4.838011e+06,-2.495332e+07
6448,4.716123e+03,miss,-29.572263,-68.102066,-29.792446,4.252451e+06,2.355212e+07,8.610678e+06
6449,4.716575e+03,miss,24.076712,-58.351289,49.147116,-1.098404e+07,1.432515e+07,-1.792017e+07
6450,4.718434e+03,miss,-2.803987,-8.568725,-79.490343,-3.579425e+06,6.804969e+06,2.425132e+07
6451,4.718714e+03,miss,-18.625078,63.959170,44.298206,6.871465e+06,-1.726095e+07,-1.738182e+07
6452,4.719085e+03,miss,-58.594867,37.532962,-39.470474,2.112008e+07,-6.038055e+06,1.283823e+07
6453,4.720541e+03,hit,74.741106,-28.437445,2.253619,-2.494230e+07,5.004484e+06,-6.104272e+05
6454,4.721547e+03,miss,-56.928475,55.449319,-9.193568,1.377143e+07,-2.112563e+07,3.424792e+06
6455,4.723025e+03,miss,57.037533,-13.987703,54.323697,-2.051771e+07,4.150660e+06,-1.448005e+07
6456,4.723708e+03,miss,0.722106,-20.672616,77.279503,-1.738335e+06,1.166825e+07,-2.255660e+07
6457,4.724037e+03,miss,19.361393,-9.180447,-77.076948,-6.185916e+06,-3.432456e+06,2.445338e+07
6458,4.724909e+03,miss,-75.524561,12.671559,-23.140274,2.452768e+07,1.415488e+06,6.672645e+06
6459,4.725312e+03,miss,-55.656405,13.266363,-55.913936,1.550861e+07,-1.010685e+07,1.747927e+07
6460,4.726292e+03,miss,-15.969871,-23.136987,74.897550,1.055592e+07,5.107776e+06,-2.260106e+07
6461,4.726639e+03,miss,-43.683709,-1.692454,66.999023,1.636818e+07,-3.711195e+06,-1.914894e+07
6462,4.726691e+03,miss,-34.695177,-9.556525,-71.448706,1.519496e+07,3.965855e+06,2.004406e+07
6463,4.726908e+03,miss,53.346285,59.101212,7.824361,-2.026167e+07,-1.526911e+07,-2.174402e+06
6464,4.726948e+03,miss,-55.393454,13.848890,-56.033682,1.914913e+07,1.241287e+06,1.673872e+07
6465,4.727025e+03,miss,2.096083,-56.757770,56.339702,5.188455e+06,1.837396e+07,-1.684941e+07
6466,4.727105e+03,miss,-47.510324,-31.975872,55.859759,1.055881e+07,1.465030e+07,-1.795317e+07
6467,4.727116e+03,miss,73.981556,5.332271,29.971591,-2.412428e+07,1.601708e+06,-7.993203e+06
6468,4.727413e+03,miss,0.548619,2.375277,-79.962848,6.011652e+06,-4.439699e+05,2.474149e+07
6469,4.728537e+03,miss,57.105009,-51.372061,-22.359098,-1.916332e+07,1.575802e+07,5.751918e+06
6470,4.729999e+03,hit,-64.970795,46.479016,-4.300799,2.166076e+07,-1.335742e+07,1.106222e+06
6471,4.730055e+03,miss,63.160765,-38.652175,-30.277502,-2.217392e+07,6.575727e+06,1.067322e+07
6472,4.730161e+03,miss,35.383200,6.360370,71.467299,-1.517938e+07,-3.845811e+06,-2.009108e+07
6473,4.731641e+03,miss,77.795165,3.985288,18.221686,-2.411836e+07,-3.199458e+06,-7.558205e+06
6474,4.731983e+03,miss,69.761842,30.417229,24.659229,-2.173142e+07,-1.165254e+07,-6.408509e+06
6475,4.732054e+03,miss,-72.521731,-29.777845,-15.933566,2.401918e+07,7.420945e+06,4.138067e+06
6476,4.732314e+03,miss,-62.506053,-8.181392,49.255032,1.924344e+07,8.249578e+06,-1.451844e+07
6477,4.732741e+03,miss,23.147241,18.555054,74.296132,-2.946981e+06,-1.031251e+07,-2.311226e+07
6478,4.733357e+03,miss,32.384890,2.108973,73.121619,-1.226440e+07,4.745227e+06,-2.182569e+07
6479,4.733381e+03,miss,6.141447,69.343287,39.418157,-4.135817e+06,-1.971684e+07,-1.560250e+07
6480,4.733767e+03,miss,0.571871,-67.521074,-42.901953,-2.657315e+06,2.263352e+07,1.140229e+07
6481,4.733937e+03,miss,-7.591967,-11.527934,-78.800183,1.798737e+06,9.426195e+06,2.360688e+07
6482,4.734351e+03,miss,-46.905044,-9.625810,64.087913,1.390687e+07,8.955168e+06,-1.938644e+07
6483,4.734603e+03,miss,-14.367429,7.211456,-78.368182,6.448542e+06,3.656011e+06,2.438267e+07
6484,4.735365e+03,miss,-64.475716,44.508843,16.181622,2.223448e+07,-1.064323e+07,-6.474446e+06
6485,4.735488e+03,miss,-8.994588,-12.052207,78.573798,6.081668e+06,8.411025e+06,-2.327775e+07
6486,4.735854e+03,miss,43.913576,42.478471,51.644722,-1.029835e+07,-1.229387e+07,-1.981012e+07
6487,4.736376e+03,miss,-36.680878,-58.739126,40.052819,1.425648e+07,1.827500e+07,-1.060589e+07
6488,4.736506e+03,miss,-11.506361,-22.190913,-75.994520,-2.652370e+06,6.060416e+06,2.461629e+07
6489,4.736511e+03,miss,-38.744945,22.891693,66.142268,1.525437e+07,-9.297879e+06,-1.818185e+07
6490,4.737109e+03,miss,-6.945850,-71.670760,-34.857672,1.700583e+06,2.110966e+07,1.418797e+07
6491,4.737944e+03,miss,48.165551,59.214152,23.953369,-1.482781e+07,-1.979881e+07,-6.169758e+06
6492,4.738749e+03,miss,31.828944,-34.319808,-64.877339,-5.093366e+06,8.960722e+06,2.331944e+07
6493,4.738842e+03,hit,-62.122950,49.912813,7.032083,2.078771e+07,-1.446328e+07,-2.954755e+06
6494,4.739825e+03,miss,-0.602879,-4.964320,79.843547,-4.487418e+05,7.578124e+06,-2.434238e+07
6495,4.740146e+03,miss,74.088384,25.764731,-15.719096,-2.494302e+07,-2.155622e+06,4.839833e+06
6496,4.740461e+03,miss,-29.649169,42.366021,-61.041355,3.622356e+06,-1.608535e+07,1.945272e+07
6497,4.740509e+03,miss,16.359369,17.514603,76.325682,-1.030695e+05,-1.859843e+06,-2.543236e+07
6498,4.740749e+03,miss,-29.466018,61.901547,41.230478,6.727039e+06,-1.836958e+07,-1.635889e+07
6499,4.741728e+03,miss,-59.547909,-11.183719,-52.239554,1.945536e+07,-2.679523e+06,1.627118e+07
6500,4.741766e+03,miss,-33.112404,62.238885,-37.813885,4.444997e+06,-2.168302e+07,1.267027e+07
6501,4.742638e+03,miss,-21.672265,4.966251,76.848222,4.219777e+06,4.224759e+06,-2.479741e+07
6502,4.742697e+03,miss,-26.658360,-74.428869,-12.234184,1.335690e+07,2.144526e+07,3.502705e+06
6503,4.742814e+03,miss,-8.182847,-70.753619,-36.427551,-3.327343e+06,2.280848e+07,1.092214e+07
6504,4.742839e+03,miss,78.913886,1.374502,13.065576,-2.459453e+07,4.506336e+06,-5.039480e+06
6505,4.742899e+03,miss,33.685611,-57.525535,-44.227734,-1.574924e+07,1.484410e+07,1.349877e+07
6506,4.743277e+03,miss,17.486376,17.410986,-76.099174,-1.022098e+07,-1.606913e+06,2.331531e+07
6507,4.743534e+03,miss,-27.312901,55.705881,50.506041,1.157937e+07,-1.824140e+07,-1.355947e+07
6508,4.744257e+03,miss,-66.670155,38.057442,-22.510477,1.838374e+07,-1.530548e+07,8.863924e+06
6509,4.744446e+03,miss,25.734946,17.065198,-73.800349,-8.887196e+06,-1.059324e+07,2.143865e+07
6510,4.744506e+03,miss,-45.803228,-63.931617,-14.656489,1.268646e+07,2.180158e+07,3.816781e+06
6511,4.744680e+03,miss,33.220142,-33.080710,-64.823521,-1.490080e+07,9.895561e+06,1.819041e+07
6512,4.745240e+03,miss,49.714783,62.313652,6.741589,-1.829140e+07,-1.757105e+07,-2.758028e+06
6513,4.745268e+03,miss,-16.628380,59.331014,51.022816,5.582879e+06,-2.089955e+07,-1.352656e+07
6514,4.745402e+03,miss,7.866790,8.391370,-79.168798,9.564064e+05,2.692467e+06,2.535314e+07
6515,4.746667e+03,miss,1.526320,-3.256496,79.919119,4.119456e+06,5.127374e+06,-2.465481e+07
6516,4.749034e+03,miss,-38.847923,-30.401256,-62.980969,1.615167e+07,5.002203e+06,1.911925e+07
6517,4.749920e+03,miss,73.772338,30.082394,7.258910,-2.518570e+07,-3.383184e+06,-2.408383e+06
6518,4.750204e+03,miss,-79.116775,11.714536,1.818134,2.401774e+07,-8.617370e+06,-7.026567e+05
6519,4.751069e+03,hit,79.950898,-1.986553,1.976732,-2.551461e+07,1.477711e+05,-8.403381e+05
6520,4.751845e+03,miss,31.733208,-40.979871,-60.939755,-1.275413e+07,1.466332e+07,1.655744e+07
6521,4.751879e+03,miss,30.837165,67.055083,-30.865598,-1.370542e+07,-1.981662e+07,8.443782e+06
6522,4.752509e+03,miss,66.387550,-41.533624,16.360054,-1.901501e+07,1.645967e+07,-4.407909e+06
6523,4.753319e+03,miss,-17.273614,-77.931496,5.320169,8.433096e+06,2.400204e+07,-2.194666e+06
6524,4.754129e+03,miss,57.687131,22.442044,50.680860,-1.956577e+07,-9.303883e+06,-1.351893e+07
6525,4.754367e+03,miss,3.049524,1.198579,-79.932871,-3.092256e+06,-6.133902e+06,2.459652e+07
6526,4.755118e+03,miss,2.372697,55.706433,-57.368664,-6.980483e+06,-1.666044e+07,1.805495e+07
6527,4.755285e+03,miss,-20.158687,-55.056421,-54.428098,9.469400e+06,1.307038e+07,1.979386e+07
6528,4.755720e+03,miss,-26.990301,-39.788225,-63.940760,1.109692e+07,7.033410e+06,2.190321e+07
6529,4.756630e+03,hit,-76.000529,-24.756383,3.322803,2.151962e+07,1.371926e+07,-1.083400e+06
6530,4.757088e+03,miss,40.179731,-11.376013,-68.236175,-1.485930e+07,7.674951e+06,1.930920e+07
6531,4.757290e+03,miss,10.067564,37.658161,69.860626,-3.178259e+05,-6.991646e+06,-2.456812e+07
6532,4.757532e+03,miss,13.425242,-72.060635,32.047273,2.131795e+05,2.233699e+07,-1.239448e+07
6533,4.758030e+03,miss,51.551870,50.551322,34.452410,-1.830228e+07,-1.191255e+07,-1.325880e+07
6534,4.758236e+03,miss,11.551300,-12.538864,78.162295,2.581830e+06,5.162042e+06,-2.488762e+07
6535,4.758971e+03,miss,-10.076215,14.353167,78.054189,-2.947799e+06,-6.052996e+06,-2.464709e+07
6536,4.759379e+03,miss,-1.130830,-41.016667,-68.675718,-3.901558e+06,1.571348e+07,1.976683e+07
6537,4.759488e+03,miss,-25.670987,33.100472,68.156872,1.225582e+07,-5.652812e+06,-2.169605e+07
6538,4.759687e+03,miss,-50.584634,5.338724,-61.747007,1.216842e+07,-6.153123e+06,2.160958e+07
6539,4.762104e+03,miss,-79.262346,-3.780741,-10.158077,2.483838e+07,-4.776019e+06,3.671738e+06
6540,4.762175e+03,miss,37.361003,-66.229099,24.856829,-8.707415e+06,2.307597e+07,-6.702778e+06
6541,4.762254e+03,miss,-60.966351,-47.857412,19.818482,2.273967e+07,9.853629e+06,-6.250674e+06
6542,4.762366e+03,miss,16.846082,-65.336338,-42.981071,5.279209e+05,2.199779e+07,1.300353e+07
6543,4.763352e+03,miss,52.477279,-59.550537,9.993433,-1.666480e+07,1.891273e+07,-4.242766e+06
6544,4.763760e+03,miss,-7.446895,-14.008642,-78.411107,7.729524e+06,1.321993e+06,2.433045e+07
6545,4.764754e+03,miss,13.360087,-0.170333,78.876353,1.462463e+06,2.916672e+06,-2.535655e+07
6546,4.764778e+03,miss,4.385390,39.066320,69.674895,-4.387792e+06,-7.224773e+06,-2.412786e+07
6547,4.764837e+03,miss,-18.251507,-21.801680,74.776796,1.128410e+07,6.287196e+06,-2.206246e+07
6548,4.765018e+03,miss,-8.136887,-70.505210,-36.916208,5.144526e+05,2.080473e+07,1.485044e+07
6549,4.765327e+03,miss,-7.074912,-30.484016,-73.625202,4.607983e+06,1.379733e+07,2.102568e+07
6550,4.765374e+03,miss,-8.457664,-63.056586,48.500875,6.508661e+06,2.084029e+07,-1.330433e+07
6551,4.765856e+03,miss,-44.122184,-58.884294,31.398612,1.277668e+07,1.799151e+07,-1.291564e+07
6552,4.766131e+03,miss,-71.248288,-23.462492,27.806346,2.186683e+07,1.094424e+07,-7.473600e+06
6553,4.766241e+03,miss,51.109864,17.389121,-59.037279,-1.463578e+07,-1.118743e+07,1.773245e+07
6554,4.767295e+03,miss,0.625276,-1.954434,79.973678,-1.604350e+05,-5.628543e+06,-2.494480e+07
6555,4.767561e+03,miss,-13.543836,16.711244,-77.053870,2.434216e+05,-4.487148e+05,2.556804e+07
6556,4.767870e+03,miss,1.735743,-2.087248,79.953928,-6.646873e+06,-2.572879e+05,-2.469374e+07
6557,4.769314e+03,miss,-21.732570,34.659569,-68.748889,6.717286e+05,-1.244491e+07,2.233604e+07
6558,4.770309e+03,miss,-27.714837,72.397373,-19.761282,1.448021e+07,-2.012767e+07,6.289883e+06
6559,4.770443e+03,miss,40.833727,62.930212,-27.791998,-7.299924e+06,-2.286708e+07,8.842436e+06
6560,4.770970e+03,miss,-6.641518,-77.007895,20.631876,7.062975e+06,2.389081e+07,-5.813479e+06
6561,4.771168e+03,miss,4.405412,-24.745820,-75.948909,3.075408e+06,1.143599e+07,2.267687e+07
6562,4.771771e+03,miss,76.852844,-4.920564,-21.666297,-2.422022e+07,5.740414e+06,5.915372e+06
6563,4.771802e+03,miss,16.794074,4.460198,78.090113,-2.431923e+06,4.270646e+06,-2.510806e+07
6564,4.772512e+03,miss,1.634061,0.270804,79.982851,4.241121e+06,-4.108458e+06,-2.489574e+07
6565,4.772698e+03,miss,73.611008,-27.042327,15.815562,-2.144796e+07,1.246443e+07,-6.270017e+06
6566,4.772935e+03,miss,-23.671834,-27.576500,-71.268373,1.837780e+06,6.773779e+06,2.460612e+07
6567,4.773125e+03,miss,74.841639,-25.400284,-12.391720,-2.258295e+07,1.156305e+07,3.324933e+06
6568,4.773248e+03,miss,31.591139,69.784660,23.067317,-4.618293e+06,-2.422318e+07,-6.831895e+06
6569,4.773489e+03,miss,16.253787,-6.554863,-78.056698,-3.118439e+06,-3.966558e+06,2.508666e+07
6570,4.773720e+03,miss,12.852485,-0.259026,-78.960411,2.036292e+06,-1.753433e+06,2.544817e+07
6571,4.774489e+03,miss,-39.985771,-55.786270,41.097813,1.590014e+07,1.671567e+07,-1.107736e+07
6572,4.774667e+03,miss,59.218100,35.854928,40.095397,-2.022322e+07,-1.165318e+07,-1.049690e+07
6573,4.774846e+03,miss,-15.089777,3.187839,78.499276,5.771959e+06,-6.959164e+06,-2.394242e+07
6574,4.774995e+03,miss,17.672102,7.040195,77.705421,-9.402140e+06,-6.260687e+06,-2.296538e+07
6575,4.775710e+03,miss,34.104352,-48.554155,-53.659922,-1.086274e+07,1.110955e+07,2.033918e+07
6576,4.776474e+03,miss,-12.992535,48.090678,62.597769,3.265047e+06,-1.868621e+07,-1.718643e+07
6577,4.778602e+03,miss,78.460345,-2.483315,15.421006,-2.424126e+07,6.787120e+06,-4.668679e+06
6578,4.778968e+03,miss,21.673204,-41.669092,64.760783,-1.198797e+07,1.273797e+07,-1.869713e+07
6579,4.781076e+03,miss,-2.365114,-11.084471,-79.193060,-4.265494e+06,6.958026e+06,2.427408e+07
6580,4.781093e+03,miss,5.089687,-77.588759,-18.817002,3.511353e+06,2.479863e+07,5.342296e+06
6581,4.781524e+03,hit,8.545136,79.497020,-2.684104,-1.735418e+06,-2.554239e+07,6.896067e+05
6582,4.781730e+03,miss,15.839086,0.332632,78.415641,-9.908617e+06,2.894573e+06,-2.343864e+07
6583,4.782167e+03,miss,12.229389,-62.010614,-49.042082,1.954708e+06,2.082244e+07,1.478494e+07
6584,4.782619e+03,miss,-28.153998,53.556749,-52.335714,6.206973e+06,-1.449930e+07,2.018155e+07
6585,4.783543e+03,miss,0.966454,-0.542152,79.992325,-3.912523e+06,5.199512e+06,-2.477570e+07
6586,4.783706e+03,miss,-7.736426,-0.224206,-79.624729,-1.773725e+06,-4.628042e+06,2.513236e+07
6587,4.784864e+03,miss,26.247843,-10.785353,-74.797907,-1.330503e+07,1.659192e+06,2.183076e+07
6588,4.785757e+03,miss,-18.444037,-33.931566,-70.060448,1.142080e+07,9.522914e+06,2.086531e+07
6589,4.787051e+03,miss,35.867858,34.670456,-62.541636,-1.428349e+07,-1.264250e+07,1.711164e+07
6590,4.787381e+03,miss,-68.781943,22.568050,-34.054770,2.285833e+07,-7.459850e+06,8.862934e+06
6591,4.787389e+03,miss,-16.954510,-5.950890,77.955959,-3.588399e+05,-8.769325e+05,-2.560874e+07
6592,4.787848e+03,miss,50.191410,-59.487253,-18.495649,-2.023787e+07,1.469668e+07,5.586113e+06
6593,4.788234e+03,miss,-13.558605,1.101518,78.834960,3.039891e+06,-6.472472e+06,-2.461072e+07
6594,4.788285e+03,miss,-3.085043,9.175048,-79.412222,5.196041e+06,-7.094312e+06,2.407281e+07
6595,4.788876e+03,hit,-78.460898,15.594785,-0.830729,2.546260e+07,-2.918669e+06,2.158883e+05
6596,4.789955e+03,miss,-37.218333,-45.781984,-54.025971,9.016639e+06,1.201979e+07,2.076733e+07
6597,4.790348e+03,miss,-16.271834,-32.999837,-71.036879,5.660130e+06,4.500613e+06,2.459306e+07
6598,4.790357e+03,miss,28.731787,-8.541597,-74.172269,-8.005972e+06,8.699321e+06,2.274508e+07
6599,4.790527e+03,miss,20.795504,-57.159029,51.965300,-1.185313e+07,1.697811e+07,-1.511235e+07
6600,4.791572e+03,miss,22.505142,10.500404,-76.047749,-7.698997e+06,3.010489e+06,2.426812e+07
6601,4.792508e+03,miss,27.485123,-5.274947,74.944933,-9.953620e+06,-4.392269e+06,-2.321726e+07
6602,4.792513e+03,miss,2.929258,77.438856,19.865625,-1.118092e+06,-2.420868e+07,-8.372460e+06
6603,4.792913e+03,miss,73.759507,-30.575944,4.964548,-2.219378e+07,1.267669e+07,-2.049521e+06
6604,4.793572e+03,miss,47.973029,63.144119,10.555034,-1.913057e+07,-1.681247e+07,-2.985920e+06
6605,4.793850e+03,miss,-8.905396,-3.823598,-79.410793,2.982190e+05,6.897113e+06,2.469681e+07
6606,4.794176e+03,miss,-7.355592,-43.296505,66.867839,-1.119854e+06,1.708085e+07,-1.909520e+07
6607,4.794728e+03,miss,25.389049,-38.696675,-65.253073,-1.325989e+07,1.083383e+07,1.909229e+07
6608,4.794947e+03,miss,-71.888139,15.080604,31.696544,2.099891e+07,-1.082788e+07,-9.977228e+06
6609,4.795014e+03,miss,-54.049019,-53.627759,24.551314,1.430915e+07,1.882237e+07,-9.935687e+06
6610,4.795247e+03,miss,-8.120231,66.280320,-44.056566,-2.546739e+06,-1.963359e+07,1.630397e+07
6611,4.795249e+03,miss,-73.061740,-29.622264,-13.583212,2.478452e+07,5.448511e+06,3.718198e+06
6612,4.796018e+03,miss,36.767424,21.681622,67.661391,-1.608953e+07,-5.328319e+06,-1.925163e+07
6613,4.796130e+03,miss,15.843335,-76.749954,16.075860,-1.096468e+07,2.248658e+07,-5.659858e+06
6614,4.796253e+03,miss,-0.444394,-0.064612,79.998740,4.946399e+04,6.239429e+06,-2.487948e+07
6615,4.797591e+03,miss,69.786642,20.395283,-33.374496,-2.027580e+07,-1.209940e+07,1.003002e+07
6616,4.798048e+03,miss,-0.265137,0.709259,79.996417,-5.929755e+06,-1.828524e+06,-2.489301e+07
6617,4.799390e+03,miss,65.878607,9.479730,-44.386302,-1.973711e+07,2.422274e+06,1.621514e+07
6618,4.799555e+03,miss,-20.447442,-1.839605,77.320877,9.192786e+06,-4.732835e+06,-2.348334e+07
6619,4.801644e+03,miss,-68.211621,4.945933,41.505572,2.171931e+07,-6.730253e+06,-1.190109e+07
6620,4.802097e+03,miss,73.423256,-27.400021,-16.070606,-2.328890e+07,9.953952e+06,4.155565e+06
6621,4.802193e+03,miss,48.255191,-27.554305,-57.551688,-1.767919e+07,1.021530e+07,1.555088e+07
6622,4.802244e+03,miss,3.581581,-16.812964,78.131277,3.969315e+06,1.488246e+06,-2.531349e+07
6623,4.802562e+03,miss,35.567896,34.382926,62.870813,-1.332356e+07,-5.000578e+06,-2.136033e+07
6624,4.802821e+03,miss,1.720186,46.897677,64.789265,-2.249051e+06,-9.960221e+06,-2.354905e+07
6625,4.802864e+03,miss,-43.058827,66.517091,11.018806,1.584901e+07,-1.998267e+07,-2.886161e+06
6626,4.807622e+03,miss,-41.170628,52.904862,-43.658389,1.728833e+07,-1.201632e+07,1.470382e+07
6627,4.807848e+03,miss,-10.666090,-23.264268,75.795833,-2.674315e+06,5.402159e+06,-2.496351e+07
6628,4.808079e+03,miss,41.347654,32.750668,-60.147862,-1.135090e+07,-5.871301e+06,2.227619e+07
6629,4.808688e+03,miss,15.104513,49.653028,-60.880461,-9.225574e+06,-1.670883e+07,1.718519e+07
6630,4.808823e+03,miss,65.275175,-6.977398,45.721631,-1.826360e+07,3.199387e+05,-1.805504e+07
6631,4.808839e+03,miss,-62.996741,28.092007,40.524681,1.729625e+07,-1.438268e+07,-1.239460e+07
6632,4.809933e+03,miss,76.890423,-19.898818,9.586445,-2.537483e+07,3.059837e+06,-2.559977e+06
6633,4.810200e+03,miss,-28.759347,2.549153,74.608323,6.206210e+06,-6.495837e+06,-2.406494e+07
6634,4.810229e+03,miss,4.323830,13.124709,78.797503,-5.378997e+06,7.775804e+05,-2.510578e+07
6635,4.810271e+03,miss,-67.841928,27.986054,-31.847348,2.335462e+07,-6.492807e+06,8.499951e+06
6636,4.811124e+03,miss,77.933791,1.492151,18.002714,-2.525358e+07,-7.992640e+05,-4.645310e+06
6637,4.811150e+03,miss,-10.904478,-78.024373,13.902863,7.945860e+06,2.380499e+07,-5.490945e+06
6638,4.811596e+03,miss,-11.547957,17.763558,-77.143378,-2.494083e+06,-3.943167e+06,2.526375e+07
6639,4.814370e+03,miss,61.605593,12.956200,-49.364844,-2.045737e+07,2.078699e+06,1.541368e+07
6640,4.814887e+03,miss,0.121937,-48.566559,-63.571019,1.237288e+06,1.061530e+07,2.337225e+07
6641,4.815984e+03,miss,10.531029,-1.110900,79.296049,-3.252494e+06,6.559284e+06,-2.463788e+07
6642,4.816669e+03,miss,-34.904374,-71.736903,5.958304,1.655018e+07,1.957697e+07,-1.885690e+06
6643,4.817780e+03,miss,-20.288467,-74.954955,-19.238836,3.994851e+06,2.488241e+07,5.077519e+06
6644,4.817840e+03,miss,0.566586,-49.812185,62.597326,-5.207693e+06,1.252203e+07,-2.183944e+07
6645,4.818958e+03,miss,16.933553,5.083519,-78.021873,-1.064152e+07,7.123007e+05,2.339416e+07
6646,4.819098e+03,miss,-18.240022,-49.522164,-60.123680,5.130427e+06,1.126269e+07,2.253632e+07
6647,4.819731e+03,miss,23.764258,-47.808754,-59.578378,-3.791186e+06,1.236385e+07,2.222395e+07
6648,4.820340e+03,miss,77.597531,12.434829,-14.966571,-2.531208e+07,1.377956e+06,4.315702e+06
6649,4.820395e+03,miss,-17.645653,-77.047057,12.344308,4.390158e+06,2.478967e+07,-5.237556e+06
6650,4.821153e+03,miss,-9.220995,-10.465756,78.774623,6.329864e+06,7.960215e+06,-2.362001e+07
6651,4.821398e+03,miss,-63.153875,42.660731,-24.323858,2.303153e+07,-7.890680e+06,8.285924e+06
6652,4.821722e+03,miss,-35.272872,64.273303,-32.011983,1.596345e+07,-1.663179e+07,1.140030e+07
6653,4.822677e+03,miss,62.724809,2.167967,-49.607442,-1.746666e+07,-5.767092e+06,1.797783e+07
6654,4.822705e+03,miss,33.618207,47.827253,54.611080,-1.255137e+07,-1.696651e+07,-1.470206e+07
6655,4.822921e+03,miss,54.783771,-7.879333,-57.763782,-1.752612e+07,8.048720e+06,1.701860e+07
6656,4.823825e+03,miss,29.166478,34.757412,-65.888079,-3.931496e+06,-1.447902e+07,2.089509e+07
6657,4.824570e+03,miss,-61.523663,35.164188,37.125716,2.197851e+07,-5.218755e+06,-1.230916e+07
6658,4.824824e+03,miss,9.569189,-31.894834,72.740293,-1.126874e+06,1.476903e+07,-2.103441e+07
6659,4.825080e+03,hit,16.968661,-78.013939,5.088209,-6.398697e+06,2.488389e+07,-1.313160e+06
6660,4.825140e+03,miss,2.623106,1.419105,-79.944390,1.738841e+06,-6.129955e+06,2.492557e+07
6661,4.826234e+03,hit,-79.361441,-0.875506,10.049637,2.523867e+07,4.196588e+06,-2.726235e+06
6662,4.826717e+03,miss,-9.482050,-2.090062,-79.408579,7.021417e+06,5.126544e+06,2.421814e+07
6663,4.827389e+03,miss,10.015441,-16.604007,77.614418,-8.989070e+06,5.839414e+06,-2.339424e+07
6664,4.827515e+03,miss,-24.604194,22.156091,-72.826789,2.933959e+06,-3.605802e+06,2.531007e+07
6665,4.827605e+03,miss,58.422979,-2.047404,54.612852,-2.008185e+07,-3.996006e+06,-1.558760e+07
6666,4.827773e+03,miss,9.933010,-6.135885,79.143454,-9.072827e+06,2.036202e+06,-2.399547e+07
6667,4.828713e+03,miss,-71.614289,-30.091128,19.128972,2.011316e+07,1.433756e+07,-7.229753e+06
6668,4.828856e+03,miss,38.194794,-24.053260,-66.049969,-6.638259e+06,7.435871e+06,2.372836e+07
6669,4.829147e+03,miss,38.758659,35.805206,-60.131137,-9.491824e+06,-7.899204e+06,2.258188e+07
6670,4.829288e+03,miss,1.442541,-0.298624,79.986436,-6.607260e+06,-7.562152e+05,-2.486413e+07
6671,4.830915e+03,miss,-62.112291,31.970852,-38.986254,2.157175e+07,-9.554380e+06,1.029803e+07
6672,4.831017e+03,miss,3.658171,21.472692,76.977538,-6.285942e+06,-9.461756e+06,-2.310091e+07
6673,4.831435e+03,miss,22.461894,59.208462,48.885800,-1.182449e+06,-2.070679e+07,-1.525051e+07
6674,4.832301e+03,miss,-10.071104,20.303344,-76.722533,4.157204e+06,-1.171937e+07,2.254418e+07
6675,4.832545e+03,miss,-36.709485,47.669554,-52.725965,7.843478e+06,-1.904840e+07,1.544467e+07
6676,4.832778e+03,miss,-13.465392,17.191107,76.961998,2.437247e+06,6.130924e+05,-2.562451e+07
6677,4.833500e+03,miss,-20.509144,-4.732939,77.181437,4.086804e+05,-1.903608e+05,-2.574543e+07
6678,4.834258e+03,miss,-60.915680,51.675117,4.354563,1.603113e+07,-2.011531e+07,-1.229514e+06
6679,4.834267e+03,miss,30.922841,-49.750394,54.485559,-1.049309e+07,1.836121e+07,-1.469343e+07
6680,4.834330e+03,miss,-0.019227,-0.041157,79.999987,5.452873e+06,-3.043435e+06,-2.498296e+07
6681,4.834497e+03,miss,21.184304,-19.080874,-74.747211,-7.744353e+05,8.425298e+06,2.432246e+07
6682,4.834749e+03,miss,17.942766,-77.231649,-10.645638,-6.318574e+06,2.481385e+07,2.747842e+06
6683,4.834904e+03,miss,0.147657,20.325365,77.374788,5.559932e+06,-3.376921e+06,-2.491800e+07
6684,4.834928e+03,miss,-63.715569,-32.663424,-35.685110,1.749088e+07,1.241105e+07,1.425697e+07
6685,4.835052e+03,miss,-1.126283,16.431425,-78.286268,1.683687e+06,1.037468e+06,2.567747e+07
6686,4.836392e+03,miss,-75.397333,-19.790423,17.988368,2.506661e+07,-6.469439e+04,-5.923523e+06
6687,4.837497e+03,miss,-21.090608,-36.387395,-68.052507,1.094226e+07,1.308069e+07,1.930652e+07
6688,4.837729e+03,miss,-30.390748,68.789196,-27.284593,1.049832e+07,-2.242640e+07,7.102978e+06
6689,4.837787e+03,miss,-44.884606,1.265575,66.210048,9.527615e+06,2.365835e+06,-2.381693e+07
6690,4.838024e+03,miss,45.152844,-43.344981,49.824024,-1.858608e+07,1.000315e+07,-1.476976e+07
6691,4.838110e+03,miss,5.598910,-3.443424,79.729512,-4.882993e+06,6.324457e+06,-2.449124e+07
6692,4.839363e+03,miss,66.350007,-0.608678,44.691230,-1.901770e+07,-4.371445e+06,-1.682417e+07
6693,4.840389e+03,miss,-64.487423,-1.920375,47.304169,2.246706e+07,-3.009909e+05,-1.261412e+07
6694,4.841997e+03,miss,60.874725,29.585659,-42.649228,-1.671409e+07,-1.476612e+07,1.291499e+07
6695,4.842213e+03,miss,-31.127474,-14.372436,-72.280796,1.437470e+07,5.660829e+06,2.062884e+07
6696,4.842301e+03,miss,1.823520,30.904932,73.766930,-1.575952e+06,-1.454505e+07,-2.121782e+07
6697,4.842368e+03,miss,0.382688,0.215467,-79.998795,-4.889691e+06,-4.094577e+06,2.497143e+07
6698,4.842711e+03,miss,10.660016,7.893854,-78.892656,2.688787e+06,-4.742453e+05,2.562888e+07
6699,4.844782e+03,miss,14.881680,-65.376737,43.639636,1.351738e+06,2.191585e+07,-1.350728e+07
6700,4.844891e+03,miss,-19.816597,26.744198,-72.746480,-4.209596e+04,-8.446237e+06,2.435677e+07
6701,4.844928e+03,miss,-56.961688,-34.819151,44.079392,1.452817e+07,1.621945e+07,-1.380072e+07
6702,4.845339e+03,miss,2.434053,44.314672,66.560388,-1.261186e+06,-8.844100e+06,-2.418359e+07
6703,4.845371e+03,miss,50.636554,61.606660,-6.368577,-1.790864e+07,-1.847068e+07,1.665395e+06
6704,4.845828e+03,miss,3.554216,-74.161537,-29.789830,-6.106835e+06,2.357581e+07,8.462247e+06
6705,4.846052e+03,miss,-12.465484,-27.610620,-74.042322,9.487106e+06,5.763280e+06,2.327084e+07
6706,4.847258e+03,miss,-65.831978,-24.151019,38.508168,2.216727e+07,1.415422e+06,-1.309682e+07
6707,4.847414e+03,miss,22.289647,-0.610367,-76.829676,-1.193819e+07,2.682310e+06,2.269855e+07
6708,4.847841e+03,miss,3.596562,7.094359,79.603611,-4.817354e+06,-7.024786e+06,-2.434016e+07
6709,4.848624e+03,miss,4.062374,-1.101779,79.889193,8.689946e+05,-5.575148e+06,-2.516481e+07
6710,4.848637e+03,miss,3.655936,70.436236,37.754084,4.084003e+06,-2.120175e+07,-1.410367e+07
6711,4.848716e+03,miss,48.851871,63.125897,-5.349380,-1.523703e+07,-2.076153e+07,1.381883e+06
6712,4.848939e+03,miss,17.898506,44.191030,-64.240146,-4.655590e+06,-1.792482e+07,1.794923e+07
6713,4.849406e+03,miss,1.106436,14.292123,78.705216,-5.501473e+06,-7.616000e+06,-2.401964e+07
6714,4.850166e+03,miss,-4.016649,8.600537,-79.434862,1.630871e+06,3.647759e+06,2.548237e+07
6715,4.850622e+03,miss,31.205048,-31.837449,-66.427568,-1.464210e+07,9.467358e+06,1.900940e+07
6716,4.851902e+03,miss,-77.777529,9.269618,16.270530,2.391678e+07,-7.145930e+06,-6.517522e+06
6717,4.851983e+03,miss,2.580635,-9.337483,-79.411282,-1.265440e+06,8.912931e+06,2.417694e+07
6718,4.852047e+03,miss,1.013352,23.262482,76.536462,4.648986e+06,-3.357618e+06,-2.515329e+07
6719,4.852419e+03,miss,-8.793128,21.979528,76.417153,8.808086e+06,-6.286262e+06,-2.342064e+07
6720,4.852687e+03,miss,5.283041,-30.652151,73.705733,-1.018812e+06,1.458623e+07,-2.125715e+07
6721,4.853501e+03,miss,-13.700017,11.053239,-78.039320,6.582995e+06,2.445044e+06,2.482862e+07
6722,4.854237e+03,miss,28.270763,-34.252976,66.539444,-2.892404e+06,1.124290e+07,-2.304575e+07
6723,4.854425e+03,miss,23.697232,25.634511,-71.981338,-7.857427e+06,-1.309746e+07,2.079948e+07
6724,4.854711e+03,miss,-17.683617,47.804033,-61.660880,7.400099e+06,-1.800530e+07,1.694072e+07
6725,4.855183e+03,miss,61.508979,17.639780,48.015453,-2.193083e+07,-1.823051e+06,-1.348036e+07
6726,4.855195e+03,miss,12.595807,-68.431393,39.477716,-8.254894e+06,2.185772e+07,-1.095917e+07
6727,4.856654e+03,miss,72.175670,-30.922771,15.311921,-2.350119e+07,8.471207e+06,-6.491498e+06
6728,4.856738e+03,miss,16.036507,-3.889406,78.279646,-2.336115e+06,-4.546274e+06,-2.530004e+07
6729,4.858200e+03,miss,10.608681,-0.779929,79.289644,2.775300e+06,-1.559090e+06,-2.561808e+07
6730,4.858205e+03,miss,15.433464,13.273816,77.366750,-1.691666e+06,-9.477466e+06,-2.395277e+07
6731,4.858709e+03,miss,-25.660233,34.411380,67.508587,1.196761e+07,-1.272587e+07,-1.900835e+07
6732,4.859668e+03,miss,-26.340099,-23.566658,-71.769157,7.773564e+06,1.277599e+07,2.104676e+07
6733,4.860803e+03,miss,34.509922,48.889535,-53.093113,-5.622443e+06,-1.593994e+07,1.952133e+07
6734,4.862280e+03,miss,77.867055,18.086532,-3.098249,-2.574479e+07,-1.617047e+06,1.252762e+06
6735,4.862490e+03,miss,15.746319,-61.837538,48.251139,-3.320671e+06,1.709198e+07,-1.907471e+07
6736,4.862523e+03,miss,17.853234,-51.552820,58.511271,-2.556634e+06,1.966074e+07,-1.655086e+07
6737,4.863387e+03,miss,15.626984,-5.161253,78.288945,-4.851351e+06,7.762278e+06,-2.415247e+07
6738,4.863727e+03,miss,-16.089406,-9.829857,77.746414,8.767451e+05,7.830865e+06,-2.459849e+07
6739,4.863731e+03,miss,15.658277,-78.172422,6.625016,1.437111e+06,2.569455e+07,-2.214113e+06
6740,4.863866e+03,miss,12.493562,19.880814,-76.476559,6.120875e+05,-1.989729e+06,2.574611e+07
6741,4.864103e+03,miss,27.245055,-52.242427,54.115024,-2.480705e+06,1.834627e+07,-1.801358e+07
6742,4.865250e+03,miss,-39.528629,23.274422,-65.542267,1.500644e+07,-1.039610e+07,1.827878e+07
6743,4.865903e+03,miss,-9.385512,2.966506,-79.392141,1.813031e+06,5.302646e+06,2.522044e+07
6744,4.866007e+03,miss,-23.432023,-30.468288,-70.161412,9.139685e+06,1.372625e+07,1.988834e+07
6745,4.866123e+03,miss,7.586312,2.919129,-79.585970,-8.456797e+06,-8.052622e+05,2.439959e+07
6746,4.866742e+03,miss,-75.441358,-25.785986,6.609422,2.489970e+07,6.303389e+06,-2.804050e+06
6747,4.867272e+03,miss,-23.121392,-51.940128,-56.281652,3.690714e+06,1.983011e+07,1.614957e+07
6748,4.867436e+03,miss,-5.587816,53.075342,59.596849,-8.437170e+05,-1.298812e+07,-2.232225e+07
6749,4.867692e+03,miss,-6.486492,11.598571,78.888520,-4.913303e+05,-9.153538e+06,-2.415972e+07
6750,4.868644e+03,miss,65.731851,-15.597718,42.848978,-2.256373e+07,-3.186041e+05,-1.259477e+07
6751,4.869564e+03,miss,-4.418704,-3.698652,79.792199,7.165494e+06,3.242487e+06,-2.461950e+07
6752,4.870388e+03,miss,26.321258,11.183530,-74.713587,-1.272649e+07,-6.028140e+06,2.167461e+07
6753,4.870485e+03,miss,-39.170810,68.479535,13.274067,1.530656e+07,-2.009210e+07,-5.488251e+06
6754,4.870540e+03,miss,5.070829,-22.102071,76.718871,-7.670342e+06,5.354388e+06,-2.409581e+07
6755,4.870680e+03,miss,61.144137,1.412339,51.569369,-2.050036e+07,4.745827e+06,-1.501143e+07
6756,4.870857e+03,miss,79.136489,-11.685220,-0.933709,-2.506086e+07,6.328301e+06,2.465194e+05
6757,4.870996e+03,miss,-0.357877,-0.624257,79.996764,-3.736716e+06,-4.769183e+06,-2.512899e+07
6758,4.873939e+03,miss,26.664540,-31.309741,-68.619986,-1.300181e+07,1.078665e+07,1.957495e+07
6759,4.874576e+03,miss,-27.166545,5.051453,75.076372,1.315894e+07,-4.037000e+06,-2.189087e+07
6760,4.875401e+03,miss,-8.013090,-18.021593,-77.530720,3.418984e+06,1.121334e+07,2.305103e+07
6761,4.875600e+03,miss,-31.710782,33.732177,65.242368,9.698133e+06,-1.521564e+07,-1.852663e+07
6762,4.876562e+03,miss,-0.941560,-2.759424,79.946851,-1.605920e+06,6.793189e+06,-2.490404e+07
6763,4.877076e+03,miss,1.160162,13.924790,78.770263,1.833305e+06,-9.860230e+06,-2.384162e+07
6764,4.877252e+03,miss,54.459107,-32.040222,49.067605,-1.955133e+07,1.066080e+07,-1.315769e+07
6765,4.877795e+03,miss,-65.969745,-41.692356,17.599438,2.053751e+07,1.503498e+07,-4.611632e+06
6766,4.877880e+03,miss,-31.405791,44.226680,58.802016,6.979572e+06,-1.103281e+07,-2.233117e+07
6767,4.878525e+03,miss,-16.542285,-43.957418,-64.761858,3.055746e+06,1.792682e+07,1.839833e+07
6768,4.878914e+03,miss,-65.409574,43.781844,14.308658,1.844577e+07,-1.769848e+07,-3.972108e+06
6769,4.879218e+03,miss,-37.052396,-18.949205,68.323111,1.280713e+07,-3.165864e+05,-2.247619e+07
6770,4.879910e+03,miss,-15.912021,12.046395,-77.470588,9.849284e+06,-6.577370e+06,2.300275e+07
6771,4.881930e+03,miss,45.449230,-49.030374,-43.936204,-1.326970e+07,1.344642e+07,1.768567e+07
6772,4.884110e+03,miss,43.450477,44.700215,-50.139274,-1.162760e+07,-1.826423e+07,1.418415e+07
6773,4.884815e+03,miss,10.622744,39.143098,68.956328,2.346147e+06,-1.459390e+07,-2.125049e+07
6774,4.885746e+03,miss,-2.862748,1.143251,79.940588,4.592840e+06,4.700075e+06,-2.504022e+07
6775,4.885921e+03,miss,-62.632590,-41.617762,27.296897,1.912511e+07,1.314742e+07,-1.147156e+07
6776,4.886280e+03,miss,-17.763046,-52.182776,-57.977858,3.316663e+06,1.992076e+07,1.619980e+07
6777,4.886531e+03,miss,-6.548135,73.257058,-31.472614,2.432947e+06,-2.441738e+07,8.256955e+06
6778,4.886965e+03,miss,1.726414,-3.186038,-79.917887,2.424062e+06,-4.597675e+06,2.536434e+07
6779,4.887160e+03,miss,-5.707657,28.939932,-74.363318,3.770814e+06,-1.380270e+07,2.157910e+07
6780,4.887220e+03,miss,6.535660,78.391384,14.562833,-8.065892e+06,-2.420122e+07,-4.431928e+06
6781,4.887294e+03,miss,-45.338352,58.912482,-29.559319,1.800228e+07,-1.672857e+07,8.153688e+06
6782,4.887646e+03,miss,33.341549,-41.241179,-59.895795,-1.313467e+07,1.509187e+07,1.643697e+07
6783,4.887992e+03,miss,-46.608844,62.343269,-18.464356,1.172571e+07,-2.252248e+07,5.074555e+06
6784,4.888120e+03,miss,74.506021,-16.854465,-23.765098,-2.474969e+07,-9.131645e+05,7.559233e+06
6785,4.888207e+03,miss,-33.314981,63.890861,34.757300,5.123533e+06,-2.303006e+07,-1.067243e+07
6786,4.888601e+03,miss,-27.644383,-23.803510,-71.198181,1.210253e+07,1.060728e+07,2.028801e+07
6787,4.888697e+03,miss,-38.710412,69.697945,-6.610634,8.293920e+06,-2.438884e+07,2.645330e+06
6788,4.891744e+03,miss,-27.841406,20.692184,72.088069,5.775773e+06,-1.189016e+07,-2.227745e+07
6789,4.891797e+03,miss,-22.983965,-2.761325,-76.577493,6.070132e+06,-5.401613e+06,2.459682e+07
6790,4.892005e+03,miss,-20.900873,-16.286554,-75.484447,3.950239e+05,6.532384e+06,2.506448e+07
6791,4.892403e+03,miss,27.783614,51.841052,54.227079,-1.393581e+07,-1.505915e+07,-1.581536e+07
6792,4.892791e+03,miss,-19.979679,32.601800,-70.270443,2.193315e+06,-6.451649e+06,2.499459e+07
6793,4.892836e+03,miss,25.124328,-32.377256,-68.705760,-9.032881e+06,4.310985e+06,2.389545e+07
6794,4.893578e+03,miss,-17.621421,-67.574697,39.027502,2.110009e+06,2.346275e+07,-1.078513e+07
6795,4.893835e+03,miss,71.812750,26.878789,-22.813583,-2.319010e+07,-9.892082e+06,5.972698e+06
6796,4.898112e+03,miss,4.282909,73.243280,-31.891671,2.047538e+06,-2.433737e+07,8.682950e+06
6797,4.898324e+03,hit,31.996675,72.520308,10.817474,-5.592245e+06,-2.495029e+07,-4.258264e+06
6798,4.899895e+03,miss,-13.724284,0.868554,-78.809198,-3.848906e+05,-4.595240e+06,2.551223e+07
6799,4.900124e+03,hit,79.190148,10.951406,2.997867,-2.554641e+07,-4.352479e+06,-7.788528e+05
6800,4.900614e+03,miss,0.757148,-2.373221,79.961207,-4.056912e+06,-4.280914e+06,-2.524782e+07
6801,4.901003e+03,miss,5.836730,66.247710,-44.465419,-6.510739e+06,-2.170342e+07,1.260405e+07
6802,4.901131e+03,miss,72.183591,15.430777,-30.845101,-2.443259e+07,-5.596186e+05,8.662736e+06
6803,4.901549e+03,miss,-47.120496,-64.627034,-1.733574,1.955055e+07,1.702103e+07,6.525974e+05
6804,4.901581e+03,miss,-38.872148,-44.831677,53.657030,1.437101e+07,1.595839e+07,-1.453180e+07
6805,4.901654e+03,miss,-1.256731,-6.554199,-79.721158,-7.339836e+05,8.098598e+06,2.462222e+07
6806,4.902038e+03,miss,-26.743578,12.691846,-74.321586,2.853408e+06,-1.758744e+06,2.571375e+07
6807,4.902440e+03,miss,50.197963,26.058473,56.578445,-1.678350e+07,-2.135246e+06,-1.965305e+07
6808,4.903315e+03,miss,-3.067223,-67.984307,-42.056227,3.207702e+06,2.311484e+07,1.131469e+07
6809,4.904412e+03,miss,2.234198,44.220666,66.629881,5.668106e+06,-1.336818e+07,-2.149238e+07
6810,4.904496e+03,miss,10.511414,-3.241884,-79.240144,-9.165334e+06,-4.649760e+05,2.426005e+07
6811,4.905171e+03,miss,-72.177395,-10.872725,-32.744580,2.339468e+07,6.823603e+06,8.887596e+06
6812,4.905272e+03,miss,-63.106472,-48.210736,-9.659092,2.027778e+07,1.598091e+07,2.509613e+06
6813,4.907002e+03,miss,-33.033802,44.718822,57.523864,4.562361e+06,-1.571301e+07,-2.013454e+07
6814,4.907400e+03,miss,-21.590203,-74.731323,-18.684017,1.174823e+07,2.197290e+07,7.234555e+06
6815,4.907460e+03,miss,-28.199256,11.214541,-74.020511,1.370313e+07,-4.997152e+06,2.145760e+07
6816,4.907967e+03,miss,7.091766,-8.044796,79.277917,-8.111450e+06,4.015528e+06,-2.431719e+07
6817,4.908268e+03,miss,-64.439979,39.206371,-26.652383,1.999584e+07,-1.493726e+07,7.094471e+06
6818,4.908293e+03,miss,27.744346,53.996616,-52.101984,-1.404941e+07,-1.338673e+07,1.722498e+07
6819,4.908448e+03,miss,22.410385,69.511236,32.649084,-1.168534e+07,-2.126530e+07,-9.195188e+06
6820,4.909144e+03,miss,18.413586,20.395000,75.133107,-8.109986e+06,-1.114867e+07,-2.198505e+07
6821,4.909344e+03,miss,16.284414,34.206811,70.460712,1.051728e+06,-9.944786e+06,-2.394639e+07
6822,4.909378e+03,miss,15.518258,5.000718,78.320984,-1.193194e+06,3.634572e+06,-2.566720e+07
6823,4.909473e+03,miss,-37.913041,-18.265774,68.036482,1.651261e+07,4.908899e+06,-1.940846e+07
6824,4.909828e+03,miss,68.470299,-36.285971,19.878290,-2.073978e+07,1.465199e+07,-5.355485e+06
6825,4.910161e+03,hit,-19.813365,-77.404627,3.994276,-1.314793e+04,2.591602e+07,-1.380741e+06
6826,4.911121e+03,miss,-43.265078,-4.773807,67.121858,1.754901e+07,-8.755815e+05,-1.910350e+07
6827,4.912327e+03,miss,-14.644438,23.029218,-75.201034,-1.219009e+06,-5.021161e+06,2.543906e+07
6828,4.912525e+03,miss,-3.235849,-24.035435,76.235341,1.294968e+06,1.373305e+06,-2.589030e+07
6829,4.912897e+03,miss,-2.919527,2.113599,-79.918765,-1.041531e+06,-6.626106e+06,2.507851e+07
6830,4.913426e+03,miss,-58.011732,-15.580829,-52.838213,1.476592e+07,5.895839e+06,2.052319e+07
6831,4.914136e+03,miss,-11.718082,-1.986701,-79.112196,-6.213653e+05,-4.096389e+06,2.563056e+07
6832,4.914322e+03,miss,-69.123482,-5.141052,-39.943883,2.217933e+07,-4.700553e+06,1.265305e+07
6833,4.915655e+03,miss,-32.314530,8.820338,-72.649658,1.481625e+07,-1.299986e+05,2.132515e+07
6834,4.915949e+03,miss,-33.250506,57.170233,-45.010757,1.527343e+07,-1.399921e+07,1.565519e+07
6835,4.916188e+03,miss,45.434664,59.402426,28.408505,-1.697878e+07,-1.812481e+07,-7.588524e+06
6836,4.916613e+03,miss,25.602740,-3.022124,75.732202,-2.902200e+06,-2.523307e+06,-2.568349e+07
6837,4.916733e+03,miss,-4.165124,12.844680,78.852178,-4.601933e+06,-1.612556e+06,-2.550823e+07
6838,4.916766e+03,miss,5.737882,-0.516488,79.792293,-7.433959e+06,2.702064e+06,-2.473636e+07
6839,4.916854e+03,miss,31.230501,20.551538,-70.726870,-1.236073e+07,-1.050686e+07,2.028011e+07
6840,4.917075e+03,miss,-71.748086,-10.520083,-33.786684,2.423169e+07,-4.248657e+05,9.334849e+06
6841,4.917670e+03,miss,56.426658,-22.156751,-52.202592,-1.837398e+07,1.113966e+07,1.459045e+07
6842,4.918904e+03,miss,-50.816068,47.081636,-40.013082,1.951774e+07,-9.733116e+06,1.410923e+07
6843,4.919948e+03,miss,-0.148098,-0.266585,79.999419,-4.563811e+06,4.376510e+06,-2.519736e+07
6844,4.919984e+03,miss,-24.818396,43.094845,62.664835,8.901914e+06,-1.712723e+07,-1.738700e+07
6845,4.920164e+03,miss,-49.489208,-47.511311,41.152080,1.085277e+07,1.814507e+07,-1.509611e+07
6846,4.920490e+03,miss,-73.694101,20.417330,-23.501321,2.166374e+07,-1.097612e+07,9.228783e+06
6847,4.921947e+03,hit,59.585962,53.113542,5.335239,-1.506041e+07,-2.111469e+07,-1.586570e+06
6848,4.922217e+03,miss,-4.556646,76.054789,-24.390697,7.240118e+06,-2.326360e+07,9.032506e+06
6849,4.923138e+03,miss,60.946795,-23.520966,46.176317,-1.649206e+07,1.325301e+07,-1.508961e+07
6850,4.923657e+03,miss,-59.598827,26.561140,46.286992,1.565046e+07,-9.843641e+06,-1.826372e+07
6851,4.924075e+03,miss,-10.216558,-20.242161,-76.719469,-8.963994e+05,1.666669e+06,2.592053e+07
6852,4.924877e+03,miss,-30.757287,18.701787,71.443911,1.358138e+07,-1.107058e+06,-2.213337e+07
6853,4.925231e+03,miss,-0.990202,34.072267,-72.374720,-5.366825e+06,-1.263905e+07,2.206956e+07
6854,4.925525e+03,miss,63.095544,0.250109,-49.182210,-1.929287e+07,-6.494707e+06,1.616348e+07
6855,4.925636e+03,miss,52.602457,35.859422,-48.446707,-1.929882e+07,-5.544059e+06,1.650722e+07
6856,4.925742e+03,miss,-72.236859,2.251332,-34.304049,2.400235e+07,3.132319e+06,9.474159e+06
6857,4.925769e+03,hit,-69.836299,-38.199191,-7.982055,2.148062e+07,1.423745e+07,3.400853e+06
6858,4.926510e+03,miss,-36.753153,-64.362012,30.112076,1.685800e+07,1.756928e+07,-9.105886e+06
6859,4.927280e+03,miss,78.386688,14.575410,-6.563887,-2.592559e+07,-7.136939e+05,1.802596e+06
6860,4.927541e+03,miss,79.740622,5.974979,2.394329,-2.596996e+07,-1.049918e+06,-6.240174e+05
6861,4.928737e+03,miss,4.518777,-1.366393,79.860589,-7.195084e+06,-1.909778e+06,-2.491341e+07
6862,4.928778e+03,hit,72.965164,31.501521,-9.150902,-2.087205e+07,-1.526574e+07,2.723043e+06
6863,4.929994e+03,miss,-72.437012,-16.819473,-29.495503,2.383657e+07,-9.335506e+05,1.035439e+07
6864,4.930082e+03,miss,38.613197,58.068510,-39.205474,-6.905011e+06,-2.050049e+07,1.443364e+07
6865,4.930400e+03,miss,-37.841048,-12.977580,-69.279416,1.652779e+07,3.160870e+06,1.982836e+07
6866,4.930568e+03,miss,-1.536865,-1.509327,79.970995,4.135230e+06,-4.675468e+06,-2.524650e+07
6867,4.931156e+03,miss,-8.469584,41.589760,-67.812669,2.418158e+06,-7.883369e+06,2.466641e+07
6868,4.931306e+03,miss,43.368302,44.253473,-50.604550,-1.831882e+07,-1.064175e+07,1.508712e+07
6869,4.931338e+03,miss,-29.201941,-3.834596,-74.381063,5.913568e+06,6.701767e+06,2.442473e+07
6870,4.932635e+03,miss,-1.267979,7.277945,79.658168,1.515576e+06,-8.320422e+06,-2.459884e+07
6871,4.933328e+03,miss,25.860097,27.544046,70.516529,-1.061970e+07,-1.257818e+07,-2.014289e+07
6872,4.933505e+03,miss,-34.000217,-12.718304,-71.289761,6.782133e+06,9.068930e+06,2.342020e+07
6873,4.933561e+03,miss,63.631994,19.412759,-44.431005,-1.724544e+07,-1.164034e+07,1.561581e+07
6874,4.934512e+03,miss,28.877616,44.668787,-59.756027,-1.101698e+07,-1.687512e+07,1.645428e+07
6875,4.935970e+03,miss,-32.336974,-71.751636,-14.353497,1.300662e+07,2.171844e+07,6.018628e+06
6876,4.936144e+03,miss,-48.193883,-50.257761,-39.389176,1.560081e+07,1.798121e+07,1.050721e+07
6877,4.936941e+03,miss,27.368222,66.920038,34.244546,-1.450149e+07,-1.866061e+07,-1.089535e+07
6878,4.937597e+03,miss,9.583932,46.901766,64.096588,-8.295504e+06,-1.138773e+07,-2.188183e+07
6879,4.938010e+03,miss,-52.415059,39.833895,45.452419,2.041260e+07,-9.579821e+06,-1.299691e+07
6880,4.940076e+03,miss,12.345084,16.086921,77.387401,-6.962580e+06,5.514702e+05,-2.507725e+07
6881,4.940851e+03,miss,-69.531888,-33.316203,-21.338864,1.974893e+07,1.573963e+07,6.324577e+06
6882,4.941919e+03,miss,-47.572610,-4.352701,64.170872,1.430661e+07,7.675958e+06,-2.035445e+07
6883,4.942243e+03,miss,1.416425,7.487318,-79.636259,-6.646264e+06,-3.260673e+06,2.496282e+07
6884,4.942798e+03,miss,31.335583,-37.115123,-63.565312,-9.489395e+06,6.567379e+06,2.334190e+07
6885,4.942838e+03,hit,-41.107776,-67.870832,10.183363,7.866859e+06,2.453256e+07,-3.780875e+06
6886,4.943065e+03,miss,70.034015,38.055428,6.857197,-2.369765e+07,-1.038780e+07,-2.928338e+06
6887,4.943843e+03,miss,-11.837090,-58.264978,53.526401,-1.836834e+06,1.725636e+07,-1.941677e+07
6888,4.944351e+03,miss,48.711364,-63.350353,3.733061,-1.263608e+07,2.274915e+07,-1.020803e+06
6889,4.944710e+03,miss,0.388525,-0.184967,79.998843,-6.178796e+06,1.825165e+06,-2.523444e+07
6890,4.944737e+03,miss,-53.070458,43.035939,41.610508,1.218633e+07,-1.805557e+07,-1.427513e+07
6891,4.946270e+03,miss,25.672133,61.133438,44.762085,-3.133246e+06,-1.948616e+07,-1.699918e+07
6892,4.946992e+03,miss,52.190103,-10.686136,-59.682490,-1.496912e+07,9.567693e+06,1.905213e+07
6893,4.947194e+03,miss,8.076752,-47.995537,63.491688,3.863857e+06,1.550205e+07,-2.057629e+07
6894,4.947230e+03,miss,14.291969,-75.513710,-22.213043,-7.644426e+06,2.417380e+07,5.985109e+06
6895,4.947235e+03,miss,28.282310,-0.240714,-74.833502,-1.235920e+07,-4.529250e+06,2.248040e+07
6896,4.947800e+03,miss,44.622996,-43.019967,-50.577373,-1.307530e+07,1.756010e+07,1.412051e+07
6897,4.948337e+03,miss,1.830887,3.973764,79.880267,2.109440e+06,-6.909198e+06,-2.503191e+07
6898,4.948514e+03,miss,46.172341,-21.413615,61.721731,-1.605405e+07,1.082556e+07,-1.743221e+07
6899,4.948764e+03,miss,-61.140023,-51.205107,-6.319384,2.345331e+07,1.115007e+07,2.111931e+06
6900,4.949409e+03,miss,-77.064694,-4.068418,21.082717,2.443410e+07,-3.612677e+06,-8.297809e+06
6901,4.951165e+03,miss,-34.383141,56.321085,-45.229801,1.619684e+07,-1.418350e+07,1.468544e+07
6902,4.951213e+03,miss,59.968272,21.012221,48.603425,-1.730437e+07,-1.250519e+07,-1.494513e+07
6903,4.951613e+03,miss,-34.809063,-60.283575,39.423594,5.672624e+06,2.080013e+07,-1.464270e+07
6904,4.951742e+03,miss,39.853435,25.293725,64.590488,-1.104028e+07,-2.780325e+06,-2.344424e+07
6905,4.951896e+03,hit,58.246209,-53.916485,10.019568,-2.245888e+07,1.268496e+07,-3.736587e+06
6906,4.952419e+03,miss,51.660540,26.936049,54.823698,-1.342632e+07,-6.525868e+06,-2.136563e+07
6907,4.952439e+03,miss,52.227508,52.248056,30.698992,-1.601262e+07,-1.886300e+07,-8.193240e+06
6908,4.952489e+03,hit,65.103157,-46.188522,5.310307,-2.427832e+07,9.325256e+06,-1.719191e+06
6909,4.952799e+03,miss,46.690356,-35.152451,54.628892,-1.800635e+07,1.142069e+07,-1.499115e+07
6910,4.953158e+03,miss,-38.982772,-33.692831,-61.197521,6.899526e+06,1.383308e+07,2.098779e+07
6911,4.954256e+03,miss,-24.464318,-6.833845,-75.860370,2.220917e+06,-6.618844e+05,2.596584e+07
6912,4.954707e+03,miss,-33.842322,25.646885,-67.800697,1.565154e+07,-6.065212e+06,1.994742e+07
6913,4.955010e+03,miss,-5.037154,-34.887058,71.815878,-4.562720e+06,1.225705e+07,-2.255316e+07
6914,4.955900e+03,miss,31.602472,28.996020,67.531582,-1.003180e+07,-3.266619e+06,-2.384351e+07
6915,4.956057e+03,miss,-3.545029,30.890088,73.710482,3.883534e+05,-3.861304e+06,-2.578336e+07
6916,4.956390e+03,miss,22.101793,-45.489357,61.985717,-3.392486e+06,1.136287e+07,-2.322206e+07
6917,4.957066e+03,miss,46.272541,54.383319,36.073627,-1.140992e+07,-1.839122e+07,-1.454501e+07
6918,4.957312e+03,miss,13.521008,-56.373656,55.128878,-1.867568e+06,2.097434e+07,-1.538192e+07
6919,4.959916e+03,miss,-73.135245,10.881662,30.542191,2.279997e+07,-8.937005e+06,-8.981252e+06
6920,4.959917e+03,miss,0.876466,-76.910222,22.001125,4.848458e+06,2.483339e+07,-6.337753e+06
6921,4.960522e+03,miss,70.130876,24.412421,-29.760610,-2.387508e+07,-1.567508e+06,1.039126e+07
6922,4.960818e+03,miss,5.025222,-1.209196,-79.832857,-6.666213e+06,-3.270797e+06,2.500718e+07
6923,4.961869e+03,miss,-52.230778,25.310879,55.057290,1.444031e+07,-1.368497e+07,-1.687716e+07
6924,4.962709e+03,miss,-16.561470,-2.605476,78.223585,1.545370e+05,-3.069441e+06,-2.590964e+07
6925,4.962858e+03,miss,-24.001800,-11.039128,-75.511928,5.853504e+06,-2.634705e+06,2.528972e+07
6926,4.963618e+03,miss,9.134200,11.228898,-78.679592,-8.979052e+06,-2.849150e+06,2.433389e+07
6927,4.964393e+03,miss,4.883505,3.441415,79.776613,-4.402458e+06,-6.599372e+06,-2.486066e+07
6928,4.965411e+03,miss,-68.352944,-38.363644,-16.003310,2.428168e+07,8.448688e+06,4.488354e+06
6929,4.965937e+03,miss,-8.010788,6.173958,79.358109,-1.089268e+06,3.353584e+06,-2.586048e+07
6930,4.966041e+03,miss,-4.412142,0.501418,79.876665,-4.976538e+06,3.803095e+05,-2.561838e+07
6931,4.966418e+03,miss,7.966398,19.345932,-77.215746,-7.991228e+06,-8.271039e+06,2.343061e+07
6932,4.967901e+03,miss,-2.316141,-26.450696,75.465198,7.033029e+06,7.546273e+06,-2.398035e+07
6933,4.968200e+03,miss,-27.865113,-64.273159,-38.632843,1.367245e+07,1.927945e+07,1.108490e+07
6934,4.969490e+03,miss,40.540400,2.095644,68.935363,-1.013293e+07,5.018337e+06,-2.353349e+07
6935,4.969660e+03,miss,-31.830609,9.123384,-72.825656,5.126148e+06,3.522805e+05,2.559896e+07
6936,4.970957e+03,miss,-65.206435,-36.564609,-28.480697,1.939135e+07,1.559156e+07,7.922433e+06
6937,4.971096e+03,miss,52.368731,37.133855,-47.734608,-1.995009e+07,-1.051738e+07,1.316373e+07
6938,4.972239e+03,miss,-55.020670,-29.703263,49.904329,1.444010e+07,1.498289e+07,-1.578158e+07
6939,4.972546e+03,miss,-68.984330,32.947732,-23.571365,2.147586e+07,-1.343604e+07,6.353297e+06
6940,4.972728e+03,miss,-19.038074,11.262085,-76.881189,3.948485e+06,-9.441680e+06,2.402901e+07
6941,4.973646e+03,miss,-20.215847,65.142586,41.806255,1.063814e+05,-2.217859e+07,-1.379689e+07
6942,4.973937e+03,miss,-3.685385,0.012754,-79.915066,-4.768170e+06,2.359904e+06,2.557324e+07
6943,4.974205e+03,miss,-10.330991,10.529888,-78.628189,-2.709621e+06,-5.655192e+06,2.535761e+07
6944,4.974666e+03,miss,-9.482365,79.094373,7.359685,5.349938e+04,-2.604747e+07,-1.980196e+06
6945,4.976450e+03,miss,32.284502,55.525925,-47.692584,-4.403991e+06,-2.042158e+07,1.569088e+07
6946,4.977012e+03,miss,67.899405,-7.013265,-41.719120,-2.357015e+07,1.292475e+06,1.120242e+07
6947,4.977692e+03,miss,-27.105816,-27.933135,69.892880,1.396133e+07,7.274595e+06,-2.085597e+07
6948,4.977906e+03,miss,-29.331016,-0.699105,74.425821,9.533238e+06,-6.102847e+06,-2.355232e+07
6949,4.978146e+03,miss,38.726532,-62.537906,-31.452600,-1.472406e+07,1.987702e+07,8.424864e+06
6950,4.978647e+03,miss,22.132981,64.972498,-41.093863,-1.279807e+07,-1.783704e+07,1.417711e+07
6951,4.978721e+03,miss,7.062759,3.644105,79.604258,-7.799053e+06,-3.754462e+06,-2.465826e+07
6952,4.980431e+03,miss,-44.114891,-60.162421,-28.885282,1.375256e+07,2.086364e+07,7.665596e+06
6953,4.980464e+03,miss,19.356182,8.197352,77.189000,-1.887691e+06,-7.423783e+06,-2.499029e+07
6954,4.980938e+03,miss,12.732868,39.879340,-68.172665,-8.537554e+06,-8.225499e+06,2.329607e+07
6955,4.982792e+03,miss,26.294086,66.345806,-36.150449,-5.987300e+06,-2.064598e+07,1.487969e+07
6956,4.982821e+03,miss,11.273606,-35.818231,70.639650,-5.181260e+06,1.567728e+07,-2.027045e+07
6957,4.982981e+03,miss,42.868928,38.129770,55.752809,-1.555922e+07,-6.499802e+06,-1.997996e+07
6958,4.983962e+03,miss,61.929954,-48.974418,-12.891360,-2.341521e+07,1.096151e+07,3.904315e+06
6959,4.984367e+03,miss,-0.068390,-33.097201,-72.832483,-2.470451e+06,5.050789e+06,2.553649e+07
6960,4.984900e+03,miss,8.484039,-9.456031,-78.984838,-3.850903e+05,-3.011776e+06,2.597267e+07
6961,4.985598e+03,miss,-69.840739,-27.543207,27.634090,2.065949e+07,1.386039e+07,-8.060374e+06
6962,4.985670e+03,miss,79.782153,2.075918,-5.522557,-2.553261e+07,5.396823e+06,1.692472e+06
6963,4.985966e+03,miss,2.546025,-4.087344,79.854940,-6.530209e+06,-1.414460e+06,-2.528440e+07
6964,4.986627e+03,miss,-17.786034,31.021898,-71.563250,1.146153e+07,-7.962337e+06,2.211945e+07
6965,4.986800e+03,miss,-79.690378,-6.413878,2.881975,2.613245e+07,7.618149e+05,-7.578386e+05
6966,4.986872e+03,miss,-8.935413,7.594991,79.135798,2.016021e+06,3.978227e+06,-2.577166e+07
6967,4.987780e+03,miss,39.945085,37.728554,-58.145906,-1.053900e+07,-1.680729e+07,1.704812e+07
6968,4.987962e+03,miss,-20.650158,-6.580481,-77.008235,4.498135e+06,-4.012322e+06,2.545362e+07
6969,4.988834e+03,miss,-70.909122,15.446054,-33.664757,2.439050e+07,-2.420096e+06,9.142490e+06
6970,4.989428e+03,miss,12.422620,1.129692,79.021531,-8.958147e+06,3.090453e+06,-2.438484e+07
6971,4.991017e+03,miss,-1.454788,40.095622,-69.211449,-5.274135e+06,-1.444004e+07,2.117325e+07
6972,4.991041e+03,miss,34.243022,-67.128976,-26.853604,-1.178856e+07,2.040458e+07,1.137207e+07
6973,4.991131e+03,miss,53.478899,-9.736313,58.695925,-1.280659e+07,4.889739e+06,-2.228756e+07
6974,4.991452e+03,miss,-20.964925,-69.548829,33.517642,3.316308e+05,2.363307e+07,-1.122788e+07
6975,4.991638e+03,miss,28.024044,-71.518608,-22.354903,-6.927535e+06,2.339238e+07,9.461963e+06
6976,4.992164e+03,miss,61.777771,31.205815,40.121118,-2.124143e+07,-1.088041e+07,-1.073376e+07
6977,4.992530e+03,miss,50.739657,-13.913193,-60.265333,-1.230218e+07,9.230505e+06,2.117309e+07
6978,4.993332e+03,miss,-3.679413,54.701131,-58.260177,3.509950e+06,-1.349179e+07,2.214965e+07
6979,4.993364e+03,miss,-61.940914,39.720553,31.394281,1.630100e+07,-1.793030e+07,-9.886433e+06
6980,4.995204e+03,miss,76.741732,-18.302640,-13.255938,-2.315438e+07,1.153862e+07,3.993371e+06
6981,4.995390e+03,miss,-14.106325,-12.720161,-77.712349,1.654506e+06,-1.694593e+06,2.606969e+07
6982,4.996018e+03,miss,-19.898849,-58.070297,-51.301817,1.232321e+07,1.638319e+07,1.628046e+07
6983,4.997430e+03,miss,-43.830049,-31.077523,59.271531,1.565590e+07,3.866682e+06,-2.062666e+07
6984,4.997586e+03,miss,-31.234116,58.458120,44.800426,1.123470e+07,-1.546042e+07,-1.789681e+07
6985,4.997891e+03,miss,64.616914,-29.689725,36.649346,-2.213424e+07,1.000827e+07,-9.771946e+06
6986,4.998592e+03,miss,-59.935834,-51.903125,-10.665897,2.022814e+07,1.639036e+07,2.802808e+06
6987,4.999513e+03,miss,-35.020226,9.737679,71.265429,7.134624e+06,-8.134618e+06,-2.384803e+07
6988,4.999975e+03,miss,42.948306,-67.043361,7.786572,-8.745856e+06,2.450868e+07,-2.949780e+06
6989,5.000242e+03,hit,-17.780693,77.797833,-5.598576,1.200840e+07,-2.319546e+07,1.916329e+06
6990,5.000402e+03,miss,-25.649748,51.851440,55.258652,6.069685e+06,-2.014994e+07,-1.559051e+07
6991,5.000603e+03,miss,22.798362,19.873696,-74.062615,-2.713388e+06,-1.082563e+07,2.369380e+07
6992,5.000717e+03,miss,-2.813402,-2.344404,-79.916134,1.198901e+06,-5.637432e+06,2.554898e+07
6993,5.001268e+03,miss,-45.471498,-57.686714,31.695202,1.915647e+07,1.399058e+07,-1.110574e+07
6994,5.001456e+03,miss,-23.682040,14.486948,-75.028590,1.262045e+06,-5.168168e+06,2.564697e+07
6995,5.001792e+03,miss,19.571377,-3.034934,77.509679,1.073354e+05,3.145598e+05,-2.619170e+07
6996,5.001816e+03,miss,-37.108842,59.695452,-38.201922,9.326828e+06,-1.879654e+07,1.567864e+07
6997,5.002100e+03,miss,1.907597,-56.830198,-56.273348,-4.880403e+06,1.497720e+07,2.092901e+07
6998,5.002352e+03,miss,-8.540346,22.938877,76.163445,7.216979e+06,-1.064381e+07,-2.282142e+07
6999,5.002952e+03,miss,61.382112,28.869242,-42.412299,-2.180885e+07,-3.090167e+06,1.418098e+07
7000,5.003091e+03,miss,43.911721,-19.588763,-63.937791,-1.695682e+07,7.863959e+05,1.995350e+07
7001,5.004880e+03,miss,-13.509114,-65.230141,-44.300480,3.058078e+06,1.877300e+07,1.802115e+07
7002,5.005289e+03,miss,72.993424,12.078790,-30.431281,-2.179422e+07,-1.019547e+07,1.037593e+07
7003,5.005947e+03,miss,24.722923,-31.723488,69.154880,-8.735628e+06,1.464709e+07,-1.989567e+07
7004,5.006020e+03,miss,-9.086848,30.758862,73.289301,-3.464085e+06,-1.076712e+07,-2.363821e+07
7005,5.006268e+03,miss,-32.190494,-32.848058,65.458210,4.315060e+06,1.147364e+07,-2.316173e+07
7006,5.006446e+03,miss,0.944725,0.367904,79.993576,-4.092954e+06,-5.196334e+06,-2.535745e+07
7007,5.007606e+03,miss,32.226457,-47.578049,-55.657746,-5.369232e+06,1.892825e+07,1.731492e+07
7008,5.007798e+03,miss,18.093626,30.900844,71.538511,-1.102339e+07,-6.175754e+06,-2.296268e+07
7009,5.008061e+03,miss,74.873701,-22.744198,16.632209,-2.564408e+07,1.130897e+06,-5.298850e+06
7010,5.008443e+03,miss,11.019405,11.416306,-78.410718,-1.649503e+05,1.864023e+06,2.614434e+07
7011,5.008467e+03,miss,53.796189,-42.322556,41.409798,-1.399731e+07,1.833178e+07,-1.245202e+07
7012,5.008621e+03,miss,-11.768293,13.009092,78.053000,-1.886989e+06,-7.227188e+06,-2.512488e+07
7013,5.009035e+03,miss,5.110857,3.545544,79.757810,3.104676e+06,3.243381e+06,-2.582539e+07
7014,5.009113e+03,miss,2.438125,39.143472,69.726925,-4.848914e+06,-1.565204e+07,-2.046025e+07
7015,5.009522e+03,miss,45.676692,60.145015,-26.385925,-9.717725e+06,-2.293825e+07,8.159573e+06
7016,5.009712e+03,miss,9.316070,-31.080286,73.124734,1.344535e+06,5.602750e+06,-2.557350e+07
7017,5.010298e+03,miss,-0.741588,3.472597,-79.921156,-4.570080e+06,-5.214852e+06,2.528245e+07
7018,5.010395e+03,miss,-24.966507,-53.986455,-53.498937,1.352307e+07,1.562736e+07,1.613096e+07
7019,5.011092e+03,miss,35.288394,-7.140000,-71.440532,-1.514654e+07,-1.667995e+06,2.133522e+07
7020,5.012237e+03,miss,76.458718,0.485680,23.533561,-2.526803e+07,2.877836e+06,-6.386989e+06
7021,5.012566e+03,miss,-77.342234,2.426599,20.304936,2.512072e+07,-4.953515e+06,-5.657391e+06
7022,5.013018e+03,miss,36.177426,58.758464,40.480079,-1.085086e+07,-2.121059e+07,-1.095561e+07
7023,5.013082e+03,miss,7.006201,2.135998,-79.663986,4.091316e+06,-1.942636e+06,2.582928e+07
7024,5.013440e+03,miss,29.268290,10.788118,-73.668064,-1.004812e+07,2.986842e+06,2.403805e+07
7025,5.013890e+03,miss,-5.612376,-34.855515,71.788539,2.871367e+06,1.574139e+07,-2.077834e+07
7026,5.014117e+03,miss,-21.711230,-29.723481,71.029129,8.455573e+06,3.429998e+06,-2.458750e+07
7027,5.014772e+03,miss,74.448498,12.142479,26.645474,-2.295845e+07,-9.758898e+06,-8.097529e+06
7028,5.015292e+03,miss,55.800288,-35.264106,45.197021,-1.815616e+07,1.432118e+07,-1.237842e+07
7029,5.016095e+03,miss,56.131394,-30.013385,48.460947,-1.392397e+07,1.210024e+07,-1.864900e+07
7030,5.019223e+03,miss,-24.888093,19.059420,-73.602455,5.716677e+06,-3.253828e+05,2.560705e+07
7031,5.019760e+03,miss,-42.599777,-67.346261,7.052675,1.828257e+07,1.870937e+07,-2.070718e+06
7032,5.021341e+03,miss,32.435862,-72.916410,5.577814,-4.545928e+06,2.578790e+07,-1.765239e+06
7033,5.021657e+03,miss,32.496365,71.074198,-17.101011,-5.546022e+06,-2.515765e+07,5.017510e+06
7034,5.022121e+03,miss,12.136767,-5.550464,78.878966,-5.274781e+06,7.756049e+06,-2.451377e+07
7035,5.022841e+03,miss,4.197301,6.013358,79.663180,6.953633e+05,4.212277e+06,-2.589935e+07
7036,5.023056e+03,miss,-6.811365,58.922632,-53.681736,8.314567e+06,-1.683847e+07,1.834030e+07
7037,5.023406e+03,miss,9.518701,-5.236448,79.258904,-3.255880e+06,-4.767415e+06,-2.560765e+07
7038,5.024702e+03,miss,44.871528,-23.310735,-61.993190,-9.177415e+06,9.913117e+06,2.251141e+07
7039,5.025446e+03,miss,36.633100,6.828177,70.791186,-1.582597e+07,1.132391e+06,-2.091930e+07
7040,5.025601e+03,miss,-6.087494,3.791738,79.677884,8.161924e+06,-1.049850e+06,-2.493316e+07
7041,5.026492e+03,miss,-43.499818,-31.370002,59.360667,1.690620e+07,1.147696e+07,-1.649133e+07
7042,5.026500e+03,miss,-37.718499,-8.035641,-70.090964,1.629169e+07,4.183369e+06,2.016397e+07
7043,5.027409e+03,miss,-8.347844,-6.809839,79.271304,8.002775e+06,-1.152425e+06,-2.498515e+07
7044,5.029912e+03,miss,-73.944029,-10.780304,-28.566862,2.508269e+07,8.341290e+05,7.754759e+06
7045,5.031261e+03,miss,14.425043,23.251919,75.174905,-5.800274e+06,-1.165479e+06,-2.559603e+07
7046,5.031302e+03,miss,-5.569374,-5.334581,-79.627409,4.118540e+06,7.437311e+06,2.485735e+07
7047,5.032640e+03,miss,0.704216,0.344652,-79.996158,-6.482658e+06,-1.230790e+06,2.543242e+07
7048,5.032845e+03,miss,43.678673,-25.645568,-61.923165,-1.639821e+07,1.095799e+07,1.736078e+07
7049,5.033161e+03,miss,73.902356,28.058902,-12.293894,-2.544260e+07,-5.624083e+06,3.385638e+06
7050,5.033454e+03,miss,73.905669,-18.883581,24.111460,-2.530574e+07,2.137222e+06,-6.746178e+06
7051,5.033683e+03,miss,2.930363,10.371449,79.270714,-6.797128e+06,-5.387356e+06,-2.480456e+07
7052,5.033830e+03,miss,47.054782,-23.852857,60.140575,-1.067455e+07,6.903397e+06,-2.299800e+07
7053,5.034069e+03,miss,54.695227,57.484923,-10.193905,-1.832507e+07,-1.864224e+07,2.683673e+06
7054,5.034174e+03,miss,39.432238,17.688658,67.321690,-1.359573e+07,-1.071293e+07,-1.977238e+07
7055,5.035314e+03,miss,41.966216,62.607553,-26.816618,-1.563517e+07,-1.793599e+07,1.116046e+07
7056,5.035920e+03,miss,70.315791,-5.519584,-37.752136,-2.282798e+07,6.961062e+06,1.101019e+07
7057,5.035936e+03,miss,57.679569,32.507223,44.903762,-1.816705e+07,-1.426703e+07,-1.253832e+07
7058,5.036449e+03,miss,17.902539,-17.974773,75.870987,-1.140975e+07,6.025756e+06,-2.289930e+07
7059,5.036874e+03,miss,-76.520043,3.393606,-23.090397,2.433560e+07,4.532505e+06,8.840993e+06
7060,5.038229e+03,miss,-12.504357,-78.565877,8.428760,8.425257e+06,2.466242e+07,-3.448835e+06
7061,5.038469e+03,miss,-2.130841,0.232953,79.971278,-5.402295e+06,1.956377e+06,-2.565414e+07
7062,5.038811e+03,miss,-22.679357,35.053558,68.241445,3.142890e+06,-1.556894e+07,-2.095052e+07
7063,5.038832e+03,miss,1.184434,79.973581,-1.680323,-4.199306e+06,-2.594896e+07,4.628837e+05
7064,5.039210e+03,miss,-39.855088,39.969084,-56.692542,1.720794e+07,-1.137770e+07,1.629980e+07
7065,5.041966e+03,miss,-49.335232,-56.657385,27.495011,1.582498e+07,1.968713e+07,-7.322116e+06
7066,5.041979e+03,miss,-64.392023,-32.549571,34.557095,2.353100e+07,5.360799e+06,-1.044904e+07
7067,5.042104e+03,miss,60.731127,-20.970221,47.665292,-2.166091e+07,9.135551e+05,-1.488678e+07
7068,5.042154e+03,miss,-16.888035,-38.292652,-68.179668,5.662728e+06,1.665551e+07,1.954943e+07
7069,5.042561e+03,miss,-39.784473,-69.376606,-2.020474,1.624146e+07,2.067882e+07,5.565892e+05
7070,5.042908e+03,miss,-38.556705,-70.085702,1.172540,1.647869e+07,2.049339e+07,-4.790041e+05
7071,5.043147e+03,miss,-74.334843,23.325609,-18.172701,2.446615e+07,-8.372583e+06,4.805848e+06
7072,5.043318e+03,miss,53.870307,39.272349,-44.222988,-1.346457e+07,-1.433463e+07,1.746527e+07
7073,5.043396e+03,miss,44.241662,-0.365312,-66.652396,-9.810626e+06,3.880424e+06,2.409392e+07
7074,5.043489e+03,miss,-26.589254,-26.055343,-70.810526,3.992969e+06,1.284984e+07,2.260030e+07
7075,5.044048e+03,miss,-14.207661,0.166235,-78.728106,-1.927157e+06,1.418728e+05,2.623315e+07
7076,5.044133e+03,miss,60.415705,-30.497490,42.659650,-2.220448e+07,4.135778e+06,-1.348260e+07
7077,5.044431e+03,miss,-44.565650,43.503638,-50.212910,1.365353e+07,-1.042360e+07,1.992221e+07
7078,5.046055e+03,miss,64.682219,-35.640847,-30.756147,-1.882590e+07,1.608451e+07,8.891668e+06
7079,5.046439e+03,miss,17.835277,62.465739,-46.689767,-8.359049e+06,-2.140414e+07,1.281520e+07
7080,5.046442e+03,miss,41.834526,-34.775211,58.656262,-8.650810e+06,1.094976e+07,-2.230487e+07
7081,5.046727e+03,miss,-9.879987,12.201922,78.444241,3.151402e+06,-9.919075e+06,-2.416527e+07
7082,5.047584e+03,hit,-69.483800,-38.918099,-7.575170,2.055365e+07,1.612590e+07,3.146418e+06
7083,5.047600e+03,miss,9.976389,77.157499,18.633087,-6.033220e+05,-2.508838e+07,-7.912577e+06
7084,5.047783e+03,miss,67.059160,-39.443003,18.636485,-2.368703e+07,1.027596e+07,-5.074859e+06
7085,5.048336e+03,miss,-3.591719,13.412933,78.785740,7.290058e+06,-2.537216e+06,-2.515787e+07
7086,5.048952e+03,miss,41.768455,-66.449785,15.486195,-8.033563e+06,2.440066e+07,-5.714432e+06
7087,5.048960e+03,miss,9.572449,72.617785,-32.171812,-6.591692e+06,-2.388252e+07,8.874731e+06
7088,5.048986e+03,miss,-20.218360,-51.188933,58.059547,7.501431e+06,1.194024e+07,-2.222046e+07
7089,5.049915e+03,miss,52.646631,-37.612549,47.049213,-2.073568e+07,7.592129e+06,-1.432160e+07
7090,5.051520e+03,miss,35.863846,-2.119436,-71.479316,-1.116231e+07,7.042540e+06,2.277593e+07
7091,5.052673e+03,miss,44.336841,-31.955005,-58.421932,-9.075811e+06,1.393679e+07,2.040811e+07
7092,5.052804e+03,miss,69.611666,39.202515,4.168778,-2.539473e+07,-6.807303e+06,-1.371785e+06
7093,5.052966e+03,miss,4.446056,-7.740408,-79.500432,-1.912183e+06,-3.985979e+06,2.595364e+07
7094,5.053761e+03,miss,0.476768,-0.007448,-79.998579,-1.297004e+06,-6.278528e+06,2.553708e+07
7095,5.054692e+03,miss,6.832427,45.260616,-65.610933,1.315436e+06,-1.037863e+07,2.416456e+07
7096,5.055225e+03,miss,-36.965600,-66.017708,25.984738,1.743161e+07,1.770676e+07,-8.720969e+06
7097,5.055349e+03,miss,61.578158,12.548484,49.504201,-1.919064e+07,-9.895802e+06,-1.507498e+07
7098,5.055442e+03,hit,-56.527358,-56.387128,-5.014946,1.793292e+07,1.915913e+07,2.193989e+06
7099,5.056012e+03,miss,-23.600872,-23.846747,-72.624593,5.699139e+06,1.315477e+07,2.209129e+07
7100,5.056585e+03,miss,-53.938656,51.122311,-29.616393,1.289733e+07,-2.002887e+07,1.123100e+07
7101,5.056862e+03,miss,70.923446,8.598318,35.999079,-2.179901e+07,1.922003e+05,-1.477958e+07
7102,5.057090e+03,miss,72.754420,-9.289419,-31.945282,-2.454274e+07,4.259386e+06,8.556462e+06
7103,5.057297e+03,miss,65.808286,-22.497406,39.536517,-2.066326e+07,3.545857e+06,-1.594322e+07
7104,5.058484e+03,miss,32.780890,-27.344248,-67.658742,-6.892626e+06,4.852323e+06,2.495675e+07
7105,5.058508e+03,miss,-52.220531,34.605740,49.753983,2.055115e+07,-7.989346e+06,-1.441237e+07
7106,5.059831e+03,miss,1.591698,7.475539,79.634056,-6.844469e+06,-2.770809e+06,-2.528939e+07
7107,5.061116e+03,miss,16.349222,-25.816936,-73.933678,-9.260444e+06,1.151119e+07,2.181720e+07
7108,5.061206e+03,miss,56.741103,-8.782285,55.707438,-1.582341e+07,-1.779496e+06,-2.099331e+07
7109,5.061441e+03,miss,-21.191356,-19.936163,74.521647,5.694871e+06,1.211511e+07,-2.269561e+07
7110,5.061537e+03,miss,-41.100973,8.315500,68.129014,1.746589e+07,-8.547524e+05,-1.971100e+07
7111,5.064516e+03,miss,39.818139,44.123448,-53.550323,-1.511514e+07,-1.577260e+07,1.474712e+07
7112,5.064547e+03,miss,-21.200753,20.971768,74.234177,1.194599e+07,-8.087536e+06,-2.205923e+07
7113,5.065536e+03,miss,40.812572,0.176709,68.806270,-1.005186e+07,-5.665311e+06,-2.370072e+07
7114,5.066414e+03,miss,-14.869023,-68.181103,39.118401,7.722782e+06,1.964164e+07,-1.579699e+07
7115,5.067030e+03,miss,-40.042344,41.775974,-55.239286,8.736993e+06,-1.798372e+07,1.718475e+07
7116,5.069140e+03,miss,12.987992,-1.326083,-78.927521,-2.111546e+06,-5.717951e+06,2.565542e+07
7117,5.069875e+03,miss,74.849816,22.607176,16.923968,-2.244662e+07,-1.209511e+07,-6.731473e+06
7118,5.070107e+03,miss,8.118872,-53.875180,58.579424,-2.920051e+06,2.052175e+07,-1.630392e+07
7119,5.071787e+03,miss,48.022330,-51.041222,-38.583021,-1.029076e+07,1.984299e+07,1.400261e+07
7120,5.072245e+03,miss,-61.241013,23.186183,45.955841,1.622202e+07,-1.059230e+07,-1.790055e+07
7121,5.073857e+03,miss,-74.467720,1.891472,29.171580,2.338592e+07,5.015830e+06,-1.113291e+07
7122,5.074494e+03,miss,-33.174470,-14.297920,-71.379437,1.552117e+07,4.527010e+06,2.084918e+07
7123,5.077203e+03,miss,-10.870186,-75.164689,-25.141771,-2.800632e+06,2.460328e+07,9.126633e+06
7124,5.079591e+03,miss,3.029375,0.693315,-79.939616,3.508785e+06,-4.836216e+06,2.571162e+07
7125,5.080932e+03,miss,53.942916,-28.569779,-51.710053,-2.034867e+07,8.869921e+06,1.429083e+07
7126,5.081201e+03,miss,-54.191106,-58.709295,4.067277,1.936702e+07,1.790932e+07,-1.087848e+06
7127,5.081292e+03,miss,-3.122674,-70.920791,36.884826,4.544388e+05,2.445906e+07,-9.928197e+06
7128,5.081319e+03,miss,38.307322,55.029349,43.638513,-1.590068e+07,-1.329044e+07,-1.635719e+07
7129,5.081794e+03,miss,-24.133053,31.456376,69.484474,1.142032e+07,-4.723130e+06,-2.333149e+07
7130,5.082342e+03,miss,1.303639,-36.547891,71.151614,5.759839e+05,1.637581e+07,-2.070426e+07
7131,5.082553e+03,miss,36.828898,-59.526222,38.733205,-1.667994e+07,1.505988e+07,-1.386269e+07
7132,5.083316e+03,miss,-8.196400,8.213409,-79.154020,-3.376829e+06,-1.259978e+05,2.618931e+07
7133,5.083331e+03,miss,2.368627,-11.032458,-79.200218,-4.610479e+06,8.301698e+06,2.463993e+07
7134,5.083356e+03,miss,25.342005,75.804237,3.391237,-1.184129e+07,-2.358414e+07,-9.364071e+05
7135,5.083506e+03,miss,76.019050,24.214939,-5.894135,-2.603106e+07,-4.126380e+06,1.637607e+06
7136,5.083565e+03,miss,-28.718412,59.386074,-45.260878,8.785183e+06,-2.161391e+07,1.236900e+07
7137,5.083768e+03,miss,-1.052113,-2.301787,-79.959958,-2.377009e+06,6.501935e+06,2.548403e+07
7138,5.084623e+03,miss,78.779015,9.945076,-9.744858,-2.608593e+07,6.312988e+05,4.074803e+06
7139,5.085373e+03,miss,-31.547756,2.391965,-73.478008,1.426573e+07,2.877762e+06,2.204061e+07
7140,5.085560e+03,miss,-42.151539,-54.937164,40.064395,1.742260e+07,1.317193e+07,-1.485127e+07
7141,5.085682e+03,miss,-61.633270,-23.463664,45.285720,1.661170e+07,1.317110e+07,-1.575427e+07
7142,5.085694e+03,miss,22.704122,-75.280461,-14.743646,-1.270226e+07,2.273802e+07,4.388627e+06
7143,5.086522e+03,miss,0.641692,0.049821,79.997411,5.647580e+06,-2.646034e+06,-2.566792e+07
7144,5.086742e+03,miss,-24.447611,25.848611,71.653078,3.381940e+06,-1.284039e+07,-2.283541e+07
7145,5.087859e+03,miss,40.139376,67.739541,-14.148676,-1.508722e+07,-2.135167e+07,3.795290e+06
7146,5.090308e+03,miss,30.212541,-73.390553,10.051320,-1.140173e+07,2.368735e+07,-2.677310e+06
7147,5.090333e+03,miss,16.564616,-6.292940,-78.012899,-7.366349e+06,7.729796e+06,2.417124e+07
7148,5.090575e+03,miss,-73.383269,-13.123220,-29.028899,2.208007e+07,1.062697e+07,9.891046e+06
7149,5.090919e+03,miss,35.188214,-48.868691,52.665365,-1.540762e+07,1.543726e+07,-1.492105e+07
7150,5.091087e+03,miss,-68.962889,-16.412875,-37.077453,2.059868e+07,1.150328e+07,1.190520e+07
7151,5.091188e+03,miss,-22.563627,-73.597230,-21.779130,5.684049e+06,2.404855e+07,9.366839e+06
7152,5.092585e+03,miss,-69.646661,-7.785881,38.583969,2.076075e+07,2.757499e+06,-1.612321e+07
7153,5.092978e+03,miss,53.102430,-13.214596,-58.356717,-1.815336e+07,8.994470e+06,1.697585e+07
7154,5.093281e+03,miss,-13.696331,3.139295,78.756304,9.491697e+06,-4.194328e+06,-2.431010e+07
7155,5.094368e+03,miss,1.224981,-10.878623,-79.247429,2.903225e+06,-2.126929e+06,2.618898e+07
7156,5.094570e+03,miss,61.392517,-0.457372,-51.290834,-2.188692e+07,3.367641e+06,1.443830e+07
7157,5.094934e+03,miss,-75.516632,-10.326045,24.302492,2.308502e+07,9.793268e+06,-8.370577e+06
7158,5.095563e+03,miss,37.752158,38.084162,-59.366415,-1.353862e+07,-6.622016e+06,2.172173e+07
7159,5.095814e+03,miss,-5.587756,-26.240165,-75.367306,7.162525e+06,4.724308e+06,2.500785e+07
7160,5.097841e+03,miss,27.298997,10.405232,-74.474801,-6.540526e+06,-9.348512e+06,2.385620e+07
7161,5.097862e+03,miss,14.743183,-69.170301,37.391282,-8.675199e+05,2.168144e+07,-1.511478e+07
7162,5.097899e+03,miss,42.874347,40.520452,-54.035945,-8.523437e+06,-1.488351e+07,2.012788e+07
7163,5.098042e+03,miss,37.007839,-69.698988,-13.132817,-1.720782e+07,1.946170e+07,4.944881e+06
7164,5.098160e+03,miss,19.195669,20.537196,74.898263,-1.001737e+07,-1.363709e+06,-2.443620e+07
7165,5.098255e+03,miss,-28.835821,13.530217,-73.385480,7.604220e+06,-1.038104e+07,2.310320e+07
7166,5.100395e+03,miss,25.623041,-41.903105,63.147364,-1.320139e+07,9.211583e+06,-2.098837e+07
7167,5.100618e+03,miss,0.211916,0.547117,-79.997848,-6.083895e+06,-2.382426e+06,2.563167e+07
7168,5.101051e+03,miss,12.959675,36.515870,-69.990271,-6.273105e+06,-6.085013e+06,2.496703e+07
7169,5.102240e+03,miss,1.705498,1.391287,79.969717,5.613745e+06,1.467486e+06,-2.581138e+07
7170,5.102621e+03,miss,-38.791786,-56.730017,40.950001,1.476235e+07,1.467682e+07,-1.632823e+07
7171,5.102910e+03,miss,2.414268,-19.526793,-77.542735,-2.070614e+06,-4.524713e+04,2.637607e+07
7172,5.103265e+03,miss,15.398962,-1.354666,-78.492273,-1.087277e+07,1.639985e+05,2.412035e+07
7173,5.103633e+03,miss,56.499831,-10.755193,55.606608,-2.130139e+07,2.442626e+06,-1.550387e+07
7174,5.103738e+03,hit,40.904911,-67.728504,11.816851,-1.813747e+07,1.893445e+07,-3.552334e+06
7175,5.104961e+03,miss,-13.844479,-1.701516,78.774585,-9.508541e+04,-4.131550e+06,-2.613789e+07
7176,5.105020e+03,miss,-17.870598,19.803683,-75.421853,6.968440e+06,-1.174572e+07,2.266617e+07
7177,5.105349e+03,miss,-16.645107,5.823848,78.032193,8.562880e+06,3.591442e+06,-2.478104e+07
7178,5.107477e+03,miss,-9.395376,1.153546,-79.438002,-2.114317e+06,-4.372896e+06,2.601962e+07
7179,5.108443e+03,hit,-54.314817,58.735060,0.305581,2.045743e+07,-1.679976e+07,-8.425737e+04
7180,5.110346e+03,miss,-51.431209,47.533834,-38.669955,2.089500e+07,-1.076905e+07,1.218331e+07
7181,5.111469e+03,miss,73.352695,-1.982484,31.866156,-2.268594e+07,2.115868e+06,-1.349192e+07
7182,5.111506e+03,miss,-6.349513,-9.900362,79.130693,-9.696549e+05,-2.604054e+06,-2.633333e+07
7183,5.112745e+03,miss,-31.541536,51.139102,-52.819729,1.522317e+07,-1.503988e+07,1.560105e+07
7184,5.112760e+03,miss,63.363546,27.696142,40.224181,-2.267540e+07,-8.188531e+06,-1.095956e+07
7185,5.112937e+03,miss,-14.562465,-17.764364,76.631338,2.441985e+06,-2.718192e+05,-2.636902e+07
7186,5.113266e+03,miss,43.922709,8.874504,-66.272459,-9.738057e+06,1.493816e+05,2.462834e+07
7187,5.113388e+03,miss,2.027354,0.576141,79.972232,-5.626544e+06,-4.184357e+06,-2.553933e+07
7188,5.113413e+03,miss,-49.685796,-8.063409,-62.179603,1.838117e+07,6.446756e+06,1.794434e+07
7189,5.113671e+03,miss,-42.163495,18.360664,65.460872,1.097699e+07,-1.178639e+07,-2.102497e+07
7190,5.113851e+03,miss,-0.226185,-1.995168,79.974797,-3.724605e+06,-4.577966e+06,-2.581970e+07
7191,5.114107e+03,miss,10.333510,-1.203032,-79.320686,1.050835e+06,5.207033e+06,2.594812e+07
7192,5.114660e+03,miss,-76.771108,20.359267,-9.575866,2.427773e+07,-9.773321e+06,4.083204e+06
7193,5.115140e+03,miss,2.013682,0.565982,-79.972650,-4.074855e+06,-5.578028e+06,2.557236e+07
7194,5.115324e+03,miss,20.607120,77.028216,-6.480786,-5.569391e+06,-2.583975e+07,1.725950e+06
7195,5.115345e+03,miss,10.036832,-77.240191,18.254176,-2.500770e+06,2.514323e+07,-7.953396e+06
7196,5.116008e+03,hit,-15.458666,77.908919,-9.551440,1.134538e+07,-2.373530e+07,3.114692e+06
7197,5.116177e+03,miss,12.088582,-0.850137,79.076820,-3.667730e+06,-6.171253e+06,-2.550039e+07
7198,5.116542e+03,miss,51.186430,-53.226965,30.770757,-1.161477e+07,2.153357e+07,-1.016166e+07
7199,5.117067e+03,miss,7.291751,-32.598794,72.692152,-7.274708e+06,1.304487e+07,-2.188238e+07
7200,5.117141e+03,miss,7.608635,-0.869033,-79.632616,-6.013742e+06,-4.969376e+06,2.531954e+07
7201,5.117191e+03,miss,25.805450,20.363931,-72.934142,-7.124597e+06,-1.231808e+07,2.234839e+07
7202,5.118129e+03,miss,9.907624,1.518966,-79.369589,-2.809015e+06,-6.884761e+06,2.543195e+07
7203,5.118832e+03,miss,-54.787789,47.887716,33.242515,2.141606e+07,-1.018540e+07,-1.182289e+07
7204,5.118989e+03,miss,36.910373,70.940461,2.252875,-1.536920e+07,-2.157759e+07,-6.227466e+05
7205,5.119993e+03,miss,5.848151,-51.824703,-60.662998,2.407959e+06,1.944119e+07,1.784858e+07
7206,5.120136e+03,miss,-56.293807,34.437758,45.222208,1.476533e+07,-1.234880e+07,-1.821653e+07
7207,5.120236e+03,miss,1.267302,16.619572,78.244385,-5.204633e+06,-9.112855e+06,-2.433580e+07
7208,5.121158e+03,miss,40.676522,-46.549274,50.779776,-1.799426e+07,1.107131e+07,-1.600383e+07
7209,5.121278e+03,miss,-38.133049,46.153711,53.063222,1.721995e+07,-1.242071e+07,-1.586523e+07
7210,5.121303e+03,miss,-64.288158,8.343518,46.876630,2.002607e+07,-8.976372e+06,-1.486240e+07
7211,5.121499e+03,miss,-6.741999,19.175269,77.374767,-3.910557e+06,-8.264767e+06,-2.487846e+07
7212,5.121654e+03,miss,77.697613,3.143850,-18.793540,-2.472327e+07,-7.417194e+06,6.025201e+06
7213,5.121695e+03,miss,-12.223303,16.824379,77.249797,-2.511142e+06,-6.486590e+06,-2.557698e+07
7214,5.122192e+03,miss,33.854163,-18.586673,-70.060197,-1.167407e+07,-4.776813e+05,2.379327e+07
7215,5.122480e+03,miss,-19.329467,3.988551,-77.527177,-2.102613e+05,-1.861478e+06,2.644167e+07
7216,5.122883e+03,miss,78.397301,10.525335,-11.961628,-2.514817e+07,-7.678295e+06,3.367502e+06
7217,5.122927e+03,miss,10.041266,-11.672386,-78.504321,-9.331338e+05,9.560936e+06,2.470729e+07
7218,5.123001e+03,miss,-1.138704,-4.594781,79.859823,2.738966e+06,7.337165e+06,-2.532601e+07
7219,5.123386e+03,miss,6.189716,0.405808,-79.759155,2.344328e+06,4.708717e+06,2.598322e+07
7220,5.123539e+03,miss,43.439697,-64.817264,-17.655453,-9.821197e+06,2.357850e+07,7.100347e+06
7221,5.123711e+03,miss,-28.591771,-10.723432,-73.942671,6.046459e+06,-2.030547e+06,2.573242e+07
7222,5.123999e+03,miss,-8.295737,11.098461,-78.790894,-2.962985e+06,-6.739556e+06,2.546917e+07
7223,5.126646e+03,miss,-18.974645,11.311131,-76.889669,-1.109758e+05,-2.082420e+06,2.643660e+07
7224,5.126741e+03,miss,-1.732643,-69.534035,39.522348,2.986390e+06,2.400621e+07,-1.086458e+07
7225,5.127727e+03,miss,1.009820,4.322459,-79.876759,2.422671e+06,4.498416e+06,2.602472e+07
7226,5.128080e+03,miss,68.619093,30.248754,-27.864547,-2.468232e+07,-5.293305e+06,8.136547e+06
7227,5.128535e+03,miss,-7.690543,-6.956811,79.325017,-2.119633e+06,-2.406540e+06,-2.632902e+07
7228,5.128847e+03,miss,-31.676936,32.114974,-66.069662,1.249766e+07,-1.377449e+07,1.891075e+07
7229,5.128909e+03,miss,-76.572901,19.324949,-12.772517,2.352421e+07,-1.165033e+07,3.799259e+06
7230,5.129045e+03,miss,-18.846141,71.530979,30.465423,9.647335e+06,-2.132887e+07,-1.247317e+07
7231,5.130619e+03,miss,-14.049228,-48.155224,62.319287,-5.039178e+05,1.310290e+07,-2.306183e+07
7232,5.131008e+03,miss,73.897087,2.687594,-30.528631,-2.320016e+07,3.046286e+06,1.250256e+07
7233,5.131281e+03,miss,51.737412,-31.570789,52.216142,-1.398645e+07,8.349096e+06,-2.094159e+07
7234,5.132324e+03,miss,9.757170,9.989579,78.771860,-5.875392e+05,2.792782e+06,-2.637948e+07
7235,5.132890e+03,miss,-9.053163,-12.144526,78.552853,4.778267e+06,-2.354999e+06,-2.599464e+07
7236,5.133655e+03,miss,-24.072328,75.542875,10.667572,8.098836e+06,-2.483006e+07,-4.699028e+06
7237,5.134538e+03,miss,-57.321074,49.169079,26.395002,1.425297e+07,-2.071082e+07,-8.499409e+06
7238,5.135364e+03,miss,19.552599,-57.624641,51.933579,1.489785e+05,1.980871e+07,-1.766441e+07
7239,5.136358e+03,miss,71.937159,9.845915,33.587247,-2.283593e+07,1.374247e+06,-1.346130e+07
7240,5.136465e+03,miss,12.979911,-40.329602,-67.860483,-9.882991e+06,9.759259e+06,2.262019e+07
7241,5.136939e+03,miss,6.398354,33.077422,72.559942,-7.709119e+06,-1.227035e+07,-2.224101e+07
7242,5.137099e+03,miss,-14.130247,60.287716,50.653010,7.322113e+06,-1.600809e+07,-1.986968e+07
7243,5.137974e+03,miss,74.769408,28.450837,0.292383,-2.636832e+07,-3.081776e+06,-1.056297e+05
7244,5.138039e+03,miss,-52.528073,21.049251,56.548480,1.595075e+07,-1.382455e+06,-2.117706e+07
7245,5.138546e+03,miss,-19.816889,7.248790,-77.167001,2.700410e+06,-7.713650e+06,2.526029e+07
7246,5.138702e+03,miss,29.116454,-23.890165,70.579686,-1.162198e+07,1.195922e+07,-2.065921e+07
7247,5.138714e+03,miss,-20.157886,40.701733,65.856120,4.328402e+06,-1.763299e+07,-1.937113e+07
7248,5.139373e+03,miss,14.342604,43.329152,65.702924,1.385757e+06,-1.249865e+07,-2.338487e+07
7249,5.140058e+03,miss,56.328592,52.230303,22.340214,-1.968538e+07,-1.678383e+07,-5.989247e+06
7250,5.140207e+03,miss,-10.006736,-2.767980,79.323411,-3.310809e+06,6.037414e+05,-2.633965e+07
7251,5.140870e+03,miss,-27.463125,-64.254911,-38.949753,1.420195e+07,1.742531e+07,1.413708e+07
7252,5.141585e+03,miss,-58.615723,54.162137,5.537141,1.782306e+07,-1.963153e+07,-1.494497e+06
7253,5.141953e+03,miss,-11.424551,18.316829,-77.032288,2.455145e+06,-1.170332e+07,2.371386e+07
7254,5.142793e+03,miss,-48.894059,19.806682,-60.142052,1.221147e+07,-3.810368e+06,2.327700e+07
7255,5.142982e+03,miss,-24.519649,-2.670776,-76.102916,1.574712e+06,1.066461e+06,2.649276e+07
7256,5.145138e+03,miss,65.925827,39.285770,22.592337,-1.798872e+07,-1.753637e+07,-8.640660e+06
7257,5.145150e+03,miss,1.442558,61.771153,-50.815782,6.070127e+06,-1.977228e+07,1.667308e+07
7258,5.145414e+03,miss,-9.148513,1.826519,79.454191,8.890423e+06,1.287824e+06,-2.500238e+07
7259,5.145615e+03,miss,-13.712962,-12.783653,77.772314,4.022655e+06,1.019674e+07,-2.420102e+07
7260,5.145689e+03,miss,-71.960775,-0.535245,-34.947966,2.276936e+07,-6.398261e+06,1.210261e+07
7261,5.145829e+03,miss,-49.902463,61.465690,11.476632,1.630085e+07,-2.036101e+07,-5.058254e+06
7262,5.146241e+03,miss,-7.658970,12.489863,78.646955,3.586027e+06,2.422727e+06,-2.621453e+07
7263,5.146751e+03,miss,-22.049400,31.227198,70.275786,1.086814e+07,-4.719051e+06,-2.378266e+07
7264,5.147327e+03,miss,23.433850,0.679869,-76.487858,-2.110444e+06,-3.686577e+06,2.623042e+07
7265,5.147450e+03,miss,-41.994874,28.622724,61.783252,1.452031e+07,-1.342062e+07,-1.775230e+07
7266,5.147965e+03,miss,9.363604,2.094787,-79.422508,-7.117442e+06,-5.389320e+06,2.502927e+07
7267,5.149224e+03,miss,26.285658,-12.729950,74.478269,-2.208265e+06,4.835672e+06,-2.603996e+07
7268,5.149459e+03,miss,-31.846212,-56.298960,47.077021,6.408280e+06,2.172269e+07,-1.390794e+07
7269,5.150516e+03,miss,46.516991,-3.589867,64.986786,-1.626211e+07,-4.944209e+06,-2.043564e+07
7270,5.150639e+03,miss,-45.170759,63.656529,-17.534220,9.357930e+06,-2.423828e+07,5.609698e+06
7271,5.151437e+03,hit,44.951511,66.162613,1.367587,-1.126228e+07,-2.407605e+07,-3.849025e+05
7272,5.152064e+03,miss,-11.645946,-18.304379,77.002089,7.157067e+06,1.043305e+07,-2.338070e+07
7273,5.152290e+03,miss,-50.657648,51.851920,33.840525,2.030054e+07,-1.412732e+07,-9.750235e+06
7274,5.152332e+03,miss,-75.857982,-18.582135,17.328323,2.537958e+07,6.422912e+06,-4.624858e+06
7275,5.152611e+03,miss,-1.657002,-62.584910,-49.803448,-2.119830e+06,2.252386e+07,1.396375e+07
7276,5.152680e+03,miss,-54.142295,18.247003,55.996954,1.891306e+07,5.297081e+05,-1.867698e+07
7277,5.153081e+03,miss,19.403158,-76.843924,-10.887097,-1.688216e+06,2.634777e+07,3.132680e+06
7278,5.153658e+03,miss,-0.343166,-0.843755,79.994814,-2.215686e+06,6.272598e+06,-2.574283e+07
7279,5.154160e+03,miss,-45.233491,-65.695960,6.162151,1.638470e+07,2.087650e+07,-1.652229e+06
7280,5.154904e+03,miss,67.031349,14.292841,41.261519,-2.389227e+07,-1.953762e+06,-1.150919e+07
7281,5.155197e+03,miss,57.152744,1.889370,55.946350,-1.670594e+07,5.435763e+06,-1.996305e+07
7282,5.155584e+03,miss,-28.654827,46.563659,-58.401426,4.381149e+06,-1.882374e+07,1.826703e+07
7283,5.155716e+03,miss,9.785707,20.863961,76.608975,2.055193e+06,-2.941370e+06,-2.635061e+07
7284,5.155893e+03,miss,21.496934,26.602774,72.319944,-1.062694e+07,-1.186318e+07,-2.129760e+07
7285,5.156123e+03,miss,0.225490,0.332420,-79.998992,6.301931e+05,-6.513075e+06,2.577729e+07
7286,5.156227e+03,miss,14.661371,77.279852,-14.590018,1.680018e+06,-2.611160e+07,4.760465e+06
7287,5.157240e+03,miss,36.929350,52.736968,47.487212,-6.313485e+06,-1.889481e+07,-1.762287e+07
7288,5.157362e+03,miss,37.252022,-1.983958,70.769702,-6.822202e+06,-2.112609e+06,-2.562129e+07
7289,5.157655e+03,miss,11.261791,1.530675,79.188567,1.831537e+06,3.119397e+06,-2.635168e+07
7290,5.159295e+03,miss,11.135130,60.380767,-51.285202,2.164514e+06,-2.125873e+07,1.584621e+07
7291,5.160888e+03,miss,-22.485426,1.534438,-76.759697,1.237968e+07,2.172362e+06,2.345132e+07
7292,5.161824e+03,miss,-39.369305,27.272681,64.080096,1.229576e+07,-2.961727e+06,-2.341176e+07
7293,5.161914e+03,miss,-6.228961,36.524985,70.902225,-2.148353e+06,-7.428393e+06,-2.546142e+07
7294,5.161936e+03,miss,14.856197,-8.822390,78.111835,-1.207065e+06,8.232583e+06,-2.527550e+07
7295,5.162001e+03,miss,10.580192,-18.378329,77.138165,2.777477e+06,3.888485e+06,-2.617743e+07
7296,5.162101e+03,miss,-8.954110,-41.005343,-68.105696,8.976093e+06,1.336912e+07,2.118496e+07
7297,5.162121e+03,miss,23.616268,43.164288,-63.080235,-8.431404e+06,-8.711493e+06,2.368819e+07
7298,5.162450e+03,miss,15.319719,19.501851,-76.059082,-7.822428e+05,-1.107210e+07,2.418576e+07
7299,5.163271e+03,miss,1.339648,-2.562932,79.947712,-5.065548e+06,5.236898e+06,-2.559652e+07
7300,5.163642e+03,miss,-55.110019,-43.828472,37.973028,2.101596e+07,1.239919e+07,-1.062577e+07
7301,5.164313e+03,miss,-9.356208,62.872144,-48.575250,6.725039e+06,-2.176292e+07,1.376804e+07
7302,5.164704e+03,miss,-12.926458,-3.207818,78.883563,-4.655429e+05,-3.595169e+06,-2.636895e+07
7303,5.164790e+03,miss,-44.823857,-54.262935,38.030985,1.750993e+07,1.707095e+07,-1.051000e+07
7304,5.164833e+03,miss,3.189436,68.277675,-41.569058,-4.999403e+06,-2.019897e+07,1.659784e+07
7305,5.165269e+03,miss,-46.248922,-51.786117,39.739594,1.975214e+07,1.252366e+07,-1.271030e+07
7306,5.166012e+03,miss,-22.729664,-21.001736,73.771875,1.237607e+07,8.377444e+06,-2.202939e+07
7307,5.166226e+03,miss,-19.022507,13.013780,76.608001,1.144604e+07,-6.103556e+06,-2.324665e+07
7308,5.166495e+03,miss,-61.910244,-2.566662,-50.601719,2.165206e+07,-4.088007e+06,1.493939e+07
7309,5.168869e+03,miss,-57.205624,-33.304433,-44.925843,2.151271e+07,9.459926e+06,1.251988e+07
7310,5.169103e+03,miss,9.055827,11.651716,78.627155,2.738795e+06,-6.946491e+06,-2.555997e+07
7311,5.169325e+03,miss,60.302670,-21.933973,-47.775400,-1.918887e+07,1.863636e+06,1.836876e+07
7312,5.169651e+03,miss,16.696492,67.304527,-39.891450,-4.696654e+06,-2.384108e+07,1.089432e+07
7313,5.170196e+03,miss,0.151158,-0.127727,-79.999755,-4.642812e+06,-4.498516e+06,2.583456e+07
7314,5.171016e+03,miss,-58.323610,-44.991780,31.210515,1.846530e+07,1.718638e+07,-8.543424e+06
7315,5.171193e+03,miss,-36.359684,66.901991,-24.537664,7.745575e+06,-2.447001e+07,7.111827e+06
7316,5.171612e+03,miss,-8.512608,38.329719,-69.701995,6.062808e+06,-1.592605e+07,2.046983e+07
7317,5.172123e+03,miss,6.080269,71.690488,-34.978626,-6.868539e+06,-2.364007e+07,1.017109e+07
7318,5.172323e+03,hit,70.828246,-36.758802,5.670106,-2.560350e+07,7.151287e+06,-1.681808e+06
7319,5.172723e+03,miss,-11.077977,7.769554,-78.847400,9.729173e+06,-2.069095e+06,2.471083e+07
7320,5.172884e+03,miss,-63.439718,-42.223145,24.343544,1.857936e+07,1.777477e+07,-6.960643e+06
7321,5.172981e+03,miss,-39.019795,-30.571421,62.792068,1.736222e+07,6.822753e+06,-1.901583e+07
7322,5.173313e+03,miss,-9.364645,-64.391425,46.540819,-3.406425e+06,2.167453e+07,-1.510811e+07
7323,5.173798e+03,miss,76.423127,-11.380806,20.736028,-2.600622e+07,1.072013e+06,-5.677829e+06
7324,5.176202e+03,miss,3.707638,-78.575788,-14.563620,3.582779e+05,2.635435e+07,3.919252e+06
7325,5.176714e+03,miss,5.772053,-13.932635,78.565674,-7.769415e+06,6.375393e+06,-2.467998e+07
7326,5.177469e+03,miss,-9.039578,3.500222,79.410544,8.159440e+06,2.425978e+06,-2.525376e+07
7327,5.177634e+03,miss,5.911597,-19.367779,77.394717,-8.145589e+06,6.810448e+06,-2.444390e+07
7328,5.178479e+03,miss,-71.317716,-28.631381,-22.226729,2.120660e+07,1.332213e+07,9.118863e+06
7329,5.178962e+03,miss,-49.256073,6.472777,-62.705203,1.780669e+07,-6.908740e+06,1.859060e+07
7330,5.178995e+03,miss,58.166040,16.555955,52.369955,-1.835771e+07,-1.103056e+07,-1.586648e+07
7331,5.179207e+03,miss,-24.794351,-14.836111,74.599799,1.782626e+06,4.081178e+06,-2.627963e+07
7332,5.179603e+03,miss,8.306052,-56.669297,55.853382,-6.570616e+06,2.023639e+07,-1.605685e+07
7333,5.179821e+03,miss,39.805117,68.522341,10.965470,-1.437467e+07,-2.192342e+07,-4.823835e+06
7334,5.180072e+03,miss,-47.916515,55.290447,32.356979,1.138478e+07,-2.032549e+07,-1.295503e+07
7335,5.180593e+03,miss,79.151589,6.789703,-9.430051,-2.624639e+07,2.621043e+06,3.860022e+06
7336,5.181311e+03,miss,51.880264,40.856805,-45.157056,-1.606197e+07,-1.044699e+07,1.853685e+07
7337,5.181349e+03,miss,55.000994,-16.199811,-55.789396,-2.075442e+07,6.060395e+06,1.559718e+07
7338,5.181988e+03,miss,16.131769,-63.211928,-46.303544,-6.878023e+06,1.757815e+07,1.882912e+07
7339,5.182101e+03,miss,3.829460,-54.976111,57.991055,-5.827464e+06,1.447536e+07,-2.161838e+07
7340,5.182335e+03,miss,-27.182140,-9.100803,-74.688062,1.334778e+07,5.687107e+06,2.236907e+07
7341,5.182336e+03,miss,18.149658,16.062509,76.240316,-7.906511e+06,-1.048908e+07,-2.320233e+07
7342,5.182677e+03,miss,-23.895865,-25.117164,72.097959,1.334046e+07,7.182928e+06,-2.194006e+07
7343,5.182723e+03,miss,-11.625893,35.887431,70.547366,9.916588e+06,-1.109331e+07,-2.212543e+07
7344,5.183148e+03,miss,-24.377087,13.161136,75.050264,1.689003e+06,-6.101218e+06,-2.590204e+07
7345,5.184565e+03,hit,-78.411176,-14.910327,5.419381,2.447022e+07,1.038346e+07,-2.140050e+06
7346,5.185197e+03,miss,73.074095,-30.585227,11.167834,-2.218926e+07,1.404698e+07,-4.646866e+06
7347,5.185466e+03,miss,-57.861017,46.911039,-29.179738,2.092717e+07,-1.449837e+07,7.947451e+06
7348,5.186229e+03,miss,-14.340606,17.321399,76.774450,7.611770e+06,-1.040851e+07,-2.334823e+07
7349,5.186448e+03,miss,30.613366,73.420111,8.503481,-1.247175e+07,-2.346402e+07,-2.311161e+06
7350,5.186915e+03,miss,57.168121,-36.398262,42.508498,-1.470782e+07,1.717840e+07,-1.414542e+07
7351,5.187221e+03,miss,74.237421,-27.740596,-10.920833,-2.343431e+07,1.183735e+07,4.718299e+06
7352,5.189297e+03,miss,-16.272434,-54.609643,-56.151534,9.310643e+05,2.076183e+07,1.673070e+07
7353,5.189521e+03,miss,-47.410995,-31.310991,56.318908,1.944620e+07,5.903152e+06,-1.728773e+07
7354,5.190035e+03,miss,23.688421,66.705667,37.272143,-7.159107e+06,-2.028467e+07,-1.578662e+07
7355,5.191215e+03,miss,47.878719,50.412685,-39.575111,-1.055149e+07,-2.068358e+07,1.315124e+07
7356,5.191422e+03,miss,-20.670244,-42.159018,64.771585,1.238393e+07,1.302338e+07,-1.972709e+07
7357,5.191575e+03,miss,-54.801260,37.545982,-44.577136,1.518921e+07,-1.193282e+07,1.841317e+07
7358,5.192008e+03,miss,-56.577166,47.868804,-30.126432,2.241588e+07,-1.111105e+07,9.288789e+06
7359,5.193100e+03,miss,-5.266396,18.850547,77.568821,1.932617e+06,-1.191452e+07,-2.380478e+07
7360,5.193241e+03,miss,-9.537725,-7.803985,-79.045111,3.283604e+06,8.784041e+06,2.498872e+07
7361,5.193963e+03,miss,28.273090,59.148777,45.848168,-4.384080e+06,-1.919171e+07,-1.802595e+07
7362,5.194071e+03,miss,26.256820,75.528348,2.459291,-1.476601e+07,-2.221954e+07,-8.652592e+05
7363,5.194072e+03,miss,-59.511748,-10.350054,-52.452152,1.872487e+07,-2.970919e+06,1.878948e+07
7364,5.195212e+03,miss,-19.075018,-33.257210,70.214683,1.141818e+07,1.181255e+07,-2.104132e+07
7365,5.196150e+03,miss,-25.276049,68.649453,-32.378604,3.091670e+06,-2.465953e+07,9.753247e+06
7366,5.196349e+03,miss,3.043748,-12.897160,-78.894860,1.939601e+06,-1.704853e+06,2.657321e+07
7367,5.196638e+03,miss,-17.526721,-27.148589,-73.183114,9.540736e+06,1.215981e+07,2.177056e+07
7368,5.196734e+03,miss,-64.581892,25.592757,-39.676063,2.283028e+07,-8.625238e+06,1.082777e+07
7369,5.196924e+03,miss,15.860687,-5.154332,78.242389,-7.538341e+06,-4.319188e+06,-2.524680e+07
7370,5.197585e+03,miss,63.406610,-39.491304,-28.636319,-2.381497e+07,7.003494e+06,9.837259e+06
7371,5.198015e+03,miss,-62.809551,-49.426023,-3.468221,2.408346e+07,1.148483e+07,1.057465e+06
7372,5.198775e+03,miss,15.466660,45.434007,64.004168,6.351111e+04,-1.222775e+07,-2.374058e+07
7373,5.198850e+03,miss,-11.920666,1.429977,79.093950,-2.713284e+06,-4.866796e+05,-2.656216e+07
7374,5.200231e+03,hit,71.394260,-36.080241,1.037199,-2.578684e+07,6.948424e+06,-3.078999e+05
7375,5.200967e+03,miss,24.328231,27.190123,-71.195747,-5.245689e+06,-1.416516e+07,2.202882e+07
7376,5.201601e+03,miss,0.180877,-4.217383,79.888553,5.442221e+06,4.707561e+06,-2.572442e+07
7377,5.202341e+03,miss,20.207074,-1.273119,77.395435,-2.059754e+06,-4.369531e+06,-2.627338e+07
7378,5.202374e+03,miss,-41.617439,21.897533,-64.718520,1.756680e+07,-2.827462e+06,1.992595e+07
7379,5.203887e+03,miss,-63.548758,-39.612634,-28.149504,2.376155e+07,7.058342e+06,9.970298e+06
7380,5.204584e+03,miss,-60.942858,-34.380039,-38.781193,1.590787e+07,1.630993e+07,1.395921e+07
7381,5.204637e+03,miss,-75.353122,-13.639067,23.149143,2.353263e+07,1.042447e+07,-7.175442e+06
7382,5.205187e+03,miss,46.913343,46.093681,-45.546797,-1.000338e+07,-1.891228e+07,1.600858e+07
7383,5.205890e+03,miss,-52.720780,-28.539024,-52.972101,2.009549e+07,9.547955e+06,1.480273e+07
7384,5.206578e+03,miss,27.333010,67.703053,32.698672,-1.462544e+07,-1.900530e+07,-1.179417e+07
7385,5.207537e+03,miss,69.783866,15.658665,35.847152,-2.177122e+07,-3.226683e+06,-1.516381e+07
7386,5.207736e+03,miss,-57.785332,36.440644,-41.628535,1.899320e+07,-1.483085e+07,1.156160e+07
7387,5.208174e+03,miss,51.200134,-55.654141,-26.099098,-1.612242e+07,2.010328e+07,7.095901e+06
7388,5.208286e+03,miss,36.980947,31.480786,63.571768,-1.447274e+07,-4.181089e+06,-2.207940e+07
7389,5.208387e+03,miss,56.830691,3.480896,56.197473,-1.713268e+07,-7.615756e+06,-1.905064e+07
7390,5.209193e+03,miss,41.675583,-22.851124,-64.350384,-1.801609e+07,4.823361e+06,1.914998e+07
7391,5.209272e+03,miss,38.235741,42.411132,56.029671,-6.938700e+06,-1.748896e+07,-1.898861e+07
7392,5.209345e+03,miss,51.051353,-29.455704,54.093630,-1.948885e+07,1.028522e+07,-1.513228e+07
7393,5.209776e+03,miss,60.816703,12.413302,-50.470175,-1.641392e+07,-7.510672e+06,1.971849e+07
7394,5.210344e+03,miss,36.854292,-57.804960,41.235274,-1.630845e+07,1.455901e+07,-1.538809e+07
7395,5.210402e+03,miss,49.348854,14.551826,61.261203,-1.543240e+07,-1.072365e+07,-1.901516e+07
7396,5.210861e+03,miss,-19.499748,-9.898758,76.953066,9.799567e+06,7.839850e+06,-2.360720e+07
7397,5.211292e+03,miss,14.841176,8.416162,-78.159502,-8.020615e+06,-7.808205e+06,2.428077e+07
7398,5.211574e+03,miss,-70.981839,10.300292,35.432788,2.445038e+07,2.014453e+06,-1.063078e+07
7399,5.212208e+03,miss,-5.297357,-21.309629,-76.927484,6.689172e+06,1.017319e+07,2.380632e+07
7400,5.213440e+03,miss,6.036072,2.384074,-79.736328,-8.106202e+06,-2.270160e+06,2.538276e+07
7401,5.213610e+03,miss,34.043370,-32.897948,64.488557,-5.652366e+06,1.449027e+07,-2.175442e+07
7402,5.213959e+03,miss,69.272166,-2.181306,-39.957589,-2.430330e+07,2.068575e+06,1.096770e+07
7403,5.214083e+03,miss,-6.002517,33.015575,72.621908,5.458180e+06,-1.460878e+07,-2.172622e+07
7404,5.214622e+03,miss,32.060141,-22.322585,69.812961,-8.242034e+06,1.299579e+07,-2.187439e+07
7405,5.214920e+03,miss,-8.810627,-14.239357,-78.227959,-3.727957e+06,4.703109e+06,2.606405e+07
7406,5.214924e+03,miss,-31.961679,-63.006379,37.531950,1.524333e+07,1.687507e+07,-1.407924e+07
7407,5.215204e+03,miss,15.324205,75.677823,-20.929307,-5.101196e+06,-2.459557e+07,9.188365e+06
7408,5.215483e+03,miss,-24.170041,-43.383001,-62.719409,1.354888e+07,1.107558e+07,2.022840e+07
7409,5.215499e+03,miss,17.461225,44.163666,64.379160,-6.596436e+06,-9.108716e+06,-2.426828e+07
7410,5.215864e+03,miss,-28.291265,52.553400,-53.270484,8.146649e+06,-2.053602e+07,1.507929e+07
7411,5.217124e+03,miss,69.167739,-5.372935,39.836610,-2.254850e+07,-4.902637e+06,-1.353451e+07
7412,5.217584e+03,miss,1.450338,-6.300533,79.738321,-6.459512e+06,-5.056868e+05,-2.595642e+07
7413,5.217707e+03,miss,-8.582572,-37.172120,-70.317657,-3.411153e+06,1.019813e+07,2.449686e+07
7414,5.217785e+03,miss,8.756909,-12.350858,-78.554267,-5.541582e+06,-1.997438e+06,2.609685e+07
7415,5.217943e+03,miss,10.120543,-17.107460,77.491351,-9.466400e+06,5.672200e+06,-2.437170e+07
7416,5.219015e+03,miss,34.255129,-51.041668,-51.198968,-1.523763e+07,1.182010e+07,1.854759e+07
7417,5.219231e+03,miss,-1.536088,-1.189590,79.976405,-1.928371e+05,-6.090883e+06,-2.605392e+07
7418,5.219485e+03,miss,-49.824026,19.977510,59.316655,1.253830e+07,-4.280363e+06,-2.324752e+07
7419,5.221179e+03,miss,54.944388,0.268899,-58.146728,-2.003523e+07,4.441746e+06,1.717762e+07
7420,5.221618e+03,miss,19.207370,-20.262485,74.970052,-3.553029e+04,8.825868e+06,-2.526605e+07
7421,5.221694e+03,miss,22.036282,-16.730741,75.063204,-1.239362e+07,6.954878e+06,-2.267837e+07
7422,5.222269e+03,miss,-44.886478,-37.043083,-54.890929,1.376046e+07,7.749101e+06,2.160927e+07
7423,5.222315e+03,miss,-52.614333,18.407117,-57.383882,1.797691e+07,-1.059992e+07,1.675823e+07
7424,5.222319e+03,miss,17.030652,39.157036,67.651189,9.953080e+05,-1.370861e+07,-2.296628e+07
7425,5.222625e+03,miss,44.942781,64.893717,12.998150,-1.069143e+07,-2.395062e+07,-5.335693e+06
7426,5.223408e+03,miss,0.726878,2.030781,-79.970917,-2.072603e+06,5.599664e+06,2.609337e+07
7427,5.223467e+03,miss,5.567510,-15.608011,78.264889,1.985381e+06,-2.839832e+05,-2.669272e+07
7428,5.223744e+03,miss,-74.054390,24.812184,17.329250,2.184869e+07,-1.407455e+07,-6.411208e+06
7429,5.224071e+03,miss,10.511787,-32.375051,-72.397226,-6.276274e+06,1.465244e+07,2.150631e+07
7430,5.225026e+03,miss,-38.645910,22.719700,66.259406,9.576807e+06,-1.307246e+07,-2.131040e+07
7431,5.225341e+03,miss,-2.528105,17.928875,77.924092,-8.735805e+05,-1.152815e+07,-2.414787e+07
7432,5.226269e+03,hit,-78.717461,-13.973381,-2.882002,2.440911e+07,1.096439e+07,9.411608e+05
7433,5.226469e+03,miss,53.548328,39.761321,44.177074,-1.328552e+07,-1.807225e+07,-1.462274e+07
7434,5.227144e+03,miss,40.270815,-49.365710,-48.386859,-9.304585e+06,2.034130e+07,1.472022e+07
7435,5.229487e+03,miss,-6.886016,33.843580,-72.160896,-4.572192e+05,-1.565454e+07,2.172731e+07
7436,5.230308e+03,miss,-72.518544,3.712595,33.574951,2.471791e+07,3.408447e+06,-9.740124e+06
7437,5.230578e+03,miss,-39.241089,33.759822,60.995175,1.575982e+07,-1.296063e+07,-1.735366e+07
7438,5.230998e+03,miss,-37.095766,-59.328270,-38.782219,6.471695e+06,2.268606e+07,1.268924e+07
7439,5.231014e+03,miss,21.662654,70.923733,30.009224,-1.311463e+07,-2.132580e+07,-9.527627e+06
7440,5.231076e+03,miss,-1.253409,-55.631351,57.476793,-3.024052e+06,2.078387e+07,-1.662689e+07
7441,5.231465e+03,miss,14.840541,29.082451,-73.034029,-2.476585e+06,-1.463202e+07,2.230228e+07
7442,5.231956e+03,miss,-40.642142,-57.069065,38.617847,1.314388e+07,2.079536e+07,-1.060565e+07
7443,5.232457e+03,miss,-20.295672,58.518528,50.632673,6.231668e+06,-1.593844e+07,-2.061285e+07
7444,5.232734e+03,miss,77.378056,2.374190,-20.174235,-2.523832e+07,2.705545e+06,8.573346e+06
7445,5.232838e+03,miss,-50.739682,-20.774863,-58.257101,2.029453e+07,3.983496e+06,1.703154e+07
7446,5.233481e+03,miss,-6.016096,3.075447,-79.714166,6.369525e+06,3.716071e+06,2.575884e+07
7447,5.233781e+03,miss,31.833786,-29.141961,-67.359901,-8.026856e+06,1.489229e+07,2.077807e+07
7448,5.233884e+03,miss,-65.405794,27.735537,-36.780731,2.191553e+07,-1.160117e+07,1.015260e+07
7449,5.234722e+03,miss,13.755807,-20.712677,-76.037904,1.469183e+06,9.521272e+06,2.500509e+07
7450,5.235996e+03,miss,54.135127,-49.293832,32.241372,-1.662882e+07,1.578260e+07,-1.387929e+07
7451,5.236265e+03,miss,14.352148,-77.317144,-14.699493,-8.428675e+06,2.510561e+07,4.116494e+06
7452,5.236311e+03,miss,71.306722,0.625932,-36.262372,-2.345440e+07,-6.324781e+06,1.132141e+07
7453,5.236344e+03,miss,-28.673422,-55.293849,-50.203835,1.285954e+07,1.873606e+07,1.420854e+07
7454,5.237026e+03,miss,-37.280367,-19.666253,-67.995682,1.595130e+07,8.516681e+06,1.978398e+07
7455,5.238031e+03,miss,-40.951009,68.115975,9.122981,7.802203e+06,-2.541860e+07,-3.397338e+06
7456,5.238317e+03,miss,-76.214599,20.454440,-13.151073,2.542642e+07,-7.715250e+06,3.540201e+06
7457,5.239631e+03,miss,-19.868914,-15.130680,76.001900,3.121792e+06,1.042642e+07,-2.450072e+07
7458,5.239859e+03,miss,16.930398,-30.774742,-71.876817,1.745838e+04,7.255326e+06,2.580954e+07
7459,5.240815e+03,miss,62.976810,43.509160,-23.256706,-1.739968e+07,-1.810131e+07,9.407323e+06
7460,5.240820e+03,miss,-3.552934,-63.801185,48.132998,-5.435257e+06,2.022010e+07,-1.674843e+07
7461,5.241409e+03,miss,-17.593758,75.363971,20.266513,-7.292231e+05,-2.594756e+07,-6.721427e+06
7462,5.241961e+03,miss,58.566870,42.349166,-34.299707,-1.655082e+07,-1.540855e+07,1.441207e+07
7463,5.242032e+03,miss,34.576022,-12.058393,-71.127308,-1.401272e+07,-1.833108e+06,2.278934e+07
7464,5.242152e+03,miss,3.533622,74.157620,-29.802028,-7.044832e+06,-2.323492e+07,1.138402e+07
7465,5.242816e+03,miss,77.980879,4.719717,17.225181,-2.485439e+07,-8.197454e+06,-5.851427e+06
7466,5.243248e+03,miss,-36.107379,14.939947,-69.807272,1.188746e+07,1.718758e+06,2.397857e+07
7467,5.243310e+03,miss,-59.203011,51.045482,17.010652,2.126913e+07,-1.566589e+07,-4.631394e+06
7468,5.243714e+03,miss,15.675311,15.570844,-76.888448,-2.943336e+06,-1.092095e+07,2.431812e+07
7469,5.244146e+03,miss,-19.943500,22.577729,74.111423,9.933182e+06,-1.701429e+06,-2.485554e+07
7470,5.244273e+03,miss,-51.550985,-38.234069,-47.756171,1.277936e+07,1.379603e+07,1.912422e+07
7471,5.245100e+03,miss,-24.026996,15.550682,-74.705286,1.340561e+07,-3.535822e+06,2.296256e+07
7472,5.245467e+03,miss,40.761093,-10.799637,67.984566,-1.668935e+07,-1.257734e+06,-2.096247e+07
7473,5.245625e+03,miss,-70.565892,13.288018,-35.268731,2.135756e+07,-1.080076e+07,1.211452e+07
7474,5.247094e+03,miss,68.449059,-40.000057,10.710825,-1.903225e+07,1.859027e+07,-3.455461e+06
7475,5.247515e+03,miss,63.112390,-39.629808,29.091313,-1.824409e+07,1.539651e+07,-1.224432e+07
7476,5.248632e+03,miss,-43.023371,-59.033310,32.619901,1.630869e+07,1.933604e+07,-8.950976e+06
7477,5.248660e+03,hit,79.750913,-6.050373,1.784621,-2.640671e+07,-4.721131e+06,-6.136134e+05
7478,5.248943e+03,miss,0.307984,0.049736,79.999392,5.216505e+06,3.746184e+06,-2.605327e+07
7479,5.249206e+03,miss,-78.285868,-14.331673,-8.119482,2.644946e+07,2.767815e+06,3.580477e+06
7480,5.249263e+03,miss,-73.614626,28.893101,-12.086174,2.198275e+07,-1.461706e+07,4.812802e+06
7481,5.249787e+03,miss,3.490620,0.851299,-79.919277,-1.093479e+06,-6.768932e+06,2.594456e+07
7482,5.250110e+03,miss,23.715241,-38.221078,66.156908,-8.679683e+06,1.661524e+07,-1.920353e+07
7483,5.250626e+03,hit,61.872012,-49.550068,10.800229,-2.205242e+07,1.501026e+07,-2.938062e+06
7484,5.250875e+03,miss,-0.812863,-5.588053,79.800457,-4.405589e+06,-2.813159e+06,-2.632414e+07
7485,5.251288e+03,hit,79.136040,3.236392,11.270005,-2.554216e+07,-6.974188e+06,-4.393039e+06
7486,5.251495e+03,miss,32.285425,24.720864,-68.895067,-4.583430e+06,-1.059895e+07,2.422856e+07
7487,5.251910e+03,miss,-6.800163,65.811077,-44.973991,1.726721e+06,-2.372379e+07,1.243487e+07
7488,5.252031e+03,miss,-10.742142,49.279906,-62.097482,8.464688e+06,-1.220070e+07,2.235920e+07
7489,5.252787e+03,miss,3.007564,47.610224,64.220099,2.927851e+06,-1.867325e+07,-1.906000e+07
7490,5.252926e+03,miss,1.474748,59.439243,53.523840,5.080609e+06,-2.069676e+07,-1.632165e+07
7491,5.253810e+03,miss,73.077008,26.600079,18.766639,-2.603142e+07,-2.832255e+06,-5.918607e+06
7492,5.253975e+03,miss,-15.002471,19.735668,76.062009,6.298027e+06,-6.476146e+03,-2.609681e+07
7493,5.254155e+03,miss,1.071985,11.773796,-79.121606,-4.231625e+06,1.516755e+06,2.646746e+07
7494,5.254629e+03,miss,66.328053,41.281104,17.218011,-2.503635e+07,-7.905679e+06,-5.610729e+06
7495,5.255756e+03,miss,-10.970948,-26.813362,74.569980,-2.708876e+06,6.916531e+06,-2.580265e+07
7496,5.255925e+03,miss,20.412629,11.960299,76.421697,-2.890351e+05,-5.527064e+06,-2.627441e+07
7497,5.256540e+03,miss,27.579881,-2.624981,-75.049714,-1.364578e+07,3.834758e+06,2.280676e+07
7498,5.256600e+03,miss,15.363211,-49.002224,-61.341289,-1.208033e+06,1.957834e+07,1.833844e+07
7499,5.256882e+03,miss,28.758590,-57.927106,-47.089211,-3.528199e+06,2.175730e+07,1.533882e+07
7500,5.257040e+03,miss,-1.593162,7.190123,-79.660304,-5.929222e+06,-1.127157e+06,2.616683e+07
7501,5.257601e+03,miss,70.963053,-27.252919,24.930374,-2.405883e+07,9.836351e+06,-6.754642e+06
7502,5.257944e+03,miss,-15.565432,-60.603261,49.849394,3.660470e+06,1.707825e+07,-2.040067e+07
7503,5.258813e+03,miss,-18.622707,34.366482,-69.800714,2.660103e+06,-1.590743e+07,2.147673e+07
7504,5.259603e+03,miss,30.445259,-6.100899,73.728321,-9.306454e+06,8.391055e+06,-2.375839e+07
7505,5.259848e+03,miss,-7.369191,2.017931,-79.634308,-3.194303e+06,-4.140508e+06,2.634705e+07
7506,5.261192e+03,miss,40.283120,-18.592749,66.570113,-1.338690e+07,-4.567041e+05,-2.328693e+07
7507,5.262838e+03,miss,39.760191,-32.020986,61.593698,-7.776185e+06,1.038244e+07,-2.352999e+07
7508,5.263537e+03,hit,37.104133,-70.487286,-7.404448,-1.668148e+07,2.095386e+07,2.164375e+06
7509,5.265668e+03,miss,62.136117,26.354487,-42.948154,-1.685089e+07,-1.410982e+07,1.546846e+07
7510,5.265771e+03,miss,-2.335530,5.227104,79.794879,-7.523981e+05,4.718326e+06,-2.644803e+07
7511,5.268953e+03,miss,-6.723770,33.889976,-72.154421,-3.387551e+06,-7.883179e+06,2.547829e+07
7512,5.269301e+03,miss,47.178648,-17.419787,62.215161,-1.915560e+07,1.747120e+06,-1.878355e+07
7513,5.269331e+03,miss,0.212507,-0.258078,79.999301,-3.830188e+06,5.402933e+06,-2.605673e+07
7514,5.269357e+03,miss,30.852644,-61.702190,40.508691,-8.771197e+06,2.276873e+07,-1.129026e+07
7515,5.270123e+03,miss,-44.964337,14.907264,64.466905,1.320891e+07,-1.106509e+07,-2.064007e+07
7516,5.270441e+03,miss,-34.140791,32.315521,64.731086,9.425495e+06,-1.578597e+07,-1.961965e+07
7517,5.270630e+03,miss,7.433807,-34.179399,-71.947948,-4.431195e+06,5.334380e+06,2.597888e+07
7518,5.271576e+03,miss,-13.902883,-15.634961,77.215658,-1.973748e+06,6.337524e+06,-2.605884e+07
7519,5.271841e+03,miss,-38.308727,19.707621,67.409577,1.705192e+07,-3.113443e+06,-2.055963e+07
7520,5.272457e+03,miss,-24.826539,-24.055745,72.145437,4.605839e+06,1.312632e+07,-2.301587e+07
7521,5.272574e+03,miss,-6.606678,9.077014,-79.208330,8.087314e+06,-4.999490e+06,2.515672e+07
7522,5.273508e+03,miss,-23.436220,43.141455,63.162952,1.302890e+07,-1.383659e+07,-1.903116e+07
7523,5.273570e+03,miss,14.988830,-74.112267,-26.128661,-7.151971e+06,2.491600e+07,7.172091e+06
7524,5.274619e+03,miss,-28.613368,66.297394,-34.437344,4.565508e+06,-2.260216e+07,1.385061e+07
7525,5.275815e+03,miss,-64.712565,44.243949,-15.961106,2.014905e+07,-1.727026e+07,4.411219e+06
7526,5.275847e+03,miss,-13.047483,2.476758,78.889979,-1.221250e+06,2.911734e+06,-2.671590e+07
7527,5.276060e+03,miss,-35.171958,-21.133473,68.675394,1.500884e+07,1.457227e+06,-2.227891e+07
7528,5.276140e+03,miss,-53.817796,-23.803285,-54.194543,1.322651e+07,1.013781e+07,2.111951e+07
7529,5.276511e+03,miss,-52.208106,37.321508,-47.764199,1.720748e+07,-7.847960e+06,1.913406e+07
7530,5.276935e+03,miss,-18.107719,-10.157192,77.258928,6.267763e+06,-3.304126e+06,-2.595489e+07
7531,5.278848e+03,miss,-76.019256,-23.811266,7.355022,2.661601e+07,3.340847e+06,-2.132509e+06
7532,5.279665e+03,miss,13.707934,15.335401,-77.310530,-8.737511e+06,2.171590e+03,2.545366e+07
7533,5.280469e+03,miss,12.016455,-16.438148,77.365316,-4.133445e+04,1.258892e+05,-2.691330e+07
7534,5.281823e+03,miss,-44.415593,-5.959533,66.270198,9.419546e+06,8.404908e+05,-2.520108e+07
7535,5.282720e+03,miss,-36.670292,57.517240,-41.797808,1.057490e+07,-2.178812e+07,1.175166e+07
7536,5.282758e+03,miss,59.845519,42.162684,32.261772,-2.223424e+07,-8.630136e+06,-1.248264e+07
7537,5.283048e+03,miss,-52.119885,40.254024,45.421704,1.289505e+07,-1.828013e+07,-1.497502e+07
7538,5.283354e+03,miss,-30.288718,31.435768,-67.040182,4.622155e+06,-1.428354e+07,2.234626e+07
7539,5.286952e+03,miss,75.071795,14.094288,23.781854,-2.586298e+07,1.299151e+06,-7.392625e+06
7540,5.287054e+03,miss,-16.283357,-4.716397,-78.183169,2.527123e+06,7.496833e+06,2.574214e+07
7541,5.288362e+03,miss,31.696266,30.449082,66.844597,-6.989646e+06,-1.517257e+07,-2.112732e+07
7542,5.288519e+03,miss,-18.930137,-27.862746,72.562506,2.447598e+06,4.386602e+06,-2.646156e+07
7543,5.288573e+03,miss,-7.347475,-38.884897,-69.526825,7.714383e+06,8.859028e+06,2.423759e+07
7544,5.289002e+03,miss,58.957164,-5.015800,53.841383,-2.200433e+07,3.198522e+06,-1.520173e+07
7545,5.289261e+03,miss,40.467494,47.855502,-49.721553,-1.729270e+07,-1.489105e+07,1.430974e+07
7546,5.290867e+03,miss,-35.022228,-55.159343,46.161568,6.178222e+06,1.913618e+07,-1.792779e+07
7547,5.291021e+03,miss,-48.751388,3.980717,63.304471,1.794278e+07,4.288437e+06,-1.963305e+07
7548,5.291401e+03,miss,-1.362820,-39.700637,69.440637,-3.094380e+06,8.170711e+06,-2.548543e+07
7549,5.291723e+03,miss,-17.447150,-18.137270,75.938372,1.163043e+07,4.272100e+06,-2.392424e+07
7550,5.293032e+03,miss,-3.417001,24.004072,76.237318,6.598350e+06,-4.098727e+06,-2.580172e+07
7551,5.293095e+03,miss,39.171382,61.058157,-33.726907,-1.127965e+07,-1.970732e+07,1.450745e+07
7552,5.293555e+03,hit,-55.083018,-58.016037,0.025170,1.452433e+07,2.269762e+07,-1.035916e+04
7553,5.293614e+03,miss,25.816120,18.108293,-73.522906,-2.111649e+06,-7.335336e+06,2.584338e+07
7554,5.293638e+03,miss,0.337375,0.655745,-79.996601,1.941843e+06,-6.408712e+06,2.610186e+07
7555,5.294619e+03,miss,-10.752974,21.959796,-76.171786,5.054724e+05,-1.246546e+07,2.388809e+07
7556,5.294802e+03,miss,3.320443,-77.952105,-17.676084,-4.277444e+06,2.614942e+07,4.921417e+06
7557,5.294811e+03,miss,0.690623,-0.506745,-79.995414,6.260251e+06,1.063798e+06,2.619138e+07
7558,5.295214e+03,miss,-48.233050,-42.823673,47.325531,1.507376e+07,1.779051e+07,-1.351464e+07
7559,5.295477e+03,miss,-63.982451,5.323476,47.727419,1.913399e+07,-7.955342e+06,-1.723383e+07
7560,5.296087e+03,miss,-55.110023,30.471970,49.339076,1.778151e+07,-5.271903e+06,-1.955787e+07
7561,5.297014e+03,miss,39.477450,-67.178870,-18.125405,-1.469062e+07,2.205525e+07,4.936035e+06
7562,5.297773e+03,miss,54.342203,-40.952669,42.069037,-2.155956e+07,1.050971e+07,-1.230643e+07
7563,5.298524e+03,miss,-19.059507,-29.643847,71.819061,3.302124e+06,4.538595e+06,-2.636886e+07
7564,5.299657e+03,miss,7.830990,-78.808493,-11.309157,-4.959584e+06,2.603020e+07,4.980631e+06
7565,5.299714e+03,miss,-30.362222,-44.873865,-58.859764,6.020841e+06,1.246171e+07,2.313954e+07
7566,5.301390e+03,miss,-26.169122,2.715344,-75.550010,6.252255e+06,-7.109241e+06,2.525037e+07
7567,5.301673e+03,miss,-49.088808,61.930202,-12.447451,1.657302e+07,-2.100653e+07,3.363374e+06
7568,5.302851e+03,miss,-51.573315,-20.847056,57.494290,1.525180e+07,1.282444e+07,-1.817498e+07
7569,5.303071e+03,miss,14.828414,-77.486711,-13.263773,-3.024230e+06,2.655462e+07,3.626262e+06
7570,5.303190e+03,miss,32.503217,-19.060155,-70.570896,-6.077931e+06,1.108526e+07,2.382511e+07
7571,5.303506e+03,miss,68.517573,28.871884,29.525523,-2.080242e+07,-1.161885e+07,-1.263982e+07
7572,5.304429e+03,miss,-29.943336,17.813340,-72.014454,4.972166e+06,-1.040935e+07,2.438345e+07
7573,5.304463e+03,miss,-39.664960,-48.420657,-49.820988,1.806208e+07,1.279855e+07,1.541405e+07
7574,5.304693e+03,miss,40.995452,-68.450031,5.828046,-1.274042e+07,2.372451e+07,-1.579723e+06
7575,5.305136e+03,miss,8.202939,-3.737353,79.490528,3.740526e+06,2.876545e+06,-2.656051e+07
7576,5.305729e+03,miss,73.174142,-32.293434,-1.636785,-2.144822e+07,1.635577e+07,5.201210e+05
7577,5.306231e+03,miss,-60.914842,37.284038,36.045562,1.646139e+07,-1.573263e+07,-1.447011e+07
7578,5.306364e+03,miss,68.085360,7.540532,-41.322199,-2.097913e+07,1.341215e+06,1.691073e+07
7579,5.306372e+03,miss,-8.411020,20.954569,-76.747383,1.997841e+06,-3.993416e+05,2.690252e+07
7580,5.308469e+03,hit,74.051878,-28.540833,10.086639,-2.651309e+07,3.961676e+06,-3.089551e+06
7581,5.308657e+03,miss,-1.897426,2.249076,79.945866,6.091912e+06,-4.216047e+06,-2.594848e+07
7582,5.308878e+03,hit,-66.393211,44.290945,-5.500338,2.530717e+07,-9.138549e+06,2.067430e+06
7583,5.310179e+03,miss,-42.882267,65.185256,17.663340,8.440039e+06,-2.494613e+07,-5.905515e+06
7584,5.310186e+03,miss,-71.017740,13.234367,34.370513,2.387874e+07,-7.970509e+06,-9.731195e+06
7585,5.310809e+03,hit,79.157950,-11.575670,-0.150788,-2.689746e+07,-2.242602e+06,4.710305e+04
7586,5.310932e+03,miss,-44.744215,5.539128,66.085348,1.751347e+07,3.146268e+06,-2.029535e+07
7587,5.311036e+03,miss,-15.459277,14.484879,77.144015,6.955735e+06,1.632699e+06,-2.602860e+07
7588,5.311210e+03,miss,9.562643,-6.090082,-79.192593,-9.415651e+06,1.619767e+06,2.524444e+07
7589,5.311227e+03,miss,-64.617123,35.096717,31.509488,2.425225e+07,-5.660681e+06,-1.040901e+07
7590,5.311550e+03,miss,-34.252074,-65.037149,-31.574748,1.609823e+07,1.953517e+07,9.371805e+06
7591,5.311896e+03,miss,-52.979687,10.903404,58.942926,1.651975e+07,-9.898784e+06,-1.891471e+07
7592,5.311946e+03,miss,5.679555,6.933751,79.496325,-7.388065e+06,-5.346308e+06,-2.540658e+07
7593,5.313021e+03,miss,1.757563,0.517049,-79.979020,-1.924365e+06,6.240679e+06,2.619464e+07
7594,5.313530e+03,miss,10.006133,2.114341,-79.343600,-4.951198e+06,5.626987e+06,2.593648e+07
7595,5.314652e+03,miss,-56.287031,55.856190,10.576205,1.372065e+07,-2.298544e+07,-3.527818e+06
7596,5.316708e+03,miss,-25.644977,-44.875839,61.061397,3.024952e+06,1.349637e+07,-2.319508e+07
7597,5.316751e+03,miss,31.827014,-30.701205,-66.666913,-6.256415e+06,1.498967e+07,2.157515e+07
7598,5.316759e+03,miss,-1.587316,-17.173783,-78.118766,2.200361e+06,1.137195e+07,2.439587e+07
7599,5.317613e+03,miss,-57.946760,-26.260622,48.503121,1.548310e+07,1.428834e+07,-1.689838e+07
7600,5.317835e+03,miss,-35.513461,58.139836,41.935111,1.636442e+07,-1.756677e+07,-1.237268e+07
7601,5.318343e+03,miss,-4.298457,22.201651,-76.737279,7.878909e+06,-6.811548e+06,2.492116e+07
7602,5.318486e+03,miss,-5.298048,1.872545,79.802408,8.159986e+06,-6.243842e+05,-2.574069e+07
7603,5.318715e+03,miss,-44.995658,64.213970,15.873150,1.915891e+07,-1.845496e+07,-4.684020e+06
7604,5.319192e+03,miss,-61.855847,-45.943943,-21.517627,2.222218e+07,1.417718e+07,5.902285e+06
7605,5.319523e+03,miss,-48.335493,-55.964589,30.522860,2.074524e+07,1.373741e+07,-1.051755e+07
7606,5.319945e+03,miss,-33.133098,11.300141,-71.934030,5.180389e+06,-6.641749e+06,2.566727e+07
7607,5.320066e+03,miss,-70.326882,-19.574052,32.725925,2.086153e+07,1.275851e+07,-1.148006e+07
7608,5.320365e+03,miss,-66.082268,23.151820,-38.692727,2.027119e+07,-6.768426e+06,1.652522e+07
7609,5.320390e+03,miss,25.484243,15.163482,74.300889,-2.461889e+06,-7.982229e+06,-2.569129e+07
7610,5.321277e+03,miss,30.633181,42.858804,60.205740,-4.452348e+06,-1.761056e+07,-1.999964e+07
7611,5.321669e+03,miss,-1.254014,-0.610794,79.987839,9.788319e+05,-6.337598e+06,-2.624636e+07
7612,5.321694e+03,miss,56.196784,-45.050833,-34.818730,-2.234940e+07,9.312970e+06,1.199046e+07
7613,5.321753e+03,miss,2.650963,10.421506,-79.273984,-1.512399e+06,3.208149e+06,2.678482e+07
7614,5.324807e+03,miss,2.447915,8.096047,-79.551629,4.540092e+06,1.296826e+06,2.661073e+07
7615,5.325880e+03,miss,-1.165582,1.253550,79.981686,-5.010538e+06,-4.146650e+06,-2.623494e+07
7616,5.326361e+03,miss,-25.249497,67.926525,-33.888791,3.628600e+06,-2.479995e+07,1.012098e+07
7617,5.328739e+03,miss,-7.841161,26.946118,-74.916106,-3.334198e+06,-1.145617e+07,2.426116e+07
7618,5.328758e+03,miss,33.432239,37.401697,62.316919,-5.923085e+06,-1.104587e+07,-2.395564e+07
7619,5.329316e+03,miss,-0.011852,-0.086157,-79.999953,-2.365560e+06,-6.088091e+06,2.623705e+07
7620,5.329495e+03,miss,-40.548396,-23.353854,-64.887788,7.683501e+06,9.496598e+06,2.412150e+07
7621,5.329645e+03,miss,-79.314581,3.634692,9.797260,2.689671e+07,6.897468e+05,-2.679530e+06
7622,5.329852e+03,miss,-67.735207,31.909998,28.172572,2.008278e+07,-1.590300e+07,-8.654121e+06
7623,5.330053e+03,hit,76.758443,-21.688545,6.143972,-2.653211e+07,4.462236e+06,-2.698215e+06
7624,5.330321e+03,miss,34.659485,-6.141506,-71.840114,-1.631217e+07,2.196608e+06,2.145390e+07
7625,5.330819e+03,miss,-46.179610,-15.097644,63.557098,1.336274e+07,1.120012e+07,-2.066989e+07
7626,5.331480e+03,miss,-21.606894,7.062595,76.702424,7.674658e+06,4.296758e+06,-2.557300e+07
7627,5.331564e+03,miss,0.928547,79.890121,-4.087336,-7.048854e+06,-2.606836e+07,1.451348e+06
7628,5.331816e+03,miss,20.641385,-75.185152,17.919995,-1.260636e+07,2.327162e+07,-5.558608e+06
7629,5.332715e+03,miss,10.638105,-16.399258,-77.575093,3.148200e+06,4.844099e+06,2.642222e+07
7630,5.332883e+03,miss,0.156458,-0.564559,-79.997855,-1.957878e+06,6.449700e+06,2.619353e+07
7631,5.333113e+03,miss,31.964201,64.958332,34.039756,-1.481766e+07,-1.814467e+07,-1.351934e+07
7632,5.333185e+03,miss,-0.232784,-2.326611,-79.965822,4.440644e+05,-5.826462e+06,2.640889e+07
7633,5.333439e+03,miss,-75.414197,7.125163,-25.728018,2.409527e+07,-8.895688e+06,8.479032e+06
7634,5.334915e+03,miss,-43.819350,-52.303263,41.764020,1.062804e+07,1.796932e+07,-1.720349e+07
7635,5.335165e+03,miss,7.062044,10.058947,-79.050270,-6.106138e+06,2.137755e+06,2.626768e+07
7636,5.335827e+03,miss,-0.479352,2.859894,-79.947428,-6.157748e+06,-2.698129e+06,2.620571e+07
7637,5.335886e+03,miss,-68.716819,22.227364,34.408474,2.163633e+07,-6.517250e+06,-1.487749e+07
7638,5.336393e+03,miss,0.632258,-63.015935,49.280748,-5.104139e+05,2.325853e+07,-1.381285e+07
7639,5.336645e+03,miss,4.542229,-15.170147,-78.417057,-1.519882e+06,1.105417e+07,2.464842e+07
7640,5.338388e+03,hit,-22.347139,-76.066372,-10.701052,1.840607e+06,2.679900e+07,3.273202e+06
7641,5.339485e+03,miss,-67.877642,-26.835776,32.748539,1.962669e+07,1.317236e+07,-1.318032e+07
7642,5.339587e+03,hit,-46.840009,-63.859850,11.310751,1.268069e+07,2.340442e+07,-4.887328e+06
7643,5.340936e+03,miss,4.148366,47.582230,-64.177274,-6.942445e+06,-1.711266e+07,1.978881e+07
7644,5.341343e+03,miss,5.954933,0.434528,-79.776876,-5.148171e+06,-5.794173e+06,2.593487e+07
7645,5.341452e+03,miss,78.180035,13.932216,-9.683773,-2.651389e+07,-4.778591e+06,2.624370e+06
7646,5.341866e+03,miss,19.120283,-40.708675,-66.160551,-5.187571e+06,1.795223e+07,1.958499e+07
7647,5.341992e+03,hit,-63.529499,-47.901525,8.333467,1.721875e+07,2.063359e+07,-3.248423e+06
7648,5.342034e+03,miss,60.233201,27.255912,45.045274,-2.031131e+07,-3.495125e+06,-1.755058e+07
7649,5.342939e+03,miss,-51.354681,-40.929890,-45.688520,1.354763e+07,1.855567e+07,1.431996e+07
7650,5.343199e+03,miss,-63.148972,-31.199944,37.931133,1.925034e+07,1.529165e+07,-1.133746e+07
7651,5.343623e+03,miss,-4.413565,-28.573218,74.592839,1.291256e+06,1.475689e+07,-2.266215e+07
7652,5.343761e+03,miss,15.698666,59.474288,51.150376,-1.143044e+07,-1.818049e+07,-1.648757e+07
7653,5.343993e+03,miss,15.427818,-37.024820,-69.218098,-9.302574e+06,7.154646e+06,2.439939e+07
7654,5.344206e+03,miss,-71.178126,35.498444,8.575246,2.215401e+07,-1.511658e+07,-3.711464e+06
7655,5.344653e+03,miss,-3.965482,-76.482988,-23.122015,7.652913e+06,2.489697e+07,7.397387e+06
7656,5.345425e+03,miss,21.646198,75.582268,-14.790635,-9.136003e+06,-2.516646e+07,4.054146e+06
7657,5.345585e+03,miss,-27.708151,5.109921,74.874208,5.498335e+06,3.811484e+06,-2.623959e+07
7658,5.345958e+03,miss,-73.940665,29.839241,-6.511360,2.386619e+07,-1.266788e+07,1.804608e+06
7659,5.346054e+03,miss,-47.715635,-57.196678,29.184897,1.606088e+07,1.768435e+07,-1.275350e+07
7660,5.346678e+03,miss,6.395851,-60.569962,-51.868803,-6.341469e+06,1.684246e+07,2.023716e+07
7661,5.346817e+03,miss,-27.761935,-36.782730,-65.393469,5.807339e+06,8.193113e+06,2.515138e+07
7662,5.347366e+03,miss,-51.552550,1.950427,61.143523,1.449511e+07,5.179552e+06,-2.228416e+07
7663,5.348168e+03,miss,20.849220,41.820261,-64.933626,-1.055059e+07,-1.610883e+07,1.904784e+07
7664,5.349871e+03,miss,18.530942,-46.243325,-62.595200,-1.065598e+06,1.288787e+07,2.380401e+07
7665,5.349976e+03,miss,-10.400079,36.106428,70.626937,-9.194477e+05,-7.656683e+06,-2.596936e+07
7666,5.350475e+03,miss,-46.018718,-23.673925,-61.006745,1.413841e+07,2.108011e+06,2.301321e+07
7667,5.350677e+03,miss,-20.825280,-68.677276,-35.351655,1.115411e+07,2.247847e+07,1.021167e+07
7668,5.350807e+03,miss,25.593907,11.575531,-74.906335,-2.292516e+06,-2.161560e+06,2.690843e+07
7669,5.351071e+03,miss,2.277924,-2.974077,79.912239,5.468936e+06,-1.305797e+06,-2.650309e+07
7670,5.351121e+03,miss,-6.439315,-7.325037,79.403269,-1.104647e+06,8.052911e+06,-2.584502e+07
7671,5.351276e+03,miss,22.671300,76.549271,5.120663,-1.380111e+07,-2.323853e+07,-1.885795e+06
7672,5.351692e+03,miss,12.896034,14.113333,-77.682084,2.217862e+06,-6.330482e+06,2.625108e+07
7673,5.352511e+03,miss,-22.375748,-29.993203,70.708795,1.286365e+06,1.265759e+07,-2.392397e+07
7674,5.352778e+03,miss,-28.301848,-27.601574,-69.549684,3.821792e+06,1.289746e+07,2.352257e+07
7675,5.353807e+03,miss,-7.684504,-2.805338,-79.580641,-6.252721e+05,-4.942598e+06,2.663800e+07
7676,5.354087e+03,miss,-18.038082,49.521014,60.185519,1.279958e+06,-1.389145e+07,-2.323426e+07
7677,5.355078e+03,hit,42.924169,-67.503739,-0.872359,-1.450782e+07,2.288986e+07,3.940481e+05
7678,5.355544e+03,miss,8.801051,-30.914448,-73.258709,-9.209240e+06,1.004408e+07,2.342964e+07
7679,5.357533e+03,miss,63.992192,19.146826,44.027247,-1.901841e+07,-5.322534e+06,-1.857109e+07
7680,5.357751e+03,miss,-32.504473,-62.896581,37.248884,1.638452e+07,1.806876e+07,-1.183266e+07
7681,5.358957e+03,hit,12.854381,-78.819443,-4.718082,-6.393307e+06,2.631650e+07,1.294997e+06
7682,5.359057e+03,miss,60.181251,3.034941,-52.621347,-1.917849e+07,5.676191e+06,1.830546e+07
7683,5.359289e+03,miss,-78.068931,12.959638,-11.717076,2.567216e+07,-8.067764e+06,3.317664e+06
7684,5.359709e+03,miss,4.236923,-12.009177,78.979922,-7.774255e+05,-2.695744e+06,-2.696927e+07
7685,5.360128e+03,hit,-68.100757,40.905782,9.434192,2.581979e+07,-7.619700e+06,-3.247931e+06
7686,5.360488e+03,miss,17.914402,44.940776,-63.713427,-3.256782e+05,-1.783514e+07,2.042355e+07
7687,5.361984e+03,hit,73.003343,-30.128596,12.758510,-2.648906e+07,3.626584e+06,-4.549989e+06
7688,5.362291e+03,miss,4.302874,-0.207153,79.883931,-4.654585e+06,-5.609426e+06,-2.612348e+07
7689,5.362559e+03,miss,-64.613062,-11.147247,45.835479,2.345124e+07,-8.057229e+05,-1.360125e+07
7690,5.363139e+03,miss,-26.308890,59.810137,-46.158313,9.139126e+06,-2.203322e+07,1.291112e+07
7691,5.363648e+03,miss,-3.362628,-20.459638,-77.266396,-4.308904e+06,1.006707e+07,2.481614e+07
7692,5.363713e+03,miss,-46.751717,60.903930,-22.471944,1.832952e+07,-1.898048e+07,6.287468e+06
7693,5.364341e+03,miss,49.191148,-34.743460,-52.660449,-1.991315e+07,5.965843e+06,1.742766e+07
7694,5.364537e+03,miss,10.840040,-0.272279,-79.261715,-1.073902e+06,-6.072496e+06,2.641679e+07
7695,5.365109e+03,miss,74.064383,-10.967172,-28.181346,-2.554111e+07,4.856614e+06,7.747182e+06
7696,5.365616e+03,miss,32.792473,-18.190565,70.666520,-7.358498e+06,1.163830e+07,-2.337575e+07
7697,5.366408e+03,miss,68.358019,-32.758119,25.575121,-2.512187e+07,4.597697e+06,-9.158859e+06
7698,5.366583e+03,miss,-70.974160,30.609295,20.633461,2.182572e+07,-1.491708e+07,-6.105272e+06
7699,5.367076e+03,miss,30.199157,8.679164,-73.570939,-9.469208e+06,-9.230762e+06,2.369284e+07
7700,5.371062e+03,miss,-19.278886,-30.688847,-71.319837,1.592423e+06,6.429346e+06,2.632295e+07
7701,5.371554e+03,miss,24.436487,21.517518,73.074308,-1.624999e+06,-8.516416e+06,-2.572290e+07
7702,5.372362e+03,miss,16.121891,-70.179081,34.856581,-3.283870e+06,2.239299e+07,-1.499063e+07
7703,5.373723e+03,miss,-6.169557,8.932957,79.259945,1.808949e+06,3.740551e+06,-2.683042e+07
7704,5.373899e+03,miss,44.169714,51.490388,-42.400192,-9.057994e+06,-2.085395e+07,1.483998e+07
7705,5.374649e+03,miss,-48.265759,-10.605420,62.912173,1.114334e+07,2.921286e+06,-2.458768e+07
7706,5.375729e+03,miss,16.877558,5.906686,-77.976016,9.816161e+05,-3.198189e+06,2.694844e+07
7707,5.376636e+03,miss,-41.733904,-67.543654,9.804903,1.292077e+07,2.373594e+07,-2.682063e+06
7708,5.376756e+03,miss,49.936883,-13.493011,-61.026604,-1.173330e+07,7.029388e+06,2.346207e+07
7709,5.377521e+03,miss,-61.709172,3.822087,50.767802,2.226379e+07,-4.964348e+06,-1.474228e+07
7710,5.377583e+03,miss,57.881583,19.155584,51.795617,-1.520685e+07,-1.036572e+07,-1.997419e+07
7711,5.377844e+03,miss,-39.191100,6.978877,-69.392744,1.242053e+07,-8.746774e+06,2.251499e+07
7712,5.378407e+03,miss,-21.250046,51.388282,57.512434,7.736339e+06,-2.017889e+07,-1.645415e+07
7713,5.378480e+03,miss,8.911942,-12.968284,78.437242,1.173946e+06,-9.669073e+05,-2.711964e+07
7714,5.378950e+03,miss,-26.627671,-57.919406,-48.335386,1.474529e+07,1.613301e+07,1.612931e+07
7715,5.379329e+03,miss,-0.981513,-53.115804,-59.814279,6.730460e+06,1.573394e+07,2.109616e+07
7716,5.380847e+03,miss,-31.714364,-46.184662,-57.106709,7.965145e+06,1.958261e+07,1.706430e+07
7717,5.381415e+03,miss,15.561064,-10.534727,-77.761641,-1.730667e+06,9.093652e+06,2.554409e+07
7718,5.381811e+03,miss,4.727750,-34.889846,-71.835556,4.052925e+06,1.417189e+07,2.282490e+07
7719,5.382691e+03,miss,-28.533116,14.064335,73.403377,1.465464e+07,-5.222957e+06,-2.227841e+07
7720,5.383165e+03,miss,15.547324,-77.525006,-12.171859,-4.623253e+06,2.657154e+07,3.318029e+06
7721,5.383375e+03,miss,-36.094069,3.632103,71.302356,1.232191e+07,5.409130e+06,-2.360871e+07
7722,5.384959e+03,hit,-77.488483,-19.829668,1.522928,2.636635e+07,6.581863e+06,-4.139512e+05
7723,5.385518e+03,miss,-78.270431,12.783418,-10.503514,2.557094e+07,-8.697139e+06,3.039699e+06
7724,5.385583e+03,miss,-0.877737,-3.324635,-79.926068,-5.143517e+06,4.788219e+06,2.625603e+07
7725,5.385968e+03,miss,37.733344,12.648063,-69.399000,-1.141475e+07,-1.046686e+07,2.233748e+07
7726,5.385998e+03,miss,-27.328405,73.536960,-15.667602,1.421644e+07,-2.268223e+07,4.714661e+06
7727,5.386445e+03,miss,-71.839832,25.108287,-24.670071,2.589669e+07,-2.269114e+06,7.943119e+06
7728,5.387413e+03,miss,45.100261,25.197124,-61.082497,-1.611071e+07,-1.856330e+06,2.181770e+07
7729,5.387506e+03,miss,-17.755380,-5.396055,77.817922,2.117031e+04,-1.369712e+06,-2.715049e+07
7730,5.387797e+03,miss,-2.072514,-78.210137,-16.699678,-6.007160e+06,2.580321e+07,6.097056e+06
7731,5.387876e+03,miss,-45.822428,62.866809,18.656620,1.028938e+07,-2.447430e+07,-5.849278e+06
7732,5.389029e+03,miss,-14.207313,-23.087241,75.267068,1.212983e+05,1.213305e+07,-2.433124e+07
7733,5.390060e+03,miss,-67.243007,-37.143129,22.333070,2.468491e+07,7.123505e+06,-8.904331e+06
7734,5.390410e+03,miss,36.439980,-50.731669,-49.984254,-1.195217e+07,1.987022e+07,1.420366e+07
7735,5.390436e+03