i,eV,hit_status,x_0,y_0,z_0,v_x,v_y,v_z
0,1.706393e+01,hit,53.741090,58.348096,10.363151,-1.390450e+04,-1.079881e+04,-2.889687e+03
1,2.250011e+01,miss,-7.044606,-14.697498,-78.322137,-3.267168e+03,3.128608e+03,1.998100e+04
2,3.090982e+01,miss,77.780168,17.166498,-7.453646,-2.294492e+04,-6.430331e+03,2.958698e+03
3,3.824403e+01,miss,60.829508,27.163487,-44.293521,-1.604373e+04,-1.338405e+04,1.663869e+04
4,4.329892e+01,miss,-69.816556,-11.926889,-37.194056,2.443592e+04,-2.735570e+03,1.425039e+04
5,4.362226e+01,miss,0.910003,-11.850085,79.112245,-3.470993e+03,9.887104e+03,-2.653111e+04
6,4.883869e+01,miss,2.937395,-72.888083,32.843554,6.410132e+03,2.674893e+04,-1.242622e+04
7,4.918206e+01,miss,0.381819,-18.105584,77.923309,5.566083e+03,1.850181e+03,-2.971543e+04
8,5.833154e+01,miss,-73.518964,31.043370,5.592054,3.247036e+04,-5.206088e+03,-2.579138e+03
9,5.851899e+01,miss,12.662377,21.881220,-75.900437,2.518517e+03,-6.162207e+03,3.236141e+04
10,6.129674e+01,miss,-67.388470,-1.915574,43.071158,2.500448e+04,1.409613e+03,-2.271959e+04
11,6.453751e+01,miss,15.464628,9.914339,77.862386,-1.260686e+04,1.407111e+03,-3.229442e+04
12,6.493213e+01,hit,68.127674,-40.976873,8.917170,-2.488789e+04,2.390344e+04,-4.519047e+03
13,7.432603e+01,miss,3.886808,-30.452448,73.875173,-5.621837e+03,5.867685e+03,-3.633726e+04
14,7.453761e+01,miss,-41.723531,-44.176395,-52.034538,2.552544e+04,1.400758e+04,2.329415e+04
15,7.496166e+01,miss,-27.699135,74.977564,-3.335078,1.467416e+04,-3.437129e+04,1.253489e+03
16,7.788471e+01,miss,41.977585,-64.778756,21.014165,-2.478813e+04,2.769097e+04,-8.459962e+03
17,8.175404e+01,miss,33.942484,70.207062,-17.857105,-8.024095e+03,-3.689454e+04,9.969701e+03
18,8.197592e+01,miss,-56.868556,0.543094,-56.264308,3.055030e+04,-5.583199e+03,2.376203e+04
19,8.525769e+01,miss,27.099004,-41.515503,62.786200,-6.287841e+03,2.624674e+04,-2.935839e+04
20,8.593836e+01,miss,-11.866696,76.199052,21.281119,2.802934e+03,-3.898483e+04,-8.681422e+03
21,8.976795e+01,miss,4.257924,67.077869,43.386975,-6.783055e+03,-3.580044e+04,-1.862239e+04
22,9.296404e+01,miss,-31.389612,-68.197737,27.636225,1.831447e+04,3.553352e+04,-1.166370e+04
23,9.391226e+01,miss,6.312052,-9.216022,-79.216305,2.827965e+03,1.268579e+04,3.978509e+04
24,9.693906e+01,hit,-65.819894,42.489585,-16.198048,3.064550e+04,-2.742247e+04,1.082137e+04
25,9.839961e+01,miss,45.576986,-11.368477,64.757209,-2.892429e+04,-1.534515e+03,-3.156762e+04
26,1.009973e+02,miss,-26.974249,-37.748659,-65.172300,4.045650e+03,2.289071e+04,3.665499e+04
27,1.014973e+02,miss,7.041686,23.279307,-76.213441,3.121777e+03,-4.367250e+03,4.317926e+04
28,1.024880e+02,miss,-23.776736,15.023657,-74.892967,1.818282e+04,1.066440e+03,3.974914e+04
29,1.048940e+02,miss,-21.840306,24.666841,72.900946,1.538933e+03,-1.121728e+04,-4.276017e+04
30,1.061536e+02,miss,-16.280917,5.031049,-78.164060,1.116903e+04,7.853407e+03,4.235209e+04
31,1.064064e+02,miss,28.471008,-18.339959,-72.477911,-2.427250e+04,8.811822e+03,3.630477e+04
32,1.139467e+02,miss,32.717810,-72.387345,9.466638,-2.860256e+04,3.567867e+04,-5.866430e+03
33,1.196877e+02,miss,29.125041,-57.430801,-47.470361,-6.619861e+03,3.448548e+04,3.161501e+04
34,1.244659e+02,hit,-19.541982,77.491669,-3.626584,1.709692e+03,-4.808381e+04,2.594711e+03
35,1.268396e+02,miss,42.878001,-42.042551,-52.857364,-3.086341e+04,1.472870e+04,3.459049e+04
36,1.273926e+02,miss,-1.293430,-4.617847,79.856136,-1.097769e+04,8.864655e+02,-4.748691e+04
37,1.293376e+02,miss,73.337347,31.842024,2.778328,-4.185545e+04,-2.566462e+04,-1.424764e+03
38,1.328855e+02,miss,23.461836,-13.552139,-75.272052,-6.510942e+03,1.769076e+04,4.608044e+04
39,1.331758e+02,miss,78.676501,-5.266376,13.500872,-4.935143e+04,1.715341e+03,-6.758046e+03
40,1.340262e+02,miss,-42.425051,16.881947,-65.689534,2.916746e+04,1.566864e+03,4.058133e+04
41,1.361951e+02,miss,42.536214,61.424626,-28.595207,-1.592944e+04,-4.333855e+04,2.021188e+04
42,1.370626e+02,miss,-10.977021,-76.559465,20.448797,2.060917e+03,4.768593e+04,-1.668784e+04
43,1.412966e+02,miss,21.185985,-35.104952,-68.693496,-2.353025e+03,2.807245e+04,4.291922e+04
44,1.458912e+02,miss,-34.142577,-36.162701,62.662138,1.201274e+04,3.128071e+04,-3.998216e+04
45,1.461875e+02,miss,56.655367,-19.379548,53.052828,-3.547017e+04,2.267068e+04,-3.089981e+04
46,1.470863e+02,miss,13.089955,-60.587093,50.575263,4.473852e+03,4.044229e+04,-3.298577e+04
47,1.508682e+02,miss,42.686350,-4.512966,-67.509323,-3.424367e+04,9.595583e+03,3.936365e+04
48,1.511696e+02,miss,16.867994,34.095228,70.377455,-1.275998e+04,-1.013666e+04,-5.053962e+04
49,1.529841e+02,miss,58.566679,43.478734,-32.856412,-3.202443e+04,-3.787060e+04,1.984749e+04
50,1.571479e+02,miss,1.349973,-73.061290,-32.561103,-1.332062e+04,4.637633e+04,2.455883e+04
51,1.590061e+02,miss,-12.082958,26.197890,74.616839,-5.168648e+03,-1.991295e+04,-5.042577e+04
52,1.616794e+02,miss,-54.701635,-33.752785,-47.628569,3.755621e+04,2.921671e+04,2.741860e+04
53,1.626244e+02,miss,50.269159,-60.589827,-14.208609,-3.240478e+04,4.383051e+04,7.893735e+03
54,1.638778e+02,miss,-75.719352,-13.729655,-21.864955,4.863812e+04,1.870988e+04,1.847017e+04
55,1.731957e+02,hit,-54.084270,57.430056,13.292115,3.648085e+04,-4.176165e+04,-1.248181e+04
56,1.741738e+02,miss,50.476481,27.036624,55.867216,-3.637265e+04,-2.750209e+04,-3.419932e+04
57,1.751461e+02,miss,-1.851325,-13.690917,-78.798042,1.431773e+04,4.443134e+03,5.515729e+04
58,1.769712e+02,miss,-67.789688,17.208450,-38.838478,4.191331e+04,-2.378547e+04,3.128314e+04
59,1.776329e+02,miss,41.333722,57.188088,37.696764,-3.758866e+04,-3.692190e+04,-2.318012e+04
60,1.779599e+02,miss,71.746508,6.759560,-34.738264,-4.700979e+04,-1.438409e+04,3.004545e+04
61,1.789427e+02,miss,36.998520,-7.036965,-70.580384,-3.565818e+04,7.943289e+03,4.475804e+04
62,1.799282e+02,miss,63.067289,8.807561,-48.424621,-4.980253e+04,-6.440349e+02,2.958987e+04
63,1.805867e+02,miss,0.702201,-65.349908,-46.139965,-1.945178e+02,4.068646e+04,4.138990e+04
64,1.821174e+02,miss,19.867858,0.531158,77.491845,-2.560004e+03,-8.873584e+03,-5.754833e+04
65,1.834436e+02,miss,-0.033252,-1.593388,79.984123,-1.407740e+04,-5.135367e+02,-5.677504e+04
66,1.873286e+02,miss,-48.273784,-13.703955,62.304441,2.850599e+04,-5.008426e+02,-5.178289e+04
67,1.983258e+02,miss,-15.596212,-59.683194,50.937948,1.170911e+03,5.011270e+04,-3.444984e+04
68,1.986713e+02,miss,-9.459300,23.817569,75.784200,8.751215e+03,-3.001826e+04,-5.223227e+04
69,1.990171e+02,miss,36.295609,13.139088,70.071343,-3.130541e+04,4.455362e+03,-5.208130e+04
70,1.997097e+02,miss,-79.067152,11.098719,-5.020354,6.084600e+04,3.420978e+03,3.364517e+03
71,2.007507e+02,miss,38.959117,-67.138933,-19.353317,-2.995893e+04,5.201472e+04,1.189994e+04
72,2.055164e+02,miss,0.415138,-0.034292,79.998916,1.446749e+04,2.783149e+03,-6.013751e+04
73,2.058681e+02,miss,-58.372717,3.800767,-54.572704,3.568909e+04,-7.634203e+03,5.008136e+04
74,2.062294e+02,miss,32.032550,31.044391,66.409047,-3.153926e+04,-2.958478e+04,-4.446223e+04
75,2.083479e+02,miss,8.093611,8.189046,-79.167121,1.815652e+03,-1.890262e+04,5.937833e+04
76,2.124869e+02,miss,-4.401264,77.625787,18.837889,1.370935e+04,-6.013149e+04,-1.264336e+04
77,2.132024e+02,miss,5.271983,-78.910601,12.055012,-1.501096e+04,6.011249e+04,-1.175177e+04
78,2.135607e+02,miss,19.889645,76.589998,-11.763257,-1.132221e+04,-6.088230e+04,1.219754e+04
79,2.150061e+02,miss,-60.533004,27.603091,-44.427748,4.730657e+04,-2.987560e+04,2.966692e+04
80,2.153658e+02,miss,19.701584,-3.330635,77.464537,-1.349879e+04,-1.291655e+04,-6.056603e+04
81,2.199371e+02,miss,-0.051777,53.071740,-59.861404,-2.866038e+01,-4.954783e+04,4.059041e+04
82,2.203010e+02,miss,-3.796655,-8.292491,79.478425,5.561933e+03,2.120431e+04,-6.023950e+04
83,2.216165e+02,miss,-42.254656,-60.220302,31.433411,2.942658e+04,5.321665e+04,-2.087964e+04
84,2.252920e+02,miss,19.398042,33.240921,70.133851,-2.122746e+04,-3.567962e+04,-4.978771e+04
85,2.278858e+02,hit,70.526653,-23.329140,-29.694148,-5.156545e+04,2.603979e+04,3.022867e+04
86,2.284818e+02,miss,-2.361393,-13.221748,78.864499,-1.401242e+04,8.665224e+03,-6.317057e+04
87,2.295952e+02,miss,5.253927,2.287554,-79.794507,-1.171643e+04,1.212100e+04,6.323394e+04
88,2.299669e+02,miss,-1.733086,-40.984693,68.682249,1.681975e+04,2.780964e+04,-5.686280e+04
89,2.343143e+02,miss,-0.945124,30.332444,74.020603,1.011964e+04,-1.167191e+04,-6.428150e+04
90,2.350657e+02,miss,57.847282,44.978653,32.103158,-5.609658e+04,-2.278695e+04,-2.680850e+04
91,2.380932e+02,miss,-48.798408,-25.553837,-58.014798,3.927762e+04,6.031690e+03,5.349887e+04
92,2.396093e+02,miss,66.679640,-28.734759,33.587784,-5.835599e+04,2.330885e+04,-2.282097e+04
93,2.399890e+02,hit,4.657246,77.444460,19.510655,-1.036203e+04,-6.265761e+04,-2.105365e+04
94,2.413620e+02,miss,16.708559,77.931920,-6.887658,-2.594764e+03,-6.686541e+04,4.949640e+03
95,2.417532e+02,miss,-17.850745,-72.474244,28.789492,-1.229451e+03,6.293700e+04,-2.338663e+04
96,2.467457e+02,miss,0.228118,-0.778743,79.995884,-8.605271e+03,-1.352783e+04,-6.592106e+04
97,2.473658e+02,miss,12.642162,30.158330,73.011306,5.152077e+03,-3.049195e+04,-6.048060e+04
98,2.508596e+02,miss,-55.819918,-43.863613,36.879808,3.670782e+04,4.366302e+04,-3.775518e+04
99,2.526529e+02,miss,34.768965,-59.352790,40.845628,-4.283244e+04,3.957336e+04,-3.622374e+04
100,2.530429e+02,miss,51.655880,13.755532,-59.518530,-5.202493e+04,-1.176802e+04,4.330153e+04
101,2.565763e+02,miss,4.066377,21.698316,76.893743,-7.475678e+03,-3.233110e+04,-6.070279e+04
102,2.595739e+02,miss,-5.488497,74.026795,29.831359,8.567303e+03,-6.048261e+04,-3.332241e+04
103,2.659552e+02,miss,-5.611114,1.088713,-79.795552,2.115740e+04,2.676249e+03,6.712796e+04
104,2.663553e+02,miss,75.200410,15.149357,-22.702318,-6.806316e+04,1.928338e+03,1.822395e+04
105,2.674005e+02,miss,-74.355500,-17.371724,23.863838,6.782005e+04,9.562604e+03,-1.723131e+04
106,2.720867e+02,miss,24.202786,-26.593739,71.463265,-3.243951e+04,9.839276e+03,-6.265941e+04
107,2.737072e+02,miss,39.885980,-18.186084,-66.920662,-4.646014e+04,7.513960e+03,5.376391e+04
108,2.753432e+02,miss,35.327703,-12.656037,70.652517,-3.718597e+04,2.346506e+04,-5.659218e+04
109,2.761577e+02,miss,4.622663,3.207307,79.801906,6.814390e+03,-1.643699e+04,-6.953173e+04
110,2.769734e+02,miss,-29.658475,-57.780829,-46.709214,2.729961e+04,5.674337e+04,3.466135e+04
111,2.786083e+02,miss,-19.391395,28.200075,72.309955,2.165861e+04,-8.042659e+03,-6.828766e+04
112,2.802589e+02,miss,-5.669915,-3.402208,79.726263,6.385840e+03,-1.462793e+04,-7.051963e+04
113,2.838044e+02,miss,16.405785,8.663243,-77.819011,-2.950734e+04,-1.695628e+02,6.650711e+04
114,2.846421e+02,miss,37.116365,-66.270199,-25.112470,-4.654962e+04,5.216912e+04,2.051953e+04
115,2.865522e+02,miss,41.114080,66.080781,-18.519255,-4.697828e+04,-5.415669e+04,1.432683e+04
116,2.875457e+02,hit,-39.367338,-68.566385,-12.200963,3.583324e+04,6.213025e+04,1.481581e+04
117,2.903116e+02,miss,-70.822878,-34.190982,14.666177,5.952624e+04,3.970976e+04,-1.717705e+04
118,2.907296e+02,hit,78.234384,15.769643,-5.540714,-7.198367e+04,-1.397495e+04,6.792519e+03
119,2.915665e+02,miss,61.707565,49.234033,-12.968672,-5.692997e+04,-4.588908e+04,9.584844e+03
120,2.922405e+02,miss,11.028644,-79.165463,3.346415,-2.063281e+04,7.078213e+04,-3.930454e+03
121,2.924046e+02,miss,-62.927587,5.211379,-49.121892,5.600926e+04,1.363605e+04,4.616657e+04
122,2.928241e+02,miss,-14.972768,78.213017,-7.651153,2.030968e+04,-7.045683e+04,9.247050e+03
123,2.956151e+02,miss,-16.228681,-11.402087,-77.502402,2.262086e+04,-6.029372e+03,7.047100e+04
124,2.960369e+02,miss,3.070984,24.645200,-76.047243,-1.244595e+04,-3.472528e+04,6.450845e+04
125,2.981504e+02,miss,31.597856,-13.453557,-72.253562,-1.263057e+04,7.652931e+03,7.309865e+04
126,3.011332e+02,miss,46.087791,44.915415,-47.523899,-3.511318e+04,-3.728826e+04,5.471562e+04
127,3.026709e+02,miss,57.193215,41.479560,37.528420,-4.624791e+04,-5.054142e+04,-3.086306e+04
128,3.035248e+02,miss,-37.850993,68.080272,-18.231263,4.829622e+04,-5.407303e+04,2.013312e+04
129,3.043799e+02,hit,78.937185,-12.834195,2.050420,-7.506257e+04,-6.226871e+03,-2.132518e+03
130,3.078237e+02,miss,19.451463,30.472472,71.365741,-3.194026e+04,-1.577879e+04,-6.687899e+04
131,3.082541e+02,miss,-63.202522,32.637920,-36.608844,6.661625e+04,-2.057239e+04,2.981661e+04
132,3.111176e+02,miss,19.550793,-14.649034,-76.178555,-9.146709e+03,2.946320e+04,6.965378e+04
133,3.144175e+02,hit,78.256742,15.644852,-5.578619,-7.631085e+04,3.797714e+03,5.213322e+03
134,3.225848e+02,miss,-38.096836,-23.136209,-66.433026,4.955111e+04,1.377511e+04,5.807089e+04
135,3.256754e+02,miss,-25.658733,-14.077156,-74.454436,2.937064e+04,2.899571e+04,6.611776e+04
136,3.265728e+02,miss,-3.522798,-17.809374,77.912875,1.756592e+04,3.930710e+03,-7.594519e+04
137,3.281741e+02,miss,65.289964,41.349786,20.674037,-5.984494e+04,-4.757758e+04,-1.662860e+04
138,3.286185e+02,miss,20.460173,-48.919144,-59.902409,-5.045457e+03,4.090761e+04,6.656541e+04
139,3.287925e+02,hit,-73.879329,6.295438,30.036848,6.751243e+04,-2.525474e+04,-3.061629e+04
140,3.296824e+02,hit,70.685390,37.041180,5.614865,-7.589418e+04,-1.875688e+04,-6.159695e+03
141,3.305736e+02,miss,66.612018,-10.172736,-43.120233,-6.647886e+04,2.120620e+04,3.601624e+04
142,3.313030e+02,miss,5.028921,-17.607443,77.876106,-2.330226e+04,1.835155e+04,-7.280209e+04
143,3.335387e+02,miss,-16.753303,0.036071,-78.226118,2.684728e+04,1.473614e+04,7.268900e+04
144,3.362432e+02,miss,67.132954,37.083743,22.758789,-5.610888e+04,-4.905275e+04,-2.678976e+04
145,3.366930e+02,miss,14.827687,43.828622,65.262482,-2.866091e+04,-4.656951e+04,-5.736108e+04
146,3.428567e+02,miss,-62.881986,-37.548960,32.185889,5.995194e+04,3.308712e+04,-4.130907e+04
147,3.455866e+02,miss,0.686533,0.929949,-79.991649,-1.661572e+04,1.026673e+04,7.787726e+04
148,3.472338e+02,miss,31.240058,-66.903691,30.788877,-4.491011e+04,6.105201e+04,-2.707054e+04
149,3.481604e+02,miss,-28.588985,-37.580459,-64.578472,1.520047e+04,5.030678e+04,6.109451e+04
150,3.499932e+02,miss,-17.771961,30.351707,71.853541,7.271686e+03,-4.449651e+04,-6.705024e+04
151,3.502725e+02,miss,-30.014815,69.721761,-25.258403,4.013705e+04,-6.685051e+04,2.130233e+04
152,3.511910e+02,miss,-58.705577,-6.119791,54.001883,6.313199e+04,-1.026876e+04,-4.959638e+04
153,3.532242e+02,miss,-52.588182,-59.362823,10.513722,5.188338e+04,6.183604e+04,-8.558148e+03
154,3.535048e+02,miss,-24.209904,-41.513992,-63.956774,1.741931e+04,5.470637e+04,5.742680e+04
155,3.562768e+02,miss,-26.517526,55.795310,-50.830150,3.422092e+04,-4.270473e+04,6.042349e+04
156,3.574854e+02,miss,-12.872136,13.140300,77.856539,-5.475819e+03,-2.142441e+04,-7.860863e+04
157,3.598198e+02,miss,-56.286531,29.778425,48.425942,5.369059e+04,-1.738028e+04,-5.938938e+04
158,3.604673e+02,hit,-67.246789,-42.332687,9.263530,7.543049e+04,3.111620e+04,-8.121161e+03
159,3.613991e+02,miss,72.583806,23.826991,-23.745853,-6.515645e+04,-4.264172e+04,2.603136e+04
160,3.649674e+02,miss,31.663216,24.426746,-69.287624,-3.849713e+04,-3.731076e+04,6.271962e+04
161,3.673137e+02,miss,45.610312,5.446585,65.498352,-5.825099e+04,-7.424546e+03,-5.833812e+04
162,3.682543e+02,miss,-7.391481,-38.477848,-69.748270,-3.783862e+03,2.449134e+04,7.908881e+04
163,3.704388e+02,miss,-49.513829,-62.224244,-8.747816,3.740019e+04,7.379874e+04,8.056315e+03
164,3.726173e+02,miss,-57.141593,21.645232,51.636443,6.744532e+04,-7.694711e+03,-4.839928e+04
165,3.746990e+02,miss,35.755162,-59.283310,40.088122,-5.276402e+04,5.234027e+04,-3.828648e+04
166,3.759510e+02,miss,50.068094,-23.602499,57.759051,-6.262230e+04,1.147427e+04,-5.440166e+04
167,3.761370e+02,miss,0.879240,46.233961,65.281297,8.615893e+03,-5.804040e+04,-5.977710e+04
168,3.775652e+02,miss,-49.074184,-48.002227,-41.079321,6.415498e+04,3.421247e+04,4.191074e+04
169,3.788094e+02,miss,50.888826,45.210406,-42.027926,-6.488077e+04,-3.664048e+04,3.891057e+04
170,3.814912e+02,miss,34.455953,7.083431,-71.851321,-4.308859e+04,-2.303244e+04,6.876756e+04
171,3.826501e+02,miss,57.242571,22.647216,51.091992,-5.792111e+04,-5.689711e+03,-6.124121e+04
172,3.845714e+02,miss,61.122349,-46.045434,-23.321160,-7.495013e+04,3.004229e+04,2.556346e+04
173,3.848642e+02,miss,-70.996852,-33.049618,16.345327,6.901767e+04,4.690203e+04,-1.468929e+04
174,3.863088e+02,miss,-7.806838,54.995239,57.572363,-1.294714e+04,-5.629785e+04,-6.220037e+04
175,3.890298e+02,miss,49.015702,-12.114719,62.053965,-4.974684e+04,-8.265181e+03,-6.865607e+04
176,3.895136e+02,hit,75.442319,-19.342599,-18.284430,-7.232320e+04,3.968886e+04,2.144508e+04
177,3.899978e+02,miss,-79.984471,-0.931655,-1.271409,8.430563e+04,1.288616e+04,1.131847e+03
178,3.924231e+02,hit,-36.576295,-65.460630,27.876165,5.482448e+04,5.679987e+04,-3.298582e+04
179,3.976067e+02,miss,51.049069,50.060713,-35.887568,-3.989653e+04,-6.712790e+04,3.631551e+04
180,4.005590e+02,miss,57.120460,44.631375,33.842184,-5.557642e+04,-5.857727e+04,-3.085030e+04
181,4.017336e+02,miss,-33.110707,-18.466253,70.446281,4.123493e+04,3.458875e+04,-6.780107e+04
182,4.035094e+02,miss,-13.243542,-24.582093,-74.968855,2.361958e+03,4.188011e+04,7.594266e+04
183,4.038093e+02,miss,-15.134801,-46.223215,-63.516551,1.046840e+04,6.199412e+04,5.982930e+04
184,4.054953e+02,miss,8.786993,15.974193,77.894890,-8.839014e+03,-3.627581e+04,-7.854802e+04
185,4.079682e+02,miss,26.735297,44.948434,-60.538105,-4.677955e+04,-3.830952e+04,6.288113e+04
186,4.084637e+02,miss,53.627271,-25.514895,53.601361,-5.822576e+04,7.511515e+03,-6.459537e+04
187,4.107511e+02,miss,16.733112,72.534974,29.303250,1.301429e+03,-8.232789e+04,-2.970384e+04
188,4.125598e+02,miss,-53.529656,-48.135276,34.893712,5.450966e+04,6.097592e+04,-3.172169e+04
189,4.132531e+02,miss,1.171913,-4.432200,79.868531,1.467907e+04,1.864235e+04,-8.453137e+04
190,4.142508e+02,miss,-42.077039,-61.604906,28.885261,3.149566e+04,7.708358e+04,-2.816591e+04
191,4.269600e+02,miss,64.884305,-38.720978,26.281416,-7.604870e+04,2.939500e+04,-3.628736e+04
192,4.284816e+02,miss,9.937631,10.530578,-78.678780,-2.392101e+04,6.002927e+03,8.593239e+04
193,4.298203e+02,miss,-33.839334,-16.417526,-70.607112,4.580413e+04,-1.982554e+03,7.691326e+04
194,4.300192e+02,miss,-65.396002,28.116487,36.507891,7.562095e+04,-3.453830e+04,-3.331496e+04
195,4.351332e+02,miss,-1.759736,-51.654429,-61.063273,-1.651847e+04,4.741718e+04,7.480276e+04
196,4.354447e+02,miss,-12.173730,28.323259,73.821361,2.905915e+04,-1.530685e+04,-8.392722e+04
197,4.356449e+02,miss,39.674469,40.191841,-56.661737,-5.976022e+04,-3.553097e+04,5.738042e+04
198,4.383196e+02,miss,6.442012,66.699278,-43.700192,5.545908e+03,-7.976685e+04,4.222122e+04
199,4.431683e+02,miss,10.161548,9.563576,-78.773606,9.661784e+03,-2.489999e+03,9.037163e+04
200,4.439992e+02,miss,33.119768,40.644410,60.424439,-4.781799e+04,-5.068420e+04,-5.853745e+04
201,4.450333e+02,miss,41.975529,14.733884,-66.490357,-2.872268e+04,-1.381241e+04,8.535570e+04
202,4.481565e+02,miss,67.838401,-10.977551,-40.956620,-7.232597e+04,3.370328e+04,4.463936e+04
203,4.489920e+02,miss,-44.363361,-28.039808,60.379313,3.143310e+04,4.262231e+04,-7.463588e+04
204,4.502355e+02,hit,72.950796,-32.660039,-3.391634,-8.798937e+04,2.513459e+04,4.953176e+03
205,4.510730e+02,hit,-57.179673,-46.982199,-30.383516,6.580237e+04,4.580275e+04,4.456668e+04
206,4.533769e+02,miss,47.937509,7.901716,63.557518,-6.558867e+04,-1.508834e+04,-6.266957e+04
207,4.561054e+02,miss,24.351168,23.066963,72.628753,-4.504973e+04,-2.927328e+04,-7.497666e+04
208,4.563103e+02,miss,54.984224,-47.501481,33.471548,-5.849012e+04,6.374129e+04,-3.205745e+04
209,4.568343e+02,miss,6.367733,-3.874567,-79.651991,-5.033903e+02,-1.733359e+04,9.066859e+04
210,4.584082e+02,miss,-62.230748,20.774654,-45.779337,6.085810e+04,-2.399328e+04,6.535650e+04
211,4.592533e+02,hit,-64.832079,46.142410,8.226756,6.254031e+04,-6.726322e+04,-1.144507e+04
212,4.594589e+02,miss,26.912162,-19.742757,72.704602,-3.956699e+04,1.366892e+03,-8.368418e+04
213,4.597790e+02,miss,-6.602635,4.232281,79.614653,1.540926e+04,1.634390e+04,-8.984353e+04
214,4.615779e+02,miss,-11.940128,75.791719,22.650579,7.984211e+03,-8.994991e+04,-2.133658e+04
215,4.648595e+02,miss,-0.046433,-0.051313,79.999970,-1.280896e+04,1.862156e+04,-9.033474e+04
216,4.655954e+02,miss,-67.269455,3.296309,43.173542,8.136335e+04,1.212451e+04,-4.379413e+04
217,4.666683e+02,miss,-10.638749,9.154428,78.759212,1.383490e+04,-3.193916e+04,-8.656456e+04
218,4.671983e+02,miss,0.221670,-0.054072,-79.999675,-1.352733e+04,1.838732e+04,9.051928e+04
219,4.675210e+02,hit,24.970994,75.241644,-10.730536,-2.942779e+04,-8.705269e+04,1.663361e+04
220,4.696444e+02,miss,-75.155860,-6.513490,-26.630268,8.798396e+04,-1.362511e+04,2.887266e+04
221,4.698524e+02,hit,48.231058,63.546035,-5.972139,-6.315012e+04,-6.887653e+04,5.693592e+03
222,4.703841e+02,miss,-16.247474,-33.813197,-70.658951,6.835324e+03,5.482445e+04,7.564263e+04
223,4.710319e+02,miss,-2.839938,-76.244929,24.055053,-1.989714e+04,8.654998e+04,-2.999228e+04
224,4.714485e+02,miss,-56.361161,-49.376097,-28.025356,7.298286e+04,5.232963e+04,2.700398e+04
225,4.739198e+02,miss,-22.736012,34.147815,68.680423,6.396157e+03,-3.201652e+04,-8.817161e+04
226,4.749881e+02,miss,-8.977082,-72.424465,32.773600,2.646920e+04,8.398697e+04,-3.325207e+04
227,4.753135e+02,miss,-59.421230,33.564653,41.743641,5.387952e+04,-5.437140e+04,-5.483565e+04
228,4.763835e+02,miss,-14.749521,-2.992695,78.571594,3.319412e+04,1.734505e+04,-8.650698e+04
229,4.785269e+02,miss,-29.638779,-9.530468,73.693371,5.084526e+04,1.771586e+04,-7.763407e+04
230,4.803621e+02,miss,29.932343,-16.954413,-72.226053,-5.272242e+04,1.168701e+04,7.774402e+04
231,4.810167e+02,miss,39.583001,-57.213899,-39.493744,-2.700570e+04,7.321839e+04,5.368745e+04
232,4.817653e+02,miss,33.528407,52.356004,50.345752,-4.953531e+04,-6.348893e+04,-5.001955e+04
233,4.828424e+02,miss,11.689272,4.875106,-78.991102,-1.821276e+04,1.705850e+04,9.156387e+04
234,4.853292e+02,miss,-42.397720,19.683250,64.923054,4.727373e+04,-4.303742e+04,-7.046985e+04
235,4.864245e+02,miss,-31.304084,-59.338281,-43.577778,4.020921e+04,7.509723e+04,4.262726e+04
236,4.883784e+02,miss,0.843653,-0.457364,79.994244,9.121275e+03,2.135663e+04,-9.257753e+04
237,4.893449e+02,miss,-39.239199,-69.577292,-4.391549,2.459451e+04,9.215686e+04,5.491442e+03
238,4.900056e+02,miss,65.560636,43.742934,13.724382,-7.468541e+04,-5.818619e+04,-1.329330e+04
239,4.913046e+02,miss,35.335115,-32.213300,64.138389,-1.988393e+04,4.409034e+04,-8.261451e+04
240,4.949179e+02,hit,60.795070,49.706963,-15.270142,-8.402193e+04,-4.145365e+04,2.130249e+04
241,4.951314e+02,miss,27.463370,5.246113,-74.954931,-5.033023e+04,-1.200920e+04,8.098467e+04
242,4.954636e+02,miss,-15.774479,1.286573,-78.418815,-4.010638e+03,-8.946601e+03,9.563441e+04
243,4.981967e+02,miss,0.864867,-41.244907,68.542758,-1.673603e+04,5.934762e+04,-7.410003e+04
244,4.993065e+02,miss,63.538538,-13.350738,46.739834,-6.920411e+04,9.298361e+02,-6.725828e+04
245,4.996257e+02,miss,-0.086435,38.637877,-70.050746,-5.377309e+03,-6.144685e+04,7.426353e+04
246,5.020502e+02,miss,-22.380056,-3.732301,76.715077,3.089465e+04,-1.856880e+04,-8.980896e+04
247,5.065758e+02,miss,-19.691773,51.759443,-57.733821,8.138107e+03,-7.365396e+04,6.291432e+04
248,5.088006e+02,hit,44.837458,65.296686,11.222528,-5.554601e+04,-7.795336e+04,-1.813179e+04
249,5.090171e+02,miss,-33.758822,21.705460,69.204154,5.767324e+04,-2.528667e+04,-7.435904e+04
250,5.106783e+02,miss,-35.976119,62.099127,35.347098,4.233743e+04,-6.863024e+04,-5.498457e+04
251,5.121250e+02,miss,-5.959620,-7.332075,79.440063,2.727319e+04,1.938595e+04,-9.183255e+04
252,5.156929e+02,miss,-56.960852,3.180688,56.083372,6.004676e+04,-2.601717e+04,-7.305412e+04
253,5.193946e+02,miss,24.927804,0.260690,76.016686,-7.343980e+03,-7.439663e+03,-9.787327e+04
254,5.216326e+02,miss,14.504156,24.668740,74.706644,6.002217e+03,-3.618971e+04,-9.156683e+04
255,5.233143e+02,miss,10.612464,56.383546,55.751874,-1.429253e+04,-5.344812e+04,-8.185718e+04
256,5.261379e+02,miss,-34.243374,-10.943100,-71.467754,2.101927e+04,5.222054e+03,9.667040e+04
257,5.262454e+02,miss,44.750335,-31.663079,-58.265400,-3.469301e+04,4.407949e+04,8.166789e+04
258,5.287336e+02,miss,-40.568945,40.548491,-55.767200,4.569125e+04,-6.480622e+04,5.979237e+04
259,5.292976e+02,miss,-15.928656,-19.669833,75.890550,3.541305e+04,5.534487e+03,-9.267400e+04
260,5.324668e+02,miss,57.522725,-26.638919,48.800657,-5.697755e+04,3.554930e+04,-7.363496e+04
261,5.328114e+02,miss,21.790148,-39.244438,66.219812,-2.760833e+04,2.684996e+04,-9.195427e+04
262,5.355370e+02,hit,72.430953,14.923244,30.513176,-9.045784e+04,5.272623e+03,-4.217996e+04
263,5.364504e+02,hit,-64.820219,-45.221057,-12.385281,9.236647e+04,3.454903e+04,1.677522e+04
264,5.381558e+02,miss,-7.394844,-27.643134,-74.707252,3.265619e+04,3.216578e+04,8.909183e+04
265,5.385021e+02,miss,-56.845950,0.081025,-56.289710,6.418504e+04,-2.422451e+04,7.306390e+04
266,5.387248e+02,miss,29.492422,54.640306,50.444365,-1.507649e+04,-7.841341e+04,-6.060586e+04
267,5.398789e+02,miss,-19.455341,14.264799,-76.275849,4.726872e+02,-2.574891e+04,9.699140e+04
268,5.413664e+02,miss,-4.457168,53.811537,59.029248,-8.344689e+03,-5.280842e+04,-8.508787e+04
269,5.425082e+02,hit,-66.215468,20.196179,-40.095213,8.073994e+04,-4.146766e+04,4.337167e+04
270,5.445714e+02,miss,-55.263107,-14.855944,-55.904292,7.140539e+04,-6.479924e+03,7.083343e+04
271,5.459408e+02,miss,-53.644526,35.600952,-47.485124,5.241153e+04,-6.399250e+04,5.780682e+04
272,5.465291e+02,miss,-10.719461,64.045927,46.724858,3.388721e+04,-7.900646e+04,-5.295514e+04
273,5.474518e+02,miss,5.286469,-3.725132,-79.738176,-2.666665e+04,1.737602e+04,9.591030e+04
274,5.486000e+02,miss,21.658111,-72.772685,-25.200447,-7.065577e+03,9.679679e+04,2.852538e+04
275,5.505496e+02,miss,66.962773,33.086087,28.658294,-9.320283e+04,-2.309302e+04,-3.239679e+04
276,5.514757e+02,miss,-60.442178,-23.540094,-46.825282,8.465301e+04,2.626071e+04,4.930644e+04
277,5.532048e+02,miss,-59.504257,50.897148,-16.392795,8.657295e+04,-4.699073e+04,2.482198e+04
278,5.543742e+02,miss,23.891425,38.507932,-65.926770,-2.400513e+04,-2.847121e+04,9.462607e+04
279,5.561078e+02,miss,-10.838430,-14.559717,77.913690,-4.480362e+03,3.478760e+04,-9.561922e+04
280,5.570386e+02,miss,-50.218193,2.129601,62.238235,5.233880e+04,1.895696e+04,-8.539280e+04
281,5.581968e+02,hit,61.188684,-49.243267,15.200185,-6.545963e+04,7.447994e+04,-2.408376e+04
282,5.584235e+02,miss,-30.841330,-16.116342,72.035241,1.482970e+04,2.207362e+04,-9.853586e+04
283,5.590031e+02,miss,35.909508,20.511603,68.481979,-6.006079e+04,-7.608023e+03,-8.223207e+04
284,5.602896e+02,miss,28.474086,47.930112,57.375350,-2.611509e+04,-7.519943e+04,-6.414310e+04
285,5.613402e+02,hit,-0.370280,79.021511,-12.468510,-2.374567e+04,-9.837369e+04,1.515410e+04
286,5.626293e+02,miss,-45.973821,61.739854,21.785276,6.599456e+04,-7.498457e+04,-2.273689e+04
287,5.632112e+02,hit,-69.156035,-31.819215,24.596349,9.625369e+04,1.652066e+04,-3.111402e+04
288,5.634389e+02,miss,30.619468,8.564438,73.410480,-1.497387e+04,-1.690272e+04,-1.000006e+05
289,5.657698e+02,miss,10.778269,39.117689,-68.946612,-2.453279e+04,-2.823425e+04,9.567906e+04
290,5.672925e+02,hit,68.913133,-6.548295,40.101122,-7.872626e+04,2.512382e+04,-6.126081e+04
291,5.687055e+02,miss,-19.927420,-43.517657,64.102352,3.336832e+04,6.697730e+04,-7.077338e+04
292,5.696468e+02,miss,10.161346,29.657537,-73.601478,9.020968e+03,-2.549184e+04,9.947171e+04
293,5.719904e+02,miss,1.492795,79.871047,-4.288048,1.299643e+04,-1.023676e+05,4.639058e+03
294,5.739967e+02,miss,-2.737610,-1.903605,-79.930481,1.453964e+04,-2.015730e+04,1.004453e+05
295,5.741090e+02,miss,-28.628956,-67.824017,-31.309514,1.514622e+04,9.531630e+04,3.734251e+04
296,5.743389e+02,hit,-69.945850,38.423723,5.585296,8.340636e+04,-6.099851e+04,-5.993200e+03
297,5.745844e+02,hit,-22.147112,76.602486,6.447053,6.189984e+03,-1.028809e+05,-9.753991e+03
298,5.753003e+02,hit,-68.549107,15.760514,-38.113333,7.725727e+04,-3.609862e+04,5.881746e+04
299,5.767077e+02,miss,-35.128336,-61.697568,-36.870180,3.441782e+04,8.911585e+04,4.038963e+04
300,5.776555e+02,miss,14.784419,0.481504,78.620539,-1.321172e+04,2.421872e+04,-1.000706e+05
301,5.778862e+02,miss,-1.348728,58.617149,-54.426196,-2.392501e+04,-7.198278e+04,7.089145e+04
302,5.788349e+02,miss,50.189282,-26.347639,56.452085,-7.425814e+04,1.025759e+04,-7.195647e+04
303,5.814444e+02,hit,-78.912594,13.046977,-1.605890,9.859835e+04,-3.348291e+04,1.777071e+03
304,5.818044e+02,miss,35.515321,-6.060172,71.427840,-5.961675e+04,2.106144e+04,-8.279415e+04
305,5.829880e+02,miss,10.229241,-78.519807,11.401865,-3.550733e+04,9.650286e+04,-1.735281e+04
306,5.851268e+02,miss,-3.032070,-60.286254,52.501182,1.264041e+04,8.617051e+04,-5.770140e+04
307,5.863139e+02,miss,4.512591,-18.689166,77.655339,8.483424e+03,2.520246e+03,-1.042037e+05
308,5.865462e+02,miss,12.711357,-4.593473,-78.849993,-3.312756e+04,2.270991e+04,9.658100e+04
309,5.869078e+02,miss,24.983597,-46.334211,60.240857,-1.838734e+04,4.717820e+04,-9.156382e+04
310,5.877347e+02,miss,30.708989,-8.994795,-73.321563,-4.005226e+04,-1.435967e+04,9.567053e+04
311,5.893024e+02,miss,-66.324969,37.854460,23.833555,8.928921e+04,-3.782156e+04,-3.986783e+04
312,5.895353e+02,miss,12.019140,40.351923,-68.023986,9.655241e+03,-5.726519e+04,8.731722e+04
313,5.916861e+02,miss,-52.720612,30.362078,-51.948834,5.643814e+04,-3.210215e+04,8.259012e+04
314,5.919195e+02,miss,-2.515378,-1.909934,-79.937632,2.846745e+04,3.083365e+03,1.011009e+05
315,5.925163e+02,miss,46.382101,49.502546,-42.405172,-6.878712e+04,-4.547573e+04,6.521286e+04
316,5.949223e+02,miss,-14.930796,-32.118253,71.732065,-1.890792e+03,2.892515e+04,-1.012772e+05
317,5.956350e+02,miss,42.606364,21.276523,64.280691,-5.334610e+04,-4.902061e+04,-7.656222e+04
318,5.964837e+02,miss,56.239809,-15.114329,-54.851079,-6.591796e+04,4.397532e+04,6.962346e+04
319,5.970828e+02,miss,26.954465,-42.973144,61.860858,-3.354041e+04,7.128875e+04,-7.021797e+04
320,5.992473e+02,miss,38.067845,-63.595961,-30.106359,-6.415724e+04,7.699453e+04,3.367008e+04
321,6.008144e+02,miss,-11.936342,-76.088752,21.633898,3.117740e+04,9.824847e+04,-2.413342e+04
322,6.020172e+02,miss,-50.780687,21.682757,57.889377,5.069604e+04,-4.955340e+04,-7.876562e+04
323,6.022527e+02,miss,-18.869917,-5.435996,77.552409,4.619312e+04,1.388397e+04,-9.437942e+04
324,6.043113e+02,hit,-68.704935,12.958528,38.880695,9.108555e+04,-3.250926e+04,-4.380654e+04
325,6.046783e+02,miss,-11.464746,63.194070,-47.697685,2.827352e+04,-8.725697e+04,5.353614e+04
326,6.052815e+02,miss,33.002320,72.461067,-7.761485,-3.860952e+04,-9.864542e+04,8.302219e+03
327,6.064888e+02,miss,5.003558,54.118683,58.703769,4.312679e+03,-8.240881e+04,-6.710626e+04
328,6.076973e+02,miss,6.540584,-7.152852,79.410689,-3.350047e+04,1.100040e+04,-1.004605e+05
329,6.089070e+02,miss,-24.349054,31.287961,69.485157,2.486509e+04,-1.864355e+04,-1.019427e+05
330,6.090386e+02,hit,13.541764,18.730337,-76.588479,-3.690889e+04,-3.607632e+04,9.325694e+04
331,6.104867e+02,miss,23.568059,-43.300208,63.005068,-5.314652e+04,4.337514e+04,-8.174154e+04
332,6.114619e+02,miss,36.973409,54.447760,45.479759,-6.853143e+04,-5.390323e+04,-6.167422e+04
333,6.117151e+02,miss,15.887519,3.548238,78.326220,-1.716347e+04,-3.015747e+04,-1.010272e+05
334,6.125593e+02,miss,-2.679322,7.766520,-79.577022,-4.784009e+03,-3.397010e+04,1.012395e+05
335,6.165771e+02,miss,44.250576,64.614325,-16.336324,-5.587383e+04,-8.982220e+04,1.764452e+04
336,6.171862e+02,miss,-37.640763,9.957305,69.885800,6.793685e+04,-9.902661e+03,-8.245681e+04
337,6.175571e+02,miss,26.790517,-73.695404,-15.851046,-5.978242e+04,8.656564e+04,2.125968e+04
338,6.181667e+02,miss,-10.791357,-79.222137,-2.720225,-1.160217e+04,1.066952e+05,3.523179e+03
339,6.184214e+02,miss,-52.238288,-30.974180,-52.074576,5.398046e+04,6.257665e+04,6.859968e+04
340,6.197745e+02,miss,54.027635,11.350485,-57.898024,-8.325894e+04,-6.382300e+02,6.803252e+04
341,6.214744e+02,miss,4.542219,7.415686,79.525944,6.570243e+03,1.369046e+04,-1.065927e+05
342,6.218466e+02,miss,40.495421,-13.998249,-67.558640,-6.037385e+04,3.755396e+04,8.089644e+04
343,6.226977e+02,hit,40.049578,-67.686677,14.647358,-2.909796e+04,1.018452e+05,-1.990675e+04
344,6.251642e+02,miss,-30.089239,-38.433637,63.383698,3.476974e+04,3.061310e+04,-9.754651e+04
345,6.267648e+02,hit,-20.336619,22.485562,74.032570,3.405923e+04,-4.965062e+04,-8.981125e+04
346,6.295975e+02,miss,-57.604430,-15.004801,-53.447036,6.285212e+04,1.444150e+04,8.709288e+04
347,6.298383e+02,miss,-16.478774,-59.239628,-51.177304,1.799024e+04,6.584666e+04,8.419725e+04
348,6.318201e+02,miss,-32.330323,29.530037,66.953171,3.842376e+04,-1.598828e+04,-1.002675e+05
349,6.320613e+02,hit,-24.597476,-76.085306,2.447537,3.610177e+04,1.023702e+05,-2.661488e+03
350,6.323188e+02,hit,7.993081,79.295677,-6.950273,-3.087054e+04,-1.034832e+05,1.153774e+04
351,6.324367e+02,hit,-34.821005,-67.929146,-23.940108,6.707454e+04,7.701825e+04,3.696311e+04
352,6.339286e+02,miss,31.986046,10.810885,72.525979,-2.677977e+04,-3.620880e+04,-9.897814e+04
353,6.341702e+02,miss,60.333170,8.490453,51.844197,-7.038615e+04,5.078274e+03,-8.276118e+04
354,6.345462e+02,miss,9.548080,-46.585041,-64.332481,1.381761e+04,6.517253e+04,8.601187e+04
355,6.354060e+02,miss,-46.442875,-47.519716,44.552620,4.690975e+04,8.126603e+04,-5.520662e+04
356,6.357823e+02,miss,23.119093,-54.087813,-54.221914,-1.164191e+04,8.496817e+04,6.711453e+04
357,6.376387e+02,miss,-10.380481,23.508946,75.759983,3.134945e+04,-4.568714e+04,-9.393620e+04
358,6.386354e+02,miss,-22.263631,-19.909900,-74.215407,1.058362e+04,4.510889e+04,9.882245e+04
359,6.388779e+02,miss,23.717091,-67.474775,-35.842075,-6.888662e+03,9.834738e+04,4.687820e+04
360,6.429973e+02,miss,-57.833708,-37.675178,40.445558,6.943027e+04,6.934482e+04,-4.862923e+04
361,6.451079e+02,miss,33.852602,52.504174,-49.973123,-2.548017e+04,-7.029441e+04,8.026765e+04
362,6.452434e+02,miss,21.317576,50.016719,58.684656,-2.302784e+04,-5.047493e+04,-9.464653e+04
363,6.454872e+02,miss,-37.527971,55.673610,43.498282,6.801767e+04,-6.895453e+04,-5.156919e+04
364,6.463543e+02,miss,-9.289553,-15.090501,-78.012698,1.910261e+04,-6.079688e+03,1.079575e+05
365,6.483783e+02,miss,-25.068063,-35.074508,67.389696,2.942650e+04,6.704038e+04,-8.206163e+04
366,6.521305e+02,hit,78.966573,12.147430,4.089038,-1.061773e+05,-2.893706e+04,-7.311866e+03
367,6.540106e+02,miss,24.020979,-21.047606,-73.348421,-2.189977e+04,5.155845e+04,9.519259e+04
368,6.549000e+02,miss,6.566891,42.800235,-67.268238,-3.291161e+04,-6.147635e+04,8.575300e+04
369,6.561558e+02,miss,10.712403,23.948596,-75.575850,-2.066829e+04,-6.160332e+03,1.085099e+05
370,6.562924e+02,miss,-39.210129,52.725533,-45.635337,7.351668e+04,-5.954865e+04,5.737003e+04
371,6.567841e+02,hit,2.929856,77.980976,-17.617701,-2.480709e+04,-1.037470e+05,2.953661e+04
372,6.577956e+02,miss,-16.526110,65.596530,42.708114,7.213188e+03,-9.819880e+04,-5.074515e+04
373,6.588078e+02,miss,43.950829,-19.371957,-63.976964,-6.266733e+04,4.676989e+04,7.857715e+04
374,6.603138e+02,miss,-6.540117,13.264048,78.621193,1.848608e+04,7.710972e+03,-1.091599e+05
375,6.636058e+02,hit,-78.869504,-7.893425,-10.830290,1.093439e+05,-8.731264e+03,1.860520e+04
376,6.638697e+02,hit,71.540456,-8.449519,-34.793229,-9.178157e+04,3.867081e+04,4.963991e+04
377,6.647491e+02,miss,8.385673,15.642611,-78.006341,-3.317398e+04,-4.931409e+03,1.061837e+05
378,6.661519e+02,miss,15.583650,44.079403,-64.916532,-8.161197e+03,-7.674638e+04,8.043237e+04
379,6.663996e+02,miss,-18.881465,-9.019927,77.214838,4.390563e+04,2.771012e+04,-9.866633e+04
380,6.667850e+02,miss,-2.593445,-70.093397,-38.473233,-2.391283e+04,9.521846e+04,5.290946e+04
381,6.686861e+02,miss,26.829338,53.305582,53.279467,-6.044787e+04,-6.262673e+04,-6.997999e+04
382,6.695687e+02,miss,40.247804,-10.626899,68.316786,-7.352036e+04,1.056765e+04,-8.350327e+04
383,6.725133e+02,miss,-47.450776,-32.958731,-55.336659,4.901680e+04,6.709500e+04,7.510162e+04
384,6.744225e+02,miss,23.948785,-5.682486,76.119413,-1.155746e+04,2.551391e+04,-1.086081e+05
385,6.748103e+02,miss,20.412871,-71.535996,29.426451,-9.317711e+03,1.059037e+05,-3.584787e+04
386,6.750596e+02,miss,24.354007,16.971717,74.288917,-3.703211e+04,-4.665145e+04,-9.510206e+04
387,6.765841e+02,hit,-67.562263,-36.908531,-21.750885,1.011377e+05,4.195768e+04,2.512555e+04
388,6.779993e+02,hit,67.975907,29.229455,30.412416,-1.014648e+05,-1.415657e+04,-4.638392e+04
389,6.789049e+02,miss,32.528854,-3.512497,73.003671,-5.858586e+04,-1.562319e+04,-9.480231e+04
390,6.814632e+02,miss,-39.893735,-59.221897,36.072937,7.711304e+04,6.443628e+04,-5.111880e+04
391,6.853267e+02,hit,37.788355,70.389676,4.163383,-3.831283e+04,-1.061122e+05,-7.482372e+03
392,6.860915e+02,miss,21.150455,20.643552,74.340447,-1.182829e+04,-8.626933e+03,-1.121766e+05
393,6.863599e+02,miss,-51.053233,27.405917,55.158709,5.065501e+04,-5.520584e+04,-8.478980e+04
394,6.876454e+02,miss,14.363781,34.419294,70.774247,-3.843417e+04,-5.826740e+04,-8.918874e+04
395,6.886804e+02,miss,57.764996,40.415862,37.812210,-6.121422e+04,-7.628965e+04,-5.726184e+04
396,6.895760e+02,miss,50.640557,-23.328468,57.369997,-6.934735e+04,6.720957e+03,-8.949129e+04
397,6.916496e+02,miss,-38.121339,-23.116060,-66.425983,2.874503e+04,3.320116e+04,1.047521e+05
398,6.951481e+02,miss,-40.473518,-62.782284,28.640516,5.466525e+04,9.425260e+04,-3.309098e+04
399,6.955418e+02,miss,-59.988832,-23.586741,-47.381490,7.644330e+04,5.711481e+04,6.219743e+04
400,6.968359e+02,miss,9.473659,8.617524,78.968273,1.382283e+04,-3.962244e+03,-1.130998e+05
401,6.970892e+02,miss,16.820797,-59.320251,50.972233,-1.616411e+04,9.486292e+04,-6.117852e+04
402,6.974834e+02,miss,-64.524105,-3.301851,47.177724,9.678134e+04,1.947165e+04,-5.713707e+04
403,6.977369e+02,miss,25.610077,33.738813,-67.866165,-4.129765e+04,-6.485324e+04,8.428348e+04
404,6.987794e+02,miss,5.856949,38.767936,69.733373,-1.519256e+04,-7.217251e+04,-8.714876e+04
405,6.999354e+02,miss,27.042631,15.390829,73.700872,-3.670973e+04,6.608676e+03,-1.080041e+05
406,7.003304e+02,miss,45.889574,-57.135468,32.088710,-4.961431e+04,9.489456e+04,-3.996207e+04
407,7.007255e+02,miss,-20.022931,-50.254263,-58.937181,5.184166e+04,6.734574e+04,7.647148e+04
408,7.017703e+02,miss,3.953817,43.577313,66.973018,1.330260e+04,-7.407456e+04,-8.617646e+04
409,7.024201e+02,miss,14.840809,5.269090,-78.434604,2.865552e+02,-2.620946e+04,1.114248e+05
410,7.030873e+02,miss,-18.307120,37.715669,68.134996,4.286106e+04,-3.080064e+04,-1.016327e+05
411,7.046431e+02,miss,71.666102,-6.416009,-34.968624,-9.576015e+04,-2.049202e+03,6.300607e+04
412,7.048979e+02,hit,13.641669,-77.521627,14.293432,-1.115749e+02,1.133152e+05,-1.756088e+04
413,7.068525e+02,miss,-39.463109,61.470291,32.620029,4.406549e+04,-9.839758e+04,-3.951370e+04
414,7.085545e+02,miss,4.745296,-32.336821,-73.019259,-2.943152e+04,5.533442e+04,9.637851e+04
415,7.089519e+02,miss,-41.510924,-61.276059,-30.365898,3.356923e+04,9.954787e+04,4.677255e+04
416,7.094802e+02,miss,7.310132,-58.502962,54.073704,1.267160e+04,8.999555e+04,-7.052964e+04
417,7.096050e+02,miss,-59.582113,-26.286270,46.465082,8.696048e+04,5.039763e+04,-5.598642e+04
418,7.098779e+02,miss,-10.649947,-55.153156,-56.962339,3.720307e+04,8.079596e+04,7.300384e+04
419,7.102757e+02,miss,-0.358155,-0.923367,-79.993869,-2.386165e+04,-1.246832e+04,1.119116e+05
420,7.106563e+02,hit,78.591901,12.331256,8.441166,-1.146641e+05,-2.469298e+03,-1.010816e+04
421,7.107872e+02,miss,9.076543,38.560126,-69.503475,-1.871873e+03,-3.211134e+04,1.105619e+05
422,7.111853e+02,miss,32.728095,-72.533052,8.235786,-5.694672e+04,9.964696e+04,-9.672450e+03
423,7.128924e+02,miss,-10.145057,19.655401,-76.881357,-1.408631e+04,-3.016916e+04,1.104049e+05
424,7.131486e+02,hit,8.451849,11.745259,-78.680462,-3.881010e+04,-1.656818e+04,1.073401e+05
425,7.146016e+02,hit,-60.835772,3.723073,51.818409,9.465245e+04,-1.850511e+04,-6.346812e+04
426,7.148581e+02,miss,23.127330,7.065010,-76.257539,-5.588618e+04,-1.497794e+04,9.993453e+04
427,7.171007e+02,miss,-25.242805,68.569800,32.572738,5.614026e+04,-9.244298e+04,-4.097453e+04
428,7.197300e+02,miss,-41.592429,-65.098665,-20.790228,3.604362e+04,1.045677e+05,3.452319e+04
429,7.198731e+02,miss,-55.054607,57.235145,-9.650306,9.455651e+04,-6.585001e+04,1.228422e+04
430,7.207888e+02,miss,62.550281,45.705296,-19.962172,-8.802540e+04,-7.176137e+04,2.338754e+04
431,7.209320e+02,miss,29.497365,-66.765812,-32.744950,-2.463707e+04,1.056063e+05,4.108682e+04
432,7.215906e+02,miss,-2.666066,-68.804491,-40.728786,2.509675e+03,8.908514e+04,7.428079e+04
433,7.222495e+02,miss,13.880213,-6.369348,78.528791,-3.641476e+04,2.916109e+04,-1.062826e+05
434,7.231668e+02,miss,26.567727,52.803543,53.906788,-5.629862e+04,-7.592666e+04,-6.749153e+04
435,7.235683e+02,miss,-64.325141,7.817726,-46.916515,9.312608e+04,-3.391756e+04,6.061452e+04
436,7.262093e+02,miss,17.594865,0.224959,78.040823,3.585249e+03,-3.341650e+02,-1.163327e+05
437,7.271465e+02,miss,75.236907,-13.142022,-23.805359,-1.052044e+05,3.985932e+04,3.011648e+04
438,7.282108e+02,miss,17.342227,-49.502613,60.404788,-2.409187e+04,8.600982e+04,-7.486975e+04
439,7.284697e+02,miss,21.176250,68.557352,-35.375924,-4.717073e+04,-9.727585e+04,4.359757e+04
440,7.293909e+02,miss,-44.899106,21.422222,62.651086,7.979274e+04,-3.386776e+04,-7.804930e+04
441,7.315234e+02,miss,-19.752559,25.922152,73.060786,3.554152e+04,-9.501781e+03,-1.108688e+05
442,7.320601e+02,miss,43.865393,50.918938,-43.394573,-5.826253e+04,-8.628380e+04,5.306573e+04
443,7.327237e+02,miss,-0.042675,0.714174,-79.996801,9.406275e+03,2.581424e+04,1.136350e+05
444,7.339190e+02,miss,8.509162,12.711601,78.523941,-3.151605e+04,-3.581285e+04,-1.068375e+05
445,7.355261e+02,miss,-43.146292,57.938358,34.373598,8.355427e+04,-6.354158e+04,-5.197300e+04
446,7.368569e+02,miss,-33.093381,-4.368558,-72.703121,6.841108e+04,-1.808198e+03,9.519201e+04
447,7.372622e+02,miss,14.656386,-17.700291,-76.628259,6.610576e+03,1.745457e+04,1.157759e+05
448,7.385945e+02,hit,59.690783,-42.325926,32.334601,-6.885609e+04,7.685691e+04,-5.593864e+04
449,7.404678e+02,miss,-36.168047,68.310269,-20.629579,6.623855e+04,-9.375854e+04,2.517957e+04
450,7.419307e+02,miss,14.427264,-14.910049,-77.262827,-3.371815e+03,-1.413770e+03,1.175846e+05
451,7.422097e+02,miss,22.899920,26.383510,71.968772,-4.782976e+04,-5.298274e+04,-9.354067e+04
452,7.432849e+02,miss,50.274426,-55.911253,-27.320575,-8.994226e+04,6.739261e+04,3.511972e+04
453,7.443609e+02,miss,-53.056197,58.555519,-12.501646,8.877129e+04,-7.385788e+04,2.344167e+04
454,7.456996e+02,miss,-39.201028,-20.782406,66.568544,6.279067e+04,1.441949e+03,-9.982517e+04
455,7.459617e+02,miss,-6.205388,-1.951012,79.735103,1.135677e+04,-2.582294e+04,-1.145378e+05
456,7.470396e+02,miss,-49.918442,4.710458,-62.337474,8.791676e+04,-1.335780e+03,7.876336e+04
457,7.473019e+02,miss,37.685451,-46.667563,-52.933405,-5.867923e+04,7.896997e+04,6.527014e+04
458,7.475642e+02,miss,2.856187,44.457621,-66.448191,2.074003e+04,-5.111743e+04,1.044100e+05
459,7.482349e+02,miss,18.166436,50.115506,59.652466,-2.156686e+04,-5.348290e+04,-1.031094e+05
460,7.483808e+02,miss,4.328262,1.907777,-79.860043,-3.397752e+04,-7.544925e+03,1.129089e+05
461,7.495948e+02,miss,-40.299701,45.926161,51.640313,3.653311e+04,-6.882369e+04,-8.894437e+04
462,7.506754e+02,miss,-16.740950,0.398300,-78.227757,-3.179090e+03,9.473861e+03,1.179100e+05
463,7.516105e+02,miss,-4.637000,36.074511,71.253967,2.381739e+04,-6.747607e+04,-9.433865e+04
464,7.520198e+02,miss,18.646077,-7.860575,-77.398548,1.318005e+03,1.847618e+04,1.169812e+05
465,7.521660e+02,miss,29.278410,55.051472,50.120956,-6.225860e+04,-7.758629e+04,-6.430137e+04
466,7.531021e+02,miss,7.943294,0.098415,79.604613,-3.243182e+04,-1.879620e+04,-1.124401e+05
467,7.535118e+02,hit,43.793282,61.142467,-27.271728,-8.648682e+04,-7.038176e+04,4.027373e+04
468,7.537752e+02,miss,-57.406534,17.507443,-52.895929,9.454952e+04,-2.593077e+03,7.151303e+04
469,7.555327e+02,miss,6.185587,4.943748,-79.607147,1.079814e+04,1.444762e+04,1.173367e+05
470,7.563419e+02,miss,18.354958,19.069306,-75.494749,-4.559348e+04,-4.225530e+04,1.012129e+05
471,7.567347e+02,miss,51.860773,12.909653,59.529833,-6.828494e+04,7.245379e+03,-9.695528e+04
472,7.614823e+02,miss,72.659785,33.255794,3.822022,-1.004112e+05,-6.402537e+04,-4.749480e+03
473,7.616294e+02,miss,14.478941,17.805533,-76.637610,-1.848928e+04,3.140863e+03,1.177083e+05
474,7.625713e+02,miss,0.397890,50.827986,61.776674,-1.535288e+04,-8.708639e+04,-8.002985e+04
475,7.629836e+02,miss,3.444335,22.382139,76.727938,2.424230e+04,-3.136653e+04,-1.125196e+05
476,7.635138e+02,miss,42.636023,-50.370104,-45.221922,-5.516916e+04,8.901652e+04,5.722350e+04
477,7.636612e+02,miss,58.470576,-20.153971,50.744549,-7.536015e+04,5.652480e+04,-7.328472e+04
478,7.659791e+02,miss,61.376481,-43.495913,-27.221923,-9.691129e+04,4.817346e+04,5.075048e+04
479,7.691103e+02,miss,26.817671,3.323848,-75.297839,-5.417016e+04,-2.600386e+04,1.036142e+05
480,7.695244e+02,miss,15.528404,-17.413293,76.522192,-4.155742e+03,3.293543e+03,-1.196917e+05
481,7.697906e+02,hit,-79.372844,-9.333130,3.583897,1.191481e+05,1.201880e+04,-4.297609e+03
482,7.711520e+02,miss,39.570078,68.225032,-13.399772,-3.159034e+04,-1.137098e+05,2.137097e+04
483,7.725146e+02,miss,-24.314306,-61.598514,-44.882486,2.724227e+04,1.023848e+05,5.643772e+04
484,7.736116e+02,miss,-47.214472,25.611418,59.286161,5.213264e+04,-2.843206e+04,-1.044235e+05
485,7.749944e+02,miss,62.543582,46.799233,17.266506,-1.051700e+05,-5.389449e+04,-2.215636e+04
486,7.753920e+02,miss,-37.104174,-40.806432,-57.949248,2.954526e+04,7.629162e+04,8.814954e+04
487,7.756772e+02,hit,-71.555776,-31.605893,16.758234,1.091564e+05,3.836147e+04,-3.289793e+04
488,7.777276e+02,miss,-52.522115,8.265412,59.775500,5.705388e+04,-1.771342e+04,-1.045865e+05
489,7.784117e+02,miss,77.132140,-10.326688,18.547036,-1.174536e+05,-9.727909e+03,-2.510046e+04
490,7.786794e+02,miss,16.536011,47.768059,-62.006233,-1.696570e+04,-5.049460e+04,1.081085e+05
491,7.793639e+02,miss,36.540747,47.410615,-53.075488,-7.560806e+04,-6.142901e+04,7.104690e+04
492,7.825404e+02,miss,0.654022,-7.028470,79.687972,-1.742561e+04,-1.436501e+04,-1.186887e+05
493,7.829400e+02,miss,39.611869,32.657163,-61.354784,-7.970315e+04,-3.517247e+04,8.375426e+04
494,7.834952e+02,miss,43.361620,63.069959,-23.279823,-4.460673e+04,-1.079164e+05,3.129067e+04
495,7.843311e+02,miss,-37.579877,-28.116813,64.785783,2.906762e+04,4.884932e+04,-1.067672e+05
496,7.852869e+02,hit,-23.639168,-73.027268,22.543467,6.303143e+04,9.697769e+04,-3.564570e+04
497,7.863929e+02,miss,8.617207,16.873857,-77.723978,-3.847413e+04,-3.402255e+04,1.096863e+05
498,7.877689e+02,hit,-79.286586,6.847927,-8.169650,1.156339e+05,-3.310456e+04,1.508132e+04
499,7.881880e+02,miss,33.719890,51.878591,-50.710756,-7.421835e+04,-6.014538e+04,7.467619e+04
500,7.883076e+02,miss,14.627588,1.013651,78.644810,7.938755e+03,-5.961688e+03,-1.208554e+05
501,7.905246e+02,miss,4.194699,72.435157,33.697961,5.531654e+03,-1.136806e+05,-4.233277e+04
502,7.919224e+02,miss,-27.379093,63.704118,39.902014,2.044231e+04,-1.070938e+05,-5.371276e+04
503,7.949558e+02,miss,-25.287938,27.057636,70.911244,6.266673e+04,-3.001697e+04,-1.000023e+05
504,7.962190e+02,miss,-60.916198,-49.026838,-16.899291,7.055695e+04,9.552841e+04,2.735343e+04
505,7.971821e+02,miss,-43.703723,-48.477620,-46.259106,5.756019e+04,8.907884e+04,6.018238e+04
506,7.982964e+02,miss,35.118911,-62.564186,-35.389049,-6.856663e+04,7.774235e+04,6.438682e+04
507,7.992606e+02,miss,-4.454596,7.543727,-79.518858,-1.818643e+04,-2.731868e+04,1.176089e+05
508,8.002438e+02,hit,77.744218,13.218525,-13.457607,-1.202696e+05,8.934760e+03,1.956122e+04
509,8.003764e+02,miss,-65.035486,1.022639,46.576172,1.071589e+05,-1.272219e+02,-5.870841e+04
510,8.005153e+02,hit,1.625011,-77.980942,17.785724,2.711977e+04,1.162188e+05,-2.626805e+04
511,8.012093e+02,hit,-75.106395,22.973462,15.206888,1.020335e+05,-6.307475e+04,-2.357973e+04
512,8.023264e+02,miss,-72.588183,-24.593420,22.937293,1.027113e+05,4.909241e+04,-4.479306e+04
513,8.045629e+02,miss,-9.272370,31.938419,-72.759608,-1.316406e+03,-2.419320e+04,1.200865e+05
514,8.048351e+02,miss,18.110495,-20.205894,75.257769,2.822236e+03,3.440560e+04,-1.175635e+05
515,8.090333e+02,miss,15.880875,-16.828899,76.580585,1.567063e+03,9.709170e+03,-1.224519e+05
516,8.097310e+02,miss,1.798038,-36.418409,-71.207208,2.734463e+04,5.387782e+04,1.070218e+05
517,8.098828e+02,miss,-30.265000,43.637958,59.831082,1.754181e+04,-7.777303e+04,-9.354509e+04
518,8.107022e+02,miss,39.591269,24.896061,64.905451,-3.474936e+04,-5.402756e+04,-1.048610e+05
519,8.127983e+02,miss,-72.630780,2.401172,33.451520,1.079327e+05,-3.296277e+04,-4.924860e+04
520,8.133760e+02,miss,-33.270098,-71.348839,14.228271,2.604620e+04,1.175919e+05,-2.580606e+04
521,8.134976e+02,miss,-11.766939,-63.704099,-46.939609,2.983628e+04,8.191143e+04,8.703325e+04
522,8.147755e+02,miss,30.904055,-38.043255,-63.226973,-6.782811e+04,5.774388e+04,8.522500e+04
523,8.154756e+02,hit,-79.910395,-2.375902,-2.946839,1.231553e+05,5.559281e+03,3.636580e+03
524,8.167429e+02,miss,-14.424604,6.356751,-78.431642,2.632484e+04,-3.798085e+04,1.144529e+05
525,8.168768e+02,miss,-19.970323,0.712741,77.464045,5.506402e+04,-1.062486e+04,-1.099662e+05
526,8.171696e+02,hit,-20.943215,-77.176132,-2.286144,5.012010e+04,1.127923e+05,2.974010e+03
527,8.197014e+02,miss,-49.448177,54.560652,31.273200,9.545156e+04,-5.989831e+04,-5.090567e+04
528,8.202509e+02,miss,9.276875,6.388099,-79.203105,-3.659690e+04,9.590027e+03,1.177673e+05
529,8.209535e+02,miss,-35.617408,-29.842187,65.121764,2.677938e+04,5.786382e+04,-1.060575e+05
530,8.218091e+02,miss,-36.455526,40.292619,-58.715411,7.779397e+04,-4.240282e+04,8.648474e+04
531,8.230813e+02,miss,-18.194748,-47.725089,61.573265,3.567801e+04,8.655084e+04,-8.117435e+04
532,8.237851e+02,miss,20.962093,-51.799133,57.248934,-5.929415e+04,6.589095e+04,-8.665423e+04
533,8.239196e+02,miss,-7.294994,78.533531,13.389081,4.175621e+04,-1.147604e+05,-2.133910e+04
534,8.244891e+02,hit,62.843083,-37.830416,-31.931279,-8.356769e+04,6.751433e+04,6.194964e+04
535,8.246236e+02,miss,-22.266726,29.288277,-71.037946,5.797496e+04,-4.747632e+04,9.882770e+04
536,8.249178e+02,miss,20.306546,-25.095477,-73.197413,-5.172395e+02,4.141481e+04,1.169275e+05
537,8.274616e+02,miss,-44.610833,58.702632,-31.046330,5.719248e+04,-1.025939e+05,4.047799e+04
538,8.281672e+02,miss,-3.519646,79.836888,3.699102,2.998458e+04,-1.204196e+05,-6.938741e+03
539,8.288731e+02,miss,-63.967805,3.317369,47.928227,1.075524e+05,-9.410995e+03,-6.168621e+04
540,8.295792e+02,miss,-55.644362,-26.928708,-50.779421,9.374255e+04,1.144503e+04,8.096787e+04
541,8.300093e+02,hit,-8.876943,-76.367242,22.118866,3.221665e+04,1.122788e+05,-4.287220e+04
542,8.302857e+02,hit,-76.120866,-11.756846,-21.619211,1.188473e+05,-1.304923e+04,3.453497e+04
543,8.316996e+02,miss,-7.798430,57.560714,-55.008624,-1.690586e+04,-8.164595e+04,9.253180e+04
544,8.331334e+02,miss,15.622571,-23.134194,74.971624,-3.738490e+04,7.600238e+03,-1.186817e+05
545,8.332686e+02,miss,-13.229462,54.846840,56.716889,3.652460e+03,-9.781064e+04,-7.722051e+04
546,8.341185e+02,hit,79.305442,9.521185,4.471453,-1.241329e+05,8.808678e+03,-8.517457e+03
547,8.359672e+02,hit,-66.006052,44.980767,4.464499,1.116705e+05,-5.517285e+04,-8.903331e+03
548,8.375402e+02,miss,72.367019,23.562891,24.653697,-1.118371e+05,-4.615155e+04,-3.139183e+04
549,8.385279e+02,miss,-70.148404,33.866984,18.227144,1.186824e+05,-3.047404e+04,-2.504392e+04
550,8.396708e+02,miss,-77.243209,11.726986,-17.203619,1.231097e+05,-2.517988e+03,2.236865e+04
551,8.418040e+02,miss,-53.208481,49.683050,-33.173063,1.000474e+05,-5.144444e+04,5.519481e+04
552,8.425344e+02,miss,71.361493,28.074904,-22.788970,-9.614262e+04,-7.041541e+04,3.891496e+04
553,8.435251e+02,miss,19.112197,-43.969487,-64.042237,-9.507454e+03,8.521977e+04,9.155209e+04
554,8.443924e+02,miss,14.221694,64.711111,44.835426,-3.960759e+04,-1.030269e+05,-5.972817e+04
555,8.466557e+02,miss,27.569147,-5.165536,-74.921688,-4.081130e+04,-2.301774e+04,1.166088e+05
556,8.493882e+02,miss,13.978688,76.005420,20.682661,3.598495e+03,-1.197020e+05,-3.876140e+04
557,8.504017e+02,miss,-47.083713,18.767176,-61.894402,7.141474e+04,-5.482149e+04,8.807609e+04
558,8.511170e+02,miss,41.806500,12.735302,-67.007676,-8.225233e+04,-2.764910e+04,9.135799e+04
559,8.515526e+02,miss,52.993201,27.326962,53.338146,-9.282005e+04,-4.846114e+04,-7.014472e+04
560,8.522683e+02,miss,-13.313892,-16.125611,-77.218553,2.377158e+04,-6.111582e+03,1.236739e+05
561,8.528287e+02,miss,-10.963445,-0.672662,-79.242352,2.233644e+04,-2.891790e+04,1.207186e+05
562,8.544175e+02,hit,75.570653,-22.462770,-13.583088,-1.206810e+05,2.433729e+04,2.795653e+04
563,8.549785e+02,hit,-67.360015,41.653095,11.298144,9.116852e+04,-8.595097e+04,-1.577855e+04
564,8.555711e+02,miss,19.197989,-71.741929,-29.741096,-5.923773e+04,1.016117e+05,4.610038e+04
565,8.577244e+02,miss,-22.718405,-51.935746,-56.449556,1.151387e+04,7.336578e+04,1.023931e+05
566,8.594617e+02,miss,22.149572,-43.534919,63.356983,-1.050898e+04,5.669615e+04,-1.127252e+05
567,8.597430e+02,hit,-23.507514,64.268650,41.435943,6.908646e+03,-1.040157e+05,-7.190344e+04
568,8.601808e+02,miss,27.143316,33.142994,-67.563173,-5.131383e+04,-2.257946e+04,1.135884e+05
569,8.607437e+02,miss,34.016647,-35.669716,-63.012214,-4.514864e+04,7.831102e+04,8.879615e+04
570,8.619016e+02,miss,-17.970530,-8.348075,-77.507223,5.544701e+04,8.289050e+03,1.137290e+05
571,8.645017e+02,miss,13.086038,-30.396058,-72.834300,6.465196e+03,3.319622e+04,1.224013e+05
572,8.652229e+02,miss,-27.805997,-29.567947,-68.938835,1.655299e+04,3.755211e+04,1.202296e+05
573,8.656621e+02,miss,14.985934,-78.313784,-6.509460,-5.193801e+04,1.153742e+05,1.177929e+04
574,8.688525e+02,miss,70.944630,29.802555,21.878466,-1.071194e+05,-6.239918e+04,-2.896212e+04
575,8.689907e+02,hit,-50.286924,62.173267,-2.389601,5.456725e+04,-1.149744e+05,3.593520e+03
576,8.691354e+02,hit,74.313905,-24.274261,16.976566,-1.078296e+05,5.904468e+04,-3.314812e+04
577,8.692926e+02,miss,-7.431701,-31.914780,72.980933,2.067466e+04,2.119118e+04,-1.238496e+05
578,8.695755e+02,miss,-47.104269,14.596931,62.992995,5.105120e+04,-1.682262e+04,-1.154612e+05
579,8.697328e+02,hit,12.981046,-37.084620,69.686608,1.130799e+04,5.846913e+04,-1.125919e+05
580,8.704562e+02,miss,-53.901101,45.139372,38.172089,1.004633e+05,-4.391330e+04,-6.492841e+04
581,8.707393e+02,miss,30.370888,-72.253498,16.032503,-4.431964e+04,1.177092e+05,-2.055560e+04
582,8.746451e+02,hit,-52.338377,60.416890,-3.239400,8.828126e+04,-9.205685e+04,6.858232e+03
583,8.750866e+02,miss,41.467389,-67.843055,-8.819042,-7.273023e+04,1.044251e+05,1.135922e+04
584,8.753896e+02,miss,23.577006,13.654332,75.217578,-4.136767e+04,9.962434e+03,-1.204925e+05
585,8.758122e+02,miss,-23.136376,-8.790461,-76.075199,5.873197e+04,-4.278326e+03,1.134421e+05
586,8.768414e+02,miss,2.947833,44.483197,-66.427069,9.604772e+03,-8.696030e+04,9.328292e+04
587,8.772835e+02,miss,-52.999460,24.267263,-54.791945,9.198316e+04,-7.518309e+03,8.858255e+04
588,8.775677e+02,miss,-27.436827,-16.975542,-73.205543,3.240872e+04,-2.090318e+03,1.237534e+05
589,8.781489e+02,miss,-40.511697,13.872604,67.574797,3.840346e+04,-3.830047e+04,-1.159253e+05
590,8.782944e+02,hit,-73.750865,29.737411,8.746214,1.187268e+05,-4.406650e+04,-1.858039e+04
591,8.790213e+02,miss,-10.724353,18.044312,-77.197092,3.798998e+04,-4.886867e+03,1.221867e+05
592,8.803496e+02,miss,7.176006,9.375926,-79.123934,-3.439103e+04,6.187264e+03,1.232902e+05
593,8.816471e+02,miss,53.116296,-27.922536,-52.905492,-1.005167e+05,2.977022e+04,7.386348e+04
594,8.819320e+02,miss,30.347816,-33.910630,65.795739,-3.102488e+04,3.445159e+04,-1.195891e+05
595,8.834084e+02,miss,3.161231,20.116580,-77.364913,-3.383963e+04,-3.934996e+04,1.174096e+05
596,8.835477e+02,miss,-9.213899,46.876681,-64.169158,7.290084e+03,-5.060501e+04,1.177588e+05
597,8.842768e+02,miss,3.184226,16.619574,-78.189836,2.595910e+04,-1.947922e+04,1.242635e+05
598,8.867709e+02,miss,-74.452261,-16.104971,-24.443625,1.111264e+05,4.185931e+04,4.939631e+04
599,8.872155e+02,miss,-48.800899,-18.697378,-60.571283,5.333654e+04,4.498732e+04,1.080783e+05
600,8.873744e+02,miss,-58.238871,-26.120195,48.228304,1.022922e+05,4.439632e+04,-6.417004e+04
601,8.898536e+02,miss,-37.880169,-8.473514,-69.952072,3.365983e+04,3.634447e+03,1.243084e+05
602,8.933750e+02,miss,-3.293372,28.463938,-74.692422,1.856629e+04,-6.707902e+04,1.087205e+05
603,8.941081e+02,miss,-23.185231,-17.107200,-74.631017,5.411124e+03,2.746696e+04,1.260731e+05
604,8.960221e+02,miss,-9.208752,51.979068,-60.111358,3.283111e+04,-6.167917e+04,1.087733e+05
605,8.967564e+02,miss,-39.056895,51.905972,-46.693993,8.320831e+04,-7.398866e+04,6.579959e+04
606,8.979382e+02,miss,-26.177762,-19.613895,73.006985,1.767930e+04,5.237099e+04,-1.170226e+05
607,8.998563e+02,miss,0.546348,2.574255,-79.956705,1.930880e+04,2.030266e+04,1.264924e+05
608,9.001441e+02,miss,14.260162,-30.725945,-72.474576,4.317284e+03,3.416266e+04,1.249200e+05
609,9.003042e+02,miss,-0.647794,1.265839,79.987362,1.524402e+04,2.612067e+04,-1.260121e+05
610,9.042951e+02,miss,66.971791,16.173880,-40.659376,-1.047816e+05,-5.016664e+04,5.807133e+04
611,9.067977e+02,miss,65.108088,-3.643988,46.342833,-9.591619e+04,-2.134071e+04,-8.520266e+04
612,9.084360e+02,miss,68.568434,40.354061,8.361798,-9.673358e+04,-8.551493e+04,-1.658930e+04
613,9.087253e+02,miss,-68.460381,1.002593,-41.378389,1.007291e+05,2.042456e+04,7.992049e+04
614,9.094647e+02,miss,17.250312,-6.334546,77.860775,-9.418450e+03,3.649187e+04,-1.246765e+05
615,9.106548e+02,miss,14.249598,-78.231026,-8.766726,-1.668035e+04,1.287492e+05,1.149722e+04
616,9.111054e+02,hit,73.124289,32.446580,-0.240330,-1.166190e+05,-5.826593e+04,5.199811e+02
617,9.118458e+02,miss,-40.172760,13.547966,67.842479,4.231346e+04,-4.498300e+04,-1.148699e+05
618,9.131858e+02,miss,-68.382591,-9.959838,-40.306611,1.003998e+05,1.080484e+04,8.268690e+04
619,9.133274e+02,miss,-7.857029,-27.604949,-74.674185,3.968709e+04,2.661763e+04,1.214622e+05
620,9.157007e+02,miss,-11.602131,17.382043,-77.222116,-1.216743e+04,-3.741175e+04,1.246323e+05
621,9.166045e+02,miss,54.711944,-1.919194,-58.334552,-9.159345e+04,3.155177e+04,8.782306e+04
622,9.171855e+02,miss,29.552942,-39.660399,62.878266,-2.010295e+04,5.893763e+04,-1.150253e+05
623,9.176377e+02,miss,35.590587,-11.619037,70.698714,-7.259140e+04,-7.113050e+03,-1.086137e+05
624,9.180900e+02,miss,-57.932740,18.543924,-51.960759,9.566335e+04,2.283509e+03,8.926804e+04
625,9.188332e+02,miss,-39.676036,6.812039,-69.133265,8.385000e+04,-1.866038e+04,9.879425e+04
626,9.201784e+02,miss,-65.888618,-39.747813,-21.881531,1.076148e+05,6.891516e+04,2.888218e+04
627,9.203205e+02,miss,-22.575573,-52.036023,-56.414500,6.088631e+04,6.314199e+04,9.732948e+04
628,9.209224e+02,miss,-4.667682,-60.796401,51.788130,-1.003899e+04,1.084145e+05,-7.296452e+04
629,9.221201e+02,hit,79.126079,11.350890,3.197028,-1.307215e+05,9.494898e+03,-4.732290e+03
630,9.240638e+02,hit,-52.842301,57.140107,-18.512139,8.078402e+04,-1.005181e+05,2.463637e+04
631,9.242259e+02,miss,-48.675287,30.995714,55.407420,6.039873e+04,-7.621457e+04,-8.822280e+04
632,9.248094e+02,miss,72.257091,33.816017,5.948931,-1.009652e+05,-8.341812e+04,-9.912323e+03
633,9.249716e+02,hit,-48.408143,59.518383,22.676283,5.180147e+04,-1.149613e+05,-3.680134e+04
634,9.258473e+02,miss,10.846293,-11.125713,78.476598,2.503708e+03,4.245846e+04,-1.243430e+05
635,9.270481e+02,miss,12.776880,-40.494348,67.800879,-4.758726e+04,4.697300e+04,-1.132323e+05
636,9.301999e+02,miss,11.477949,8.027718,78.764284,6.417696e+03,-3.348269e+04,-1.272363e+05
637,9.325950e+02,miss,-5.368083,-20.479071,77.147854,1.038714e+04,8.389762e+02,-1.314817e+05
638,9.347128e+02,miss,70.322310,-23.904266,29.721351,-1.174727e+05,4.528477e+04,-3.981192e+04
639,9.372572e+02,miss,-10.528440,5.104433,79.139729,-1.417099e+04,1.586358e+03,-1.314522e+05
640,9.381715e+02,miss,40.554146,33.978677,-60.006756,-5.429412e+04,-8.027419e+04,9.004590e+04
641,9.384654e+02,hit,-71.573835,-9.602554,-34.423497,1.113803e+05,1.315156e+03,7.140194e+04
642,9.390732e+02,miss,75.010733,1.844149,-27.748677,-1.172228e+05,-2.552503e+04,5.589421e+04
643,9.396744e+02,miss,50.843812,-61.431016,6.413817,-1.040337e+05,8.092865e+04,-1.247560e+04
644,9.398249e+02,miss,24.829163,2.263497,76.015717,-3.640624e+04,2.867980e+04,-1.240280e+05
645,9.404263e+02,miss,11.078941,6.638137,78.950568,-5.224692e+03,1.943869e+04,-1.309082e+05
646,9.413291e+02,miss,-43.985081,54.856775,38.158182,9.392444e+04,-6.538255e+04,-6.680032e+04
647,9.417872e+02,hit,79.026464,-9.798137,7.669064,-1.229541e+05,4.790694e+04,-1.243842e+04
648,9.419508e+02,miss,-23.395851,49.163575,-58.613796,3.565893e+04,-9.734289e+04,8.260364e+04
649,9.420817e+02,miss,-72.904149,-19.236100,26.738689,1.252326e+05,2.428210e+04,-3.605782e+04
650,9.422454e+02,hit,0.766516,78.167091,-17.009361,-2.796639e+03,-1.272187e+05,3.719739e+04
651,9.429983e+02,miss,-53.582480,-59.141899,5.581540,8.379857e+04,1.025304e+05,-7.444231e+03
652,9.445050e+02,miss,27.754454,-57.624142,-48.053601,-7.362999e+04,7.800656e+04,7.817803e+04
653,9.458689e+02,miss,47.477922,59.378750,24.900020,-5.000209e+04,-1.149187e+05,-4.401277e+04
654,9.479818e+02,miss,-22.446076,67.570397,36.474856,6.400714e+04,-1.027605e+05,-5.501300e+04
655,9.481329e+02,miss,-39.898428,-30.538669,-62.253555,5.803819e+04,2.395042e+04,1.172340e+05
656,9.498081e+02,miss,0.067642,-55.984267,57.146804,3.247547e+04,8.565171e+04,-9.657252e+04
657,9.502682e+02,miss,50.449585,61.971123,-3.797284,-5.563265e+04,-1.207717e+05,6.702289e+03
658,9.505641e+02,miss,-8.525790,-7.143063,79.223024,2.637052e+04,-1.849230e+04,-1.292047e+05
659,9.513203e+02,miss,-17.887547,-77.886747,3.700046,6.050416e+03,1.329677e+05,-5.320112e+03
660,9.514848e+02,miss,-3.897549,34.530110,-72.058869,2.358296e+04,-2.991253e+04,1.276616e+05
661,9.516163e+02,miss,-0.306186,-2.509675,-79.960039,-7.781768e+03,-2.739866e+04,1.301523e+05
662,9.531299e+02,miss,60.103182,-3.166845,52.702738,-9.751313e+04,3.651102e+04,-8.328998e+04
663,9.538872e+02,miss,20.239882,-15.688553,75.790609,-5.082776e+04,4.605116e+04,-1.144073e+05
664,9.543483e+02,miss,31.301635,-51.030363,-53.067030,-2.210124e+04,8.662486e+04,9.904283e+04
665,9.560290e+02,hit,-18.336812,-73.280998,-26.337362,6.164709e+04,1.099810e+05,4.401101e+04
666,9.569392e+02,miss,-3.817703,25.210383,75.827843,-2.233692e+04,-5.402351e+04,-1.201360e+05
667,9.570842e+02,miss,-9.286036,29.478410,73.788840,-1.351237e+04,-3.313602e+04,-1.287333e+05
668,9.578631e+02,hit,44.419748,64.477700,16.416825,-9.562291e+04,-8.774934e+04,-3.199514e+04
669,9.581601e+02,hit,39.054898,69.535745,-6.284512,-4.906874e+04,-1.236286e+05,1.345873e+04
670,9.587673e+02,miss,4.023401,11.069114,79.128294,-1.536310e+04,-4.739410e+04,-1.241049e+05
671,9.589193e+02,miss,24.153019,46.308076,-60.598629,-3.522944e+04,-9.523615e+04,8.704045e+04
672,9.590845e+02,miss,-50.644694,51.445190,34.474736,1.051582e+05,-6.221940e+04,-5.441201e+04
673,9.592165e+02,hit,57.263910,47.580787,29.273081,-1.057414e+05,-5.680702e+04,-5.902827e+04
674,9.593817e+02,miss,-13.512540,53.172326,58.224695,-1.070421e+04,-9.140778e+04,-9.708625e+04
675,9.601414e+02,miss,71.530503,33.794323,-11.888264,-1.036729e+05,-8.139245e+04,2.317492e+04
676,9.606040e+02,miss,28.762544,-19.498287,-72.059232,-5.255448e+04,5.806033e+04,1.085612e+05
677,9.611989e+02,miss,33.621758,-67.639015,-26.354145,-6.466590e+04,1.116312e+05,3.586639e+04
678,9.613643e+02,miss,10.169466,55.892703,-56.325728,-6.092216e+02,-1.062128e+05,8.155463e+04
679,9.628856e+02,miss,-0.373391,-1.765760,79.979639,2.837466e+04,1.952611e+04,-1.295171e+05
680,9.642426e+02,hit,61.455706,-44.324762,-25.661484,-8.252420e+04,9.265202e+04,5.090907e+04
681,9.662503e+02,hit,-77.610665,19.399940,0.476425,1.291374e+05,-3.670065e+04,-6.409291e+02
682,9.700656e+02,miss,4.412973,-16.822061,78.086772,-1.512797e+04,5.609057e+04,-1.213259e+05
683,9.708295e+02,miss,53.635956,-42.163569,-41.778196,-9.016325e+04,8.135949e+04,5.796953e+04
684,9.709957e+02,miss,-37.813311,-12.209426,69.434022,6.781910e+04,-1.260534e+04,-1.155596e+05
685,9.714610e+02,miss,-23.027258,31.073650,70.029805,1.492295e+04,-7.304839e+04,-1.120815e+05
686,9.762059e+02,miss,-0.374532,2.022042,-79.973565,3.226682e+04,-1.128210e+04,1.305416e+05
687,9.769723e+02,miss,-43.627964,-4.517582,-66.904351,8.572899e+04,-1.745642e+04,1.028088e+05
688,9.774389e+02,miss,-8.972313,12.003871,78.583743,-1.699463e+04,-9.627093e+03,-1.336078e+05
689,9.777389e+02,miss,-75.308859,-18.313477,-19.829077,1.149498e+05,6.244305e+04,3.354909e+04
690,9.786728e+02,miss,-51.690633,39.853512,46.257713,7.153499e+04,-6.217191e+04,-9.629613e+04
691,9.805082e+02,miss,-9.652273,-36.282204,-70.643013,-8.631411e+03,4.078396e+04,1.286544e+05
692,9.817439e+02,miss,-67.993199,-33.696549,25.327207,1.242011e+05,3.979724e+04,-3.609837e+04
693,9.820446e+02,miss,-42.027784,23.861262,-63.751906,8.079049e+04,-7.883964e+03,1.083014e+05
694,9.843718e+02,miss,-6.756177,79.657278,3.011991,4.254705e+04,-1.285636e+05,-4.795023e+03
695,9.854426e+02,miss,-55.320785,-14.211266,-56.014736,7.112408e+04,2.540044e+04,1.125967e+05
696,9.859112e+02,miss,1.585395,44.694456,-66.331683,-2.945210e+04,-5.627513e+04,1.198176e+05
697,9.874519e+02,miss,5.225322,16.279893,-78.151526,2.426181e+04,-3.132811e+04,1.298045e+05
698,9.889937e+02,hit,-78.462352,8.509624,-13.086086,1.252185e+05,-4.660980e+04,2.441149e+04
699,9.910067e+02,miss,17.111271,23.888838,-74.407848,4.953024e+03,-4.318842e+04,1.288249e+05
700,9.911746e+02,miss,-49.883778,-8.047854,-62.022905,9.703386e+04,2.863367e+04,9.084763e+04
701,9.913088e+02,miss,14.283976,54.066887,57.207865,-7.188321e+03,-7.396005e+04,-1.138837e+05
702,9.922490e+02,miss,14.312804,-4.900880,-78.556508,-3.338598e+04,-2.347648e+04,1.297807e+05
703,9.925513e+02,miss,59.221484,12.469311,-52.319519,-1.126846e+05,-6.642710e+03,7.597693e+04
704,9.936469e+02,miss,9.824424,6.024766,-79.165541,-5.732265e+03,-4.095807e+04,1.297091e+05
705,9.941175e+02,miss,73.896463,-8.323240,29.496380,-1.209073e+05,-5.510352e+03,-6.240757e+04
706,9.945883e+02,hit,78.764101,-2.237125,-13.827929,-1.287766e+05,3.752955e+04,2.367588e+04
707,9.948909e+02,miss,-0.854260,0.538815,-79.993624,3.257237e+04,9.902074e+03,1.319055e+05
708,9.953618e+02,miss,4.687592,30.309199,-73.887610,2.634782e+03,-7.556675e+04,1.133560e+05
709,9.956646e+02,miss,47.378241,64.364712,3.533572,-5.073934e+04,-1.263264e+05,-6.297613e+03
710,9.959674e+02,miss,-60.151403,42.964589,30.591712,9.757222e+04,-6.735820e+04,-6.723604e+04
711,9.964386e+02,miss,-76.020761,5.714535,-24.252586,1.297881e+05,1.892949e+04,3.719757e+04
712,9.966069e+02,miss,17.715314,-49.388036,-60.390310,-4.904707e+04,9.104548e+04,8.885485e+04
713,9.975159e+02,miss,-23.186402,25.451422,72.212297,6.375102e+04,-4.957923e+04,-1.099306e+05
714,9.982905e+02,miss,-12.890723,-12.958695,-77.883897,4.720053e+04,3.677979e+04,1.226411e+05
715,9.994027e+02,miss,6.680763,-74.173006,-29.218702,1.092517e+04,1.292099e+05,4.275125e+04
716,9.995375e+02,miss,-63.699838,-27.345461,39.931897,1.007534e+05,7.023154e+04,-5.967440e+04
717,9.998408e+02,miss,4.108541,46.927463,-64.660136,-2.073974e+04,-9.518286e+04,9.571044e+04
718,1.000954e+03,miss,2.540798,-48.661486,63.447649,2.587183e+04,8.833542e+04,-1.009884e+05
719,1.001730e+03,hit,5.739436,79.783864,1.262522,-2.400152e+03,-1.366633e+05,-1.736152e+03
720,1.001885e+03,miss,-21.094772,9.498385,-76.581925,5.885887e+04,-3.186642e+04,1.192003e+05
721,1.002034e+03,miss,79.567176,-1.038064,8.245416,-1.320031e+05,-3.235698e+04,-1.481637e+04
722,1.002810e+03,miss,62.163302,13.903667,48.398470,-9.929862e+04,-5.395972e+04,-7.703195e+04
723,1.003587e+03,miss,-1.526797,-64.210624,-47.693445,-3.039892e+04,1.077688e+05,7.862619e+04
724,1.006548e+03,miss,-78.140987,-5.941499,16.083677,1.265652e+05,4.384382e+04,-2.888761e+04
725,1.008748e+03,miss,63.903751,39.316995,-27.757603,-8.962776e+04,-9.340522e+04,4.537494e+04
726,1.008884e+03,hit,18.648634,65.829533,-41.457220,-6.000187e+04,-9.562440e+04,7.794119e+04
727,1.009053e+03,miss,15.146994,12.555185,77.543123,-3.329487e+04,-5.035352e+04,-1.231999e+05
728,1.009358e+03,miss,-13.725223,15.561244,77.262319,5.017330e+04,-3.806659e+04,-1.219078e+05
729,1.010002e+03,miss,54.853361,33.889331,47.356331,-7.773268e+04,-5.310039e+04,-9.988951e+04
730,1.011866e+03,miss,65.413133,-9.008216,-45.166072,-1.158085e+05,-1.557263e+04,7.225367e+04
731,1.012803e+03,miss,9.813820,77.195457,18.562069,-4.060719e+04,-1.284031e+05,-2.749332e+04
732,1.013122e+03,miss,-53.859431,-45.964485,37.234765,6.637690e+04,1.014964e+05,-6.473572e+04
733,1.014059e+03,miss,15.347324,59.482883,-51.246914,1.286098e+03,-9.347252e+04,1.008803e+05
734,1.014228e+03,hit,-7.226610,-78.755258,12.057589,4.219703e+04,1.286738e+05,-2.410911e+04
735,1.016097e+03,miss,20.268066,3.337278,-77.317967,-5.747190e+04,1.492874e+04,1.242085e+05
736,1.016267e+03,hit,-75.616041,-19.158765,-17.752634,1.273052e+05,3.357353e+04,4.028666e+04
737,1.017355e+03,miss,-13.125149,-77.615874,-14.265573,-1.007451e+04,1.353979e+05,2.330284e+04
738,1.018137e+03,miss,-6.817460,62.285737,-49.739413,1.453283e+04,-8.876414e+04,1.044098e+05
739,1.018750e+03,miss,-10.346654,-44.030383,-65.986908,5.161932e+03,4.977379e+04,1.284486e+05
740,1.019396e+03,miss,3.173881,2.180135,-79.907281,-2.442506e+04,-3.058223e+04,1.322245e+05
741,1.020009e+03,miss,10.176857,3.664262,-79.265407,4.318371e+03,2.029490e+04,1.363674e+05
742,1.020793e+03,miss,-72.884204,31.540263,9.649075,1.330164e+05,-3.046764e+04,-2.048382e+04
743,1.021904e+03,miss,-25.820255,24.120273,-71.774138,1.365248e+04,-5.723415e+04,1.248992e+05
744,1.022688e+03,miss,-59.660852,52.176167,-10.873377,1.186689e+05,-6.873205e+04,1.643687e+04
745,1.023165e+03,miss,-20.704069,21.961183,-74.088109,2.237714e+04,-7.110762e+03,1.361403e+05
746,1.024735e+03,hit,12.479968,4.212723,78.908196,-4.627725e+04,1.343065e+04,-1.295870e+05
747,1.024905e+03,miss,18.545346,-76.696648,13.179314,-5.000982e+04,1.275002e+05,-1.899132e+04
748,1.025827e+03,miss,-23.330284,58.026640,49.885938,4.940567e+04,-1.074557e+05,-7.174601e+04
749,1.025998e+03,miss,20.625993,4.002384,77.191640,-4.433504e+04,2.512832e+04,-1.286130e+05
750,1.027741e+03,miss,26.193246,-1.799871,75.569004,-6.810583e+04,-1.432606e+04,-1.196962e+05
751,1.028048e+03,miss,12.285847,-31.634929,-72.445077,-5.245181e+04,4.353896e+04,1.205393e+05
752,1.028664e+03,miss,-10.418584,-19.157306,-76.970454,3.387007e+04,2.256846e+03,1.342973e+05
753,1.032463e+03,hit,68.278351,41.427698,4.670399,-1.289392e+05,-5.031997e+04,-1.007489e+04
754,1.033581e+03,miss,14.351626,-15.221000,77.216268,-5.119162e+03,-2.048809e+03,-1.387421e+05
755,1.033889e+03,miss,-2.657766,-34.608761,-72.077527,3.456305e+04,6.726028e+04,1.164773e+05
756,1.036428e+03,miss,-3.974262,-44.821528,-66.145565,-2.645168e+04,6.777857e+04,1.184873e+05
757,1.036737e+03,hit,51.721547,57.334315,-20.920275,-1.069316e+05,-7.756021e+04,4.345907e+04
758,1.036908e+03,miss,1.231947,-30.365797,74.002707,3.181219e+04,4.690606e+04,-1.270025e+05
759,1.037217e+03,miss,1.339425,-49.865449,-62.543129,2.654627e+04,9.334077e+04,9.965138e+04
760,1.038626e+03,miss,-22.818388,-47.973759,59.815045,6.565714e+03,9.335643e+04,-1.030308e+05
761,1.039107e+03,miss,3.829728,-49.790714,62.499744,-1.775744e+04,6.048706e+04,-1.241323e+05
762,1.039416e+03,miss,-4.831449,6.712030,79.571388,1.461609e+04,-4.346374e+04,-1.314758e+05
763,1.041019e+03,miss,-4.128006,-47.340580,64.357044,-2.737305e+04,7.801146e+04,-1.121759e+05
764,1.043566e+03,miss,-26.026614,-10.319694,74.940772,6.558035e+04,-6.600067e+03,-1.229703e+05
765,1.044049e+03,miss,-17.185330,45.104799,63.798288,9.342483e+03,-9.675933e+04,-1.001268e+05
766,1.045772e+03,miss,-7.661151,42.272833,-67.485660,1.529010e+04,-9.402472e+04,1.021408e+05
767,1.047048e+03,miss,-56.309816,44.167500,-35.755232,1.164387e+05,-5.105879e+04,5.801731e+04
768,1.047221e+03,miss,-42.034702,5.436112,-67.849337,9.345862e+04,-1.442823e+04,1.029151e+05
769,1.047531e+03,miss,-14.118965,2.949869,78.688964,5.557781e+04,-4.486047e+03,-1.281834e+05
770,1.051041e+03,miss,-58.870770,-27.368116,-46.746322,1.074510e+05,5.874983e+04,6.788365e+04
771,1.051352e+03,miss,-65.870955,29.291454,34.684694,1.198377e+05,-5.304516e+04,-4.935988e+04
772,1.053600e+03,miss,38.722379,4.616679,-69.851726,-3.635538e+04,-6.119220e+03,1.352554e+05
773,1.057099e+03,miss,18.695504,29.809608,71.846123,-4.183607e+04,-7.448393e+04,-1.114466e+05
774,1.058867e+03,miss,-11.011028,-65.802796,44.144641,5.227836e+04,1.067947e+05,-7.492210e+04
775,1.059180e+03,miss,63.434857,27.380631,-40.327657,-1.169244e+05,-5.219884e+04,5.797623e+04
776,1.061596e+03,miss,2.337348,7.985997,-79.566077,1.756032e+04,-3.936321e+04,1.339572e+05
777,1.062083e+03,miss,-27.746579,5.308327,-74.846169,1.841524e+04,6.886727e+03,1.393732e+05
778,1.062708e+03,miss,76.744780,22.281577,-3.710814,-1.217549e+05,-7.042499e+04,6.258580e+03
779,1.064308e+03,miss,1.485365,38.495249,70.113547,3.123921e+04,-6.874434e+04,-1.189591e+05
780,1.064795e+03,miss,11.395914,68.624632,39.506873,-5.046357e+04,-1.150644e+05,-6.384069e+04
781,1.066222e+03,miss,-54.031966,-5.102418,-58.775097,9.977198e+04,3.619183e+04,9.286730e+04
782,1.066709e+03,miss,-31.585873,-29.232553,-67.437308,7.835834e+04,2.647965e+04,1.142652e+05
783,1.069937e+03,miss,-13.347483,-58.904528,-52.460474,-1.177126e+04,1.025141e+05,9.648955e+04
784,1.070578e+03,miss,18.905591,-4.778998,77.586982,-6.317485e+04,9.340456e+03,-1.260619e+05
785,1.070739e+03,miss,45.997752,-43.737021,-48.695788,-1.010925e+05,6.464566e+04,7.466018e+04
786,1.071228e+03,miss,-9.840916,11.596748,-78.540893,3.091376e+04,-4.846780e+04,1.291403e+05
787,1.071381e+03,miss,46.312599,-61.687451,-21.208526,-1.052321e+05,8.466319e+04,4.175185e+04
788,1.071542e+03,miss,-60.314828,-26.580447,-45.338740,8.475292e+04,6.180482e+04,9.478910e+04
789,1.072030e+03,miss,42.992183,4.200117,67.335215,-6.012878e+04,2.359303e+04,-1.257970e+05
790,1.072519e+03,miss,-48.738625,30.358704,55.703640,5.862870e+04,-6.053972e+04,-1.135945e+05
791,1.073148e+03,miss,72.994474,-26.534176,-19.176660,-1.346681e+05,1.719178e+04,3.983437e+04
792,1.073497e+03,miss,-25.306398,-6.873797,75.580005,4.146865e+04,4.530696e+04,-1.274832e+05
793,1.073812e+03,miss,41.198768,15.448807,-66.813142,-4.249087e+04,-4.099076e+04,1.286254e+05
794,1.075105e+03,miss,-58.540033,3.378012,-54.421077,8.279701e+04,-2.249351e+04,1.126633e+05
795,1.079444e+03,miss,-38.664885,-28.273373,64.075292,4.093171e+04,7.258987e+04,-1.148503e+05
796,1.079935e+03,miss,35.718885,-37.429787,-61.017803,-8.489485e+04,3.852801e+04,1.070181e+05
797,1.080412e+03,miss,-58.218546,-9.207314,-54.090908,8.426679e+04,4.369903e+04,1.055596e+05
798,1.080587e+03,miss,-31.316963,-9.891202,-72.948009,2.645513e+04,3.357708e+02,1.394869e+05
799,1.081547e+03,miss,37.399313,64.313216,-29.412611,-5.870196e+04,-1.220851e+05,4.270622e+04
800,1.083182e+03,miss,19.117157,59.417783,-50.040597,-2.371906e+04,-1.184613e+05,7.489540e+04
801,1.083323e+03,miss,-5.654768,65.921846,44.970366,-1.553589e+04,-1.225859e+05,-7.027760e+04
802,1.085289e+03,miss,59.470953,32.978300,-42.138313,-9.945389e+04,-7.908887e+04,6.401695e+04
803,1.085429e+03,miss,3.880434,-3.719050,-79.819239,2.521486e+04,-7.722424e+03,1.398266e+05
804,1.085745e+03,miss,9.845155,5.871675,79.174468,-4.842398e+04,1.577273e+03,-1.338112e+05
805,1.086729e+03,miss,59.762767,-16.930472,50.415978,-9.398272e+04,6.242708e+04,-8.684052e+04
806,1.086905e+03,miss,5.163234,26.637847,-75.257997,-3.240170e+04,-6.523335e+04,1.223486e+05
807,1.088030e+03,miss,-15.564925,10.518212,77.763104,2.349727e+04,-5.123876e+04,-1.308354e+05
808,1.088523e+03,miss,-9.450744,-4.837304,79.292395,-3.059654e+03,3.711593e+04,-1.375415e+05
809,1.089649e+03,miss,-15.993452,-4.483556,-78.256675,5.642796e+04,-7.761432e+03,1.306953e+05
810,1.089811e+03,miss,55.696372,-28.066579,-50.101709,-7.377505e+04,7.054522e+04,9.954526e+04
811,1.090797e+03,miss,71.080664,17.465298,32.287807,-1.143117e+05,-4.593485e+04,-7.190174e+04
812,1.091924e+03,miss,-51.961502,-50.900772,-33.303360,1.108446e+05,7.369318e+04,5.148645e+04
813,1.092100e+03,miss,6.510756,44.786702,65.967882,-5.017856e+03,-5.089489e+04,-1.332512e+05
814,1.092241e+03,miss,33.070572,40.145552,-60.783813,-6.160604e+04,-4.077120e+04,1.221326e+05
815,1.094039e+03,miss,3.507865,73.454421,-31.498299,-3.689660e+03,-1.230893e+05,7.240810e+04
816,1.094215e+03,hit,-69.999728,38.380501,-5.193770,1.045710e+05,-9.692493e+04,9.015011e+03
817,1.094850e+03,miss,9.787594,-31.700733,-72.796061,-4.749680e+04,3.740372e+04,1.294900e+05
818,1.096156e+03,hit,-51.621828,42.368439,44.046592,6.637496e+04,-8.665096e+04,-9.237414e+04
819,1.096791e+03,miss,5.497971,8.487279,-79.358291,-4.352567e+04,-1.225416e+04,1.356990e+05
820,1.097145e+03,miss,44.314827,44.417122,-49.631798,-9.619706e+04,-4.832206e+04,9.421546e+04
821,1.097286e+03,miss,70.067978,37.178251,-10.404621,-1.053874e+05,-9.450901e+04,2.072729e+04
822,1.097625e+03,miss,-15.563008,71.349167,-32.666331,5.674338e+03,-1.339378e+05,5.002881e+04
823,1.097780e+03,miss,-45.969363,22.743114,61.396811,9.355819e+04,-5.428325e+04,-9.368832e+04
824,1.098098e+03,hit,10.498626,-73.936441,28.691141,-8.545899e+03,1.365645e+05,-4.195639e+04
825,1.098275e+03,miss,-22.943247,-58.157865,-49.912626,4.379768e+04,8.301245e+04,1.080612e+05
826,1.099746e+03,miss,-46.167056,-57.023423,-31.889374,5.811674e+04,1.202558e+05,5.171998e+04
827,1.100715e+03,miss,-70.899677,24.525913,27.779766,1.244934e+05,-3.103036e+04,-6.380081e+04
828,1.102187e+03,miss,1.189190,-1.331120,-79.980085,2.289160e+04,-2.214098e+04,1.398043e+05
829,1.103001e+03,miss,52.158698,8.878544,-60.005347,-1.017492e+05,1.504067e+04,9.997786e+04
830,1.103320e+03,hit,70.365081,-36.734127,9.967915,-1.213635e+05,7.276702e+04,-2.358996e+04
831,1.104631e+03,miss,-32.763095,57.880505,44.457021,6.335109e+04,-1.108459e+05,-6.561191e+04
832,1.104808e+03,hit,-69.761817,30.023051,25.137726,1.164775e+05,-6.030031e+04,-5.835465e+04
833,1.105127e+03,miss,-29.815940,0.338178,-74.235405,5.500133e+04,3.379042e+04,1.282474e+05
834,1.105623e+03,miss,-31.726369,31.143714,66.509447,6.505906e+04,-2.145892e+04,-1.262158e+05
835,1.106262e+03,miss,-16.986998,-45.623789,-63.481586,-5.215045e+03,7.993629e+04,1.192414e+05
836,1.107255e+03,miss,-0.682520,3.851378,-79.904324,1.975607e+04,2.309220e+04,1.404652e+05
837,1.108071e+03,hit,-9.938839,-72.662136,-31.959872,4.092500e+04,1.190216e+05,6.948569e+04
838,1.109882e+03,miss,-4.481117,-44.041790,66.635129,1.179243e+04,9.917210e+04,-1.035803e+05
839,1.112178e+03,miss,-79.333903,2.668200,-9.950507,1.428185e+05,-1.186744e+04,1.441928e+04
840,1.112676e+03,miss,-19.377116,-1.151351,77.609289,4.417808e+04,3.435215e+04,-1.327531e+05
841,1.112996e+03,miss,26.216402,-23.625665,-71.795043,-4.764314e+04,6.908446e+03,1.358070e+05
842,1.113494e+03,miss,15.168922,9.154761,78.013423,-4.022154e+04,1.641303e+04,-1.374164e+05
843,1.115131e+03,miss,28.902555,41.217510,62.175229,-3.272919e+04,-9.679199e+04,-1.017893e+05
844,1.117091e+03,miss,67.989383,3.099601,42.045644,-1.118531e+05,-3.884901e+04,-8.256594e+04
845,1.117754e+03,miss,9.413371,52.773099,-59.383402,2.993893e+02,-1.103176e+05,9.316545e+04
846,1.118730e+03,miss,-45.929323,-43.583131,48.897935,9.336695e+04,8.238808e+04,-7.323189e+04
847,1.119073e+03,miss,14.306688,-74.861839,-24.310980,-5.492464e+04,1.276990e+05,3.937931e+04
848,1.119230e+03,miss,14.283366,-72.412573,-30.861055,-5.788774e+04,1.173047e+05,6.136800e+04
849,1.120393e+03,miss,73.343086,19.483388,-25.321718,-1.208549e+05,-6.672660e+04,4.290411e+04
850,1.121536e+03,miss,-0.079983,27.719149,75.044270,-9.831493e+03,-1.607811e+04,-1.434059e+05
851,1.123036e+03,hit,74.218947,20.161191,22.024403,-1.384115e+05,-2.724619e+04,-3.237754e+04
852,1.124358e+03,miss,42.981767,-63.399651,-23.087918,-6.786078e+04,1.232789e+05,3.420967e+04
853,1.125503e+03,miss,1.721041,8.599259,-79.517864,3.114303e+04,-5.547742e+03,1.413993e+05
854,1.126147e+03,hit,30.152537,-70.182710,-23.774181,-4.263454e+04,1.268360e+05,5.568992e+04
855,1.127972e+03,miss,-19.460018,0.988785,-77.590786,1.225425e+04,2.638143e+04,1.421068e+05
856,1.130122e+03,miss,-5.854017,-3.331105,-79.715960,4.144561e+04,2.027799e+04,1.376650e+05
857,1.132116e+03,miss,-16.639136,48.102799,61.719202,3.914084e+04,-5.822974e+04,-1.272599e+05
858,1.132439e+03,miss,32.676363,-20.509643,70.082878,-7.676213e+04,5.271653e+04,-1.115901e+05
859,1.132941e+03,miss,-2.125743,-60.908030,51.823674,-2.034329e+04,9.409063e+04,-1.089324e+05
860,1.134413e+03,miss,-25.067782,12.555757,74.926359,7.427306e+04,-1.978487e+04,-1.235018e+05
861,1.135922e+03,miss,1.843341,3.263933,-79.912132,-2.364408e+03,-4.067217e+04,1.397461e+05
862,1.136066e+03,miss,13.553074,9.938096,78.214758,1.167749e+04,-1.427969e+04,-1.443994e+05
863,1.137072e+03,miss,58.818049,-24.395022,-48.428504,-8.469243e+04,7.274020e+04,9.352158e+04
864,1.137252e+03,miss,-24.483938,14.055275,-74.853096,7.090722e+04,-3.409957e+04,1.225682e+05
865,1.137576e+03,miss,-6.308287,3.656579,79.667025,2.623115e+04,2.555674e+04,-1.409908e+05
866,1.138907e+03,miss,-13.898973,7.865558,-78.389741,5.163095e+04,7.542967e+03,1.360948e+05
867,1.139231e+03,miss,-36.939454,22.915759,67.159100,6.312830e+04,-7.070041e+04,-1.107554e+05
868,1.140404e+03,miss,46.140680,-19.302877,62.437462,-9.946008e+04,5.841512e+03,-1.065174e+05
869,1.141233e+03,miss,31.708287,12.159686,-72.434291,-4.999113e+04,-5.533002e+04,1.254086e+05
870,1.141391e+03,miss,-35.047414,-54.558777,-46.851026,9.139634e+04,8.155414e+04,7.928695e+04
871,1.142890e+03,miss,-8.045760,-16.981248,77.761835,4.716803e+03,-4.199463e+03,-1.458728e+05
872,1.143539e+03,miss,40.479145,-1.722037,68.981689,-5.514264e+04,-2.776312e+04,-1.323607e+05
873,1.144044e+03,miss,-23.485883,22.106668,-73.210030,7.032275e+04,-2.071152e+04,1.263567e+05
874,1.145379e+03,miss,-18.422940,-26.722424,73.119815,5.647304e+04,6.277328e+04,-1.193126e+05
875,1.145703e+03,hit,-39.635890,-52.930815,-45.025827,8.457868e+04,7.039057e+04,9.624368e+04
876,1.151218e+03,miss,-19.650282,12.832099,-76.480087,5.912689e+04,-4.172826e+04,1.274239e+05
877,1.152050e+03,hit,-58.472762,-52.311399,15.635014,1.251051e+05,7.203343e+04,-2.548551e+04
878,1.152376e+03,hit,-32.816005,8.114223,72.507028,8.164796e+04,-2.957351e+04,-1.181300e+05
879,1.152557e+03,miss,60.714933,31.871493,-41.205641,-8.715132e+04,-8.442961e+04,8.231256e+04
880,1.152882e+03,miss,27.160101,-59.615815,-45.916049,-2.369068e+04,1.234329e+05,7.555272e+04
881,1.153715e+03,miss,-5.301198,-13.577162,78.661032,3.947855e+04,4.590063e+03,-1.412128e+05
882,1.154730e+03,miss,26.828875,-54.782782,-51.759621,-7.935198e+04,8.575401e+04,8.882069e+04
883,1.154874e+03,hit,67.919421,37.099341,20.263050,-1.304071e+05,-6.022503e+04,-3.015349e+04
884,1.155382e+03,miss,7.196855,7.149589,79.354197,1.240292e+04,-3.787377e+04,-1.412923e+05
885,1.155708e+03,miss,35.819844,17.315925,-69.405313,-7.667657e+04,2.762025e+03,1.251836e+05
886,1.155889e+03,miss,14.807337,-26.641673,73.965965,-1.878703e+04,7.729880e+04,-1.234228e+05
887,1.157231e+03,miss,4.626895,-70.451505,37.618842,-4.253621e+04,1.187671e+05,-7.530808e+04
888,1.158233e+03,miss,49.096656,50.003075,-38.590295,-1.125331e+05,-6.873989e+04,6.493129e+04
889,1.159067e+03,miss,-46.005098,24.857295,-60.544578,1.052784e+05,-2.903091e+04,9.845897e+04
890,1.159408e+03,miss,-20.321052,-8.806248,76.873304,1.603457e+03,2.521393e+04,-1.448743e+05
891,1.161428e+03,miss,20.387454,-3.665996,77.271678,-1.303210e+04,-2.091623e+04,-1.451111e+05
892,1.161573e+03,miss,-49.059525,51.124483,-37.140950,9.332618e+04,-7.554527e+04,8.514925e+04
893,1.163246e+03,miss,-69.054867,-4.212607,-40.170627,1.141205e+05,3.499853e+04,8.631371e+04
894,1.163282e+03,miss,8.662050,-20.185319,-76.925430,-3.155143e+04,6.298033e+04,1.293720e+05
895,1.164774e+03,miss,-54.327053,-40.569284,42.458267,9.603542e+04,9.070510e+04,-6.539675e+04
896,1.165429e+03,hit,3.471482,73.685065,-30.959005,-1.387301e+04,-1.272441e+05,7.318232e+04
897,1.165793e+03,miss,64.248944,39.835426,-26.176554,-9.707420e+04,-9.531226e+04,5.690464e+04
898,1.166630e+03,miss,-74.912193,22.469285,-16.831357,1.440256e+05,-1.778654e+04,2.649256e+04
899,1.167468e+03,miss,51.148328,19.161388,-58.452457,-9.941348e+04,1.350787e+03,1.090521e+05
900,1.167614e+03,miss,13.726155,-78.468016,-7.373131,-5.799235e+04,1.351151e+05,1.267826e+04
901,1.168474e+03,miss,-52.405821,-34.561169,-49.589874,1.080385e+05,6.596084e+04,7.597908e+04
902,1.168802e+03,miss,0.680655,2.600051,-79.954840,1.103563e+03,3.132530e+04,1.442900e+05
903,1.171829e+03,miss,-4.058066,-0.838095,79.892614,4.105282e+04,-9.140108e+03,-1.417381e+05
904,1.172341e+03,miss,1.801416,-1.345548,-79.968396,-2.406075e+04,-2.679031e+04,1.434276e+05
905,1.173180e+03,miss,50.011917,20.543270,58.964245,-8.791900e+04,-3.231458e+03,-1.189268e+05
906,1.173363e+03,miss,70.927479,9.197189,35.842775,-1.373179e+05,-9.241674e+03,-5.427313e+04
907,1.173692e+03,miss,44.482379,-45.429233,-48.554122,-7.193319e+04,6.797022e+04,1.099953e+05
908,1.174678e+03,hit,-79.200221,7.766350,8.185888,1.398994e+05,-4.635323e+04,-1.382918e+04
909,1.175373e+03,miss,4.534705,63.367694,48.620694,1.911485e+04,-1.232640e+05,-7.978259e+04
910,1.177384e+03,miss,39.247200,-31.140994,-62.369029,-4.069650e+04,5.817923e+04,1.300813e+05
911,1.177896e+03,miss,1.993977,22.040184,-76.878179,1.713568e+04,-1.014986e+04,1.468846e+05
912,1.178079e+03,miss,55.636675,0.357170,57.484196,-1.136544e+05,2.117922e+04,-9.278619e+04
913,1.180093e+03,miss,-19.044463,39.592954,66.855863,6.527130e+04,-5.198221e+04,-1.226793e+05
914,1.181104e+03,miss,3.468672,4.020281,-79.823591,2.891306e+04,-1.597388e+04,1.447081e+05
915,1.184001e+03,miss,-20.118292,-31.547598,70.710702,4.506910e+04,8.187306e+04,-1.155473e+05
916,1.185836e+03,miss,35.388327,21.536644,68.438581,-9.128552e+04,-3.154172e+04,-1.131013e+05
917,1.188224e+03,miss,-64.433012,-43.191252,-19.567902,9.789453e+04,1.068789e+05,3.402851e+04
918,1.188886e+03,miss,-6.642399,-12.021573,78.812184,3.645867e+04,-5.382611e+03,-1.442862e+05
919,1.191262e+03,miss,-38.735151,19.450763,-67.240285,6.632138e+04,-6.755746e+04,1.151456e+05
920,1.192992e+03,miss,31.840439,-32.580615,65.762375,-8.674104e+04,4.254677e+04,-1.136622e+05
921,1.193471e+03,miss,-11.908700,-5.831346,-78.893462,1.903026e+04,-2.604374e+04,1.456772e+05
922,1.195019e+03,miss,-4.499676,-51.580851,60.984988,4.050103e+04,9.854779e+04,-1.045903e+05
923,1.195166e+03,miss,-12.372825,-31.429540,-72.519633,-1.435881e+04,5.716000e+04,1.371876e+05
924,1.195351e+03,miss,-0.663637,-18.372695,77.858870,4.768206e+03,-2.958953e+03,-1.492174e+05
925,1.196715e+03,miss,-11.526387,-59.250046,-52.503090,8.667182e+03,1.238907e+05,8.305873e+04
926,1.198929e+03,miss,29.219409,-5.110427,-74.297440,-1.840710e+04,8.811693e+03,1.481472e+05
927,1.199594e+03,hit,-20.425306,77.274271,3.390269,2.989464e+03,-1.493878e+05,-7.129240e+03
928,1.201131e+03,miss,0.516196,-16.858760,78.201763,3.184449e+04,4.413752e+04,-1.394380e+05
929,1.201648e+03,hit,-19.517018,-74.997836,19.859773,7.030048e+04,1.272557e+05,-3.575761e+04
930,1.203201e+03,miss,-60.397971,-15.493761,-50.120140,1.032229e+05,1.815742e+02,1.085760e+05
931,1.203534e+03,miss,46.714923,46.421708,-45.417409,-5.804517e+04,-9.692680e+04,9.841707e+04
932,1.203867e+03,miss,-47.085118,-49.591825,41.516774,6.797166e+04,9.292163e+04,-9.592496e+04
933,1.204200e+03,miss,-74.193451,-27.813808,11.032856,1.212585e+05,8.539449e+04,-2.159980e+04
934,1.204533e+03,miss,16.703286,-29.755673,-72.357447,-5.377272e+04,2.557024e+04,1.375618e+05
935,1.204570e+03,miss,-39.479125,2.394560,69.538944,9.273000e+04,1.650576e+04,-1.166104e+05
936,1.207273e+03,miss,-30.246989,-60.186096,-43.159628,4.216609e+04,1.266954e+05,6.848351e+04
937,1.208481e+03,hit,38.844132,69.935183,0.451214,-4.784646e+04,-1.423091e+05,-1.043401e+03
938,1.209334e+03,miss,47.776153,44.611638,-46.122023,-8.682844e+04,-9.894455e+04,7.231147e+04
939,1.209682e+03,miss,-26.342250,70.382681,27.429256,7.178564e+04,-1.244520e+05,-4.385395e+04
940,1.210372e+03,miss,-56.492636,-56.319578,-6.057004,1.141514e+05,9.727277e+04,9.219223e+03
941,1.211389e+03,miss,-23.148005,67.273932,-36.583986,2.355752e+04,-1.364748e+05,5.844778e+04
942,1.211560e+03,miss,11.493134,-29.110930,-73.623784,-6.439439e+03,8.149098e+04,1.261643e+05
943,1.211745e+03,miss,-57.501567,33.089336,-44.706438,1.091823e+05,-3.222778e+04,9.820252e+04
944,1.212747e+03,miss,-1.034885,1.647106,79.976347,2.659829e+04,-2.953490e+04,-1.450588e+05
945,1.213973e+03,miss,-4.618022,-9.241045,-79.330177,4.122772e+04,8.844301e+02,1.447211e+05
946,1.214828e+03,miss,-29.307753,55.145743,50.000027,4.306748e+04,-1.200177e+05,-8.000978e+04
947,1.215497e+03,miss,-43.066948,-41.047589,-53.482085,1.049056e+05,5.944512e+04,9.018988e+04
948,1.215683e+03,miss,-8.843232,36.855141,-70.452082,2.777022e+04,-9.128873e+04,1.164979e+05
949,1.217207e+03,hit,-66.803405,-43.043960,9.193617,1.243722e+05,8.189516e+04,-2.301644e+04
950,1.218770e+03,miss,51.513480,43.700391,-42.856006,-6.864560e+04,-9.650074e+04,9.332504e+04
951,1.218919e+03,miss,39.591309,-0.009425,69.516388,-4.105378e+04,3.872446e+03,-1.450398e+05
952,1.219798e+03,miss,41.671173,-14.154400,-66.806933,-6.281929e+04,-5.164654e+03,1.370416e+05
953,1.220133e+03,miss,-4.337451,-5.819015,-79.670105,3.535026e+04,-1.368512e+04,1.460229e+05
954,1.220483e+03,miss,-40.523774,-38.868670,56.982895,4.963938e+04,9.790815e+04,-1.035184e+05
955,1.222704e+03,miss,34.551198,66.497015,28.006459,-8.217496e+04,-1.188291e+05,-4.398272e+04
956,1.225278e+03,miss,8.370525,52.639243,59.657727,1.948037e+04,-1.047177e+05,-1.072861e+05
957,1.225465e+03,miss,-32.853312,-14.394311,71.508487,2.623763e+04,3.222801e+04,-1.453685e+05
958,1.227706e+03,miss,31.787204,-57.086459,-46.159614,-6.752075e+04,8.499747e+04,1.054383e+05
959,1.228737e+03,hit,77.999073,17.470473,-3.305620,-1.510280e+05,-9.082869e+03,5.303140e+03
960,1.228901e+03,miss,-25.406165,-37.447284,-65.971416,1.675448e+04,8.984997e+04,1.207039e+05
961,1.229425e+03,hit,73.861780,30.518695,3.612016,-1.497280e+05,-2.145297e+04,-7.363686e+03
962,1.230285e+03,miss,-56.611326,-40.628865,39.299531,9.228478e+04,1.007938e+05,-6.536884e+04
963,1.231505e+03,miss,-77.191482,-2.834654,20.819218,1.408414e+05,2.540059e+04,-4.990199e+04
964,1.232530e+03,miss,21.722422,-48.929477,-59.447814,-6.112209e+04,9.948638e+04,9.673359e+04
965,1.233226e+03,miss,-14.288776,3.908202,-78.616518,-3.901218e+03,1.468674e+04,1.509070e+05
966,1.233900e+03,hit,-76.815830,-22.155759,-2.906999,1.369085e+05,6.499642e+04,6.923249e+03
967,1.235137e+03,miss,45.938233,5.334303,-65.278051,-1.039317e+05,-2.580142e+04,1.075730e+05
968,1.236861e+03,miss,2.390278,-0.495358,79.962749,1.478135e+04,3.246278e+04,-1.476459e+05
969,1.238061e+03,miss,-40.140276,-3.836994,69.094397,6.072243e+04,-2.728725e+04,-1.366097e+05
970,1.239623e+03,miss,-35.446620,41.054618,-58.805233,9.472264e+04,-6.106452e+04,1.020877e+05
971,1.240651e+03,miss,-76.138024,-12.050742,-21.395814,1.382921e+05,5.220605e+04,3.594660e+04
972,1.241350e+03,miss,32.764382,26.824420,67.874485,-5.422959e+04,-8.068472e+04,-1.170662e+05
973,1.242214e+03,miss,22.450959,-8.742616,-76.285786,-6.644314e+03,5.699679e+03,1.519699e+05
974,1.243944e+03,miss,-4.695731,-10.333984,79.190649,8.417859e+03,5.440519e+04,-1.420315e+05
975,1.244132e+03,miss,-17.523513,23.541101,-74.422732,5.616675e+04,-6.219121e+04,1.272195e+05
976,1.245185e+03,hit,75.919934,17.806000,-17.863649,-1.493360e+05,-3.513916e+03,3.022083e+04
977,1.245712e+03,hit,-3.226115,78.362540,15.776708,-2.204056e+04,-1.463045e+05,-3.668715e+04
978,1.247067e+03,miss,14.695676,28.173327,73.418668,-5.996347e+04,-5.635212e+04,-1.284166e+05
979,1.247933e+03,miss,6.746442,13.175041,78.618724,-4.728957e+04,-1.263425e+04,-1.445069e+05
980,1.249689e+03,hit,-61.269347,50.415358,10.215616,9.002000e+04,-1.214044e+05,-2.163996e+04
981,1.250194e+03,hit,65.670429,5.049360,-45.408134,-1.345617e+05,1.974273e+03,7.217751e+04
982,1.251778e+03,miss,41.972403,-37.131767,-57.092462,-9.564575e+04,7.575649e+04,9.199308e+04
983,1.252291e+03,miss,60.903812,-51.485497,6.322131,-1.297813e+05,8.008281e+04,-1.014967e+04
984,1.252480e+03,miss,35.039850,-11.336499,-71.018960,-9.236883e+04,8.491323e+03,1.214861e+05
985,1.253688e+03,miss,34.973551,33.939511,63.442575,-3.104549e+04,-7.173945e+04,-1.314349e+05
986,1.254383e+03,miss,-2.802075,-79.744656,5.739178,-2.667648e+04,1.500554e+05,-1.304669e+04
987,1.258222e+03,hit,-33.109139,60.093305,41.140972,2.688448e+04,-1.251342e+05,-8.419477e+04
988,1.261174e+03,miss,-43.083018,59.468273,31.739220,1.090507e+05,-8.638241e+04,-6.458463e+04
989,1.261879e+03,miss,-14.308472,-54.695966,56.600521,5.460204e+04,8.067139e+04,-1.185286e+05
990,1.262235e+03,hit,57.645082,54.487876,-10.397876,-1.312753e+05,-7.731385e+04,1.828403e+04
991,1.262765e+03,miss,-10.361760,-34.776533,-71.296751,3.939037e+03,9.161180e+04,1.230715e+05
992,1.263811e+03,hit,-36.165083,59.438560,-39.486002,4.324424e+04,-1.154231e+05,9.155205e+04
993,1.264509e+03,miss,-16.350512,2.231534,-78.279506,6.130115e+04,1.215352e+04,1.402919e+05
994,1.265745e+03,miss,-1.365063,-5.775896,79.779544,-3.464031e+04,6.112596e+03,-1.495764e+05
995,1.268022e+03,hit,-2.735424,73.528450,-31.401983,-1.824483e+04,-1.334670e+05,7.420631e+04
996,1.268174e+03,miss,-18.230577,-17.033721,76.009857,4.786367e+04,-3.503579e+03,-1.461250e+05
997,1.268364e+03,miss,48.189039,-26.040719,58.306925,-8.562014e+04,1.748944e+04,-1.265803e+05
998,1.268706e+03,miss,1.444430,13.139431,78.900374,-2.477763e+04,6.274988e+03,-1.516982e+05
999,1.268896e+03,miss,2.506887,51.885803,-60.840603,2.168872e+04,-1.111298e+05,1.041583e+05
1000,1.269921e+03,miss,17.194813,-4.648519,77.991856,3.291508e+03,-3.938575e+03,-1.538245e+05
1001,1.271860e+03,hit,78.031804,-17.624321,0.648777,-1.539903e+05,-3.164677e+03,-1.201464e+03
1002,1.273610e+03,miss,0.044531,-0.029473,79.999982,-3.740308e+04,-2.031596e+03,-1.495125e+05
1003,1.273975e+03,miss,23.492114,-11.536963,75.597745,-2.156248e+04,-7.725697e+03,-1.524444e+05
1004,1.274143e+03,miss,3.826437,-1.080939,79.901126,2.818548e+04,-1.124303e+04,-1.511497e+05
1005,1.274508e+03,hit,-68.048846,31.543704,-27.827132,1.147760e+05,-7.868460e+04,6.640082e+04
1006,1.275041e+03,miss,12.426092,45.642554,-64.516273,3.661790e+02,-1.060853e+05,1.119357e+05
1007,1.275384e+03,miss,-5.544976,9.083604,-79.288974,3.997083e+04,6.094577e+03,1.488469e+05
1008,1.275917e+03,miss,-46.405800,-49.681844,42.168899,6.930167e+04,1.175209e+05,-7.201580e+04
1009,1.276260e+03,miss,-0.582679,-35.720501,-71.580069,-3.597342e+04,6.935813e+04,1.330485e+05
1010,1.276793e+03,miss,21.133450,-12.639119,-76.115898,-6.827606e+04,2.221355e+03,1.383833e+05
1011,1.276946e+03,hit,-22.390455,-76.682997,-4.287822,5.288158e+04,1.445806e+05,1.092401e+04
1012,1.280988e+03,miss,-10.580112,1.023749,-79.290688,1.845884e+04,3.569451e+04,1.492646e+05
1013,1.281522e+03,miss,18.076479,-21.919096,74.784986,-6.354686e+04,1.836266e+04,-1.397473e+05
1014,1.281865e+03,miss,73.404463,18.492397,-25.880806,-1.360699e+05,-5.980095e+04,4.266061e+04
1015,1.282400e+03,miss,-29.989237,9.762267,-73.521043,2.812840e+04,3.520915e+03,1.520443e+05
1016,1.283469e+03,miss,8.827555,5.806379,-79.299182,2.150521e+04,-1.222594e+04,1.527386e+05
1017,1.284180e+03,hit,78.194892,-16.869447,-0.990275,-1.543384e+05,1.131180e+04,2.448529e+03
1018,1.284348e+03,miss,25.049096,46.159871,-60.347404,-4.534700e+04,-1.092325e+05,9.984654e+04
1019,1.285059e+03,miss,36.065388,-71.295939,4.022051,-7.014515e+04,1.378824e+05,-6.228454e+03
1020,1.285594e+03,miss,30.051899,-10.757248,73.356424,-2.089474e+04,2.022084e+04,-1.521026e+05
1021,1.287009e+03,hit,23.772839,76.379945,0.977830,-1.744883e+04,-1.539390e+05,-2.317627e+03
1022,1.287506e+03,miss,-40.077230,-29.683024,-62.551849,9.289961e+04,6.856683e+04,1.033663e+05
1023,1.288234e+03,miss,-14.785862,61.750537,48.664664,5.863483e+04,-9.886516e+04,-1.040074e+05
1024,1.288425e+03,miss,-72.911907,32.828209,-2.482440,1.519621e+05,-3.035374e+04,4.430377e+03
1025,1.288578e+03,miss,-4.021834,-2.270673,-79.866569,-2.748494e+04,-1.042183e+04,1.522245e+05
1026,1.290186e+03,miss,-49.193031,16.384727,60.922791,6.591560e+04,-5.173738e+04,-1.305553e+05
1027,1.292638e+03,miss,19.601458,44.459991,-63.553851,-2.414763e+03,-7.774205e+04,1.343964e+05
1028,1.292983e+03,miss,-30.429837,18.712187,-71.581276,6.671664e+04,1.873321e+03,1.402280e+05
1029,1.294234e+03,hit,78.639578,-9.752234,-10.986843,-1.459787e+05,4.972867e+04,1.894982e+04
1030,1.298649e+03,miss,-20.193036,-0.320341,-77.408906,5.904311e+04,2.940592e+04,1.409730e+05
1031,1.299187e+03,miss,-42.803650,39.735907,-54.670881,9.752212e+04,-8.221690e+04,8.924141e+04
1032,1.299533e+03,miss,28.050800,69.285463,-28.507495,-8.436896e+04,-1.208992e+05,5.005923e+04
1033,1.300263e+03,miss,-15.232849,-19.333536,-76.119476,5.609239e+04,1.004574e+04,1.449380e+05
1034,1.300955e+03,miss,-22.810436,-15.584297,75.078717,7.522049e+04,1.623592e+04,-1.354455e+05
1035,1.301148e+03,miss,1.061283,6.403332,-79.736259,3.585591e+04,-1.323610e+04,1.510296e+05
1036,1.301301e+03,miss,-15.520012,-7.780965,-78.093443,1.869570e+03,4.136133e+04,1.501979e+05
1037,1.303995e+03,hit,66.785420,-43.420241,7.374979,-1.077016e+05,1.115664e+05,-1.664988e+04
1038,1.304342e+03,miss,-11.408133,36.019296,70.515706,2.554585e+04,-9.538880e+04,-1.207425e+05
1039,1.305228e+03,miss,-2.521500,-6.614388,79.686209,-2.221929e+04,3.854119e+04,-1.495586e+05
1040,1.305945e+03,miss,-19.991930,23.223902,-73.898397,4.523327e+04,-7.429318e+04,1.295945e+05
1041,1.306291e+03,miss,-77.532125,-6.514162,18.610087,1.458513e+05,4.505118e+04,-3.262707e+04
1042,1.306484e+03,hit,-78.866396,12.293828,5.380836,1.470376e+05,-5.164878e+04,-9.093372e+03
1043,1.307540e+03,miss,37.924089,26.603836,65.222691,-9.289792e+04,-1.870040e+04,-1.241382e+05
1044,1.307910e+03,miss,14.055195,13.998954,77.501489,-5.786338e+04,-6.127255e+03,-1.449525e+05
1045,1.309338e+03,miss,-59.260155,-28.838330,45.349583,1.307364e+05,2.476763e+04,-8.196419e+04
1046,1.310727e+03,miss,32.807679,-4.120801,72.846930,-2.819168e+04,-1.094447e+03,-1.537970e+05
1047,1.311460e+03,miss,-78.769302,8.578948,-11.036245,1.531071e+05,2.253222e+04,2.266424e+04
1048,1.312001e+03,miss,-6.370684,73.038902,-32.011454,-1.106006e+04,-1.466890e+05,5.322834e+04
1049,1.313415e+03,hit,28.904872,74.571455,1.899086,-6.479174e+04,-1.424524e+05,-2.992328e+03
1050,1.314319e+03,miss,-47.946861,-57.199645,28.797555,1.193366e+05,8.672656e+04,-5.247629e+04
1051,1.315193e+03,miss,-23.843574,52.621901,-55.339132,6.148651e+04,-7.371125e+04,1.237693e+05
1052,1.316276e+03,hit,40.856283,-52.513974,44.418990,-5.292977e+04,1.043260e+05,-1.042474e+05
1053,1.316973e+03,miss,-21.512363,24.239554,-73.141385,3.508835e+03,-4.411028e+04,1.503594e+05
1054,1.317514e+03,miss,-58.021436,33.520658,43.702156,1.302696e+05,-4.636279e+04,-7.386745e+04
1055,1.319141e+03,miss,-3.722912,-71.586889,-35.517000,7.369631e+03,1.460865e+05,5.666417e+04
1056,1.319838e+03,miss,36.382225,54.291879,46.138114,-4.880437e+04,-1.258120e+05,-8.005554e+04
1057,1.321465e+03,miss,-7.335356,1.770810,-79.643310,4.608381e+04,-2.175445e+04,1.485019e+05
1058,1.321814e+03,miss,21.759446,-14.237325,-75.655965,-3.217030e+04,-9.883956e+03,1.533743e+05
1059,1.321969e+03,miss,-40.694197,12.737742,-67.688494,4.871031e+04,-1.152645e+04,1.488409e+05
1060,1.323598e+03,miss,1.839015,7.236334,-79.650822,3.393632e+04,-2.113772e+04,1.519575e+05
1061,1.324296e+03,miss,-12.503023,-5.036026,-78.856280,-3.716154e+03,3.661115e+04,1.528018e+05
1062,1.327348e+03,hit,49.585940,-61.728990,11.435311,-1.081512e+05,1.104761e+05,-2.928927e+04
1063,1.327892e+03,miss,-70.246527,9.385448,-37.112515,1.356679e+05,-4.755335e+04,6.405113e+04
1064,1.328257e+03,miss,-47.309965,53.654635,35.818255,6.027128e+04,-1.272408e+05,-7.038200e+04
1065,1.328980e+03,miss,37.191838,-26.990223,65.485075,-9.969540e+04,3.689865e+04,-1.161433e+05
1066,1.329330e+03,miss,32.645302,37.527857,-62.657356,-2.807870e+04,-7.415824e+04,1.360464e+05
1067,1.332364e+03,miss,-28.918334,37.168320,64.670286,8.484275e+04,-7.031244e+04,-1.127428e+05
1068,1.333804e+03,miss,-5.291724,-7.910292,79.431889,-9.073549e+03,-1.863632e+04,-1.563659e+05
1069,1.334544e+03,miss,-40.315061,24.824819,64.485845,8.116413e+04,-1.021533e+04,-1.349140e+05
1070,1.335791e+03,miss,-4.136608,9.889096,79.278586,-2.869445e+03,1.841618e+04,-1.567470e+05
1071,1.336516e+03,miss,5.166471,-48.975298,63.045442,-1.295628e+03,1.161618e+05,-1.069359e+05
1072,1.337218e+03,hit,-76.449995,-23.239185,-3.916438,1.575231e+05,8.710687e+03,7.363158e+03
1073,1.337413e+03,miss,43.006499,19.065115,-64.706742,-9.351409e+04,-6.135823e+04,1.115237e+05
1074,1.337959e+03,miss,36.547942,-2.995985,71.100436,-5.572083e+04,-3.007691e+04,-1.447343e+05
1075,1.338115e+03,miss,-6.372457,71.967937,-34.351242,-6.248594e+03,-1.473178e+05,5.673419e+04
1076,1.338310e+03,miss,13.430952,63.263444,-47.088706,-1.343703e+04,-1.367415e+05,7.800764e+04
1077,1.339027e+03,miss,-12.435185,-4.183449,-78.916823,5.987297e+04,1.033094e+04,1.458968e+05
1078,1.339207e+03,miss,-40.117136,-35.941130,59.151083,1.005595e+05,3.796880e+04,-1.158744e+05
1079,1.339558e+03,miss,-27.890552,-33.997833,66.830116,7.495450e+04,3.280898e+04,-1.352504e+05
1080,1.341549e+03,miss,-32.002809,-43.772069,58.820287,3.103812e+04,1.070736e+05,-1.122332e+05
1081,1.342643e+03,hit,-26.894341,-74.974142,7.454694,8.735603e+04,1.309456e+05,-1.633971e+04
1082,1.343151e+03,hit,76.627123,21.960866,-6.782653,-1.556904e+05,-2.278286e+04,1.719664e+04
1083,1.343542e+03,hit,-54.451052,46.201473,36.062542,7.738983e+04,-1.172138e+05,-7.302961e+04
1084,1.343894e+03,miss,23.262480,-47.739121,-59.831709,-8.321647e+03,9.204014e+04,1.285594e+05
1085,1.344050e+03,miss,9.537135,45.653562,-64.998425,-5.476529e+04,-8.671671e+04,1.206318e+05
1086,1.344441e+03,miss,-67.811166,9.898871,41.275393,1.347820e+05,1.971058e+04,-8.076918e+04
1087,1.346944e+03,miss,67.373584,0.001652,-43.136993,-1.212180e+05,-3.370821e+04,9.641060e+04
1088,1.347320e+03,miss,-18.724883,-4.168092,-77.665988,-1.852995e+03,7.204983e+02,1.585185e+05
1089,1.348573e+03,miss,-4.735990,43.029314,-67.275914,-2.992800e+04,-7.976793e+04,1.337790e+05
1090,1.349669e+03,miss,-68.339711,-14.778319,38.875251,1.291316e+05,6.101436e+04,-6.912431e+04
1091,1.350022e+03,miss,32.367069,-45.062280,57.634744,-6.004309e+04,6.068727e+04,-1.337697e+05
1092,1.350390e+03,miss,69.908230,38.864349,-1.549760,-1.153361e+05,-1.089770e+05,3.303716e+03
1093,1.353276e+03,miss,-2.334367,-1.430858,-79.953132,-2.131780e+04,-2.620265e+04,1.552486e+05
1094,1.354178e+03,miss,-14.408851,-73.157004,28.990305,8.719952e+03,1.511968e+05,-4.820256e+04
1095,1.356361e+03,hit,-78.428953,0.069558,15.776392,1.534759e+05,-3.132137e+04,-2.765553e+04
1096,1.360880e+03,miss,-39.202906,-11.134119,-68.841583,1.008665e+05,3.059799e+04,1.194768e+05
1097,1.361785e+03,miss,-18.840843,-74.858225,21.006399,-5.711889e+02,1.542342e+05,-4.016673e+04
1098,1.363241e+03,hit,74.873057,3.083231,-28.009267,-1.456770e+05,3.345794e+04,5.556815e+04
1099,1.365407e+03,hit,-6.807526,79.314097,-7.932943,-2.611290e+04,-1.565206e+05,1.699608e+04
1100,1.365447e+03,hit,44.962049,-58.695808,-30.548589,-6.482859e+04,1.251675e+05,7.483684e+04
1101,1.366353e+03,miss,-34.182232,71.714909,9.409933,1.017565e+05,-1.213858e+05,-1.995491e+04
1102,1.366708e+03,miss,20.871198,-14.990772,-75.760609,-3.671343e+04,-9.810292e+03,1.550793e+05
1103,1.367063e+03,miss,48.852871,-56.535475,28.585608,-8.242960e+04,1.281231e+05,-4.785564e+04
1104,1.367260e+03,miss,-18.606782,-6.214206,-77.557536,5.009436e+04,4.555996e+04,1.446335e+05
1105,1.368522e+03,miss,46.487685,29.347728,-58.117175,-6.018239e+04,-7.952443e+04,1.248258e+05
1106,1.369966e+03,miss,40.958444,13.967535,-67.285317,-1.061629e+05,-2.344133e+04,1.171940e+05
1107,1.370716e+03,miss,-21.609883,22.514850,-73.662029,7.631060e+04,-3.674189e+04,1.356289e+05
1108,1.370890e+03,miss,-35.819257,20.387121,68.566363,9.420494e+04,-4.952606e+04,-1.193495e+05
1109,1.371071e+03,miss,15.867530,58.674145,-52.015058,-5.143127e+04,-9.189035e+04,1.203582e+05
1110,1.371624e+03,miss,9.538024,-78.817663,9.838802,-3.968508e+03,1.590974e+05,-1.605253e+04
1111,1.372177e+03,miss,63.324143,-18.593616,-45.214271,-1.389932e+05,2.179316e+04,7.616865e+04
1112,1.372533e+03,miss,6.888233,33.227324,-72.446513,-4.643564e+04,-7.558992e+04,1.331625e+05
1113,1.373086e+03,hit,41.115106,67.893961,9.997906,-8.105898e+04,-1.354103e+05,-2.657390e+04
1114,1.373441e+03,miss,33.137286,-16.155087,-70.999531,-7.194877e+04,-7.380954e+03,1.427873e+05
1115,1.373797e+03,miss,-65.440554,-27.015957,-37.251468,1.082636e+05,8.602739e+04,8.064879e+04
1116,1.375615e+03,miss,-17.874460,-70.463984,-33.396567,8.406473e+03,1.377750e+05,8.128501e+04
1117,1.375971e+03,miss,39.588620,-61.555456,-32.305836,-6.187706e+04,1.373396e+05,5.454871e+04
1118,1.377277e+03,hit,-71.754946,35.317843,1.969165,1.228555e+05,-1.028487e+05,-4.419862e+03
1119,1.378345e+03,miss,-67.092788,32.554613,-28.961265,1.433796e+05,-5.366420e+04,4.767853e+04
1120,1.378726e+03,miss,0.729046,78.493279,15.436113,-2.937953e+04,-1.553888e+05,-2.662767e+04
1121,1.379098e+03,miss,44.553744,-53.767208,39.039099,-1.122624e+05,9.225444e+04,-6.790506e+04
1122,1.379454e+03,miss,17.765723,-53.785367,56.493481,-6.796125e+04,1.031463e+05,-1.023405e+05
1123,1.379636e+03,miss,3.542076,27.609046,-75.001295,3.112173e+04,-4.287210e+04,1.514209e+05
1124,1.380009e+03,miss,78.369141,-15.246136,-5.082628,-1.598578e+05,-7.493954e+03,1.145206e+04
1125,1.380191e+03,miss,-25.480995,-23.265186,72.176520,8.129416e+04,4.782281e+04,-1.298054e+05
1126,1.380547e+03,miss,28.809402,-30.038550,-68.320596,-1.879821e+04,6.732703e+04,1.444492e+05
1127,1.380920e+03,miss,-39.248147,32.372152,61.738373,1.005739e+05,-3.224402e+04,-1.208471e+05
1128,1.381475e+03,miss,35.878228,59.314614,-39.931558,-4.161240e+04,-1.365701e+05,7.339061e+04
1129,1.382926e+03,miss,-38.280393,41.460329,56.706725,7.192468e+04,-1.053021e+05,-9.764494e+04
1130,1.384235e+03,miss,36.989368,51.665626,-48.605038,-4.309774e+04,-1.044664e+05,1.142366e+05
1131,1.384592e+03,miss,17.488381,62.205706,-47.165735,-1.731081e+04,-1.104607e+05,1.154386e+05
1132,1.385306e+03,miss,-60.018829,-1.962972,52.857231,1.258122e+05,-2.854181e+04,-9.590249e+04
1133,1.385861e+03,miss,31.614389,13.849639,72.171448,-7.677243e+04,9.013226e+03,-1.409814e+05
1134,1.386576e+03,miss,52.195413,-60.013195,8.605539,-1.248118e+05,9.916257e+04,-2.128643e+04
1135,1.388403e+03,miss,-31.833991,-37.779157,-62.923226,5.415631e+04,1.024560e+05,1.116614e+05
1136,1.389357e+03,miss,3.683054,-5.431029,79.730415,1.321538e+04,-2.329511e+04,-1.587415e+05
1137,1.389714e+03,miss,-23.358304,-8.465959,-76.044179,7.777255e+04,2.515952e+04,1.387130e+05
1138,1.389873e+03,miss,39.320986,-54.075800,43.927986,-1.019043e+05,9.896834e+04,-7.580631e+04
1139,1.391170e+03,miss,-27.309997,1.472240,75.179762,7.148074e+04,2.902494e+04,-1.414145e+05
1140,1.392458e+03,miss,-54.281811,26.354039,52.525705,1.235698e+05,-5.384216e+04,-8.834912e+04
1141,1.393199e+03,miss,36.239482,22.843877,-67.563727,-6.601072e+04,-8.094849e+03,1.468500e+05
1142,1.393931e+03,miss,22.001821,-72.257841,-26.357622,-8.093543e+03,1.532471e+05,4.951087e+04
1143,1.394831e+03,hit,7.470818,18.563976,77.456863,-3.920998e+04,-6.161716e+04,-1.438200e+05
1144,1.395030e+03,miss,14.901503,-11.692645,-77.725332,-3.881960e+03,-7.216255e+03,1.611052e+05
1145,1.397221e+03,miss,-32.637361,27.897616,-67.502042,8.865744e+04,-2.407125e+04,1.327528e+05
1146,1.398138e+03,miss,49.659537,26.348289,-56.918345,-1.014031e+05,-1.457252e+04,1.248401e+05
1147,1.398337e+03,miss,-22.510046,-65.159728,40.589501,6.691835e+04,1.296892e+05,-6.918354e+04
1148,1.399973e+03,miss,-22.255486,49.349602,58.900850,7.949650e+04,-8.383991e+04,-1.129840e+05
1149,1.400172e+03,miss,-28.611981,-12.518974,73.652086,3.165364e+04,5.598799e+04,-1.482610e+05
1150,1.400356e+03,miss,-41.371578,65.080542,-21.281815,9.112879e+04,-1.288767e+05,3.475180e+04
1151,1.400915e+03,miss,-47.484797,-51.468042,-38.681193,1.207458e+05,8.110816e+04,7.052447e+04
1152,1.401290e+03,miss,-53.981825,54.787080,22.007689,1.338209e+05,-7.837245e+04,-4.570018e+04
1153,1.401833e+03,miss,-65.472929,44.725929,-10.624821,1.486593e+05,-5.851417e+04,2.500793e+04
1154,1.401848e+03,miss,52.115978,-6.960528,60.294908,-1.157091e+05,-1.859446e+04,-1.114220e+05
1155,1.402951e+03,miss,-6.886202,-34.793186,71.707841,3.674154e+04,8.961815e+04,-1.295701e+05
1156,1.404045e+03,miss,21.365900,73.191328,24.218336,-6.706521e+04,-1.413083e+05,-4.152581e+04
1157,1.404229e+03,hit,72.089054,-30.473413,16.569232,-1.278199e+05,9.109260e+04,-3.946921e+04
1158,1.405508e+03,miss,51.165187,20.849415,-57.856940,-1.226440e+05,-3.510570e+04,9.971707e+04
1159,1.405524e+03,miss,0.653062,10.029182,79.366171,2.913186e+04,-4.321807e+04,-1.533013e+05
1160,1.406427e+03,miss,48.293060,29.380689,-56.608793,-9.702758e+04,-8.389923e+04,9.889984e+04
1161,1.406443e+03,miss,-6.132608,-0.944669,-79.759004,-3.801359e+03,3.798919e+04,1.574080e+05
1162,1.408668e+03,miss,14.591909,63.833087,-45.960997,-4.976650e+04,-1.327385e+05,7.861415e+04
1163,1.409228e+03,miss,23.107383,-62.887598,43.717261,-3.052794e+04,1.405798e+05,-7.478114e+04
1164,1.411070e+03,miss,12.505673,56.031905,55.713856,1.947128e+03,-1.274242e+05,-1.004016e+05
1165,1.411430e+03,miss,47.090474,-27.663968,-58.456755,-9.251272e+04,8.356342e+04,1.038580e+05
1166,1.411615e+03,miss,23.644821,62.227925,-44.368996,-6.870517e+04,-1.258709e+05,7.594404e+04
1167,1.414019e+03,miss,68.712856,-38.009305,-15.291702,-1.529058e+05,4.730325e+04,2.753995e+04
1168,1.414396e+03,hit,4.488230,12.118718,78.949303,-4.757159e+04,-1.952332e+04,-1.540748e+05
1169,1.415319e+03,miss,75.560768,-11.338879,23.706542,-1.515493e+05,-7.987267e+03,-5.804731e+04
1170,1.416787e+03,miss,1.419454,17.502917,-78.048914,3.674652e+04,-3.527842e+04,1.543794e+05
1171,1.417349e+03,miss,7.207550,1.650595,-79.657559,-1.398146e+04,3.636306e+04,1.578626e+05
1172,1.419919e+03,miss,-50.073406,2.643542,-62.335108,1.033365e+05,3.330047e+04,1.212391e+05
1173,1.419960e+03,miss,-71.260171,34.130438,12.534003,1.567506e+05,-3.731378e+04,-2.289007e+04
1174,1.420844e+03,hit,1.299049,29.048624,-74.528450,-1.331141e+04,-8.802795e+04,1.362990e+05
1175,1.422331e+03,miss,-32.461498,4.658498,-72.969511,4.729303e+04,-4.567045e+04,1.490263e+05
1176,1.422733e+03,miss,-13.150472,-64.635190,45.269828,2.745255e+04,1.414975e+05,-7.591838e+04
1177,1.422894e+03,miss,53.379130,-7.717194,-59.085645,-1.194872e+05,-1.653915e+04,1.095035e+05
1178,1.423281e+03,miss,16.405690,22.170215,75.095505,-6.098858e+04,-1.593151e+04,-1.502517e+05
1179,1.424206e+03,miss,-18.529456,25.907928,73.385547,1.551683e+04,-2.085520e+04,-1.609053e+05
1180,1.424584e+03,hit,52.014694,-54.107298,-27.692451,-7.283547e+04,1.342393e+05,5.699213e+04
1181,1.425308e+03,miss,6.665832,5.676668,-79.519445,-5.125208e+04,-1.630116e+04,1.539295e+05
1182,1.425695e+03,hit,9.728956,-5.573734,79.210359,-5.269378e+03,4.778501e+04,-1.558295e+05
1183,1.426057e+03,miss,28.347964,73.338974,14.757635,-2.434223e+04,-1.572896e+05,-3.561198e+04
1184,1.427362e+03,miss,31.439244,18.988439,71.070480,-7.803441e+04,-6.357013e+04,-1.284313e+05
1185,1.429401e+03,miss,-9.616491,-25.050489,75.365749,5.612688e+04,5.321419e+04,-1.438095e+05
1186,1.429603e+03,miss,-56.786497,12.721541,54.894955,9.567471e+04,-6.135740e+04,-1.172542e+05
1187,1.429805e+03,miss,47.232663,22.780675,60.416193,-1.088440e+05,-8.058165e+03,-1.214855e+05
1188,1.430127e+03,miss,-32.443351,70.248526,-20.311907,9.756314e+04,-1.253643e+05,3.797273e+04
1189,1.430329e+03,miss,-7.454080,79.606800,2.682168,3.094146e+04,-1.603219e+05,-4.468491e+03
1190,1.430692e+03,miss,43.541369,-14.270919,-65.578122,-7.206876e+04,6.560391e+04,1.311085e+05
1191,1.430893e+03,miss,48.848625,19.305872,60.341488,-1.078995e+05,4.929653e+02,-1.226721e+05
1192,1.432007e+03,miss,39.549767,-48.008439,-50.309102,-6.392618e+04,1.207057e+05,8.975155e+04
1193,1.432184e+03,miss,-58.541115,-44.600043,31.365172,1.373173e+05,6.924618e+04,-5.535342e+04
1194,1.432951e+03,miss,39.160161,38.578773,58.121942,-1.010726e+05,-7.904588e+04,-1.013186e+05
1195,1.433314e+03,miss,4.311563,-7.078254,79.569521,1.183407e+04,-2.066615e+04,-1.617684e+05
1196,1.433516e+03,miss,-61.551835,-4.235879,50.925720,1.307428e+05,-2.565863e+04,-9.480436e+04
1197,1.434429e+03,hit,28.048630,74.219579,-10.233690,-5.713463e+04,-1.507310e+05,2.779831e+04
1198,1.434445e+03,hit,-63.628369,46.333554,14.304982,1.021789e+05,-1.236976e+05,-3.186870e+04
1199,1.435358e+03,miss,47.413129,62.004729,-17.533076,-7.207882e+04,-1.435565e+05,3.115210e+04
1200,1.435374e+03,miss,-6.506192,-48.550118,63.249945,-2.705183e+04,9.952127e+04,-1.270365e+05
1201,1.435738e+03,hit,-69.805967,33.470842,20.170021,1.252458e+05,-9.249105e+04,-5.040087e+04
1202,1.435924e+03,miss,-34.656315,-24.850569,67.685959,9.354179e+04,1.889920e+04,-1.329570e+05
1203,1.436853e+03,miss,29.577127,-8.589016,-73.833748,-2.322916e+04,3.332452e+04,1.585939e+05
1204,1.437031e+03,hit,-73.198567,-25.975080,-19.164161,1.434190e+05,5.999508e+04,5.135224e+04
1205,1.438163e+03,miss,-67.222986,-31.143982,30.184806,1.166155e+05,8.848957e+04,-7.346425e+04
1206,1.438349e+03,hit,65.829551,-45.435738,1.436602,-1.186226e+05,1.128935e+05,-3.712229e+03
1207,1.439093e+03,miss,16.230930,-6.442897,-78.070775,-9.704331e+03,-2.052728e+04,1.622603e+05
1208,1.439845e+03,miss,50.184888,-29.527929,54.859625,-1.160745e+05,2.154521e+04,-1.136684e+05
1209,1.440007e+03,miss,18.291978,19.852194,75.307994,-3.644975e+03,-1.881522e+04,-1.627688e+05
1210,1.440412e+03,hit,-52.818039,48.983900,-34.797016,8.156231e+04,-1.133281e+05,8.586548e+04
1211,1.441910e+03,miss,64.549295,-30.587282,36.025084,-1.451981e+05,2.446840e+04,-7.221702e+04
1212,1.442436e+03,hit,-7.436661,-9.758313,-79.053598,5.221079e+04,2.728926e+04,1.530870e+05
1213,1.443003e+03,miss,8.922083,65.878730,-44.501566,-1.176549e+03,-1.450103e+05,7.672999e+04
1214,1.443367e+03,miss,18.949076,36.869408,68.422067,-6.555625e+04,-8.519133e+04,-1.239697e+05
1215,1.443757e+03,miss,36.911230,43.505307,-56.078957,-3.778796e+04,-9.921328e+04,1.251388e+05
1216,1.444299e+03,miss,-8.719315,5.817593,-79.310334,4.890806e+04,1.188946e+04,1.562296e+05
1217,1.444340e+03,miss,-48.326905,-26.725662,-57.881338,1.015220e+05,7.862448e+04,1.022413e+05
1218,1.446553e+03,hit,-51.200045,-61.403332,-2.861154,1.321638e+05,9.732869e+04,6.554343e+03
1219,1.448070e+03,miss,6.614043,12.838418,78.685637,2.040384e+04,-4.675757e+04,-1.562332e+05
1220,1.451058e+03,miss,12.604585,-56.559920,55.155235,-3.786797e+04,8.885626e+04,-1.331830e+05
1221,1.452724e+03,miss,0.955720,-69.618601,-39.399707,2.424675e+04,1.471590e+05,6.967450e+04
1222,1.453700e+03,miss,2.964681,-1.116991,-79.937244,-3.605230e+04,-2.369101e+04,1.589194e+05
1223,1.453862e+03,miss,64.208705,-5.737139,-47.374334,-1.199064e+05,-2.235843e+04,1.106435e+05
1224,1.454228e+03,miss,29.498280,45.818706,58.570451,-2.096357e+04,-9.998476e+04,-1.291891e+05
1225,1.454635e+03,miss,50.032111,-16.220796,-60.279960,-1.234035e+05,1.881754e+04,1.074771e+05
1226,1.455937e+03,miss,-19.353711,-7.728166,77.238004,4.706906e+02,2.850362e+04,-1.623128e+05
1227,1.456099e+03,miss,0.784218,-0.172590,-79.995970,3.541487e+04,1.570842e+04,1.601880e+05
1228,1.456490e+03,miss,-18.238100,41.368325,-66.000253,-3.671813e+03,-8.553990e+04,1.408471e+05
1229,1.456506e+03,hit,78.167289,0.198223,17.024559,-1.561502e+05,4.000298e+04,-3.443279e+04
1230,1.457442e+03,miss,-25.381091,69.167227,-31.172021,8.680771e+04,-1.266907e+05,6.000091e+04
1231,1.459112e+03,hit,-65.459714,-24.969861,38.620357,1.418985e+05,1.074306e+04,-8.346707e+04
1232,1.459315e+03,hit,37.674061,70.566297,-1.030938,-8.252678e+04,-1.428551e+05,1.704783e+03
1233,1.459682e+03,miss,55.130184,-30.892363,-49.054304,-1.313708e+05,2.963134e+04,9.535029e+04
1234,1.459886e+03,miss,53.129006,-32.779680,50.028005,-1.233287e+05,6.821146e+04,-8.584301e+04
1235,1.460236e+03,hit,11.692675,20.793325,76.360454,-4.492391e+04,-7.131693e+03,-1.586484e+05
1236,1.465497e+03,hit,77.720612,-7.806458,-17.279054,-1.549459e+05,4.831012e+04,3.153351e+04
1237,1.466273e+03,hit,-51.936957,60.826713,1.632029,7.916351e+04,-1.451723e+05,-3.011727e+03
1238,1.466436e+03,miss,-1.233280,29.598082,74.313071,-1.846276e+04,-8.685468e+04,-1.395327e+05
1239,1.467784e+03,miss,-8.100179,19.055138,77.274115,2.230173e+04,1.695107e+03,-1.639478e+05
1240,1.469296e+03,miss,-3.625595,0.634919,79.915280,1.922287e+04,-3.938369e+04,-1.596456e+05
1241,1.469459e+03,miss,-14.632828,-32.426235,-71.654864,-1.098854e+04,7.125500e+04,1.490381e+05
1242,1.470236e+03,miss,16.784671,-64.757403,-43.872013,-6.118038e+04,1.122159e+05,1.053062e+05
1243,1.470424e+03,miss,31.222020,-4.213811,-73.535225,-3.072461e+04,3.177936e+04,1.596071e+05
1244,1.470604e+03,miss,-20.973370,53.942772,55.229477,7.139195e+03,-1.252150e+05,-1.081756e+05
1245,1.471160e+03,miss,16.243049,19.085725,75.973011,-1.481036e+04,-7.242661e+04,-1.482469e+05
1246,1.471544e+03,miss,-24.203134,37.290462,66.510373,2.529776e+04,-1.032240e+05,-1.270987e+05
1247,1.473042e+03,miss,-38.991232,53.670358,-44.712152,1.025104e+05,-7.945593e+04,1.032258e+05
1248,1.473820e+03,hit,77.749356,-4.966055,-18.176247,-1.578045e+05,1.114447e+04,4.965110e+04
1249,1.474966e+03,hit,8.553803,-4.956772,79.386793,-1.872531e+04,4.938994e+04,-1.572358e+05
1250,1.476277e+03,hit,41.801305,-68.185786,1.830146,-7.788111e+04,1.464474e+05,-5.022831e+03
1251,1.477014e+03,hit,-25.197247,70.963081,27.006294,4.994276e+04,-1.405421e+05,-7.283492e+04
1252,1.477588e+03,hit,23.410240,-65.503871,39.512069,-1.158849e+04,1.368073e+05,-9.333524e+04
1253,1.477957e+03,miss,52.745108,-28.161403,53.149684,-8.047488e+04,6.425459e+04,-1.302460e+05
1254,1.478367e+03,hit,-35.930474,65.170770,29.355949,3.591054e+04,-1.502845e+05,-6.084030e+04
1255,1.480417e+03,miss,37.364833,61.635241,-34.712625,-1.094534e+05,-1.044690e+05,6.870918e+04
1256,1.481197e+03,miss,31.313042,-5.494322,73.411891,-9.351297e+04,2.048955e+04,-1.358853e+05
1257,1.482141e+03,miss,-78.405152,15.490328,-3.561161,1.661288e+05,2.111058e+03,6.608795e+03
1258,1.482510e+03,miss,-9.482345,-71.428925,-34.756205,5.842055e+04,1.396026e+05,6.893450e+04
1259,1.483085e+03,miss,68.506741,-32.611222,-25.364041,-1.481339e+05,3.939605e+04,6.456661e+04
1260,1.483274e+03,miss,45.372059,24.761289,-61.059437,-1.180152e+05,-3.152325e+04,1.129015e+05
1261,1.483644e+03,miss,24.377198,12.636651,-75.140317,-1.028916e+04,-3.576033e+04,1.621428e+05
1262,1.483849e+03,miss,-13.868146,60.202396,-50.826628,-1.052752e+04,-1.315305e+05,1.013296e+05
1263,1.484958e+03,miss,-33.801367,3.309288,72.432839,8.023580e+04,-4.188481e+04,-1.396687e+05
1264,1.485164e+03,miss,1.063235,-9.955606,79.370999,3.247556e+04,-1.670043e+03,-1.632356e+05
1265,1.485739e+03,hit,-76.950351,-11.882618,18.369729,1.613983e+05,-1.626675e+04,-3.741692e+04
1266,1.486479e+03,miss,34.514897,20.125473,-69.308638,-5.290836e+04,-7.663525e+04,1.380420e+05
1267,1.490099e+03,miss,-13.240382,-11.383925,-78.071112,6.478515e+04,1.976229e+04,1.523408e+05
1268,1.491235e+03,miss,50.162047,31.610658,53.707871,-1.266536e+05,-4.186899e+04,-1.001120e+05
1269,1.491252e+03,miss,-9.228982,-11.913879,-78.567712,-1.200625e+04,-3.020633e+03,1.663238e+05
1270,1.491993e+03,miss,-4.532968,-18.001223,77.816503,2.310859e+04,7.023186e+04,-1.495466e+05
1271,1.493517e+03,miss,28.860650,-41.434643,-62.050248,-9.138628e+04,7.770874e+04,1.160561e+05
1272,1.494655e+03,miss,-15.993287,-35.484825,-69.893075,3.806915e+04,3.519827e+04,1.587204e+05
1273,1.495026e+03,hit,-57.968307,-55.131115,-0.485384,9.775883e+04,1.353873e+05,8.794274e+02
1274,1.497336e+03,miss,41.191636,-40.286849,55.499720,-8.454993e+04,5.167941e+04,-1.345768e+05
1275,1.500184e+03,miss,40.987522,-58.541786,-35.956672,-5.549321e+04,1.421778e+05,6.847962e+04
1276,1.500349e+03,miss,31.933509,0.018580,73.350192,-2.686391e+04,-8.855212e+01,-1.651208e+05
1277,1.501299e+03,miss,45.399977,32.824006,-57.108902,-8.122022e+04,-9.922050e+04,1.075307e+05
1278,1.502456e+03,miss,7.301471,35.162803,71.486123,-3.009555e+04,-3.621018e+04,-1.606516e+05
1279,1.502828e+03,hit,62.242742,-50.121460,-3.698696,-1.271730e+05,1.087260e+05,6.204528e+03
1280,1.503241e+03,miss,-17.513438,35.417820,69.561897,6.777698e+04,-8.013235e+04,-1.304822e+05
1281,1.504176e+03,miss,-51.563337,-22.843813,-56.739602,1.279186e+05,3.709248e+04,1.015821e+05
1282,1.504192e+03,miss,43.227102,-7.924108,-66.847783,-9.713527e+04,-2.299827e+04,1.345142e+05
1283,1.504565e+03,miss,52.388358,-49.123095,35.247432,-1.341587e+05,7.247921e+04,-6.937870e+04
1284,1.504755e+03,hit,-64.150337,47.589930,-4.464621,1.061875e+05,-1.292710e+05,9.053379e+03
1285,1.505127e+03,hit,56.231425,28.159134,49.447852,-1.331070e+05,-5.360337e+04,-8.651533e+04
1286,1.505516e+03,hit,72.270929,30.969436,14.758282,-1.594843e+05,-3.492468e+04,-3.778842e+04
1287,1.506095e+03,hit,34.290611,72.260370,-1.610256,-3.576105e+04,-1.637063e+05,3.890131e+03
1288,1.506451e+03,miss,72.541022,20.642920,26.677144,-1.546524e+05,-4.630927e+04,-4.514944e+04
1289,1.507047e+03,miss,8.772325,-6.261549,-79.270671,-3.968287e+04,-2.164802e+04,1.614563e+05
1290,1.507403e+03,hit,78.823282,-12.476147,-5.588915,-1.586054e+05,5.350200e+04,1.000031e+04
1291,1.508355e+03,miss,73.902928,11.560433,28.367475,-1.514240e+05,-5.118516e+04,-5.086016e+04
1292,1.508952e+03,miss,-6.933529,40.524042,68.627459,5.415050e+04,-7.405611e+04,-1.404651e+05
1293,1.509143e+03,miss,8.661030,-4.792010,-79.385283,-5.425981e+04,-5.673561e+03,1.586640e+05
1294,1.509888e+03,miss,16.846568,53.928499,-56.638416,-7.290568e+04,-1.002043e+05,1.131741e+05
1295,1.512002e+03,hit,-53.658830,-49.441918,32.805895,1.047099e+05,9.705506e+04,-8.843124e+04
1296,1.512773e+03,miss,-15.000696,63.348758,-46.496387,6.934130e+04,-1.219777e+05,9.236641e+04
1297,1.512956e+03,miss,-68.340810,-28.820026,-29.982324,1.357879e+05,8.341031e+04,5.316101e+04
1298,1.514308e+03,miss,53.550618,-0.495872,59.431351,-1.260566e+05,-2.268949e+04,-1.088204e+05
1299,1.517380e+03,miss,78.662575,1.567056,-14.482529,-1.658101e+05,1.373615e+04,2.495150e+04
1300,1.518502e+03,miss,5.068067,0.391045,-79.838348,3.083812e+04,2.113410e+03,1.654380e+05
1301,1.520040e+03,miss,49.929252,-13.713993,60.983573,-1.258253e+05,2.116251e+04,-1.098818e+05
1302,1.520247e+03,miss,18.778719,-2.189741,-77.733936,-5.165083e+04,4.155104e+04,1.548013e+05
1303,1.520996e+03,miss,27.759465,31.124523,68.269145,-8.856476e+04,-3.885970e+04,-1.379054e+05
1304,1.522743e+03,miss,54.938373,-58.113809,2.135497,-1.398912e+05,9.390318e+04,-4.114653e+03
1305,1.522909e+03,miss,-48.655885,14.852752,-61.741401,7.996031e+04,-4.919163e+03,1.482887e+05
1306,1.523866e+03,miss,7.129384,50.660646,61.503421,-5.443705e+04,-1.011420e+05,-1.234186e+05
1307,1.524657e+03,miss,21.507178,31.504056,-70.320237,-4.173782e+03,-6.179978e+04,1.568546e+05
1308,1.525032e+03,hit,-66.593765,42.758195,-11.705008,1.381797e+05,-9.466210e+04,1.981055e+04
1309,1.526198e+03,miss,70.470186,-23.471302,-29.716173,-1.583466e+05,1.775706e+04,5.549590e+04
1310,1.526390e+03,miss,7.409284,-77.291276,-19.265543,-5.674297e+04,1.536324e+05,4.061580e+04
1311,1.526948e+03,hit,-46.582790,56.109700,32.889895,6.157400e+04,-1.385202e+05,-7.418585e+04
1312,1.528307e+03,hit,-79.646119,1.371368,7.390197,1.634533e+05,-3.985417e+04,-1.423834e+04
1313,1.529266e+03,hit,51.636980,35.277525,-49.891066,-1.092073e+05,-4.061257e+04,1.222716e+05
1314,1.529641e+03,miss,79.475625,8.087122,4.268891,-1.619616e+05,-4.733375e+04,-7.804572e+03
1315,1.531018e+03,hit,54.353708,-54.853115,-20.900003,-8.501823e+04,1.365859e+05,5.171871e+04
1316,1.531560e+03,miss,5.632735,77.005447,-20.938801,-3.421249e+04,-1.613541e+05,3.692023e+04
1317,1.532562e+03,miss,-76.126186,-2.842531,24.427932,1.627211e+05,-1.588308e+04,-4.309321e+04
1318,1.533522e+03,miss,18.222646,-54.398732,-55.755835,-2.378895e+04,1.335671e+05,1.009914e+05
1319,1.534065e+03,miss,-8.223411,45.679282,-65.159640,3.938193e+04,-6.432705e+04,1.514152e+05
1320,1.535427e+03,miss,-20.453191,-36.121000,68.388159,5.273427e+04,3.726413e+04,-1.564333e+05
1321,1.536571e+03,hit,71.400587,-26.017846,-25.000559,-1.305378e+05,9.125738e+04,5.739523e+04
1322,1.537742e+03,hit,-43.318908,64.976439,-17.364751,5.995961e+04,-1.548766e+05,3.319881e+04
1323,1.538118e+03,miss,-36.833264,30.421858,64.170252,1.062690e+05,-5.460198e+04,-1.200692e+05
1324,1.538311e+03,miss,-31.672105,10.974361,72.639116,9.665324e+04,-8.409190e+03,-1.388601e+05
1325,1.538704e+03,miss,-3.323890,-2.039203,79.904902,-3.240177e+04,1.728280e+04,-1.653888e+05
1326,1.540444e+03,miss,45.981204,35.225338,-55.180652,-1.221408e+05,-4.684573e+04,1.078035e+05
1327,1.541214e+03,hit,1.573044,-78.766572,13.905132,3.892843e+04,1.623375e+05,-2.966385e+04
1328,1.541993e+03,miss,40.965223,-5.359342,-68.506408,-8.982395e+04,4.903519e+04,1.352427e+05
1329,1.542370e+03,miss,12.677764,-14.459995,-77.654252,-6.016625e+04,7.409345e+03,1.584157e+05
1330,1.542764e+03,miss,-51.241093,5.398780,61.198068,9.913572e+04,-5.218247e+04,-1.273846e+05
1331,1.542956e+03,miss,50.761182,44.944643,-42.465062,-1.229851e+05,-8.979005e+04,7.479139e+04
1332,1.543166e+03,miss,-29.351821,-51.444037,-53.777148,9.372261e+04,9.783363e+04,1.021269e+05
1333,1.543920e+03,miss,2.851941,5.974554,-79.725599,-2.494511e+04,2.462231e+04,1.660446e+05
1334,1.544129e+03,miss,-41.277031,-29.486152,-61.860921,1.023043e+05,2.254613e+04,1.335243e+05
1335,1.544884e+03,miss,15.882557,-6.983799,-78.095909,5.372121e+03,-2.082136e+03,1.696588e+05
1336,1.546812e+03,miss,-21.278725,-23.566656,73.429072,1.863257e+04,7.999888e+04,-1.486818e+05
1337,1.548557e+03,hit,45.529311,-49.227103,43.632261,-9.456397e+04,1.185709e+05,-7.670997e+04
1338,1.549161e+03,miss,-60.899688,-36.383993,-36.978818,1.473256e+05,4.634708e+04,7.102260e+04
1339,1.549707e+03,miss,-9.249689,-16.486305,77.734452,-2.178486e+04,2.497642e+04,-1.667599e+05
1340,1.550295e+03,miss,6.332650,10.147286,-79.100759,-4.624296e+04,-4.200467e+04,1.581626e+05
1341,1.550698e+03,hit,64.976458,39.295254,-25.178224,-1.407244e+05,-6.644929e+04,6.860668e+04
1342,1.550883e+03,hit,-27.873453,-74.536258,-8.210778,9.150131e+04,1.425146e+05,1.569340e+04
1343,1.552630e+03,miss,23.289619,36.482995,67.279898,-7.963452e+04,-4.763923e+04,-1.426556e+05
1344,1.553218e+03,hit,-74.215032,25.199416,16.034912,1.441416e+05,-8.016578e+04,-4.206445e+04
1345,1.555152e+03,miss,-4.886207,-8.345048,-79.413382,5.165818e+02,-2.359494e+04,1.686767e+05
1346,1.555741e+03,miss,19.342217,0.593373,77.624265,1.362375e+03,-3.962418e+03,-1.703005e+05
1347,1.556119e+03,miss,-68.843646,-23.707951,33.143407,1.569022e+05,1.412034e+04,-6.487826e+04
1348,1.556287e+03,hit,13.174030,-78.907138,0.329412,-6.822102e+04,1.561259e+05,-7.663380e+02
1349,1.557297e+03,miss,-0.276740,-23.827218,76.368757,-8.725535e+03,8.387790e+04,-1.481121e+05
1350,1.558433e+03,miss,27.713181,40.648732,63.084548,-7.248563e+04,-4.865726e+04,-1.464525e+05
1351,1.558644e+03,hit,-77.142057,21.170513,-0.955178,1.623135e+05,-5.220747e+04,1.634881e+03
1352,1.559217e+03,miss,2.678684,76.167668,-24.316888,2.809268e+04,-1.564762e+05,6.173041e+04
1353,1.559612e+03,hit,30.962001,-69.285275,25.316106,-3.053584e+04,1.554528e+05,-6.319828e+04
1354,1.560185e+03,miss,-32.726355,-68.548263,25.102217,4.489598e+04,1.503605e+05,-6.692366e+04
1355,1.560581e+03,miss,2.061632,-0.743649,79.969973,3.732305e+04,2.044544e+02,-1.664844e+05
1356,1.560775e+03,hit,-58.604140,54.240024,-4.855373,1.350686e+05,-1.033758e+05,1.355066e+04
1357,1.560960e+03,miss,-23.628949,18.338809,-74.198119,8.066133e+04,-1.373428e+04,1.497407e+05
1358,1.561550e+03,miss,23.301312,44.538803,-62.236194,-4.499946e+04,-6.170660e+04,1.526287e+05
1359,1.562140e+03,miss,-0.818307,-1.117269,79.988012,2.285323e+04,3.769098e+04,-1.649130e+05
1360,1.562924e+03,miss,1.572344,-3.033223,79.927012,3.575957e+04,2.032396e+04,-1.657166e+05
1361,1.563699e+03,miss,-19.473936,-39.838019,66.586020,1.157517e+04,6.235612e+04,-1.585749e+05
1362,1.564273e+03,miss,-61.356448,-7.360476,50.805607,1.417169e+05,-1.155430e+04,-9.466676e+04
1363,1.564290e+03,miss,0.812179,2.059359,79.969365,3.877193e+04,-1.339004e+04,-1.658214e+05
1364,1.564669e+03,miss,-66.754335,40.649769,17.072054,1.599207e+05,-4.789654e+04,-3.629957e+04
1365,1.565454e+03,miss,-31.371757,-10.758140,-72.801616,9.450778e+04,3.490954e+04,1.380239e+05
1366,1.566213e+03,hit,13.952182,-78.574096,5.607858,-4.227128e+04,1.648618e+05,-1.577603e+04
1367,1.566230e+03,miss,2.186289,-11.138005,-79.190688,4.962544e+03,-1.791438e+04,1.699115e+05
1368,1.566804e+03,miss,-1.377185,28.029326,-74.916355,-3.214893e+04,-3.526708e+04,1.641611e+05
1369,1.567015e+03,hit,-11.242430,-1.145505,-79.197826,3.978661e+04,-3.513241e+04,1.625203e+05
1370,1.567184e+03,miss,56.858174,52.195782,21.041587,-1.187130e+05,-1.175774e+05,-3.627728e+04
1371,1.569169e+03,hit,-75.428295,23.235787,-13.064093,1.630417e+05,-3.671041e+04,3.660648e+04
1372,1.570140e+03,miss,-0.037019,0.438845,79.998788,3.538325e+04,2.095953e+04,-1.661239e+05
1373,1.570690e+03,miss,-26.595986,-56.324813,-50.201284,1.938770e+04,1.187600e+05,1.217326e+05
1374,1.571281e+03,miss,9.900739,36.793536,-70.343522,-5.253465e+04,-9.021475e+04,1.356875e+05
1375,1.571493e+03,miss,-13.252336,-25.545367,-74.644557,-2.943644e+03,2.678547e+04,1.690784e+05
1376,1.573057e+03,miss,8.429390,-1.517225,79.540200,-4.752735e+04,-2.442371e+04,-1.627497e+05
1377,1.573421e+03,miss,-16.707587,-74.151289,-24.948805,-3.492333e+03,1.638421e+05,4.993171e+04
1378,1.574411e+03,miss,-14.927048,-66.345907,42.135542,-4.494631e+03,1.500653e+05,-8.263325e+04
1379,1.579899e+03,miss,-13.190688,69.874003,36.655551,-1.391132e+04,-1.527616e+05,-7.707672e+04
1380,1.580280e+03,miss,-8.238524,-42.779633,-67.097166,-1.896354e+04,7.239881e+04,1.545197e+05
1381,1.580662e+03,miss,-26.471577,27.308976,70.380931,5.099526e+04,-9.146965e+04,-1.360789e+05
1382,1.582018e+03,miss,-70.555120,-9.430157,36.510918,1.381306e+05,2.223739e+04,-9.967652e+04
1383,1.583418e+03,miss,33.448543,53.592045,49.082458,-3.572718e+04,-1.165901e+05,-1.211049e+05
1384,1.584394e+03,miss,-46.579823,-32.172196,56.526719,9.331554e+04,9.769041e+04,-1.063160e+05
1385,1.585158e+03,miss,-1.540630,2.781194,-79.936796,-3.602644e+04,-2.010278e+04,1.669327e+05
1386,1.585540e+03,miss,25.417791,-61.642375,-44.205808,-9.022295e+04,1.080771e+05,9.876659e+04
1387,1.585948e+03,miss,-42.987120,-65.620759,15.685134,7.618775e+04,1.516793e+05,-2.778661e+04
1388,1.586330e+03,miss,-78.580937,4.864885,14.190464,1.701876e+05,-5.024846e+03,-2.452194e+04
1389,1.586729e+03,miss,0.167334,-5.807137,79.788778,2.803478e+03,5.282827e+04,-1.637045e+05
1390,1.586925e+03,miss,6.147451,26.641630,-75.182660,2.649138e+04,-4.034363e+04,1.651427e+05
1391,1.587112e+03,hit,-51.156673,61.447970,-2.672429,7.359512e+04,-1.554185e+05,5.816033e+03
1392,1.587307e+03,miss,1.085013,-22.338831,76.810151,3.172422e+04,2.148343e+04,-1.677518e+05
1393,1.589092e+03,miss,-8.647034,46.983394,64.170004,2.768560e+03,-6.977224e+04,-1.573725e+05
1394,1.589857e+03,miss,-45.843218,54.272718,36.781400,6.545362e+04,-1.404459e+05,-7.514636e+04
1395,1.590070e+03,miss,63.379617,31.742126,37.087215,-1.151775e+05,-8.189375e+04,-9.842616e+04
1396,1.591601e+03,miss,6.294174,-5.125764,79.587122,-3.902343e+04,4.182625e+04,-1.625314e+05
1397,1.593175e+03,miss,-24.766812,29.019113,-70.317111,8.294423e+04,-6.923266e+04,1.343323e+05
1398,1.596922e+03,hit,56.967060,54.870828,-11.997763,-1.470615e+05,-8.550454e+04,2.915248e+04
1399,1.597332e+03,hit,56.070346,56.967981,-3.281072,-1.054011e+05,-1.363907e+05,9.154491e+03
1400,1.598116e+03,miss,-56.385716,-45.982260,33.260831,9.093443e+04,1.287485e+05,-7.046275e+04
1401,1.598499e+03,miss,2.018111,-8.573337,-79.513679,-3.389796e+04,-1.224504e+04,1.688739e+05
1402,1.599890e+03,miss,9.021365,60.880953,51.108948,-2.949010e+04,-1.065396e+05,-1.327516e+05
1403,1.602620e+03,miss,-46.972609,49.610500,-41.621776,1.056376e+05,-1.153179e+05,7.373424e+04
1404,1.603645e+03,miss,-16.049770,-7.613969,-78.002772,-6.271979e+03,3.070201e+04,1.700924e+05
1405,1.604627e+03,miss,-44.094101,44.350389,-49.887406,6.971591e+04,-9.002375e+04,1.302579e+05
1406,1.604798e+03,miss,56.470342,37.635977,-42.363117,-1.104378e+05,-1.071939e+05,7.904334e+04
1407,1.605182e+03,miss,-6.558172,26.191285,-75.306089,5.401627e+04,-4.241593e+04,1.588244e+05
1408,1.606379e+03,miss,34.300937,63.566165,-34.391692,-5.083425e+04,-1.526873e+05,6.377180e+04
1409,1.608730e+03,miss,3.270444,19.763869,77.451234,-2.017721e+04,-7.665545e+04,-1.540294e+05
1410,1.610125e+03,miss,-5.767250,-61.483126,-50.858274,1.942456e+04,1.089556e+05,1.333628e+05
1411,1.611126e+03,miss,-41.097028,-31.006544,-61.234210,8.024117e+04,9.834421e+04,1.180792e+05
1412,1.612308e+03,miss,-35.867131,29.485304,65.147262,1.077227e+05,-4.980357e+04,-1.264531e+05
1413,1.613078e+03,miss,-51.850351,59.793678,-11.672924,1.006695e+05,-1.397494e+05,2.061769e+04
1414,1.613292e+03,miss,42.328337,38.526509,-55.892934,-5.621056e+04,-8.737191e+04,1.389240e+05
1415,1.613678e+03,miss,-44.259444,66.599084,-2.379846,1.277734e+05,-1.172605e+05,4.946681e+03
1416,1.617020e+03,miss,-20.414702,1.129785,77.343154,3.667632e+03,-1.792944e+04,-1.727078e+05
1417,1.618007e+03,miss,-77.707063,11.271581,-15.315476,1.677986e+05,-3.605478e+04,2.692525e+04
1418,1.618419e+03,miss,-33.970905,51.962933,50.456231,4.961709e+04,-1.352124e+05,-9.718401e+04
1419,1.618436e+03,miss,26.677350,-22.806846,-71.889963,-1.571420e+04,4.779551e+04,1.663068e+05
1420,1.618822e+03,miss,37.091615,11.675200,69.913531,-6.510222e+04,-6.473588e+04,-1.475380e+05
1421,1.621011e+03,miss,6.114772,-5.063393,-79.605098,-5.377318e+04,1.502707e+04,1.646813e+05
1422,1.621783e+03,miss,51.734793,-56.583249,-22.843972,-9.553699e+04,1.392759e+05,4.155292e+04
1423,1.622771e+03,miss,14.684836,-78.056203,9.569994,-4.618941e+04,1.668855e+05,-1.690943e+04
1424,1.623184e+03,hit,-77.241508,17.337858,11.538986,1.544087e+05,-7.662378e+04,-2.376135e+04
1425,1.624962e+03,miss,-25.988810,-69.465092,-29.986377,4.616480e+04,1.591659e+05,5.334832e+04
1426,1.626751e+03,miss,75.218372,19.113309,-19.413345,-1.477073e+05,-7.901785e+04,4.778217e+04
1427,1.627569e+03,miss,-12.452808,-60.182664,51.214983,2.424532e+04,1.069506e+05,-1.354008e+05
1428,1.629505e+03,miss,44.576315,-66.327111,-3.696816,-1.302181e+05,1.156265e+05,8.337085e+03
1429,1.629548e+03,hit,-8.401148,-6.509552,-79.290898,3.887600e+04,-2.307351e+04,1.683830e+05
1430,1.632691e+03,miss,-23.236292,-1.269339,76.540600,6.773278e+04,3.802743e+04,-1.562734e+05
1431,1.633682e+03,miss,12.707519,-1.513193,78.969799,9.589474e+03,2.593860e+04,-1.723627e+05
1432,1.634484e+03,miss,-39.923145,-45.410918,-52.383118,9.013731e+04,1.150079e+05,9.558818e+04
1433,1.634872e+03,miss,-44.121049,66.473820,5.879146,8.688186e+04,-1.511296e+05,-1.035720e+04
1434,1.635881e+03,miss,59.180513,-4.880957,53.608237,-1.322628e+05,-2.967782e+04,-1.101838e+05
1435,1.636485e+03,miss,-5.004818,-0.461173,-79.841963,-3.119567e+04,1.035410e+04,1.715972e+05
1436,1.637460e+03,miss,-13.529113,-10.985099,78.078747,5.372117e+04,-1.105325e+04,-1.659398e+05
1437,1.640438e+03,hit,-59.386055,-19.517967,-49.923396,1.161643e+05,1.557078e+04,1.298580e+05
1438,1.640654e+03,miss,-11.508603,57.918211,53.972520,-1.715163e+04,-1.198174e+05,-1.263066e+05
1439,1.640853e+03,miss,25.334887,-23.075926,-72.288624,-8.416347e+04,1.995407e+04,1.520717e+05
1440,1.641087e+03,miss,-51.060514,61.082885,-7.855262,1.387904e+05,-1.046708e+05,1.982528e+04
1441,1.641259e+03,miss,-5.240649,4.832694,-79.681746,-3.030143e+04,1.267310e+03,1.723231e+05
1442,1.641432e+03,miss,-61.023937,33.335912,-39.557503,1.246524e+05,-5.727589e+04,1.086255e+05
1443,1.641648e+03,miss,0.816844,-41.773577,68.222438,-6.998431e+03,5.339654e+04,-1.664995e+05
1444,1.642037e+03,hit,-16.346737,-78.151450,-5.013482,1.309718e+04,1.739529e+05,1.408451e+04
1445,1.643463e+03,miss,2.534217,-0.195107,-79.959613,3.593670e+04,1.131773e+04,1.709871e+05
1446,1.645651e+03,miss,45.743498,21.217786,62.107471,-7.766645e+04,-1.946031e+04,-1.558402e+05
1447,1.645841e+03,miss,-11.966922,-35.008211,-70.931079,4.775237e+04,9.773106e+04,1.373639e+05
1448,1.646447e+03,miss,-55.494731,-38.776712,-42.622781,1.429366e+05,4.968536e+04,8.838708e+04
1449,1.646836e+03,miss,-42.916395,23.782824,63.186710,1.174526e+05,-5.288975e+04,-1.188554e+05
1450,1.647252e+03,miss,13.411043,-13.545142,77.696030,-6.845618e+04,2.455422e+04,-1.594918e+05
1451,1.647641e+03,miss,-8.938764,-1.202332,79.489955,5.987455e+04,-5.330179e+02,-1.647690e+05
1452,1.648031e+03,miss,69.368461,11.605461,38.122564,-1.510167e+05,-5.304497e+04,-7.156481e+04
1453,1.648247e+03,hit,72.007872,-2.515998,-34.764006,-1.452416e+05,2.417740e+04,9.521392e+04
1454,1.649243e+03,miss,4.931887,-1.387525,79.835777,6.904940e+03,4.187118e+04,-1.701854e+05
1455,1.649460e+03,miss,12.361279,72.696511,-31.022830,-2.595019e+03,-1.657011e+05,5.748377e+04
1456,1.650629e+03,miss,74.242941,-24.214848,-17.367407,-1.626800e+05,5.819217e+04,3.063796e+04
1457,1.650846e+03,miss,15.748141,-24.713996,-74.439334,-4.989520e+04,8.302978e+04,1.463228e+05
1458,1.651236e+03,hit,20.237551,-68.825021,-35.405622,-5.861020e+02,1.556493e+05,8.108059e+04
1459,1.652232e+03,miss,0.648238,7.285719,79.664911,1.112494e+04,-5.505962e+04,-1.663261e+05
1460,1.652406e+03,miss,-11.269815,25.300282,75.052562,-9.178986e+03,-7.874909e+04,-1.566437e+05
1461,1.653012e+03,miss,17.255423,-1.660947,-78.099242,-8.220518e+03,3.605366e+04,1.716590e+05
1462,1.653229e+03,hit,-14.876426,-75.652082,-21.341378,6.909021e+04,1.520859e+05,5.417299e+04
1463,1.653446e+03,miss,-33.919698,11.018403,71.610397,9.746252e+04,6.839756e+03,-1.459336e+05
1464,1.654010e+03,miss,-8.660267,-46.696771,64.377103,5.727360e+04,1.027112e+05,-1.304722e+05
1465,1.655051e+03,hit,-17.961552,70.317526,33.657514,-4.498938e+03,-1.588093e+05,-7.504418e+04
1466,1.655615e+03,miss,2.537455,-23.996309,76.274101,1.295828e+04,8.433682e+04,-1.536300e+05
1467,1.656031e+03,miss,22.555186,-4.136566,-76.643019,-4.211320e+04,5.089166e+04,1.628714e+05
1468,1.657029e+03,hit,-68.955989,-27.160019,-30.123163,1.581259e+05,1.921525e+04,7.440545e+04
1469,1.657220e+03,hit,42.512904,64.525691,-20.714445,-1.188675e+05,-1.175464e+05,5.446185e+04
1470,1.657654e+03,miss,57.897778,-54.673726,7.657087,-1.493572e+05,9.062590e+04,-2.000543e+04
1471,1.658653e+03,miss,-33.844719,-24.396547,68.259384,3.405079e+04,5.116895e+04,-1.648082e+05
1472,1.659852e+03,miss,-0.399116,26.658414,75.426585,-3.267695e+04,-2.999783e+04,-1.702768e+05
1473,1.660026e+03,miss,-0.209020,6.629461,79.724567,-2.946523e+04,1.696222e+04,-1.726533e+05
1474,1.660043e+03,miss,-68.165886,36.271241,-20.923887,1.640837e+05,-3.902993e+04,5.018561e+04
1475,1.661025e+03,miss,33.315690,-29.794502,-66.350226,-3.860265e+04,5.068451e+04,1.640873e+05
1476,1.662633e+03,hit,79.502263,8.408941,2.946167,-1.743405e+05,2.408778e+04,-6.234724e+03
1477,1.662651e+03,hit,45.224075,51.374712,41.417654,-1.177674e+05,-7.915962e+04,-1.043006e+05
1478,1.663025e+03,hit,-76.485252,-5.916209,22.693716,1.640077e+05,-6.683371e+03,-6.385781e+04
1479,1.664851e+03,miss,31.855855,-57.360100,-45.771426,-8.869141e+04,9.655672e+04,1.177528e+05
1480,1.665635e+03,miss,39.922571,22.516552,65.568233,-1.158840e+05,-3.233923e+04,-1.288207e+05
1481,1.665852e+03,hit,-16.620480,-59.583548,50.730271,5.196026e+04,1.400528e+05,-9.359007e+04
1482,1.666636e+03,hit,72.238190,-33.858087,-5.939175,-1.680899e+05,5.056900e+04,1.664147e+04
1483,1.668464e+03,hit,-8.680022,5.694078,79.323607,-1.647066e+03,-4.975509e+04,-1.692460e+05
1484,1.668856e+03,miss,-25.585740,-46.755093,-59.660131,4.915164e+04,7.164984e+04,1.535585e+05
1485,1.670277e+03,miss,-27.026437,53.378504,53.106563,1.633046e+04,-1.269310e+05,-1.215654e+05
1486,1.670468e+03,miss,58.926834,31.274028,44.153860,-1.000752e+05,-9.917653e+04,-1.063431e+05
1487,1.671689e+03,miss,49.624290,-8.375035,-62.187528,-7.529244e+04,2.521986e+04,1.577265e+05
1488,1.672064e+03,miss,19.335318,16.774816,-75.794136,-2.460471e+04,2.879502e+03,1.748598e+05
1489,1.673111e+03,miss,62.388612,-4.061965,-49.911537,-1.510084e+05,5.628670e+03,9.150918e+04
1490,1.673678e+03,miss,-79.845630,2.729204,4.150525,1.758579e+05,1.537649e+04,-7.568364e+03
1491,1.674725e+03,miss,60.867147,23.518356,-46.282581,-1.213522e+05,-8.800528e+04,9.363749e+04
1492,1.675309e+03,miss,-10.422354,-68.142814,40.594722,6.422136e+04,1.405175e+05,-8.591055e+04
1493,1.676296e+03,miss,-11.118699,-11.000337,78.456148,3.980963e+04,6.015010e+04,-1.614488e+05
1494,1.676689e+03,miss,-18.429511,-72.422744,28.553446,-1.988822e+03,1.659220e+05,-6.117040e+04
1495,1.676907e+03,miss,3.250492,6.093929,79.701307,-8.516000e+03,3.034145e+04,-1.740312e+05
1496,1.677344e+03,miss,-23.720525,33.631216,68.602318,5.418376e+04,-3.290063e+04,-1.651357e+05
1497,1.677518e+03,miss,67.761084,11.776476,-40.862576,-1.310188e+05,-6.232130e+04,1.012003e+05
1498,1.678348e+03,miss,30.987464,4.778093,-73.599911,-8.983308e+04,-3.850842e+04,1.474923e+05
1499,1.678523e+03,miss,-21.889462,67.557859,-36.834592,7.999783e+04,-1.270783e+05,9.360323e+04
1500,1.678916e+03,miss,-45.243708,-15.548953,64.118928,1.113954e+05,-7.007096e+03,-1.373296e+05
1501,1.679309e+03,miss,-58.132264,-41.198714,-36.377271,1.448443e+05,7.613827e+04,6.743782e+04
1502,1.679746e+03,miss,-34.717085,-18.360619,-69.696569,4.203112e+04,6.827253e+04,1.578138e+05
1503,1.680140e+03,miss,3.032393,-25.117490,75.894112,3.679060e+04,4.994565e+04,-1.658076e+05
1504,1.680533e+03,miss,36.020634,6.585571,-71.127661,-5.998519e+04,-5.421046e+04,1.575138e+05
1505,1.680752e+03,miss,-28.081241,48.666848,-56.947184,8.177387e+04,-1.150759e+05,1.068749e+05
1506,1.681145e+03,hit,77.094246,-8.396488,-19.646278,-1.672406e+05,1.158300e+04,5.705642e+04
1507,1.682763e+03,miss,-69.389470,18.357673,-35.328420,1.449667e+05,-2.462259e+04,9.883118e+04
1508,1.683577e+03,miss,56.918233,34.465881,44.411910,-1.225184e+05,-9.768671e+04,-8.277045e+04
1509,1.684758e+03,miss,53.007629,-3.462353,-59.818086,-1.216974e+05,4.470804e+04,1.209023e+05
1510,1.685590e+03,miss,-54.155734,-58.359292,7.832587,8.642113e+04,1.535728e+05,-1.971631e+04
1511,1.686378e+03,miss,41.237986,-67.971359,-8.906336,-1.243642e+05,1.244881e+05,2.220149e+04
1512,1.686772e+03,hit,8.155349,9.298166,-79.038183,-4.269234e+04,1.529538e+04,1.714859e+05
1513,1.687385e+03,miss,78.286444,-5.702128,-15.450516,-1.749952e+05,-7.397704e+03,2.823805e+04
1514,1.688612e+03,miss,73.404127,0.861687,31.797666,-1.677252e+05,-8.807872e+03,-5.734971e+04
1515,1.689225e+03,miss,-62.823378,-13.315899,-47.706499,1.520834e+05,2.647545e+04,8.763235e+04
1516,1.689620e+03,miss,-34.782944,-50.945929,-50.937797,8.181436e+04,1.264418e+05,9.399999e+04
1517,1.690830e+03,hit,19.723881,-0.966182,-77.524416,-7.889085e+04,1.536435e+04,1.583662e+05
1518,1.691838e+03,miss,-51.970446,38.045058,47.451516,1.028864e+05,-1.120911e+05,-9.169772e+04
1519,1.692075e+03,hit,-2.598126,-77.575683,-19.371711,3.166830e+04,1.662510e+05,5.404272e+04
1520,1.693479e+03,miss,1.768047,2.011867,79.955152,-4.551710e+04,-1.396585e+04,-1.712374e+05
1521,1.695085e+03,miss,44.591564,12.935665,-65.147993,-1.229901e+05,-3.113259e+04,1.245924e+05
1522,1.695700e+03,miss,33.088068,-8.534735,72.334902,-8.001266e+04,-2.410291e+04,-1.569954e+05
1523,1.696095e+03,hit,-12.997107,-6.104106,78.700795,3.163062e+04,-3.032379e+04,-1.723887e+05
1524,1.696113e+03,miss,57.830036,19.810754,51.606404,-1.200101e+05,-8.009707e+04,-1.040204e+05
1525,1.697105e+03,miss,37.258507,15.446052,-69.088517,-4.380309e+04,-2.701493e+04,1.703180e+05
1526,1.697720e+03,miss,1.160601,-10.545129,79.293463,-1.431326e+03,-2.105455e+04,-1.766999e+05
1527,1.698731e+03,miss,66.447433,42.891732,-12.043175,-1.275190e+05,-1.219840e+05,2.336355e+04
1528,1.699346e+03,miss,77.997960,-17.619090,2.426087,-1.776992e+05,1.001938e+04,-4.598924e+03
1529,1.700973e+03,miss,-3.966818,-3.517257,-79.824140,-2.055994e+04,3.951566e+04,1.724665e+05
1530,1.703217e+03,miss,-48.304166,-56.539087,29.496427,1.107653e+05,1.291271e+05,-5.317868e+04
1531,1.703393e+03,miss,-61.233980,-10.815868,-50.333058,1.138984e+05,5.948441e+04,1.235426e+05
1532,1.703595e+03,miss,43.661504,31.996512,-58.905826,-1.232371e+05,-4.082689e+04,1.221621e+05
1533,1.703789e+03,miss,-50.547040,-55.688623,-27.272222,7.569461e+04,1.471740e+05,6.626863e+04
1534,1.704211e+03,miss,4.635669,-1.271937,-79.855449,-5.187600e+04,-5.121486e+03,1.705050e+05
1535,1.704405e+03,miss,11.198869,13.475869,78.057583,-1.756628e+04,1.410548e+04,-1.768767e+05
1536,1.704625e+03,hit,-50.810157,59.035258,18.252844,8.581213e+04,-1.481392e+05,-4.988060e+04
1537,1.705224e+03,miss,33.300719,-23.807555,68.733270,-3.342740e+04,4.901611e+04,-1.681910e+05
1538,1.705638e+03,miss,-6.173764,-1.953755,79.737491,4.836819e+04,-2.015637e+04,-1.704997e+05
1539,1.706237e+03,miss,66.623940,29.905726,32.663408,-1.595694e+05,-5.234092e+04,-6.020877e+04
1540,1.706457e+03,miss,8.223870,12.611139,-78.570523,-6.588110e+03,1.508357e+04,1.776521e+05
1541,1.708087e+03,hit,-7.651078,26.603533,-75.058064,1.526771e+04,-9.381107e+04,1.510893e+05
1542,1.708484e+03,miss,18.665679,-3.988757,-77.689653,-2.944620e+04,5.063558e+04,1.686355e+05
1543,1.710291e+03,miss,3.404266,-5.901548,-79.709364,-5.002879e+04,1.565527e+04,1.707476e+05
1544,1.710309e+03,miss,66.458560,38.547080,-22.302073,-1.210924e+05,-1.214563e+05,4.988019e+04
1545,1.710512e+03,miss,23.073603,-28.624191,71.051140,-7.700785e+03,7.330949e+04,-1.627060e+05
1546,1.711129e+03,miss,-36.062375,38.463520,-60.166957,1.102484e+05,-7.591917e+04,1.183212e+05
1547,1.712762e+03,miss,21.434680,-14.040700,-75.785310,-1.843625e+04,6.397726e+04,1.658788e+05
1548,1.713379e+03,miss,-43.761917,49.905199,-44.658322,1.267462e+05,-7.761622e+04,9.935510e+04
1549,1.713997e+03,miss,4.766575,54.025161,-58.809538,-2.461206e+04,-8.978603e+04,1.526583e+05
1550,1.714174e+03,miss,48.725173,-45.102917,44.627171,-1.194099e+05,1.047335e+05,-8.214192e+04
1551,1.714395e+03,hit,-60.637311,-17.915054,-49.011911,1.253304e+05,5.844295e+03,1.274260e+05
1552,1.714792e+03,miss,-74.533783,12.579522,-26.200587,1.603103e+05,-6.061379e+04,5.111972e+04
1553,1.715013e+03,miss,78.197279,-15.175563,-7.408638,-1.718290e+05,4.780331e+04,1.343223e+04
1554,1.715410e+03,miss,79.829787,-2.640970,4.497820,-1.744727e+05,-3.820176e+04,-9.903221e+03
1555,1.715587e+03,miss,-76.220401,18.969484,-15.185822,1.760144e+05,-8.915554e+02,3.193149e+04
1556,1.716409e+03,miss,-73.219979,-15.317752,-28.358440,1.494070e+05,6.007261e+04,7.801051e+04
1557,1.719458e+03,hit,54.048443,44.420971,38.801328,-1.313256e+05,-6.575558e+04,-1.024865e+05
1558,1.719679e+03,hit,64.788665,-46.917065,-1.103559,-1.144419e+05,1.377488e+05,2.473020e+03
1559,1.720095e+03,miss,12.445556,66.437028,-42.792867,1.550763e+04,-1.524872e+05,9.269698e+04
1560,1.720917e+03,miss,-2.118758,-32.380319,-73.123360,-2.993231e+04,4.456714e+04,1.709349e+05
1561,1.721112e+03,miss,-65.465745,-3.932168,45.812381,1.501914e+05,3.953276e+04,-8.935460e+04
1562,1.721315e+03,miss,-1.554505,-7.819667,79.601736,2.014855e+04,-2.373515e+04,-1.764625e+05
1563,1.722129e+03,hit,-12.466175,77.200889,16.870604,-1.057289e+04,-1.756135e+05,-3.422889e+04
1564,1.722731e+03,miss,33.007913,-4.666467,72.723461,-3.169929e+04,1.644533e+04,-1.756686e+05
1565,1.723174e+03,hit,77.490417,-12.027063,15.829879,-1.702529e+05,3.104563e+04,-4.683089e+04
1566,1.724989e+03,hit,-50.071310,-62.089317,-6.146588,9.138470e+04,1.533515e+05,1.757904e+04
1567,1.725831e+03,miss,-17.381136,27.456898,-73.102769,2.141462e+04,-9.516558e+04,1.505905e+05
1568,1.726229e+03,miss,63.086712,28.970984,-39.758633,-1.139556e+05,-9.663848e+04,9.937370e+04
1569,1.726407e+03,miss,79.265319,8.859582,-6.206210,-1.765160e+05,-3.032353e+04,1.122049e+04
1570,1.726628e+03,miss,-2.802978,69.896320,-38.815561,3.259223e+04,-1.601723e+05,7.409472e+04
1571,1.726850e+03,hit,71.781893,14.746722,32.091962,-1.642175e+05,1.149655e+04,-7.149826e+04
1572,1.727027e+03,miss,-17.852719,5.161880,77.811538,7.837238e+04,-8.177000e+03,-1.612631e+05
1573,1.727426e+03,miss,20.120166,56.991909,-52.412796,-3.807541e+04,-1.028564e+05,1.421025e+05
1574,1.727630e+03,miss,-42.456762,-65.377016,17.979689,6.066201e+04,1.649221e+05,-3.670058e+04
1575,1.728250e+03,miss,-52.475164,18.803704,57.382732,1.214813e+05,-7.054351e+04,-1.118195e+05
1576,1.728268e+03,miss,-41.032629,-66.401515,17.526041,8.838143e+04,1.530535e+05,-3.164434e+04
1577,1.728871e+03,miss,27.312524,6.399231,74.920464,-2.124973e+04,-3.423833e+04,-1.750013e+05
1578,1.730707e+03,miss,-68.337152,-9.916014,-40.394385,1.511022e+05,5.559766e+04,7.975295e+04
1579,1.731532e+03,miss,11.186146,-0.541450,79.212227,-2.353560e+04,-4.249552e+04,-1.730292e+05
1580,1.732348e+03,miss,-22.673871,-20.659598,-73.885564,6.773811e+04,4.679237e+03,1.664446e+05
1581,1.733574e+03,miss,21.006289,33.869072,69.365855,-8.126564e+04,-4.770578e+04,-1.531569e+05
1582,1.733991e+03,hit,-42.820294,67.545778,-1.997584,1.141186e+05,-1.389530e+05,3.709729e+03
1583,1.735217e+03,miss,-29.253783,-72.476296,-17.070520,5.552741e+04,1.682813e+05,3.107671e+04
1584,1.735439e+03,miss,-26.370379,-39.279977,-64.511135,9.538616e+04,7.307252e+04,1.339166e+05
1585,1.736016e+03,hit,-32.185485,72.088416,-12.936568,3.153014e+04,-1.741162e+05,3.274082e+04
1586,1.736238e+03,miss,-13.296648,50.393943,-60.693078,-1.429887e+04,-1.186955e+05,1.345125e+05
1587,1.737038e+03,hit,-25.717730,-60.734577,45.275927,9.174254e+04,1.088311e+05,-1.101849e+05
1588,1.737483e+03,hit,41.337451,66.014226,-18.257522,-1.230607e+05,-1.224363e+05,4.770040e+04
1589,1.738060e+03,miss,41.493062,53.735315,42.318339,-7.180480e+04,-1.154774e+05,-1.180242e+05
1590,1.738487e+03,miss,-78.154860,-14.548812,-8.952646,1.619785e+05,7.591807e+04,2.068923e+04
1591,1.738505e+03,miss,-39.749118,-58.875339,-36.792690,4.807406e+04,1.508750e+05,8.575893e+04
1592,1.739705e+03,hit,-73.191627,-23.063576,22.606576,1.718764e+05,7.258530e+03,-5.345256e+04
1593,1.739750e+03,miss,-7.193740,-66.118884,-44.458332,1.512922e+04,1.594983e+05,8.236263e+04
1594,1.739928e+03,miss,-77.479665,0.360823,19.919120,1.713529e+05,3.793565e+04,-4.067648e+04
1595,1.741974e+03,miss,-25.953200,-59.460283,-46.807116,1.498494e+04,1.385865e+05,1.142932e+05
1596,1.742179e+03,miss,-2.742339,-79.754747,-5.626713,6.458243e+02,1.799826e+05,1.016655e+04
1597,1.742197e+03,miss,-12.174510,-0.666769,79.065395,2.388040e+04,4.510688e+04,-1.728958e+05
1598,1.743221e+03,miss,-32.979440,72.019002,11.208029,1.096031e+05,-1.402535e+05,-2.886254e+04
1599,1.743844e+03,miss,-15.928165,-68.355292,38.390723,-8.447190e+03,1.541902e+05,-9.318043e+04
1600,1.744022e+03,miss,46.442940,37.791095,-53.055504,-6.704174e+04,-1.003516e+05,1.340405e+05
1601,1.744851e+03,miss,-6.887600,-53.350178,59.214183,-1.526782e+04,1.348145e+05,-1.189087e+05
1602,1.749798e+03,miss,-79.489544,3.552150,8.294250,1.797996e+05,-9.314438e+03,-1.499919e+04
1603,1.750824e+03,miss,-9.293705,14.201304,78.178961,4.148535e+04,8.035551e+03,-1.757076e+05
1604,1.751002e+03,miss,45.000256,-22.800173,-62.089686,-6.374925e+04,6.929366e+04,1.542612e+05
1605,1.751431e+03,miss,-10.592529,8.230105,-78.867381,5.393630e+04,1.291192e+04,1.720298e+05
1606,1.751449e+03,miss,76.579266,3.323529,22.903496,-1.733482e+05,2.476034e+04,-4.480809e+04
1607,1.752457e+03,miss,-7.835197,-24.339782,75.803593,-1.418246e+04,8.095007e+04,-1.610440e+05
1608,1.753904e+03,miss,54.111579,57.343412,-13.552493,-1.160061e+05,-1.365601e+05,2.470143e+04
1609,1.754109e+03,hit,76.604849,21.352082,8.705500,-1.796154e+05,-1.241801e+04,-1.744016e+04
1610,1.754752e+03,miss,-32.583056,19.196232,70.497157,8.160200e+04,-7.601054e+04,-1.424625e+05
1611,1.754931e+03,miss,-17.084790,62.781561,-46.546595,3.388441e+04,-1.549061e+05,8.712819e+04
1612,1.756164e+03,miss,-0.282224,-24.068148,-76.293149,-2.304845e+04,1.597322e+04,1.788072e+05
1613,1.756182e+03,miss,38.844224,50.860372,-48.003633,-7.191005e+04,-1.374615e+05,9.323087e+04
1614,1.758444e+03,miss,-23.758544,-2.098767,76.361815,6.609110e+04,-3.598717e+04,-1.647355e+05
1615,1.760725e+03,miss,-35.859221,-69.376764,-17.348801,1.043989e+05,1.444021e+05,3.305087e+04
1616,1.761306e+03,miss,-5.708495,-5.439405,-79.610464,1.089399e+04,-3.251395e+04,1.779845e+05
1617,1.761754e+03,miss,0.965675,-5.907152,-79.775767,-4.446128e+04,8.054182e+02,1.757419e+05
1618,1.761978e+03,hit,-6.941753,-63.572690,48.065841,3.696298e+04,1.209256e+05,-1.299137e+05
1619,1.763007e+03,miss,29.366697,-56.762144,48.121265,-9.573636e+04,1.215537e+05,-9.457946e+04
1620,1.763365e+03,miss,58.359244,36.324050,40.923856,-1.099527e+05,-1.160566e+05,-8.563865e+04
1621,1.765247e+03,miss,-6.398081,-4.705886,79.604769,5.041663e+04,3.264426e+04,-1.712318e+05
1622,1.766277e+03,miss,6.154695,1.124396,79.754971,1.081580e+04,-3.948064e+04,-1.768370e+05
1623,1.767111e+03,miss,20.928436,3.346046,-77.141458,-7.201013e+04,-3.839475e+04,1.621819e+05
1624,1.767936e+03,miss,-47.634351,27.439672,-58.120849,1.302810e+05,-5.831126e+04,1.122703e+05
1625,1.768160e+03,miss,-72.824499,-32.213392,-7.673958,1.649873e+05,7.461065e+04,1.394883e+04
1626,1.769191e+03,miss,69.485731,-23.887115,31.640779,-1.566647e+05,7.047889e+04,-5.907856e+04
1627,1.769801e+03,miss,-8.762044,-35.588139,-71.110554,-2.508207e+04,8.325785e+04,1.595361e+05
1628,1.770026e+03,miss,33.597654,9.940575,-71.919279,-3.347500e+04,-2.781882e+04,1.764157e+05
1629,1.770833e+03,miss,-0.068152,-12.345916,-79.041595,-1.790416e+04,-1.373766e+04,1.803406e+05
1630,1.771461e+03,miss,-12.517764,76.165637,21.026205,6.665774e+02,-1.772123e+05,-4.048549e+04
1631,1.772269e+03,hit,63.606634,-6.431503,-48.091911,-1.245063e+05,5.098813e+04,1.222996e+05
1632,1.773526e+03,hit,-37.184098,-70.259618,-8.996052,1.054162e+05,1.459046e+05,2.610613e+04
1633,1.773948e+03,hit,46.195397,61.951729,20.687402,-1.320124e+05,-1.123989e+05,-5.503932e+04
1634,1.775413e+03,miss,26.374186,72.471552,21.266793,-9.410501e+04,-1.496539e+05,-4.319028e+04
1635,1.776401e+03,miss,5.464209,3.580111,-79.732837,-5.073027e+04,-2.686132e+04,1.727448e+05
1636,1.776446e+03,hit,66.532692,-36.595344,25.182964,-1.243867e+05,1.199114e+05,-5.732298e+04
1637,1.776851e+03,hit,-21.871864,-76.767528,5.326183,8.708747e+04,1.592496e+05,-1.412747e+04
1638,1.777885e+03,miss,-67.699251,2.317052,42.561046,1.375224e+05,1.670189e+04,-1.182040e+05
1639,1.779531e+03,miss,0.664769,20.524056,77.319604,-1.565869e+04,-3.397090e+03,-1.814869e+05
1640,1.780565e+03,miss,-3.068310,-66.564115,44.269674,8.958194e+03,1.620337e+05,-8.293596e+04
1641,1.781213e+03,miss,-4.226134,29.042945,74.422088,5.311975e+04,-5.873186e+04,-1.641782e+05
1642,1.781600e+03,miss,19.042234,21.990451,-74.523911,-1.060102e+04,-2.038559e+04,1.808450e+05
1643,1.782023e+03,miss,3.434282,19.744261,77.449144,-1.857121e+04,-8.155433e+04,-1.620023e+05
1644,1.782636e+03,hit,-2.371911,-79.001002,12.378031,4.561564e+04,1.746503e+05,-2.585850e+04
1645,1.782861e+03,miss,78.425197,15.381428,-3.591680,-1.649044e+05,-7.734105e+04,9.013926e+03
1646,1.783086e+03,miss,-47.929438,-15.201508,62.222850,1.269039e+05,4.953382e+04,-1.212533e+05
1647,1.784302e+03,miss,-56.325970,-52.890615,20.735667,1.018197e+05,1.454661e+05,-4.189987e+04
1648,1.784707e+03,miss,-21.304800,53.735582,55.304545,4.270299e+03,-1.217754e+05,-1.358062e+05
1649,1.784752e+03,hit,-69.389360,39.555670,-4.523903,1.402800e+05,-1.163389e+05,8.856373e+03
1650,1.785356e+03,miss,-16.758771,-73.926162,-25.574718,3.123645e+03,1.750436e+05,5.150621e+04
1651,1.785788e+03,miss,-6.227163,24.985576,75.742613,4.890679e+04,-7.456443e+04,-1.592459e+05
1652,1.785986e+03,miss,4.647764,21.534489,76.906853,-3.579308e+04,-7.792960e+04,-1.611226e+05
1653,1.786599e+03,miss,40.122752,-16.334281,67.255900,-1.198683e+05,2.133735e+04,-1.360235e+05
1654,1.787862e+03,miss,41.065773,-64.860669,-22.509907,-1.252603e+05,1.195164e+05,5.809769e+04
1655,1.788267e+03,miss,-49.921075,-8.380607,61.948783,1.284907e+05,4.270949e+04,-1.225694e+05
1656,1.788493e+03,hit,17.312680,77.969239,4.590088,-4.203202e+04,-1.775510e+05,-8.389313e+03
1657,1.789079e+03,miss,-52.974479,-32.441353,-50.410944,1.277829e+05,8.856169e+04,9.592030e+04
1658,1.789530e+03,miss,-57.338757,42.903043,-35.659443,1.474859e+05,-8.367500e+04,6.802331e+04
1659,1.790550e+03,miss,-39.763727,57.020051,39.592421,1.244367e+05,-1.001492e+05,-8.880003e+04
1660,1.792852e+03,miss,45.860082,65.512143,-2.238739,-6.892893e+04,-1.693206e+05,4.696839e+03
1661,1.793258e+03,miss,75.530337,-2.218945,-26.272504,-1.705714e+05,3.973624e+04,5.269477e+04
1662,1.795562e+03,miss,-27.977215,-15.256028,73.379350,6.731464e+04,7.295907e+04,-1.537498e+05
1663,1.797234e+03,miss,-39.273205,-35.714311,-59.850676,1.198502e+05,5.334570e+04,1.277287e+05
1664,1.797432e+03,miss,1.714850,0.882432,79.976750,2.754410e+04,2.980253e+04,-1.785534e+05
1665,1.797821e+03,hit,-7.726047,77.549711,-18.065172,-7.448986e+03,-1.753026e+05,5.243036e+04
1666,1.798047e+03,hit,-72.488990,33.658956,3.524346,1.665346e+05,-7.592230e+04,-6.456056e+03
1667,1.798680e+03,hit,26.250277,66.233595,36.387276,-6.346845e+04,-1.355576e+05,-1.055810e+05
1668,1.798861e+03,miss,-32.324498,14.960233,71.633220,1.034512e+05,-8.576844e+03,-1.509275e+05
1669,1.802436e+03,miss,13.986308,-44.400588,65.061286,-7.207730e+04,7.957869e+04,-1.486392e+05
1670,1.802644e+03,miss,26.231226,46.641362,59.468530,-7.051121e+04,-6.925115e+04,-1.544598e+05
1671,1.803052e+03,hit,59.126479,43.607620,31.661252,-1.572959e+05,-5.941679e+04,-7.321637e+04
1672,1.803070e+03,miss,14.159916,-4.429248,-78.612204,-4.663910e+04,-3.187104e+04,1.744774e+05
1673,1.803251e+03,hit,-60.491960,-51.566635,9.033540,1.620418e+05,8.259870e+04,-2.359239e+04
1674,1.803296e+03,hit,-74.421749,-7.363118,-28.411051,1.675989e+05,-2.896823e+04,6.862206e+04
1675,1.804338e+03,miss,24.262921,54.391353,-53.412465,-8.013717e+04,-9.157059e+04,1.372947e+05
1676,1.805379e+03,miss,24.173133,-63.536119,42.176074,-2.709168e+04,1.607670e+05,-8.424028e+04
1677,1.805769e+03,hit,-4.828498,-33.014884,72.709718,2.567323e+04,1.049697e+05,-1.483439e+05
1678,1.805787e+03,miss,23.317508,41.607798,64.226824,-8.391381e+04,-9.965199e+04,-1.292748e+05
1679,1.806422e+03,miss,27.330907,30.164931,68.870157,-5.887654e+04,-1.022904e+05,-1.405919e+05
1680,1.807219e+03,miss,-18.063066,-57.025160,53.121151,7.961493e+03,1.168190e+05,-1.414238e+05
1681,1.808489e+03,miss,31.759295,41.379957,60.655143,-8.734113e+04,-1.101565e+05,-1.182010e+05
1682,1.808897e+03,miss,46.977326,-15.506079,-62.870441,-9.489441e+04,7.682955e+04,1.372381e+05
1683,1.809759e+03,miss,57.202096,-32.291747,-45.663588,-1.265949e+05,9.898850e+04,8.906794e+04
1684,1.809940e+03,miss,-43.100259,-9.067437,66.784349,8.810585e+04,6.381724e+04,-1.480750e+05
1685,1.810802e+03,miss,-48.519722,36.833884,-51.856548,1.374507e+05,-5.934319e+04,1.065986e+05
1686,1.811619e+03,hit,1.600136,69.909334,-38.860321,-4.894138e+04,-1.512520e+05,9.230586e+04
1687,1.812436e+03,miss,0.354227,-1.448960,79.986093,2.672022e+04,-3.208007e+04,-1.790668e+05
1688,1.812663e+03,miss,-11.000547,-26.326027,74.739068,3.503420e+04,9.373659e+04,-1.542671e+05
1689,1.812708e+03,miss,68.719427,37.871374,15.601262,-1.632214e+05,-7.959751e+04,-2.891574e+04
1690,1.813753e+03,hit,-3.146145,-74.285853,-29.524801,3.821466e+04,1.599337e+05,8.242248e+04
1691,1.814552e+03,hit,60.279231,26.462275,-45.455058,-1.223265e+05,-4.657673e+04,1.292840e+05
1692,1.815188e+03,miss,51.314720,-56.189141,24.689673,-1.454098e+05,1.002472e+05,-5.163208e+04
1693,1.815206e+03,hit,77.339244,6.935203,19.249525,-1.734141e+05,-1.995851e+04,-5.821449e+04
1694,1.815824e+03,miss,-7.884216,60.054361,-52.261964,3.581193e+04,-1.110195e+05,1.423497e+05
1695,1.815842e+03,miss,-1.455153,1.948888,-79.963019,-1.719547e+04,3.564539e+04,1.797367e+05
1696,1.816024e+03,miss,-40.466926,-4.589418,-68.857572,5.575001e+04,3.224327e+04,1.724160e+05
1697,1.816660e+03,miss,25.139921,-28.751993,70.294433,-2.584174e+04,9.604873e+04,-1.548989e+05
1698,1.817506e+03,miss,23.468272,72.785312,23.484859,-2.710792e+04,-1.762623e+05,-4.581878e+04
1699,1.817705e+03,miss,44.872284,-44.820153,-48.760968,-6.469431e+04,1.287456e+05,1.146541e+05
1700,1.819188e+03,miss,9.454194,-0.235580,-79.439050,2.014040e+04,1.933886e+04,1.820834e+05
1701,1.819370e+03,miss,47.857445,-63.351393,9.811523,-1.303139e+05,1.288312e+05,-1.892522e+04
1702,1.819597e+03,miss,55.855143,46.819772,-32.986543,-1.468673e+05,-9.106313e+04,6.386801e+04
1703,1.819797e+03,miss,-42.449581,-10.314493,67.019730,5.836343e+04,2.143239e+04,-1.734350e+05
1704,1.821280e+03,miss,45.852751,-65.027110,-8.306634,-1.149405e+05,1.432593e+05,1.544243e+04
1705,1.826107e+03,hit,7.609248,79.207688,8.260844,-6.116785e+04,-1.731641e+05,-1.832330e+04
1706,1.827155e+03,miss,-62.972086,-3.559772,49.212238,1.521548e+05,-2.681989e+04,-1.010555e+05
1707,1.828432e+03,miss,-0.746957,-2.338630,79.962322,2.440985e+03,-3.982081e+04,-1.803185e+05
1708,1.830119e+03,miss,46.394778,-20.230640,61.953577,-7.846022e+04,2.579588e+04,-1.652769e+05
1709,1.830511e+03,miss,37.655289,59.776345,-37.534888,-1.126954e+05,-1.263800e+05,7.398004e+04
1710,1.830922e+03,miss,-0.738349,3.054463,-79.938258,-4.130276e+04,-1.956350e+04,1.790648e+05
1711,1.831561e+03,miss,8.249279,-42.454477,67.302056,1.802526e+04,7.440802e+04,-1.682359e+05
1712,1.831990e+03,miss,50.400800,51.696747,-34.455852,-7.796789e+04,-1.447145e+05,8.456659e+04
1713,1.832428e+03,miss,1.534980,62.143029,-50.357598,3.638427e+03,-1.574335e+05,9.686293e+04
1714,1.832610e+03,miss,-20.050781,-18.971350,75.086977,8.507139e+04,3.858296e+04,-1.595574e+05
1715,1.832839e+03,miss,-4.124402,-0.926992,79.888234,-1.169009e+04,-3.793508e+04,-1.805904e+05
1716,1.834757e+03,miss,16.126407,18.026487,76.256047,-1.304661e+04,-7.740870e+04,-1.675174e+05
1717,1.835168e+03,hit,-78.109243,16.882307,-3.732819,1.665737e+05,-7.993136e+04,9.810149e+03
1718,1.835579e+03,miss,5.061319,4.972635,-79.684728,3.334076e+04,-1.866686e+04,1.810516e+05
1719,1.836401e+03,miss,-0.054743,-0.409336,79.998934,3.485355e+04,-2.756520e+04,-1.796676e+05
1720,1.836447e+03,miss,35.670272,-41.197357,-58.569698,-1.133845e+05,6.189748e+04,1.325465e+05
1721,1.836858e+03,hit,31.058951,22.387675,70.243388,-9.897615e+04,-6.433172e+04,-1.425789e+05
1722,1.838092e+03,miss,-0.678646,7.115943,79.680002,4.626120e+04,-1.216026e+04,-1.788816e+05
1723,1.838549e+03,miss,63.469001,6.463053,48.269191,-1.544650e+05,-3.816893e+04,-9.475680e+04
1724,1.838943e+03,miss,37.893804,33.681719,61.883773,-9.472135e+04,-1.013151e+05,-1.227420e+05
1725,1.839784e+03,miss,-3.972706,-42.019762,-67.959968,2.511916e+04,5.858997e+04,1.739380e+05
1726,1.839994e+03,miss,-36.600777,29.628414,64.672561,6.035780e+04,-1.037068e+05,-1.411522e+05
1727,1.840195e+03,hit,33.146833,-72.491692,6.800157,-8.201519e+04,1.648082e+05,-2.091956e+04
1728,1.840424e+03,hit,-28.822481,72.954426,15.713571,2.635139e+04,-1.785074e+05,-4.208115e+04
1729,1.841248e+03,miss,39.724335,-27.080987,-63.942140,-1.081440e+05,1.914546e+04,1.492776e+05
1730,1.841888e+03,miss,-10.727532,-66.002610,-43.915549,4.551228e+02,1.638487e+05,8.666508e+04
1731,1.842346e+03,hit,-58.486480,-25.483754,48.269140,1.349371e+05,1.737713e+04,-1.259205e+05
1732,1.843152e+03,miss,-46.802749,13.305481,63.501707,8.920893e+04,-7.260143e+04,-1.454366e+05
1733,1.843170e+03,miss,75.053840,-26.116528,9.211303,-1.834848e+05,1.482334e+04,-2.224681e+04
1734,1.844223e+03,miss,-38.400649,-67.225026,20.154057,6.236200e+04,1.700702e+05,-3.985073e+04
1735,1.844452e+03,miss,34.571891,62.608657,35.846066,-1.039803e+05,-1.366843e+05,-7.007678e+04
1736,1.845258e+03,miss,-36.373574,-55.353739,-44.865651,9.507576e+04,1.342585e+05,8.576442e+04
1737,1.845276e+03,miss,59.654008,-35.116298,-40.102929,-1.165466e+05,1.162451e+05,8.558387e+04
1738,1.845716e+03,miss,27.176400,-12.799083,74.145983,-4.127792e+04,6.925851e+04,-1.671174e+05
1739,1.846559e+03,miss,-22.274808,16.776296,74.982590,7.091660e+04,-6.919519e+04,-1.569312e+05
1740,1.851171e+03,miss,-0.638075,34.722883,-72.068816,4.066593e+04,-9.296909e+04,1.556715e+05
1741,1.851217e+03,miss,46.053785,-54.025422,-36.882280,-8.510624e+04,1.477261e+05,7.392806e+04
1742,1.851401e+03,miss,-29.015670,0.464667,74.551157,1.016071e+05,6.166693e+03,-1.554762e+05
1743,1.854797e+03,miss,-29.011608,-16.960152,-72.599448,4.326289e+04,7.745303e+04,1.634857e+05
1744,1.855440e+03,miss,15.225883,29.327304,72.856583,-2.437931e+04,-2.532403e+04,-1.826870e+05
1745,1.856910e+03,miss,-11.091250,-9.846377,-78.613186,3.778921e+04,6.275916e+04,1.710874e+05
1746,1.857535e+03,miss,-14.437892,4.123547,78.578264,7.348924e+04,2.194227e+03,-1.710082e+05
1747,1.857554e+03,miss,-29.926086,-55.464406,-49.276049,1.042423e+05,1.148725e+05,1.028956e+05
1748,1.857765e+03,miss,46.767946,-39.100575,51.806412,-1.333225e+05,5.182482e+04,-1.191339e+05
1749,1.858611e+03,miss,36.931846,38.927434,-59.335433,-1.168299e+05,-5.822453e+04,1.327782e+05
1750,1.858841e+03,miss,-51.072205,-20.901158,57.920389,8.318727e+04,6.658625e+04,-1.527082e+05
1751,1.859052e+03,miss,32.766395,61.441744,39.386235,-5.182748e+04,-1.605559e+05,-7.882457e+04
1752,1.859650e+03,hit,7.740156,27.606673,74.685752,-3.477366e+04,-9.523595e+04,-1.562359e+05
1753,1.859880e+03,miss,-41.699415,-42.876232,53.129912,6.642550e+04,9.296693e+04,-1.470980e+05
1754,1.860524e+03,miss,20.542457,-9.791713,-76.695044,-8.035673e+04,4.197573e+04,1.627448e+05
1755,1.860956e+03,miss,2.319639,25.023891,-75.950143,4.023230e+04,-5.678720e+04,1.728285e+05
1756,1.861582e+03,miss,-4.390198,1.315932,-79.868608,-1.332991e+04,3.622341e+04,1.823046e+05
1757,1.861812e+03,miss,-62.263321,-42.964122,-26.026199,1.223374e+05,1.298414e+05,5.388729e+04
1758,1.862640e+03,miss,-41.680209,-54.313450,41.386101,1.280834e+05,9.140786e+04,-9.991872e+04
1759,1.863514e+03,miss,-9.570200,38.164742,69.655321,-2.998425e+03,-1.153568e+05,-1.464399e+05
1760,1.864969e+03,miss,-0.359386,-0.096624,79.999134,3.425921e+04,-3.019944e+04,-1.808377e+05
1761,1.864987e+03,miss,-25.632266,-44.708250,-61.189536,1.651007e+04,1.208003e+05,1.411489e+05
1762,1.866047e+03,miss,-32.967255,2.744845,-72.839728,3.269754e+04,-8.797934e+03,1.834708e+05
1763,1.866231e+03,miss,38.862073,-3.309505,69.848310,-4.900987e+04,1.628289e+04,-1.792886e+05
1764,1.868581e+03,miss,5.340444,-60.995332,-51.488340,-1.514355e+04,1.569517e+05,9.996083e+04
1765,1.869438e+03,miss,-61.240079,41.408341,-30.577802,1.348741e+05,-1.148584e+05,5.905818e+04
1766,1.869872e+03,miss,-46.866979,-17.214219,62.507256,1.097530e+05,7.603251e+04,-1.305862e+05
1767,1.871163e+03,miss,25.273255,64.821257,39.490091,-2.982120e+04,-1.660836e+05,-8.019000e+04
1768,1.871790e+03,miss,65.487295,1.826985,-45.913793,-1.606292e+05,-2.867223e+04,9.105686e+04
1769,1.872206e+03,hit,-61.783252,-49.816914,-10.055089,1.667153e+05,8.000720e+04,2.697780e+04
1770,1.872621e+03,hit,7.156378,34.034986,72.044472,-3.324743e+04,-1.075638e+05,-1.491822e+05
1771,1.873267e+03,miss,-38.501864,25.354497,65.381618,1.194438e+05,-5.335860e+04,-1.335244e+05
1772,1.875390e+03,miss,26.011729,-68.120016,-32.909776,-8.986416e+04,1.501789e+05,6.597799e+04
1773,1.876268e+03,miss,13.323087,22.649727,75.561136,-6.747165e+04,-2.495565e+04,-1.726949e+05
1774,1.876499e+03,miss,-38.333031,7.657646,69.799278,5.007392e+04,-3.858648e+04,-1.760872e+05
1775,1.877099e+03,miss,-13.813515,28.067353,73.630228,5.210283e+04,-9.321684e+04,-1.536559e+05
1776,1.877746e+03,miss,52.136555,9.296948,-59.961207,-9.666645e+04,-6.045601e+04,1.484148e+05
1777,1.878375e+03,miss,29.342162,34.433240,65.980220,-8.925698e+04,-3.850490e+04,-1.599643e+05
1778,1.878809e+03,miss,37.263018,-60.008435,37.556028,-1.165977e+05,1.248798e+05,-7.652540e+04
1779,1.879641e+03,miss,-54.982302,-49.851026,29.863384,1.538538e+05,8.604206e+04,-6.314585e+04
1780,1.880519e+03,miss,2.591046,78.376868,-15.822549,2.843496e+04,-1.795093e+05,4.523133e+04
1781,1.880732e+03,hit,72.216337,-4.301231,-34.151137,-1.561380e+05,1.719653e+04,1.020156e+05
1782,1.880751e+03,miss,-3.157428,-1.954251,-79.913776,6.382466e+03,4.958365e+04,1.805078e+05
1783,1.882212e+03,miss,-34.316022,-70.869159,14.141179,1.034692e+05,1.537407e+05,-2.770443e+04
1784,1.883508e+03,hit,-7.544312,73.483432,30.712678,1.629882e+04,-1.620171e+05,-9.283620e+04
1785,1.883693e+03,miss,-15.281376,71.115817,33.301953,7.153163e+04,-1.589126e+05,-6.904504e+04
1786,1.884156e+03,hit,54.882750,56.791360,12.752460,-1.575838e+05,-9.727798e+04,-2.915831e+04
1787,1.884757e+03,miss,-22.382796,0.034798,-76.805008,6.663886e+04,-4.106453e+04,1.703820e+05
1788,1.885637e+03,miss,-27.018463,21.189566,72.256522,2.419822e+04,-2.924251e+04,-1.836649e+05
1789,1.885655e+03,miss,-7.915925,-35.496466,-71.255449,-3.517077e+03,1.119808e+05,1.504053e+05
1790,1.886720e+03,miss,30.361068,2.105647,-73.984943,-8.718214e+04,-4.241626e+04,1.606046e+05
1791,1.887119e+03,hit,12.214128,7.778548,-78.678518,-2.987309e+04,2.840864e+04,1.830346e+05
1792,1.888184e+03,miss,-52.777245,-48.763666,35.166280,1.510426e+05,7.811064e+04,-7.940938e+04
1793,1.888648e+03,miss,5.690280,-27.750204,74.816755,2.927511e+04,7.817746e+04,-1.681098e+05
1794,1.889945e+03,miss,-58.952511,-13.681235,-52.320409,1.205725e+05,7.549375e+04,1.225431e+05
1795,1.893544e+03,miss,-0.754383,-6.615057,79.722468,2.946870e+04,5.003336e+04,-1.787435e+05
1796,1.893563e+03,miss,13.687293,33.703105,71.251377,-6.266959e+04,-9.525702e+04,-1.493986e+05
1797,1.894844e+03,miss,2.210957,5.617742,-79.771879,-4.867022e+04,1.973316e+02,1.815940e+05
1798,1.897183e+03,hit,-15.878230,74.069640,25.721009,4.805473e+03,-1.728436e+05,-7.410028e+04
1799,1.897397e+03,miss,-21.387162,-52.643147,-56.314193,4.797013e+04,1.436226e+05,1.116435e+05
1800,1.897630e+03,miss,-79.443837,0.187540,-9.414966,1.837764e+05,3.533421e+04,1.936265e+04
1801,1.897815e+03,miss,-21.825218,-18.592391,-74.685895,8.428849e+04,1.400269e+04,1.676306e+05
1802,1.898884e+03,miss,-24.107048,1.519199,76.266259,7.504782e+04,3.529153e+04,-1.689465e+05
1803,1.899953e+03,miss,-48.278262,63.736829,-2.612663,1.313590e+05,-1.347571e+05,5.084137e+03
1804,1.901487e+03,miss,44.485653,31.001664,58.821115,-6.580115e+04,-9.862979e+04,-1.463267e+05
1805,1.902138e+03,miss,23.181285,27.916835,-71.297113,-8.378812e+04,-7.998577e+04,1.485366e+05
1806,1.902556e+03,miss,-15.301744,4.057604,-78.418062,3.304575e+02,2.144139e+04,1.871610e+05
1807,1.903189e+03,miss,-7.093749,0.169486,79.684691,3.850804e+04,3.890125e+04,-1.802906e+05
1808,1.903812e+03,miss,74.581960,17.007761,-23.415109,-1.651660e+05,-5.680788e+04,7.075013e+04
1809,1.903859e+03,miss,11.276327,76.710755,-19.705444,-2.511895e+04,-1.830006e+05,3.732566e+04
1810,1.904277e+03,miss,8.887861,79.110239,-7.910501,6.564257e+03,-1.877060e+05,1.563793e+04
1811,1.905348e+03,miss,52.798294,19.502275,-56.850694,-1.413073e+05,-7.162787e+03,1.245877e+05
1812,1.905981e+03,miss,18.709309,20.012986,-75.162771,2.959048e+03,-4.451518e+04,1.832010e+05
1813,1.907070e+03,miss,-59.203963,-51.675949,14.982895,1.362816e+05,1.272557e+05,-2.840100e+04
1814,1.907489e+03,miss,-58.651413,49.647869,22.250861,1.574853e+05,-9.371880e+04,-4.467975e+04
1815,1.908775e+03,miss,21.053456,8.248130,76.737998,-1.117649e+04,7.503979e+03,-1.882123e+05
1816,1.910080e+03,miss,-63.419991,-36.386982,32.463707,1.494014e+05,9.699910e+04,-6.244861e+04
1817,1.910499e+03,miss,-71.648678,-28.253272,21.638383,1.466848e+05,1.076787e+05,-5.026025e+04
1818,1.910685e+03,miss,-5.456476,-8.218667,79.389422,-9.924602e+03,-2.191468e+04,-1.872484e+05
1819,1.911571e+03,miss,-17.568532,-5.838873,77.828364,1.725264e+04,-2.695492e+04,-1.860995e+05
1820,1.912429e+03,miss,33.013239,9.869226,-72.199200,-7.806623e+04,-6.546888e+04,1.590369e+05
1821,1.912643e+03,miss,-39.550710,4.155544,69.415220,9.638115e+04,-5.259738e+04,-1.536927e+05
1822,1.912830e+03,miss,-38.220135,46.050405,-53.090315,1.233239e+05,-7.813523e+04,1.198617e+05
1823,1.913063e+03,hit,-68.517552,-36.613581,-19.099496,1.634020e+05,7.423615e+04,5.893937e+04
1824,1.913903e+03,miss,57.132865,1.698312,-55.972774,-1.111109e+05,-3.932449e+04,1.476777e+05
1825,1.914603e+03,miss,-41.335226,-24.403752,63.998875,1.249389e+05,2.737220e+04,-1.391216e+05
1826,1.915022e+03,miss,-23.331294,-62.747358,43.799770,2.164429e+04,1.415825e+05,-1.233189e+05
1827,1.915442e+03,miss,-3.184226,5.214490,79.766345,-3.859448e+04,-1.686544e+04,-1.842701e+05
1828,1.915629e+03,miss,10.642644,-24.339453,75.460752,1.059063e+04,8.335356e+04,-1.693309e+05
1829,1.915676e+03,miss,70.301812,-29.488800,-24.250071,-1.688192e+05,4.465686e+04,7.238553e+04
1830,1.916282e+03,miss,1.322897,-5.800381,79.778478,-2.073406e+04,5.451883e+04,-1.798414e+05
1831,1.918458e+03,miss,39.222037,31.665177,-62.120434,-1.113003e+05,-3.112279e+04,1.497642e+05
1832,1.918897e+03,miss,-42.251638,53.520789,41.836876,8.011481e+04,-1.488660e+05,-8.493790e+04
1833,1.919299e+03,hit,-42.621976,56.500469,37.296973,9.146912e+04,-1.220141e+05,-1.120149e+05
1834,1.921916e+03,miss,48.684679,11.855813,-62.363785,-8.389712e+04,-6.181840e+04,1.580822e+05
1835,1.922757e+03,miss,32.218092,-37.079718,-63.143401,-5.442776e+04,5.786350e+04,1.719167e+05
1836,1.923178e+03,hit,62.081430,2.317697,-50.403615,-1.290008e+05,3.236300e+04,1.348524e+05
1837,1.923851e+03,hit,64.546762,46.416905,8.898676,-1.747284e+05,-6.939279e+04,-2.325792e+04
1838,1.924927e+03,hit,63.534917,48.413873,4.405810,-1.270874e+05,-1.399636e+05,-1.285989e+04
1839,1.925377e+03,miss,64.244348,-20.426369,-43.074670,-1.463275e+05,8.117255e+04,8.896098e+04
1840,1.925564e+03,hit,-73.132905,-10.720132,-30.604851,1.682484e+05,-1.108063e+04,8.653294e+04
1841,1.925582e+03,miss,-14.580439,-15.688026,-77.079807,7.636948e+04,3.289361e+04,1.703065e+05
1842,1.926219e+03,miss,0.576347,-2.017840,-79.972471,-4.274196e+04,2.413119e+04,1.830882e+05
1843,1.926406e+03,miss,57.031206,-9.695880,55.257864,-1.047156e+05,2.432247e+04,-1.561315e+05
1844,1.926874e+03,hit,-74.271538,29.358847,4.668698,1.659847e+05,-9.048703e+04,-1.427846e+04
1845,1.927764e+03,miss,-11.084509,70.289329,36.558773,3.260720e+04,-1.729160e+05,-7.068314e+04
1846,1.928138e+03,miss,6.192117,-18.634366,77.552679,-5.716447e+04,5.228241e+04,-1.731041e+05
1847,1.929262e+03,hit,-7.343860,-22.816476,-76.324807,4.510985e+04,1.536887e+04,1.836195e+05
1848,1.929449e+03,miss,8.351576,68.348706,-40.727209,8.530820e+03,-1.705024e+05,8.274583e+04
1849,1.929871e+03,miss,-37.939545,7.122922,70.070357,6.782138e+04,2.421844e+04,-1.755344e+05
1850,1.931820e+03,miss,35.930346,-31.653558,64.086367,-5.774662e+04,1.096374e+05,-1.438052e+05
1851,1.932054e+03,miss,-25.140873,24.913190,71.744473,9.652377e+04,-3.788509e+04,-1.590195e+05
1852,1.932073e+03,hit,49.419784,60.787859,16.202502,-1.474469e+05,-1.114236e+05,-4.340358e+04
1853,1.932495e+03,miss,-9.761099,-7.236012,-79.071873,9.916093e+03,6.023588e+04,1.797800e+05
1854,1.932917e+03,miss,-19.770143,-1.162231,77.509939,7.584576e+04,-2.807420e+04,-1.717983e+05
1855,1.933151e+03,miss,22.723867,-0.180519,-76.704585,-7.876436e+03,1.104275e+04,1.894091e+05
1856,1.933995e+03,miss,31.812882,56.365772,-47.019573,-6.330835e+04,-1.524874e+05,9.388917e+04
1857,1.935712e+03,miss,20.462802,10.295674,76.650328,-5.417546e+04,-6.616988e+04,-1.696883e+05
1858,1.936791e+03,miss,29.658360,-47.142556,57.427877,-3.927892e+04,9.579377e+04,-1.594001e+05
1859,1.937260e+03,hit,19.485391,64.991587,42.384114,-7.688584e+04,-1.289479e+05,-1.166081e+05
1860,1.937870e+03,hit,2.093714,75.674376,25.865134,-1.809415e+03,-1.724500e+05,-8.003465e+04
1861,1.938340e+03,miss,7.438565,7.946814,79.256015,-1.866272e+04,-6.289182e+04,-1.784738e+05
1862,1.938546e+03,hit,-21.542101,67.587939,-36.983893,4.508042e+04,-1.471382e+05,1.117074e+05
1863,1.938997e+03,miss,27.325055,-17.783523,-73.055374,-2.117530e+04,2.976513e+04,1.866400e+05
1864,1.939203e+03,miss,62.570334,14.257328,47.766954,-1.222391e+05,-5.437857e+04,-1.351786e+05
1865,1.939372e+03,miss,0.010227,0.746402,-79.996517,-1.924063e+04,4.031278e+04,1.848797e+05
1866,1.940265e+03,miss,3.229519,-63.847924,48.093791,-3.968766e+04,1.303863e+05,-1.327282e+05
1867,1.940687e+03,miss,32.166216,-32.853429,65.467448,-7.653896e+04,1.087275e+05,-1.360899e+05
1868,1.940735e+03,miss,12.901877,26.477684,74.380601,-7.352453e+04,-5.318856e+04,-1.672315e+05
1869,1.941157e+03,miss,-50.705655,-11.220773,-60.852533,1.055530e+05,7.094043e+04,1.415456e+05
1870,1.941768e+03,miss,10.893371,-7.063682,-78.939463,1.076914e+04,-1.373807e+04,1.895147e+05
1871,1.943507e+03,miss,8.670137,-69.678431,-38.337252,2.316157e+04,1.686024e+05,8.537985e+04
1872,1.945698e+03,miss,12.249820,-58.588748,-53.078249,-3.743192e+04,1.098806e+05,1.510594e+05
1873,1.947627e+03,hit,-73.645662,-21.284073,-22.875853,1.735584e+05,3.506870e+04,7.055125e+04
1874,1.947646e+03,miss,76.521251,20.699972,10.770758,-1.866521e+05,-3.246073e+04,-2.091525e+04
1875,1.948286e+03,miss,59.607110,28.755269,44.945823,-1.565641e+05,-2.337203e+04,-1.062240e+05
1876,1.948305e+03,hit,10.765519,-13.167572,-78.171086,2.130875e+04,3.874171e+04,1.854386e+05
1877,1.949368e+03,miss,42.962071,36.061594,57.042282,-1.103093e+05,-4.221069e+04,-1.497077e+05
1878,1.949387e+03,miss,-17.323244,-39.022783,-67.654473,-1.157020e+03,1.104760e+05,1.554232e+05
1879,1.949792e+03,miss,0.347190,72.442674,33.940219,3.272013e+04,-1.608978e+05,-9.701287e+04
1880,1.950028e+03,hit,49.305435,-51.540566,-36.229052,-7.852567e+04,1.445951e+05,9.643950e+04
1881,1.950451e+03,miss,-65.924855,38.525102,-23.869017,1.419590e+05,-1.178424e+05,4.840773e+04
1882,1.951111e+03,hit,-24.588573,8.703955,-75.628323,9.117580e+04,-3.879769e+04,1.630230e+05
1883,1.951535e+03,miss,14.874809,11.419621,-77.771025,-6.440314e+04,8.625845e+03,1.793893e+05
1884,1.952665e+03,miss,-41.814587,-32.105103,-60.173106,1.167547e+05,3.178925e+04,1.475858e+05
1885,1.954409e+03,hit,50.514434,47.597926,-39.783532,-1.272051e+05,-8.338738e+04,1.154197e+05
1886,1.955446e+03,miss,-0.152674,0.853794,79.995298,3.414253e+04,2.979975e+04,-1.855315e+05
1887,1.955493e+03,miss,-44.680151,64.597913,15.191898,8.819294e+04,-1.667393e+05,-2.994269e+04
1888,1.955682e+03,miss,-11.119805,17.173569,-77.339631,-1.476373e+04,-6.258339e+04,1.798483e+05
1889,1.955899e+03,miss,79.813071,1.825003,-5.152000,-1.834042e+05,-5.186994e+04,1.251080e+04
1890,1.956154e+03,miss,23.502241,75.597546,11.517623,-8.093985e+04,-1.714935e+05,-2.296875e+04
1891,1.958323e+03,hit,-37.504199,-70.625474,2.340413,8.967002e+04,1.686211e+05,-7.453827e+03
1892,1.959173e+03,miss,-18.943928,64.798424,-42.921927,7.953999e+04,-1.292603e+05,1.162341e+05
1893,1.959815e+03,miss,22.105638,-62.271474,45.095503,-8.985082e+04,1.212698e+05,-1.173781e+05
1894,1.961344e+03,miss,74.209096,-0.458204,-29.879760,-1.823197e+05,1.190558e+03,5.782566e+04
1895,1.962648e+03,miss,-65.490267,17.492585,-42.485696,1.665808e+05,1.677450e+00,9.413211e+04
1896,1.963073e+03,miss,37.873194,-10.931569,69.614093,-5.448342e+04,1.893569e+03,-1.834282e+05
1897,1.963753e+03,miss,-49.169042,16.539780,60.900254,9.741855e+04,-3.967914e+03,-1.646952e+05
1898,1.964160e+03,miss,-79.194618,4.359629,10.450175,1.886456e+05,-2.529477e+04,-2.027855e+04
1899,1.965928e+03,hit,32.703193,67.105430,-28.763908,-8.515322e+04,-1.469233e+05,8.850789e+04
1900,1.966996e+03,miss,-22.005403,27.119885,71.974121,5.170679e+03,-7.159706e+04,-1.775901e+05
1901,1.968510e+03,hit,-18.039528,74.012833,24.426953,2.698861e+04,-1.740431e+05,-7.549811e+04
1902,1.968557e+03,miss,-17.794699,-10.403859,77.298825,1.257756e+04,6.111362e+04,-1.811827e+05
1903,1.968964e+03,miss,-52.251284,-49.530256,34.879177,1.532594e+05,8.042085e+04,-8.229127e+04
1904,1.971586e+03,miss,-45.336732,-16.160675,-63.901591,1.337265e+05,1.234214e+04,1.369000e+05
1905,1.972041e+03,hit,-73.985339,-27.104910,-13.838117,1.852180e+05,2.922270e+04,4.031785e+04
1906,1.972060e+03,miss,-27.770789,30.423354,-68.579901,7.044105e+04,-1.045552e+05,1.445401e+05
1907,1.975328e+03,hit,-32.106222,70.031249,21.559562,7.440909e+04,-1.634134e+05,-6.786653e+04
1908,1.976845e+03,miss,-29.794225,-16.820365,-72.314449,2.633625e+04,3.353703e+04,1.872338e+05
1909,1.978154e+03,miss,57.693530,23.000545,50.422530,-1.087052e+05,-9.213798e+04,-1.288138e+05
1910,1.978343e+03,miss,-79.773282,0.067364,-6.018219,1.917503e+05,8.847451e+02,1.156699e+04
1911,1.979055e+03,hit,7.893043,-78.253113,14.633870,-4.060762e+04,1.822637e+05,-4.524391e+04
1912,1.980763e+03,miss,-13.371005,15.233629,-77.389617,2.244362e+04,1.060980e+04,1.906086e+05
1913,1.980810e+03,miss,-23.367902,-46.906029,60.446386,1.314726e+04,1.042328e+05,-1.609704e+05
1914,1.982329e+03,miss,17.452494,34.476739,70.048304,-2.917035e+04,-4.117078e+04,-1.855564e+05
1915,1.983830e+03,miss,-7.845234,15.445455,78.101794,-2.771435e+04,-2.477124e+04,-1.887417e+05
1916,1.985179e+03,miss,-4.575788,-10.848615,-79.128817,5.461666e+03,-2.177859e+04,1.911181e+05
1917,1.985369e+03,miss,2.983713,-18.597185,77.751155,1.857112e+04,7.886616e+04,-1.745539e+05
1918,1.986253e+03,miss,-7.256709,3.696013,-79.584418,2.296374e+04,3.800030e+04,1.872938e+05
1919,1.986461e+03,miss,-35.694198,49.177194,52.033911,4.381448e+04,-1.408816e+05,-1.236401e+05
1920,1.986937e+03,hit,-48.155146,-55.148816,32.244223,1.460988e+05,9.513872e+04,-8.165071e+04
1921,1.988030e+03,miss,-1.157890,-2.386225,-79.956021,-1.167278e+04,4.971006e+04,1.856775e+05
1922,1.990389e+03,miss,-4.886941,-63.291685,-48.685526,4.371030e+03,1.662150e+05,9.737001e+04
1923,1.990627e+03,miss,50.479589,-21.500860,-58.219620,-1.437960e+05,4.801188e+04,1.189515e+05
1924,1.991103e+03,miss,26.956081,-10.562409,-74.577511,-3.161480e+04,6.034624e+04,1.802765e+05
1925,1.991740e+03,hit,-6.979752,5.226980,-79.523341,1.334375e+04,-5.806916e+04,1.833101e+05
1926,1.992406e+03,miss,5.891325,-71.652467,-35.088691,-1.399150e+04,1.795547e+05,6.877086e+04
1927,1.992578e+03,hit,31.208806,-59.562162,-43.340042,-2.954141e+04,1.528170e+05,1.137654e+05
1928,1.992625e+03,hit,-48.677955,-59.676095,21.661494,1.499519e+05,1.101847e+05,-5.042750e+04
1929,1.993501e+03,hit,77.893326,-17.046839,6.483448,-1.910105e+05,1.719049e+04,-2.012478e+04
1930,1.995006e+03,miss,-39.464591,-10.178521,-68.839987,1.136494e+05,5.248629e+04,1.467739e+05
1931,1.996559e+03,miss,-30.489013,40.093331,-62.152593,8.690871e+04,-1.156188e+05,1.277565e+05
1932,1.997007e+03,miss,-43.499127,-33.419208,58.232143,7.189007e+04,7.036604e+04,-1.647160e+05
1933,1.997245e+03,hit,-74.473657,-19.596317,21.671612,1.852884e+05,-1.004607e+03,-5.406058e+04
1934,1.997674e+03,miss,-44.271529,-4.090054,66.507918,7.074637e+04,3.632136e+04,-1.758950e+05
1935,1.998770e+03,miss,-13.290324,-16.183799,77.210439,2.252979e+04,8.087607e+04,-1.738829e+05
1936,2.001183e+03,miss,75.494939,18.633494,18.796465,-1.647487e+05,-8.707961e+04,-5.102754e+04
1937,2.001202e+03,hit,66.805601,-36.448556,-24.668085,-1.328878e+05,1.270105e+05,5.948371e+04
1938,2.002729e+03,miss,-20.925038,18.035064,-75.079153,4.694970e+04,4.624476e+03,1.874353e+05
1939,2.003139e+03,miss,13.636871,-28.232628,73.599962,-4.792513e+04,2.262579e+04,-1.858939e+05
1940,2.003378e+03,miss,-16.555211,45.772768,63.488414,6.814998e+04,-1.219984e+05,-1.335729e+05
1941,2.004065e+03,miss,-6.625108,71.346013,-35.578848,-1.108978e+04,-1.787567e+05,7.283969e+04
1942,2.005144e+03,miss,12.074122,-52.228285,-59.383683,-7.027128e+04,1.233095e+05,1.313751e+05
1943,2.005813e+03,miss,-28.841940,-53.254278,-52.269727,9.628237e+04,1.285275e+05,1.078218e+05
1944,2.006261e+03,miss,13.371846,11.238070,78.069837,-8.459206e+03,1.509055e+04,-1.926766e+05
1945,2.006911e+03,miss,38.898882,12.177772,68.837336,-8.167983e+04,-7.366227e+04,-1.591789e+05
1946,2.007102e+03,miss,-25.112877,58.955538,-47.891419,1.000742e+05,-1.140899e+05,1.200327e+05
1947,2.007150e+03,miss,6.781979,-1.183366,-79.703227,-5.803993e+04,2.056468e+04,1.834355e+05
1948,2.007341e+03,miss,27.434359,-29.124657,-69.275611,-2.577107e+04,5.296304e+04,1.843216e+05
1949,2.007580e+03,miss,37.593542,6.338415,70.331715,-7.969579e+04,-6.112863e+04,-1.654086e+05
1950,2.008918e+03,hit,-18.973332,76.584240,13.223723,-1.910074e+03,-1.909539e+05,-3.171830e+04
1951,2.009539e+03,miss,31.875725,37.963293,62.791134,-9.702247e+04,-1.058312e+05,-1.298887e+05
1952,2.009759e+03,hit,-25.657851,69.732908,-29.647870,1.527286e+04,-1.795289e+05,7.088659e+04
1953,2.009778e+03,miss,67.473581,38.317841,19.469435,-1.480427e+05,-1.182467e+05,-3.987738e+04
1954,2.011098e+03,miss,29.825964,60.586876,-42.891052,-3.548002e+04,-1.653723e+05,9.437645e+04
1955,2.011528e+03,miss,-23.274852,-68.618060,33.909337,6.180179e+04,1.710209e+05,-6.673961e+04
1956,2.012198e+03,miss,-24.967863,74.044523,-17.146847,9.998403e+04,-1.590107e+05,4.746635e+04
1957,2.012217e+03,hit,74.036294,-23.938846,18.589211,-1.659028e+05,8.234415e+04,-5.683587e+04
1958,2.012886e+03,miss,-12.151783,-19.548762,-76.617101,8.891644e+03,3.807289e+03,1.935292e+05
1959,2.013078e+03,miss,-45.114329,40.981843,51.818779,1.393049e+05,-7.078185e+04,-1.146069e+05
1960,2.013317e+03,miss,-2.790136,6.093535,-79.718781,-1.398602e+04,-5.581799e+04,1.850511e+05
1961,2.014829e+03,miss,5.012253,-13.098807,-78.761022,-8.350005e+03,-1.674959e+04,1.929588e+05
1962,2.015499e+03,hit,-41.046741,-50.458767,-46.573360,8.950795e+04,1.010616e+05,1.391788e+05
1963,2.015518e+03,miss,4.032630,-68.673170,-40.837894,-5.620032e+04,1.590878e+05,9.554483e+04
1964,2.016840e+03,miss,-51.281048,-23.383547,56.775557,1.037350e+05,2.823687e+04,-1.614392e+05
1965,2.018133e+03,miss,4.337827,21.417377,76.957646,2.634647e+04,-2.018427e+04,-1.911634e+05
1966,2.019043e+03,miss,-13.291207,-0.925285,-78.882746,6.211217e+03,4.274422e+04,1.891991e+05
1967,2.019474e+03,miss,50.664259,-56.314222,-25.726277,-1.463096e+05,1.040651e+05,7.371538e+04
1968,2.020577e+03,miss,-64.420161,40.408126,-24.844039,1.566075e+05,-1.039007e+05,4.867522e+04
1969,2.021679e+03,miss,-29.106627,24.572145,-70.349228,1.056848e+05,-3.394468e+04,1.593412e+05
1970,2.021919e+03,miss,-4.385334,-1.983123,79.855094,2.890665e+04,4.732708e+04,-1.861187e+05
1971,2.023243e+03,miss,-79.809650,-1.909782,5.174219,1.864856e+05,5.292363e+04,-1.274719e+04
1972,2.023502e+03,miss,46.317461,21.449134,-61.600547,-8.096241e+04,-3.342308e+04,1.734160e+05
1973,2.023674e+03,miss,14.802315,-5.975695,78.391215,1.247265e+04,2.023810e+04,-1.928295e+05
1974,2.023914e+03,miss,8.086082,-56.433203,-56.124049,3.600563e+03,1.546816e+05,1.175307e+05
1975,2.024125e+03,miss,-13.622032,13.801837,77.614107,1.273124e+04,-7.407371e+04,-1.791864e+05
1976,2.024346e+03,miss,-70.210629,-34.299770,-17.146236,1.704510e+05,8.710616e+04,3.346400e+04
1977,2.024557e+03,miss,-21.437017,4.753221,76.927636,3.688939e+03,-9.455416e+03,-1.940665e+05
1978,2.025689e+03,hit,-10.183327,-73.049835,-30.984212,6.876927e+04,1.617732e+05,8.298286e+04
1979,2.026140e+03,miss,20.830033,23.656971,73.528616,-3.242031e+04,-9.606865e+04,-1.658737e+05
1980,2.026812e+03,miss,-48.665582,-5.587072,-63.249077,1.142502e+05,5.896516e+04,1.458659e+05
1981,2.026985e+03,miss,-15.257843,-12.835593,77.475453,5.546150e+04,-1.333205e+04,-1.858935e+05
1982,2.027465e+03,miss,58.665634,-21.753041,49.851264,-1.588954e+05,1.373964e+04,-1.112769e+05
1983,2.028089e+03,miss,15.001364,2.292974,-78.547447,-1.591358e+04,-4.889034e+04,1.875825e+05
1984,2.028349e+03,hit,73.955104,30.386176,2.706090,-1.690641e+05,-9.581748e+04,-8.479171e+03
1985,2.028570e+03,miss,-3.203327,-62.975836,-49.231929,3.418121e+04,1.619110e+05,1.022552e+05
1986,2.029002e+03,miss,-51.462413,-12.598208,59.940848,1.101225e+05,-1.231344e+04,-1.599035e+05
1987,2.029674e+03,hit,-42.524638,-48.560802,47.259959,1.246412e+05,7.795702e+04,-1.274659e+05
1988,2.030972e+03,miss,12.669089,71.348249,33.895744,-7.012974e+04,-1.658084e+05,-7.398547e+04
1989,2.031644e+03,miss,31.031789,-15.694193,72.046654,-9.011595e+04,7.154965e+04,-1.570248e+05
1990,2.032125e+03,miss,-51.956106,3.380284,60.738264,1.194178e+05,4.003334e+04,-1.484679e+05
1991,2.033904e+03,miss,6.765034,13.630086,78.539513,3.179247e+04,-3.497491e+04,-1.889581e+05
1992,2.034577e+03,miss,-1.512240,-1.439609,79.972749,1.663748e+04,4.852547e+04,-1.879367e+05
1993,2.034770e+03,hit,-6.438081,-9.436734,79.180169,4.494721e+04,-1.493938e+04,-1.889759e+05
1994,2.035424e+03,miss,-3.240544,18.439829,77.778349,1.902875e+04,-8.465674e+04,-1.744668e+05
1995,2.036530e+03,miss,-0.035269,-21.375581,77.091396,4.738299e+04,4.546296e+04,-1.835106e+05
1996,2.036550e+03,hit,-67.549803,39.675803,16.212794,1.624819e+05,-9.415413e+04,-5.218391e+04
1997,2.036742e+03,miss,23.117195,10.486838,75.865813,-3.362918e+04,1.754712e+04,-1.911891e+05
1998,2.037637e+03,miss,-73.075763,9.636494,31.097762,1.841479e+05,3.413815e+03,-6.392740e+04
1999,2.039197e+03,miss,-3.359258,-78.265331,-16.225082,1.867156e+04,1.914933e+05,3.193103e+04
2000,2.039679e+03,miss,12.468315,-15.460246,-77.495303,-6.154395e+04,6.424351e+04,1.735857e+05
2001,2.041875e+03,miss,1.046818,7.477552,-79.642893,6.958096e+02,-6.355623e+04,1.845209e+05
2002,2.041894e+03,miss,2.089372,37.994079,-70.371049,-2.003235e+04,-1.217228e+05,1.512299e+05
2003,2.042087e+03,miss,-62.511895,-44.806594,22.014362,1.199798e+05,1.415617e+05,-6.047260e+04
2004,2.042983e+03,hit,-55.566035,-50.366018,27.851032,1.632614e+05,8.486742e+04,-6.520543e+04
2005,2.043658e+03,miss,52.271536,-16.488805,-58.273543,-1.415486e+05,5.906174e+04,1.208173e+05
2006,2.045442e+03,miss,-54.240889,51.817041,-27.801443,1.611104e+05,-8.919482e+04,6.513152e+04
2007,2.048317e+03,miss,24.548646,-41.001033,-64.158236,-9.842771e+04,7.166749e+04,1.529176e+05
2008,2.048578e+03,miss,5.967967,-2.983998,79.721259,-3.671949e+04,-3.458400e+04,-1.888611e+05
2009,2.048964e+03,miss,5.601718,36.965373,70.726105,-3.941799e+04,-5.056057e+04,-1.846887e+05
2010