i,eV,hit_status,x_0,y_0,z_0,v_x,v_y,v_z
0,1.623303e+01,hit,53.741090,58.348096,10.363151,-2.712350e+04,-2.106523e+04,-5.636911e+03
1,2.992194e+01,miss,-7.044606,-14.697498,-78.322137,-7.535360e+03,7.215786e+03,4.608395e+04
2,3.233439e+01,miss,77.780168,17.166498,-7.453646,-4.693541e+04,-1.315368e+04,6.052222e+03
3,3.350654e+01,miss,60.829508,27.163487,-44.293521,-3.003435e+04,-2.505536e+04,3.114814e+04
4,4.354345e+01,miss,-69.816556,-11.926889,-37.194056,4.900964e+04,-5.486566e+03,2.858114e+04
5,4.498204e+01,miss,0.910003,-11.850085,79.112245,-7.049352e+03,2.008004e+04,-5.388289e+04
6,5.375152e+01,miss,2.937395,-72.888083,32.843554,1.344963e+04,5.612416e+04,-2.607249e+04
7,5.990232e+01,miss,0.381819,-18.105584,77.923309,1.228565e+04,4.083782e+03,-6.558892e+04
8,6.168643e+01,miss,-73.518964,31.043370,5.592054,6.678213e+04,-1.070741e+04,-5.304538e+03
9,6.648881e+01,miss,12.662377,21.881220,-75.900437,5.369091e+03,-1.313688e+04,6.898954e+04
10,7.006473e+01,miss,-67.388470,-1.915574,43.071158,5.346615e+04,3.014123e+03,-4.858045e+04
11,7.310115e+01,miss,15.464628,9.914339,77.862386,-2.683445e+04,2.995121e+03,-6.874062e+04
12,7.320602e+01,hit,68.127674,-40.976873,8.917170,-5.285202e+04,5.076144e+04,-9.596667e+03
13,7.528329e+01,miss,3.886808,-30.452448,73.875173,-1.131585e+04,1.181070e+04,-7.314101e+04
14,7.706352e+01,miss,-41.723531,-44.176395,-52.034538,5.190867e+04,2.848590e+04,4.737110e+04
15,8.219811e+01,hit,-27.699135,74.977564,-3.335078,3.073226e+04,-7.198420e+04,2.625196e+03
16,8.264339e+01,miss,41.977585,-64.778756,21.014165,-5.106835e+04,5.704875e+04,-1.742916e+04
17,8.417326e+01,miss,33.942484,70.207062,-17.857105,-1.628390e+04,-7.487289e+04,2.023227e+04
18,8.639665e+01,miss,-56.868556,0.543094,-56.264308,6.272646e+04,-1.146353e+04,4.878866e+04
19,8.830605e+01,miss,27.099004,-41.515503,62.786200,-1.279853e+04,5.342368e+04,-5.975727e+04
20,9.011681e+01,miss,-11.866696,76.199052,21.281119,5.740533e+03,-7.984266e+04,-1.777994e+04
21,9.206357e+01,miss,4.257924,67.077869,43.386975,-1.373848e+04,-7.251063e+04,-3.771799e+04
22,9.367475e+01,miss,-31.389612,-68.197737,27.636225,3.676868e+04,7.133818e+04,-2.341640e+04
23,9.403426e+01,miss,6.312052,-9.216022,-79.216305,5.659603e+03,2.538805e+04,7.962185e+04
24,9.566252e+01,hit,-65.819894,42.489585,-16.198048,6.088610e+04,-5.448263e+04,2.149976e+04
25,9.614284e+01,miss,45.576986,-11.368477,64.757209,-5.718137e+04,-3.033631e+03,-6.240706e+04
26,1.004334e+02,miss,-26.974249,-37.748659,-65.172300,8.068680e+03,4.565343e+04,7.310503e+04
27,1.019920e+02,miss,7.041686,23.279307,-76.213441,6.258752e+03,-8.755761e+03,8.656874e+04
28,1.089112e+02,miss,-23.776736,15.023657,-74.892967,3.748790e+04,2.198701e+03,8.195163e+04
29,1.107921e+02,miss,-21.840306,24.666841,72.900946,3.163214e+03,-2.305666e+04,-8.789179e+04
30,1.125589e+02,miss,-16.280917,5.031049,-78.164060,2.300213e+04,1.617375e+04,8.722226e+04
31,1.133442e+02,miss,28.471008,-18.339959,-72.477911,-5.010260e+04,1.818911e+04,7.493926e+04
32,1.146020e+02,miss,32.717810,-72.387345,9.466638,-5.736940e+04,7.156226e+04,-1.176655e+04
33,1.153945e+02,miss,29.125041,-57.430801,-47.470361,-1.300009e+04,6.772265e+04,6.208561e+04
34,1.167996e+02,hit,-19.541982,77.491669,-3.626584,3.312404e+03,-9.315889e+04,5.027063e+03
35,1.174631e+02,miss,42.878001,-42.042551,-52.857364,-5.940147e+04,2.834768e+04,6.657481e+04
36,1.178621e+02,miss,-1.293430,-4.617847,79.856136,-2.111816e+04,1.705324e+03,-9.135217e+04
37,1.200905e+02,miss,73.337347,31.842024,2.778328,-8.066294e+04,-4.946032e+04,-2.745776e+03
38,1.237828e+02,miss,23.461836,-13.552139,-75.272052,-1.256797e+04,3.414821e+04,8.894838e+04
39,1.308286e+02,miss,78.676501,-5.266376,13.500872,-9.782918e+04,3.400314e+03,-1.339645e+04
40,1.315345e+02,miss,-42.425051,16.881947,-65.689534,5.779011e+04,3.104461e+03,8.040467e+04
41,1.338843e+02,miss,42.536214,61.424626,-28.595207,-3.158744e+04,-8.593864e+04,4.007937e+04
42,1.453611e+02,miss,-10.977021,-76.559465,20.448797,4.244779e+03,9.821660e+04,-3.437120e+04
43,1.473838e+02,miss,21.185985,-35.104952,-68.693496,-4.806352e+03,5.734153e+04,8.766795e+04
44,1.522267e+02,miss,-34.142577,-36.162701,62.662138,2.454161e+04,6.390541e+04,-8.168217e+04
45,1.531398e+02,miss,56.655367,-19.379548,53.052828,-7.260760e+04,4.640699e+04,-6.325206e+04
46,1.553686e+02,miss,13.089955,-60.587093,50.575263,9.196174e+03,8.313067e+04,-6.780351e+04
47,1.562910e+02,miss,42.686350,-4.512966,-67.509323,-6.970734e+04,1.953303e+04,8.012969e+04
48,1.580797e+02,miss,16.867994,34.095228,70.377455,-2.609671e+04,-2.073151e+04,-1.033637e+05
49,1.615886e+02,miss,58.566679,43.478734,-32.856412,-6.582540e+04,-7.784207e+04,4.079602e+04
50,1.637250e+02,miss,1.349973,-73.061290,-32.561103,-2.719303e+04,9.467373e+04,5.013499e+04
51,1.641960e+02,miss,-12.082958,26.197890,74.616839,-1.050465e+04,-4.047065e+04,-1.024842e+05
52,1.650785e+02,miss,-54.701635,-33.752785,-47.628569,7.589789e+04,5.904446e+04,5.541065e+04
53,1.691460e+02,miss,50.269159,-60.589827,-14.208609,-6.609628e+04,8.940143e+04,1.610091e+04
54,1.703658e+02,miss,-75.719352,-13.729655,-21.864955,9.918315e+04,3.815331e+04,3.766449e+04
55,1.762245e+02,hit,-54.084270,57.430056,13.292115,7.359690e+04,-8.425044e+04,-2.518095e+04
56,1.773700e+02,miss,50.476481,27.036624,55.867216,-7.340974e+04,-5.550658e+04,-6.902337e+04
57,1.792752e+02,miss,-1.851325,-13.690917,-78.798042,2.897103e+04,8.990406e+03,1.116073e+05
58,1.830150e+02,miss,-67.789688,17.208450,-38.838478,8.524600e+04,-4.837643e+04,6.362568e+04
59,1.831809e+02,miss,41.333722,57.188088,37.696764,-7.634231e+04,-7.498813e+04,-4.707866e+04
60,1.890855e+02,miss,71.746508,6.759560,-34.738264,-9.691396e+04,-2.965382e+04,6.194079e+04
61,1.908785e+02,miss,36.998520,-7.036965,-70.580384,-7.365644e+04,1.640786e+04,9.245333e+04
62,1.958738e+02,miss,63.067289,8.807561,-48.424621,-1.039250e+05,-1.343934e+03,6.174640e+04
63,1.970769e+02,miss,0.702201,-65.349908,-46.139965,-4.064101e+02,8.500706e+04,8.647676e+04
64,2.001288e+02,miss,19.867858,0.531158,77.491845,-5.367225e+03,-1.860408e+04,-1.206540e+05
65,2.050627e+02,miss,-0.033252,-1.593388,79.984123,-2.976764e+04,-1.085909e+03,-1.200548e+05
66,2.057703e+02,miss,-48.273784,-13.703955,62.304441,5.975242e+04,-1.049834e+03,-1.085439e+05
67,2.061223e+02,miss,-15.596212,-59.683194,50.937948,2.387408e+03,1.021764e+05,-7.024089e+04
68,2.116639e+02,miss,-9.459300,23.817569,75.784200,1.806567e+04,-6.196856e+04,-1.078263e+05
69,2.137446e+02,miss,36.295609,13.139088,70.071343,-6.488611e+04,9.234543e+03,-1.079479e+05
70,2.151859e+02,miss,-79.067152,11.098719,-5.020354,1.263192e+05,7.102114e+03,6.984899e+03
71,2.172838e+02,miss,38.959117,-67.138933,-19.353317,-6.233637e+04,1.082285e+05,2.476054e+04
72,2.186613e+02,miss,0.415138,-0.034292,79.998916,2.984599e+04,5.741549e+03,-1.240618e+05
73,2.192103e+02,miss,-58.372717,3.800767,-54.572704,7.365487e+04,-1.575541e+04,1.033575e+05
74,2.193919e+02,miss,32.032550,31.044391,66.409047,-6.506036e+04,-6.102859e+04,-9.171836e+04
75,2.197553e+02,miss,8.093611,8.189046,-79.167121,3.729390e+03,-3.882640e+04,1.219644e+05
76,2.204830e+02,miss,-4.401264,77.625787,18.837889,2.792983e+04,-1.225049e+05,-2.575811e+04
77,2.216927e+02,miss,5.271983,-78.910601,12.055012,-3.061386e+04,1.225954e+05,-2.396695e+04
78,2.289252e+02,miss,19.889645,76.589998,-11.763257,-2.344484e+04,-1.260687e+05,2.525739e+04
79,2.292964e+02,miss,-60.533004,27.603091,-44.427748,9.770677e+04,-6.170492e+04,6.127391e+04
80,2.379041e+02,miss,19.701584,-3.330635,77.464537,-2.837509e+04,-2.715121e+04,-1.273127e+05
81,2.382825e+02,miss,-0.051777,53.071740,-59.861404,-5.966349e+01,-1.031458e+05,8.449872e+04
82,2.392348e+02,miss,-3.796655,-8.292491,79.478425,1.159204e+04,4.419348e+04,-1.255496e+05
83,2.398041e+02,miss,-42.254656,-60.220302,31.433411,6.122052e+04,1.107146e+05,-4.343905e+04
84,2.402997e+02,miss,19.398042,33.240921,70.133851,-4.384617e+04,-7.369770e+04,-1.028385e+05
85,2.440515e+02,hit,70.526653,-23.329140,-29.694148,-1.067262e+05,5.389513e+04,6.256495e+04
86,2.444347e+02,miss,-2.361393,-13.221748,78.864499,-2.898671e+04,1.792526e+04,-1.306774e+05
87,2.468630e+02,miss,5.253927,2.287554,-79.794507,-2.429808e+04,2.513709e+04,1.311375e+05
88,2.472484e+02,miss,-1.733086,-40.984693,68.682249,3.488057e+04,5.767127e+04,-1.179213e+05
89,2.478272e+02,miss,-0.945124,30.332444,74.020603,2.081469e+04,-2.400750e+04,-1.322181e+05
90,2.484117e+02,miss,57.847282,44.978653,32.103158,-1.153341e+05,-4.684978e+04,-5.511807e+04
91,2.489918e+02,miss,-48.798408,-25.553837,-58.014798,8.033303e+04,1.233639e+04,1.094192e+05
92,2.495726e+02,miss,66.679640,-28.734759,33.587784,-1.191138e+05,4.757705e+04,-4.658121e+04
93,2.499602e+02,hit,4.657246,77.444460,19.510655,-2.115021e+04,-1.278921e+05,-4.297314e+04
94,2.504713e+02,miss,16.708559,77.931920,-6.887658,-5.286552e+03,-1.362310e+05,1.008436e+04
95,2.532007e+02,miss,-17.850745,-72.474244,28.789492,-2.516445e+03,1.288197e+05,-4.786786e+04
96,2.535146e+02,miss,0.228118,-0.778743,79.995884,-1.744501e+04,-2.742425e+04,-1.336383e+05
97,2.556719e+02,miss,12.642162,30.158330,73.011306,1.047572e+04,-6.199931e+04,-1.229753e+05
98,2.614430e+02,miss,-55.819918,-43.863613,36.879808,7.494829e+04,8.914908e+04,-7.708674e+04
99,2.674842e+02,miss,34.768965,-59.352790,40.845628,-8.814339e+04,8.143664e+04,-7.454358e+04
100,2.708306e+02,miss,51.655880,13.755532,-59.518530,-1.076449e+05,-2.434924e+04,8.959527e+04
101,2.724527e+02,miss,4.066377,21.698316,76.893743,-1.540699e+04,-6.663274e+04,-1.251054e+05
102,2.730602e+02,miss,-5.488497,74.026795,29.831359,1.757409e+04,-1.240679e+05,-6.835419e+04
103,2.741979e+02,miss,-5.611114,1.088713,-79.795552,4.296553e+04,5.434809e+03,1.363205e+05
104,2.744063e+02,miss,75.200410,15.149357,-22.702318,-1.381683e+05,3.914530e+03,3.699464e+04
105,2.765654e+02,miss,-74.355500,-17.371724,23.863838,1.379450e+05,1.945020e+04,-3.504823e+04
106,2.803839e+02,miss,24.202786,-26.593739,71.463265,-6.586081e+04,1.997634e+04,-1.272152e+05
107,2.836033e+02,miss,39.885980,-18.186084,-66.920662,-9.458515e+04,1.529718e+04,1.094544e+05
108,2.840164e+02,miss,35.327703,-12.656037,70.652517,-7.553419e+04,4.766353e+04,-1.149532e+05
109,2.880939e+02,miss,4.622663,3.207307,79.801906,1.392020e+04,-3.357691e+04,-1.420370e+05
110,2.895581e+02,miss,-29.658475,-57.780829,-46.709214,5.582584e+04,1.160363e+05,7.088010e+04
111,2.897668e+02,miss,-19.391395,28.200075,72.309955,4.417615e+04,-1.640427e+04,-1.392835e+05
112,2.903933e+02,miss,-5.669915,-3.402208,79.726263,1.300055e+04,-2.978012e+04,-1.435667e+05
113,2.908114e+02,miss,16.405785,8.663243,-77.819011,-5.973877e+04,-3.432865e+02,1.346463e+05
114,2.936695e+02,miss,37.116365,-66.270199,-25.112470,-9.456403e+04,1.059799e+05,4.168476e+04
115,2.978155e+02,miss,41.114080,66.080781,-18.519255,-9.578531e+04,-1.104216e+05,2.921137e+04
116,2.983678e+02,hit,-39.367338,-68.566385,-12.200963,7.300264e+04,1.265772e+05,3.018408e+04
117,3.002827e+02,miss,-70.822878,-34.190982,14.666177,1.210797e+05,8.077189e+04,-3.493909e+04
118,3.004120e+02,hit,78.234384,15.769643,-5.540714,-1.463451e+05,-2.841150e+04,1.380940e+04
119,3.010499e+02,miss,61.707565,49.234033,-12.968672,-1.156968e+05,-9.325879e+04,1.947895e+04
120,3.063196e+02,miss,11.028644,-79.165463,3.346415,-4.224793e+04,1.449342e+05,-8.048036e+03
121,3.084751e+02,miss,-62.927587,5.211379,-49.121892,1.150556e+05,2.801152e+04,9.483651e+04
122,3.105536e+02,miss,-14.972768,78.213017,-7.651153,4.183097e+04,-1.451169e+05,1.904575e+04
123,3.109859e+02,miss,-16.228681,-11.402087,-77.502402,4.640300e+04,-1.236827e+04,1.445598e+05
124,3.130729e+02,miss,3.070984,24.645200,-76.047243,-2.559810e+04,-7.142092e+04,1.326772e+05
125,3.154697e+02,miss,31.597856,-13.453557,-72.253562,-2.598448e+04,1.574414e+04,1.503836e+05
126,3.192364e+02,miss,46.087791,44.915415,-47.523899,-7.230645e+04,-7.678546e+04,1.126726e+05
127,3.218766e+02,miss,57.193215,41.479560,37.528420,-9.538531e+04,-1.042406e+05,-6.365438e+04
128,3.235584e+02,miss,-37.850993,68.080272,-18.231263,9.972922e+04,-1.116580e+05,4.157386e+04
129,3.283538e+02,miss,78.937185,-12.834195,2.050420,-1.559253e+05,-1.293490e+04,-4.429817e+03
130,3.292432e+02,miss,19.451463,30.472472,71.365741,-6.606566e+04,-3.263706e+04,-1.383334e+05
131,3.304922e+02,miss,-63.202522,32.637920,-36.608844,1.379547e+05,-4.260307e+04,6.174680e+04
132,3.357877e+02,miss,19.550793,-14.649034,-76.178555,-1.900487e+04,6.121814e+04,1.447254e+05
133,3.360125e+02,hit,78.256742,15.644852,-5.578619,-1.577759e+05,7.851933e+03,1.077876e+04
134,3.368300e+02,miss,-38.096836,-23.136209,-66.433026,1.012667e+05,2.815194e+04,1.186785e+05
135,3.371432e+02,miss,-25.658733,-14.077156,-74.454436,5.976655e+04,5.900359e+04,1.345435e+05
136,3.402200e+02,miss,-3.522798,-17.809374,77.912875,3.585840e+04,8.024000e+03,-1.550316e+05
137,3.404463e+02,miss,65.289964,41.349786,20.674037,-1.219073e+05,-9.691801e+04,-3.387332e+04
138,3.413518e+02,miss,20.460173,-48.919144,-59.902409,-1.028456e+04,8.338525e+04,1.356856e+05
139,3.445864e+02,hit,-73.879329,6.295438,30.036848,1.382299e+05,-5.170839e+04,-6.268601e+04
140,3.446814e+02,hit,70.685390,37.041180,5.614865,-1.552028e+05,-3.835762e+04,-1.259651e+04
141,3.450477e+02,miss,66.612018,-10.172736,-43.120233,-1.358373e+05,4.333097e+04,7.359256e+04
142,3.451369e+02,miss,5.028921,-17.607443,77.876106,-4.756757e+04,3.746154e+04,-1.486130e+05
143,3.457314e+02,miss,-16.753303,0.036071,-78.226118,5.466716e+04,3.000613e+04,1.480113e+05
144,3.471007e+02,miss,67.132954,37.083743,22.758789,-1.140152e+05,-9.967686e+04,-5.443770e+04
145,3.493053e+02,miss,14.827687,43.828622,65.262482,-5.838556e+04,-9.486745e+04,-1.168511e+05
146,3.495345e+02,miss,-62.881986,-37.548960,32.185889,1.210659e+05,6.681558e+04,-8.341884e+04
147,3.500890e+02,miss,0.686533,0.929949,-79.991649,-3.344721e+04,2.066679e+04,1.567658e+05
148,3.502286e+02,miss,31.240058,-66.903691,30.788877,-9.020674e+04,1.226295e+05,-5.437406e+04
149,3.513769e+02,miss,-28.588985,-37.580459,-64.578472,3.054106e+04,1.010773e+05,1.227522e+05
150,3.516068e+02,miss,-17.771961,30.351707,71.853541,1.457686e+04,-8.919794e+04,-1.344093e+05
151,3.529037e+02,miss,-30.014815,69.721761,-25.258403,8.057504e+04,-1.342022e+05,4.276439e+04
152,3.549798e+02,miss,-58.705577,-6.119791,54.001883,1.269432e+05,-2.064801e+04,-9.972640e+04
153,3.558201e+02,miss,-52.588182,-59.362823,10.513722,1.041474e+05,1.241257e+05,-1.717908e+04
154,3.576729e+02,miss,-24.209904,-41.513992,-63.956774,3.504341e+04,1.100559e+05,1.155287e+05
155,3.580017e+02,miss,-26.517526,55.795310,-50.830150,6.860732e+04,-8.561597e+04,1.211392e+05
156,3.588395e+02,miss,-12.872136,13.140300,77.856539,-1.097236e+04,-4.292989e+04,-1.575147e+05
157,3.631810e+02,miss,-56.286531,29.778425,48.425942,1.078816e+05,-3.492254e+04,-1.193323e+05
158,3.635571e+02,hit,-67.246789,-42.332687,9.263530,1.515062e+05,6.249855e+04,-1.631179e+04
159,3.641225e+02,miss,72.583806,23.826991,-23.745853,-1.308030e+05,-8.560417e+04,5.225851e+04
160,3.666090e+02,miss,31.663216,24.426746,-69.287624,-7.716723e+04,-7.478915e+04,1.257210e+05
161,3.677900e+02,miss,45.610312,5.446585,65.498352,-1.165775e+05,-1.485872e+04,-1.167519e+05
162,3.712396e+02,miss,-7.391481,-38.477848,-69.748270,-7.598337e+03,4.918082e+04,1.588175e+05
163,3.760440e+02,miss,-49.513829,-62.224244,-8.747816,7.536416e+04,1.487100e+05,1.623407e+04
164,3.762818e+02,miss,-57.141593,21.645232,51.636443,1.355523e+05,-1.546491e+04,-9.727337e+04
165,3.766128e+02,miss,35.755162,-59.283310,40.088122,-1.057972e+05,1.049475e+05,-7.676826e+04
166,3.770889e+02,miss,50.068094,-23.602499,57.759051,-1.254340e+05,2.298324e+04,-1.089679e+05
167,3.774720e+02,miss,0.879240,46.233961,65.281297,1.726234e+04,-1.162866e+05,-1.197662e+05
168,3.781933e+02,miss,-49.074184,-48.002227,-41.079321,1.284166e+05,6.848183e+04,8.389117e+04
169,3.800099e+02,miss,50.888826,45.210406,-42.027926,-1.299670e+05,-7.339699e+04,7.794436e+04
170,3.807273e+02,miss,34.455953,7.083431,-71.851321,-8.609086e+04,-4.601873e+04,1.373973e+05
171,3.824103e+02,miss,57.242571,22.647216,51.091992,-1.158059e+05,-1.137586e+04,-1.224440e+05
172,3.871393e+02,miss,61.122349,-46.045434,-23.321160,-1.503999e+05,6.028486e+04,5.129734e+04
173,3.890718e+02,miss,-70.996852,-33.049618,16.345327,1.387878e+05,9.431543e+04,-2.953875e+04
174,3.933552e+02,miss,-7.806838,54.995239,57.572363,-2.612937e+04,-1.136179e+05,-1.255302e+05
175,3.968268e+02,miss,49.015702,-12.114719,62.053965,-1.004858e+05,-1.669519e+04,-1.386813e+05
176,3.979002e+02,hit,75.442319,-19.342599,-18.284430,-1.461953e+05,8.022770e+04,4.334943e+04
177,4.006551e+02,miss,-79.984471,-0.931655,-1.271409,1.708995e+05,2.612207e+04,2.294414e+03
178,4.032696e+02,hit,-36.576295,-65.460630,27.876165,1.111540e+05,1.151590e+05,-6.687715e+04
179,4.046047e+02,miss,51.049069,50.060713,-35.887568,-8.049220e+04,-1.354321e+05,7.326739e+04
180,4.073762e+02,miss,57.120460,44.631375,33.842184,-1.120947e+05,-1.181473e+05,-6.222343e+04
181,4.086211e+02,miss,-33.110707,-18.466253,70.446281,8.317381e+04,6.976798e+04,-1.367596e+05
182,4.101096e+02,miss,-13.243542,-24.582093,-74.968855,4.762394e+03,8.444249e+04,1.531225e+05
183,4.102133e+02,miss,-15.134801,-46.223215,-63.516551,2.110218e+04,1.249675e+05,1.206037e+05
184,4.103580e+02,miss,8.786993,15.974193,77.894890,-1.778371e+04,-7.298535e+04,-1.580352e+05
185,4.120077e+02,miss,26.735297,44.948434,-60.538105,-9.402115e+04,-7.699743e+04,1.263834e+05
186,4.131014e+02,miss,53.627271,-25.514895,53.601361,-1.171108e+05,1.510808e+04,-1.299221e+05
187,4.135024e+02,miss,16.733112,72.534974,29.303250,2.611561e+03,-1.652063e+05,-5.960631e+04
188,4.140078e+02,miss,-53.529656,-48.135276,34.893712,1.092105e+05,1.221657e+05,-6.355462e+04
189,4.152562e+02,miss,1.171913,-4.432200,79.868531,2.942920e+04,3.737495e+04,-1.694720e+05
190,4.156583e+02,miss,-42.077039,-61.604906,28.885261,6.309825e+04,1.544289e+05,-5.642744e+04
191,4.157561e+02,miss,64.884305,-38.720978,26.281416,-1.500885e+05,5.801352e+04,-7.161617e+04
192,4.166589e+02,miss,9.937631,10.530578,-78.678780,-4.717738e+04,1.183906e+04,1.694771e+05
193,4.216930e+02,miss,-33.839334,-16.417526,-70.607112,9.073803e+04,-3.927442e+03,1.523653e+05
194,4.218463e+02,miss,-65.396002,28.116487,36.507891,1.497978e+05,-6.841702e+04,-6.599371e+04
195,4.227075e+02,miss,-1.759736,-51.654429,-61.063273,-3.256181e+04,9.347051e+04,1.474540e+05
196,4.237714e+02,miss,-12.173730,28.323259,73.821361,5.733399e+04,-3.020058e+04,-1.655892e+05
197,4.240238e+02,miss,39.674469,40.191841,-56.661737,-1.179155e+05,-7.010772e+04,1.132198e+05
198,4.258988e+02,miss,6.442012,66.699278,-43.700192,1.093353e+04,-1.572571e+05,8.323741e+04
199,4.263060e+02,miss,10.161548,9.563576,-78.773606,1.895238e+04,-4.884335e+03,1.772713e+05
200,4.275728e+02,miss,33.119768,40.644410,60.424439,-9.385021e+04,-9.947560e+04,-1.148888e+05
201,4.322177e+02,miss,41.975529,14.733884,-66.490357,-5.661219e+04,-2.722416e+04,1.682355e+05
202,4.340040e+02,miss,67.838401,-10.977551,-40.956620,-1.423496e+05,6.633370e+04,8.785773e+04
203,4.342595e+02,miss,-44.363361,-28.039808,60.379313,6.182620e+04,8.383441e+04,-1.468023e+05
204,4.345151e+02,hit,72.950796,-32.660039,-3.391634,-1.728792e+05,4.938379e+04,9.731871e+03
205,4.377506e+02,hit,-57.179673,-46.982199,-30.383516,1.296467e+05,9.024258e+04,8.780722e+04
206,4.408414e+02,miss,47.937509,7.901716,63.557518,-1.293512e+05,-2.975658e+04,-1.235942e+05
207,4.417777e+02,miss,24.351168,23.066963,72.628753,-8.867301e+04,-5.761966e+04,-1.475793e+05
208,4.430673e+02,miss,54.984224,-47.501481,33.471548,-1.152702e+05,1.256191e+05,-6.317767e+04
209,4.448827e+02,miss,6.367733,-3.874567,-79.651991,-9.935236e+02,-3.421068e+04,1.789494e+05
210,4.454001e+02,miss,-62.230748,20.774654,-45.779337,1.199768e+05,-4.730080e+04,1.288450e+05
211,4.461767e+02,hit,-64.832079,46.142410,8.226756,1.232870e+05,-1.325974e+05,-2.256191e+04
212,4.476375e+02,miss,26.912162,-19.742757,72.704602,-7.810933e+04,2.698386e+03,-1.652012e+05
213,4.494553e+02,miss,-6.602635,4.232281,79.614653,3.047056e+04,3.231873e+04,-1.776583e+05
214,4.506610e+02,miss,-11.940128,75.791719,22.650579,1.577846e+04,-1.777597e+05,-4.216551e+04
215,4.507629e+02,miss,-0.046433,-0.051313,79.999970,-2.522650e+04,3.667408e+04,-1.779090e+05
216,4.514423e+02,miss,-67.269455,3.296309,43.173542,1.602343e+05,2.387762e+04,-8.624673e+04
217,4.518048e+02,miss,-10.638749,9.154428,78.759212,2.722558e+04,-6.285281e+04,-1.703497e+05
218,4.524850e+02,miss,0.221670,-0.054072,-79.999675,-2.662524e+04,3.619094e+04,1.781651e+05
219,4.531089e+02,hit,24.970994,75.241644,-10.730536,-5.794133e+04,-1.714008e+05,3.275045e+04
220,4.536380e+02,miss,-75.155860,-6.513490,-26.630268,1.729433e+05,-2.678182e+04,5.675275e+04
221,4.537970e+02,hit,48.231058,63.546035,-5.972139,-1.241236e+05,-1.353790e+05,1.119094e+04
222,4.576278e+02,miss,-16.247474,-33.813197,-70.658951,1.348401e+04,1.081519e+05,1.492198e+05
223,4.578902e+02,miss,-2.839938,-76.244929,24.055053,-3.923523e+04,1.706682e+05,-5.914187e+04
224,4.581526e+02,miss,-56.361161,-49.376097,-28.025356,1.438927e+05,1.031729e+05,5.324095e+04
225,4.607879e+02,miss,-22.736012,34.147815,68.680423,1.261384e+04,-6.313966e+04,-1.738829e+05
226,4.627928e+02,miss,-8.977082,-72.424465,32.773600,5.225439e+04,1.658035e+05,-6.564484e+04
227,4.643838e+02,miss,-59.421230,33.564653,41.743641,1.065129e+05,-1.074853e+05,-1.084030e+05
228,4.665577e+02,miss,-14.749521,-2.992695,78.571594,6.570003e+04,3.433049e+04,-1.712204e+05
229,4.673596e+02,miss,-29.638779,-9.530468,73.693371,1.004969e+05,3.501584e+04,-1.534457e+05
230,4.695936e+02,miss,29.932343,-16.954413,-72.226053,-1.042562e+05,2.311055e+04,1.537354e+05
231,4.705530e+02,miss,39.583001,-57.213899,-39.493744,-5.342071e+04,1.448353e+05,1.062006e+05
232,4.709232e+02,miss,33.528407,52.356004,50.345752,-9.794949e+04,-1.255409e+05,-9.890700e+04
233,4.717797e+02,miss,11.689272,4.875106,-78.991102,-3.600581e+04,3.372389e+04,1.810177e+05
234,4.747209e+02,miss,-42.397720,19.683250,64.923054,9.350845e+04,-8.512894e+04,-1.393909e+05
235,4.757972e+02,miss,-31.304084,-59.338281,-43.577778,7.953509e+04,1.485447e+05,8.431807e+04
236,4.759530e+02,miss,0.843653,-0.457364,79.994244,1.800899e+04,4.216640e+04,-1.827845e+05
237,4.789072e+02,miss,-39.239199,-69.577292,-4.391549,4.866160e+04,1.823374e+05,1.086512e+04
238,4.839279e+02,miss,65.560636,43.742934,13.724382,-1.484416e+05,-1.156484e+05,-2.642121e+04
239,4.841977e+02,miss,35.335115,-32.213300,64.138389,-3.947919e+04,8.754057e+04,-1.640296e+05
240,4.844675e+02,hit,60.795070,49.706963,-15.270142,-1.662603e+05,-8.202732e+04,4.215278e+04
241,4.854420e+02,miss,27.463370,5.246113,-74.954931,-9.967066e+04,-2.378224e+04,1.603767e+05
242,4.874480e+02,miss,-15.774479,1.286573,-78.418815,-7.956128e+03,-1.774787e+04,1.897153e+05
243,4.876128e+02,miss,0.864867,-41.244907,68.542758,-3.311460e+04,1.174277e+05,-1.466174e+05
244,4.878836e+02,miss,63.538538,-13.350738,46.739834,-1.368158e+05,1.838277e+03,-1.329690e+05
245,4.888615e+02,miss,-0.086435,38.637877,-70.050746,-1.063814e+04,-1.215627e+05,1.469184e+05
246,4.907683e+02,miss,-22.380056,-3.732301,76.715077,6.109111e+04,-3.671795e+04,-1.775883e+05
247,4.921274e+02,miss,-19.691773,51.759443,-57.733821,1.604242e+04,-1.451920e+05,1.240212e+05
248,4.945858e+02,hit,44.837458,65.296686,11.222528,-1.095292e+05,-1.537134e+05,-3.575343e+04
249,4.959574e+02,miss,-33.758822,21.705460,69.204154,1.138572e+05,-4.992035e+04,-1.467979e+05
250,4.975972e+02,miss,-35.976119,62.099127,35.347098,8.358335e+04,-1.354911e+05,-1.085516e+05
251,4.987515e+02,miss,-5.959620,-7.332075,79.440063,5.382946e+04,3.826230e+04,-1.812511e+05
252,5.024398e+02,miss,-56.960852,3.180688,56.083372,1.185403e+05,-5.136136e+04,-1.442186e+05
253,5.027745e+02,miss,24.927804,0.260690,76.016686,-1.445105e+04,-1.463933e+04,-1.925892e+05
254,5.028820e+02,miss,14.504156,24.668740,74.706644,1.178670e+04,-7.106664e+04,-1.798121e+05
255,5.030494e+02,miss,10.612464,56.383546,55.751874,-2.802613e+04,-1.048061e+05,-1.605132e+05
256,5.045332e+02,miss,-34.243374,-10.943100,-71.467754,4.116639e+04,1.022743e+04,1.893296e+05
257,5.059185e+02,miss,44.750335,-31.663079,-58.265400,-6.803276e+04,8.643958e+04,1.601502e+05
258,5.067463e+02,miss,-40.568945,40.548491,-55.767200,8.946226e+04,-1.268889e+05,1.170719e+05
259,5.077429e+02,miss,-15.928656,-19.669833,75.890550,6.936897e+04,1.084125e+04,-1.815348e+05
260,5.091326e+02,miss,57.522725,-26.638919,48.800657,-1.114302e+05,6.952328e+04,-1.440069e+05
261,5.094093e+02,miss,21.790148,-39.244438,66.219812,-5.399043e+04,5.250738e+04,-1.798244e+05
262,5.122409e+02,hit,72.430953,14.923244,30.513176,-1.769370e+05,1.031333e+04,-8.250467e+04
263,5.144708e+02,hit,-64.820219,-45.221057,-12.385281,1.809089e+05,6.766770e+04,3.285594e+04
264,5.168753e+02,miss,-7.394844,-27.643134,-74.707252,6.400802e+04,6.304679e+04,1.746251e+05
265,5.175421e+02,miss,-56.845950,0.081025,-56.289710,1.258470e+05,-4.749677e+04,1.432557e+05
266,5.178211e+02,miss,29.492422,54.640306,50.444365,-2.956218e+04,-1.537541e+05,-1.188368e+05
267,5.191152e+02,miss,-19.455341,14.264799,-76.275849,9.270166e+02,-5.049782e+04,1.902159e+05
268,5.195040e+02,miss,-4.457168,53.811537,59.029248,-1.634892e+04,-1.034623e+05,-1.667042e+05
269,5.197835e+02,miss,-66.215468,20.196179,-40.095213,1.580617e+05,-8.117972e+04,8.490714e+04
270,5.199537e+02,miss,-55.263107,-14.855944,-55.904292,1.395455e+05,-1.266353e+04,1.384277e+05
271,5.202333e+02,miss,-53.644526,35.600952,-47.485124,1.023253e+05,-1.249354e+05,1.128588e+05
272,5.223635e+02,miss,-10.719461,64.045927,46.724858,6.625910e+04,-1.544800e+05,-1.035423e+05
273,5.232119e+02,miss,5.286469,-3.725132,-79.738176,-5.213920e+04,3.397397e+04,1.875258e+05
274,5.247251e+02,miss,21.658111,-72.772685,-25.200447,-1.382024e+04,1.893342e+05,5.579554e+04
275,5.253482e+02,miss,66.962773,33.086087,28.658294,-1.820893e+05,-4.511657e+04,-6.329324e+04
276,5.254581e+02,miss,-60.442178,-23.540094,-46.825282,1.652640e+05,5.126751e+04,9.625858e+04
277,5.263091e+02,miss,-59.504257,50.897148,-16.392795,1.688845e+05,-9.166840e+04,4.842213e+04
278,5.294155e+02,miss,23.891425,38.507932,-65.926770,-4.691707e+04,-5.564584e+04,1.849429e+05
279,5.295872e+02,miss,-10.838430,-14.559717,77.913690,-8.744447e+03,6.789592e+04,-1.866227e+05
280,5.300413e+02,miss,-50.218193,2.129601,62.238235,1.021095e+05,3.698375e+04,-1.665956e+05
281,5.314537e+02,hit,61.188684,-49.243267,15.200185,-1.277446e+05,1.453478e+05,-4.699951e+04
282,5.325925e+02,miss,-30.841330,-16.116342,72.035241,2.896530e+04,4.311409e+04,-1.924598e+05
283,5.342917e+02,miss,35.909508,20.511603,68.481979,-1.174365e+05,-1.487592e+04,-1.607879e+05
284,5.354260e+02,miss,28.474086,47.930112,57.375350,-5.105813e+04,-1.470239e+05,-1.254075e+05
285,5.360011e+02,hit,-0.370280,79.021511,-12.468510,-4.640708e+04,-1.922555e+05,2.961625e+04
286,5.368531e+02,miss,-45.973821,61.739854,21.785276,1.289302e+05,-1.464935e+05,-4.441990e+04
287,5.394206e+02,hit,-69.156035,-31.819215,24.596349,1.883977e+05,3.233594e+04,-6.089958e+04
288,5.397054e+02,miss,30.619468,8.564438,73.410480,-2.931021e+04,-3.308579e+04,-1.957436e+05
289,5.401638e+02,miss,10.778269,39.117689,-68.946612,-4.794240e+04,-5.517586e+04,1.869777e+05
290,5.402753e+02,miss,68.913133,-6.548295,40.101122,-1.536575e+05,4.903654e+04,-1.195685e+05
291,5.405604e+02,miss,-19.927420,-43.517657,64.102352,6.506429e+04,1.305978e+05,-1.379998e+05
292,5.418751e+02,miss,10.161346,29.657537,-73.601478,1.759665e+04,-4.972536e+04,1.940333e+05
293,5.456072e+02,miss,1.492795,79.871047,-4.288048,2.538633e+04,-1.999577e+05,9.061611e+03
294,5.493994e+02,miss,-2.737610,-1.903605,-79.930481,2.844939e+04,-3.944136e+04,1.965391e+05
295,5.513080e+02,miss,-28.628956,-67.824017,-31.309514,2.968482e+04,1.868087e+05,7.318693e+04
296,5.515960e+02,hit,-69.945850,38.423723,5.585296,1.634766e+05,-1.195572e+05,-1.174668e+04
297,5.521721e+02,hit,-22.147112,76.602486,6.447053,1.213612e+04,-2.017089e+05,-1.912373e+04
298,5.541985e+02,hit,-68.549107,15.760514,-38.113333,1.516543e+05,-7.086078e+04,1.154574e+05
299,5.549518e+02,miss,-35.128336,-61.697568,-36.870180,6.752477e+04,1.748375e+05,7.924093e+04
300,5.550648e+02,miss,14.784419,0.481504,78.620539,-2.590162e+04,4.748085e+04,-1.961887e+05
301,5.555296e+02,miss,-1.348728,58.617149,-54.426196,-4.691532e+04,-1.411533e+05,1.390133e+05
302,5.563970e+02,miss,50.189282,-26.347639,56.452085,-1.456093e+05,2.011362e+04,-1.410961e+05
303,5.569833e+02,hit,-78.912594,13.046977,-1.605890,1.930041e+05,-6.554208e+04,3.478578e+03
304,5.572727e+02,miss,35.515321,-6.060172,71.427840,-1.166927e+05,4.122527e+04,-1.620597e+05
305,5.579651e+02,miss,10.229241,-78.519807,11.401865,-6.947390e+04,1.888182e+05,-3.395263e+04
306,5.588343e+02,miss,-3.032070,-60.286254,52.501182,2.470630e+04,1.684245e+05,-1.127802e+05
307,5.641428e+02,miss,4.512591,-18.689166,77.655339,1.664296e+04,4.944273e+03,-2.044290e+05
308,5.642567e+02,miss,12.711357,-4.593473,-78.849993,-6.498405e+04,4.454846e+04,1.894562e+05
309,5.646114e+02,miss,24.983597,-46.334211,60.240857,-3.606938e+04,9.254676e+04,-1.796155e+05
310,5.653083e+02,miss,30.708989,-8.994795,-73.321563,-7.856138e+04,-2.816608e+04,1.876550e+05
311,5.654224e+02,miss,-66.324969,37.854460,23.833555,1.749228e+05,-7.409465e+04,-7.810340e+04
312,5.660692e+02,miss,12.019140,40.351923,-68.023986,1.892226e+04,-1.122278e+05,1.711235e+05
313,5.672444e+02,miss,-52.720612,30.362078,-51.948834,1.105203e+05,-6.286422e+04,1.617326e+05
314,5.679430e+02,miss,-2.515378,-1.909934,-79.937632,5.576986e+04,6.040543e+03,1.980642e+05
315,5.685275e+02,miss,46.382101,49.502546,-42.405172,-1.347605e+05,-8.909130e+04,1.277582e+05
316,5.691761e+02,miss,-14.930796,-32.118253,71.732065,-3.698853e+03,5.658466e+04,-1.981229e+05
317,5.699981e+02,miss,42.606364,21.276523,64.280691,-1.043709e+05,-9.590811e+04,-1.497929e+05
318,5.700540e+02,miss,56.239809,-15.114329,-54.851079,-1.288821e+05,8.598005e+04,1.361270e+05
319,5.712334e+02,miss,26.954465,-42.973144,61.860858,-6.561269e+04,1.394571e+05,-1.373624e+05
320,5.728144e+02,miss,38.067845,-63.595961,-30.106359,-1.254526e+05,1.505545e+05,6.583822e+04
321,5.732867e+02,miss,-11.936342,-76.088752,21.633898,6.090958e+04,1.919427e+05,-4.714815e+04
322,5.741755e+02,miss,-50.780687,21.682757,57.889377,9.901978e+04,-9.678796e+04,-1.538454e+05
323,5.774761e+02,miss,-18.869917,-5.435996,77.552409,9.046591e+04,2.719075e+04,-1.848353e+05
324,5.794842e+02,hit,-68.704935,12.958528,38.880695,1.783898e+05,-6.366892e+04,-8.579449e+04
325,5.813209e+02,miss,-11.464746,63.194070,-47.697685,5.544414e+04,-1.711102e+05,1.049839e+05
326,5.850057e+02,miss,33.002320,72.461067,-7.761485,-7.591468e+04,-1.939582e+05,1.632396e+04
327,5.893541e+02,miss,5.003558,54.118683,58.703769,8.502643e+03,-1.624727e+05,-1.323030e+05
328,5.896518e+02,miss,6.540584,-7.152852,79.410689,-6.599865e+04,2.167169e+04,-1.979154e+05
329,5.918028e+02,miss,-24.349054,31.287961,69.485157,4.902674e+04,-3.675967e+04,-2.010014e+05
330,5.924074e+02,hit,13.541764,18.730337,-76.588479,-7.280291e+04,-7.116068e+04,1.839497e+05
331,5.928876e+02,miss,23.568059,-43.300208,63.005068,-1.047497e+05,8.549072e+04,-1.611094e+05
332,5.984645e+02,miss,36.973409,54.447760,45.479759,-1.355983e+05,-1.066545e+05,-1.220304e+05
333,6.003911e+02,miss,15.887519,3.548238,78.326220,-3.400772e+04,-5.975406e+04,-2.001754e+05
334,6.009922e+02,miss,-2.679322,7.766520,-79.577022,-9.477251e+03,-6.729567e+04,2.005582e+05
335,6.012928e+02,miss,44.250576,64.614325,-16.336324,-1.103539e+05,-1.774038e+05,3.484891e+04
336,6.023784e+02,miss,-37.640763,9.957305,69.885800,1.342338e+05,-1.956629e+04,-1.629233e+05
337,6.026794e+02,miss,26.790517,-73.695404,-15.851046,-1.181158e+05,1.710331e+05,4.200407e+04
338,6.034073e+02,miss,-10.791357,-79.222137,-2.720225,-2.292566e+04,2.108276e+05,6.961729e+03
339,6.046128e+02,miss,-52.238288,-30.974180,-52.074576,1.067488e+05,1.237482e+05,1.356590e+05
340,6.052159e+02,miss,54.027635,11.350485,-57.898024,-1.645505e+05,-1.261379e+03,1.344575e+05
341,6.066149e+02,miss,4.542219,7.415686,79.525944,1.298244e+04,2.705160e+04,-2.106213e+05
342,6.071009e+02,miss,40.495421,-13.998249,-67.558640,-1.193075e+05,7.421206e+04,1.598631e+05
343,6.081917e+02,hit,40.049578,-67.686677,14.647358,-5.751408e+04,2.013039e+05,-3.934702e+04
344,6.087308e+02,miss,-30.089239,-38.433637,63.383698,6.861942e+04,6.041614e+04,-1.925118e+05
345,6.087966e+02,hit,-20.336619,22.485562,74.032570,6.713494e+04,-9.786750e+04,-1.770291e+05
346,6.090992e+02,miss,-57.604430,-15.004801,-53.447036,1.236410e+05,2.840893e+04,1.713267e+05
347,6.112274e+02,miss,-16.478774,-59.239628,-51.177304,3.544491e+04,1.297330e+05,1.658879e+05
348,6.121372e+02,miss,-32.330323,29.530037,66.953171,7.564105e+04,-3.147453e+04,-1.973866e+05
349,6.138399e+02,hit,-24.597476,-76.085306,2.447537,7.115517e+04,2.017676e+05,-5.245688e+03
350,6.170088e+02,hit,7.993081,79.295677,-6.950273,-6.098904e+04,-2.044454e+05,2.279442e+04
351,6.194559e+02,hit,-34.821005,-67.929146,-23.940108,1.327652e+05,1.524475e+05,7.316363e+04
352,6.202523e+02,miss,31.986046,10.810885,72.525979,-5.297865e+04,-7.163217e+04,-1.958093e+05
353,6.211768e+02,miss,60.333170,8.490453,51.844197,-1.393227e+05,1.005196e+04,-1.638179e+05
354,6.220940e+02,miss,9.548080,-46.585041,-64.332481,2.736272e+04,1.290598e+05,1.703275e+05
355,6.227724e+02,miss,-46.442875,-47.519716,44.552620,9.288213e+04,1.609082e+05,-1.093101e+05
356,6.241168e+02,miss,23.119093,-54.087813,-54.221914,-2.306923e+04,1.683701e+05,1.329919e+05
357,6.243033e+02,miss,-10.380481,23.508946,75.759983,6.203980e+04,-9.041373e+04,-1.858975e+05
358,6.244232e+02,miss,-22.263631,-19.909900,-74.215407,2.093038e+04,8.920829e+04,1.954333e+05
359,6.287952e+02,miss,23.717091,-67.474775,-35.842075,-1.366818e+04,1.951365e+05,9.301363e+04
360,6.331235e+02,miss,-57.833708,-37.675178,40.445558,1.377902e+05,1.376207e+05,-9.650881e+04
361,6.335528e+02,miss,33.852602,52.504174,-49.973123,-5.050187e+04,-1.393240e+05,1.590911e+05
362,6.342374e+02,miss,21.317576,50.016719,58.684656,-4.566121e+04,-1.000852e+05,-1.876717e+05
363,6.347879e+02,miss,-37.527971,55.673610,43.498282,1.349032e+05,-1.367613e+05,-1.022800e+05
364,6.354732e+02,miss,-9.289553,-15.090501,-78.012698,3.788227e+04,-1.205659e+04,2.140898e+05
365,6.390747e+02,miss,-25.068063,-35.074508,67.389696,5.842923e+04,1.331153e+05,-1.629415e+05
366,6.401346e+02,hit,78.966573,12.147430,4.089038,-2.103924e+05,-5.733936e+04,-1.448861e+04
367,6.407552e+02,miss,24.020979,-21.047606,-73.348421,-4.335341e+04,1.020666e+05,1.884459e+05
368,6.409441e+02,miss,6.566891,42.800235,-67.268238,-6.511810e+04,-1.216356e+05,1.696688e+05
369,6.423080e+02,miss,10.712403,23.948596,-75.575850,-4.089807e+04,-1.218996e+04,2.147175e+05
370,6.423756e+02,miss,-39.210129,52.725533,-45.635337,1.454661e+05,-1.178278e+05,1.135170e+05
371,6.431190e+02,hit,2.929856,77.980976,-17.617701,-4.909532e+04,-2.053240e+05,5.845545e+04
372,6.453058e+02,miss,-16.526110,65.596530,42.708114,1.428876e+04,-1.945241e+05,-1.005222e+05
373,6.456173e+02,miss,43.950829,-19.371957,-63.976964,-1.240736e+05,9.259862e+04,1.555731e+05
374,6.479983e+02,miss,-6.540117,13.264048,78.621193,3.662576e+04,1.527745e+04,-2.162743e+05
375,6.487449e+02,hit,-78.869504,-7.893425,-10.830290,2.162253e+05,-1.726589e+04,3.679138e+04
376,6.493697e+02,hit,71.540456,-8.449519,-34.793229,-1.815474e+05,7.649232e+04,9.818961e+04
377,6.503754e+02,miss,8.385673,15.642611,-78.006341,-6.562672e+04,-9.755605e+03,2.100589e+05
378,6.511316e+02,miss,15.583650,44.079403,-64.916532,-1.613733e+04,-1.517524e+05,1.590408e+05
379,6.519481e+02,miss,-18.881465,-9.019927,77.214838,8.685391e+04,5.481603e+04,-1.951813e+05
380,6.530785e+02,miss,-2.593445,-70.093397,-38.473233,-4.733155e+04,1.884694e+05,1.047257e+05
381,6.535145e+02,miss,26.829338,53.305582,53.279467,-1.195164e+05,-1.238244e+05,-1.383631e+05
382,6.546462e+02,miss,40.247804,-10.626899,68.316786,-1.453929e+05,2.089845e+04,-1.651350e+05
383,6.562241e+02,miss,-47.450776,-32.958731,-55.336659,9.683906e+04,1.325549e+05,1.483730e+05
384,6.565382e+02,miss,23.948785,-5.682486,76.119413,-2.280638e+04,5.034671e+04,-2.143168e+05
385,6.571667e+02,miss,20.412871,-71.535996,29.426451,-1.839019e+04,2.090201e+05,-7.075226e+04
386,6.579870e+02,miss,24.354007,16.971717,74.288917,-7.312166e+04,-9.211550e+04,-1.877835e+05
387,6.585561e+02,hit,-67.562263,-36.908531,-21.750885,1.995623e+05,8.278983e+04,4.957710e+04
388,6.595689e+02,hit,67.975907,29.229455,30.412416,-2.001523e+05,-2.792566e+04,-9.149827e+04
389,6.598154e+02,miss,32.528854,-3.512497,73.003671,-1.155127e+05,-3.080396e+04,-1.869199e+05
390,6.601304e+02,miss,-39.893735,-59.221897,36.072937,1.517929e+05,1.268394e+05,-1.006246e+05
391,6.615831e+02,hit,37.788355,70.389676,4.163383,-7.528659e+04,-2.085156e+05,-1.470323e+04
392,6.644330e+02,miss,21.150455,20.643552,74.340447,-2.328019e+04,-1.697935e+04,-2.207836e+05
393,6.645017e+02,miss,-51.053233,27.405917,55.158709,9.968379e+04,-1.086394e+05,-1.668575e+05
394,6.657062e+02,miss,14.363781,34.419294,70.774247,-7.563216e+04,-1.146607e+05,-1.755089e+05
395,6.658905e+02,miss,57.764996,40.415862,37.812210,-1.203857e+05,-1.500335e+05,-1.126128e+05
396,6.660226e+02,miss,50.640557,-23.328468,57.369997,-1.363055e+05,1.321036e+04,-1.758993e+05
397,6.667245e+02,miss,-38.121339,-23.116060,-66.425983,5.644466e+04,6.519486e+04,2.056946e+05
398,6.681845e+02,miss,-40.473518,-62.782284,28.640516,1.071892e+05,1.848132e+05,-6.488573e+04
399,6.682396e+02,miss,-59.988832,-23.586741,-47.381490,1.498559e+05,1.119652e+05,1.219290e+05
400,6.703444e+02,miss,9.473659,8.617524,78.968273,2.711506e+04,-7.772396e+03,-2.218583e+05
401,6.713662e+02,miss,16.820797,-59.320251,50.972233,-3.172615e+04,1.861924e+05,-1.200783e+05
402,6.716840e+02,miss,-64.524105,-3.301851,47.177724,1.899491e+05,3.821627e+04,-1.121408e+05
403,6.737250e+02,miss,25.610077,33.738813,-67.866165,-8.116165e+04,-1.274551e+05,1.656410e+05
404,6.745555e+02,miss,5.856949,38.767936,69.733373,-2.985381e+04,-1.418210e+05,-1.712498e+05
405,6.769115e+02,miss,27.042631,15.390829,73.700872,-7.220181e+04,1.299815e+04,-2.124257e+05
406,6.785159e+02,miss,45.889574,-57.135468,32.088710,-9.767097e+04,1.868099e+05,-7.866952e+04
407,6.792244e+02,miss,-20.022931,-50.254263,-58.937181,1.020802e+05,1.326089e+05,1.505782e+05
408,6.795440e+02,miss,3.953817,43.577313,66.973018,2.618050e+04,-1.457842e+05,-1.696016e+05
409,6.803085e+02,miss,14.840809,5.269090,-78.434604,5.640177e+02,-5.158728e+04,2.193140e+05
410,6.819170e+02,miss,-18.307120,37.715669,68.134996,8.442168e+04,-6.066677e+04,-2.001817e+05
411,6.826273e+02,miss,71.666102,-6.416009,-34.968624,-1.885046e+05,-4.033870e+03,1.240280e+05
412,6.827526e+02,hit,13.641669,-77.521627,14.293432,-2.196166e+02,2.230420e+05,-3.456565e+04
413,6.831984e+02,miss,-39.463109,61.470291,32.620029,8.664383e+04,-1.934744e+05,-7.769386e+04
414,6.838396e+02,miss,4.745296,-32.336821,-73.019259,-5.782734e+04,1.087216e+05,1.893654e+05
415,6.864855e+02,miss,-41.510924,-61.276059,-30.365898,6.606610e+04,1.959157e+05,9.205098e+04
416,6.882887e+02,miss,7.310132,-58.502962,54.073704,2.496185e+04,1.772826e+05,-1.389366e+05
417,6.885489e+02,miss,-59.582113,-26.286270,46.465082,1.713211e+05,9.928856e+04,-1.102990e+05
418,6.887363e+02,miss,-10.649947,-55.153156,-56.962339,7.328978e+04,1.591675e+05,1.438170e+05
419,6.909992e+02,miss,-0.358155,-0.923367,-79.993869,-4.707126e+04,-2.459593e+04,2.207650e+05
420,6.931395e+02,hit,78.591901,12.331256,8.441166,-2.264843e+05,-4.877351e+03,-1.996562e+04
421,6.941083e+02,miss,9.076543,38.560126,-69.503475,-3.699562e+03,-6.346470e+04,2.185140e+05
422,6.945017e+02,miss,32.728095,-72.533052,8.235786,-1.125496e+05,1.969425e+05,-1.911665e+04
423,6.948249e+02,miss,-10.145057,19.655401,-76.881357,-2.781332e+04,-5.956881e+04,2.179938e+05
424,6.954715e+02,hit,8.451849,11.745259,-78.680462,-7.665216e+04,-3.272311e+04,2.120028e+05
425,6.960480e+02,hit,-60.835772,3.723073,51.818409,1.868312e+05,-3.652661e+04,-1.252775e+05
426,6.983229e+02,miss,23.127330,7.065010,-76.257539,-1.104721e+05,-2.960740e+04,1.975440e+05
427,6.985201e+02,miss,-25.242805,68.569800,32.572738,1.108163e+05,-1.824750e+05,-8.088041e+04
428,6.996196e+02,miss,-41.592429,-65.098665,-20.790228,7.107298e+04,2.061929e+05,6.807491e+04
429,6.996901e+02,miss,-55.054607,57.235145,-9.650306,1.864431e+05,-1.298407e+05,2.422157e+04
430,6.998170e+02,miss,62.550281,45.705296,-19.962172,-1.734707e+05,-1.414194e+05,4.608957e+04
431,7.004659e+02,miss,29.497365,-66.765812,-32.744950,-4.856971e+04,2.081931e+05,8.099885e+04
432,7.024230e+02,miss,-2.666066,-68.804491,-40.728786,4.952237e+03,1.757880e+05,1.465752e+05
433,7.039216e+02,miss,13.880213,-6.369348,78.528791,-7.189950e+04,5.757743e+04,-2.098508e+05
434,7.041196e+02,miss,26.567727,52.803543,53.906788,-1.111045e+05,-1.498402e+05,-1.331936e+05
435,7.042469e+02,miss,-64.325141,7.817726,-46.916515,1.837486e+05,-6.692330e+04,1.195995e+05
436,7.058835e+02,miss,17.594865,0.224959,78.040823,7.069438e+03,-6.589107e+02,-2.293862e+05
437,7.093524e+02,miss,75.236907,-13.142022,-23.805359,-2.078184e+05,7.873720e+04,5.949140e+04
438,7.110573e+02,miss,17.342227,-49.502613,60.404788,-4.761286e+04,1.699815e+05,-1.479654e+05
439,7.141399e+02,miss,21.176250,68.557352,-35.375924,-9.340896e+04,-1.926287e+05,8.633326e+04
440,7.153229e+02,miss,-44.899106,21.422222,62.651086,1.580390e+05,-6.707912e+04,-1.545859e+05
441,7.165726e+02,miss,-19.752559,25.922152,73.060786,7.035290e+04,-1.880836e+04,-2.194600e+05
442,7.166353e+02,miss,43.865393,50.918938,-43.394573,-1.152909e+05,-1.707399e+05,1.050074e+05
443,7.189436e+02,miss,-0.042675,0.714174,-79.996801,1.863481e+04,5.114070e+04,2.251228e+05
444,7.194726e+02,miss,8.509162,12.711601,78.523941,-6.240867e+04,-7.091727e+04,-2.115615e+05
445,7.203968e+02,miss,-43.146292,57.938358,34.373598,1.653810e+05,-1.257694e+05,-1.028714e+05
446,7.220432e+02,miss,-33.093381,-4.368558,-72.703121,1.354399e+05,-3.579859e+03,1.884606e+05
447,7.240933e+02,miss,14.656386,-17.700291,-76.628259,1.310254e+04,3.459596e+04,2.294745e+05
448,7.248912e+02,hit,59.690783,-42.325926,32.334601,-1.364287e+05,1.522812e+05,-1.108346e+05
449,7.278080e+02,miss,-36.168047,68.310269,-20.629579,1.313397e+05,-1.859072e+05,4.992679e+04
450,7.282050e+02,miss,14.427264,-14.910049,-77.262827,-6.680961e+03,-2.801264e+03,2.329838e+05
451,7.290685e+02,miss,22.899920,26.383510,71.968772,-9.480888e+04,-1.050232e+05,-1.854178e+05
452,7.312582e+02,miss,50.274426,-55.911253,-27.320575,-1.784233e+05,1.336903e+05,6.966887e+04
453,7.329892e+02,miss,-53.056197,58.555519,-12.501646,1.761812e+05,-1.465831e+05,4.652384e+04
454,7.332578e+02,miss,-39.201028,-20.782406,66.568544,1.245293e+05,2.859738e+03,-1.979778e+05
455,7.333877e+02,miss,-6.205388,-1.951012,79.735103,2.252130e+04,-5.120875e+04,-2.271367e+05
456,7.344565e+02,miss,-49.918442,4.710458,-62.337474,1.743464e+05,-2.648965e+03,1.561944e+05
457,7.349912e+02,miss,37.685451,-46.667563,-52.933405,-1.163878e+05,1.566336e+05,1.294606e+05
458,7.355839e+02,miss,2.856187,44.457621,-66.448191,4.114634e+04,-1.014124e+05,2.071400e+05
459,7.356562e+02,miss,18.166436,50.115506,59.652466,-4.276963e+04,-1.060629e+05,-2.044781e+05
460,7.362579e+02,miss,4.328262,1.907777,-79.860043,-6.740240e+04,-1.496713e+04,2.239814e+05
461,7.363215e+02,miss,-40.299701,45.926161,51.640313,7.241643e+04,-1.364233e+05,-1.763067e+05
462,7.367933e+02,miss,-16.740950,0.398300,-78.227757,-6.299116e+03,1.877171e+04,2.336293e+05
463,7.389220e+02,miss,-4.637000,36.074511,71.253967,4.723100e+04,-1.338082e+05,-1.870779e+05
464,7.394583e+02,miss,18.646077,-7.860575,-77.398548,2.613901e+03,3.664244e+04,2.320001e+05
465,7.403284e+02,miss,29.278410,55.051472,50.120956,-1.235335e+05,-1.539467e+05,-1.275868e+05
466,7.416724e+02,miss,7.943294,0.098415,79.604613,-6.436955e+04,-3.730604e+04,-2.231672e+05
467,7.433430e+02,hit,43.793282,61.142467,-27.271728,-1.718025e+05,-1.398105e+05,8.000212e+04
468,7.434157e+02,miss,-57.406534,17.507443,-52.895929,1.877951e+05,-5.150392e+03,1.420398e+05
469,7.453590e+02,miss,6.185587,4.943748,-79.607147,2.145039e+04,2.870003e+04,2.330880e+05
470,7.462326e+02,miss,18.354958,19.069306,-75.494749,-9.057550e+04,-8.394392e+04,2.010684e+05
471,7.469027e+02,miss,51.860773,12.909653,59.529833,-1.356798e+05,1.439631e+04,-1.926467e+05
472,7.483838e+02,miss,72.659785,33.255794,3.822022,-1.990877e+05,-1.269446e+05,-9.416908e+03
473,7.493905e+02,miss,14.478941,17.805533,-76.637610,-3.668025e+04,6.231050e+03,2.335174e+05
474,7.503394e+02,miss,0.397890,50.827986,61.776674,-3.045851e+04,-1.727702e+05,-1.587708e+05
475,7.503978e+02,miss,3.444335,22.382139,76.727938,4.808304e+04,-6.221350e+04,-2.231755e+05
476,7.526924e+02,miss,42.636023,-50.370104,-45.221922,-1.095536e+05,1.767669e+05,1.136331e+05
477,7.536377e+02,miss,58.470576,-20.153971,50.744549,-1.497279e+05,1.123052e+05,-1.456044e+05
478,7.537109e+02,miss,61.376481,-43.495913,-27.221923,-1.922642e+05,9.557224e+04,1.006848e+05
479,7.540476e+02,miss,26.817671,3.323848,-75.297839,-1.072742e+05,-5.149592e+04,2.051890e+05
480,7.543111e+02,miss,15.528404,-17.413293,76.522192,-8.228915e+03,6.521649e+03,-2.370053e+05
481,7.553217e+02,hit,-79.372844,-9.333130,3.583897,2.360461e+05,2.381062e+04,-8.514057e+03
482,7.576327e+02,miss,39.570078,68.225032,-13.399772,-6.262442e+04,-2.254173e+05,4.236561e+04
483,7.606087e+02,miss,-24.314306,-61.598514,-44.882486,5.406306e+04,2.031855e+05,1.120022e+05
484,7.608792e+02,miss,-47.214472,25.611418,59.286161,1.034037e+05,-5.639423e+04,-2.071213e+05
485,7.616236e+02,miss,62.543582,46.799233,17.266506,-2.085177e+05,-1.068551e+05,-4.392881e+04
486,7.623742e+02,miss,-37.104174,-40.806432,-57.949248,5.859239e+04,1.512970e+05,1.748129e+05
487,7.631840e+02,hit,-71.555776,-31.605893,16.758234,2.165476e+05,7.610257e+04,-6.526384e+04
488,7.639353e+02,miss,-52.522115,8.265412,59.775500,1.130914e+05,-3.511130e+04,-2.073099e+05
489,7.640679e+02,miss,77.132140,-10.326688,18.547036,-2.327327e+05,-1.927573e+04,-4.973624e+04
490,7.642743e+02,miss,16.536011,47.768059,-62.006233,-3.361608e+04,-1.000507e+05,2.142078e+05
491,7.644069e+02,miss,36.540747,47.410615,-53.075488,-1.497581e+05,-1.216734e+05,1.407237e+05
492,7.652915e+02,miss,0.654022,-7.028470,79.687972,-3.446498e+04,-2.841162e+04,-2.347467e+05
493,7.667908e+02,miss,39.611869,32.657163,-61.354784,-1.577537e+05,-6.961569e+04,1.657720e+05
494,7.685634e+02,miss,43.361620,63.069959,-23.279823,-8.835926e+04,-2.137663e+05,6.198213e+04
495,7.692434e+02,miss,-37.579877,-28.116813,64.785783,5.757337e+04,9.675439e+04,-2.114706e+05
496,7.740299e+02,hit,-23.639168,-73.027268,22.543467,1.251560e+05,1.925602e+05,-7.077859e+04
497,7.742376e+02,miss,8.617207,16.873857,-77.723978,-7.635125e+04,-6.751717e+04,2.176706e+05
498,7.781381e+02,hit,-79.286586,6.847927,-8.169650,2.298497e+05,-6.580316e+04,2.997770e+04
499,7.789562e+02,miss,33.719890,51.878591,-50.710756,-1.475648e+05,-1.195842e+05,1.484751e+05
500,7.814372e+02,miss,14.627588,1.013651,78.644810,1.580817e+04,-1.187130e+04,-2.406552e+05
501,7.819142e+02,miss,4.194699,72.435157,33.697961,1.100289e+04,-2.261197e+05,-8.420319e+04
502,7.819887e+02,miss,-27.379093,63.704118,39.902014,4.062738e+04,-2.128399e+05,-1.067496e+05
503,7.845252e+02,miss,-25.287938,27.057636,70.911244,1.245085e+05,-5.963879e+04,-1.986882e+05
504,7.850778e+02,miss,-60.916198,-49.026838,-16.899291,1.401231e+05,1.897154e+05,5.432277e+04
505,7.855649e+02,miss,-43.703723,-48.477620,-46.259106,1.142785e+05,1.768548e+05,1.194845e+05
506,7.869402e+02,miss,35.118911,-62.564186,-35.389049,-1.361544e+05,1.543748e+05,1.278544e+05
507,7.870150e+02,miss,-4.454596,7.543727,-79.518858,-3.609315e+04,-5.421718e+04,2.334089e+05
508,7.878378e+02,hit,77.744218,13.218525,-13.457607,-2.386674e+05,1.773047e+04,3.881800e+04
509,7.889455e+02,miss,-65.035486,1.022639,46.576172,2.127818e+05,-2.526204e+02,-1.165753e+05
510,7.892151e+02,hit,1.625011,-77.980942,17.785724,5.385536e+04,2.307913e+05,-5.216399e+04
511,7.899791e+02,hit,-75.106395,22.973462,15.206888,2.026317e+05,-1.252623e+05,-4.682778e+04
512,7.906776e+02,miss,-72.588183,-24.593420,22.937293,2.039259e+05,9.746945e+04,-8.893341e+04
513,7.913674e+02,miss,-9.272370,31.938419,-72.759608,-2.611133e+03,-4.798797e+04,2.381953e+05
514,7.930179e+02,miss,18.110495,-20.205894,75.257769,5.602881e+03,6.830416e+04,-2.333945e+05
515,7.935735e+02,miss,15.880875,-16.828899,76.580585,3.104038e+03,1.923191e+04,-2.425526e+05
516,7.943397e+02,miss,1.798038,-36.418409,-71.207208,5.416701e+04,1.067266e+05,2.119996e+05
517,7.957919e+02,miss,-30.265000,43.637958,59.831082,3.477708e+04,-1.541870e+05,-1.854555e+05
518,7.965591e+02,miss,39.591269,24.896061,64.905451,-6.888983e+04,-1.071084e+05,-2.078846e+05
519,7.989926e+02,miss,-72.630780,2.401172,33.451520,2.140242e+05,-6.536326e+04,-9.765711e+04
520,7.994748e+02,miss,-33.270098,-71.348839,14.228271,5.164532e+04,2.331653e+05,-5.116917e+04
521,8.001684e+02,miss,-11.766939,-63.704099,-46.939609,5.918167e+04,1.624752e+05,1.726346e+05
522,8.008622e+02,miss,30.904055,-38.043255,-63.226973,-1.344930e+05,1.144975e+05,1.689884e+05
523,8.015656e+02,hit,-79.910395,-2.375902,-2.946839,2.442009e+05,1.102333e+04,7.210862e+03
524,8.017677e+02,miss,-14.424604,6.356751,-78.431642,5.216478e+04,-7.526210e+04,2.267976e+05
525,8.019128e+02,miss,-19.970323,0.712741,77.464045,1.091147e+05,-2.105419e+04,-2.179087e+05
526,8.021241e+02,hit,-20.943215,-77.176132,-2.286144,9.931313e+04,2.234982e+05,5.893010e+03
527,8.021905e+02,miss,-49.448177,54.560652,31.273200,1.888530e+05,-1.185101e+05,-1.007180e+05
528,8.026829e+02,miss,9.276875,6.388099,-79.203105,-7.240573e+04,1.897354e+04,2.329987e+05
529,8.028944e+02,miss,-35.617408,-29.842187,65.121764,5.296639e+04,1.144477e+05,-2.097690e+05
530,8.032419e+02,miss,-36.455526,40.292619,-58.715411,1.538203e+05,-8.384216e+04,1.710044e+05
531,8.035894e+02,miss,-18.194748,-47.725089,61.573265,7.050605e+04,1.710397e+05,-1.604148e+05
532,8.058125e+02,miss,20.962093,-51.799133,57.248934,-1.172875e+05,1.303364e+05,-1.714075e+05
533,8.062364e+02,miss,-7.294994,78.533531,13.389081,8.261138e+04,-2.270443e+05,-4.221772e+04
534,8.077752e+02,hit,62.843083,-37.830416,-31.931279,-1.654326e+05,1.336530e+05,1.226370e+05
535,8.080479e+02,miss,-22.266726,29.288277,-71.037946,1.147787e+05,-9.399348e+04,1.956588e+05
536,8.095186e+02,miss,20.306546,-25.095477,-73.197413,-1.024778e+03,8.205287e+04,2.316620e+05
537,8.100800e+02,miss,-44.610833,58.702632,-31.046330,1.131772e+05,-2.030212e+05,8.010118e+04
538,8.106415e+02,miss,-3.519646,79.836888,3.699102,5.933123e+04,-2.382773e+05,-1.372986e+04
539,8.109239e+02,miss,-63.967805,3.317369,47.928227,2.127630e+05,-1.861708e+04,-1.220293e+05
540,8.116224e+02,miss,-55.644362,-26.928708,-50.779421,1.854449e+05,2.264097e+04,1.601735e+05
541,8.126707e+02,hit,-8.876943,-76.367242,22.118866,6.375675e+04,2.221998e+05,-8.484410e+04
542,8.132332e+02,hit,-76.120866,-11.756846,-21.619211,2.352410e+05,-2.582907e+04,6.835698e+04
543,8.137197e+02,miss,-7.798430,57.560714,-55.008624,-3.344425e+04,-1.615172e+05,1.830523e+05
544,8.138566e+02,miss,15.622571,-23.134194,74.971624,-7.389974e+04,1.502359e+04,-2.346014e+05
545,8.142157e+02,miss,-13.229462,54.846840,56.716889,7.220921e+03,-1.933719e+05,-1.526651e+05
546,8.142825e+02,hit,79.305442,9.521185,4.471453,-2.452961e+05,1.740662e+04,-1.683114e+04
547,8.146325e+02,hit,-66.006052,44.980767,4.464499,2.204726e+05,-1.089285e+05,-1.757797e+04
548,8.162554e+02,miss,72.367019,23.562891,24.653697,-2.208137e+05,-9.112268e+04,-6.198075e+04
549,8.168191e+02,miss,-70.148404,33.866984,18.227144,2.342720e+05,-6.015396e+04,-4.943522e+04
550,8.172305e+02,miss,-77.243209,11.726986,-17.203619,2.429070e+05,-4.968228e+03,4.413545e+04
551,8.179317e+02,miss,-53.208481,49.683050,-33.173063,1.972372e+05,-1.014195e+05,1.088131e+05
552,8.185723e+02,miss,71.361493,28.074904,-22.788970,-1.895312e+05,-1.388137e+05,7.671516e+04
553,8.187096e+02,miss,19.112197,-43.969487,-64.042237,-1.873312e+04,1.679138e+05,1.803907e+05
554,8.197717e+02,miss,14.221694,64.711111,44.835426,-7.805175e+04,-2.030276e+05,-1.177019e+05
555,8.206878e+02,miss,27.569147,-5.165536,-74.921688,-8.036112e+04,-4.532400e+04,2.296132e+05
556,8.210391e+02,miss,13.978688,76.005420,20.682661,7.075868e+03,-2.353749e+05,-7.621812e+04
557,8.213905e+02,miss,-47.083713,18.767176,-61.894402,1.403720e+05,-1.077565e+05,1.731214e+05
558,8.222311e+02,miss,41.806500,12.735302,-67.007676,-1.616890e+05,-5.435173e+04,1.795886e+05
559,8.245657e+02,miss,52.993201,27.326962,53.338146,-1.826748e+05,-9.537411e+04,-1.380486e+05
560,8.271795e+02,miss,-13.313892,-16.125611,-77.218553,4.683815e+04,-1.204191e+04,2.436800e+05
561,8.279524e+02,miss,-10.963445,-0.672662,-79.242352,4.401652e+04,-5.698605e+04,2.378898e+05
562,8.280997e+02,hit,75.570653,-22.462770,-13.583088,-2.376156e+05,4.791908e+04,5.504522e+04
563,8.284526e+02,hit,-67.360015,41.653095,11.298144,1.794862e+05,-1.692143e+05,-3.106371e+04
564,8.292354e+02,miss,19.197989,-71.741929,-29.741096,-1.166378e+05,2.000711e+05,9.077064e+04
565,8.295118e+02,miss,-22.718405,-51.935746,-56.449556,2.264585e+04,1.442982e+05,2.013901e+05
566,8.302182e+02,miss,22.149572,-43.534919,63.356983,-2.065730e+04,1.114465e+05,-2.215817e+05
567,8.304333e+02,hit,-23.507514,64.268650,41.435943,1.357973e+04,-2.044547e+05,-1.413343e+05
568,8.307098e+02,miss,27.143316,33.142994,-67.563173,-1.008543e+05,-4.437857e+04,2.232512e+05
569,8.310726e+02,miss,34.016647,-35.669716,-63.012214,-8.872729e+04,1.538989e+05,1.745045e+05
570,8.319950e+02,miss,-17.970530,-8.348075,-77.507223,1.089531e+05,1.628794e+04,2.234770e+05
571,8.329179e+02,miss,13.086038,-30.396058,-72.834300,1.269199e+04,6.516836e+04,2.402892e+05
572,8.343341e+02,miss,-27.805997,-29.567947,-68.938835,3.250966e+04,7.375141e+04,2.361280e+05
573,8.355450e+02,miss,14.985934,-78.313784,-6.509460,-1.020531e+05,2.266989e+05,2.314514e+04
574,8.371793e+02,miss,70.944630,29.802555,21.878466,-2.102976e+05,-1.225025e+05,-5.685864e+04
575,8.378890e+02,hit,-50.286924,62.173267,-2.389601,1.071637e+05,-2.257963e+05,7.057254e+03
576,8.391704e+02,hit,74.313905,-24.274261,16.976566,-2.119091e+05,1.160358e+05,-6.514337e+04
577,8.428748e+02,miss,-7.431701,-31.914780,72.980933,4.071618e+04,4.173340e+04,-2.439064e+05
578,8.433083e+02,miss,-47.104269,14.596931,62.992995,1.005485e+05,-3.313318e+04,-2.274079e+05
579,8.439525e+02,hit,12.981046,-37.084620,69.686608,2.227826e+04,1.151921e+05,-2.218213e+05
580,8.461688e+02,miss,-53.901101,45.139372,38.172089,1.981036e+05,-8.659267e+04,-1.280324e+05
581,8.465255e+02,miss,30.370888,-72.253498,16.032503,-8.739813e+04,2.321221e+05,-4.053554e+04
582,8.475961e+02,hit,-52.338377,60.416890,-3.239400,1.738109e+05,-1.812444e+05,1.350270e+04
583,8.477358e+02,miss,41.467389,-67.843055,-8.819042,-1.431692e+05,2.055605e+05,2.236059e+04
584,8.488166e+02,miss,23.577006,13.654332,75.217578,-8.146992e+04,1.962012e+04,-2.372991e+05
585,8.498887e+02,miss,-23.136376,-8.790461,-76.075199,1.157124e+05,-8.429065e+03,2.235011e+05
586,8.501063e+02,miss,2.947833,44.483197,-66.427069,1.891442e+04,-1.712486e+05,1.836996e+05
587,8.522527e+02,miss,-52.999460,24.267263,-54.791945,1.813228e+05,-1.482055e+04,1.746194e+05
588,8.533364e+02,miss,-27.436827,-16.975542,-73.205543,6.391631e+04,-4.122514e+03,2.440658e+05
589,8.544892e+02,miss,-40.511697,13.872604,67.574797,7.576517e+04,-7.556198e+04,-2.287060e+05
590,8.548477e+02,hit,-73.750865,29.737411,8.746214,2.342628e+05,-8.694865e+04,-3.666142e+04
591,8.564227e+02,miss,-10.724353,18.044312,-77.197092,7.499692e+04,-9.647280e+03,2.412117e+05
592,8.572186e+02,miss,7.176006,9.375926,-79.123934,-6.787243e+04,1.221088e+04,2.433193e+05
593,8.574372e+02,miss,53.116296,-27.922536,-52.905492,-1.982541e+05,5.871726e+04,1.456846e+05
594,8.580868e+02,miss,30.347816,-33.910630,65.795739,-6.120518e+04,6.796532e+04,-2.359226e+05
595,8.588835e+02,miss,3.161231,20.116580,-77.364913,-6.673320e+04,-7.759980e+04,2.315367e+05
596,8.593053e+02,miss,-9.213899,46.876681,-64.169158,1.437876e+04,-9.981188e+04,2.322641e+05
597,8.599619e+02,miss,3.184226,16.619574,-78.189836,5.119943e+04,-3.841910e+04,2.450864e+05
598,8.604622e+02,miss,-74.452261,-16.104971,-24.443625,2.189310e+05,8.246740e+04,9.731609e+04
599,8.615416e+02,miss,-48.800899,-18.697378,-60.571283,1.051183e+05,8.866326e+04,2.130061e+05
600,8.632106e+02,miss,-58.238871,-26.120195,48.228304,2.017797e+05,8.757535e+04,-1.265806e+05
601,8.641507e+02,miss,-37.880169,-8.473514,-69.952072,6.634030e+04,7.163146e+03,2.449999e+05
602,8.649345e+02,miss,-3.293372,28.463938,-74.692422,3.653674e+04,-1.320053e+05,2.139520e+05
603,8.657343e+02,miss,-23.185231,-17.107200,-74.631017,1.064915e+04,5.405524e+04,2.481130e+05
604,8.658755e+02,miss,-9.208752,51.979068,-60.111358,6.454816e+04,-1.212654e+05,2.138556e+05
605,8.666068e+02,miss,-39.056895,51.905972,-46.693993,1.635952e+05,-1.454685e+05,1.293680e+05
606,8.667480e+02,miss,-26.177762,-19.613895,73.006985,3.473907e+04,1.029068e+05,-2.299445e+05
607,8.674074e+02,miss,0.546348,2.574255,-79.956705,3.791494e+04,3.986648e+04,2.483816e+05
608,8.676900e+02,miss,14.260162,-30.725945,-72.474576,8.477483e+03,6.708231e+04,2.452947e+05
609,8.681298e+02,miss,-0.647794,1.265839,79.987362,2.993830e+04,5.129937e+04,-2.474798e+05
610,8.698585e+02,miss,66.971791,16.173880,-40.659376,-2.055343e+05,-9.840433e+04,1.139098e+05
611,8.701573e+02,miss,65.108088,-3.643988,46.342833,-1.879168e+05,-4.181023e+04,-1.669271e+05
612,8.713152e+02,miss,68.568434,40.354061,8.361798,-1.894732e+05,-1.674991e+05,-3.249365e+04
613,8.713939e+02,miss,-68.460381,1.002593,-41.378389,1.972767e+05,4.000127e+04,1.565233e+05
614,8.715356e+02,miss,17.250312,-6.334546,77.860775,-1.843992e+04,7.144565e+04,-2.440979e+05
615,8.728424e+02,miss,14.249598,-78.231026,-8.766726,-3.266075e+04,2.520958e+05,2.251199e+04
616,8.729841e+02,hit,73.124289,32.446580,-0.240330,-2.283065e+05,-1.140679e+05,1.017973e+03
617,8.761943e+02,miss,-40.172760,13.547966,67.842479,8.295605e+04,-8.818970e+04,-2.252039e+05
618,8.765573e+02,miss,-68.382591,-9.959838,-40.306611,1.967313e+05,2.117186e+04,1.620232e+05
619,8.769204e+02,miss,-7.857029,-27.604949,-74.674185,7.777608e+04,5.216344e+04,2.380335e+05
620,8.791004e+02,miss,-11.602131,17.382043,-77.222116,-2.384357e+04,-7.331292e+04,2.442324e+05
621,8.794640e+02,miss,54.711944,-1.919194,-58.334552,-1.794372e+05,6.181185e+04,1.720508e+05
622,8.795367e+02,miss,29.552942,-39.660399,62.878266,-3.937206e+04,1.154306e+05,-2.252796e+05
623,8.802642e+02,miss,35.590587,-11.619037,70.698714,-1.421956e+05,-1.393339e+04,-2.127578e+05
624,8.812927e+02,miss,-57.932740,18.543924,-51.960759,1.874533e+05,4.474558e+03,1.749216e+05
625,8.815143e+02,miss,-39.676036,6.812039,-69.133265,1.642591e+05,-3.655501e+04,1.935343e+05
626,8.839948e+02,miss,-65.888618,-39.747813,-21.881531,2.109555e+05,1.350932e+05,5.661725e+04
627,8.840645e+02,miss,-22.575573,-52.036023,-56.414500,1.193499e+05,1.237715e+05,1.907861e+05
628,8.842168e+02,miss,-4.667682,-60.796401,51.788130,-1.967379e+04,2.124640e+05,-1.429913e+05
629,8.850889e+02,hit,79.126079,11.350890,3.197028,-2.561395e+05,1.860459e+04,-9.272590e+03
630,8.866281e+02,hit,-52.842301,57.140107,-18.512139,1.582615e+05,-1.969220e+05,4.826434e+04
631,8.871361e+02,miss,-48.675287,30.995714,55.407420,1.183488e+05,-1.493393e+05,-1.728689e+05
632,8.873584e+02,miss,72.257091,33.816017,5.948931,-1.977995e+05,-1.634232e+05,-1.941909e+04
633,8.879462e+02,hit,-48.408143,59.518383,22.676283,1.015082e+05,-2.252739e+05,-7.211453e+04
634,8.906585e+02,miss,10.846293,-11.125713,78.476598,4.911335e+03,8.328756e+04,-2.439143e+05
635,8.908813e+02,miss,12.776880,-40.494348,67.800879,-9.329954e+04,9.209522e+04,-2.220032e+05
636,8.923458e+02,miss,11.477949,8.027718,78.764284,1.257151e+04,-6.558866e+04,-2.492411e+05
637,8.927122e+02,miss,-5.368083,-20.479071,77.147854,2.032521e+04,1.641681e+03,-2.572791e+05
638,8.930786e+02,miss,70.322310,-23.904266,29.721351,-2.296534e+05,8.852947e+04,-7.783033e+04
639,8.935981e+02,miss,-10.528440,5.104433,79.139729,-2.767401e+04,3.097940e+03,-2.567080e+05
640,8.939647e+02,miss,40.554146,33.978677,-60.006756,-1.059990e+05,-1.567202e+05,1.757976e+05
641,8.944111e+02,hit,-71.573835,-9.602554,-34.423497,2.174693e+05,2.567833e+03,1.394118e+05
642,8.947778e+02,miss,75.010733,1.844149,-27.748677,-2.288496e+05,-4.983152e+04,1.091201e+05
643,8.950649e+02,miss,50.843812,-61.431016,6.413817,-2.030685e+05,1.579686e+05,-2.435175e+04
644,8.952882e+02,miss,24.829163,2.263497,76.015717,-7.106631e+04,5.598403e+04,-2.421073e+05
645,8.956551e+02,miss,11.078941,6.638137,78.950568,-1.019762e+04,3.794067e+04,-2.555082e+05
646,8.982354e+02,miss,-43.985081,54.856775,38.158182,1.834987e+05,-1.277368e+05,-1.305067e+05
647,8.987468e+02,hit,79.026464,-9.798137,7.669064,-2.402234e+05,9.359890e+04,-2.430175e+04
648,8.997860e+02,miss,-23.395851,49.163575,-58.613796,6.970338e+04,-1.902785e+05,1.614673e+05
649,9.002178e+02,miss,-72.904149,-19.236100,26.738689,2.448370e+05,4.747290e+04,-7.049510e+04
650,9.004418e+02,hit,0.766516,78.167091,-17.009361,-5.467794e+03,-2.487291e+05,7.272576e+04
651,9.010338e+02,miss,-53.582480,-59.141899,5.581540,1.638256e+05,2.004461e+05,-1.455342e+04
652,9.013315e+02,miss,27.754454,-57.624142,-48.053601,-1.438550e+05,1.524057e+05,1.527407e+05
653,9.015556e+02,miss,47.477922,59.378750,24.900020,-9.763353e+04,-2.243890e+05,-8.593884e+04
654,9.025164e+02,miss,-22.446076,67.570397,36.474856,1.249068e+05,-2.005320e+05,-1.073551e+05
655,9.030289e+02,miss,-39.898428,-30.538669,-62.253555,1.132818e+05,4.674759e+04,2.288232e+05
656,9.041347e+02,miss,0.067642,-55.984267,57.146804,6.337006e+04,1.671340e+05,-1.884439e+05
657,9.051770e+02,miss,50.449585,61.971123,-3.797284,-1.085934e+05,-2.357429e+05,1.308268e+04
658,9.062841e+02,miss,-8.525790,-7.143063,79.223024,5.149798e+04,-3.611291e+04,-2.523189e+05
659,9.070964e+02,miss,-17.887547,-77.886747,3.700046,1.181622e+04,2.596807e+05,-1.038997e+04
660,9.074016e+02,miss,-3.897549,34.530110,-72.058869,4.606034e+04,-5.842275e+04,2.493384e+05
661,9.089439e+02,miss,-0.306186,-2.509675,-79.960039,-1.521058e+04,-5.355461e+04,2.544013e+05
662,9.092493e+02,miss,60.103182,-3.166845,52.702738,-1.904840e+05,7.132132e+04,-1.627002e+05
663,9.093136e+02,miss,20.239882,-15.688553,75.790609,-9.925200e+04,8.992469e+04,-2.234047e+05
664,9.095387e+02,miss,31.301635,-51.030363,-53.067030,-4.315228e+04,1.691335e+05,1.933794e+05
665,9.097638e+02,hit,-18.336812,-73.280998,-26.337362,1.202739e+05,2.145738e+05,8.586579e+04
666,9.104330e+02,miss,-3.817703,25.210383,75.827843,-4.357478e+04,-1.053888e+05,-2.343608e+05
667,9.122194e+02,miss,-9.286036,29.478410,73.788840,-2.638372e+04,-6.470010e+04,-2.513596e+05
668,9.145879e+02,hit,44.419748,64.477700,16.416825,-1.868758e+05,-1.714884e+05,-6.252807e+04
669,9.164528e+02,hit,39.054898,69.535745,-6.284512,-9.597783e+04,-2.418160e+05,2.632510e+04
670,9.168240e+02,miss,4.023401,11.069114,79.128294,-3.004658e+04,-9.269167e+04,-2.427198e+05
671,9.173406e+02,miss,24.153019,46.308076,-60.598629,-6.891441e+04,-1.862971e+05,1.702650e+05
672,9.195057e+02,miss,-50.644694,51.445190,34.474736,2.059310e+05,-1.218441e+05,-1.065549e+05
673,9.197320e+02,hit,57.263910,47.580787,29.273081,-2.070844e+05,-1.112511e+05,-1.156012e+05
674,9.200329e+02,miss,-13.512540,53.172326,58.224695,-2.096478e+04,-1.790272e+05,-1.901488e+05
675,9.219744e+02,miss,71.530503,33.794323,-11.888264,-2.031828e+05,-1.595166e+05,4.541927e+04
676,9.220391e+02,miss,28.762544,-19.498287,-72.059232,-1.029775e+05,1.137659e+05,2.127193e+05
677,9.223467e+02,miss,33.621758,-67.639015,-26.354145,-1.266910e+05,2.187037e+05,7.026808e+04
678,9.230917e+02,miss,10.169466,55.892703,-56.325728,-1.193943e+03,-2.081542e+05,1.598295e+05
679,9.233931e+02,miss,-0.373391,-1.765760,79.979639,5.557335e+04,3.824297e+04,-2.536664e+05
680,9.257112e+02,hit,61.455706,-44.324762,-25.661484,-1.617171e+05,1.815639e+05,9.976306e+04
681,9.260843e+02,hit,-77.610665,19.399940,0.476425,2.528498e+05,-7.185950e+04,-1.254933e+03
682,9.272041e+02,miss,4.412973,-16.822061,78.086772,-2.957998e+04,1.096748e+05,-2.372307e+05
683,9.274314e+02,miss,53.635956,-42.163569,-41.778196,-1.762499e+05,1.590404e+05,1.133181e+05
684,9.281784e+02,miss,-37.813311,-12.209426,69.434022,1.326139e+05,-2.464857e+04,-2.259660e+05
685,9.302847e+02,miss,-23.027258,31.073650,70.029805,2.920653e+04,-1.429670e+05,-2.193609e+05
686,9.324485e+02,miss,-0.374532,2.022042,-79.973565,6.307072e+04,-2.205270e+04,2.551646e+05
687,9.333540e+02,miss,-43.627964,-4.517582,-66.904351,1.675868e+05,-3.412458e+04,2.009751e+05
688,9.345597e+02,miss,-8.972313,12.003871,78.583743,-3.323535e+04,-1.882712e+04,-2.612885e+05
689,9.405768e+02,miss,-75.308859,-18.313477,-19.829077,2.254882e+05,1.224898e+05,6.581068e+04
690,9.406586e+02,miss,-51.690633,39.853512,46.257713,1.402639e+05,-1.219050e+05,-1.888148e+05
691,9.420162e+02,miss,-9.652273,-36.282204,-70.643013,-1.692058e+04,7.995084e+04,2.522076e+05
692,9.442856e+02,miss,-67.993199,-33.696549,25.327207,2.436173e+05,7.806125e+04,-7.080602e+04
693,9.463181e+02,miss,-42.027784,23.861262,-63.751906,1.586146e+05,-1.547845e+04,2.126262e+05
694,9.464756e+02,miss,-6.756177,79.657278,3.011991,8.344006e+04,-2.521293e+05,-9.403636e+03
695,9.482971e+02,miss,-55.320785,-14.211266,-56.014736,1.395414e+05,4.983424e+04,2.209083e+05
696,9.487404e+02,miss,1.585395,44.694456,-66.331683,-5.778313e+04,-1.104082e+05,2.350744e+05
697,9.492003e+02,miss,5.225322,16.279893,-78.151526,4.757450e+04,-6.143065e+04,2.545311e+05
698,9.493481e+02,hit,-78.462352,8.509624,-13.086086,2.453660e+05,-9.133204e+04,4.783440e+04
699,9.497259e+02,miss,17.111271,23.888838,-74.407848,9.697534e+03,-8.455868e+04,2.522264e+05
700,9.514783e+02,miss,-49.883778,-8.047854,-62.022905,1.901418e+05,5.610885e+04,1.780196e+05
701,9.518565e+02,miss,14.283976,54.066887,57.207865,-1.408766e+04,-1.449467e+05,-2.231890e+05
702,9.542759e+02,miss,14.312804,-4.900880,-78.556508,-6.548182e+04,-4.604575e+04,2.545462e+05
703,9.564841e+02,miss,59.221484,12.469311,-52.319519,-2.212365e+05,-1.304180e+04,1.491675e+05
704,9.586882e+02,miss,9.824424,6.024766,-79.165541,-1.126105e+04,-8.046224e+04,2.548138e+05
705,9.609014e+02,miss,73.896463,-8.323240,29.496380,-2.377404e+05,-1.083502e+04,-1.227122e+05
706,9.627302e+02,hit,78.764101,-2.237125,-13.827929,-2.533947e+05,7.384720e+04,4.658721e+04
707,9.633423e+02,miss,-0.854260,0.538815,-79.993624,6.410353e+04,1.948762e+04,2.595945e+05
708,9.640309e+02,miss,4.687592,30.309199,-73.887610,5.185967e+03,-1.487359e+05,2.231153e+05
709,9.643354e+02,miss,47.378241,64.364712,3.533572,-9.986938e+04,-2.486461e+05,-1.239548e+04
710,9.650243e+02,miss,-60.151403,42.964589,30.591712,1.920891e+05,-1.326072e+05,-1.323667e+05
711,9.660183e+02,miss,-76.020761,5.714535,-24.252586,2.555832e+05,3.727659e+04,7.325073e+04
712,9.665486e+02,miss,17.715314,-49.388036,-60.390310,-9.660352e+04,1.793239e+05,1.750093e+05
713,9.679248e+02,miss,-23.186402,25.451422,72.212297,1.255966e+05,-9.767662e+04,-2.165756e+05
714,9.696837e+02,miss,-12.890723,-12.958695,-77.883897,9.303867e+04,7.249797e+04,2.417423e+05
715,9.712217e+02,miss,6.680763,-74.173006,-29.218702,2.154008e+04,2.547503e+05,8.428838e+04
716,9.719861e+02,miss,-63.699838,-27.345461,39.931897,1.987101e+05,1.385137e+05,-1.176924e+05
717,9.723684e+02,miss,4.108541,46.927463,-64.660136,-4.090565e+04,-1.877322e+05,1.887728e+05
718,9.735991e+02,miss,2.540798,-48.661486,63.447649,5.103173e+04,1.742400e+05,-1.991979e+05
719,9.736757e+02,hit,5.739436,79.783864,1.262522,-4.732609e+03,-2.694721e+05,-3.423336e+03
720,9.748238e+02,miss,-21.094772,9.498385,-76.581925,1.161171e+05,-6.286621e+04,2.351588e+05
721,9.754398e+02,miss,79.567176,-1.038064,8.245416,-2.604792e+05,-6.384943e+04,-2.923688e+04
722,9.755231e+02,miss,62.163302,13.903667,48.398470,-1.958766e+05,-1.064410e+05,-1.519534e+05
723,9.755897e+02,miss,-1.526797,-64.210624,-47.693445,-5.994380e+04,2.125098e+05,1.550434e+05
724,9.762892e+02,miss,-78.140987,-5.941499,16.083677,2.492965e+05,8.635954e+04,-5.690018e+04
725,9.773556e+02,miss,63.903751,39.316995,-27.757603,-1.764442e+05,-1.838807e+05,8.932663e+04
726,9.781224e+02,hit,18.648634,65.829533,-41.457220,-1.181601e+05,-1.883106e+05,1.534875e+05
727,9.791332e+02,miss,15.146994,12.555185,77.543123,-6.559508e+04,-9.920275e+04,-2.427193e+05
728,9.809690e+02,miss,-13.725223,15.561244,77.262319,9.892538e+04,-7.505490e+04,-2.403623e+05
729,9.834419e+02,miss,54.853361,33.889331,47.356331,-1.534076e+05,-1.047951e+05,-1.971348e+05
730,9.845223e+02,miss,65.413133,-9.008216,-45.166072,-2.284661e+05,-3.072155e+04,1.425414e+05
731,9.859950e+02,miss,9.813820,77.195457,18.562069,-8.013234e+04,-2.533847e+05,-5.425405e+04
732,9.863800e+02,miss,-53.859431,-45.964485,37.234765,1.309901e+05,2.002959e+05,-1.277513e+05
733,9.872173e+02,miss,15.347324,59.482883,-51.246914,2.537927e+03,-1.844543e+05,1.990726e+05
734,9.888530e+02,hit,-7.226610,-78.755258,12.057589,8.333163e+04,2.541078e+05,-4.761121e+04
735,9.895405e+02,miss,20.268066,3.337278,-77.317967,-1.134318e+05,2.946472e+04,2.451492e+05
736,9.898592e+02,hit,-75.616041,-19.158765,-17.752634,2.512805e+05,6.626891e+04,7.951957e+04
737,9.926388e+02,miss,-13.125149,-77.615874,-14.265573,-1.990276e+04,2.674861e+05,4.603607e+04
738,9.951936e+02,miss,-6.817460,62.285737,-49.739413,2.873630e+04,-1.755166e+05,2.064534e+05
739,9.958160e+02,miss,-10.346654,-44.030383,-65.986908,1.020700e+04,9.842071e+04,2.539891e+05
740,9.982334e+02,miss,3.173881,2.180135,-79.907281,-4.834038e+04,-6.052624e+04,2.616896e+05
741,9.986209e+02,miss,10.176857,3.664262,-79.265407,8.545711e+03,4.016199e+04,2.698603e+05
742,9.987725e+02,miss,-72.884204,31.540263,9.649075,2.631478e+05,-6.027447e+04,-4.052335e+04
743,9.990758e+02,miss,-25.820255,24.120273,-71.774138,2.699826e+04,-1.131825e+05,2.469926e+05
744,9.993117e+02,miss,-59.660852,52.176167,-10.873377,2.346097e+05,-1.358840e+05,3.249587e+04
745,9.999354e+02,miss,-20.704069,21.961183,-74.088109,4.424331e+04,-1.405916e+04,2.691719e+05
746,1.001959e+03,hit,12.479968,4.212723,78.908196,-9.152019e+04,2.656111e+04,-2.562777e+05
747,1.002111e+03,miss,18.545346,-76.696648,13.179314,-9.890116e+04,2.521487e+05,-3.755789e+04
748,1.002662e+03,miss,-23.330284,58.026640,49.885938,9.768928e+04,-2.124709e+05,-1.418626e+05
749,1.004367e+03,miss,20.625993,4.002384,77.191640,-8.773041e+04,4.972405e+04,-2.545000e+05
750,1.005618e+03,miss,26.193246,-1.799871,75.569004,-1.347377e+05,-2.834207e+04,-2.368019e+05
751,1.006711e+03,miss,12.285847,-31.634929,-72.445077,-1.038093e+05,8.616951e+04,2.385637e+05
752,1.006795e+03,miss,-10.418584,-19.157306,-76.970454,6.701623e+04,4.465456e+03,2.657243e+05
753,1.007421e+03,hit,68.278351,41.427698,4.670399,-2.547318e+05,-9.941197e+04,-1.990391e+04
754,1.007810e+03,miss,14.351626,-15.221000,77.216268,-1.010988e+04,-4.046212e+03,-2.740030e+05
755,1.008741e+03,miss,-2.657766,-34.608761,-72.077527,6.828023e+04,1.328745e+05,2.301041e+05
756,1.008826e+03,miss,-3.974262,-44.821528,-66.145565,-5.219415e+04,1.337399e+05,2.337979e+05
757,1.009216e+03,hit,51.721547,57.334315,-20.920275,-2.110054e+05,-1.530477e+05,8.575672e+04
758,1.010852e+03,miss,1.231947,-30.365797,74.002707,6.281991e+04,9.262594e+04,-2.507934e+05
759,1.010927e+03,miss,1.339425,-49.865449,-62.543129,5.241535e+04,1.843004e+05,1.967607e+05
760,1.011717e+03,miss,-22.818388,-47.973759,59.815045,1.296021e+04,1.842783e+05,-2.033747e+05
761,1.012888e+03,miss,3.829728,-49.790714,62.499744,-3.506395e+04,1.194381e+05,-2.451125e+05
762,1.013125e+03,miss,-4.831449,6.712030,79.571388,2.886010e+04,-8.582106e+04,-2.596048e+05
763,1.013431e+03,miss,-4.128006,-47.340580,64.357044,-5.401581e+04,1.539416e+05,-2.213591e+05
764,1.013668e+03,miss,-26.026614,-10.319694,74.940772,1.292682e+05,-1.300967e+04,-2.423918e+05
765,1.013753e+03,miss,-17.185330,45.104799,63.798288,1.841188e+04,-1.906903e+05,-1.973268e+05
766,1.013821e+03,miss,-7.661151,42.272833,-67.485660,3.010942e+04,-1.851545e+05,2.011367e+05
767,1.013974e+03,miss,-56.309816,44.167500,-35.755232,2.291698e+05,-1.004918e+05,1.141873e+05
768,1.014449e+03,miss,-42.034702,5.436112,-67.849337,1.839693e+05,-2.840136e+04,2.025839e+05
769,1.017348e+03,miss,-14.118965,2.949869,78.688964,1.095425e+05,-8.841890e+03,-2.526463e+05
770,1.018454e+03,miss,-58.870770,-27.368116,-46.746322,2.115443e+05,1.156638e+05,1.336460e+05
771,1.018607e+03,miss,-65.870955,29.291454,34.684694,2.359134e+05,-1.044251e+05,-9.717026e+04
772,1.019083e+03,miss,38.722379,4.616679,-69.851726,-7.150981e+04,-1.203630e+04,2.660429e+05
773,1.019390e+03,miss,18.695504,29.809608,71.846123,-8.216620e+04,-1.462867e+05,-2.188815e+05
774,1.020881e+03,miss,-11.011028,-65.802796,44.144641,1.026641e+05,2.097232e+05,-1.471319e+05
775,1.025366e+03,miss,63.434857,27.380631,-40.327657,-2.300858e+05,-1.027178e+05,1.140866e+05
776,1.029625e+03,miss,2.337348,7.985997,-79.566077,3.458775e+04,-7.753189e+04,2.638492e+05
777,1.029700e+03,miss,-27.746579,5.308327,-74.846169,3.626467e+04,1.356185e+04,2.744640e+05
778,1.030498e+03,miss,76.744780,22.281577,-3.710814,-2.397909e+05,-1.386990e+05,1.232600e+04
779,1.032073e+03,miss,1.485365,38.495249,70.113547,6.152499e+04,-1.353906e+05,-2.342875e+05
780,1.032158e+03,miss,11.395914,68.624632,39.506873,-9.936837e+04,-2.265745e+05,-1.257094e+05
781,1.034043e+03,miss,-54.031966,-5.102418,-58.775097,1.965098e+05,7.128303e+04,1.829104e+05
782,1.037365e+03,miss,-31.585873,-29.232553,-67.437308,1.545461e+05,5.222579e+04,2.253650e+05
783,1.038877e+03,miss,-13.347483,-58.904528,-52.460474,-2.319828e+04,2.020302e+05,1.901574e+05
784,1.038956e+03,miss,18.905591,-4.778998,77.586982,-1.244697e+05,1.840295e+04,-2.483722e+05
785,1.039351e+03,miss,45.997752,-43.737021,-48.695788,-1.991995e+05,1.273822e+05,1.471155e+05
786,1.039513e+03,miss,-9.840916,11.596748,-78.540893,6.090540e+04,-9.548986e+04,2.544285e+05
787,1.041415e+03,miss,46.312599,-61.687451,-21.208526,-2.075000e+05,1.669416e+05,8.232763e+04
788,1.041810e+03,miss,-60.314828,-26.580447,-45.338740,1.671377e+05,1.218827e+05,1.869297e+05
789,1.041965e+03,miss,42.992183,4.200117,67.335215,-1.185593e+05,4.651969e+04,-2.480409e+05
790,1.042292e+03,miss,-48.738625,30.358704,55.703640,1.155933e+05,-1.193610e+05,-2.239647e+05
791,1.042688e+03,miss,72.994474,-26.534176,-19.176660,-2.654863e+05,3.389208e+04,7.852996e+04
792,1.043790e+03,miss,-25.306398,-6.873797,75.580005,8.178168e+04,8.935133e+04,-2.514138e+05
793,1.044031e+03,miss,41.198768,15.448807,-66.813142,-8.379504e+04,-8.083672e+04,2.536585e+05
794,1.044273e+03,miss,-58.540033,3.378012,-54.421077,1.632023e+05,-4.433724e+04,2.220722e+05
795,1.044834e+03,miss,-38.664885,-28.273373,64.075292,8.054034e+04,1.428333e+05,-2.259881e+05
796,1.045869e+03,miss,35.718885,-37.429787,-61.017803,-1.670902e+05,7.583092e+04,2.106334e+05
797,1.046420e+03,miss,-58.218546,-9.207314,-54.090908,1.658612e+05,8.601224e+04,2.077715e+05
798,1.046817e+03,miss,-31.316963,-9.891202,-72.948009,5.207694e+04,6.609650e+02,2.745801e+05
799,1.047214e+03,miss,37.399313,64.313216,-29.412611,-1.155254e+05,-2.402633e+05,8.404580e+04
800,1.047852e+03,miss,19.117157,59.417783,-50.040597,-4.665807e+04,-2.330268e+05,1.473277e+05
801,1.048646e+03,miss,-5.654768,65.921846,44.970366,-3.057045e+04,-2.412161e+05,-1.382874e+05
802,1.049441e+03,miss,59.470953,32.978300,-42.138313,-1.955951e+05,-1.555434e+05,1.259016e+05
803,1.049848e+03,miss,3.880434,-3.719050,-79.819239,4.959628e+04,-1.518959e+04,2.750315e+05
804,1.050643e+03,miss,9.845155,5.871675,79.174468,-9.526955e+04,3.103134e+03,-2.632608e+05
805,1.050954e+03,miss,59.762767,-16.930472,50.415978,-1.848456e+05,1.227819e+05,-1.707983e+05
806,1.051525e+03,miss,5.163234,26.637847,-75.257997,-6.373994e+04,-1.283257e+05,2.406816e+05
807,1.051594e+03,miss,-15.564925,10.518212,77.763104,4.620094e+04,-1.007470e+05,-2.572520e+05
808,1.051991e+03,miss,-9.450744,-4.837304,79.292395,-6.015748e+03,7.297560e+04,-2.704276e+05
809,1.052631e+03,miss,-15.993452,-4.483556,-78.256675,1.109224e+05,-1.525691e+04,2.569123e+05
810,1.053749e+03,miss,55.696372,-28.066579,-50.101709,-1.450884e+05,1.387365e+05,1.957689e+05
811,1.054708e+03,miss,71.080664,17.465298,32.287807,-2.248096e+05,-9.033716e+04,-1.414046e+05
812,1.055515e+03,miss,-51.961502,-50.900772,-33.303360,2.179619e+05,1.449083e+05,1.012416e+05
813,1.056069e+03,miss,6.510756,44.786702,65.967882,-9.868773e+03,-1.000966e+05,-2.620693e+05
814,1.056312e+03,miss,33.070572,40.145552,-60.783813,-1.211686e+05,-8.019002e+04,2.402142e+05
815,1.056468e+03,miss,3.507865,73.454421,-31.498299,-7.251504e+03,-2.419145e+05,1.423079e+05
816,1.060311e+03,hit,-69.999728,38.380501,-5.193770,2.058764e+05,-1.908230e+05,1.774850e+04
817,1.062795e+03,miss,9.787594,-31.700733,-72.796061,-9.359267e+04,7.370421e+04,2.551607e+05
818,1.062865e+03,hit,-51.621828,42.368439,44.046592,1.307185e+05,-1.706500e+05,-1.819212e+05
819,1.063195e+03,miss,5.497971,8.487279,-79.358291,-8.570771e+04,-2.413004e+04,2.672089e+05
820,1.063432e+03,miss,44.314827,44.417122,-49.631798,-1.894151e+05,-9.514769e+04,1.855133e+05
821,1.064632e+03,miss,70.067978,37.178251,-10.404621,-2.076149e+05,-1.861843e+05,4.083309e+04
822,1.065763e+03,miss,-15.563008,71.349167,-32.666331,1.118274e+04,-2.639589e+05,9.859465e+04
823,1.067445e+03,miss,-45.969363,22.743114,61.396811,1.845129e+05,-1.070559e+05,-1.847695e+05
824,1.069211e+03,miss,10.498626,-73.936441,28.691141,-1.686549e+04,2.695126e+05,-8.280170e+04
825,1.069379e+03,miss,-22.943247,-58.157865,-49.912626,8.643533e+04,1.638262e+05,2.132604e+05
826,1.070094e+03,miss,-46.167056,-57.023423,-31.889374,1.146558e+05,2.372470e+05,1.020359e+05
827,1.072991e+03,miss,-70.899677,24.525913,27.779766,2.458312e+05,-6.127417e+04,-1.259844e+05
828,1.073078e+03,miss,1.189190,-1.331120,-79.980085,4.517459e+04,-4.369330e+04,2.758917e+05
829,1.075815e+03,miss,52.158698,8.878544,-60.005347,-2.009748e+05,2.970831e+04,1.974761e+05
830,1.076864e+03,hit,70.365081,-36.734127,9.967915,-2.397993e+05,1.437786e+05,-4.661084e+04
831,1.077512e+03,miss,-32.763095,57.880505,44.457021,1.251372e+05,-2.189535e+05,-1.296030e+05
832,1.078485e+03,hit,-69.761817,30.023051,25.137726,2.301630e+05,-1.191552e+05,-1.153106e+05
833,1.080902e+03,miss,-29.815940,0.338178,-74.235405,1.087903e+05,6.683603e+04,2.536681e+05
834,1.081463e+03,miss,-31.726369,31.143714,66.509447,1.286886e+05,-4.244633e+04,-2.496584e+05
835,1.082112e+03,miss,-16.986998,-45.623789,-63.481586,-1.031562e+04,1.581180e+05,2.358653e+05
836,1.085598e+03,miss,-0.682520,3.851378,-79.904324,3.912382e+04,4.573052e+04,2.781695e+05
837,1.086160e+03,hit,-9.938839,-72.662136,-31.959872,8.103670e+04,2.356779e+05,1.375905e+05
838,1.086564e+03,miss,-4.481117,-44.041790,66.635129,2.333580e+04,1.962496e+05,-2.049729e+05
839,1.088439e+03,miss,-79.333903,2.668200,-9.950507,2.825720e+05,-2.348021e+04,2.852912e+04
840,1.089406e+03,miss,-19.377116,-1.151351,77.609289,8.742736e+04,6.798209e+04,-2.627152e+05
841,1.091360e+03,miss,26.216402,-23.625665,-71.795043,-9.435559e+04,1.368194e+04,2.689610e+05
842,1.092171e+03,miss,15.168922,9.154761,78.013423,-7.966911e+04,3.251023e+04,-2.721885e+05
843,1.092417e+03,miss,28.902555,41.217510,62.175229,-6.478828e+04,-1.916023e+05,-2.014947e+05
844,1.092981e+03,miss,67.989383,3.099601,42.045644,-2.212791e+05,-7.685499e+04,-1.633402e+05
845,1.093873e+03,miss,9.413371,52.773099,-59.383402,5.923478e+02,-2.182657e+05,1.843297e+05
846,1.094773e+03,miss,-45.929323,-43.583131,48.897935,1.847236e+05,1.630023e+05,-1.448870e+05
847,1.095673e+03,miss,14.306688,-74.861839,-24.310980,-1.086947e+05,2.527137e+05,7.793082e+04
848,1.097862e+03,miss,14.283366,-72.412573,-30.861055,-1.146650e+05,2.323590e+05,1.215587e+05
849,1.098438e+03,miss,73.343086,19.483388,-25.321718,-2.393298e+05,-1.321391e+05,8.496330e+04
850,1.100064e+03,miss,-0.079983,27.719149,75.044270,-1.947386e+04,-3.184693e+04,-2.840531e+05
851,1.103249e+03,hit,74.218947,20.161191,22.024403,-2.743735e+05,-5.401020e+04,-6.418209e+04
852,1.103827e+03,miss,42.981767,-63.399651,-23.087918,-1.344766e+05,2.442963e+05,6.779176e+04
853,1.105864e+03,miss,1.721041,8.599259,-79.517864,6.174028e+04,-1.099826e+04,2.803205e+05
854,1.105953e+03,hit,30.152537,-70.182710,-23.774181,-8.450113e+04,2.513873e+05,1.103767e+05
855,1.106769e+03,miss,-19.460018,0.988785,-77.590786,2.427706e+04,5.226460e+04,2.815296e+05
856,1.108483e+03,miss,-5.854017,-3.331105,-79.715960,8.209380e+04,4.016584e+04,2.726813e+05
857,1.110045e+03,miss,-16.639136,48.102799,61.719202,7.751488e+04,-1.153187e+05,-2.520266e+05
858,1.110454e+03,miss,32.676363,-20.509643,70.082878,-1.520267e+05,1.044046e+05,-2.210032e+05
859,1.111183e+03,miss,-2.125743,-60.908030,51.823674,-4.029399e+04,1.863654e+05,-2.157626e+05
860,1.111520e+03,miss,-25.067782,12.555757,74.926359,1.470396e+05,-3.916845e+04,-2.444986e+05
861,1.113327e+03,miss,1.843341,3.263933,-79.912132,-4.681549e+03,-8.053124e+04,2.766984e+05
862,1.113647e+03,miss,13.553074,9.938096,78.214758,2.312339e+04,-2.827619e+04,-2.859351e+05
863,1.114145e+03,miss,58.818049,-24.395022,-48.428504,-1.676685e+05,1.440063e+05,1.851479e+05
864,1.114216e+03,miss,-24.483938,14.055275,-74.853096,1.403708e+05,-6.750491e+04,2.426411e+05
865,1.118164e+03,miss,-6.308287,3.656579,79.667025,5.201275e+04,5.067549e+04,-2.795653e+05
866,1.119894e+03,miss,-13.898973,7.865558,-78.389741,1.023963e+05,1.495948e+04,2.699081e+05
867,1.120804e+03,miss,-36.939454,22.915759,67.159100,1.252313e+05,-1.402526e+05,-2.197121e+05
868,1.121286e+03,miss,46.140680,-19.302877,62.437462,-1.972457e+05,1.158468e+04,-2.112415e+05
869,1.122529e+03,miss,31.708287,12.159686,-72.434291,-9.915954e+04,-1.097495e+05,2.487533e+05
870,1.123190e+03,miss,-35.047414,-54.558777,-46.851026,1.813294e+05,1.618025e+05,1.573044e+05
871,1.125335e+03,miss,-8.045760,-16.981248,77.761835,9.360874e+03,-8.334171e+03,-2.894962e+05
872,1.126318e+03,miss,40.479145,-1.722037,68.981689,-1.094517e+05,-5.510656e+04,-2.627206e+05
873,1.127142e+03,miss,-23.485883,22.106668,-73.210030,1.396027e+05,-4.111591e+04,2.508397e+05
874,1.128889e+03,miss,-18.422940,-26.722424,73.119815,1.121301e+05,1.246396e+05,-2.369012e+05
875,1.129122e+03,hit,-39.635890,-52.930815,-45.025827,1.679288e+05,1.397587e+05,1.910894e+05
876,1.129301e+03,miss,-19.650282,12.832099,-76.480087,1.171227e+05,-8.265829e+04,2.524103e+05
877,1.133264e+03,hit,-58.472762,-52.311399,15.635014,2.481618e+05,1.428874e+05,-5.055374e+04
878,1.134586e+03,hit,-32.816005,8.114223,72.507028,1.620306e+05,-5.868869e+04,-2.344293e+05
879,1.134747e+03,miss,60.714933,31.871493,-41.205641,-1.729507e+05,-1.675495e+05,1.633483e+05
880,1.136418e+03,miss,27.160101,-59.615815,-45.916049,-4.704182e+04,2.450967e+05,1.500226e+05
881,1.137993e+03,miss,-5.301198,-13.577162,78.661032,7.841727e+04,9.117360e+03,-2.804946e+05
882,1.138982e+03,miss,26.828875,-54.782782,-51.759621,-1.576181e+05,1.703346e+05,1.764260e+05
883,1.139324e+03,hit,67.919421,37.099341,20.263050,-2.590524e+05,-1.196364e+05,-5.989959e+04
884,1.139972e+03,miss,7.196855,7.149589,79.354197,2.463987e+04,-7.524072e+04,-2.806938e+05
885,1.140980e+03,miss,35.819844,17.315925,-69.405313,-1.523729e+05,5.488740e+03,2.487668e+05
886,1.141467e+03,miss,14.807337,-26.641673,73.965965,-3.733891e+04,1.536301e+05,-2.453007e+05
887,1.143305e+03,miss,4.626895,-70.451505,37.618842,-8.455898e+04,2.361006e+05,-1.497071e+05
888,1.145137e+03,miss,49.096656,50.003075,-38.590295,-2.237902e+05,-1.367004e+05,1.291263e+05
889,1.145805e+03,miss,-46.005098,24.857295,-60.544578,2.093488e+05,-5.772868e+04,1.957881e+05
890,1.146797e+03,miss,-20.321052,-8.806248,76.873304,3.189426e+03,5.015286e+04,-2.881685e+05
891,1.148054e+03,miss,20.387454,-3.665996,77.271678,-2.591371e+04,-4.159091e+04,-2.885464e+05
892,1.148380e+03,miss,-49.059525,51.124483,-37.140950,1.855893e+05,-1.502300e+05,1.693286e+05
893,1.149717e+03,miss,-69.054867,-4.212607,-40.170627,2.269100e+05,6.958883e+04,1.716206e+05
894,1.149880e+03,miss,8.662050,-20.185319,-76.925430,-6.273829e+04,1.252329e+05,2.572492e+05
895,1.150639e+03,miss,-54.327053,-40.569284,42.458267,1.909019e+05,1.803061e+05,-1.299975e+05
896,1.151127e+03,hit,3.471482,73.685065,-30.959005,-2.757525e+04,-2.529219e+05,1.454638e+05
897,1.151290e+03,miss,64.248944,39.835426,-26.176554,-1.929370e+05,-1.894351e+05,1.130992e+05
898,1.151797e+03,miss,-74.912193,22.469285,-16.831357,2.862140e+05,-3.534620e+04,5.264719e+04
899,1.153310e+03,miss,51.148328,19.161388,-58.452457,-1.976177e+05,2.685142e+03,2.167776e+05
900,1.154306e+03,miss,13.726155,-78.468016,-7.373131,-1.153218e+05,2.686857e+05,2.521160e+04
901,1.157061e+03,miss,-52.405821,-34.561169,-49.589874,2.150192e+05,1.312758e+05,1.512142e+05
902,1.158487e+03,miss,0.680655,2.600051,-79.954840,2.197365e+03,6.237352e+04,2.873037e+05
903,1.158650e+03,miss,-4.058066,-0.838095,79.892614,8.164261e+04,-1.817713e+04,-2.818776e+05
904,1.160829e+03,miss,1.801416,-1.345548,-79.968396,-4.788465e+04,-5.331690e+04,2.854432e+05
905,1.161839e+03,miss,50.011917,20.543270,58.964245,-1.749860e+05,-6.431600e+03,-2.367010e+05
906,1.162591e+03,miss,70.927479,9.197189,35.842775,-2.733722e+05,-1.839831e+04,-1.080469e+05
907,1.163766e+03,miss,44.482379,-45.429233,-48.554122,-1.432568e+05,1.353644e+05,2.190585e+05
908,1.164439e+03,hit,-79.200221,7.766350,8.185888,2.785767e+05,-9.230154e+04,-2.753755e+04
909,1.165112e+03,miss,4.534705,63.367694,48.620694,3.806247e+04,-2.454497e+05,-1.588672e+05
910,1.165949e+03,miss,39.247200,-31.140994,-62.369029,-8.099679e+04,1.157920e+05,2.588962e+05
911,1.166204e+03,miss,1.993977,22.040184,-76.878179,3.410085e+04,-2.019873e+04,2.923075e+05
912,1.166368e+03,miss,55.636675,0.357170,57.484196,-2.261761e+05,4.214737e+04,-1.846477e+05
913,1.168893e+03,miss,-19.044463,39.592954,66.855863,1.299217e+05,-1.034699e+05,-2.441916e+05
914,1.169221e+03,miss,3.468672,4.020281,-79.823591,5.753449e+04,-3.178665e+04,2.879567e+05
915,1.170060e+03,miss,-20.118292,-31.547598,70.710702,8.960596e+04,1.627792e+05,-2.297301e+05
916,1.171501e+03,miss,35.388327,21.536644,68.438581,-1.814642e+05,-6.270099e+04,-2.248313e+05
917,1.171665e+03,miss,-64.433012,-43.191252,-19.567902,1.944200e+05,2.122632e+05,6.758114e+04
918,1.173776e+03,miss,-6.642399,-12.021573,78.812184,7.245249e+04,-1.069659e+04,-2.867328e+05
919,1.173849e+03,miss,-38.735151,19.450763,-67.240285,1.316697e+05,-1.341238e+05,2.286019e+05
920,1.173940e+03,miss,31.840439,-32.580615,65.762375,-1.720912e+05,8.441132e+04,-2.255019e+05
921,1.176042e+03,miss,-11.908700,-5.831346,-78.893462,3.778158e+04,-5.170573e+04,2.892190e+05
922,1.176133e+03,miss,-4.499676,-51.580851,60.984988,8.035945e+04,1.955320e+05,-2.075211e+05
923,1.176298e+03,miss,-12.372825,-31.429540,-72.519633,-2.849004e+04,1.134140e+05,2.722008e+05
924,1.176382e+03,miss,-0.663637,-18.372695,77.858870,9.460445e+03,-5.870764e+03,-2.960574e+05
925,1.176718e+03,miss,-11.526387,-59.250046,-52.503090,1.718893e+04,2.457024e+05,1.647237e+05
926,1.177304e+03,miss,29.219409,-5.110427,-74.297440,-3.648067e+04,1.746372e+04,2.936101e+05
927,1.179090e+03,hit,-20.425306,77.274271,3.390269,5.927612e+03,-2.962111e+05,-1.413610e+04
928,1.179346e+03,miss,0.516196,-16.858760,78.201763,6.310878e+04,8.747086e+04,-2.763354e+05
929,1.180005e+03,hit,-19.517018,-74.997836,19.859773,1.393290e+05,2.522091e+05,-7.086826e+04
930,1.182296e+03,miss,-60.397971,-15.493761,-50.120140,2.046446e+05,3.599797e+02,2.152572e+05
931,1.183737e+03,miss,46.714923,46.421708,-45.417409,-1.151316e+05,-1.922526e+05,1.952086e+05
932,1.184838e+03,miss,-47.085118,-49.591825,41.516774,1.348646e+05,1.843686e+05,-1.903276e+05
933,1.185260e+03,miss,-74.193451,-27.813808,11.032856,2.406022e+05,1.694406e+05,-4.285852e+04
934,1.185517e+03,miss,16.703286,-29.755673,-72.357447,-1.066932e+05,5.073519e+04,2.729433e+05
935,1.186270e+03,miss,-39.479125,2.394560,69.538944,1.840458e+05,3.275980e+04,-2.314425e+05
936,1.188051e+03,miss,-30.246989,-60.186096,-43.159628,8.365814e+04,2.513656e+05,1.358723e+05
937,1.189239e+03,hit,38.844132,69.935183,0.451214,-9.492801e+04,-2.823431e+05,-2.070122e+03
938,1.189919e+03,miss,47.776153,44.611638,-46.122023,-1.722573e+05,-1.962942e+05,1.434574e+05
939,1.191188e+03,miss,-26.342250,70.382681,27.429256,1.424696e+05,-2.469941e+05,-8.703488e+04
940,1.191869e+03,miss,-56.492636,-56.319578,-6.057004,2.265510e+05,1.930528e+05,1.829697e+04
941,1.192035e+03,miss,-23.148005,67.273932,-36.583986,4.673717e+04,-2.707605e+05,1.159580e+05
942,1.192127e+03,miss,11.493134,-29.110930,-73.623784,-1.277518e+04,1.616696e+05,2.502968e+05
943,1.196376e+03,miss,-57.501567,33.089336,-44.706438,2.169753e+05,-6.404548e+04,1.951555e+05
944,1.197556e+03,miss,-1.034885,1.647106,79.976347,5.286235e+04,-5.869867e+04,-2.882948e+05
945,1.198331e+03,miss,-4.618022,-9.241045,-79.330177,8.192250e+04,1.757427e+03,2.875713e+05
946,1.198922e+03,miss,-29.307753,55.145743,50.000027,8.556921e+04,-2.384589e+05,-1.589685e+05
947,1.199358e+03,miss,-43.066948,-41.047589,-53.482085,2.084135e+05,1.180983e+05,1.791782e+05
948,1.199431e+03,miss,-8.843232,36.855141,-70.452082,5.516797e+04,-1.813530e+05,2.314332e+05
949,1.199690e+03,hit,-66.803405,-43.043960,9.193617,2.469480e+05,1.626075e+05,-4.570043e+04
950,1.199856e+03,miss,51.513480,43.700391,-42.856006,-1.362217e+05,-1.914980e+05,1.851961e+05
951,1.200890e+03,miss,39.591309,-0.009425,69.516388,-8.149808e+04,7.687402e+03,-2.879264e+05
952,1.201057e+03,miss,41.671173,-14.154400,-66.806933,-1.246697e+05,-1.024965e+04,2.719696e+05
953,1.201907e+03,miss,-4.337451,-5.819015,-79.670105,7.017046e+04,-2.716505e+04,2.898562e+05
954,1.204044e+03,miss,-40.523774,-38.868670,56.982895,9.860790e+04,1.944931e+05,-2.056377e+05
955,1.205229e+03,miss,34.551198,66.497015,28.006459,-1.631712e+05,-2.359537e+05,-8.733454e+04
956,1.207617e+03,miss,8.370525,52.639243,59.657727,3.867894e+04,-2.079205e+05,-2.130201e+05
957,1.211040e+03,miss,-32.853312,-14.394311,71.508487,5.216550e+04,6.407554e+04,-2.890208e+05
958,1.213787e+03,miss,31.787204,-57.086459,-46.159614,-1.342739e+05,1.690286e+05,2.096778e+05
959,1.214215e+03,hit,77.999073,17.470473,-3.305620,-3.002658e+05,-1.805807e+04,1.054342e+04
960,1.216103e+03,miss,-25.406165,-37.447284,-65.971416,3.333401e+04,1.787617e+05,2.401474e+05
961,1.217126e+03,hit,73.861780,30.518695,3.612016,-2.979543e+05,-4.269079e+04,-1.465352e+04
962,1.219184e+03,miss,-56.611326,-40.628865,39.299531,1.837350e+05,2.006761e+05,-1.301465e+05
963,1.220047e+03,miss,-77.191482,-2.834654,20.819218,2.803695e+05,5.056432e+04,-9.933864e+04
964,1.220822e+03,miss,21.722422,-48.929477,-59.447814,-1.216622e+05,1.980255e+05,1.925461e+05
965,1.222015e+03,miss,-14.288776,3.908202,-78.616518,-7.766887e+03,2.923965e+04,3.004388e+05
966,1.222965e+03,hit,-76.815830,-22.155759,-2.906999,2.726010e+05,1.294155e+05,1.378501e+04
967,1.223312e+03,miss,45.938233,5.334303,-65.278051,-2.068660e+05,-5.135525e+04,2.141137e+05
968,1.223823e+03,miss,2.390278,-0.495358,79.962749,2.940648e+04,6.458246e+04,-2.937313e+05
969,1.224345e+03,miss,-40.140276,-3.836994,69.094397,1.207703e+05,-5.427136e+04,-2.717018e+05
970,1.225887e+03,miss,-35.446620,41.054618,-58.805233,1.883928e+05,-1.214505e+05,2.030410e+05
971,1.225980e+03,miss,-76.138024,-12.050742,-21.395814,2.749440e+05,1.037929e+05,7.146685e+04
972,1.226671e+03,miss,32.764382,26.824420,67.874485,-1.078160e+05,-1.604125e+05,-2.327439e+05
973,1.227530e+03,miss,22.450959,-8.742616,-76.285786,-1.320985e+04,1.133178e+04,3.021380e+05
974,1.227624e+03,miss,-4.695731,-10.333984,79.190649,1.672491e+04,1.080942e+05,-2.821935e+05
975,1.228307e+03,miss,-17.523513,23.541101,-74.422732,1.116168e+05,-1.235889e+05,2.528157e+05
976,1.233395e+03,hit,75.919934,17.806000,-17.863649,-2.972547e+05,-6.994482e+03,6.015482e+04
977,1.233919e+03,hit,-3.226115,78.362540,15.776708,-4.387197e+04,-2.912206e+05,-7.302617e+04
978,1.234342e+03,miss,14.695676,28.173327,73.418668,-1.193135e+05,-1.121278e+05,-2.555195e+05
979,1.235560e+03,miss,6.746442,13.175041,78.618724,-9.410910e+04,-2.514293e+04,-2.875774e+05
980,1.235729e+03,hit,-61.269347,50.415358,10.215616,1.790316e+05,-2.414488e+05,-4.303749e+04
981,1.236854e+03,hit,65.670429,5.049360,-45.408134,-2.676836e+05,3.927422e+03,1.435828e+05
982,1.237022e+03,miss,41.972403,-37.131767,-57.092462,-1.901607e+05,1.506173e+05,1.828985e+05
983,1.238148e+03,miss,60.903812,-51.485497,6.322131,-2.580926e+05,1.592586e+05,-2.018438e+04
984,1.239105e+03,miss,35.039850,-11.336499,-71.018960,-1.837486e+05,1.689172e+04,2.416714e+05
985,1.241012e+03,miss,34.973551,33.939511,63.442575,-6.177628e+04,-1.427517e+05,-2.615375e+05
986,1.241613e+03,miss,-2.802075,-79.744656,5.739178,-5.308071e+04,2.985793e+05,-2.596022e+04
987,1.243774e+03,hit,-33.109139,60.093305,41.140972,5.345935e+04,-2.488273e+05,-1.674200e+05
988,1.245780e+03,miss,-43.083018,59.468273,31.739220,2.167662e+05,-1.717071e+05,-1.283785e+05
989,1.246118e+03,miss,-14.308472,-54.695966,56.600521,1.085200e+05,1.603321e+05,-2.355722e+05
990,1.246213e+03,hit,57.645082,54.487876,-10.397876,-2.608789e+05,-1.536432e+05,3.633524e+04
991,1.249162e+03,miss,-10.361760,-34.776533,-71.296751,7.835523e+03,1.822340e+05,2.448135e+05
992,1.249602e+03,hit,-36.165083,59.438560,-39.486002,8.600092e+04,-2.295449e+05,1.820719e+05
993,1.250726e+03,miss,-16.350512,2.231534,-78.279506,1.219323e+05,2.417421e+04,2.790504e+05
994,1.255777e+03,miss,-1.365063,-5.775896,79.779544,-6.900727e+04,1.217696e+04,-2.979725e+05
995,1.255871e+03,hit,-2.735424,73.528450,-31.401983,-3.631440e+04,-2.656519e+05,1.476998e+05
996,1.255947e+03,miss,-18.230577,-17.033721,76.009857,9.526473e+04,-6.973295e+03,-2.908377e+05
997,1.256306e+03,miss,48.189039,-26.040719,58.306925,-1.704243e+05,3.481221e+04,-2.519544e+05
998,1.256816e+03,miss,1.444430,13.139431,78.900374,-4.932251e+04,1.249103e+04,-3.019713e+05
999,1.258385e+03,miss,2.506887,51.885803,-60.840603,4.319741e+04,-2.213371e+05,2.074521e+05
1000,1.259180e+03,miss,17.194813,-4.648519,77.991856,6.555115e+03,-7.843765e+03,-3.063450e+05
1001,1.259350e+03,hit,78.031804,-17.624321,0.648777,-3.064622e+05,-6.298149e+03,-2.391080e+03
1002,1.259615e+03,miss,0.044531,-0.029473,79.999982,-7.439401e+04,-4.040806e+03,-2.973776e+05
1003,1.261368e+03,miss,23.492114,-11.536963,75.597745,-4.291104e+04,-1.537475e+04,-3.033765e+05
1004,1.261443e+03,miss,3.826437,-1.080939,79.901126,5.608932e+04,-2.237371e+04,-3.007891e+05
1005,1.261451e+03,hit,-68.048846,31.543704,-27.827132,2.283732e+05,-1.565610e+05,1.321196e+05
1006,1.261803e+03,miss,12.426092,45.642554,-64.516273,7.285462e+02,-2.110662e+05,2.227062e+05
1007,1.262845e+03,miss,-5.544976,9.083604,-79.288974,7.954771e+04,1.212909e+04,2.962268e+05
1008,1.263982e+03,miss,-46.405800,-49.681844,42.168899,1.379535e+05,2.339399e+05,-1.433564e+05
1009,1.265385e+03,miss,-0.582679,-35.720501,-71.580069,-7.163965e+04,1.381240e+05,2.649609e+05
1010,1.265643e+03,miss,21.133450,-12.639119,-76.115898,-1.359545e+05,4.423268e+03,2.755555e+05
1011,1.266079e+03,hit,-22.390455,-76.682997,-4.287822,1.053122e+05,2.879282e+05,2.175486e+04
1012,1.266440e+03,miss,-10.580112,1.023749,-79.290688,3.670745e+04,7.098248e+04,2.968291e+05
1013,1.267825e+03,miss,18.076479,-21.919096,74.784986,-1.264127e+05,3.652853e+04,-2.779970e+05
1014,1.268262e+03,miss,73.404463,18.492397,-25.880806,-2.706920e+05,-1.189656e+05,8.486728e+04
1015,1.268698e+03,miss,-29.989237,9.762267,-73.521043,5.595546e+04,7.004110e+03,3.024598e+05
1016,1.269059e+03,miss,8.827555,5.806379,-79.299182,4.276829e+04,-2.431422e+04,3.037575e+05
1017,1.269591e+03,hit,78.194892,-16.869447,-0.990275,-3.069184e+05,2.249473e+04,4.869163e+03
1018,1.270199e+03,miss,25.049096,46.159871,-60.347404,-9.019305e+04,-2.172583e+05,1.985901e+05
1019,1.270894e+03,miss,36.065388,-71.295939,4.022051,-1.395150e+05,2.742407e+05,-1.238806e+04
1020,1.271776e+03,miss,30.051899,-10.757248,73.356424,-4.156430e+04,4.022375e+04,-3.025659e+05
1021,1.272396e+03,hit,23.772839,76.379945,0.977830,-3.469897e+04,-3.061253e+05,-4.608863e+03
1022,1.275986e+03,miss,-40.077230,-29.683024,-62.551849,1.849661e+05,1.365187e+05,2.058056e+05
1023,1.275993e+03,miss,-14.785862,61.750537,48.664664,1.167112e+05,-1.967887e+05,-2.070242e+05
1024,1.276081e+03,miss,-72.911907,32.828209,-2.482440,3.024649e+05,-6.041597e+04,8.818204e+03
1025,1.276869e+03,miss,-4.021834,-2.270673,-79.866569,-5.471958e+04,-2.074874e+04,3.030626e+05
1026,1.277300e+03,miss,-49.193031,16.384727,60.922791,1.311712e+05,-1.029567e+05,-2.598035e+05
1027,1.278977e+03,miss,19.601458,44.459991,-63.553851,-4.803938e+03,-1.546603e+05,2.673688e+05
1028,1.279416e+03,miss,-30.429837,18.712187,-71.581276,1.327314e+05,3.726934e+03,2.789806e+05
1029,1.279950e+03,hit,78.639578,-9.752234,-10.986843,-2.903419e+05,9.890699e+04,3.768991e+04
1030,1.280026e+03,miss,-20.193036,-0.320341,-77.408906,1.172365e+05,5.838864e+04,2.799171e+05
1031,1.280122e+03,miss,-42.803650,39.735907,-54.670881,1.936078e+05,-1.632228e+05,1.771684e+05
1032,1.281354e+03,miss,28.050800,69.285463,-28.507495,-1.675536e+05,-2.401012e+05,9.941574e+04
1033,1.282144e+03,miss,-15.232849,-19.333536,-76.119476,1.114004e+05,1.995099e+04,2.878492e+05
1034,1.282232e+03,miss,-22.810436,-15.584297,75.078717,1.493545e+05,3.223732e+04,-2.689346e+05
1035,1.282851e+03,miss,1.061283,6.403332,-79.736259,7.120583e+04,-2.628542e+04,2.999279e+05
1036,1.282939e+03,miss,-15.520012,-7.780965,-78.093443,3.712664e+03,8.213693e+04,2.982688e+05
1037,1.284792e+03,hit,66.785420,-43.420241,7.374979,-2.138112e+05,2.214837e+05,-3.305365e+04
1038,1.285403e+03,miss,-11.408133,36.019296,70.515706,5.071942e+04,-1.893875e+05,-2.397255e+05
1039,1.286818e+03,miss,-2.521500,-6.614388,79.686209,-4.412406e+04,7.653685e+04,-2.970003e+05
1040,1.287698e+03,miss,-19.991930,23.223902,-73.898397,8.983231e+04,-1.475447e+05,2.573720e+05
1041,1.288054e+03,miss,-77.532125,-6.514162,18.610087,2.896592e+05,8.947118e+04,-6.479702e+04
1042,1.288666e+03,hit,-78.866396,12.293828,5.380836,2.920629e+05,-1.025908e+05,-1.806230e+04
1043,1.291060e+03,miss,37.924089,26.603836,65.222691,-1.846212e+05,-3.716435e+04,-2.467068e+05
1044,1.291232e+03,miss,14.055195,13.998954,77.501489,-1.149865e+05,-1.217612e+04,-2.880506e+05
1045,1.291933e+03,miss,-59.260155,-28.838330,45.349583,2.597291e+05,4.920493e+04,-1.628352e+05
1046,1.292382e+03,miss,32.807679,-4.120801,72.846930,-5.598739e+04,-2.173521e+03,-3.054338e+05
1047,1.293620e+03,miss,-78.769302,8.578948,-11.036245,3.041243e+05,4.475687e+04,4.501912e+04
1048,1.293793e+03,miss,-6.370684,73.038902,-32.011454,-2.196608e+04,-2.913351e+05,1.057154e+05
1049,1.293965e+03,hit,28.904872,74.571455,1.899086,-1.286204e+05,-2.827875e+05,-5.940179e+03
1050,1.294330e+03,miss,-47.946861,-57.199645,28.797555,2.368513e+05,1.721290e+05,-1.041514e+05
1051,1.295039e+03,miss,-23.843574,52.621901,-55.339132,1.220272e+05,-1.462886e+05,2.456347e+05
1052,1.296709e+03,hit,40.856283,-52.513974,44.418990,-1.050698e+05,2.070953e+05,-2.069393e+05
1053,1.296805e+03,miss,-21.512363,24.239554,-73.141385,6.963730e+03,-8.754247e+04,2.984074e+05
1054,1.297516e+03,miss,-58.021436,33.520658,43.702156,2.585543e+05,-9.201913e+04,-1.466094e+05
1055,1.298219e+03,miss,-3.722912,-71.586889,-35.517000,1.462191e+04,2.898469e+05,1.124260e+05
1056,1.298399e+03,miss,36.382225,54.291879,46.138114,-9.681275e+04,-2.495721e+05,-1.588054e+05
1057,1.298929e+03,miss,-7.335356,1.770810,-79.643310,9.137834e+04,-4.313631e+04,2.944604e+05
1058,1.301055e+03,miss,21.759446,-14.237325,-75.655965,-6.383339e+04,-1.961207e+04,3.043303e+05
1059,1.301940e+03,miss,-40.694197,12.737742,-67.688494,9.667981e+04,-2.287761e+04,2.954182e+05
1060,1.302652e+03,miss,1.839015,7.236334,-79.650822,6.733346e+04,-4.193961e+04,3.015007e+05
1061,1.302833e+03,miss,-12.503023,-5.036026,-78.856280,-7.371834e+03,7.262652e+04,3.031170e+05
1062,1.304692e+03,hit,49.585940,-61.728990,11.435311,-2.144485e+05,2.190585e+05,-5.807648e+04
1063,1.304789e+03,miss,-70.246527,9.385448,-37.112515,2.689651e+05,-9.427573e+04,1.269830e+05
1064,1.305058e+03,miss,-47.309965,53.654635,35.818255,1.194853e+05,-2.522495e+05,-1.395293e+05
1065,1.305771e+03,miss,37.191838,-26.990223,65.485075,-1.976421e+05,7.315007e+04,-2.302495e+05
1066,1.306650e+03,miss,32.645302,37.527857,-62.657356,-5.567628e+04,-1.470458e+05,2.697617e+05
1067,1.306657e+03,miss,-28.918334,37.168320,64.670286,1.680406e+05,-1.392617e+05,-2.232998e+05
1068,1.308693e+03,miss,-5.291724,-7.910292,79.431889,-1.797546e+04,-3.692012e+04,-3.097740e+05
1069,1.309581e+03,miss,-40.315061,24.824819,64.485845,1.608029e+05,-2.023866e+04,-2.672924e+05
1070,1.309754e+03,miss,-4.136608,9.889096,79.278586,-5.682685e+03,3.647163e+04,-3.104237e+05
1071,1.309774e+03,hit,5.166471,-48.975298,63.045442,-2.565200e+03,2.299876e+05,-2.117213e+05
1072,1.310835e+03,hit,-76.449995,-23.239185,-3.916438,3.119229e+05,1.724866e+04,1.458032e+04
1073,1.311627e+03,miss,43.006499,19.065115,-64.706742,-1.852164e+05,-1.215277e+05,2.208867e+05
1074,1.311820e+03,miss,36.547942,-2.995985,71.100436,-1.103477e+05,-5.956331e+04,-2.866270e+05
1075,1.312341e+03,miss,-6.372457,71.967937,-34.351242,-1.237625e+04,-2.917843e+05,1.123703e+05
1076,1.312611e+03,miss,13.430952,63.263444,-47.088706,-2.661478e+04,-2.708446e+05,1.545101e+05
1077,1.312785e+03,miss,-12.435185,-4.183449,-78.916823,1.185667e+05,2.045840e+04,2.889202e+05
1078,1.313152e+03,miss,-40.117136,-35.941130,59.151083,1.991530e+05,7.519528e+04,-2.294834e+05
1079,1.313771e+03,miss,-27.890552,-33.997833,66.830116,1.484591e+05,6.498330e+04,-2.678845e+05
1080,1.317611e+03,miss,-32.002809,-43.772069,58.820287,6.151991e+04,2.122280e+05,-2.224548e+05
1081,1.319121e+03,hit,-26.894341,-74.974142,7.454694,1.731749e+05,2.595871e+05,-3.239190e+04
1082,1.319663e+03,hit,76.627123,21.960866,-6.782653,-3.086463e+05,-4.516556e+04,3.409123e+04
1083,1.320024e+03,hit,-54.451052,46.201473,36.062542,1.534190e+05,-2.323668e+05,-1.447752e+05
1084,1.321709e+03,miss,23.262480,-47.739121,-59.831709,-1.650535e+04,1.825546e+05,2.549877e+05
1085,1.323144e+03,miss,9.537135,45.653562,-64.998425,-1.086754e+05,-1.720793e+05,2.393799e+05
1086,1.325833e+03,miss,-67.811166,9.898871,41.275393,2.676921e+05,3.914742e+04,-1.604166e+05
1087,1.327095e+03,miss,67.373584,0.001652,-43.136993,-2.406431e+05,-6.691785e+04,1.913952e+05
1088,1.327795e+03,miss,-18.724883,-4.168092,-77.665988,-3.679038e+03,1.430517e+03,3.147313e+05
1089,1.328786e+03,miss,-4.735990,43.029314,-67.275914,-5.941526e+04,-1.583611e+05,2.655878e+05
1090,1.328883e+03,miss,-68.339711,-14.778319,38.875251,2.562666e+05,1.210854e+05,-1.371799e+05
1091,1.329147e+03,miss,32.367069,-45.062280,57.634744,-1.191541e+05,1.204325e+05,-2.654630e+05
1092,1.329419e+03,miss,69.908230,38.864349,-1.549760,-2.288742e+05,-2.162550e+05,6.555926e+03
1093,1.329505e+03,miss,-2.334367,-1.430858,-79.953132,-4.225948e+04,-5.194300e+04,3.077581e+05
1094,1.331481e+03,miss,-14.408851,-73.157004,28.990305,1.729313e+04,2.998486e+05,-9.559379e+04
1095,1.331558e+03,hit,-78.428953,0.069558,15.776392,3.041323e+05,-6.206736e+04,-5.480301e+04
1096,1.332823e+03,miss,-39.202906,-11.134119,-68.841583,1.996427e+05,6.056187e+04,2.364776e+05
1097,1.334977e+03,miss,-18.840843,-74.858225,21.006399,-1.131077e+03,3.054170e+05,-7.953880e+04
1098,1.335522e+03,hit,74.873057,3.083231,-28.009267,-2.883767e+05,6.623208e+04,1.100006e+05
1099,1.335795e+03,hit,-6.807526,79.314097,-7.932943,-5.165636e+04,-3.096281e+05,3.362154e+04
1100,1.337764e+03,hit,44.962049,-58.695808,-30.548589,-1.283361e+05,2.477843e+05,1.481487e+05
1101,1.340105e+03,miss,-34.182232,71.714909,9.409933,2.015487e+05,-2.404284e+05,-3.952462e+04
1102,1.341093e+03,miss,20.871198,-14.990772,-75.760609,-7.273551e+04,-1.943584e+04,3.072383e+05
1103,1.341366e+03,miss,48.852871,-56.535475,28.585608,-1.633024e+05,2.538264e+05,-9.480745e+04
1104,1.341725e+03,miss,-18.606782,-6.214206,-77.557536,9.924875e+04,9.026503e+04,2.865531e+05
1105,1.342460e+03,miss,46.487685,29.347728,-58.117175,-1.192132e+05,-1.575271e+05,2.472631e+05
1106,1.344249e+03,miss,40.958444,13.967535,-67.285317,-2.103235e+05,-4.644054e+04,2.321776e+05
1107,1.344257e+03,miss,-21.609883,22.514850,-73.662029,1.511410e+05,-7.277110e+04,2.686270e+05
1108,1.344707e+03,miss,-35.819257,20.387121,68.566363,1.866020e+05,-9.810166e+04,-2.364086e+05
1109,1.344785e+03,miss,15.867530,58.674145,-52.015058,-1.018717e+05,-1.820104e+05,2.383977e+05
1110,1.344883e+03,miss,9.538024,-78.817663,9.838802,-7.859265e+03,3.150777e+05,-3.179056e+04
1111,1.346056e+03,miss,63.324143,-18.593616,-45.214271,-2.753279e+05,4.316946e+04,1.508804e+05
1112,1.346322e+03,miss,6.888233,33.227324,-72.446513,-9.198026e+04,-1.497294e+05,2.637698e+05
1113,1.346948e+03,hit,41.115106,67.893961,9.997906,-1.605675e+05,-2.682306e+05,-5.263953e+04
1114,1.347046e+03,miss,33.137286,-16.155087,-70.999531,-1.425081e+05,-1.461937e+04,2.828171e+05
1115,1.347672e+03,miss,-65.440554,-27.015957,-37.251468,2.144585e+05,1.704110e+05,1.597566e+05
1116,1.349219e+03,miss,-17.874460,-70.463984,-33.396567,1.665085e+04,2.728934e+05,1.610027e+05
1117,1.349493e+03,miss,39.588620,-61.555456,-32.305836,-1.225576e+05,2.720235e+05,1.080426e+05
1118,1.349748e+03,hit,-71.754946,35.317843,1.969165,2.432429e+05,-2.036313e+05,-8.750933e+03
1119,1.349936e+03,miss,-67.092788,32.554613,-28.961265,2.837885e+05,-1.062166e+05,9.436922e+04
1120,1.350837e+03,miss,0.729046,78.493279,15.436113,-5.816175e+04,-3.076184e+05,-5.271396e+04
1121,1.351562e+03,miss,44.553744,-53.767208,39.039099,-2.222720e+05,1.826576e+05,-1.344475e+05
1122,1.351746e+03,miss,17.765723,-53.785367,56.493481,-1.345505e+05,2.042104e+05,-2.026149e+05
1123,1.352013e+03,miss,3.542076,27.609046,-75.001295,6.161718e+04,-8.488147e+04,2.997947e+05
1124,1.352648e+03,miss,78.369141,-15.246136,-5.082628,-3.165303e+05,-1.483859e+04,2.267593e+04
1125,1.353464e+03,miss,-25.480995,-23.265186,72.176520,1.610064e+05,9.471502e+04,-2.570849e+05
1126,1.353542e+03,miss,28.809402,-30.038550,-68.320596,-3.722689e+04,1.333306e+05,2.860588e+05
1127,1.354092e+03,miss,-39.248147,32.372152,61.738373,1.991844e+05,-6.385854e+04,-2.393349e+05
1128,1.354908e+03,miss,35.878228,59.314614,-39.931558,-8.242068e+04,-2.705011e+05,1.453630e+05
1129,1.355720e+03,miss,-38.280393,41.460329,56.706725,1.424274e+05,-2.085224e+05,-1.933595e+05
1130,1.355897e+03,miss,36.989368,51.665626,-48.605038,-8.530865e+04,-2.067832e+05,2.261224e+05
1131,1.357441e+03,miss,17.488381,62.205706,-47.165735,-3.428049e+04,-2.187446e+05,2.286023e+05
1132,1.357900e+03,miss,-60.018829,-1.962972,52.857231,2.491229e+05,-5.651615e+04,-1.898983e+05
1133,1.360074e+03,miss,31.614389,13.849639,72.171448,-1.521096e+05,1.785795e+04,-2.793271e+05
1134,1.361069e+03,miss,52.195413,-60.013195,8.605539,-2.473170e+05,1.964925e+05,-4.217947e+04
1135,1.362887e+03,miss,-31.833991,-37.779157,-62.923226,1.073127e+05,2.030203e+05,2.212611e+05
1136,1.362978e+03,miss,3.683054,-5.431029,79.730415,2.617864e+04,-4.614580e+04,-3.144547e+05
1137,1.363155e+03,miss,-23.358304,-8.465959,-76.044179,1.540516e+05,4.983589e+04,2.747621e+05
1138,1.363340e+03,miss,39.320986,-54.075800,43.927986,-2.018539e+05,1.960382e+05,-1.501585e+05
1139,1.364159e+03,miss,-27.309997,1.472240,75.179762,1.415668e+05,5.748357e+04,-2.800699e+05
1140,1.364257e+03,miss,-54.281811,26.354039,52.525705,2.446242e+05,-1.065883e+05,-1.748998e+05
1141,1.364888e+03,miss,36.239482,22.843877,-67.563727,-1.306732e+05,-1.602436e+04,2.907005e+05
1142,1.364966e+03,miss,22.001821,-72.257841,-26.357622,-1.601803e+04,3.032932e+05,9.798754e+04
1143,1.365616e+03,hit,7.470818,18.563976,77.456863,-7.759437e+04,-1.219369e+05,-2.846118e+05
1144,1.366345e+03,miss,14.901503,-11.692645,-77.725332,-7.683684e+03,-1.428336e+04,3.188805e+05
1145,1.369532e+03,miss,-32.637361,27.897616,-67.502042,1.755491e+05,-4.766309e+04,2.628617e+05
1146,1.369710e+03,miss,49.659537,26.348289,-56.918345,-2.007338e+05,-2.884721e+04,2.471287e+05
1147,1.370262e+03,miss,-22.510046,-65.159728,40.589501,1.324863e+05,2.567613e+05,-1.369710e+05
1148,1.372078e+03,miss,-22.255486,49.349602,58.900850,1.574011e+05,-1.660009e+05,-2.237055e+05
1149,1.372710e+03,miss,-28.611981,-12.518974,73.652086,6.268337e+04,1.108724e+05,-2.935997e+05
1150,1.374995e+03,miss,-41.371578,65.080542,-21.281815,1.805997e+05,-2.554088e+05,6.887136e+04
1151,1.375074e+03,miss,-47.484797,-51.468042,-38.681193,2.392540e+05,1.607133e+05,1.397420e+05
1152,1.375726e+03,miss,-53.981825,54.787080,22.007689,2.651893e+05,-1.553086e+05,-9.056282e+04
1153,1.376181e+03,miss,-65.472929,44.725929,-10.624821,2.945859e+05,-1.159527e+05,4.955613e+04
1154,1.377170e+03,miss,52.115978,-6.960528,60.294908,-2.293722e+05,-3.686012e+04,-2.208737e+05
1155,1.377625e+03,miss,-6.886202,-34.793186,71.707841,7.281682e+04,1.776112e+05,-2.567906e+05
1156,1.378001e+03,miss,21.365900,73.191328,24.218336,-1.328806e+05,-2.799832e+05,-8.227774e+04
1157,1.378278e+03,hit,72.089054,-30.473413,16.569232,-2.532666e+05,1.804939e+05,-7.820561e+04
1158,1.379181e+03,miss,51.165187,20.849415,-57.856940,-2.429799e+05,-6.955072e+04,1.975575e+05
1159,1.379823e+03,miss,0.653062,10.029182,79.366171,5.772857e+04,-8.564222e+04,-3.037864e+05
1160,1.381102e+03,miss,48.293060,29.380689,-56.608793,-1.923001e+05,-1.662808e+05,1.960107e+05
1161,1.381479e+03,miss,-6.132608,-0.944669,-79.759004,-7.534942e+03,7.530105e+04,3.120095e+05
1162,1.383758e+03,miss,14.591909,63.833087,-45.960997,-9.864907e+04,-2.631194e+05,1.558320e+05
1163,1.383937e+03,miss,23.107383,-62.887598,43.717261,-6.050553e+04,2.786252e+05,-1.482141e+05
1164,1.384663e+03,miss,12.505673,56.031905,55.713856,3.857646e+03,-2.524526e+05,-1.989154e+05
1165,1.384762e+03,miss,47.090474,-27.663968,-58.456755,-1.832691e+05,1.655404e+05,2.057443e+05
1166,1.384941e+03,miss,23.644821,62.227925,-44.368996,-1.361059e+05,-2.493519e+05,1.504462e+05
1167,1.385119e+03,miss,68.712856,-38.009305,-15.291702,-3.026703e+05,9.363472e+04,5.451412e+04
1168,1.385496e+03,hit,4.488230,12.118718,78.949303,-9.416614e+04,-3.864567e+04,-3.049852e+05
1169,1.385584e+03,miss,75.560768,-11.338879,23.706542,-2.998976e+05,-1.580584e+04,-1.148686e+05
1170,1.385953e+03,miss,1.419454,17.502917,-78.048914,7.268889e+04,-6.978482e+04,3.053804e+05
1171,1.387144e+03,miss,7.207550,1.650595,-79.657559,-2.766336e+04,7.194700e+04,3.123428e+05
1172,1.388157e+03,miss,-50.073406,2.643542,-62.335108,2.043484e+05,6.585181e+04,2.397509e+05
1173,1.389150e+03,miss,-71.260171,34.130438,12.534003,3.100815e+05,-7.381351e+04,-4.528075e+04
1174,1.389977e+03,hit,1.299049,29.048624,-74.528450,-2.633204e+04,-1.741331e+05,2.696207e+05
1175,1.389985e+03,miss,-32.461498,4.658498,-72.969511,9.350434e+04,-9.029630e+04,2.946441e+05
1176,1.390255e+03,miss,-13.150472,-64.635190,45.269828,5.427480e+04,2.797462e+05,-1.500937e+05
1177,1.390355e+03,miss,53.379130,-7.717194,-59.085645,-2.362262e+05,-3.269789e+04,2.164884e+05
1178,1.390991e+03,miss,16.405690,22.170215,75.095505,-1.205856e+05,-3.149951e+04,-2.970750e+05
1179,1.391826e+03,miss,-18.529456,25.907928,73.385547,3.067884e+04,-4.123353e+04,-3.181314e+05
1180,1.392741e+03,hit,52.014694,-54.107298,-27.692451,-1.440337e+05,2.654610e+05,1.127031e+05
1181,1.393099e+03,miss,6.665832,5.676668,-79.519445,-1.013393e+05,-3.223184e+04,3.043607e+05
1182,1.393656e+03,hit,9.728956,-5.573734,79.210359,-1.041967e+04,9.449009e+04,-3.081373e+05
1183,1.394473e+03,miss,28.347964,73.338974,14.757635,-4.814229e+04,-3.110760e+05,-7.043079e+04
1184,1.396317e+03,miss,31.439244,18.988439,71.070480,-1.543622e+05,-1.257500e+05,-2.540537e+05
1185,1.400635e+03,miss,-9.616491,-25.050489,75.365749,1.111185e+05,1.053520e+05,-2.847102e+05
1186,1.400823e+03,miss,-56.786497,12.721541,54.894955,1.894135e+05,-1.214733e+05,-2.321358e+05
1187,1.402112e+03,miss,47.232663,22.780675,60.416193,-2.155695e+05,-1.595950e+04,-2.406066e+05
1188,1.402392e+03,miss,-32.443351,70.248526,-20.311907,1.932249e+05,-2.482853e+05,7.520543e+04
1189,1.404329e+03,miss,-7.454080,79.606800,2.682168,6.131789e+04,-3.177162e+05,-8.855384e+03
1190,1.405048e+03,miss,43.541369,-14.270919,-65.578122,-1.428399e+05,1.300266e+05,2.598564e+05
1191,1.405248e+03,miss,48.848625,19.305872,60.341488,-2.138564e+05,9.770555e+02,-2.431357e+05
1192,1.405428e+03,miss,39.549767,-48.008439,-50.309102,-1.266603e+05,2.391605e+05,1.778294e+05
1193,1.405608e+03,miss,-58.541115,-44.600043,31.365172,2.720744e+05,1.372014e+05,-1.096749e+05
1194,1.406999e+03,miss,39.160161,38.578773,58.121942,-2.003063e+05,-1.566536e+05,-2.007938e+05
1195,1.407359e+03,miss,4.311563,-7.078254,79.569521,2.345286e+04,-4.095635e+04,-3.205940e+05
1196,1.407459e+03,miss,-61.551835,-4.235879,50.925720,2.590982e+05,-5.084872e+04,-1.878776e+05
1197,1.407539e+03,hit,28.048630,74.219579,-10.233690,-1.131931e+05,-2.986230e+05,5.507304e+04
1198,1.407999e+03,hit,-63.628369,46.333554,14.304982,2.024652e+05,-2.451041e+05,-6.314713e+04
1199,1.412444e+03,miss,47.413129,62.004729,-17.533076,-1.430023e+05,-2.848120e+05,6.180488e+04
1200,1.414280e+03,miss,-6.506192,-48.550118,63.249945,-5.370464e+04,1.975746e+05,-2.521992e+05
1201,1.414841e+03,hit,-69.805967,33.470842,20.170021,2.486620e+05,-1.836310e+05,-1.000655e+05
1202,1.415122e+03,miss,-34.656315,-24.850569,67.685959,1.857235e+05,3.752362e+04,-2.639809e+05
1203,1.415202e+03,miss,29.577127,-8.589016,-73.833748,-4.610698e+04,6.614500e+04,3.147891e+05
1204,1.415676e+03,hit,-73.198567,-25.975080,-19.164161,2.846987e+05,1.190953e+05,1.019385e+05
1205,1.416225e+03,miss,-67.222986,-31.143982,30.184806,2.314454e+05,1.756242e+05,-1.458036e+05
1206,1.416326e+03,hit,65.829551,-45.435738,1.436602,-2.354220e+05,2.240518e+05,-7.367399e+03
1207,1.419650e+03,miss,16.230930,-6.442897,-78.070775,-1.927711e+04,-4.077630e+04,3.223209e+05
1208,1.419751e+03,miss,50.184888,-29.527929,54.859625,-2.305233e+05,4.278867e+04,-2.257448e+05
1209,1.420213e+03,miss,18.291978,19.852194,75.307994,-7.239672e+03,-3.737092e+04,-3.232925e+05
1210,1.421419e+03,hit,-52.818039,48.983900,-34.797016,1.620456e+05,-2.251568e+05,1.705950e+05
1211,1.421981e+03,miss,64.549295,-30.587282,36.025084,-2.883824e+05,4.859744e+04,-1.434325e+05
1212,1.422436e+03,hit,-7.436661,-9.758313,-79.053598,1.036951e+05,5.419882e+04,3.040439e+05
1213,1.423924e+03,miss,8.922083,65.878730,-44.501566,-2.337491e+03,-2.880970e+05,1.524421e+05
1214,1.426440e+03,miss,18.949076,36.869408,68.422067,-1.303414e+05,-1.693806e+05,-2.464812e+05
1215,1.427084e+03,miss,36.911230,43.505307,-56.078957,-7.513829e+04,-1.972775e+05,2.488284e+05
1216,1.427358e+03,miss,-8.719315,5.817593,-79.310334,9.724076e+04,2.363905e+04,3.106213e+05
1217,1.427447e+03,miss,-48.326905,-26.725662,-57.881338,2.018531e+05,1.563267e+05,2.032832e+05
1218,1.429595e+03,hit,-51.200045,-61.403332,-2.861154,2.627736e+05,1.935130e+05,1.303162e+04
1219,1.430147e+03,miss,6.614043,12.838418,78.685637,4.055436e+04,-9.293460e+04,-3.105266e+05
1220,1.430986e+03,miss,12.604585,-56.559920,55.155235,-7.521029e+04,1.764791e+05,-2.645173e+05
1221,1.431087e+03,miss,0.955720,-69.618601,-39.399707,4.813101e+04,2.921179e+05,1.383074e+05
1222,1.431370e+03,miss,2.964681,-1.116991,-79.937244,-7.154866e+04,-4.701669e+04,3.153882e+05
1223,1.431632e+03,miss,64.208705,-5.737139,-47.374334,-2.379723e+05,-4.437368e+04,2.195887e+05
1224,1.435265e+03,miss,29.498280,45.818706,58.570451,-4.165288e+04,-1.986614e+05,-2.566881e+05
1225,1.435641e+03,miss,50.032111,-16.220796,-60.279960,-2.451904e+05,3.738856e+04,2.135461e+05
1226,1.436469e+03,miss,-19.353711,-7.728166,77.238004,9.350663e+02,5.662482e+04,-3.224480e+05
1227,1.438814e+03,miss,0.784218,-0.172590,-79.995970,7.040809e+04,3.122981e+04,3.184687e+05
1228,1.442550e+03,miss,-18.238100,41.368325,-66.000253,-7.308397e+03,-1.702591e+05,2.803428e+05
1229,1.442732e+03,hit,78.167289,0.198223,17.024559,-3.108202e+05,7.962674e+04,-6.853916e+04
1230,1.442813e+03,miss,-25.381091,69.167227,-31.172021,1.727419e+05,-2.521064e+05,1.193980e+05
1231,1.443299e+03,hit,-65.459714,-24.969861,38.620357,2.822550e+05,2.136937e+04,-1.660271e+05
1232,1.443663e+03,hit,37.674061,70.566297,-1.030938,-1.641660e+05,-2.841738e+05,3.391232e+03
1233,1.444223e+03,miss,55.130184,-30.892363,-49.054304,-2.613466e+05,5.894802e+04,1.896880e+05
1234,1.444879e+03,miss,53.129006,-32.779680,50.028005,-2.453864e+05,1.357199e+05,-1.708013e+05
1235,1.444972e+03,hit,11.692675,20.793325,76.360454,-8.937700e+04,-1.418864e+04,-3.156341e+05
1236,1.445061e+03,hit,77.720612,-7.806458,-17.279054,-3.077236e+05,9.594421e+04,6.262576e+04
1237,1.445528e+03,hit,-51.936957,60.826713,1.632029,1.572030e+05,-2.882834e+05,-5.980692e+03
1238,1.446189e+03,miss,-1.233280,29.598082,74.313071,-3.666972e+04,-1.725060e+05,-2.771321e+05
1239,1.446290e+03,miss,-8.100179,19.055138,77.274115,4.427568e+04,3.365301e+03,-3.254859e+05
1240,1.446939e+03,miss,-3.625595,0.634919,79.915280,3.815212e+04,-7.816581e+04,-3.168528e+05
1241,1.449089e+03,miss,-14.632828,-32.426235,-71.654864,-2.182423e+04,1.415188e+05,2.960029e+05
1242,1.451526e+03,miss,16.784671,-64.757403,-43.872013,-1.215797e+05,2.229992e+05,2.092680e+05
1243,1.451708e+03,miss,31.222020,-4.213811,-73.535225,-6.105689e+04,6.315293e+04,3.171763e+05
1244,1.455554e+03,miss,-20.973370,53.942772,55.229477,1.420514e+04,-2.491453e+05,-2.152412e+05
1245,1.455928e+03,miss,16.243049,19.085725,75.973011,-2.946698e+04,-1.441014e+05,-2.949549e+05
1246,1.456396e+03,miss,-24.203134,37.290462,66.510373,5.033442e+04,-2.053827e+05,-2.528857e+05
1247,1.456681e+03,miss,-38.991232,53.670358,-44.712152,2.038791e+05,-1.580269e+05,2.053019e+05
1248,1.456775e+03,hit,77.749356,-4.966055,-18.176247,-3.137788e+05,2.215969e+04,9.872631e+04
1249,1.456966e+03,hit,8.553803,-4.956772,79.386793,-3.722141e+04,9.817529e+04,-3.125468e+05
1250,1.457813e+03,hit,41.801305,-68.185786,1.830146,-1.547851e+05,2.910574e+05,-9.982645e+03
1251,1.457894e+03,hit,-25.197247,70.963081,27.006294,9.923690e+04,-2.792590e+05,-1.447239e+05
1252,1.459116e+03,hit,23.410240,-65.503871,39.512069,-2.303166e+04,2.718989e+05,-1.855000e+05
1253,1.459584e+03,miss,52.745108,-28.161403,53.149684,-1.599463e+05,1.277079e+05,-2.588678e+05
1254,1.459768e+03,hit,-35.930474,65.170770,29.355949,7.136785e+04,-2.986722e+05,-1.209128e+05
1255,1.460338e+03,miss,37.364833,61.635241,-34.712625,-2.174172e+05,-2.075162e+05,1.364833e+05
1256,1.460807e+03,miss,31.313042,-5.494322,73.411891,-1.857342e+05,4.069606e+04,-2.698935e+05
1257,1.461002e+03,miss,-78.405152,15.490328,-3.561161,3.298798e+05,4.191900e+03,1.312300e+04
1258,1.461948e+03,miss,-9.482345,-71.428925,-34.756205,1.160280e+05,2.772622e+05,1.369095e+05
1259,1.462511e+03,miss,68.506741,-32.611222,-25.364041,-2.942055e+05,7.824367e+04,1.282344e+05
1260,1.462694e+03,miss,45.372059,24.761289,-61.059437,-2.343873e+05,-6.260760e+04,2.242311e+05
1261,1.462886e+03,miss,24.377198,12.636651,-75.140317,-2.043386e+04,-7.101856e+04,3.220091e+05
1262,1.463265e+03,miss,-13.868146,60.202396,-50.826628,-2.090850e+04,-2.612300e+05,2.012487e+05
1263,1.463538e+03,miss,-33.801367,3.309288,72.432839,1.593100e+05,-8.316326e+04,-2.773155e+05
1264,1.463918e+03,miss,1.063235,-9.955606,79.370999,6.448487e+04,-3.316109e+03,-3.241276e+05
1265,1.464958e+03,hit,-76.950351,-11.882618,18.369729,3.205312e+05,-3.230517e+04,-7.430865e+04
1266,1.465897e+03,miss,34.514897,20.125473,-69.308638,-1.050816e+05,-1.522057e+05,2.741660e+05
1267,1.466550e+03,miss,-13.240382,-11.383925,-78.071112,1.285424e+05,3.921102e+04,3.022644e+05
1268,1.466653e+03,miss,50.162047,31.610658,53.707871,-2.512106e+05,-8.304491e+04,-1.985669e+05
1269,1.467400e+03,miss,-9.228982,-11.913879,-78.567712,-2.381970e+04,-5.992758e+03,3.299766e+05
1270,1.470894e+03,miss,-4.532968,-18.001223,77.816503,4.588924e+04,1.394670e+05,-2.969708e+05
1271,1.471078e+03,miss,28.860650,-41.434643,-62.050248,-1.813944e+05,1.542456e+05,2.303620e+05
1272,1.471262e+03,miss,-15.993287,-35.484825,-69.893075,7.554013e+04,6.984348e+04,3.149470e+05
1273,1.475224e+03,hit,-57.968307,-55.131115,-0.485384,1.942185e+05,2.689753e+05,1.747168e+03
1274,1.475511e+03,miss,41.191636,-40.286849,55.499720,-1.678630e+05,1.026028e+05,-2.671848e+05
1275,1.477108e+03,miss,40.987522,-58.541786,-35.956672,-1.101295e+05,2.821602e+05,1.359018e+05
1276,1.477785e+03,miss,31.933509,0.018580,73.350192,-5.332227e+04,-1.757674e+02,-3.277490e+05
1277,1.478338e+03,miss,45.399977,32.824006,-57.108902,-1.611935e+05,-1.969177e+05,2.134105e+05
1278,1.481386e+03,miss,7.301471,35.162803,71.486123,-5.976756e+04,-7.191076e+04,-3.190424e+05
1279,1.481468e+03,hit,62.242742,-50.121460,-3.698696,-2.525320e+05,2.159011e+05,1.232055e+04
1280,1.482043e+03,miss,-17.513438,35.417820,69.561897,1.345948e+05,-1.591307e+05,-2.591178e+05
1281,1.483541e+03,miss,-51.563337,-22.843813,-56.739602,2.540763e+05,7.367435e+04,2.017659e+05
1282,1.484026e+03,miss,43.227102,-7.924108,-66.847783,-1.929639e+05,-4.568716e+04,2.672190e+05
1283,1.485061e+03,miss,52.388358,-49.123095,35.247432,-2.665727e+05,1.440158e+05,-1.378551e+05
1284,1.485349e+03,hit,-64.150337,47.589930,-4.464621,2.110012e+05,-2.568695e+05,1.798962e+04
1285,1.485546e+03,hit,56.231425,28.159134,49.447852,-2.644767e+05,-1.065071e+05,-1.719014e+05
1286,1.486594e+03,hit,72.270929,30.969436,14.758282,-3.169579e+05,-6.940904e+04,-7.510040e+04
1287,1.486870e+03,hit,34.290611,72.260370,-1.610256,-7.106413e+04,-3.253162e+05,7.730444e+03
1288,1.487067e+03,miss,72.541022,20.642920,26.677144,-3.073084e+05,-9.202073e+04,-8.971605e+04
1289,1.487437e+03,miss,8.772325,-6.261549,-79.270671,-7.884769e+04,-4.301344e+04,3.208049e+05
1290,1.489247e+03,hit,78.823282,-12.476147,-5.588915,-3.152947e+05,1.063576e+05,1.987980e+04
1291,1.489906e+03,miss,73.902928,11.560433,28.367475,-3.009902e+05,-1.017423e+05,-1.010963e+05
1292,1.490762e+03,miss,-6.933529,40.524042,68.627459,1.076462e+05,-1.472168e+05,-2.792319e+05
1293,1.490947e+03,miss,8.661030,-4.792010,-79.385283,-1.078634e+05,-1.127851e+04,3.154093e+05
1294,1.491421e+03,miss,16.846568,53.928499,-56.638416,-1.449169e+05,-1.991792e+05,2.249596e+05
1295,1.491902e+03,hit,-53.658830,-49.441918,32.805895,2.080232e+05,1.928156e+05,-1.756830e+05
1296,1.493027e+03,miss,-15.000696,63.348758,-46.496387,1.377745e+05,-2.423579e+05,1.835232e+05
1297,1.493048e+03,miss,-68.340810,-28.820026,-29.982324,2.697831e+05,1.657194e+05,1.056202e+05
1298,1.493315e+03,miss,53.550618,-0.495872,59.431351,-2.503596e+05,-4.506333e+04,-2.161269e+05
1299,1.493501e+03,miss,78.662575,1.567056,-14.482529,-3.290005e+05,2.725527e+04,4.950877e+04
1300,1.493975e+03,miss,5.068067,0.391045,-79.838348,6.117611e+04,4.192544e+03,3.281929e+05
1301,1.496172e+03,miss,49.929252,-13.713993,60.983573,-2.496671e+05,4.199142e+04,-2.180314e+05
1302,1.496275e+03,miss,18.778719,-2.189741,-77.733936,-1.024840e+05,8.244427e+04,3.071519e+05
1303,1.497129e+03,miss,27.759465,31.124523,68.269145,-1.757343e+05,-7.710723e+04,-2.736384e+05
1304,1.497604e+03,miss,54.938373,-58.113809,2.135497,-2.774633e+05,1.862496e+05,-8.161093e+03
1305,1.497988e+03,miss,-48.655885,14.852752,-61.741401,1.586067e+05,-9.757494e+03,2.941407e+05
1306,1.499019e+03,miss,7.129384,50.660646,61.503421,-1.079828e+05,-2.006280e+05,-2.448166e+05
1307,1.499123e+03,miss,21.507178,31.504056,-70.320237,-8.277367e+03,-1.225602e+05,3.110711e+05
1308,1.499990e+03,hit,-66.593765,42.758195,-11.705008,2.740809e+05,-1.877633e+05,3.929445e+04
1309,1.500456e+03,miss,70.470186,-23.471302,-29.716173,-3.140110e+05,3.521335e+04,1.100518e+05
1310,1.500465e+03,miss,7.409284,-77.291276,-19.265543,-1.125180e+05,3.046442e+05,8.053879e+04
1311,1.500836e+03,hit,-46.582790,56.109700,32.889895,1.220905e+05,-2.746613e+05,-1.470976e+05
1312,1.502646e+03,hit,-79.646119,1.371368,7.390197,3.241506e+05,-7.903635e+04,-2.823659e+04
1313,1.503122e+03,hit,51.636980,35.277525,-49.891066,-2.165395e+05,-8.052783e+04,2.424439e+05
1314,1.503308e+03,miss,79.475625,8.087122,4.268891,-3.211229e+05,-9.384908e+04,-1.547420e+04
1315,1.505313e+03,hit,54.353708,-54.853115,-20.900003,-1.686030e+05,2.708690e+05,1.025654e+05
1316,1.505893e+03,miss,5.632735,77.005447,-20.938801,-6.784919e+04,-3.199927e+05,7.321910e+04
1317,1.507714e+03,miss,-76.126186,-2.842531,24.427932,3.227931e+05,-3.150760e+04,-8.548489e+04
1318,1.507995e+03,miss,18.222646,-54.398732,-55.755835,-4.718025e+04,2.649016e+05,2.002947e+05
1319,1.508182e+03,miss,-8.223411,45.679282,-65.159640,7.809657e+04,-1.275642e+05,3.002649e+05
1320,1.509321e+03,miss,-20.453191,-36.121000,68.388159,1.045681e+05,7.389197e+04,-3.101954e+05
1321,1.509714e+03,hit,71.400587,-26.017846,-25.000559,-2.587839e+05,1.809127e+05,1.137828e+05
1322,1.510294e+03,hit,-43.318908,64.976439,-17.364751,1.188442e+05,-3.069763e+05,6.580238e+04
1323,1.511248e+03,miss,-36.833264,30.421858,64.170252,2.106732e+05,-1.082459e+05,-2.380317e+05
1324,1.512006e+03,miss,-31.672105,10.974361,72.639116,1.916466e+05,-1.667396e+04,-2.753354e+05
1325,1.512201e+03,miss,-3.323890,-2.039203,79.904902,-6.424302e+04,3.426663e+04,-3.279165e+05
1326,1.512284e+03,miss,45.981204,35.225338,-55.180652,-2.420384e+05,-9.283112e+04,2.136272e+05
1327,1.512960e+03,hit,1.573044,-78.766572,13.905132,7.713990e+04,3.216853e+05,-5.878137e+04
1328,1.513341e+03,miss,40.965223,-5.359342,-68.506408,-1.779711e+05,9.715499e+04,2.679606e+05
1329,1.515927e+03,miss,12.677764,-14.459995,-77.654252,-1.192965e+05,1.469111e+04,3.141036e+05
1330,1.518128e+03,miss,-51.241093,5.398780,61.198068,1.966820e+05,-1.035283e+05,-2.527269e+05
1331,1.520904e+03,miss,50.761182,44.944643,-42.465062,-2.442062e+05,-1.782922e+05,1.485100e+05
1332,1.521674e+03,miss,-29.351821,-51.444037,-53.777148,1.861353e+05,1.942999e+05,2.028264e+05
1333,1.523796e+03,miss,2.851941,5.974554,-79.725599,-4.956402e+04,4.892263e+04,3.299177e+05
1334,1.524358e+03,miss,-41.277031,-29.486152,-61.860921,2.032943e+05,4.480265e+04,2.653333e+05
1335,1.525807e+03,miss,15.882557,-6.983799,-78.095909,1.067770e+04,-4.138481e+03,3.372160e+05
1336,1.526190e+03,miss,-21.278725,-23.566656,73.429072,3.701591e+04,1.589276e+05,-2.953747e+05
1337,1.526482e+03,hit,45.529311,-49.227103,43.632261,-1.877750e+05,2.354454e+05,-1.523225e+05
1338,1.528119e+03,miss,-60.899688,-36.383993,-36.978818,2.926432e+05,9.206248e+04,1.410772e+05
1339,1.530037e+03,miss,-9.249689,-16.486305,77.734452,-4.329234e+04,4.963482e+04,-3.313964e+05
1340,1.530225e+03,miss,6.332650,10.147286,-79.100759,-9.188533e+04,-8.346379e+04,3.142711e+05
1341,1.533409e+03,hit,64.976458,39.295254,-25.178224,-2.798755e+05,-1.321557e+05,1.364463e+05
1342,1.533785e+03,hit,-27.873453,-74.536258,-8.210778,1.819911e+05,2.834537e+05,3.121331e+04
1343,1.535623e+03,miss,23.289619,36.482995,67.279898,-1.583944e+05,-9.475520e+04,-2.837444e+05
1344,1.536772e+03,hit,-74.215032,25.199416,16.034912,2.867528e+05,-1.594805e+05,-8.368233e+04
1345,1.538708e+03,miss,-4.886207,-8.345048,-79.413382,1.027687e+03,-4.693974e+04,3.355652e+05
1346,1.539093e+03,miss,19.342217,0.593373,77.624265,2.710132e+03,-7.882321e+03,-3.387737e+05
1347,1.539963e+03,miss,-68.843646,-23.707951,33.143407,3.121711e+05,2.809369e+04,-1.290812e+05
1348,1.540235e+03,hit,13.174030,-78.907138,0.329412,-1.357366e+05,3.106374e+05,-1.524751e+03
1349,1.540926e+03,miss,-0.276740,-23.827218,76.368757,-1.735910e+04,1.668717e+05,-2.946631e+05
1350,1.541210e+03,miss,27.713181,40.648732,63.084548,-1.441680e+05,-9.677529e+04,-2.912820e+05
1351,1.541504e+03,hit,-77.142057,21.170513,-0.955178,3.228371e+05,-1.038392e+05,3.251733e+03
1352,1.542467e+03,miss,2.678684,76.167668,-24.316888,5.588275e+04,-3.112669e+05,1.227959e+05
1353,1.542475e+03,hit,30.962001,-69.285275,25.316106,-6.073522e+04,3.091927e+05,-1.257002e+05
1354,1.542655e+03,miss,-32.726355,-68.548263,25.102217,8.928608e+04,2.990268e+05,-1.330932e+05
1355,1.543430e+03,miss,2.061632,-0.743649,79.969973,7.423478e+04,4.066556e+02,-3.311340e+05
1356,1.544687e+03,hit,-58.604140,54.240024,-4.855373,2.687414e+05,-2.056833e+05,2.696127e+04
1357,1.545944e+03,miss,-23.628949,18.338809,-74.198119,1.605449e+05,-2.733613e+04,2.980375e+05
1358,1.546343e+03,miss,23.301312,44.538803,-62.236194,-8.955963e+04,-1.228108e+05,3.037673e+05
1359,1.546615e+03,miss,-0.818307,-1.117269,79.988012,4.547878e+04,7.500644e+04,-3.281830e+05
1360,1.546636e+03,miss,1.572344,-3.033223,79.927012,7.114550e+04,4.043557e+04,-3.297017e+05
1361,1.547118e+03,miss,-19.473936,-39.838019,66.586020,2.302727e+04,1.240493e+05,-3.154638e+05
1362,1.548368e+03,miss,-61.356448,-7.360476,50.805607,2.819891e+05,-2.299082e+04,-1.883686e+05
1363,1.549334e+03,miss,0.812179,2.059359,79.969365,7.717227e+04,-2.665176e+04,-3.300535e+05
1364,1.550014e+03,miss,-66.754335,40.649769,17.072054,3.183399e+05,-9.534339e+04,-7.225834e+04
1365,1.551076e+03,miss,-31.371757,-10.758140,-72.801616,1.881455e+05,6.949770e+04,2.747772e+05
1366,1.551160e+03,hit,13.952182,-78.574096,5.607858,-8.413529e+04,3.281352e+05,-3.140006e+04
1367,1.551958e+03,miss,2.186289,-11.138005,-79.190688,9.879762e+03,-3.566515e+04,3.382712e+05
1368,1.552042e+03,miss,-1.377185,28.029326,-74.916355,-6.399423e+04,-7.020109e+04,3.267718e+05
1369,1.553008e+03,hit,-11.242430,-1.145505,-79.197826,7.921678e+04,-6.995008e+04,3.235847e+05
1370,1.553399e+03,miss,56.858174,52.195782,21.041587,-2.363796e+05,-2.341183e+05,-7.223476e+04
1371,1.553407e+03,hit,-75.428295,23.235787,-13.064093,3.244416e+05,-7.305114e+04,7.284434e+04
1372,1.553882e+03,miss,-0.037019,0.438845,79.998788,7.039917e+04,4.170146e+04,-3.305231e+05
1373,1.553891e+03,miss,-26.595986,-56.324813,-50.201284,3.856748e+04,2.362464e+05,2.421598e+05
1374,1.554374e+03,miss,9.900739,36.793536,-70.343522,-1.045025e+05,-1.794561e+05,2.699111e+05
1375,1.555543e+03,miss,-13.252336,-25.545367,-74.644557,-5.857335e+03,5.329839e+04,3.364364e+05
1376,1.556595e+03,miss,8.429390,-1.517225,79.540200,-9.455601e+04,-4.859115e+04,-3.237916e+05
1377,1.557773e+03,miss,-16.707587,-74.151289,-24.948805,-6.949847e+03,3.260507e+05,9.936558e+04
1378,1.557857e+03,miss,-14.927048,-66.345907,42.135542,-8.941879e+03,2.985487e+05,-1.643954e+05
1379,1.558635e+03,miss,-13.190688,69.874003,36.655551,-2.763478e+04,-3.034602e+05,-1.531126e+05
1380,1.559120e+03,miss,-8.238524,-42.779633,-67.097166,-3.767229e+04,1.438249e+05,3.069634e+05
1381,1.560004e+03,miss,-26.471577,27.308976,70.380931,1.013219e+05,-1.817400e+05,-2.703734e+05
1382,1.561554e+03,miss,-70.555120,-9.430157,36.510918,2.744686e+05,4.418619e+04,-1.980595e+05
1383,1.564378e+03,miss,33.448543,53.592045,49.082458,-7.102346e+04,-2.317741e+05,-2.407492e+05
1384,1.564665e+03,miss,-46.579823,-32.172196,56.526719,1.854655e+05,1.941606e+05,-2.113040e+05
1385,1.565728e+03,miss,-1.540630,2.781194,-79.936796,-7.160992e+04,-3.995840e+04,3.318129e+05
1386,1.565931e+03,miss,25.417791,-61.642375,-44.205808,-1.793266e+05,2.148133e+05,1.963079e+05
1387,1.567100e+03,miss,-42.987120,-65.620759,15.685134,1.514673e+05,3.015506e+05,-5.524200e+04
1388,1.567978e+03,miss,-78.580937,4.864885,14.190464,3.384007e+05,-9.991390e+03,-4.875935e+04
1389,1.568084e+03,miss,0.167334,-5.807137,79.788778,5.573915e+03,1.050339e+05,-3.254796e+05
1390,1.569541e+03,miss,6.147451,26.641630,-75.182660,5.269176e+04,-8.024409e+04,3.284712e+05
1391,1.569836e+03,hit,-51.156673,61.447970,-2.672429,1.463870e+05,-3.091407e+05,1.156859e+04
1392,1.570998e+03,miss,1.085013,-22.338831,76.810151,6.312164e+04,4.274555e+04,-3.337756e+05
1393,1.571379e+03,miss,-8.647034,46.983394,64.170004,5.506173e+03,-1.387646e+05,-3.129858e+05
1394,1.571484e+03,miss,-45.843218,54.272718,36.781400,1.301486e+05,-2.792640e+05,-1.494218e+05
1395,1.572554e+03,miss,63.379617,31.742126,37.087215,-2.290828e+05,-1.628829e+05,-1.957651e+05
1396,1.576256e+03,miss,6.294174,-5.125764,79.587122,-7.766973e+04,8.324828e+04,-3.234920e+05
1397,1.577145e+03,miss,-24.766812,29.019113,-70.317111,1.650518e+05,-1.377670e+05,2.673097e+05
1398,1.577433e+03,hit,56.967060,54.870828,-11.997763,-2.923228e+05,-1.699624e+05,5.794808e+04
1399,1.578310e+03,hit,56.070346,56.967981,-3.281072,-2.095433e+05,-2.711523e+05,1.819964e+04
1400,1.582328e+03,miss,-56.385716,-45.982260,33.260831,1.809683e+05,2.562219e+05,-1.402277e+05
1401,1.584187e+03,miss,2.018111,-8.573337,-79.513679,-6.749171e+04,-2.438020e+04,3.362323e+05
1402,1.584271e+03,miss,9.021365,60.880953,51.108948,-5.869162e+04,-2.120366e+05,-2.642041e+05
1403,1.585354e+03,miss,-46.972609,49.610500,-41.621776,2.101340e+05,-2.293901e+05,1.466719e+05
1404,1.586734e+03,miss,-16.049770,-7.613969,-78.002772,-1.247764e+04,6.107939e+04,3.383864e+05
1405,1.587010e+03,miss,-44.094101,44.350389,-49.887406,1.386643e+05,-1.790564e+05,2.590818e+05
1406,1.588688e+03,miss,56.470342,37.635977,-42.363117,-2.197642e+05,-2.133090e+05,1.572912e+05
1407,1.590155e+03,miss,-6.558172,26.191285,-75.306089,1.075257e+05,-8.443383e+04,3.161584e+05
1408,1.591431e+03,miss,34.300937,63.566165,-34.391692,-1.011944e+05,-3.039505e+05,1.269488e+05
1409,1.591529e+03,miss,3.270444,19.763869,77.451234,-4.013809e+04,-1.524890e+05,-3.064074e+05
1410,1.593592e+03,miss,-5.767250,-61.483126,-50.858274,3.864916e+04,2.167895e+05,2.653527e+05
1411,1.594167e+03,miss,-41.097028,-31.006544,-61.234210,1.596355e+05,1.956505e+05,2.349122e+05
1412,1.594188e+03,miss,-35.867131,29.485304,65.147262,2.142314e+05,-9.904586e+04,-2.514811e+05
1413,1.595359e+03,miss,-51.850351,59.793678,-11.672924,2.002302e+05,-2.779595e+05,4.100827e+04
1414,1.595841e+03,miss,42.328337,38.526509,-55.892934,-1.118114e+05,-1.737961e+05,2.763410e+05
1415,1.595849e+03,miss,-44.259444,66.599084,-2.379846,2.541312e+05,-2.332217e+05,9.838555e+03
1416,1.597033e+03,miss,-20.414702,1.129785,77.343154,7.289789e+03,-3.563658e+04,-3.432741e+05
1417,1.598589e+03,miss,-77.707063,11.271581,-15.315476,3.335773e+05,-7.167555e+04,5.352640e+04
1418,1.600956e+03,miss,-33.970905,51.962933,50.456231,9.869735e+04,-2.689618e+05,-1.933165e+05
1419,1.602740e+03,miss,26.677350,-22.806846,-71.889963,-3.127563e+04,9.512637e+04,3.309967e+05
1420,1.604704e+03,miss,37.091615,11.675200,69.913531,-1.296354e+05,-1.289060e+05,-2.937864e+05
1421,1.604982e+03,miss,6.114772,-5.063393,-79.605098,-1.070133e+05,2.990518e+04,3.277302e+05
1422,1.605003e+03,miss,51.734793,-56.583249,-22.843972,-1.900829e+05,2.771069e+05,8.267479e+04
1423,1.605089e+03,miss,14.684836,-78.056203,9.569994,-9.187413e+04,3.319475e+05,-3.363409e+04
1424,1.606670e+03,hit,-77.241508,17.337858,11.538986,3.072424e+05,-1.524660e+05,-4.728034e+04
1425,1.608157e+03,miss,-25.988810,-69.465092,-29.986377,9.185093e+04,3.166815e+05,1.061435e+05
1426,1.608350e+03,miss,75.218372,19.113309,-19.413345,-2.937390e+05,-1.571393e+05,9.502230e+04
1427,1.608842e+03,miss,-12.452808,-60.182664,51.214983,4.821087e+04,2.126671e+05,-2.692391e+05
1428,1.609141e+03,miss,44.576315,-66.327111,-3.696816,-2.588038e+05,2.298036e+05,1.656965e+04
1429,1.609226e+03,hit,-8.401148,-6.509552,-79.290898,7.726567e+04,-4.585837e+04,3.346596e+05
1430,1.609740e+03,miss,-23.236292,-1.269339,76.540600,1.345100e+05,7.551841e+04,-3.103423e+05
1431,1.611109e+03,miss,12.707519,-1.513193,78.969799,1.904598e+04,5.151755e+04,-3.423356e+05
1432,1.611409e+03,miss,-39.923145,-45.410918,-52.383118,1.789975e+05,2.283863e+05,1.898221e+05
1433,1.611700e+03,miss,-44.121049,66.473820,5.879146,1.725279e+05,-3.001094e+05,-2.056708e+04
1434,1.612286e+03,miss,59.180513,-4.880957,53.608237,-2.626110e+05,-5.892603e+04,-2.187726e+05
1435,1.612500e+03,miss,-5.004818,-0.461173,-79.841963,-6.193245e+04,2.055590e+04,3.406701e+05
1436,1.613485e+03,miss,-13.529113,-10.985099,78.078747,1.066529e+05,-2.194406e+04,-3.294410e+05
1437,1.614269e+03,hit,-59.386055,-19.517967,-49.923396,2.304681e+05,3.089216e+04,2.576362e+05
1438,1.614663e+03,miss,-11.508603,57.918211,53.972520,-3.403046e+04,-2.377290e+05,-2.506043e+05
1439,1.614762e+03,miss,25.334887,-23.075926,-72.288624,-1.669833e+05,3.958957e+04,3.017155e+05
1440,1.615469e+03,miss,-51.060514,61.082885,-7.855262,2.754057e+05,-2.077013e+05,3.933987e+04
1441,1.615962e+03,miss,-5.240649,4.832694,-79.681746,-6.013400e+04,2.515010e+03,3.419797e+05
1442,1.616047e+03,miss,-61.023937,33.335912,-39.557503,2.473695e+05,-1.136626e+05,2.155645e+05
1443,1.616433e+03,miss,0.816844,-41.773577,68.222438,-1.388895e+04,1.059698e+05,-3.304319e+05
1444,1.616926e+03,hit,-16.346737,-78.151450,-5.013482,2.599330e+04,3.452354e+05,2.795281e+04
1445,1.617132e+03,miss,2.534217,-0.195107,-79.959613,7.129532e+04,2.245341e+04,3.392237e+05
1446,1.617634e+03,miss,45.743498,21.217786,62.107471,-1.540050e+05,-3.858789e+04,-3.090158e+05
1447,1.617720e+03,miss,-11.966922,-35.008211,-70.931079,9.468530e+04,1.937850e+05,2.723706e+05
1448,1.617926e+03,miss,-55.494731,-38.776712,-42.622781,2.833863e+05,9.850625e+04,1.752363e+05
1449,1.618427e+03,miss,-42.916395,23.782824,63.186710,2.328703e+05,-1.048631e+05,-2.356515e+05
1450,1.619221e+03,miss,13.411043,-13.545142,77.696030,-1.357425e+05,4.868882e+04,-3.162580e+05
1451,1.621195e+03,miss,-8.938764,-1.202332,79.489955,1.187842e+05,-1.057446e+03,-3.268826e+05
1452,1.621702e+03,miss,69.368461,11.605461,38.122564,-2.996110e+05,-1.052391e+05,-1.419817e+05
1453,1.622668e+03,hit,72.007872,-2.515998,-34.764006,-2.882205e+05,4.797812e+04,1.889444e+05
1454,1.623377e+03,miss,4.931887,-1.387525,79.835777,1.370116e+04,8.308307e+04,-3.376911e+05
1455,1.623871e+03,miss,12.361279,72.696511,-31.022830,-5.149622e+03,-3.288216e+05,1.140723e+05
1456,1.623957e+03,miss,74.242941,-24.214848,-17.367407,-3.227206e+05,1.154402e+05,6.077884e+04
1457,1.624365e+03,miss,15.748141,-24.713996,-74.439334,-9.898682e+04,1.647223e+05,2.902890e+05
1458,1.625259e+03,hit,20.237551,-68.825021,-35.405622,-1.162947e+03,3.088403e+05,1.608806e+05
1459,1.625848e+03,miss,0.648238,7.285719,79.664911,2.207151e+04,-1.092365e+05,-3.299855e+05
1460,1.626141e+03,miss,-11.269815,25.300282,75.052562,-1.821149e+04,-1.562415e+05,-3.107877e+05
1461,1.626442e+03,miss,17.255423,-1.660947,-78.099242,-1.630836e+04,7.152544e+04,3.405475e+05
1462,1.627345e+03,hit,-14.876426,-75.652082,-21.341378,1.370944e+05,3.017813e+05,1.074945e+05
1463,1.628829e+03,miss,-33.919698,11.018403,71.610397,1.934685e+05,1.357730e+04,-2.896864e+05
1464,1.629410e+03,miss,-8.660267,-46.696771,64.377103,1.136922e+05,2.038892e+05,-2.589966e+05
1465,1.629432e+03,hit,-17.961552,70.317526,33.657514,-8.927964e+03,-3.151508e+05,-1.489222e+05
1466,1.632101e+03,miss,2.537455,-23.996309,76.274101,2.573187e+04,1.674716e+05,-3.050703e+05
1467,1.632308e+03,miss,22.555186,-4.136566,-76.643019,-8.362093e+04,1.010517e+05,3.234011e+05
1468,1.632588e+03,hit,-68.955989,-27.160019,-30.123163,3.139107e+05,3.814602e+04,1.477093e+05
1469,1.632696e+03,hit,42.512904,64.525691,-20.714445,-2.359695e+05,-2.333468e+05,1.081147e+05
1470,1.636878e+03,miss,57.897778,-54.673726,7.657087,-2.968365e+05,1.801123e+05,-3.975933e+04
1471,1.637969e+03,miss,-33.844719,-24.396547,68.259384,6.767563e+04,1.016978e+05,-3.275548e+05
1472,1.638854e+03,miss,-0.399116,26.658414,75.426585,-6.493921e+04,-5.961496e+04,-3.383926e+05
1473,1.639847e+03,miss,-0.209020,6.629461,79.724567,-5.857119e+04,3.371762e+04,-3.432015e+05
1474,1.640948e+03,miss,-68.165886,36.271241,-20.923887,3.262746e+05,-7.760962e+04,9.979230e+04
1475,1.641553e+03,miss,33.315690,-29.794502,-66.350226,-7.675143e+04,1.007731e+05,3.262453e+05
1476,1.642344e+03,hit,79.502263,8.408941,2.946167,-3.465470e+05,4.788070e+04,-1.239313e+04
1477,1.642646e+03,hit,45.224075,51.374712,41.417654,-2.341137e+05,-1.573639e+05,-2.073426e+05
1478,1.643251e+03,hit,-76.485252,-5.916209,22.693716,3.260595e+05,-1.328704e+04,-1.269541e+05
1479,1.643952e+03,miss,31.855855,-57.360100,-45.771426,-1.762659e+05,1.918975e+05,2.340227e+05
1480,1.645046e+03,miss,39.922571,22.516552,65.568233,-2.303310e+05,-6.427747e+04,-2.560442e+05
1481,1.645154e+03,hit,-16.620480,-59.583548,50.730271,1.032729e+05,2.783600e+05,-1.860136e+05
1482,1.645435e+03,hit,72.238190,-33.858087,-5.939175,-3.340347e+05,1.004927e+05,3.307057e+04
1483,1.646841e+03,hit,-8.680022,5.694078,79.323607,-3.272717e+03,-9.886325e+04,-3.362914e+05
1484,1.646927e+03,miss,-25.585740,-46.755093,-59.660131,9.765528e+04,1.423551e+05,3.050925e+05
1485,1.647036e+03,miss,-27.026437,53.378504,53.106563,3.243290e+04,-2.520895e+05,-2.414333e+05
1486,1.649429e+03,miss,58.926834,31.274028,44.153860,-1.988859e+05,-1.971000e+05,-2.113425e+05
1487,1.649538e+03,miss,49.624290,-8.375035,-62.187528,-1.495839e+05,5.010441e+04,3.133560e+05
1488,1.651119e+03,miss,19.335318,16.774816,-75.794136,-4.890024e+04,5.722820e+03,3.475223e+05
1489,1.652636e+03,miss,62.388612,-4.061965,-49.911537,-3.001631e+05,1.118825e+04,1.818950e+05
1490,1.652744e+03,miss,-79.845630,2.729204,4.150525,3.495094e+05,3.056006e+04,-1.504177e+04
1491,1.653524e+03,miss,60.867147,23.518356,-46.282581,-2.411633e+05,-1.748929e+05,1.860858e+05
1492,1.653928e+03,miss,-10.422354,-68.142814,40.594722,1.276204e+05,2.792358e+05,-1.707211e+05
1493,1.654730e+03,miss,-11.118699,-11.000337,78.456148,7.910544e+04,1.195238e+05,-3.208139e+05
1494,1.655923e+03,miss,-18.429511,-72.422744,28.553446,-3.952936e+03,3.297827e+05,-1.215808e+05
1495,1.656834e+03,miss,3.250492,6.093929,79.701307,-1.692975e+04,6.031861e+04,-3.459729e+05
1496,1.657724e+03,miss,-23.720525,33.631216,68.602318,1.077319e+05,-6.541529e+04,-3.283341e+05
1497,1.658223e+03,miss,67.761084,11.776476,-40.862576,-2.605262e+05,-1.239237e+05,2.012333e+05
1498,1.659743e+03,miss,30.987464,4.778093,-73.599911,-1.786676e+05,-7.658877e+04,2.933450e+05
1499,1.660047e+03,miss,-21.889462,67.557859,-36.834592,1.591127e+05,-2.527540e+05,1.861733e+05
1500,1.660243e+03,miss,-45.243708,-15.548953,64.118928,2.215483e+05,-1.393604e+04,-2.731275e+05
1501,1.660438e+03,miss,-58.132264,-41.198714,-36.377271,2.880564e+05,1.514185e+05,1.341157e+05
1502,1.660938e+03,miss,-34.717085,-18.360619,-69.696569,8.359029e+04,1.357785e+05,3.138555e+05
1503,1.662342e+03,miss,3.032393,-25.117490,75.894112,7.319044e+04,9.936081e+04,-3.298541e+05
1504,1.663255e+03,miss,36.020634,6.585571,-71.127661,-1.193521e+05,-1.078621e+05,3.134041e+05
1505,1.664256e+03,miss,-28.081241,48.666848,-56.947184,1.627432e+05,-2.290196e+05,2.126984e+05
1506,1.664538e+03,hit,77.094246,-8.396488,-19.646278,-3.328251e+05,2.305129e+04,1.135478e+05
1507,1.664647e+03,miss,-69.389470,18.357673,-35.328420,2.883684e+05,-4.897938e+04,1.965955e+05
1508,1.666148e+03,miss,56.918233,34.465881,44.411910,-2.437651e+05,-1.943595e+05,-1.646818e+05
1509,1.667163e+03,miss,53.007629,-3.462353,-59.818086,-2.421204e+05,8.894793e+04,2.405386e+05
1510,1.667250e+03,miss,-54.155734,-58.359292,7.832587,1.718994e+05,3.054700e+05,-3.921751e+04
1511,1.667358e+03,miss,41.237986,-67.971359,-8.906336,-2.473217e+05,2.475682e+05,4.415187e+04
1512,1.669362e+03,hit,8.155349,9.298166,-79.038183,-8.494289e+04,3.043248e+04,3.411971e+05
1513,1.669580e+03,miss,78.286444,-5.702128,-15.450516,-3.481389e+05,-1.471714e+04,5.617734e+04
1514,1.671388e+03,miss,73.404127,0.861687,31.797666,-3.337352e+05,-1.752567e+04,-1.141130e+05
1515,1.671475e+03,miss,-62.823378,-13.315899,-47.706499,3.025646e+05,5.267196e+04,1.743415e+05
1516,1.672173e+03,miss,-34.782944,-50.945929,-50.937797,1.627817e+05,2.515745e+05,1.870268e+05
1517,1.672884e+03,hit,19.723881,-0.966182,-77.524416,-1.569421e+05,3.056520e+04,3.150470e+05
1518,1.673582e+03,miss,-51.970446,38.045058,47.451516,2.046595e+05,-2.229693e+05,-1.824032e+05
1519,1.674092e+03,hit,-2.598126,-77.575683,-19.371711,6.299914e+04,3.307305e+05,1.075095e+05
1520,1.674192e+03,miss,1.768047,2.011867,79.955152,-9.051433e+04,-2.777218e+04,-3.405190e+05
1521,1.674389e+03,miss,44.591564,12.935665,-65.147993,-2.444738e+05,-6.188388e+04,2.476589e+05
1522,1.674703e+03,miss,33.088068,-8.534735,72.334902,-1.590315e+05,-4.790644e+04,-3.120407e+05
1523,1.675502e+03,hit,-12.997107,-6.104106,78.700795,6.287602e+04,-6.027827e+04,-3.426779e+05
1524,1.675707e+03,miss,57.830036,19.810754,51.606404,-2.385720e+05,-1.592276e+05,-2.067856e+05
1525,1.676396e+03,miss,37.258507,15.446052,-69.088517,-8.707004e+04,-5.369919e+04,3.385513e+05
1526,1.677204e+03,miss,1.160601,-10.545129,79.293463,-2.845303e+03,-4.185389e+04,-3.512580e+05
1527,1.677619e+03,miss,66.447433,42.891732,-12.043175,-2.534483e+05,-2.424473e+05,4.643582e+04
1528,1.677816e+03,miss,77.997960,-17.619090,2.426087,-3.531397e+05,1.991140e+04,-9.139393e+03
1529,1.678318e+03,miss,-3.966818,-3.517257,-79.824140,-4.084512e+04,7.850325e+04,3.426282e+05
1530,1.679926e+03,miss,-48.304166,-56.539087,29.496427,2.200107e+05,2.564824e+05,-1.056277e+05
1531,1.681959e+03,miss,-61.233980,-10.815868,-50.333058,2.263591e+05,1.182180e+05,2.455257e+05
1532,1.682265e+03,miss,43.661504,31.996512,-58.905826,-2.449264e+05,-8.114097e+04,2.427897e+05
1533,1.683052e+03,miss,-50.547040,-55.688623,-27.272222,1.504651e+05,2.925513e+05,1.317282e+05
1534,1.683249e+03,miss,4.635669,-1.271937,-79.855449,-1.031119e+05,-1.017978e+04,3.389061e+05
1535,1.684583e+03,miss,11.198869,13.475869,78.057583,-3.492767e+04,2.804645e+04,-3.516903e+05
1536,1.686501e+03,hit,-50.810157,59.035258,18.252844,1.707094e+05,-2.946990e+05,-9.922944e+04
1537,1.687508e+03,miss,33.300719,-23.807555,68.733270,-6.650661e+04,9.752165e+04,-3.346300e+05
1538,1.687705e+03,miss,-6.173764,-1.953755,79.737491,9.622650e+04,-4.010026e+04,-3.392020e+05
1539,1.688099e+03,miss,66.623940,29.905726,32.663408,-3.174381e+05,-1.041240e+05,-1.197758e+05
1540,1.688297e+03,miss,8.223870,12.611139,-78.570523,-1.310592e+04,3.000620e+04,3.534085e+05
1541,1.691246e+03,hit,-7.651078,26.603533,-75.058064,3.038452e+04,-1.866949e+05,3.006852e+05
1542,1.691641e+03,miss,18.665679,-3.988757,-77.689653,-5.860139e+04,1.007708e+05,3.356045e+05
1543,1.692145e+03,miss,3.404266,-5.901548,-79.709364,-9.952538e+04,3.114400e+04,3.396787e+05
1544,1.693470e+03,miss,66.458560,38.547080,-22.302073,-2.409896e+05,-2.417138e+05,9.926808e+04
1545,1.695503e+03,miss,23.073603,-28.624191,71.051140,-1.533385e+04,1.459743e+05,-3.239811e+05
1546,1.696293e+03,miss,-36.062375,38.463520,-60.166957,2.195387e+05,-1.511786e+05,2.356143e+05
1547,1.696701e+03,miss,21.434680,-14.040700,-75.785310,-3.669923e+04,1.273532e+05,3.301986e+05
1548,1.697523e+03,miss,-43.761917,49.905199,-44.658322,2.523166e+05,-1.545125e+05,1.977886e+05
1549,1.698525e+03,miss,4.766575,54.025161,-58.809538,-4.900143e+04,-1.787597e+05,3.039353e+05
1550,1.701074e+03,miss,48.725173,-45.102917,44.627171,-2.379055e+05,2.086652e+05,-1.636549e+05
1551,1.701272e+03,hit,-60.637311,-17.915054,-49.011911,2.496996e+05,1.164377e+04,2.538747e+05
1552,1.702988e+03,miss,-74.533783,12.579522,-26.200587,3.195152e+05,-1.208096e+05,1.018869e+05
1553,1.703903e+03,miss,78.197279,-15.175563,-7.408638,-3.425430e+05,9.529645e+04,2.677731e+04
1554,1.704101e+03,miss,79.829787,-2.640970,4.497820,-3.477934e+05,-7.615125e+04,-1.974105e+04
1555,1.704308e+03,miss,-76.220401,18.969484,-15.185822,3.508697e+05,-1.777240e+03,6.365271e+04
1556,1.705730e+03,miss,-73.219979,-15.317752,-28.358440,2.978830e+05,1.197709e+05,1.555349e+05
1557,1.706347e+03,hit,54.048443,44.420971,38.801328,-2.616479e+05,-1.310088e+05,-2.041901e+05
1558,1.706655e+03,hit,64.788665,-46.917065,-1.103559,-2.280155e+05,2.744524e+05,4.927275e+03
1559,1.707250e+03,miss,12.445556,66.437028,-42.792867,3.089923e+04,-3.038336e+05,1.847005e+05
1560,1.709387e+03,miss,-2.118758,-32.380319,-73.123360,-5.966373e+04,8.883518e+04,3.407226e+05
1561,1.709696e+03,miss,-65.465745,-3.932168,45.812381,2.993849e+05,7.880286e+04,-1.781155e+05
1562,1.711937e+03,miss,-1.554505,-7.819667,79.601736,4.018717e+04,-4.734079e+04,-3.519622e+05
1563,1.712245e+03,hit,-12.466175,77.200889,16.870604,-2.108501e+04,-3.502177e+05,-6.826104e+04
1564,1.712554e+03,miss,33.007913,-4.666467,72.723461,-6.321104e+04,3.279337e+04,-3.502979e+05
1565,1.713260e+03,hit,77.490417,-12.027063,15.829879,-3.395248e+05,6.191238e+04,-9.339196e+04
1566,1.713371e+03,hit,-50.071310,-62.089317,-6.146588,1.821528e+05,3.056683e+05,3.503948e+04
1567,1.713569e+03,miss,-17.381136,27.456898,-73.102769,4.267683e+04,-1.896538e+05,3.001091e+05
1568,1.713856e+03,miss,63.086712,28.970984,-39.758633,-2.270928e+05,-1.925830e+05,1.980338e+05
1569,1.715092e+03,miss,79.265319,8.859582,-6.206210,-3.518732e+05,-6.044800e+04,2.236733e+04
1570,1.715393e+03,miss,-2.802978,69.896320,-38.815561,6.497203e+04,-3.193006e+05,1.477065e+05
1571,1.715591e+03,hit,71.781893,14.746722,32.091962,-3.273627e+05,2.291802e+04,-1.425296e+05
1572,1.715909e+03,miss,-17.852719,5.161880,77.811538,1.562394e+05,-1.630128e+04,-3.214864e+05
1573,1.716417e+03,miss,20.120166,56.991909,-52.412796,-7.590779e+04,-2.050564e+05,2.832980e+05
1574,1.718552e+03,miss,-42.456762,-65.377016,17.979689,1.210048e+05,3.289765e+05,-7.320806e+04
1575,1.720798e+03,miss,-52.475164,18.803704,57.382732,2.424383e+05,-1.407825e+05,-2.231563e+05
1576,1.721094e+03,miss,-41.032629,-66.401515,17.526041,1.763956e+05,3.054711e+05,-6.315719e+04
1577,1.722435e+03,miss,27.312524,6.399231,74.920464,-4.242028e+04,-6.834909e+04,-3.493505e+05
1578,1.724073e+03,miss,-68.337152,-9.916014,-40.394385,3.016247e+05,1.109820e+05,1.591999e+05
1579,1.724383e+03,miss,11.186146,-0.541450,79.212227,-4.697392e+04,-8.481540e+04,-3.453433e+05
1580,1.725091e+03,miss,-22.673871,-20.659598,-73.885564,1.351922e+05,9.338851e+03,3.321911e+05
1581,1.725490e+03,miss,21.006289,33.869072,69.365855,-1.621519e+05,-9.518884e+04,-3.055988e+05
1582,1.726110e+03,hit,-42.820294,67.545778,-1.997584,2.277180e+05,-2.772738e+05,7.402579e+03
1583,1.727328e+03,miss,-29.253783,-72.476296,-17.070520,1.108021e+05,3.357966e+05,6.201198e+04
1584,1.727638e+03,miss,-26.370379,-39.279977,-64.511135,1.903431e+05,1.458162e+05,2.672307e+05
1585,1.728148e+03,hit,-32.185485,72.088416,-12.936568,6.291721e+04,-3.474423e+05,6.533309e+04
1586,1.728458e+03,miss,-13.296648,50.393943,-60.693078,-2.853360e+04,-2.368585e+05,2.684217e+05
1587,1.728760e+03,hit,-25.717730,-60.734577,45.275927,1.830474e+05,2.171430e+05,-2.198440e+05
1588,1.729891e+03,hit,41.337451,66.014226,-18.257522,-2.455831e+05,-2.443370e+05,9.519215e+04
1589,1.730711e+03,miss,41.493062,53.735315,42.318339,-1.433057e+05,-2.304661e+05,-2.355489e+05
1590,1.731000e+03,miss,-78.154860,-14.548812,-8.952646,3.232587e+05,1.515088e+05,4.128926e+04
1591,1.732331e+03,miss,-39.749118,-58.875339,-36.792690,9.597724e+04,3.012137e+05,1.712130e+05
1592,1.732752e+03,hit,-73.191627,-23.063576,22.606576,3.430652e+05,1.448802e+04,-1.066913e+05
1593,1.733174e+03,miss,-7.193740,-66.118884,-44.458332,3.020120e+04,3.183931e+05,1.644137e+05
1594,1.733973e+03,miss,-77.479665,0.360823,19.919120,3.421189e+05,7.574135e+04,-8.121362e+04
1595,1.734075e+03,miss,-25.953200,-59.460283,-46.807116,2.990186e+04,2.765438e+05,2.280676e+05
1596,1.734084e+03,miss,-2.742339,-79.754747,-5.626713,1.288644e+03,3.591280e+05,2.028580e+04
1597,1.735208e+03,miss,-12.174510,-0.666769,79.065395,4.766491e+04,9.003262e+04,-3.450972e+05
1598,1.735319e+03,miss,-32.979440,72.019002,11.208029,2.187089e+05,-2.798706e+05,-5.759410e+04
1599,1.735719e+03,miss,-15.928165,-68.355292,38.390723,-1.685497e+04,3.076611e+05,-1.859262e+05
1600,1.735727e+03,miss,46.442940,37.791095,-53.055504,-1.337642e+05,-2.002253e+05,2.674427e+05
1601,1.736141e+03,miss,-6.887600,-53.350178,59.214183,-3.045933e+04,2.689553e+05,-2.372231e+05
1602,1.736429e+03,miss,-79.489544,3.552150,8.294250,3.582229e+05,-1.855758e+04,-2.988357e+04
1603,1.736652e+03,miss,-9.293705,14.201304,78.178961,8.263420e+04,1.600592e+04,-3.499900e+05
1604,1.736740e+03,miss,45.000256,-22.800173,-62.089686,-1.269782e+05,1.380218e+05,3.072634e+05
1605,1.736852e+03,miss,-10.592529,8.230105,-78.867381,1.074227e+05,2.571613e+04,3.426246e+05
1606,1.736940e+03,miss,76.579266,3.323529,22.903496,-3.452574e+05,4.931515e+04,-8.924423e+04
1607,1.737563e+03,miss,-7.835197,-24.339782,75.803593,-2.824411e+04,1.612107e+05,-3.207164e+05
1608,1.737985e+03,miss,54.111579,57.343412,-13.552493,-2.309568e+05,-2.718778e+05,4.917815e+04
1609,1.738274e+03,hit,76.604849,21.352082,8.705500,-3.576056e+05,-2.472365e+04,-3.472252e+04
1610,1.738296e+03,miss,-32.583056,19.196232,70.497157,1.624369e+05,-1.513066e+05,-2.835858e+05
1611,1.739319e+03,miss,-17.084790,62.781561,-46.546595,6.746670e+04,-3.084311e+05,1.734795e+05
1612,1.740542e+03,miss,-0.282224,-24.068148,-76.293149,-4.589141e+04,3.180402e+04,3.560202e+05
1613,1.741868e+03,miss,38.844224,50.860372,-48.003633,-1.432328e+05,-2.738003e+05,1.857003e+05
1614,1.743092e+03,miss,-23.758544,-2.098767,76.361815,1.316039e+05,-7.165946e+04,-3.280297e+05
1615,1.743826e+03,miss,-35.859221,-69.376764,-17.348801,2.077934e+05,2.874149e+05,6.578377e+04
1616,1.744641e+03,miss,-5.708495,-5.439405,-79.610464,2.168466e+04,-6.471952e+04,3.542809e+05
1617,1.744650e+03,miss,0.965675,-5.907152,-79.775767,-8.848985e+04,1.602998e+03,3.497734e+05
1618,1.744962e+03,hit,-6.941753,-63.572690,48.065841,7.356814e+04,2.406806e+05,-2.585697e+05
1619,1.745162e+03,miss,29.366697,-56.762144,48.121265,-1.905012e+05,2.418740e+05,-1.881992e+05
1620,1.745777e+03,miss,58.359244,36.324050,40.923856,-2.188060e+05,-2.309527e+05,-1.704210e+05
1621,1.745786e+03,miss,-6.398081,-4.705886,79.604769,1.002759e+05,6.492764e+04,-3.405706e+05
1622,1.746187e+03,miss,6.154695,1.124396,79.754971,2.150822e+04,-7.851093e+04,-3.516568e+05
1623,1.747515e+03,miss,20.928436,3.346046,-77.141458,-1.432195e+05,-7.636254e+04,3.225603e+05
1624,1.748652e+03,miss,-47.634351,27.439672,-58.120849,2.591371e+05,-1.159848e+05,2.233126e+05
1625,1.749053e+03,miss,-72.824499,-32.213392,-7.673958,3.281870e+05,1.484129e+05,2.774652e+04
1626,1.749566e+03,miss,69.485731,-23.887115,31.640779,-3.115867e+05,1.401738e+05,-1.175000e+05
1627,1.749588e+03,miss,-8.762044,-35.588139,-71.110554,-4.987685e+04,1.655621e+05,3.172450e+05
1628,1.750605e+03,miss,33.597654,9.940575,-71.919279,-6.658171e+04,-5.533158e+04,3.508904e+05
1629,1.752355e+03,miss,-0.068152,-12.345916,-79.041595,-3.562099e+04,-2.733159e+04,3.587944e+05
1630,1.752980e+03,miss,-12.517764,76.165637,21.026205,1.326182e+03,-3.525709e+05,-8.054749e+04
1631,1.753180e+03,hit,63.606634,-6.431503,-48.091911,-2.476679e+05,1.014256e+05,2.432784e+05
1632,1.753484e+03,hit,-37.184098,-70.259618,-8.996052,2.096377e+05,2.901556e+05,5.191640e+04
1633,1.753694e+03,hit,46.195397,61.951729,20.687402,-2.625131e+05,-2.235109e+05,-1.094484e+05
1634,1.754623e+03,miss,26.374186,72.471552,21.266793,-1.871048e+05,-2.975501e+05,-8.587332e+04
1635,1.754824e+03,miss,5.464209,3.580111,-79.732837,-1.008425e+05,-5.339537e+04,3.433850e+05
1636,1.756276e+03,hit,66.532692,-36.595344,25.182964,-2.473570e+05,2.384573e+05,-1.139932e+05
1637,1.757094e+03,hit,-21.871864,-76.767528,5.326183,1.732039e+05,3.167236e+05,-2.809741e+04
1638,1.760604e+03,miss,-67.699251,2.317052,42.561046,2.737048e+05,3.324105e+04,-2.352563e+05
1639,1.760917e+03,miss,0.664769,20.524056,77.319604,-3.115317e+04,-6.758553e+03,-3.610706e+05
1640,1.763079e+03,miss,-3.068310,-66.564115,44.269674,1.782820e+04,3.224722e+05,-1.650554e+05
1641,1.763603e+03,miss,-4.226134,29.042945,74.422088,1.057130e+05,-1.168816e+05,-3.267293e+05
1642,1.763804e+03,miss,19.042234,21.990451,-74.523911,-2.109588e+04,-4.056705e+04,3.598790e+05
1643,1.765036e+03,miss,3.434282,19.744261,77.449144,-3.696497e+04,-1.623294e+05,-3.224566e+05
1644,1.765462e+03,hit,-2.371911,-79.001002,12.378031,9.079076e+04,3.476139e+05,-5.146727e+04
1645,1.765865e+03,miss,78.425197,15.381428,-3.591680,-3.282331e+05,-1.539431e+05,1.794172e+04
1646,1.766806e+03,miss,-47.929438,-15.201508,62.222850,2.526465e+05,9.861435e+04,-2.413970e+05
1647,1.766999e+03,miss,-56.325970,-52.890615,20.735667,2.026497e+05,2.895181e+05,-8.339243e+04
1648,1.767738e+03,miss,-21.304800,53.735582,55.304545,8.499900e+03,-2.423902e+05,-2.703181e+05
1649,1.768366e+03,hit,-69.389360,39.555670,-4.523903,2.792690e+05,-2.316072e+05,1.763125e+04
1650,1.768882e+03,miss,-16.758771,-73.926162,-25.574718,6.218401e+03,3.484683e+05,1.025361e+05
1651,1.770420e+03,miss,-6.227163,24.985576,75.742613,9.739179e+04,-1.484858e+05,-3.171183e+05
1652,1.772911e+03,miss,4.647764,21.534489,76.906853,-7.132364e+04,-1.552876e+05,-3.210635e+05
1653,1.773226e+03,miss,40.122752,-16.334281,67.255900,-2.388377e+05,4.251467e+04,-2.710269e+05
1654,1.773742e+03,miss,41.065773,-64.860669,-22.509907,-2.495293e+05,2.380871e+05,1.157356e+05
1655,1.773944e+03,miss,-49.921075,-8.380607,61.948783,2.559502e+05,8.507620e+04,-2.441551e+05
1656,1.775179e+03,hit,17.312680,77.969239,4.590088,-8.375056e+04,-3.537778e+05,-1.671606e+04
1657,1.776123e+03,miss,-52.974479,-32.441353,-50.410944,2.546388e+05,1.764809e+05,1.911447e+05
1658,1.776325e+03,miss,-57.338757,42.903043,-35.659443,2.938815e+05,-1.667314e+05,1.355437e+05
1659,1.780250e+03,miss,-39.763727,57.020051,39.592421,2.481566e+05,-1.997215e+05,-1.770885e+05
1660,1.780475e+03,miss,45.860082,65.512143,-2.238739,-1.373812e+05,-3.374704e+05,9.361200e+03
1661,1.780790e+03,miss,75.530337,-2.218945,-26.272504,-3.399548e+05,7.919572e+04,1.050225e+05
1662,1.782028e+03,miss,-27.977215,-15.256028,73.379350,1.341209e+05,1.453672e+05,-3.063385e+05
1663,1.783378e+03,miss,-39.273205,-35.714311,-59.850676,2.387747e+05,1.062793e+05,2.544709e+05
1664,1.783491e+03,miss,1.714850,0.882432,79.976750,5.487414e+04,5.937346e+04,-3.557191e+05
1665,1.786072e+03,hit,-7.726047,77.549711,-18.065172,-1.484921e+04,-3.494577e+05,1.045175e+05
1666,1.786388e+03,hit,-72.488990,33.658956,3.524346,3.319875e+05,-1.513515e+05,-1.287018e+04
1667,1.787650e+03,hit,26.250277,66.233595,36.387276,-1.265471e+05,-2.702825e+05,-2.105136e+05
1668,1.787830e+03,miss,-32.324498,14.960233,71.633220,2.062671e+05,-1.710101e+04,-3.009280e+05
1669,1.788047e+03,miss,13.986308,-44.400588,65.061286,-1.435780e+05,1.585208e+05,-2.960893e+05
1670,1.788687e+03,miss,26.231226,46.641362,59.468530,-1.404754e+05,-1.379651e+05,-3.077214e+05
1671,1.789611e+03,hit,59.126479,43.607620,31.661252,-3.134171e+05,-1.183898e+05,-1.458859e+05
1672,1.789927e+03,miss,14.159916,-4.429248,-78.612204,-9.293763e+04,-6.350935e+04,3.476807e+05
1673,1.790446e+03,hit,-60.491960,-51.566635,9.033540,3.229310e+05,1.646098e+05,-4.701695e+04
1674,1.791994e+03,hit,-74.421749,-7.363118,-28.411051,3.341458e+05,-5.775462e+04,1.368133e+05
1675,1.793664e+03,miss,24.262921,54.391353,-53.412465,-1.597996e+05,-1.825987e+05,2.737761e+05
1676,1.794206e+03,miss,24.173133,-63.536119,42.176074,-5.401543e+04,3.205375e+05,-1.679584e+05
1677,1.794703e+03,hit,-4.828498,-33.014884,72.709718,5.118888e+04,2.092952e+05,-2.957774e+05
1678,1.795223e+03,miss,23.317508,41.607798,64.226824,-1.673360e+05,-1.987201e+05,-2.577922e+05
1679,1.795539e+03,miss,27.330907,30.164931,68.870157,-1.173978e+05,-2.039636e+05,-2.803355e+05
1680,1.795959e+03,miss,-18.063066,-57.025160,53.121151,1.587330e+04,2.329089e+05,-2.819650e+05
1681,1.798558e+03,miss,31.759295,41.379957,60.655143,-1.742020e+05,-2.197073e+05,-2.357521e+05
1682,1.798884e+03,miss,46.977326,-15.506079,-62.870441,-1.892628e+05,1.532332e+05,2.737155e+05
1683,1.799508e+03,miss,57.202096,-32.291747,-45.663588,-2.524718e+05,1.974155e+05,1.776307e+05
1684,1.801694e+03,miss,-43.100259,-9.067437,66.784349,1.758098e+05,1.273434e+05,-2.954745e+05
1685,1.802947e+03,miss,-48.519722,36.833884,-51.856548,2.743045e+05,-1.184287e+05,2.127342e+05
1686,1.803686e+03,hit,1.600136,69.909334,-38.860321,-9.766820e+04,-3.018409e+05,1.842071e+05
1687,1.803776e+03,miss,0.354227,-1.448960,79.986093,5.331261e+04,-6.400669e+04,-3.572771e+05
1688,1.805135e+03,miss,-11.000547,-26.326027,74.739068,6.992276e+04,1.870835e+05,-3.078928e+05
1689,1.805656e+03,miss,68.719427,37.871374,15.601262,-3.258072e+05,-1.588850e+05,-5.771887e+04
1690,1.805882e+03,hit,-3.146145,-74.285853,-29.524801,7.626332e+04,3.191726e+05,1.644869e+05
1691,1.806086e+03,hit,60.279231,26.462275,-45.455058,-2.440816e+05,-9.293590e+04,2.579641e+05
1692,1.807446e+03,miss,51.314720,-56.189141,24.689673,-2.901987e+05,2.000663e+05,-1.030437e+05
1693,1.808398e+03,hit,77.339244,6.935203,19.249525,-3.461772e+05,-3.984210e+04,-1.162104e+05
1694,1.809124e+03,miss,-7.884216,60.054361,-52.261964,7.149159e+04,-2.216289e+05,2.841736e+05
1695,1.809228e+03,miss,-1.455153,1.948888,-79.963019,-3.432825e+04,7.116082e+04,3.588182e+05
1696,1.810067e+03,miss,-40.466926,-4.589418,-68.857572,1.113170e+05,6.438069e+04,3.442660e+05
1697,1.810371e+03,miss,25.139921,-28.751993,70.294433,-5.159394e+04,1.917647e+05,-3.092612e+05
1698,1.810485e+03,miss,23.468272,72.785312,23.484859,-5.411103e+04,-3.518431e+05,-9.146038e+04
1699,1.811111e+03,miss,44.872284,-44.820153,-48.760968,-1.291537e+05,2.570236e+05,2.288918e+05
1700,1.814561e+03,miss,9.454194,-0.235580,-79.439050,4.022954e+04,3.862850e+04,3.637034e+05
1701,1.814984e+03,miss,47.857445,-63.351393,9.811523,-2.603135e+05,2.573517e+05,-3.780479e+04
1702,1.816446e+03,miss,55.855143,46.819772,-32.986543,-2.934802e+05,-1.819685e+05,1.276254e+05
1703,1.818028e+03,miss,-42.449581,-10.314493,67.019730,1.166701e+05,4.284395e+04,-3.467015e+05
1704,1.818756e+03,miss,45.852751,-65.027110,-8.306634,-2.297216e+05,2.863200e+05,3.086345e+04
1705,1.819688e+03,hit,7.609248,79.207688,8.260844,-1.221205e+05,-3.457190e+05,-3.658213e+04
1706,1.819711e+03,miss,-62.972086,-3.559772,49.212238,3.036890e+05,-5.353040e+04,-2.016989e+05
1707,1.820530e+03,miss,-0.746957,-2.338630,79.962322,4.871410e+03,-7.946933e+04,-3.598569e+05
1708,1.820634e+03,miss,46.394778,-20.230640,61.953577,-1.565133e+05,5.145790e+04,-3.296961e+05
1709,1.821053e+03,miss,37.655289,59.776345,-37.534888,-2.248078e+05,-2.521061e+05,1.475773e+05
1710,1.821167e+03,miss,-0.738349,3.054463,-79.938258,-8.238515e+04,-3.902263e+04,3.571743e+05
1711,1.823160e+03,miss,8.249279,-42.454477,67.302056,3.596776e+04,1.484744e+05,-3.356993e+05
1712,1.823898e+03,miss,50.400800,51.696747,-34.455852,-1.555910e+05,-2.887891e+05,1.687592e+05
1713,1.824617e+03,miss,1.534980,62.143029,-50.357598,7.261330e+03,-3.141952e+05,1.933126e+05
1714,1.825779e+03,miss,-20.050781,-18.971350,75.086977,1.698254e+05,7.702196e+04,-3.185195e+05
1715,1.826212e+03,miss,-4.124402,-0.926992,79.888234,-2.333788e+04,-7.573288e+04,-3.605273e+05
1716,1.828208e+03,miss,16.126407,18.026487,76.256047,-2.604662e+04,-1.545409e+05,-3.344364e+05
1717,1.828514e+03,hit,-78.109243,16.882307,-3.732819,3.325429e+05,-1.595726e+05,1.958470e+04
1718,1.828733e+03,miss,5.061319,4.972635,-79.684728,6.655707e+04,-3.726404e+04,3.614273e+05
1719,1.829152e+03,miss,-0.054743,-0.409336,79.998934,6.956938e+04,-5.502148e+04,-3.586254e+05
1720,1.829987e+03,miss,35.670272,-41.197357,-58.569698,-2.263698e+05,1.235770e+05,2.646263e+05
1721,1.831584e+03,hit,31.058951,22.387675,70.243388,-1.976679e+05,-1.284786e+05,-2.847481e+05
1722,1.831675e+03,miss,-0.678646,7.115943,79.680002,9.236075e+04,-2.427804e+04,-3.571382e+05
1723,1.831994e+03,miss,63.469001,6.463053,48.269191,-3.083787e+05,-7.620165e+04,-1.891755e+05
1724,1.832200e+03,miss,37.893804,33.681719,61.883773,-1.890951e+05,-2.022584e+05,-2.450335e+05
1725,1.833880e+03,miss,-3.972706,-42.019762,-67.959968,5.015764e+04,1.169918e+05,3.473173e+05
1726,1.834734e+03,miss,-36.600777,29.628414,64.672561,1.205429e+05,-2.071168e+05,-2.819005e+05
1727,1.836095e+03,hit,33.146833,-72.491692,6.800157,-1.638475e+05,3.292489e+05,-4.179249e+04
1728,1.837155e+03,hit,-28.822481,72.954426,15.713571,5.265595e+04,-3.566976e+05,-8.408751e+04
1729,1.837352e+03,miss,39.724335,-27.080987,-63.942140,-2.160591e+05,3.825038e+04,2.982392e+05
1730,1.838952e+03,miss,-10.727532,-66.002610,-43.915549,9.095196e+02,3.274360e+05,1.731919e+05
1731,1.839043e+03,hit,-58.486480,-25.483754,48.269140,2.696323e+05,3.472310e+04,-2.516151e+05
1732,1.839249e+03,miss,-46.802749,13.305481,63.501707,1.782289e+05,-1.450490e+05,-2.905650e+05
1733,1.840841e+03,miss,75.053840,-26.116528,9.211303,-3.667377e+05,2.962795e+04,-4.446550e+04
1734,1.842740e+03,miss,-38.400649,-67.225026,20.154057,1.246738e+05,3.400036e+05,-7.966940e+04
1735,1.843381e+03,miss,34.571891,62.608657,35.846066,-2.079001e+05,-2.732892e+05,-1.401128e+05
1736,1.844525e+03,miss,-36.373574,-55.353739,-44.865651,1.901138e+05,2.684637e+05,1.714948e+05
1737,1.845281e+03,miss,59.654008,-35.116298,-40.102929,-2.330934e+05,2.324905e+05,1.711680e+05
1738,1.845602e+03,miss,27.176400,-12.799083,74.145983,-8.255328e+04,1.385127e+05,-3.342244e+05
1739,1.846128e+03,miss,-22.274808,16.776296,74.982590,1.418167e+05,-1.383742e+05,-3.138259e+05
1740,1.846852e+03,miss,-0.638075,34.722883,-72.068816,8.123694e+04,-1.857211e+05,3.109796e+05
1741,1.847288e+03,miss,46.053785,-54.025422,-36.882280,-1.700317e+05,2.951385e+05,1.476991e+05
1742,1.848021e+03,miss,-29.015670,0.464667,74.551157,2.030286e+05,1.232212e+04,-3.106684e+05
1743,1.848764e+03,miss,-29.011608,-16.960152,-72.599448,8.638493e+04,1.546539e+05,3.264391e+05
1744,1.848869e+03,miss,15.225883,29.327304,72.856583,-4.867221e+04,-5.055829e+04,-3.647265e+05
1745,1.850015e+03,miss,-11.091250,-9.846377,-78.613186,7.543797e+04,1.252851e+05,3.415390e+05
1746,1.850130e+03,miss,-14.437892,4.123547,78.578264,1.466852e+05,4.379697e+03,-3.413340e+05
1747,1.850864e+03,miss,-29.926086,-55.464406,-49.276049,2.081088e+05,2.293309e+05,2.054203e+05
1748,1.850887e+03,miss,46.767946,-39.100575,51.806412,-2.661509e+05,1.034576e+05,-2.378263e+05
1749,1.851002e+03,miss,36.931846,38.927434,-59.335433,-2.331810e+05,-1.162104e+05,2.650122e+05
1750,1.852034e+03,miss,-51.072205,-20.901158,57.920389,1.660697e+05,1.329285e+05,-3.048567e+05
1751,1.853425e+03,miss,32.766395,61.441744,39.386235,-1.034980e+05,-3.206254e+05,-1.574104e+05
1752,1.853631e+03,hit,7.740156,27.606673,74.685752,-6.943468e+04,-1.901634e+05,-3.119657e+05
1753,1.855009e+03,miss,-41.699415,-42.876232,53.129912,1.326769e+05,1.856902e+05,-2.938106e+05
1754,1.855652e+03,miss,20.542457,-9.791713,-76.695044,-1.605029e+05,8.384147e+04,3.250632e+05
1755,1.855858e+03,miss,2.319639,25.023891,-75.950143,8.035433e+04,-1.134187e+05,3.451832e+05
1756,1.861365e+03,miss,-4.390198,1.315932,-79.868608,-2.665827e+04,7.244262e+04,3.645879e+05
1757,1.861894e+03,miss,-62.263321,-42.964122,-26.026199,2.446802e+05,2.596885e+05,1.077770e+05
1758,1.862976e+03,miss,-41.680209,-54.313450,41.386101,2.561900e+05,1.828322e+05,-1.998555e+05
1759,1.863275e+03,miss,-9.570200,38.164742,69.655321,-5.996465e+03,-2.306988e+05,-2.928610e+05
1760,1.864771e+03,miss,-0.359386,-0.096624,79.999134,6.851478e+04,-6.039567e+04,-3.616561e+05
1761,1.865821e+03,miss,-25.632266,-44.708250,-61.189536,3.302752e+04,2.416547e+05,2.823608e+05
1762,1.866881e+03,miss,-32.967255,2.744845,-72.839728,6.540969e+04,-1.759980e+04,3.670236e+05
1763,1.866890e+03,miss,38.862073,-3.309505,69.848310,-9.803703e+04,3.257152e+04,-3.586405e+05
1764,1.867203e+03,miss,5.340444,-60.995332,-51.488340,-3.027593e+04,3.137877e+05,1.998479e+05
1765,1.869024e+03,miss,-61.240079,41.408341,-30.577802,2.697182e+05,-2.296912e+05,1.181033e+05
1766,1.869323e+03,miss,-46.866979,-17.214219,62.507256,2.194737e+05,1.520427e+05,-2.611341e+05
1767,1.869669e+03,miss,25.273255,64.821257,39.490091,-5.961858e+04,-3.320345e+05,-1.603160e+05
1768,1.870176e+03,miss,65.487295,1.826985,-45.913793,-3.211199e+05,-5.731973e+04,1.820352e+05
1769,1.870291e+03,hit,-61.783252,-49.816914,-10.055089,3.332601e+05,1.599326e+05,5.392801e+04
1770,1.870384e+03,hit,7.156378,34.034986,72.044472,-6.645512e+04,-2.149990e+05,-2.981862e+05
1771,1.870605e+03,miss,-38.501864,25.354497,65.381618,2.387179e+05,-1.066414e+05,-2.668590e+05
1772,1.870730e+03,miss,26.011729,-68.120016,-32.909776,-1.795048e+05,2.999843e+05,1.317919e+05
1773,1.872312e+03,miss,13.323087,22.649727,75.561136,-1.348010e+05,-4.985866e+04,-3.450254e+05
1774,1.874666e+03,miss,-38.333031,7.657646,69.799278,1.000989e+05,-7.713524e+04,-3.520024e+05
1775,1.874850e+03,miss,-13.813515,28.067353,73.630228,1.041432e+05,-1.863219e+05,-3.071277e+05
1776,1.874966e+03,miss,52.136555,9.296948,-59.961207,-1.931897e+05,-1.208225e+05,2.966098e+05
1777,1.876235e+03,miss,29.342162,34.433240,65.980220,-1.784123e+05,-7.696594e+04,-3.197464e+05
1778,1.878384e+03,miss,37.263018,-60.008435,37.556028,-2.331690e+05,2.497313e+05,-1.530335e+05
1779,1.878698e+03,miss,-54.982302,-49.851026,29.863384,3.076305e+05,1.720410e+05,-1.262600e+05
1780,1.878707e+03,miss,2.591046,78.376868,-15.822549,5.684250e+04,-3.588457e+05,9.041907e+04
1781,1.879022e+03,hit,72.216337,-4.301231,-34.151137,-3.121341e+05,3.437742e+04,2.039384e+05
1782,1.879123e+03,miss,-3.157428,-1.954251,-79.913776,1.275941e+04,9.912438e+04,3.608594e+05
1783,1.879230e+03,miss,-34.316022,-70.869159,14.141179,2.067744e+05,3.072376e+05,-5.536494e+04
1784,1.879562e+03,hit,-7.544312,73.483432,30.712678,3.256348e+04,-3.236947e+05,-1.854778e+05
1785,1.880293e+03,miss,-15.281376,71.115817,33.301953,1.429341e+05,-3.175383e+05,-1.379654e+05
1786,1.880302e+03,hit,54.882750,56.791360,12.752460,-3.148451e+05,-1.943569e+05,-5.825695e+04
1787,1.880825e+03,miss,-22.382796,0.034798,-76.805008,1.331386e+05,-8.204333e+04,3.404084e+05
1788,1.881264e+03,miss,-27.018463,21.189566,72.256522,4.834028e+04,-5.841717e+04,-3.669037e+05
1789,1.881380e+03,miss,-7.915925,-35.496466,-71.255449,-7.026175e+03,2.237075e+05,3.004694e+05
1790,1.881912e+03,miss,30.361068,2.105647,-73.984943,-1.741419e+05,-8.472435e+04,3.207996e+05
1791,1.882652e+03,hit,12.214128,7.778548,-78.678518,-5.967542e+04,5.674999e+04,3.656357e+05
1792,1.886160e+03,miss,-52.777245,-48.763666,35.166280,3.019233e+05,1.561375e+05,-1.587336e+05
1793,1.887225e+03,miss,5.690280,-27.750204,74.816755,5.852817e+04,1.562960e+05,-3.360929e+05
1794,1.887559e+03,miss,-58.952511,-13.681235,-52.320409,2.409927e+05,1.508921e+05,2.449315e+05
1795,1.887990e+03,miss,-0.754383,-6.615057,79.722468,5.885089e+04,9.991984e+04,-3.569623e+05
1796,1.889056e+03,miss,13.687293,33.703105,71.251377,-1.251899e+05,-1.902872e+05,-2.984414e+05
1797,1.889371e+03,miss,2.210957,5.617742,-79.771879,-9.719977e+04,3.940927e+02,3.626632e+05
1798,1.889797e+03,hit,-15.878230,74.069640,25.721009,9.592218e+03,-3.450137e+05,-1.479118e+05
1799,1.889904e+03,miss,-21.387162,-52.643147,-56.314193,9.575062e+04,2.866775e+05,2.228456e+05
1800,1.891619e+03,miss,-79.443837,0.187540,-9.414966,3.669703e+05,7.055641e+04,3.866393e+04
1801,1.891837e+03,miss,-21.825218,-18.592391,-74.685895,1.683113e+05,2.796124e+04,3.347328e+05
1802,1.892579e+03,miss,-24.107048,1.519199,76.266259,1.498463e+05,7.046578e+04,-3.373316e+05
1803,1.892686e+03,miss,-48.278262,63.736829,-2.612663,2.622151e+05,-2.689984e+05,1.014881e+04
1804,1.892895e+03,miss,44.485653,31.001664,58.821115,-1.313046e+05,-1.968134e+05,-2.919915e+05
1805,1.893011e+03,miss,23.181285,27.916835,-71.297113,-1.671737e+05,-1.595873e+05,2.963595e+05
1806,1.893219e+03,miss,-15.301744,4.057604,-78.418062,6.592912e+02,4.277743e+04,3.734024e+05
1807,1.893336e+03,miss,-7.093749,0.169486,79.684691,7.681644e+04,7.760083e+04,-3.596466e+05
1808,1.894403e+03,miss,74.581960,17.007761,-23.415109,-3.295146e+05,-1.133346e+05,1.411502e+05
1809,1.895795e+03,miss,11.276327,76.710755,-19.705444,-5.013141e+04,-3.652253e+05,7.449307e+04
1810,1.896654e+03,miss,8.887861,79.110239,-7.910501,1.310221e+04,-3.746599e+05,3.121319e+04
1811,1.896863e+03,miss,52.798294,19.502275,-56.850694,-2.819847e+05,-1.429364e+04,2.486200e+05
1812,1.896970e+03,miss,18.709309,20.012986,-75.162771,5.904090e+03,-8.881966e+04,3.655349e+05
1813,1.897504e+03,miss,-59.203963,-51.675949,14.982895,2.718787e+05,2.538722e+05,-5.665937e+04
1814,1.897713e+03,miss,-58.651413,49.647869,22.250861,3.141624e+05,-1.869567e+05,-8.913022e+04
1815,1.898582e+03,miss,21.053456,8.248130,76.737998,-2.229321e+04,1.496783e+04,-3.754181e+05
1816,1.899548e+03,miss,-63.419991,-36.386982,32.463707,2.979779e+05,1.934626e+05,-1.245524e+05
1817,1.899758e+03,miss,-71.648678,-28.253272,21.638383,2.925438e+05,2.147512e+05,-1.002375e+05
1818,1.901152e+03,miss,-5.456476,-8.218667,79.389422,-1.979962e+04,-4.371988e+04,-3.735614e+05
1819,1.902538e+03,miss,-17.568532,-5.838873,77.828364,3.442365e+04,-5.378232e+04,-3.713185e+05
1820,1.904361e+03,miss,33.013239,9.869226,-72.199200,-1.558028e+05,-1.306613e+05,3.174022e+05
1821,1.904910e+03,miss,-39.550710,4.155544,69.415220,1.923722e+05,-1.049819e+05,-3.067633e+05
1822,1.905329e+03,miss,-38.220135,46.050405,-53.090315,2.461637e+05,-1.559638e+05,2.392529e+05
1823,1.905446e+03,hit,-68.517552,-36.613581,-19.099496,3.261528e+05,1.481764e+05,1.176438e+05
1824,1.908356e+03,miss,57.132865,1.698312,-55.972774,-2.218995e+05,-7.853492e+04,2.949271e+05
1825,1.909194e+03,miss,-41.335226,-24.403752,63.998875,2.495247e+05,5.466702e+04,-2.778499e+05
1826,1.909847e+03,miss,-23.331294,-62.747358,43.799770,4.323005e+04,2.827820e+05,-2.463043e+05
1827,1.910909e+03,miss,-3.184226,5.214490,79.766345,-7.709757e+04,-3.369095e+04,-3.681039e+05
1828,1.912317e+03,miss,10.642644,-24.339453,75.460752,2.116294e+04,1.665629e+05,-3.383690e+05
1829,1.913824e+03,miss,70.301812,-29.488800,-24.250071,-3.374751e+05,8.927053e+04,1.447011e+05
1830,1.914570e+03,miss,1.322897,-5.800381,79.778478,-4.144958e+04,1.089889e+05,-3.595220e+05
1831,1.915004e+03,miss,39.222037,31.665177,-62.120434,-2.224002e+05,-6.218952e+04,2.992586e+05
1832,1.916180e+03,miss,-42.251638,53.520789,41.836876,1.601161e+05,-2.975210e+05,-1.697555e+05
1833,1.916413e+03,hit,-42.621976,56.500469,37.296973,1.828007e+05,-2.438448e+05,-2.238614e+05
1834,1.917594e+03,miss,48.684679,11.855813,-62.363785,-1.676055e+05,-1.234977e+05,3.158087e+05
1835,1.918131e+03,miss,32.218092,-37.079718,-63.143401,-1.087245e+05,1.155877e+05,3.434195e+05
1836,1.918234e+03,hit,62.081430,2.317697,-50.403615,-2.576698e+05,6.464275e+04,2.693580e+05
1837,1.920070e+03,hit,64.546762,46.416905,8.898676,-3.491133e+05,-1.386491e+05,-4.647009e+04
1838,1.920163e+03,hit,63.534917,48.413873,4.405810,-2.538601e+05,-2.795805e+05,-2.568794e+04
1839,1.920490e+03,miss,64.244348,-20.426369,-43.074670,-2.922833e+05,1.621390e+05,1.776961e+05
1840,1.924057e+03,hit,-73.132905,-10.720132,-30.604851,3.363652e+05,-2.215259e+04,1.729982e+05
1841,1.924488e+03,miss,-14.580439,-15.688026,-77.079807,1.526955e+05,6.576853e+04,3.405162e+05
1842,1.925461e+03,miss,0.576347,-2.017840,-79.972471,-8.546710e+04,4.825289e+04,3.661043e+05
1843,1.925671e+03,miss,57.031206,-9.695880,55.257864,-2.093912e+05,4.863566e+04,-3.122034e+05
1844,1.925999e+03,hit,-74.271538,29.358847,4.668698,3.318940e+05,-1.809330e+05,-2.855043e+04
1845,1.927309e+03,miss,-11.084509,70.289329,36.558773,6.520671e+04,-3.457913e+05,-1.413496e+05
1846,1.928260e+03,miss,6.192117,-18.634366,77.552679,-1.143325e+05,1.045681e+05,-3.462192e+05
1847,1.929993e+03,hit,-7.343860,-22.816476,-76.324807,9.023678e+04,3.074355e+04,3.673086e+05
1848,1.930096e+03,miss,8.351576,68.348706,-40.727209,1.706450e+04,-3.410620e+05,1.655194e+05
1849,1.930321e+03,miss,-37.939545,7.122922,70.070357,1.356586e+05,4.844253e+04,-3.511097e+05
1850,1.930541e+03,miss,35.930346,-31.653558,64.086367,-1.154550e+05,2.192021e+05,-2.875151e+05
1851,1.930869e+03,miss,-25.140873,24.913190,71.744473,1.929883e+05,-7.574693e+04,-3.179414e+05
1852,1.931187e+03,hit,49.419784,60.787859,16.202502,-2.948262e+05,-2.227961e+05,-8.678727e+04
1853,1.931618e+03,miss,-9.761099,-7.236012,-79.071873,1.982769e+04,1.204444e+05,3.594785e+05
1854,1.931726e+03,miss,-19.770143,-1.162231,77.509939,1.516448e+05,-5.613111e+04,-3.434909e+05
1855,1.931829e+03,miss,22.723867,-0.180519,-76.704585,-1.574748e+04,2.207794e+04,3.786886e+05
1856,1.933672e+03,miss,31.812882,56.365772,-47.019573,-1.266061e+05,-3.049493e+05,1.877626e+05
1857,1.933976e+03,miss,20.462802,10.295674,76.650328,-1.083023e+05,-1.322804e+05,-3.392244e+05
1858,1.935196e+03,miss,29.658360,-47.142556,57.427877,-7.852549e+04,1.915086e+05,-3.186689e+05
1859,1.935735e+03,hit,19.485391,64.991587,42.384114,-1.537111e+05,-2.577942e+05,-2.331244e+05
1860,1.936148e+03,hit,2.093714,75.674376,25.865134,-3.617221e+03,-3.447467e+05,-1.599982e+05
1861,1.937673e+03,miss,7.438565,7.946814,79.256015,-3.731903e+04,-1.257620e+05,-3.568862e+05
1862,1.938002e+03,hit,-21.542101,67.587939,-36.983893,9.014819e+04,-2.942350e+05,2.233834e+05
1863,1.938635e+03,miss,27.325055,-17.783523,-73.055374,-4.234665e+04,5.952470e+04,3.732451e+05
1864,1.938870e+03,miss,62.570334,14.257328,47.766954,-2.444572e+05,-1.087478e+05,-2.703340e+05
1865,1.939739e+03,miss,0.010227,0.746402,-79.996517,-3.848490e+04,8.063317e+04,3.697944e+05
1866,1.940584e+03,miss,3.229519,-63.847924,48.093791,-7.938185e+04,2.607941e+05,-2.654783e+05
1867,1.942229e+03,miss,32.166216,-32.853429,65.467448,-1.531387e+05,2.175414e+05,-2.722879e+05
1868,1.943629e+03,miss,12.901877,26.477684,74.380601,-1.471587e+05,-1.064564e+05,-3.347123e+05
1869,1.943639e+03,miss,-50.705655,-11.220773,-60.852533,2.112409e+05,1.419715e+05,2.832720e+05
1870,1.945792e+03,miss,10.893371,-7.063682,-78.939463,2.156058e+04,-2.750460e+04,3.794219e+05
1871,1.946215e+03,miss,8.670137,-69.678431,-38.337252,4.635541e+04,3.374397e+05,1.708787e+05
1872,1.946342e+03,miss,12.249820,-58.588748,-53.078249,-7.487623e+04,2.197976e+05,3.021687e+05
1873,1.947109e+03,hit,-73.645662,-21.284073,-22.875853,3.470707e+05,7.012808e+04,1.410838e+05
1874,1.948182e+03,miss,76.521251,20.699972,10.770758,-3.733557e+05,-6.493041e+04,-4.183627e+04
1875,1.948615e+03,miss,59.607110,28.755269,44.945823,-3.131546e+05,-4.674801e+04,-2.124660e+05
1876,1.948724e+03,hit,10.765519,-13.167572,-78.171086,4.262209e+04,7.749175e+04,3.709170e+05
1877,1.948851e+03,miss,42.962071,36.061594,57.042282,-2.205894e+05,-8.441017e+04,-2.993757e+05
1878,1.949265e+03,miss,-17.323244,-39.022783,-67.654473,-2.313967e+03,2.209450e+05,3.108366e+05
1879,1.949392e+03,miss,0.347190,72.442674,33.940219,6.543354e+04,-3.217625e+05,-1.940058e+05
1880,1.950254e+03,hit,49.305435,-51.540566,-36.229052,-1.570604e+05,2.892069e+05,1.928902e+05
1881,1.950357e+03,miss,-65.924855,38.525102,-23.869017,2.839111e+05,-2.356791e+05,9.681313e+04
1882,1.950687e+03,hit,-24.588573,8.703955,-75.628323,1.823318e+05,-7.758695e+04,3.260106e+05
1883,1.950889e+03,miss,14.874809,11.419621,-77.771025,-1.287850e+05,1.724884e+04,3.587193e+05
1884,1.951973e+03,miss,-41.814587,-32.105103,-60.173106,2.334679e+05,6.356723e+04,2.951193e+05
1885,1.957205e+03,hit,50.514434,47.597926,-39.783532,-2.545922e+05,-1.668940e+05,2.310045e+05
1886,1.959484e+03,miss,-0.152674,0.853794,79.995298,6.835555e+04,5.966101e+04,-3.714459e+05
1887,1.960027e+03,miss,-44.680151,64.597913,15.191898,1.765902e+05,-3.338649e+05,-5.995477e+04
1888,1.960240e+03,miss,-11.119805,17.173569,-77.339631,-2.956184e+04,-1.253126e+05,3.601155e+05
1889,1.960570e+03,miss,79.813071,1.825003,-5.152000,-3.672461e+05,-1.038637e+05,2.505145e+04
1890,1.960688e+03,miss,23.502241,75.597546,11.517623,-1.620672e+05,-3.433844e+05,-4.599070e+04
1891,1.961349e+03,hit,-37.504199,-70.625474,2.340413,1.794785e+05,3.375026e+05,-1.491917e+04
1892,1.962223e+03,miss,-18.943928,64.798424,-42.921927,1.592038e+05,-2.587217e+05,2.326490e+05
1893,1.962317e+03,miss,22.105638,-62.271474,45.095503,-1.798163e+05,2.426943e+05,-2.349061e+05
1894,1.962436e+03,miss,74.209096,-0.458204,-29.879760,-3.647407e+05,2.381778e+03,1.156835e+05
1895,1.964609e+03,miss,-65.490267,17.492585,-42.485696,3.333279e+05,3.356576e+00,1.883583e+05
1896,1.965356e+03,miss,37.873194,-10.931569,69.614093,-1.090302e+05,3.789339e+03,-3.670696e+05
1897,1.965687e+03,miss,-49.169042,16.539780,60.900254,1.949330e+05,-7.939733e+03,-3.295525e+05
1898,1.967332e+03,miss,-79.194618,4.359629,10.450175,3.775957e+05,-5.063039e+04,-4.058984e+04
1899,1.968207e+03,hit,32.703193,67.105430,-28.763908,-1.704052e+05,-2.940170e+05,1.771184e+05
1900,1.970171e+03,miss,-22.005403,27.119885,71.974121,1.034970e+04,-1.433096e+05,-3.554667e+05
1901,1.970597e+03,hit,-18.039528,74.012833,24.426953,5.400584e+04,-3.482706e+05,-1.510763e+05
1902,1.971482e+03,miss,-17.794699,-10.403859,77.298825,2.517381e+04,1.223180e+05,-3.626344e+05
1903,1.972017e+03,miss,-52.251284,-49.530256,34.879177,3.067564e+05,1.609664e+05,-1.647101e+05
1904,1.972349e+03,miss,-45.336732,-16.160675,-63.901591,2.675047e+05,2.468905e+04,2.738530e+05
1905,1.972562e+03,hit,-73.985339,-27.104910,-13.838117,3.704849e+05,5.845312e+04,8.064634e+04
1906,1.973130e+03,miss,-27.770789,30.423354,-68.579901,1.409203e+05,-2.091672e+05,2.891586e+05
1907,1.973225e+03,hit,-32.106222,70.031249,21.559562,1.487389e+05,-3.266528e+05,-1.356608e+05
1908,1.974968e+03,miss,-29.794225,-16.820365,-72.314449,5.264749e+04,6.704221e+04,3.742898e+05
1909,1.976399e+03,miss,57.693530,23.000545,50.422530,-2.173141e+05,-1.841942e+05,-2.575134e+05
1910,1.977490e+03,miss,-79.773282,0.067364,-6.018219,3.834180e+05,1.769108e+03,2.312898e+04
1911,1.978367e+03,hit,7.893043,-78.253113,14.633870,-8.120113e+04,3.644640e+05,-9.047209e+04
1912,1.978571e+03,miss,-13.371005,15.233629,-77.389617,4.486240e+04,2.120786e+04,3.810061e+05
1913,1.979117e+03,miss,-23.367902,-46.906029,60.446386,2.628328e+04,2.083764e+05,-3.218031e+05
1914,1.979245e+03,miss,17.452494,34.476739,70.048304,-5.829529e+04,-8.227748e+04,-3.708240e+05
1915,1.979805e+03,miss,-7.845234,15.445455,78.101794,-5.537243e+04,-4.949219e+04,-3.771002e+05
1916,1.980231e+03,miss,-4.575788,-10.848615,-79.128817,1.090971e+04,-4.350288e+04,3.817597e+05
1917,1.980350e+03,miss,2.983713,-18.597185,77.751155,3.709526e+04,1.575328e+05,-3.486663e+05
1918,1.981323e+03,miss,-7.256709,3.696013,-79.584418,4.587045e+04,7.590623e+04,3.741224e+05
1919,1.982533e+03,miss,-35.694198,49.177194,52.033911,8.754227e+04,-2.814845e+05,-2.470355e+05
1920,1.982961e+03,hit,-48.155146,-55.148816,32.244223,2.919051e+05,1.900870e+05,-1.631379e+05
1921,1.983293e+03,miss,-1.157890,-2.386225,-79.956021,-2.331774e+04,9.930160e+04,3.709122e+05
1922,1.983949e+03,miss,-4.886941,-63.291685,-48.685526,8.727906e+03,3.318918e+05,1.944247e+05
1923,1.984590e+03,miss,50.479589,-21.500860,-58.219620,-2.871556e+05,9.587803e+04,2.375420e+05
1924,1.984708e+03,miss,26.956081,-10.562409,-74.577511,-6.312800e+04,1.204985e+05,3.599736e+05
1925,1.985587e+03,hit,-6.979752,5.226980,-79.523341,2.664625e+04,-1.159588e+05,3.660534e+05
1926,1.986561e+03,miss,5.891325,-71.652467,-35.088691,-2.794193e+04,3.585823e+05,1.373398e+05
1927,1.988216e+03,hit,31.208806,-59.562162,-43.340042,-5.901812e+04,3.052992e+05,2.272817e+05
1928,1.988439e+03,hit,-48.677955,-59.676095,21.661494,2.995887e+05,2.201378e+05,-1.007490e+05
1929,1.988653e+03,hit,77.893326,-17.046839,6.483448,-3.815561e+05,3.433915e+04,-4.020060e+04
1930,1.988881e+03,miss,-39.464591,-10.178521,-68.839987,2.269496e+05,1.048113e+05,2.930970e+05
1931,1.988986e+03,miss,-30.489013,40.093331,-62.152593,1.734875e+05,-2.307986e+05,2.550280e+05
1932,1.989095e+03,miss,-43.499127,-33.419208,58.232143,1.434951e+05,1.404530e+05,-3.287787e+05
1933,1.989200e+03,hit,-74.473657,-19.596317,21.671612,3.698297e+05,-2.005163e+03,-1.079032e+05
1934,1.989309e+03,miss,-44.271529,-4.090054,66.507918,1.411962e+05,7.249047e+04,-3.510528e+05
1935,1.990189e+03,miss,-13.290324,-16.183799,77.210439,4.496276e+04,1.614046e+05,-3.470186e+05
1936,1.990950e+03,miss,75.494939,18.633494,18.796465,-3.286540e+05,-1.737134e+05,-1.017938e+05
1937,1.991950e+03,hit,66.805601,-36.448556,-24.668085,-2.651606e+05,2.534332e+05,1.186921e+05
1938,1.992497e+03,miss,-20.925038,18.035064,-75.079153,9.365924e+04,9.225295e+03,3.739117e+05
1939,1.993497e+03,miss,13.636871,-28.232628,73.599962,-9.561929e+04,4.514254e+04,-3.708919e+05
1940,1.994139e+03,miss,-16.555211,45.772768,63.488414,1.359853e+05,-2.434336e+05,-2.665291e+05
1941,1.994354e+03,miss,-6.625108,71.346013,-35.578848,-2.212576e+04,-3.566462e+05,1.453260e+05
1942,1.996449e+03,miss,12.074122,-52.228285,-59.383683,-1.402375e+05,2.460838e+05,2.621798e+05
1943,1.997116e+03,miss,-28.841940,-53.254278,-52.269727,1.921469e+05,2.564972e+05,2.151757e+05
1944,1.997998e+03,miss,13.371846,11.238070,78.069837,-1.688353e+04,3.011889e+04,-3.845587e+05
1945,1.999419e+03,miss,38.898882,12.177772,68.837336,-1.630544e+05,-1.470493e+05,-3.177630e+05
1946,1.999848e+03,miss,-25.112877,58.955538,-47.891419,1.997864e+05,-2.277671e+05,2.396313e+05
1947,2.000086e+03,miss,6.781979,-1.183366,-79.703227,-1.158754e+05,4.105693e+04,3.662248e+05
1948,2.000730e+03,miss,27.434359,-29.124657,-69.275611,-5.145719e+04,1.057515e+05,3.680356e+05
1949,2.001064e+03,miss,37.593542,6.338415,70.331715,-1.591327e+05,-1.220587e+05,-3.302799e+05
1950,2.002056e+03,hit,-18.973332,76.584240,13.223723,-3.813618e+03,-3.812550e+05,-6.332818e+04
1951,2.005803e+03,miss,31.875725,37.963293,62.791134,-1.938645e+05,-2.114656e+05,-2.595358e+05
1952,2.006018e+03,hit,-25.657851,69.732908,-29.647870,3.051728e+04,-3.587234e+05,1.416412e+05
1953,2.009123e+03,miss,67.473581,38.317841,19.469435,-2.960372e+05,-2.364549e+05,-7.974176e+04
1954,2.009338e+03,miss,29.825964,60.586876,-42.891052,-7.092900e+04,-3.306000e+05,1.886703e+05
1955,2.009544e+03,miss,-23.274852,-68.618060,33.909337,1.235426e+05,3.418731e+05,-1.334134e+05
1956,2.011648e+03,miss,-24.967863,74.044523,-17.146847,1.999407e+05,-3.179780e+05,9.491973e+04
1957,2.011872e+03,hit,74.036294,-23.938846,18.589211,-3.317773e+05,1.646742e+05,-1.136620e+05
1958,2.012628e+03,miss,-12.151783,-19.548762,-76.617101,1.778215e+04,7.614089e+03,3.870336e+05
1959,2.012987e+03,miss,-45.114329,40.981843,51.818779,2.786036e+05,-1.415605e+05,-2.292087e+05
1960,2.013633e+03,miss,-2.790136,6.093535,-79.718781,-2.797424e+04,-1.116447e+05,3.701311e+05
1961,2.013958e+03,miss,5.012253,-13.098807,-78.761022,-1.669640e+04,-3.349194e+04,3.858341e+05
1962,2.016615e+03,hit,-41.046741,-50.458767,-46.573360,1.790654e+05,2.021792e+05,2.784346e+05
1963,2.018267e+03,miss,4.032630,-68.673170,-40.837894,-1.124773e+05,3.183925e+05,1.912199e+05
1964,2.018387e+03,miss,-51.281048,-23.383547,56.775557,2.075495e+05,5.649540e+04,-3.230021e+05
1965,2.018938e+03,miss,4.337827,21.417377,76.957646,5.270345e+04,-4.037660e+04,-3.824030e+05
1966,2.019369e+03,miss,-13.291207,-0.925285,-78.882746,1.242344e+04,8.549533e+04,3.784288e+05
1967,2.019800e+03,miss,50.664259,-56.314222,-25.726277,-2.926429e+05,2.081470e+05,1.474427e+05
1968,2.021598e+03,miss,-64.420161,40.408126,-24.844039,3.132942e+05,-2.078540e+05,9.737503e+04
1969,2.023684e+03,miss,-29.106627,24.572145,-70.349228,2.114743e+05,-6.792302e+04,3.188403e+05
1970,2.024130e+03,miss,-4.385334,-1.983123,79.855094,5.784491e+04,9.470590e+04,-3.724408e+05
1971,2.024355e+03,miss,-79.809650,-1.909782,5.174219,3.730738e+05,1.058764e+05,-2.550138e+04
1972,2.024907e+03,miss,46.317461,21.449134,-61.600547,-1.619810e+05,-6.686936e+04,3.469525e+05
1973,2.025018e+03,miss,14.802315,-5.975695,78.391215,2.495358e+04,4.048963e+04,-3.857869e+05
1974,2.025233e+03,miss,8.086082,-56.433203,-56.124049,7.203473e+03,3.094640e+05,2.351380e+05
1975,2.026121e+03,miss,-13.622032,13.801837,77.614107,2.547504e+04,-1.482205e+05,-3.585494e+05
1976,2.026448e+03,miss,-70.210629,-34.299770,-17.146236,3.410790e+05,1.743027e+05,6.696275e+04
1977,2.026553e+03,miss,-21.437017,4.753221,76.927636,7.381514e+03,-1.892015e+04,-3.883243e+05
1978,2.027009e+03,hit,-10.183327,-73.049835,-30.984212,1.375833e+05,3.236518e+05,1.660198e+05
1979,2.027441e+03,miss,20.830033,23.656971,73.528616,-6.486143e+04,-1.921990e+05,-3.318539e+05
1980,2.028234e+03,miss,-48.665582,-5.587072,-63.249077,2.285806e+05,1.179717e+05,2.918342e+05
1981,2.028330e+03,miss,-15.257843,-12.835593,77.475453,1.109598e+05,-2.667294e+04,-3.719102e+05
1982,2.028666e+03,miss,58.665634,-21.753041,49.851264,-3.178848e+05,2.748741e+04,-2.226197e+05
1983,2.029113e+03,miss,15.001364,2.292974,-78.547447,-3.183519e+04,-9.780535e+04,3.752596e+05
1984,2.029665e+03,hit,73.955104,30.386176,2.706090,-3.382378e+05,-1.916971e+05,-1.696384e+04
1985,2.030097e+03,miss,-3.203327,-62.975836,-49.231929,6.838815e+04,3.239439e+05,2.045874e+05
1986,2.030434e+03,miss,-51.462413,-12.598208,59.940848,2.203227e+05,-2.463557e+04,-3.199198e+05
1987,2.030770e+03,hit,-42.524638,-48.560802,47.259959,2.493496e+05,1.559561e+05,-2.550005e+05
1988,2.031106e+03,miss,12.669089,71.348249,33.895744,-1.402641e+05,-3.316279e+05,-1.479759e+05
1989,2.031323e+03,miss,31.031789,-15.694193,72.046654,-1.802176e+05,1.430880e+05,-3.140247e+05
1990,2.031443e+03,miss,-51.956106,3.380284,60.738264,2.387954e+05,8.005323e+04,-2.968859e+05
1991,2.031875e+03,miss,6.765034,13.630086,78.539513,6.355322e+04,-6.991492e+04,-3.777277e+05
1992,2.031885e+03,miss,-1.512240,-1.439609,79.972749,3.325293e+04,9.698670e+04,-3.756246e+05
1993,2.032332e+03,hit,-6.438081,-9.436734,79.180169,8.984055e+04,-2.986086e+04,-3.777253e+05
1994,2.032981e+03,miss,-3.240544,18.439829,77.778349,3.803466e+04,-1.692118e+05,-3.487241e+05
1995,2.033428e+03,miss,-0.035269,-21.375581,77.091396,9.469378e+04,9.085664e+04,-3.667415e+05
1996,2.035087e+03,hit,-67.549803,39.675803,16.212794,3.248470e+05,-1.882406e+05,-1.043303e+05
1997,2.035433e+03,miss,23.117195,10.486838,75.865813,-6.723676e+04,3.508297e+04,-3.822554e+05
1998,2.035987e+03,miss,-73.075763,9.636494,31.097762,3.681465e+05,6.824863e+03,-1.278030e+05
1999,2.036747e+03,miss,-3.359258,-78.265331,-16.225082,3.732068e+04,3.827564e+05,6.382369e+04
2000,2.037093e+03,miss,12.468315,-15.460246,-77.495303,-1.230099e+05,1.284056e+05,3.469513e+05
2001,2.037421e+03,miss,1.046818,7.477552,-79.642893,1.390101e+03,-1.269737e+05,3.686391e+05
2002,2.037767e+03,miss,2.089372,37.994079,-70.371049,-4.002418e+04,-2.431995e+05,3.021539e+05
2003,2.038321e+03,miss,-62.511895,-44.806594,22.014362,2.397382e+05,2.828622e+05,-1.208336e+05
2004,2.039298e+03,hit,-55.566035,-50.366018,27.851032,3.262283e+05,1.695817e+05,-1.302932e+05
2005,2.039876e+03,miss,52.271536,-16.488805,-58.273543,-2.828351e+05,1.180141e+05,2.414110e+05
2006,2.040093e+03,miss,-54.240889,51.817041,-27.801443,3.217992e+05,-1.781562e+05,1.300926e+05
2007,2.040189e+03,miss,24.548646,-41.001033,-64.158236,-1.964644e+05,1.430503e+05,3.052277e+05
2008,2.041971e+03,miss,5.967967,-2.983998,79.721259,-7.332046e+04,-6.905638e+04,-3.771126e+05
2009,2.042429e+03,miss,5.601718,36.965373,70.726105,-7.871018e+04,-1.009598e+05,-3.687880e+05
2010,2.042767e+03,miss,10.118465,28.173048,-74.188247,2.028796e+04,-1.917068e+05,3.394920e+05
2011,2.044757e+03,miss,-19.361214,-2.865497,77.568887,9.193055e+04,-8.188125e+04,-3.706895e+05
2012,2.044984e+03,miss,18.044346,16.887945,-76.086785,-6.902803e+04,-1.669570e+05,3.463292e+05
2013,2.046532e+03,miss,-2.387338,-1.871463,-79.942468,-6.375999e+04,6.704258e+04,3.796562e+05
2014,2.047642e+03,miss,56.954675,-55.891179,-5.686920,-2.811115e+05,2.706719e+05,2.224162e+04
2015,2.049645e+03,miss,-17.836161,-12.940734,76.905193,1.356314e+05,-1.902372e+04,-3.662968e+05
2016,2.050103e+03,miss,-67.950180,37.210510,-19.953720,3.633216e+05,-1.173593e+05,8.479126e+04
2017,2.050330e+03,miss,-78.644699,-11.936310,-8.516796,3.716278e+05,1.167964e+05,3.512320e+04
2018,2.050885e+03,miss,58.436241,35.270781,-41.727423,-3.224696e+05,-1.399203e+05,1.716373e+05
2019,2.051093e+03,miss,9.707256,0.605291,-79.406566,-1.347414e+05,-2.359680e+04,3.665067e+05
2020,2.051890e+03,miss,-7.017216,4.209012,79.580418,-9.228359e+03,6.632018e+04,-3.855063e+05
2021,2.052325e+03,miss,27.012589,-57.200072,-48.974195,-6.013771e+04,3.196939e+05,2.175094e+05
2022,2.053557e+03,miss,-16.325379,66.236520,-41.787624,1.465289e+05,-3.166472e+05,1.774453e+05
2023,2.054209e+03,miss,-18.210596,2.794121,-77.849644,1.687726e+05,1.538413e+04,3.529176e+05
2024,2.054330e+03,miss,27.639310,59.927953,45.218458,-2.166587e+05,-2.494678e+05,-2.100132e+05
2025,2.055224e+03,miss,32.921340,-31.618537,65.699722,-9.708253e+04,2.222241e+05,-3.074717e+05
2026,2.056795e+03,miss,30.556107,-71.943995,-17.040712,-2.293118e+05,3.036125e+05,9.327489e+04
2027,2.059020e+03,miss,39.288137,56.284706,41.091047,-1.730002e+05,-3.094087e+05,-1.672359e+05
2028,2.059253e+03,miss,3.830639,24.986751,-75.901176,4.494195e+04,-1.799378e+05,3.453268e+05
2029,2.059349e+03,miss,-0.242456,-16.471181,-78.285640,-8.106255e+04,1.202256e+05,3.641839e+05
2030,2.061019e+03,miss,36.112437,-23.603115,-67.370504,-1.646922e+05,2.217717e+04,3.551964e+05
2031,2.061130e+03,miss,45.805548,7.750886,65.128915,-1.596133e+05,-1.077441e+05,-3.416181e+05
2032,2.061358e+03,miss,-10.458396,-9.979373,-78.683124,-4.272391e+04,7.497908e+04,3.825675e+05
2033,2.061687e+03,hit,-62.029538,50.519087,-0.397864,3.300367e+05,-2.119030e+05,1.602879e+03
2034,2.062036e+03,hit,33.331618,63.106349,36.146812,-2.398087e+05,-2.479000e+05,-1.867969e+05
2035,2.062714e+03,miss,-7.802208,-11.444220,-78.791848,1.292940e+05,4.401393e+04,3.677664e+05
2036,2.063358e+03,miss,-8.921183,-40.399887,68.470882,8.006808e+04,2.479092e+05,-2.934015e+05
2037,2.064603e+03,miss,23.229062,-68.794053,-33.582569,-1.859939e+04,3.567650e+05,1.625422e+05
2038,2.065950e+03,miss,65.309582,15.932292,-43.368429,-3.472900e+05,-4.141190e+04,1.783885e+05
2039,2.066847e+03,miss,-20.426541,23.939803,73.550270,3.851202e+04,-1.859884e+05,-3.437147e+05
2040,2.067040e+03,miss,72.669061,4.087522,-33.203911,-3.642378e+05,-5.847865e+04,1.346854e+05
2041,2.067831e+03,hit,-40.104439,-67.300858,-16.193470,2.118416e+05,3.245182e+05,6.402443e+04
2042,2.067952e+03,miss,-59.719402,48.074870,22.856069,3.438454e+05,-1.568462e+05,-1.070828e+05
2043,2.069504e+03,miss,54.045614,-46.823645,35.869456,-3.064555e+05,1.475945e+05,-1.967582e+05
2044,2.069514e+03,miss,76.954575,18.183362,12.139140,-3.717339e+05,-1.178638e+05,-4.832833e+04
2045,2.071517e+03,miss,24.204857,13.650784,75.018538,-1.462175e+05,-1.423670e+05,-3.360286e+05
2046,2.071648e+03,miss,2.196535,3.016200,-79.912939,1.314875e+04,-1.060017e+05,3.783697e+05
2047,2.071857e+03,miss,8.505821,-19.808685,-77.040684,-7.747512e+04,5.334356e+03,3.854317e+05
2048,2.071978e+03,miss,53.188769,4.384652,-59.596390,-1.910022e+05,-3.904174e+04,3.414549e+05
2049,2.072207e+03,hit,5.561301,-4.673672,79.669497,-1.675842e+04,1.157876e+05,-3.754024e+05
2050,2.072876e+03,miss,36.869458,70.668862,6.823129,-8.960404e+04,-3.812198e+05,-3.615459e+04
2051,2.072998e+03,hit,-23.051130,-61.053897,-46.271666,1.550703e+05,2.409185e+05,2.694162e+05
2052,2.073095e+03,miss,-33.432127,53.448246,49.250156,2.370923e+05,-2.241800e+05,-2.195709e+05
2053,2.073192e+03,miss,-14.625536,33.240521,71.282266,-2.658925e+04,-1.574776e+05,-3.594188e+05
2054,2.073896e+03,miss,52.983232,9.362694,59.204029,-2.609988e+05,5.203111e+04,-2.896774e+05
2055,2.074882e+03,miss,64.856668,32.668810,33.561310,-3.518499e+05,-1.041984e+05,-1.419806e+05
2056,2.075790e+03,hit,-71.081225,6.733317,-36.084926,3.180417e+05,-1.190506e+05,1.988929e+05
2057,2.075912e+03,miss,-0.486044,1.130866,-79.990530,9.450434e+04,-2.930240e+04,3.809217e+05
2058,2.075999e+03,miss,12.023882,11.791583,-78.207320,3.399531e+04,-8.834706e+04,3.820166e+05
2059,2.076121e+03,miss,66.453362,-9.457796,43.525863,-3.365184e+05,9.537669e+04,-1.804585e+05
2060,2.076568e+03,hit,-77.867133,-12.096245,-13.798203,3.848379e+05,-3.768445e+04,7.361828e+04
2061,2.076689e+03,miss,2.941951,-48.857047,63.279807,6.540946e+04,1.913605e+05,-3.377155e+05
2062,2.077029e+03,miss,65.641863,-45.706723,1.428756,-3.681787e+05,1.391405e+05,-7.667360e+03
2063,2.077117e+03,miss,55.924935,-46.351142,33.525709,-2.901554e+05,2.298133e+05,-1.340767e+05
2064,2.079255e+03,miss,71.552356,3.925032,-35.564793,-3.309638e+05,-1.161177e+05,1.792209e+05
2065,2.080277e+03,miss,57.525715,22.429570,50.869505,-2.173705e+05,-1.694027e+05,-2.815483e+05
2066,2.082174e+03,miss,30.627226,63.147278,38.397842,-2.001341e+05,-3.000359e+05,-1.590064e+05
2067,2.082514e+03,miss,17.041505,-23.482819,-74.552963,-4.099057e+04,3.007856e+04,3.908948e+05
2068,2.082636e+03,miss,27.750782,69.412225,28.492757,-7.774985e+04,-3.447576e+05,-1.746135e+05
2069,2.083064e+03,miss,-65.605893,-22.133835,-40.074433,3.358534e+05,1.281708e+05,1.618623e+05
2070,2.083634e+03,miss,35.197771,-59.024709,-40.953640,-2.119645e+05,2.871510e+05,1.675785e+05
2071,2.085084e+03,hit,-78.268298,-15.234838,-6.478673,3.724890e+05,1.230345e+05,4.110797e+04
2072,2.085206e+03,miss,18.990925,29.120433,-72.050990,-2.660663e+04,-2.053605e+05,3.357136e+05
2073,2.085547e+03,miss,70.158546,26.831677,27.528886,-2.967301e+05,-2.104884e+05,-1.524986e+05
2074,2.086107e+03,miss,-62.616988,-38.982807,-30.975049,2.926146e+05,2.323800e+05,1.266013e+05
2075,2.086204e+03,miss,-6.398776,-54.198632,58.494136,1.163263e+05,2.197175e+05,-3.063517e+05
2076,2.086886e+03,miss,-16.708805,-25.858582,-73.838673,7.928077e+04,2.038435e+05,3.284391e+05
2077,2.087008e+03,miss,-40.370345,54.055937,42.990590,2.046644e+05,-2.137392e+05,-2.610497e+05
2078,2.087130e+03,miss,-24.547651,6.688522,-75.846401,1.113647e+05,-1.255776e+05,3.571501e+05
2079,2.087349e+03,hit,-5.642668,-4.679133,79.663455,1.077528e+05,-2.762360e+04,-3.786432e+05
2080,2.087446e+03,hit,31.352833,73.314467,-6.479877,-1.943321e+05,-3.424861e+05,2.626708e+04
2081,2.087909e+03,miss,-13.799646,-73.951394,-27.216927,1.062065e+05,3.637500e+05,1.104189e+05
2082,2.088348e+03,hit,5.600870,-72.405865,33.556235,4.384723e+04,3.383985e+05,-1.984510e+05
2083,2.088591e+03,miss,-1.174342,-27.150778,75.242649,-3.393759e+04,2.023241e+05,-3.372689e+05
2084,2.088801e+03,miss,-0.570863,-0.893959,-79.992968,-8.512244e+04,4.246596e+04,3.831495e+05
2085,2.088908e+03,miss,-48.010710,49.866290,-40.103926,2.711589e+05,-2.356261e+05,1.637495e+05
2086,2.090946e+03,miss,-61.861302,32.408031,39.024337,3.308795e+05,-6.547312e+04,-2.055354e+05
2087,2.091053e+03,miss,-52.879666,-28.828101,-52.656258,2.721043e+05,1.845356e+05,2.189215e+05
2088,2.091165e+03,miss,61.483974,40.071480,-31.843328,-2.393943e+05,-2.725150e+05,1.563811e+05
2089,2.091507e+03,miss,1.545796,-15.174313,-78.532482,1.179317e+04,-2.230242e+04,3.942310e+05
2090,2.092506e+03,miss,15.539061,2.141588,-78.447123,-1.247034e+05,6.843453e+04,3.686393e+05
2091,2.092516e+03,miss,11.765239,-67.652005,-41.046138,-1.188246e+05,2.902289e+05,2.403701e+05
2092,2.094653e+03,miss,21.895932,70.891611,29.915675,-1.916739e+05,-3.174271e+05,-1.370785e+05
2093,2.094873e+03,miss,25.658238,10.664695,75.019458,-9.451332e+04,-1.417631e+05,-3.567579e+05
2094,2.095995e+03,hit,0.976624,-7.936778,-79.599333,9.034568e+04,2.122949e+04,3.844171e+05
2095,2.097475e+03,miss,-11.967674,35.257687,-70.807275,1.492185e+05,-1.560919e+05,3.314650e+05
2096,2.100283e+03,miss,54.575116,58.420041,2.942033,-2.298471e+05,-3.220770e+05,-1.209024e+04
2097,2.100503e+03,miss,29.107189,7.733910,-74.114494,-6.554456e+04,1.759464e+04,3.900259e+05
2098,2.101627e+03,miss,40.696880,30.388134,61.808780,-2.431874e+05,-1.725702e+05,-2.605555e+05
2099,2.101872e+03,miss,28.976612,36.599369,-64.968009,-2.159179e+05,-1.192804e+05,3.098059e+05
2100,2.102644e+03,miss,-63.848414,26.778828,40.078352,2.996776e+05,-1.947206e+05,-1.707714e+05
2101,2.102874e+03,miss,11.194027,-58.153786,53.785044,-1.475210e+05,2.504981e+05,-2.690558e+05
2102,2.102996e+03,hit,-40.539670,-62.490669,-29.179640,2.150556e+05,2.764910e+05,1.849749e+05
2103,2.103769e+03,miss,54.682049,11.715919,57.206737,-3.086221e+05,-6.974679e+04,-2.384477e+05
2104,2.103989e+03,miss,64.152668,-47.718899,-2.709594,-3.509625e+05,1.835277e+05,1.135270e+04
2105,2.105114e+03,miss,-19.269047,-73.685002,24.479059,1.662609e+05,3.438107e+05,-1.059311e+05
2106,2.106044e+03,miss,-19.712244,-4.330398,77.412370,7.194723e+04,1.143547e+05,-3.726740e+05
2107,2.106264e+03,miss,36.023485,-64.790121,30.075716,-1.066009e+05,3.578582e+05,-1.331520e+05
2108,2.106827e+03,miss,35.741960,-18.983374,69.008288,-1.142894e+05,3.092855e+04,-3.783901e+05
2109,2.108286e+03,miss,0.324055,-8.278289,79.569874,8.595598e+04,-2.251915e+03,-3.871860e+05
2110,2.108516e+03,miss,14.318913,-65.030853,44.339112,-1.633591e+05,2.853614e+05,-2.218251e+05
2111,2.110328e+03,miss,4.807197,13.783636,78.656864,-6.328615e+04,2.277414e+04,-3.910692e+05
2112,2.110671e+03,miss,-46.618693,29.013956,58.179789,2.508900e+05,-1.860237e+05,-2.448140e+05
2113,2.111234e+03,hit,-70.172493,-37.225068,-9.492921,3.276456e+05,2.153889e+05,6.150217e+04
2114,2.111567e+03,miss,59.131955,-2.624772,-53.819350,-2.783895e+05,1.093417e+05,2.609503e+05
2115,2.111910e+03,miss,16.720247,8.170921,-77.805330,-3.453320e+04,-1.241889e+05,3.754485e+05
2116,2.112140e+03,miss,-73.904315,11.438270,28.413344,3.775449e+05,1.233830e+04,-1.220727e+05
2117,2.112474e+03,miss,66.044924,22.087080,-39.372947,-2.855626e+05,-1.286840e+05,2.439538e+05
2118,2.112572e+03,miss,37.326059,25.143571,66.140503,-1.540523e+05,-4.090285e+04,-3.636223e+05
2119,2.114498e+03,hit,11.341463,79.191237,-0.345224,-5.340781e+04,-3.935935e+05,1.371392e+03
2120,2.115292e+03,miss,-15.707062,13.249911,-77.315769,-2.110758e+04,-5.537768e+04,3.928322e+05
2121,2.116666e+03,miss,37.432376,18.132101,68.337721,-1.352796e+05,-1.731101e+05,-3.311558e+05
2122,2.118579e+03,miss,-59.277215,45.890610,-27.933201,3.309621e+05,-1.500663e+05,1.613034e+05
2123,2.118923e+03,hit,79.302127,-4.835537,-9.369641,-3.785263e+05,1.137879e+05,4.324838e+04
2124,2.119380e+03,miss,-32.461819,3.697690,-73.024362,2.005553e+05,6.059393e+04,3.379945e+05
2125,2.119821e+03,miss,-2.234963,3.232979,-79.903397,-8.440490e+04,-3.362512e+04,3.871853e+05
2126,2.121859e+03,miss,-23.704117,-64.036873,41.682056,2.928715e+04,3.455290e+05,-1.951187e+05
2127,2.122537e+03,miss,-4.606056,6.026354,79.639609,1.057254e+05,1.873284e+04,-3.831985e+05
2128,2.122768e+03,hit,56.030835,-41.099135,39.640972,-2.077561e+05,2.521519e+05,-2.272530e+05
2129,2.122891e+03,miss,42.464365,-10.081103,67.045873,-1.498843e+05,-1.614425e+04,-3.683346e+05
2130,2.123112e+03,miss,-40.531344,-7.562067,68.556730,2.597881e+05,2.025164e+02,-3.015342e+05
2131,2.123554e+03,miss,-43.893320,-17.040069,64.676213,1.758875e+05,5.873262e+03,-3.570362e+05
2132,2.124011e+03,miss,-53.961207,-9.125851,-58.351580,2.512802e+05,1.378206e+05,2.763035e+05
2133,2.125486e+03,hit,36.537219,-51.899693,48.697572,-9.162303e+04,2.789785e+05,-2.690095e+05
2134,2.126862e+03,miss,-24.630723,-48.887130,-58.338461,1.646023e+05,1.638424e+05,3.236578e+05
2135,2.128657e+03,miss,40.492810,6.025529,-68.731546,-1.136006e+05,-2.989737e+04,3.808249e+05
2136,2.129002e+03,miss,2.488939,75.019124,27.675552,5.611214e+04,-3.570483e+05,-1.679887e+05
2137,2.129346e+03,hit,-48.217201,-63.661491,4.723997,3.093834e+05,2.502995e+05,-2.258373e+04
2138,2.130936e+03,miss,-71.364484,-16.329543,32.256108,3.727651e+05,7.675325e+03,-1.413640e+05
2139,2.131610e+03,miss,75.332218,11.863477,24.172605,-3.515306e+05,-1.500293e+05,-1.138609e+05
2140,2.131733e+03,miss,-44.412103,6.968317,66.174071,2.775651e+05,-2.361557e+04,-2.854050e+05
2141,2.134013e+03,hit,-16.675361,77.663655,-9.502055,2.069682e+03,-3.949679e+05,5.676466e+04
2142,2.134900e+03,miss,14.264553,-11.309470,-77.901338,2.896344e+04,5.910108e+04,3.936502e+05
2143,2.135146e+03,miss,11.932736,-5.256106,78.930242,-2.616825e+04,1.166036e+05,-3.808274e+05
2144,2.135713e+03,hit,67.263722,-42.239172,9.562642,-3.265277e+05,2.207449e+05,-6.327998e+04
2145,2.136270e+03,miss,-5.264236,4.550355,-79.696814,-4.832679e+04,-8.514146e+04,3.870530e+05
2146,2.136378e+03,miss,37.339001,37.237729,-60.159376,-9.709269e+04,-2.310648e+05,3.107808e+05
2147,2.137058e+03,miss,58.275841,-23.865486,-49.339284,-3.299807e+05,5.469611e+04,2.181157e+05
2148,2.137192e+03,hit,73.308534,3.684251,31.816429,-3.588981e+05,7.989371e+04,-1.557963e+05
2149,2.137635e+03,miss,15.410091,33.954481,70.778686,-5.983369e+04,-2.391190e+05,-3.142267e+05
2150,2.138325e+03,miss,48.365416,40.982951,48.797380,-2.176037e+05,-2.613110e+05,-2.095545e+05
2151,2.138537e+03,miss,4.016196,-25.958160,-75.564834,-7.220341e+03,3.231379e+04,3.980797e+05
2152,2.138759e+03,hit,-76.977361,14.121553,16.585162,3.600116e+05,-1.556366e+05,-7.582322e+04
2153,2.140017e+03,miss,77.850022,11.618605,-14.296225,-3.858514e+05,-8.628561e+04,5.785873e+04
2154,2.140362e+03,miss,12.044511,13.734181,-77.886469,-1.501802e+05,-6.207501e+04,3.650925e+05
2155,2.140806e+03,hit,67.074973,32.800667,-28.723933,-3.532118e+05,-8.180761e+04,1.681723e+05
2156,2.143101e+03,miss,-5.517538,26.766361,75.187224,1.060077e+05,-1.684430e+05,-3.468336e+05
2157,2.143881e+03,miss,-11.244366,68.487100,39.787955,-1.325042e+04,-3.600399e+05,-1.736609e+05
2158,2.144014e+03,hit,-76.470360,-22.812319,5.646424,3.681930e+05,1.518263e+05,-3.681161e+04
2159,2.144227e+03,miss,-36.311183,-37.267200,60.767210,1.894529e+05,2.378071e+05,-2.598915e+05
2160,2.144449e+03,miss,-28.883137,53.308959,-52.191180,5.299472e+04,-3.031148e+05,2.555734e+05
2161,2.144918e+03,miss,22.839725,20.571784,-73.858978,-1.680892e+05,-1.518454e+05,3.297405e+05
2162,2.146745e+03,miss,54.365482,55.203270,-19.924689,-2.190111e+05,-3.237066e+05,8.616442e+04
2163,2.148673e+03,hit,-49.065778,-52.967267,-34.453129,3.044752e+05,1.846147e+05,1.831181e+05
2164,2.149241e+03,hit,-76.863919,21.693776,4.617155,3.944238e+05,-6.243476e+04,-2.990149e+04
2165,2.150724e+03,miss,8.747302,-44.946783,65.599325,5.553375e+04,2.094127e+05,-3.369501e+05
2166,2.151540e+03,miss,-67.563587,-32.890750,-27.447411,3.666183e+05,1.122253e+05,1.163204e+05
2167,2.152445e+03,hit,9.806318,-3.830680,-79.304237,-7.602989e+04,1.090029e+05,3.780731e+05
2168,2.153237e+03,miss,59.872845,4.790271,-52.842177,-3.340198e+05,-1.384514e+04,2.211326e+05
2169,2.153361e+03,hit,32.377167,-68.047040,26.857391,-6.627583e+04,3.683108e+05,-1.436119e+05
2170,2.153460e+03,miss,36.543333,-46.940486,-53.489958,-2.469015e+05,1.572106e+05,2.738642e+05
2171,2.154731e+03,hit,-47.094798,-9.080317,64.028336,2.889577e+05,3.400974e+04,-2.758964e+05
2172,2.155637e+03,miss,-3.779087,-0.444203,-79.909456,5.560671e+04,9.139528e+04,3.865157e+05
2173,2.155736e+03,miss,25.225780,-4.868035,75.762539,-3.379698e+04,-1.007116e+04,-3.995039e+05
2174,2.156454e+03,miss,-7.190543,-3.962366,79.577608,8.851790e+04,9.714381e+04,-3.789832e+05
2175,2.157247e+03,miss,-44.785358,41.671673,-51.553307,2.368641e+05,-2.416161e+05,2.155847e+05
2176,2.158163e+03,miss,-1.935619,-0.952039,79.970913,-2.944401e+04,9.383100e+04,-3.890461e+05
2177,2.158376e+03,hit,-42.381986,58.435330,-34.483031,1.388444e+05,-3.150589e+05,2.061651e+05
2178,2.158733e+03,miss,10.081028,-64.117534,46.768737,4.987773e+04,3.148124e+05,-2.438769e+05
2179,2.158832e+03,miss,-3.070699,-11.021552,-79.177624,4.621598e+04,1.406472e+05,3.730421e+05
2180,2.159293e+03,miss,35.865923,-14.372182,70.050524,-2.233685e+05,-1.084818e+04,-3.333184e+05
2181,2.160442e+03,miss,-47.737797,10.696871,-63.298339,2.917562e+05,-4.077858e+04,2.727884e+05
2182,2.160556e+03,miss,28.152665,-60.909373,43.560025,-1.313452e+05,2.640985e+05,-2.724097e+05
2183,2.160665e+03,miss,15.424093,61.885768,-48.293364,-7.683940e+04,-3.392017e+05,2.006307e+05
2184,2.161126e+03,miss,-41.486334,46.213592,50.430031,1.183565e+05,-2.671467e+05,-2.754515e+05
2185,2.161225e+03,miss,-4.036273,-21.847536,-76.853065,1.153530e+05,8.804460e+04,3.744307e+05
2186,2.161473e+03,miss,-1.813861,3.582747,-79.899148,-8.602475e+04,-4.063385e+04,3.901585e+05
2187,2.161572e+03,hit,61.673074,-41.467033,29.612787,-2.576034e+05,2.479596e+05,-1.828632e+05
2188,2.161795e+03,miss,8.531238,-42.367407,67.321771,4.290373e+04,1.672902e+05,-3.625911e+05
2189,2.162737e+03,miss,-6.722903,-4.128456,-79.610040,-5.143326e+04,7.086382e+04,3.920489e+05
2190,2.163967e+03,miss,2.658679,-8.751559,79.475415,-1.082352e+05,5.563341e+04,-3.829507e+05
2191,2.164315e+03,miss,-69.709957,37.283255,-12.267064,3.544972e+05,-1.826944e+05,4.941172e+04
2192,2.165704e+03,miss,63.213589,19.177926,45.124820,-3.427998e+05,-1.016641e+04,-2.097038e+05
2193,2.165937e+03,miss,-35.688866,71.478510,4.138526,2.104312e+05,-3.421124e+05,-1.691028e+04
2194,2.166384e+03,miss,-57.388749,-14.687503,53.766242,2.727294e+05,-2.083725e+04,-2.946624e+05
2195,2.166498e+03,miss,3.455845,32.685575,72.936344,1.888622e+04,-7.534767e+04,-3.944819e+05
2196,2.166721e+03,hit,32.869348,65.213512,32.661963,-2.167363e+05,-2.749740e+05,-1.976899e+05
2197,2.166944e+03,miss,-18.624061,1.906410,-77.778596,-7.056053e+03,-6.474076e+03,4.019845e+05
2198,2.167764e+03,miss,6.799039,8.949775,-79.206531,-4.533812e+04,5.458056e+04,3.958659e+05
2199,2.168459e+03,miss,5.204319,3.892596,79.735580,4.808926e+04,4.713973e+04,-3.965621e+05
2200,2.168657e+03,hit,55.014780,22.047036,53.733623,-2.500683e+05,-3.564019e+04,-3.130602e+05
2201,2.169030e+03,miss,48.110957,9.108257,-63.264330,-1.699607e+05,-1.027307e+04,3.644814e+05
2202,2.170038e+03,miss,-6.113271,-32.712217,-72.749837,1.255656e+05,1.393795e+05,3.559786e+05
2203,2.170733e+03,miss,26.535581,-39.195027,-64.495060,-2.026700e+05,1.240451e+05,3.248133e+05
2204,2.170743e+03,miss,25.910469,-41.459618,-63.322569,-1.580660e+05,1.196788e+05,3.502269e+05
2205,2.170843e+03,hit,-6.731639,-56.828521,55.903526,8.327038e+04,2.226622e+05,-3.247487e+05
2206,2.171081e+03,miss,2.631404,52.027712,-60.714026,7.722346e+04,-2.730759e+05,2.854085e+05
2207,2.171091e+03,hit,37.300251,61.827527,34.439050,-2.653295e+05,-2.462184e+05,-1.759813e+05
2208,2.172920e+03,hit,48.510778,-62.975606,8.987628,-1.826506e+05,3.566988e+05,-3.916441e+04
2209,2.173367e+03,miss,12.203589,23.685405,-75.432579,-8.830456e+04,-2.217560e+04,3.922665e+05
2210,2.173949e+03,hit,-17.670562,77.978922,-2.653116,5.738618e+04,-3.984915e+05,1.082679e+04
2211,2.174386e+03,miss,-3.979287,-71.826940,-35.000800,6.839635e+04,3.686140e+05,1.472556e+05
2212,2.174859e+03,miss,-51.465389,12.714000,-59.913838,2.986820e+05,-8.708596e+04,2.558884e+05
2213,2.176450e+03,hit,50.330134,-30.103971,54.411658,-1.817426e+05,1.583906e+05,-3.229157e+05
2214,2.177495e+03,miss,-55.779504,-39.200121,41.856869,2.769770e+05,2.348801e+05,-1.748873e+05
2215,2.177609e+03,miss,12.192189,4.984527,-78.908206,3.773772e+04,-5.436744e+03,4.012796e+05
2216,2.177833e+03,hit,-4.590122,78.781442,13.130698,5.197328e+04,-3.902126e+05,-8.676783e+04
2217,2.178182e+03,miss,7.817114,54.680501,-57.869988,4.794633e+04,-2.952643e+05,2.702626e+05
2218,2.178192e+03,miss,-19.416504,-13.500989,76.424621,1.826644e+05,6.081413e+04,-3.542002e+05
2219,2.178988e+03,miss,26.649713,-12.848152,74.328446,-2.119770e+05,4.106201e+04,-3.405312e+05
2220,2.179227e+03,miss,-3.348462,27.856048,-74.918812,-3.309436e+04,-5.472327e+04,3.981329e+05
2221,2.180247e+03,miss,53.913004,40.482599,43.064454,-1.956229e+05,-2.706902e+05,-2.261291e+05
2222,2.181866e+03,miss,-2.842909,10.495356,79.257589,8.789655e+04,-1.099054e+05,-3.781423e+05
2223,2.183460e+03,miss,-54.188678,-38.396539,44.601490,2.845552e+05,2.180514e+05,-1.854656e+05
2224,2.183574e+03,miss,-37.013003,-67.877662,20.558712,1.110014e+05,3.768410e+05,-9.270191e+04
2225,2.185204e+03,miss,-6.856297,-17.785125,77.696078,-4.469771e+04,1.429809e+05,-3.749724e+05
2226,2.185418e+03,miss,57.655580,42.839271,-35.222592,-2.329068e+05,-2.484876e+05,2.169562e+05
2227,2.187039e+03,hit,-19.434418,77.109621,8.741264,1.450204e+05,-3.727204e+05,-5.684349e+04
2228,2.187961e+03,miss,-71.388845,28.364020,22.340888,3.863494e+05,-5.680862e+04,-1.037223e+05
2229,2.188061e+03,hit,-59.837978,46.984104,-24.736822,2.915882e+05,-2.272546e+05,1.630659e+05
2230,2.188071e+03,miss,40.340502,46.634660,50.969132,-2.291975e+05,-2.547940e+05,-2.140283e+05
2231,2.188420e+03,miss,-43.730034,54.009336,39.631751,2.864012e+05,-1.952336e+05,-2.077109e+05
2232,2.188535e+03,miss,13.402509,-27.090620,-74.070717,-9.447776e+04,2.060553e+05,3.345286e+05
2233,2.188660e+03,miss,23.069694,-32.397712,-69.413093,-9.265164e+04,7.484960e+04,3.861564e+05
2234,2.188994e+03,miss,79.145455,7.467670,8.957164,-3.969528e+05,-6.645543e+04,-3.661373e+04
2235,2.189558e+03,miss,0.017276,0.616132,79.997625,-4.840292e+04,8.244649e+04,-3.927216e+05
2236,2.190381e+03,miss,-45.719291,-20.505393,-62.364055,2.471141e+05,1.649697e+05,2.741378e+05
2237,2.191519e+03,miss,52.416861,-19.080824,57.344528,-1.908035e+05,1.149960e+05,-3.374712e+05
2238,2.192203e+03,miss,12.014992,5.437586,78.905466,7.178301e+02,5.306857e+04,-4.009378e+05
2239,2.193116e+03,miss,11.473333,55.816571,-56.150450,-2.137168e+02,-3.193728e+05,2.482681e+05
2240,2.194390e+03,miss,-8.091577,21.795045,-76.547387,1.253479e+05,-1.369455e+05,3.595343e+05
2241,2.196938e+03,miss,-33.373745,11.012547,-71.867356,9.688812e+04,-1.274393e+05,3.718778e+05
2242,2.197988e+03,miss,65.854518,-43.087950,-14.373972,-3.775951e+05,1.266842e+05,7.329765e+04
2243,2.198428e+03,miss,34.757868,-30.605373,-65.231908,-1.471122e+05,7.195092e+04,3.704233e+05
2244,2.198563e+03,hit,41.890932,-64.023549,23.369532,-2.297499e+05,2.963279e+05,-1.531248e+05
2245,2.198888e+03,miss,31.800465,49.903390,53.836624,-1.427324e+05,-3.002462e+05,-2.314009e+05
2246,2.199228e+03,miss,-1.190689,0.566848,-79.989130,7.780660e+04,6.389584e+04,3.923716e+05
2247,2.199803e+03,miss,-41.497935,29.392023,61.757837,2.613357e+05,-6.499715e+04,-3.026780e+05
2248,2.202104e+03,hit,2.506865,-77.267253,20.578806,4.332990e+04,3.809221e+05,-1.316339e+05
2249,2.203380e+03,miss,19.558556,9.873004,-76.941450,-1.721501e+05,-8.930948e+04,3.560758e+05
2250,2.203955e+03,miss,6.070305,-12.285619,78.817606,8.595356e+02,-3.443260e+04,-4.040525e+05
2251,2.204772e+03,miss,-34.619173,-38.845420,-60.766325,2.032137e+05,1.046040e+05,3.350640e+05
2252,2.204907e+03,miss,-40.295450,-57.442070,38.427662,2.778496e+05,2.209985e+05,-1.961505e+05
2253,2.206058e+03,miss,-59.209300,-13.446553,52.090776,2.835612e+05,1.566411e+05,-2.442505e+05
2254,2.208253e+03,miss,-24.975286,17.875066,-73.869595,9.608711e+04,-1.777117e+05,3.520671e+05
2255,2.209731e+03,hit,37.895974,-70.257752,-5.267200,-1.156157e+05,3.879184e+05,3.206322e+04
2256,2.210433e+03,miss,32.603067,50.258032,53.020470,-1.576718e+05,-2.980031e+05,-2.264107e+05
2257,2.210558e+03,miss,38.023982,32.345639,-62.513490,-2.611726e+05,-1.278616e+05,2.835097e+05
2258,2.211009e+03,hit,26.139015,-67.909477,33.242365,-3.264908e+04,3.657312e+05,-1.736255e+05
2259,2.211360e+03,miss,-27.850704,-14.652179,73.550336,7.459619e+04,1.500747e+05,-3.700139e+05
2260,2.211701e+03,miss,78.650692,5.644740,-13.498353,-3.855953e+05,-1.121334e+05,6.136021e+04
2261,2.213331e+03,miss,-19.266376,-23.708592,73.937199,2.171033e+04,1.820582e+05,-3.626677e+05
2262,2.214144e+03,miss,39.228705,56.605604,40.705212,-1.063632e+05,-3.302181e+05,-2.117732e+05
2263,2.215298e+03,miss,-57.555763,-54.350433,11.548361,2.229364e+05,3.330364e+05,-6.839045e+04
2264,2.215414e+03,miss,75.022909,23.101820,15.423001,-3.412533e+05,-2.076689e+05,-7.562769e+04
2265,2.215991e+03,miss,9.504546,-49.333407,-62.256554,-1.773879e+04,3.007721e+05,2.730647e+05
2266,2.216001e+03,miss,-21.184724,10.382323,76.442232,7.936690e+04,-1.447807e+05,-3.715952e+05
2267,2.217045e+03,hit,8.163466,42.169531,-67.491396,-6.471998e+04,-2.694392e+05,2.977168e+05
2268,2.217271e+03,miss,-39.457971,-14.791219,68.002120,1.311878e+05,1.500406e+05,-3.545644e+05
2269,2.217949e+03,miss,15.950157,25.618914,-74.089566,-6.953183e+04,-3.157107e+04,3.995716e+05
2270,2.217974e+03,miss,62.256908,36.852589,-34.146216,-3.564861e+05,-1.237244e+05,1.519892e+05
2271,2.218416e+03,miss,-19.062638,-8.625084,-77.215437,1.228519e+05,-5.259369e+04,3.842721e+05
2272,2.218526e+03,miss,50.613385,0.451426,61.952252,-2.675112e+05,-9.207421e+04,-2.923903e+05
2273,2.219229e+03,miss,68.439106,-40.362166,9.326540,-3.800738e+05,1.394571e+05,-4.098895e+04
2274,2.219707e+03,hit,41.551744,65.448901,-19.745733,-2.822749e+05,-2.784464e+05,9.169791e+04
2275,2.220159e+03,miss,-1.304828,0.220085,-79.989055,-9.262900e+04,-1.315258e+03,3.963230e+05
2276,2.221440e+03,miss,-7.510652,-66.560777,43.740749,1.292194e+05,3.261322e+05,-2.066145e+05
2277,2.222018e+03,miss,-22.577828,-74.780172,17.267531,6.865070e+04,3.851099e+05,-1.130044e+05
2278,2.222722e+03,miss,-18.768561,33.976385,69.952458,1.009927e+05,-7.733080e+04,-3.868662e+05
2279,2.223742e+03,miss,34.490540,-64.580986,-32.244362,-1.446771e+05,3.557973e+05,1.356391e+05
2280,2.224120e+03,miss,-18.963158,23.970297,73.931208,-3.871591e+03,-1.087238e+05,-3.925729e+05
2281,2.225151e+03,miss,10.845076,-22.979858,-75.857171,-1.354649e+05,1.472769e+05,3.549437e+05
2282,2.226786e+03,miss,44.845041,-9.600282,65.549652,-1.507688e+05,1.490857e+04,-3.784108e+05
2283,2.227002e+03,miss,38.636252,14.337437,68.568782,-1.693816e+05,2.321736e+04,-3.700476e+05
2284,2.227465e+03,miss,49.940673,46.614920,-41.629058,-2.066655e+05,-2.975096e+05,1.870195e+05
2285,2.227943e+03,miss,-42.178468,-34.254913,-58.716078,2.460258e+05,7.836357e+04,3.155393e+05
2286,2.228044e+03,miss,-52.203921,-19.198247,-57.499373,2.949260e+05,1.333846e+05,2.479301e+05
2287,2.228285e+03,hit,-43.565329,67.010407,-3.415781,1.903726e+05,-3.598578e+05,2.282099e+04
2288,2.230022e+03,miss,-0.264364,-4.923425,-79.847918,-7.483486e+04,8.601573e+04,3.916513e+05
2289,2.230501e+03,hit,54.870837,57.995864,5.066659,-3.252212e+05,-2.441646e+05,-3.225264e+04
2290,2.230702e+03,miss,9.892935,14.779141,-77.998121,-1.430301e+05,-5.191141e+04,3.785341e+05
2291,2.230727e+03,hit,1.638760,-79.195589,11.197017,9.182866e+04,3.935371e+05,-5.602090e+04
2292,2.232238e+03,hit,70.589821,-5.554939,37.231973,-3.271572e+05,1.145046e+05,-2.154344e+05
2293,2.232339e+03,miss,-3.240811,-1.855783,-79.912785,-7.157630e+04,-3.877428e+04,3.999200e+05
2294,2.234556e+03,hit,-15.819408,35.248677,-70.051960,9.725153e+04,-2.430999e+05,3.133251e+05
2295,2.234672e+03,miss,-55.405702,-54.978784,17.536861,2.605507e+05,3.058423e+05,-7.287317e+04
2296,2.236991e+03,hit,30.828726,70.908516,20.532221,-2.442823e+05,-3.109002e+05,-1.028444e+05
2297,2.237117e+03,miss,2.924204,-36.037235,-71.363623,-2.325671e+04,2.515594e+05,3.210859e+05
2298,2.237228e+03,miss,-13.953224,-75.151345,-23.613192,1.481662e+05,3.656645e+05,1.061302e+05
2299,2.237571e+03,miss,15.865997,-76.674945,16.408013,-1.653755e+04,4.020063e+05,-7.120683e+04
2300,2.238051e+03,miss,-31.435000,18.205380,71.276959,6.781306e+04,-1.346818e+05,-3.798038e+05
2301,2.240361e+03,miss,18.659233,-68.269756,37.297097,-1.836528e+05,3.193595e+05,-1.773198e+05
2302,2.242103e+03,miss,-4.601796,-7.040169,79.556643,1.958559e+04,1.314357e+05,-3.868232e+05
2303,2.242229e+03,hit,8.835485,79.470123,2.536476,-1.334327e+05,-3.863510e+05,-1.513861e+04
2304,2.242456e+03,miss,-53.056865,59.644975,5.238890,2.906008e+05,-2.870563e+05,-2.161813e+04
2305,2.243037e+03,miss,14.582065,-2.595112,-78.616975,2.379058e+04,-1.620826e+04,4.080835e+05
2306,2.243391e+03,miss,-10.919945,7.842200,78.862251,-1.241202e+04,3.653577e+04,-4.073061e+05
2307,2.243744e+03,miss,47.002497,-1.894294,-64.708399,-2.817751e+05,-4.950339e+04,2.925162e+05
2308,2.244780e+03,miss,58.200238,52.465406,-16.128034,-3.044359e+05,-2.653667e+05,6.625814e+04
2309,2.245007e+03,miss,-49.533444,32.420933,53.808187,2.521101e+05,-7.789746e+04,-3.128583e+05
2310,2.245957e+03,miss,-25.410777,-2.589297,75.812848,5.786765e+04,-5.932997e+04,-4.008865e+05
2311,2.245967e+03,miss,17.212622,-75.544328,-19.919342,-1.844120e+05,3.506264e+05,1.031154e+05
2312,2.246902e+03,hit,-51.084822,-37.389796,-48.911595,2.294380e+05,1.467929e+05,3.057110e+05
2313,2.247003e+03,miss,12.073810,-73.240104,29.834717,-3.267181e+04,3.885578e+05,-1.249484e+05
2314,2.247701e+03,miss,-5.361435,1.160649,-79.811703,4.764527e+04,9.131017e+04,3.963599e+05
2315,2.249228e+03,miss,-4.165656,55.193875,-57.760570,-6.520419e+04,-2.410959e+05,3.247213e+05
2316,2.249354e+03,miss,-6.444389,-74.410442,28.662798,1.545252e+04,3.916609e+05,-1.191431e+05
2317,2.249809e+03,miss,-4.265504,-1.153116,-79.877881,-7.758286e+04,-1.222101e+04,4.021165e+05
2318,2.251772e+03,miss,-54.542690,33.887808,-47.714897,3.219990e+05,-8.183240e+04,2.400680e+05
2319,2.252597e+03,miss,-61.519890,50.925626,4.678010,3.147511e+05,-2.619883e+05,-1.918390e+04
2320,2.253887e+03,miss,29.003627,73.494991,-12.540966,-7.756223e+04,-3.988168e+05,5.567467e+04
2321,2.255416e+03,miss,-24.128935,74.724494,15.298512,1.186562e+05,-3.876076e+05,-6.297261e+04
2322,2.256227e+03,miss,-40.082565,50.076626,47.809199,2.657927e+05,-2.298794e+05,-2.117892e+05
2323,2.257382e+03,hit,74.835391,-23.645685,15.509540,-3.811904e+05,1.379205e+05,-6.405415e+04
2324,2.257746e+03,hit,56.108228,-41.953016,-38.623971,-2.108695e+05,2.772381e+05,2.170977e+05
2325,2.259256e+03,miss,-57.315135,-33.218829,44.849579,2.790906e+05,2.283199e+05,-1.963401e+05
2326,2.259282e+03,miss,6.737023,-1.686625,79.697979,-1.198689e+05,-3.738235e+04,-3.909052e+05
2327,2.260321e+03,miss,-46.852926,1.472080,64.827744,2.581660e+05,-9.340206e+04,-3.054125e+05
2328,2.260676e+03,miss,-63.479794,-24.216406,-42.236020,2.743987e+05,2.135515e+05,2.185819e+05
2329,2.260777e+03,hit,53.678291,51.728892,-29.030378,-3.365099e+05,-1.851474e+05,1.454854e+05
2330,2.261386e+03,miss,-3.664092,-0.487733,79.914558,9.692373e+04,-5.728049e+04,-3.950375e+05
2331,2.262197e+03,hit,13.473630,-78.855008,0.590735,-2.580609e+04,4.100223e+05,-2.485281e+03
2332,2.263353e+03,miss,0.430385,0.071986,-79.998810,-4.567461e+03,9.929887e+04,3.987425e+05
2333,2.263947e+03,miss,7.697268,35.498876,-71.278200,-3.926766e+04,-8.699338e+04,3.997639e+05
2334,2.264165e+03,miss,1.909930,0.813259,79.973063,8.998643e+04,7.867859e+03,-4.009711e+05
2335,2.264175e+03,miss,3.925332,25.130305,-75.848926,6.157313e+04,-6.650914e+04,4.009031e+05
2336,2.265687e+03,miss,38.730152,-49.136949,49.855146,-2.719069e+05,1.854610e+05,-2.464177e+05
2337,2.266982e+03,miss,0.567112,-0.926164,79.992628,-9.752458e+04,3.515631e+04,-3.979955e+05
2338,2.267464e+03,miss,9.220715,-0.141532,-79.466712,-9.959805e+04,-8.130878e+04,3.907077e+05
2339,2.269572e+03,miss,45.721763,11.101865,64.701383,-1.668758e+05,-3.449179e+03,-3.761399e+05
2340,2.271909e+03,miss,4.250911,-65.034296,-46.394721,-1.205879e+05,3.188197e+05,2.309277e+05
2341,2.272966e+03,miss,-0.098069,0.220274,79.999637,8.539199e+04,-5.359701e+04,-3.992863e+05
2342,2.273322e+03,hit,67.494063,27.781472,-32.752730,-3.476633e+05,-7.682833e+04,2.069979e+05
2343,2.274034e+03,hit,-54.809536,17.391520,55.618790,2.110541e+05,-1.068621e+05,-3.372096e+05
2344,2.274263e+03,miss,-48.742184,-31.199963,55.233702,1.961642e+05,2.409878e+05,-2.704351e+05
2345,2.276119e+03,miss,-20.577786,-33.155284,69.837539,1.187165e+05,7.313845e+04,-3.877968e+05
2346,2.276475e+03,miss,-47.979779,23.562318,59.521072,2.035269e+05,-5.400504e+04,-3.542824e+05
2347,2.276831e+03,hit,28.677204,74.538859,-4.645055,-2.219097e+05,-3.466829e+05,2.119812e+04
2348,2.277635e+03,miss,-3.750399,17.075153,78.066469,8.559039e+04,-8.918214e+03,-4.031589e+05
2349,2.277900e+03,miss,-1.446796,-41.986564,-68.081093,-9.372283e+04,1.984352e+05,3.490008e+05
2350,2.278832e+03,miss,31.138110,55.345323,48.655045,-6.205859e+04,-3.177414e+05,-2.553834e+05
2351,2.279290e+03,miss,-44.240953,16.470556,64.586832,2.466711e+05,-1.529177e+05,-2.929766e+05
2352,2.280690e+03,miss,-22.012166,1.617525,-76.895046,1.028292e+05,9.255338e+04,3.886261e+05
2353,2.281163e+03,miss,22.399599,63.399672,43.344429,-1.637972e+05,-3.289922e+05,-1.874572e+05
2354,2.281173e+03,miss,-1.987537,-5.101054,-79.812461,6.900426e+04,-5.618550e+04,4.028497e+05
2355,2.282243e+03,miss,32.897200,41.524143,59.945974,-2.433828e+05,-1.868558e+05,-2.759272e+05
2356,2.282829e+03,miss,-20.071253,-14.296695,-76.110113,6.285019e+04,1.619266e+05,3.743788e+05
2357,2.283186e+03,miss,2.745527,-30.036307,74.096439,5.837324e+04,8.278630e+04,-4.001193e+05
2358,2.283287e+03,miss,-7.598531,0.224900,-79.638004,3.370329e+04,9.904777e+04,3.992714e+05
2359,2.283644e+03,miss,62.750186,-12.412557,48.045214,-2.784864e+05,1.562878e+05,-2.615533e+05
2360,2.285061e+03,miss,-10.605852,-18.916266,-77.004486,1.739996e+04,1.708775e+03,4.125417e+05
2361,2.285402e+03,miss,2.505439,14.748658,-78.588802,-4.013626e+04,-1.626765e+05,3.774219e+05
2362,2.285520e+03,miss,-42.634074,21.941527,64.038310,1.581581e+05,-5.688649e+04,-3.772009e+05
2363,2.286106e+03,miss,-19.632740,-47.836191,-61.043053,5.928812e+04,1.820607e+05,3.659414e+05
2364,2.286692e+03,miss,-34.880783,-30.882845,65.035228,2.403960e+05,7.873967e+04,-3.265393e+05
2365,2.287049e+03,miss,-51.424224,-57.140477,-22.147574,2.192483e+05,3.365005e+05,9.665575e+04
2366,2.287763e+03,hit,-67.276201,-43.281615,0.783968,3.848510e+05,1.502494e+05,-3.574700e+03
2367,2.287865e+03,miss,-71.683645,-32.529190,14.258572,3.153660e+05,2.549638e+05,-7.901499e+04
2368,2.288248e+03,miss,-14.987152,16.487489,-76.834549,2.794566e+04,5.145769e+03,4.122217e+05
2369,2.288477e+03,miss,25.192564,-9.729544,75.303856,-5.694977e+04,1.233898e+05,-3.902345e+05
2370,2.289523e+03,miss,6.567854,1.144650,79.721723,6.769271e+04,8.350429e+03,-4.076484e+05
2371,2.290100e+03,miss,-4.565156,16.877719,-78.066010,-7.850967e+04,-8.233564e+04,3.974033e+05
2372,2.291054e+03,miss,-70.495850,-32.265050,19.730730,3.290667e+05,2.147883e+05,-1.285480e+05
2373,2.292575e+03,miss,5.586278,34.838547,71.798810,-1.156914e+05,-1.231178e+05,-3.775109e+05
2374,2.292703e+03,miss,-55.014999,52.414929,-25.020493,3.397074e+05,-1.878750e+05,1.427179e+05
2375,2.292932e+03,miss,-24.015829,-10.923946,-75.524217,8.249786e+04,1.472843e+05,3.776045e+05
2376,2.293034e+03,miss,-13.205281,-18.378910,-76.732237,-1.908439e+04,1.457503e+05,3.866315e+05
2377,2.293760e+03,miss,11.709488,77.659006,-15.230453,3.725315e+04,-4.023808e+05,8.858489e+04
2378,2.294209e+03,miss,-1.956603,6.458699,79.714848,1.375566e+03,6.893445e+04,-4.079523e+05
2379,2.294924e+03,miss,-37.612701,-10.805441,-69.774832,1.912992e+05,1.477400e+05,3.358717e+05
2380,2.296584e+03,miss,56.653880,-1.834908,-56.453263,-2.254495e+05,6.810218e+03,3.471056e+05
2381,2.298118e+03,miss,9.275224,-50.244763,-61.558379,-1.450869e+05,2.265483e+05,3.147955e+05
2382,2.302240e+03,miss,0.427237,-39.501384,-69.566214,9.742046e+04,2.043373e+05,3.471795e+05
2383,2.303657e+03,miss,-6.206909,5.272257,-79.584405,-6.754163e+04,-1.060792e+03,4.090487e+05
2384,2.303775e+03,miss,11.486003,3.362942,-79.099699,-1.395447e+05,-6.600951e+04,3.847891e+05
2385,2.304604e+03,hit,71.365828,7.390444,-35.387850,-3.427202e+05,-1.445498e+04,2.329988e+05
2386,2.306386e+03,miss,-16.589413,-75.980383,-18.755607,7.374335e+04,4.006449e+05,7.831380e+04
2387,2.308152e+03,miss,48.033773,32.714752,-54.977284,-2.969712e+05,-7.970090e+04,2.787026e+05
2388,2.308383e+03,hit,21.229463,68.990390,34.491100,-2.028915e+05,-3.103225e+05,-1.864712e+05
2389,2.308844e+03,miss,27.712028,11.346340,74.184258,-2.025771e+05,1.523031e+04,-3.619412e+05
2390,2.308972e+03,hit,8.225865,4.694068,79.437402,-8.589244e+04,6.686738e+04,-4.005393e+05
2391,2.309090e+03,miss,-28.821455,63.954100,-38.460328,1.755557e+05,-2.832264e+05,2.474919e+05
2392,2.310740e+03,miss,-24.601241,-42.198509,63.356647,2.103346e+05,1.971939e+05,-2.988081e+05
2393,2.311217e+03,miss,-50.190470,-0.876207,62.290842,1.847911e+05,4.144452e+04,-3.695708e+05
2394,2.311678e+03,miss,-6.275127,78.440538,-14.411964,1.644985e+04,-4.105950e+05,6.019599e+04
2395,2.312986e+03,hit,8.572667,-3.875002,-79.444910,-8.756144e+04,1.067414e+05,3.918153e+05
2396,2.312996e+03,hit,-2.315979,-10.118595,79.323706,1.107721e+05,6.097894e+04,-3.957168e+05
2397,2.313216e+03,miss,-48.189595,-26.455349,-58.119510,1.661842e+05,1.702432e+05,3.405836e+05
2398,2.315345e+03,miss,-24.107573,-41.137998,64.237762,2.107070e+05,1.661364e+05,-3.174228e+05
2399,2.316182e+03,hit,-79.584927,-3.254849,-7.459580,4.060671e+05,-7.698288e+04,4.473819e+04
2400,2.316679e+03,miss,-53.633476,-46.842592,-36.458495,2.041140e+05,3.121207e+05,1.837761e+05
2401,2.316782e+03,miss,12.114616,63.085487,47.680787,3.944489e+04,-3.189113e+05,-2.638235e+05
2402,2.316885e+03,miss,5.796378,1.358591,79.778169,2.713140e+03,-1.026661e+05,-4.028935e+05
2403,2.317270e+03,miss,40.314665,-55.946538,40.555057,-1.330409e+05,3.426925e+05,-1.943233e+05
2404,2.317501e+03,miss,64.030064,-0.370869,47.958455,-3.609486e+05,9.962133e+03,-2.062369e+05
2405,2.317721e+03,hit,7.766159,79.596397,-2.024944,1.956112e+03,-4.156211e+05,1.373159e+04
2406,2.319734e+03,miss,-74.992451,9.022558,26.357649,3.772756e+05,-5.626141e+03,-1.752568e+05
2407,2.319852e+03,miss,-38.828214,-5.977562,-69.689587,1.688862e+05,-6.772471e+04,3.741431e+05
2408,2.320314e+03,miss,4.238634,50.770094,-61.680074,-9.509999e+04,-2.878532e+05,2.849969e+05
2409,2.320581e+03,miss,10.230476,-60.603149,51.211285,-9.489430e+04,3.373654e+05,-2.243353e+05
2410,2.320674e+03,miss,-19.182484,75.692044,17.399621,2.326673e+04,-4.079004e+05,-7.892702e+04
2411,2.321855e+03,miss,17.376998,-77.843407,6.200315,-1.786521e+05,3.740685e+05,-3.738830e+04
2412,2.323294e+03,hit,64.026241,-16.938928,-44.874415,-2.803718e+05,1.739104e+05,2.539605e+05
2413,2.324477e+03,miss,14.512927,40.878797,67.218293,-1.548203e+05,-2.252994e+05,-3.141785e+05
2414,2.325186e+03,miss,-7.216408,-25.720129,-75.408212,-1.054607e+04,2.075693e+05,3.609626e+05
2415,2.325685e+03,miss,-53.292809,57.578575,15.639186,3.016220e+05,-2.796107e+05,-6.610200e+04
2416,2.325906e+03,miss,60.800080,-41.277553,-31.615091,-2.664237e+05,2.842690e+05,1.474907e+05
2417,2.326137e+03,miss,21.632550,-75.797669,13.665507,-1.264153e+05,3.928229e+05,-5.718908e+04
2418,2.326960e+03,miss,9.308080,-25.798302,-75.151895,-1.227596e+05,6.100751e+04,3.934854e+05
2419,2.328169e+03,hit,-73.713201,-30.793244,4.259116,4.008190e+05,1.106356e+05,-2.857817e+04
2420,2.328761e+03,hit,38.057399,-69.271103,-12.375325,-1.295765e+05,3.881173e+05,7.957295e+04
2421,2.330418e+03,miss,16.745845,-14.413972,76.888322,-9.587580e+04,1.647967e+05,-3.708510e+05
2422,2.330758e+03,miss,33.535215,52.704442,49.976305,-1.956004e+05,-2.981862e+05,-2.161746e+05
2423,2.332431e+03,miss,40.903984,62.594607,28.439043,-1.404953e+05,-3.493892e+05,-1.794968e+05
2424,2.332441e+03,hit,-4.725680,-20.697448,77.131599,6.081766e+04,1.863132e+05,-3.682665e+05
2425,2.333745e+03,miss,-1.895915,-2.521495,79.937773,-2.174517e+04,-8.427779e+04,-4.081093e+05
2426,2.334337e+03,miss,1.933585,22.152509,76.847431,-1.020452e+05,-1.429956e+05,-3.785658e+05
2427,2.334811e+03,miss,47.263977,-54.625212,34.383175,-3.083028e+05,2.323244e+05,-1.586919e+05
2428,2.335264e+03,miss,-40.064169,53.232715,-44.284765,2.173708e+05,-3.014127e+05,1.901119e+05
2429,2.336449e+03,miss,-19.167943,43.263619,-64.504645,1.401279e+05,-2.660361e+05,2.896888e+05
2430,2.338151e+03,miss,26.918677,-55.553986,-50.883587,-2.044225e+05,2.834230e+05,2.287803e+05
2431,2.341580e+03,hit,-49.243545,-16.151407,-60.944281,3.082797e+05,7.732519e+04,2.714736e+05
2432,2.343247e+03,hit,-78.088776,16.723385,-4.740404,3.735129e+05,-1.860891e+05,2.639719e+04
2433,2.343377e+03,miss,-10.521441,-17.708511,-77.302703,1.437084e+05,4.491508e+04,3.901000e+05
2434,2.344445e+03,miss,2.093427,0.673291,-79.969771,-6.712128e+04,-8.698841e+04,4.035529e+05
2435,2.346010e+03,hit,2.145030,8.146243,-79.555249,-1.111405e+05,-4.887811e+04,4.003782e+05
2436,2.346242e+03,miss,36.485250,42.115267,-57.403230,-1.065044e+05,-2.114685e+05,3.449626e+05
2437,2.346464e+03,miss,-70.695172,24.197940,28.577129,3.685810e+05,-6.636929e+04,-1.866040e+05
2438,2.347069e+03,miss,25.296572,25.211892,71.585222,-1.952050e+05,-5.047191e+04,-3.667023e+05
2439,2.349073e+03,miss,-21.270049,29.992896,-71.049357,3.629274e+04,-2.206392e+05,3.539403e+05
2440,2.349564e+03,miss,6.372540,-10.487152,-79.053212,-7.001014e+04,1.415674e+05,3.877711e+05
2441,2.349797e+03,miss,7.149260,-1.956363,-79.655889,1.386574e+04,-7.971905e+04,4.108274e+05
2442,2.351348e+03,miss,-24.212976,-18.470237,73.976903,1.848049e+05,1.467108e+05,-3.460713e+05
2443,2.352423e+03,miss,42.778960,-18.396145,65.050307,-2.859189e+05,5.647758e+04,-3.009704e+05
2444,2.352666e+03,hit,-12.393340,15.139582,-77.570601,-4.015582e+04,-7.835385e+04,4.096203e+05
2445,2.353028e+03,hit,66.939818,23.207563,-37.154674,-3.341555e+05,-7.113125e+04,2.425863e+05
2446,2.353391e+03,miss,34.240242,-20.245300,-69.409896,-1.366689e+05,1.943004e+05,3.452008e+05
2447,2.353753e+03,miss,-61.025330,-26.944068,44.157970,3.541149e+05,1.138458e+05,-1.930374e+05
2448,2.354337e+03,hit,-33.290173,-65.320612,-32.015341,1.804860e+05,3.112929e+05,2.149112e+05
2449,2.355641e+03,miss,33.120663,35.527743,-63.567296,-2.429895e+05,-1.116783e+05,3.228725e+05
2450,2.356133e+03,hit,44.054637,-65.520538,-12.893721,-2.257132e+05,3.418037e+05,8.957152e+04
2451,2.356226e+03,miss,24.508009,54.204065,-53.490905,-1.589689e+05,-3.089444e+05,2.347094e+05
2452,2.356252e+03,miss,23.238220,53.792835,54.463896,-1.991937e+05,-2.124812e+05,-3.016319e+05
2453,2.356951e+03,miss,60.121535,16.503006,-50.130348,-3.336601e+05,1.332574e+04,2.536802e+05
2454,2.357323e+03,miss,-31.516048,-16.829837,-71.578595,2.131294e+05,1.422708e+05,3.319985e+05
2455,2.359229e+03,miss,56.381989,-6.944152,56.328057,-3.291442e+05,-2.740528e+04,-2.587340e+05
2456,2.359944e+03,miss,-4.091979,4.634378,-79.760756,5.348100e+04,-1.177018e+05,3.992113e+05
2457,2.361612e+03,miss,29.752823,-11.954265,-73.293008,-1.753075e+05,1.476379e+05,3.516794e+05
2458,2.361741e+03,miss,31.136063,-33.463959,-65.655990,-1.253667e+05,2.513283e+05,3.119856e+05
2459,2.361975e+03,hit,-7.463971,-1.160117,79.642597,3.423326e+02,-8.970924e+04,-4.101064e+05
2460,2.363659e+03,miss,66.074098,-21.181713,-39.818947,-3.748812e+05,3.209284e+04,1.865342e+05
2461,2.364012e+03,miss,-9.621597,-2.605109,79.376560,-1.669640e+04,9.242996e+04,-4.093471e+05
2462,2.364115e+03,miss,8.724024,53.521171,-58.816457,4.578921e+04,-2.444758e+05,3.384225e+05
2463,2.366864e+03,hit,50.237018,57.052485,24.925006,-3.056691e+05,-2.396609e+05,-1.604028e+05
2464,2.366994e+03,miss,67.759493,-38.787864,-17.439974,-3.894754e+05,1.167362e+05,1.062603e+05
2465,2.367357e+03,miss,0.626291,2.917957,-79.944314,-4.944371e+04,7.666155e+04,4.102622e+05
2466,2.367943e+03,miss,-65.881433,9.141832,-44.452938,3.053764e+05,-1.533525e+04,2.884277e+05
2467,2.368187e+03,hit,10.078596,76.662388,20.525596,-1.274983e+05,-3.785050e+05,-1.310604e+05
2468,2.368540e+03,miss,35.605966,-3.633939,-71.547255,-8.991309e+04,3.273222e+04,4.093522e+05
2469,2.368784e+03,miss,20.543814,-48.042572,-60.579394,-4.166305e+04,2.021113e+05,3.662764e+05
2470,2.370107e+03,miss,-5.462030,64.729503,46.693229,1.202077e+05,-3.342163e+05,-2.251478e+05
2471,2.371057e+03,hit,-4.879272,10.256634,-79.189609,6.941401e+03,-1.487764e+05,3.933577e+05
2472,2.371680e+03,miss,-67.586283,-7.782627,-42.089489,3.772145e+05,-6.467395e+03,1.860827e+05
2473,2.371794e+03,hit,-12.961786,-5.084732,78.779043,3.795615e+04,-7.372370e+04,-4.124221e+05
2474,2.371914e+03,hit,-60.872349,51.894329,1.239251,3.285324e+05,-2.627088e+05,-5.223803e+03
2475,2.372979e+03,miss,-1.430755,0.646016,79.984596,-4.708153e+04,-8.972965e+04,-4.083970e+05
2476,2.373940e+03,miss,6.709392,-66.589584,-43.827062,6.818703e+04,3.355968e+05,2.446492e+05
2477,2.374173e+03,miss,-22.214022,37.959138,66.825452,1.200143e+05,-1.050594e+05,-3.894925e+05
2478,2.374537e+03,miss,4.974113,4.379008,79.725043,-8.115482e+04,-1.048936e+05,-3.994793e+05
2479,2.375135e+03,miss,-0.466002,0.143051,79.998515,9.632053e+04,3.897150e+04,-4.079469e+05
2480,2.376086e+03,miss,69.710157,33.252236,-20.851446,-3.543586e+05,-2.090255e+05,8.958989e+04
2481,2.376450e+03,miss,68.009011,-39.944153,-13.388021,-3.988049e+05,1.128259e+05,7.443238e+04
2482,2.378243e+03,miss,-17.124270,-77.941383,5.648032,8.751225e+04,4.113685e+05,-2.380377e+04
2483,2.379205e+03,miss,37.804277,3.513945,70.416538,-1.783459e+05,8.493017e+04,-3.721564e+05
2484,2.379580e+03,miss,-56.623635,-45.567853,33.426557,2.331296e+05,2.794308e+05,-2.124094e+05
2485,2.380896e+03,miss,19.405762,25.027698,-73.464486,-7.422293e+04,-3.388055e+04,4.135094e+05
2486,2.382821e+03,miss,-7.976245,79.234708,7.631551,1.328098e+05,-3.985059e+05,-3.667731e+04
2487,2.384008e+03,miss,27.944351,48.616099,57.057762,-2.184161e+05,-1.784303e+05,-3.135861e+05
2488,2.384748e+03,miss,44.633357,-47.610122,-46.272451,-3.025656e+05,1.723536e+05,2.380811e+05
2489,2.384972e+03,hit,72.797459,32.646886,5.891584,-4.144519e+05,-7.128144e+04,-3.316066e+04
2490,2.385216e+03,miss,-17.550752,-42.367941,65.550963,-5.129601e+03,1.971495e+05,-3.729277e+05
2491,2.385945e+03,hit,-71.403929,-36.001826,2.312460,3.436083e+05,2.443730e+05,-1.545521e+04
2492,2.386404e+03,miss,-12.207007,53.596657,-58.123896,1.055314e+05,-2.076002e+05,3.518852e+05
2493,2.386534e+03,miss,-5.604356,-68.895044,40.274857,-5.733097e+04,3.387846e+05,-2.449607e+05
2494,2.386794e+03,miss,-11.484903,20.731907,76.408671,-1.911473e+04,-4.098930e+04,-4.195731e+05
2495,2.387394e+03,hit,60.520647,50.908610,-12.065020,-3.735819e+05,-1.831196e+05,7.096153e+04
2496,2.387758e+03,hit,0.884437,11.148273,-79.214480,-7.819749e+04,1.608749e+04,4.144699e+05
2497,2.387967e+03,miss,76.147202,22.872367,8.857682,-3.616777e+05,-2.110855e+05,-5.297760e+04
2498,2.389895e+03,miss,10.305208,-30.870067,-73.081062,-1.498355e+05,1.252638e+05,3.744018e+05
2499,2.390025e+03,hit,-63.784844,48.285189,-0.184817,3.814424e+05,-1.811863e+05,1.170633e+03
2500,2.390145e+03,miss,25.968900,-22.604604,-72.212520,-1.217143e+05,2.054338e+05,3.483097e+05
2501,2.390249e+03,miss,-28.242616,34.110915,66.624321,5.331436e+04,-2.250111e+05,-3.533729e+05
2502,2.391355e+03,miss,26.142646,61.966539,43.321012,-5.168465e+04,-3.625328e+05,-2.105374e+05
2503,2.392778e+03,miss,44.779973,-37.752510,-54.493137,-2.977955e+05,1.197287e+05,2.748025e+05
2504,2.394343e+03,hit,-58.254793,32.062258,44.479104,2.382439e+05,-2.138629e+05,-2.759580e+05
2505,2.394578e+03,miss,-58.312569,4.764600,54.561369,2.498388e+05,2.125776e+04,-3.402888e+05
2506,2.398326e+03,miss,31.926837,-50.753597,52.959886,-7.731295e+04,3.152721e+05,-2.712447e+05
2507,2.399762e+03,miss,-31.751053,-11.723084,-72.487516,7.201076e+04,1.028733e+05,4.040868e+05
2508,2.400138e+03,hit,-13.987791,-54.187874,57.166563,9.253970e+04,2.120459e+05,-3.543383e+05
2509,2.400232e+03,miss,-65.376833,43.968509,13.879480,3.926077e+05,-1.374535e+05,-7.781654e+04
2510,2.400373e+03,miss,-13.674443,70.461426,35.329832,-3.104828e+04,-3.807922e+05,-1.820262e+05
2511,2.400598e+03,miss,-23.110142,-4.066199,-76.481288,1.047278e+05,1.222637e+05,3.914085e+05
2512,2.400833e+03,miss,-34.794203,67.631235,-24.806843,1.421164e+05,-3.835498e+05,1.087520e+05
2513,2.401094e+03,miss,-0.385958,0.178204,-79.998870,-9.357269e+04,-3.867588e+04,4.109773e+05
2514,2.401105e+03,miss,0.265735,-6.038246,79.771354,-5.934941e+04,-5.509338e+04,-4.154481e+05
2515,2.402923e+03,miss,-21.123880,54.888884,-54.230915,1.465733e+05,-3.157030e+05,2.411190e+05
2516,2.403498e+03,miss,-2.129177,-3.417704,79.898598,-8.785284e+04,4.676867e+04,-4.116163e+05
2517,2.403749e+03,hit,-61.941931,-23.784359,44.693416,2.929194e+05,8.896416e+04,-2.926358e+05
2518,2.405318e+03,miss,27.188212,-16.236695,-73.465440,-1.780533e+05,-1.333287e+04,3.841724e+05
2519,2.406034e+03,hit,-7.073581,12.708564,78.666745,-6.684355e+04,-4.987028e+04,-4.154124e+05
2520,2.407122e+03,miss,-71.160205,34.367730,-12.453287,4.103202e+05,-8.071055e+04,6.875279e+04
2521,2.407489e+03,miss,43.845173,-21.806142,63.262097,-1.457239e+05,1.114362e+05,-3.820702e+05
2522,2.408221e+03,miss,-19.254698,13.260275,76.507658,1.048973e+05,3.602340e+04,-4.091267e+05
2523,2.408457e+03,miss,-75.182346,-15.741173,22.356887,4.087178e+05,5.843190e+04,-9.611866e+04
2524,2.408587e+03,miss,33.643624,-19.576457,69.891837,-1.872776e+05,-2.223234e+03,-3.803094e+05
2525,2.412058e+03,miss,78.049265,-12.759450,12.062698,-4.202686e+05,2.449731e+04,-5.240478e+04
2526,2.412435e+03,miss,-59.322399,36.559458,39.297061,2.809367e+05,-2.610052e+05,-1.815242e+05
2527,2.412697e+03,miss,-21.907897,60.508034,-47.527065,1.843428e+05,-3.140187e+05,2.177837e+05
2528,2.413027e+03,hit,0.879186,-73.587935,-31.369457,9.287166e+04,3.698336e+05,1.861245e+05
2529,2.413394e+03,hit,-73.368857,26.575193,17.628667,3.395197e+05,-2.356285e+05,-9.631877e+04
2530,2.413640e+03,miss,-52.575365,-45.563873,39.493855,2.189295e+05,3.096885e+05,-1.904020e+05
2531,2.413760e+03,miss,9.823305,34.019546,71.736833,1.107880e+03,-2.468835e+05,-3.451759e+05
2532,2.414363e+03,hit,22.445658,-76.679304,4.059153,-7.444709e+04,4.174803e+05,-1.766058e+04
2533,2.415935e+03,miss,44.167595,-65.462199,12.803283,-3.022265e+05,2.872265e+05,-8.013390e+04
2534,2.416302e+03,miss,20.930265,43.670302,-63.677537,-3.491856e+04,-1.830826e+05,3.815103e+05
2535,2.416669e+03,miss,-42.413017,-22.282901,64.067217,2.695556e+05,2.652197e+04,-3.270358e+05
2536,2.417140e+03,hit,35.313483,-61.704639,36.680996,-1.750942e+05,2.972853e+05,-2.476181e+05
2537,2.417261e+03,hit,-79.636803,-6.972172,3.060795,4.244285e+05,6.946246e+03,-1.313445e+04
2538,2.417507e+03,miss,-0.596136,27.363778,-75.172258,-1.002307e+05,-1.281352e+05,3.923186e+05
2539,2.418110e+03,miss,-37.532362,-12.705931,69.497346,2.519310e+05,1.110640e+05,-3.234489e+05
2540,2.419437e+03,hit,75.939209,6.163270,24.397758,-3.903118e+05,-3.799263e+03,-1.678239e+05
2541,2.422086e+03,miss,-15.817706,18.588416,76.185766,1.768808e+05,-8.816805e+04,-3.763773e+05
2542,2.422113e+03,miss,1.103777,8.283408,79.562345,6.733735e+04,3.204651e+04,-4.185224e+05
2543,2.422454e+03,miss,55.783920,45.702779,34.632503,-3.494522e+05,-1.790966e+05,-1.629581e+05
2544,2.422595e+03,miss,-6.035477,-43.810480,66.664945,3.527061e+04,2.928084e+05,-3.062311e+05
2545,2.424648e+03,miss,-37.059187,26.331361,-65.827624,2.284893e+05,-1.924629e+05,3.027576e+05
2546,2.424895e+03,miss,17.897613,-69.391306,35.560121,-1.123118e+05,3.802075e+05,-1.541367e+05
2547,2.426092e+03,miss,22.063240,27.578351,-71.781948,-1.803301e+05,-6.120784e+04,3.804653e+05
2548,2.426223e+03,miss,-4.336207,6.339953,-79.630411,7.637997e+04,5.618804e+04,4.147746e+05
2549,2.426234e+03,miss,5.463264,-45.779649,65.378716,6.412041e+04,2.669929e+05,-3.250125e+05
2550,2.426365e+03,miss,-78.125150,-11.485015,12.827916,4.194569e+05,4.569003e+04,-5.484457e+04
2551,2.426827e+03,hit,76.607333,0.330823,-23.047932,-3.936622e+05,3.042358e+04,1.586774e+05
2552,2.427206e+03,miss,-75.633705,15.445788,20.999292,3.789387e+05,-1.660656e+05,-9.964927e+04
2553,2.427300e+03,miss,25.802518,36.763729,-66.201649,-1.977205e+05,-2.194541e+05,3.063590e+05
2554,2.427442e+03,miss,0.132252,0.211417,79.999611,2.479130e+03,1.021440e+05,-4.131348e+05
2555,2.427573e+03,hit,-26.434933,-6.031631,75.264957,8.298451e+04,-5.740871e+04,-4.134580e+05
2556,2.428414e+03,hit,-51.479219,61.091916,4.203303,2.529684e+05,-3.410645e+05,-2.957119e+04
2557,2.428771e+03,miss,-17.310694,66.109649,41.591515,5.328022e+04,-3.797016e+05,-1.849514e+05
2558,2.429008e+03,miss,44.420372,12.178620,-65.410334,-1.495106e+05,-1.096572e+05,3.832214e+05
2559,2.429991e+03,miss,38.780944,47.204647,-51.650360,-2.317202e+05,-2.743501e+05,2.287965e+05
2560,2.431189e+03,miss,-41.450086,-21.338934,-65.011847,1.269156e+05,1.340580e+05,3.838234e+05
2561,2.431200e+03,miss,16.039414,11.798190,77.482514,-1.468861e+05,-1.275431e+05,-3.788898e+05
2562,2.431547e+03,miss,-54.775169,58.233845,2.915512,3.598225e+05,-2.273537e+05,-1.625418e+04
2563,2.431689e+03,miss,2.785583,-76.416688,-23.510219,1.014765e+04,4.135484e+05,1.015456e+05
2564,2.432283e+03,miss,-49.530484,-38.927210,-49.309264,1.813398e+05,2.756947e+05,2.694242e+05
2565,2.432635e+03,hit,-39.782301,-69.400929,0.937868,2.734068e+05,3.267073e+05,-4.295893e+03
2566,2.433976e+03,hit,33.305592,-65.919008,-30.747714,-1.394649e+05,3.440603e+05,2.092356e+05
2567,2.435913e+03,miss,36.612376,4.997116,70.954653,-1.061118e+05,-7.784586e+04,-4.055025e+05
2568,2.436055e+03,miss,63.623525,17.960512,45.049607,-3.454373e+05,-1.470655e+05,-2.020083e+05
2569,2.436149e+03,miss,12.363705,-50.883541,60.481436,-5.125697e+04,1.945896e+05,-3.758686e+05
2570,2.436423e+03,miss,-14.544465,-22.242875,-75.456697,7.866912e+04,2.044387e+05,3.657950e+05
2571,2.436544e+03,miss,-47.051641,-2.499422,64.652115,1.850824e+05,9.086106e+04,-3.732129e+05
2572,2.436649e+03,miss,-11.229122,14.007323,77.959616,-3.776792e+04,-3.081636e+04,-4.235928e+05
2573,2.437255e+03,miss,2.914486,-0.485478,-79.945419,-8.736309e+04,7.534285e+04,4.105402e+05
2574,2.437360e+03,miss,3.086330,-16.848990,-78.144649,-1.180584e+05,7.171929e+04,4.034582e+05
2575,2.437623e+03,hit,-3.616264,-77.864518,18.001096,1.189844e+05,3.952553e+05,-1.072173e+05
2576,2.438729e+03,miss,-57.432849,-5.291385,55.438877,2.967372e+05,1.269412e+05,-2.789176e+05
2577,2.439440e+03,miss,-6.726178,-20.371206,-77.069920,1.357269e+05,1.018604e+05,3.914304e+05
2578,2.440167e+03,miss,13.937585,-4.622295,-78.640817,-1.006499e+05,-7.575394e+04,4.076767e+05
2579,2.440678e+03,miss,-37.611469,40.859923,-57.583367,1.506716e+05,-1.659121e+05,3.631511e+05
2580,2.441378e+03,miss,-50.092591,20.041269,59.068434,3.194914e+05,-5.037122e+04,-2.784739e+05
2581,2.441521e+03,hit,28.145479,39.734894,-63.474169,-1.927830e+05,-2.466934e+05,2.900818e+05
2582,2.441626e+03,miss,-4.190563,0.044033,-79.890157,-3.543166e+04,-8.730132e+04,4.162947e+05
2583,2.442970e+03,miss,56.998926,37.085184,42.140379,-2.337168e+05,-2.779480e+05,-2.244991e+05
2584,2.443091e+03,miss,-67.201736,-38.292150,-20.436192,3.802645e+05,1.724460e+05,8.915608e+04
2585,2.443223e+03,miss,-28.106609,-7.006819,74.571597,6.982245e+04,1.084552e+05,-4.070131e+05
2586,2.443802e+03,miss,-40.482080,-22.862011,-65.103991,1.833338e+05,2.109932e+05,3.228176e+05
2587,2.445041e+03,miss,-35.210637,11.216658,70.953489,8.887382e+04,-5.858562e+04,-4.136450e+05
2588,2.446122e+03,miss,-2.013330,-22.792624,76.657960,8.066156e+04,1.813344e+05,-3.783190e+05
2589,2.447335e+03,hit,-74.306763,27.087933,-12.031161,3.559041e+05,-2.291364e+05,5.859211e+04
2590,2.447457e+03,hit,-12.997454,77.959440,-12.385146,-9.427333e+03,-4.233393e+05,5.751744e+04
2591,2.448074e+03,miss,28.230694,51.692348,54.138056,-2.288750e+05,-2.025582e+05,-2.987402e+05
2592,2.448443e+03,miss,1.839405,0.468574,-79.977478,3.987496e+04,8.912287e+04,4.161177e+05
2593,2.450385e+03,miss,-37.964009,44.393294,54.662322,1.083425e+05,-2.882339e+05,-2.966731e+05
2594,2.450992e+03,miss,-78.119151,-0.829078,17.225296,4.211821e+05,-2.997052e+03,-7.398458e+04
2595,2.452840e+03,hit,53.854802,-57.256582,14.877637,-2.030330e+05,3.662134e+05,-8.763716e+04
2596,2.453183e+03,miss,2.651182,-5.246103,-79.783768,-4.875705e+04,1.225132e+05,4.070059e+05
2597,2.453685e+03,hit,-30.711561,34.890999,65.110815,1.839010e+05,-2.429855e+05,-3.003606e+05
2598,2.454425e+03,miss,8.095542,40.893719,-68.280055,-2.292356e+03,-1.336075e+05,4.065427e+05
2599,2.454636e+03,miss,-19.241411,19.298373,75.215297,1.277349e+05,-1.841523e+05,-3.645829e+05
2600,2.456105e+03,miss,1.048508,-1.459745,-79.979809,7.489413e+04,7.329447e+04,4.150630e+05
2601,2.457215e+03,miss,53.732041,-44.775532,-38.833226,-3.177606e+05,1.551308e+05,2.414622e+05
2602,2.457453e+03,miss,-25.961595,-31.032120,69.014514,5.230459e+04,2.251267e+05,-3.604737e+05
2603,2.457823e+03,miss,0.020235,0.149594,79.999858,-5.096621e+04,8.982230e+04,-4.155973e+05
2604,2.458166e+03,miss,-63.158252,16.570906,-46.221644,2.933693e+05,-6.371782e+04,3.054290e+05
2605,2.458193e+03,hit,75.535804,-10.141747,24.320513,-3.744312e+05,1.578255e+05,-1.353023e+05
2606,2.459287e+03,hit,64.931541,41.998230,-20.494966,-3.555553e+05,-1.916828e+05,1.425976e+05
2607,2.459409e+03,miss,-25.388589,-35.300113,-67.151482,6.674237e+04,2.567241e+05,3.363677e+05
2608,2.459514e+03,miss,55.209817,-33.732115,-47.053379,-3.158528e+05,8.146469e+04,2.776931e+05
2609,2.460615e+03,miss,-41.341353,-21.939350,64.881102,1.667899e+05,4.479071e+04,-3.921351e+05
2610,2.460731e+03,miss,-5.081211,-66.277824,44.513271,-7.755702e+04,3.368829e+05,-2.531768e+05
2611,2.461233e+03,hit,-52.879774,-45.440213,39.229026,2.566685e+05,2.175171e+05,-2.654219e+05
2612,2.462582e+03,miss,57.827726,38.986526,39.191898,-2.370237e+05,-2.605493e+05,-2.442861e+05
2613,2.462688e+03,hit,73.958345,-30.485666,-0.887302,-4.074613e+05,1.329880e+05,6.265508e+03
2614,2.463561e+03,miss,25.617108,-46.954946,-59.489468,-1.683100e+05,1.633951e+05,3.588714e+05
2615,2.464038e+03,miss,76.267636,-8.588151,-22.571916,-4.170598e+05,2.481565e+03,9.952587e+04
2616,2.464160e+03,miss,57.426549,37.347028,41.320588,-2.504570e+05,-2.162989e+05,-2.726639e+05
2617,2.464292e+03,miss,2.356796,-11.075029,-79.194629,6.212949e+04,-1.736201e+04,4.239197e+05
2618,2.465149e+03,miss,48.759919,-26.680323,-57.538080,-2.472341e+05,2.199621e+05,2.728101e+05
2619,2.466118e+03,miss,10.507560,50.858098,-60.852651,3.272667e+04,-3.033224e+05,3.015463e+05
2620,2.466605e+03,miss,20.483174,-15.110006,-75.842780,-9.733993e+04,-2.581972e+04,4.170136e+05
2621,2.467230e+03,miss,-28.542284,-55.418145,-50.141471,6.312559e+04,2.912767e+05,3.086450e+05
2622,2.469058e+03,hit,3.910054,-71.432730,-35.806096,2.205366e+03,3.993675e+05,1.572443e+05
2623,2.469164e+03,miss,-11.117845,-19.906729,-76.681912,4.362329e+04,1.966100e+05,3.790441e+05
2624,2.471125e+03,miss,-8.893445,23.052378,-76.088728,-1.644581e+04,-3.886439e+04,4.273152e+05
2625,2.471390e+03,miss,-73.985717,-22.305883,20.701721,3.664887e+05,2.008325e+05,-9.874893e+04
2626,2.471496e+03,miss,-16.407726,11.402349,-77.464656,1.074903e+05,4.400861e+04,4.134199e+05
2627,2.472105e+03,miss,-35.967989,-37.767926,-60.662076,2.407072e+05,1.065992e+05,3.393362e+05
2628,2.472227e+03,hit,17.389764,71.992278,30.244139,-5.963996e+04,-3.710728e+05,-2.078690e+05
2629,2.472344e+03,miss,12.137831,-25.310052,74.913779,-2.457157e+03,2.083869e+05,-3.755517e+05
2630,2.473182e+03,miss,-6.653509,-67.952581,41.691457,-6.775264e+04,3.656208e+05,-2.150900e+05
2631,2.473219e+03,miss,-49.437121,-26.935545,56.837026,1.939447e+05,2.254564e+05,-3.099844e+05
2632,2.475038e+03,miss,-65.113117,42.485268,18.848977,3.959123e+05,-1.303022e+05,-1.046232e+05
2633,2.475049e+03,miss,34.221025,62.069402,-37.098663,-9.265947e+04,-3.753250e+05,1.876629e+05
2634,2.475399e+03,miss,-59.628351,-16.106193,50.843391,3.581728e+05,6.290368e+04,-2.290272e+05
2635,2.475781e+03,miss,-27.454764,-48.459212,57.427700,2.212375e+05,1.819422e+05,-3.204335e+05
2636,2.476762e+03,miss,-25.387977,65.285819,38.642108,2.123603e+05,-2.903663e+05,-2.353516e+05
2637,2.478822e+03,hit,-8.506893,75.092149,-26.245036,-4.694428e+04,-3.947200e+05,1.641521e+05
2638,2.479432e+03,miss,-16.264623,-48.473059,-61.529055,1.669610e+05,2.658452e+05,2.940228e+05
2639,2.480282e+03,miss,-42.803756,64.733013,19.428727,2.344487e+05,-3.507740e+05,-8.398733e+04
2640,2.480308e+03,miss,-56.519008,-10.047234,55.719429,3.464209e+05,2.806522e+04,-2.535140e+05
2641,2.480425e+03,miss,4.974634,29.610748,-74.151579,-1.137790e+05,-9.532005e+04,4.037841e+05
2642,2.480654e+03,miss,-15.313596,0.568953,78.518597,1.536933e+05,6.340345e+04,-3.967979e+05
2643,2.480680e+03,miss,12.140595,-70.469382,-35.870213,-1.354725e+05,3.731599e+05,1.658043e+05
2644,2.480797e+03,miss,-36.949989,8.950743,-70.388796,1.851035e+05,5.901682e+04,3.838680e+05
2645,2.481397e+03,miss,-20.403351,-45.267081,-62.726347,6.189895e+04,3.037563e+05,2.984063e+05
2646,2.482390e+03,miss,51.379696,43.757086,-42.958635,-3.153154e+05,-2.211882e+05,1.920201e+05
2647,2.482858e+03,miss,1.266202,18.177241,77.897270,-1.078816e+05,-1.121410e+05,-4.012987e+05
2648,2.482885e+03,hit,-78.333535,12.444183,-10.440288,4.188607e+05,-6.515941e+04,7.460965e+04
2649,2.483017e+03,hit,-36.441251,69.213807,16.777488,1.590351e+05,-3.823567e+05,-1.173788e+05
2650,2.483974e+03,miss,-59.908928,-38.263432,36.699185,2.673772e+05,2.328189e+05,-2.442186e+05
2651,2.484851e+03,hit,59.852247,-44.018499,-29.666146,-2.975899e+05,2.330931e+05,2.061825e+05
2652,2.484947e+03,miss,50.231118,60.279031,-15.597218,-1.849115e+05,-3.770269e+05,9.523110e+04
2653,2.485329e+03,miss,-31.958733,-37.011269,-63.315127,1.706894e+05,1.044345e+05,3.813104e+05
2654,2.486073e+03,miss,50.914641,-37.305105,-49.153112,-2.612665e+05,1.301498e+05,3.166946e+05
2655,2.486914e+03,hit,20.341779,70.512130,31.847316,-2.034851e+05,-3.311665e+05,-1.856875e+05
2656,2.487419e+03,miss,70.745489,-37.291984,-2.093747,-4.190729e+05,9.917696e+04,1.169576e+04
2657,2.488030e+03,miss,15.310510,49.684870,60.802976,-1.087998e+05,-1.835979e+05,-3.742927e+05
2658,2.488881e+03,miss,-33.639804,60.546362,40.031259,2.663569e+05,-2.697679e+05,-2.048985e+05
2659,2.489599e+03,miss,-6.078739,-0.177312,-79.768524,-6.019415e+04,-5.132105e+04,4.236750e+05
2660,2.490467e+03,miss,3.862019,10.506541,-79.212988,1.882707e+03,-1.529125e+05,4.030343e+05
2661,2.490477e+03,miss,33.223665,-32.658557,-65.035427,-2.479674e+05,9.769381e+04,3.388087e+05
2662,2.490850e+03,hit,77.983928,0.472042,17.840519,-4.102339e+05,4.922385e+04,-1.230290e+05
2663,2.492063e+03,miss,-54.987785,-5.668522,-57.829156,3.189530e+05,9.960000e+04,2.725626e+05
2664,2.494284e+03,miss,-0.381942,-14.698104,78.637268,1.065667e+05,7.526311e+04,-4.112009e+05
2665,2.494885e+03,miss,50.372783,23.402446,-57.575240,-1.994416e+05,-2.066570e+05,3.219752e+05
2666,2.495402e+03,hit,-77.603373,17.969578,7.403427,3.904111e+05,-1.803042e+05,-3.549983e+04
2667,2.495764e+03,hit,-18.352022,-74.003262,24.222315,1.970663e+05,3.626436e+05,-1.259849e+05
2668,2.496750e+03,miss,-13.459320,-8.888612,78.357127,-2.699284e+04,5.384465e+03,-4.307361e+05
2669,2.497336e+03,hit,60.563571,-48.506783,-19.471670,-2.506643e+05,3.360342e+05,1.028754e+05
2670,2.498578e+03,hit,30.321870,70.377429,22.969583,-2.338120e+05,-3.312444e+05,-1.484477e+05
2671,2.501643e+03,hit,-76.639755,14.383191,17.873772,3.990896e+05,-1.073928e+05,-1.258990e+05
2672,2.501777e+03,miss,0.203602,-0.045047,79.999728,8.411757e+04,-6.088909e+04,-4.193841e+05
2673,2.501921e+03,miss,13.290163,-7.557787,-78.525483,-1.164527e+05,-5.443927e+04,4.124950e+05
2674,2.503137e+03,miss,-23.150732,32.304198,-69.429694,1.424912e+05,-7.150248e+04,4.016857e+05
2675,2.503243e+03,miss,41.641693,54.511867,41.163404,-1.359341e+05,-3.496408e+05,-2.145901e+05
2676,2.503377e+03,hit,40.282469,-68.360594,10.205479,-1.358626e+05,4.072971e+05,-4.935716e+04
2677,2.506072e+03,hit,-4.571930,12.906119,78.819601,1.765767e+04,-1.663289e+05,-3.987601e+05
2678,2.506339e+03,miss,-12.464602,6.912946,-78.720041,3.506927e+04,-1.355434e+05,4.091513e+05
2679,2.506579e+03,miss,17.152247,47.916687,-61.723509,1.168750e+04,-2.441036e+05,3.567933e+05
2680,2.507316e+03,miss,48.622412,-50.816745,-38.125051,-2.683599e+05,2.214527e+05,2.569459e+05
2681,2.508928e+03,miss,29.285029,-55.439021,49.688047,-5.400527e+04,3.304359e+05,-2.740354e+05
2682,2.509169e+03,miss,36.807375,-8.766859,70.486590,-1.712675e+05,1.482730e+05,-3.686467e+05
2683,2.509772e+03,miss,-72.090197,22.287966,26.575367,3.967335e+05,-3.182313e+04,-1.698607e+05
2684,2.511519e+03,hit,12.017999,79.090216,0.552602,-1.103840e+05,-4.185611e+05,-3.892143e+03
2685,2.511883e+03,miss,-63.971452,17.495956,-44.738628,3.086154e+05,-5.499839e+04,2.985834e+05
2686,2.512364e+03,miss,29.864345,34.742199,-65.582776,-6.955940e+04,-2.435191e+05,3.511640e+05
2687,2.513957e+03,miss,23.785711,-62.634044,43.717462,-1.291502e+05,3.647288e+05,-1.945974e+05
2688,2.514101e+03,miss,11.366836,4.917219,-79.035536,-4.298935e+03,-1.156802e+05,4.173553e+05
2689,2.514571e+03,miss,18.107297,-9.134281,-77.386631,-1.482191e+05,1.271733e+05,3.866251e+05
2690,2.515079e+03,miss,0.439115,26.987753,-75.309152,-1.019550e+05,-1.034505e+05,4.081201e+05
2691,2.515694e+03,miss,-34.421690,-55.760122,45.890696,1.143921e+05,3.530974e+05,-2.234758e+05
2692,2.516309e+03,miss,-29.104167,39.100616,63.435710,5.979160e+04,-1.992402e+05,-3.801038e+05
2693,2.517433e+03,miss,-28.411745,-15.413567,-73.179196,1.353849e+05,-2.312341e+04,4.110604e+05
2694,2.518530e+03,miss,-54.498868,-22.441371,-54.094900,3.181871e+05,1.609010e+05,2.465443e+05
2695,2.518540e+03,miss,59.027054,-52.437300,-12.889393,-3.762786e+05,2.001338e+05,7.923354e+04
2696,2.518915e+03,miss,26.659341,62.709674,-41.913916,-2.127145e+05,-3.231365e+05,1.956538e+05
2697,2.519156e+03,miss,-38.076816,15.573247,68.612171,2.340575e+05,-1.563019e+05,-3.297723e+05
2698,2.519894e+03,miss,-46.954855,-28.689668,58.070169,1.693816e+05,1.655099e+05,-3.632278e+05
2699,2.520510e+03,miss,46.640641,59.518288,-26.119417,-3.048895e+05,-2.841851e+05,1.197717e+05
2700,2.520644e+03,hit,-35.985718,-70.870222,-9.079633,2.558240e+05,3.447522e+05,6.143281e+04
2701,2.520874e+03,hit,-1.919413,-13.424847,78.842180,6.474918e+04,-2.116512e+04,-4.283115e+05
2702,2.521634e+03,miss,-43.379723,-32.864416,-58.635567,2.762492e+05,7.722710e+04,3.253771e+05
2703,2.523000e+03,miss,32.204275,27.044809,68.054852,-2.385575e+05,-1.666504e+05,-3.218195e+05
2704,2.523107e+03,miss,-78.357064,8.844658,13.488609,4.270595e+05,4.050883e+04,-6.509202e+04
2705,2.523337e+03,miss,29.948488,15.640772,72.515200,-2.062434e+05,-1.505016e+05,-3.508389e+05
2706,2.523953e+03,miss,-49.912811,27.163126,56.310530,2.513305e+05,-5.873519e+04,-3.488611e+05
2707,2.524596e+03,miss,-32.604552,-32.681776,-65.336397,1.069539e+05,1.216623e+05,4.026513e+05
2708,2.525185e+03,miss,73.132775,-20.403413,-25.205117,-3.852504e+05,1.643406e+05,1.139613e+05
2709,2.525212e+03,miss,16.929114,12.386859,77.200847,-3.929548e+03,-1.294394e+05,-4.143005e+05
2710,2.525453e+03,miss,47.936630,-63.818193,-5.414578,-3.229800e+05,2.888750e+05,2.584597e+04
2711,2.527436e+03,miss,-45.870834,-22.511707,61.555582,1.615036e+05,1.268520e+05,-3.826304e+05
2712,2.528777e+03,miss,21.921250,28.917710,71.296738,-4.799421e+04,-2.284586e+05,-3.663114e+05
2713,2.528911e+03,miss,-34.385930,39.961739,60.171980,8.898725e+04,-2.198669e+05,-3.639103e+05
2714,2.529517e+03,miss,38.734704,10.938656,69.137316,-1.428265e+05,1.587833e+04,-4.099811e+05
2715,2.529651e+03,miss,21.502009,-41.627873,-64.844305,-1.408436e+05,2.782213e+05,3.024931e+05
2716,2.530133e+03,miss,-28.218642,-1.635610,-74.840050,5.179347e+04,-2.240082e+04,4.308105e+05
2717,2.530268e+03,hit,-12.790961,15.622097,77.410215,1.154889e+05,-1.630703e+05,-3.858270e+05
2718,2.530412e+03,hit,-37.139348,69.677207,-12.874611,1.182347e+05,-4.096954e+05,8.350542e+04
2719,2.530654e+03,miss,-26.844144,35.663803,-66.388893,1.896897e+05,-9.540376e+04,3.791264e+05
2720,2.531394e+03,miss,24.471821,-2.431546,-76.126326,-2.164985e+05,-1.401836e+04,3.765740e+05
2721,2.531753e+03,miss,-1.835883,20.164581,77.395214,-9.513781e+04,-1.168626e+05,-4.076701e+05
2722,2.532118e+03,miss,6.515806,-34.281586,-71.988312,3.798366e+04,1.111811e+05,4.184808e+05
2723,2.533621e+03,miss,-5.147200,-17.254416,77.947363,1.307844e+05,8.637895e+04,-4.055569e+05
2724,2.534104e+03,hit,-15.251032,-5.081245,-78.368278,5.835524e+04,-7.795220e+04,4.237882e+05
2725,2.534490e+03,hit,26.188582,23.823394,-71.739836,-2.049659e+05,-1.686592e+05,3.444564e+05
2726,2.534721e+03,miss,-15.129688,77.519844,-12.718741,3.492492e+04,-4.297349e+05,5.685525e+04
2727,2.534963e+03,miss,-10.581199,-47.264949,-63.671523,5.757187e+04,1.699219e+05,3.961748e+05
2728,2.535231e+03,hit,-28.585477,74.039421,-10.051598,1.344206e+05,-4.072741e+05,7.225882e+04
2729,2.536080e+03,hit,32.323158,-70.874582,-18.221060,-7.894015e+04,4.126621e+05,1.127127e+05
2730,2.536842e+03,miss,-0.453283,-4.727407,-79.858914,-5.901015e+04,-6.214323e+04,4.265427e+05
2731,2.537691e+03,miss,-43.494190,20.086981,64.068469,2.947060e+05,-1.132974e+05,-2.994295e+05
2732,2.538308e+03,miss,-15.417161,-74.032559,26.105390,2.140801e+04,4.177750e+05,-1.199909e+05
2733,2.539689e+03,miss,-17.500417,-57.341681,52.968548,9.499064e+03,2.829121e+05,-3.307046e+05
2734,2.542893e+03,miss,-61.967095,46.761440,19.324772,3.338524e+05,-2.666516e+05,-8.469738e+04
2735,2.542914e+03,miss,43.173224,-58.162954,33.957967,-2.911697e+05,2.426071e+05,-2.147038e+05
2736,2.543511e+03,miss,54.578137,-6.206359,58.161053,-3.414164e+05,4.295662e+04,-2.671512e+05
2737,2.543522e+03,miss,10.234056,-41.602070,-67.561320,-3.671937e+04,1.346977e+05,4.126612e+05
2738,2.543657e+03,hit,-52.124924,51.297420,-32.427874,2.217915e+05,-3.051634e+05,2.178873e+05
2739,2.544506e+03,miss,18.999477,28.896348,72.138900,-1.945595e+05,-1.110410e+05,-3.737258e+05
2740,2.544641e+03,miss,29.009664,-30.092739,68.211923,-7.021420e+04,1.222205e+05,-4.123065e+05
2741,2.544786e+03,miss,63.403580,-19.125595,44.879814,-3.786433e+05,3.809982e+04,-2.122569e+05
2742,2.544883e+03,hit,32.297908,-69.835778,21.904548,-8.120988e+04,4.134205e+05,-1.112250e+05
2743,2.545136e+03,miss,14.542306,50.497101,60.320512,-1.355613e+05,-1.945150e+05,-3.656344e+05
2744,2.546642e+03,miss,-6.361686,-74.137954,-29.378440,-5.239711e+04,3.890931e+05,1.894069e+05
2745,2.548353e+03,hit,57.782388,53.847222,12.715043,-3.778553e+05,-2.046696e+05,-7.400871e+04
2746,2.548499e+03,miss,27.082738,-41.987510,62.478591,-4.072109e+04,2.444993e+05,-3.587677e+05
2747,2.549107e+03,miss,-24.273160,4.285653,-76.108126,1.688143e+05,7.250441e+04,3.955282e+05
2748,2.549592e+03,miss,4.487045,-43.690622,-66.865506,-9.496571e+04,2.756536e+05,3.243926e+05
2749,2.549619e+03,hit,59.347637,50.781711,-17.293810,-3.700914e+05,-2.014640e+05,1.126079e+05
2750,2.551331e+03,miss,20.267569,-14.888219,75.944497,-8.586332e+03,4.551669e+04,-4.338412e+05
2751,2.552473e+03,miss,-15.978502,7.286914,78.048628,3.289749e+04,5.539230e+04,-4.316229e+05
2752,2.553470e+03,miss,-24.918801,47.685062,59.204630,1.165352e+05,-1.841713e+05,-3.781848e+05
2753,2.554186e+03,hit,79.666347,-6.393135,-3.521500,-4.347317e+05,-3.151789e+04,2.432558e+04
2754,2.554806e+03,hit,-59.813141,27.577160,45.408021,2.613352e+05,-1.830233e+05,-2.980426e+05
2755,2.555685e+03,miss,-35.641519,24.179960,67.416702,1.834800e+05,-2.731980e+04,-3.953192e+05
2756,2.556046e+03,hit,32.349490,68.662379,25.278218,-1.959160e+05,-3.471508e+05,-1.783781e+05
2757,2.556423e+03,miss,49.788792,11.665043,61.522378,-2.462291e+05,3.998709e+04,-3.584912e+05
2758,2.557302e+03,miss,29.549961,-22.730650,-70.782182,-1.814845e+05,1.642636e+04,3.969922e+05
2759,2.558796e+03,miss,-71.695918,-34.915736,-6.370769,3.462942e+05,2.646850e+05,3.070639e+04
2760,2.558920e+03,miss,-59.899686,-34.440885,40.321869,2.765132e+05,1.979144e+05,-2.744089e+05
2761,2.559038e+03,miss,18.320871,2.217476,77.842331,-1.233032e+05,9.002247e+04,-4.094277e+05
2762,2.560171e+03,miss,13.910272,-8.262830,-78.346857,-6.727224e+04,1.464425e+05,4.062663e+05
2763,2.561024e+03,hit,-38.750783,-51.610620,47.272833,2.368546e+05,2.046969e+05,-3.050999e+05
2764,2.561644e+03,hit,-7.430902,-79.642728,1.348168,1.397746e+05,4.141846e+05,-6.883353e+03
2765,2.561914e+03,miss,-54.521604,5.565521,58.278809,2.252793e+05,-6.589229e+03,-3.746454e+05
2766,2.562049e+03,hit,-61.821057,46.114277,-21.251596,3.260107e+05,-2.482912e+05,1.524202e+05
2767,2.562411e+03,hit,-5.110538,3.514658,-79.759197,4.694039e+04,-1.211259e+05,4.175111e+05
2768,2.563156e+03,miss,-65.483392,33.627985,31.322261,3.852527e+05,-8.299051e+04,-1.895755e+05
2769,2.563409e+03,hit,62.739298,-36.714566,-33.403910,-2.751264e+05,2.662042e+05,2.114372e+05
2770,2.564019e+03,miss,-14.800582,-66.749242,41.538915,-2.693502e+04,3.748310e+05,-2.238005e+05
2771,2.564262e+03,miss,29.756756,22.278693,70.839222,-1.632220e+05,-2.069400e+05,-3.490888e+05
2772,2.564408e+03,miss,19.438276,33.856550,69.827555,-1.604400e+05,-9.032042e+04,-3.967879e+05
2773,2.564910e+03,miss,-49.525817,-9.694459,62.074238,3.250198e+05,3.170470e+04,-2.910908e+05
2774,2.565046e+03,miss,-19.593796,-29.479570,71.742861,1.184471e+05,5.524922e+04,-4.174983e+05
2775,2.565153e+03,miss,27.376264,29.343157,69.206353,-7.060690e+04,-1.028928e+05,-4.193123e+05
2776,2.565261e+03,miss,3.180563,3.572582,79.856876,-6.616365e+03,-1.233975e+05,-4.196813e+05
2777,2.565396e+03,miss,10.974601,-50.184479,-61.327614,6.115235e+03,3.204841e+05,2.977678e+05
2778,2.566774e+03,miss,21.721214,5.676160,-76.785220,-1.035367e+04,-2.104728e+04,4.369963e+05
2779,2.567898e+03,hit,3.040489,68.596345,-41.052368,-7.037480e+04,-3.340564e+05,2.739589e+05
2780,2.568897e+03,hit,67.031000,-9.860463,42.539585,-3.179143e+05,1.200992e+05,-2.760092e+05
2781,2.569016e+03,miss,-16.528615,13.749931,-77.056760,1.590540e+05,5.227000e+03,4.078698e+05
2782,2.569762e+03,miss,-70.104538,36.289105,12.979006,3.686641e+05,-2.291326e+05,-5.765391e+04
2783,2.569773e+03,miss,-29.529315,27.882262,68.924589,1.577654e+05,-2.323831e+05,-3.359284e+05
2784,2.571898e+03,miss,-38.014645,11.290738,-69.479537,2.747009e+05,-1.216731e+04,3.410127e+05
2785,2.572249e+03,miss,74.534238,13.151132,-25.917081,-4.210098e+05,-3.337814e+04,1.164522e+05
2786,2.572617e+03,miss,2.603886,24.474833,-76.119658,-1.195124e+05,-1.193781e+05,4.042494e+05
2787,2.573861e+03,miss,-54.288292,5.025810,-58.545048,3.092290e+05,-1.142691e+05,2.887296e+05
2788,2.574997e+03,miss,-0.235694,-78.058872,17.514477,-7.997905e+04,4.227859e+05,-8.357608e+04
2789,2.575008e+03,miss,45.287915,-28.169450,-59.627903,-3.091433e+05,8.307776e+04,2.994308e+05
2790,2.575251e+03,miss,-35.517005,-71.456021,-5.707836,9.800736e+04,4.262386e+05,2.938807e+04
2791,2.575727e+03,miss,-29.679670,63.091060,-39.225443,2.538626e+05,-2.907960e+05,2.077872e+05
2792,2.575765e+03,hit,4.424442,6.130631,-79.641947,-1.265957e+05,-1.149770e+04,4.195571e+05
2793,2.576388e+03,miss,-38.296340,0.790981,-70.233644,1.116582e+05,1.258708e+04,4.238010e+05
2794,2.578596e+03,miss,11.870905,51.025322,-60.460716,2.161366e+04,-3.155891e+05,3.038658e+05
2795,2.579122e+03,hit,-50.403813,-55.144190,28.610732,3.460260e+05,2.167001e+05,-1.604502e+05
2796,2.579858e+03,miss,8.425228,-57.073543,-55.422254,-1.183642e+05,2.481111e+05,3.419400e+05
2797,2.581483e+03,miss,-27.635808,-36.032450,65.862923,1.826817e+05,2.494315e+05,-3.114880e+05
2798,2.582350e+03,miss,-42.950865,-49.443788,45.940560,2.785964e+05,2.663068e+05,-2.101019e+05
2799,2.582361e+03,miss,34.880994,28.598743,-66.071387,-2.237983e+05,-2.105449e+05,3.134711e+05
2800,2.583488e+03,miss,44.613506,-14.169854,-64.875653,-2.638601e+05,1.539631e+05,3.153351e+05
2801,2.584843e+03,hit,78.136049,-16.243102,5.560533,-4.136958e+05,1.420358e+05,-3.931640e+04
2802,2.585982e+03,miss,-43.938488,-66.411586,7.675321,2.805887e+05,3.361856e+05,-3.461700e+04
2803,2.586752e+03,hit,-2.195993,6.123128,79.735092,-8.023778e+04,-8.571534e+04,-4.233454e+05
2804,2.586985e+03,hit,-32.338805,73.172226,0.164359,2.678175e+05,-3.482772e+05,-8.590625e+02
2805,2.588124e+03,miss,20.649808,-1.083736,77.281375,-4.958673e+03,2.308322e+04,-4.388069e+05
2806,2.588357e+03,miss,-10.192077,-29.416347,-73.693962,7.752108e+04,5.623533e+04,4.288991e+05
2807,2.589263e+03,miss,-70.972644,-11.760314,34.993983,3.483481e+05,1.498316e+05,-2.222568e+05
2808,2.590365e+03,miss,-8.281031,-61.484240,50.508542,-3.186945e+04,2.970616e+05,-3.225134e+05
2809,2.591244e+03,miss,9.281337,74.838134,-26.704129,-4.294494e+04,-4.212231e+05,1.186109e+05
2810,2.591624e+03,miss,-75.651014,0.081019,26.017637,4.155287e+05,7.457767e+04,-1.230617e+05
2811,2.591749e+03,miss,34.382484,-71.165006,12.384940,-2.704887e+05,3.411635e+05,-6.182864e+04
2812,2.593730e+03,miss,11.610026,79.050340,4.031253,4.697708e+04,-4.368082e+05,-2.278122e+04
2813,2.593991e+03,miss,-17.690178,-76.115534,-17.131350,2.023774e+04,4.318769e+05,8.136033e+04
2814,2.594871e+03,miss,-78.663769,-1.850619,14.442528,4.200548e+05,8.704664e+04,-9.792460e+04
2815,2.594898e+03,miss,54.865881,-16.412526,-55.860220,-2.360209e+05,6.342993e+04,3.659032e+05
2816,2.595143e+03,miss,53.336076,41.707686,-42.611406,-2.862917e+05,-2.715494e+05,1.947579e+05
2817,2.595523e+03,miss,-32.280895,-52.574755,50.929745,2.218977e+05,2.987686e+05,-2.348611e+05
2818,2.596637e+03,miss,53.597432,-22.019619,-55.158423,-2.322334e+05,2.122457e+05,3.078368e+05
2819,2.596772e+03,hit,6.161113,9.980208,-79.135555,-1.047765e+05,-1.247788e+05,4.089087e+05
2820,2.596881e+03,miss,51.521961,-3.964673,61.071834,-3.298325e+05,-2.431080e+04,-2.904856e+05
2821,2.597126e+03,miss,44.236203,-5.855666,-66.399319,-1.581492e+05,-8.142464e+03,4.107349e+05
2822,2.598365e+03,miss,74.469566,-5.059156,-28.786954,-4.054988e+05,-7.860191e+04,1.525304e+05
2823,2.599887e+03,miss,-50.367098,-56.577262,-25.732643,2.553305e+05,3.397013e+05,1.157412e+05
2824,2.601137e+03,miss,-35.909738,3.402099,71.406698,1.284693e+05,-1.041303e+05,-4.083289e+05
2825,2.603150e+03,miss,-20.143587,-52.025038,-57.337870,1.517457e+05,3.157777e+05,2.673720e+05
2826,2.603531e+03,miss,-1.669262,57.751142,55.335515,1.135730e+05,-2.829472e+05,-3.182775e+05
2827,2.603765e+03,miss,-57.630915,-13.192140,53.894759,3.241287e+05,-3.719915e+04,-2.963659e+05
2828,2.604293e+03,miss,0.195754,-18.876485,77.740852,9.347386e+04,1.432967e+05,-4.062561e+05
2829,2.604771e+03,miss,-22.184218,-24.488876,72.857089,1.493175e+04,1.198791e+05,-4.239777e+05
2830,2.606306e+03,miss,-49.548323,44.650544,44.173437,3.248244e+05,-1.494924e+05,-2.580828e+05
2831,2.606932e+03,miss,35.528397,-9.152066,-71.091298,-1.631814e+05,1.525152e+05,3.802936e+05
2832,2.608691e+03,miss,16.444698,-30.350161,72.169520,-1.698616e+05,1.949926e+05,-3.574471e+05
2833,2.609437e+03,miss,48.161560,48.749842,41.278530,-1.992506e+05,-3.350707e+05,-2.067027e+05
2834,2.609797e+03,miss,5.930137,25.278324,75.669279,-1.531689e+04,-3.226890e+04,-4.398297e+05
2835,2.611960e+03,miss,4.259950,-13.626406,-78.715779,5.397109e+04,-3.890282e+03,4.381317e+05
2836,2.614701e+03,miss,-8.572509,-2.057973,-79.512746,8.792943e+04,1.072939e+05,4.193428e+05
2837,2.615710e+03,miss,-51.957924,7.880514,-60.318087,3.056339e+05,5.690903e+04,3.138735e+05
2838,2.615956e+03,miss,-9.019268,-21.416500,76.550548,1.411713e+05,5.942019e+04,-4.143977e+05
2839,2.617237e+03,miss,9.806409,3.777025,79.306799,4.264900e+04,3.248853e+04,-4.386420e+05
2840,2.618738e+03,hit,1.303004,15.355051,-78.501749,-9.202692e+04,-1.438372e+04,4.321080e+05
2841,2.618874e+03,miss,-65.118392,-44.752332,-12.522932,2.922265e+05,3.252560e+05,6.492695e+04
2842,2.619365e+03,miss,-21.196763,-74.936588,18.308603,6.123344e+04,4.296327e+05,-8.429824e+04
2843,2.619993e+03,hit,-10.425139,-5.050882,-79.156838,1.538209e+05,5.507721e+04,4.108435e+05
2844,2.620364e+03,miss,50.997928,52.380038,32.489121,-2.634474e+05,-3.230067e+05,-1.475691e+05
2845,2.620855e+03,miss,-7.620857,-7.087751,-79.320151,-3.247498e+04,-4.249437e+04,4.389655e+05
2846,2.620866e+03,miss,47.501311,62.937085,-13.511063,-1.992951e+05,-3.835979e+05,9.319918e+04
2847,2.622395e+03,miss,-18.150874,-5.587569,-77.713093,5.928777e+03,8.909063e+04,4.332363e+05
2848,2.622739e+03,miss,-39.526688,50.566333,-47.756538,2.594294e+05,-1.934289e+05,3.016179e+05
2849,2.623269e+03,miss,53.912959,42.663827,-40.904654,-3.556312e+05,-1.686772e+05,2.020042e+05
2850,2.623367e+03,miss,-60.386025,37.223687,-36.985472,3.494918e+05,-2.140341e+05,1.666837e+05
2851,2.623749e+03,hit,20.448439,49.134028,-59.730299,-1.188326e+05,-1.873139e+05,3.828307e+05
2852,2.624011e+03,miss,-2.691774,57.432250,55.626352,1.224979e+05,-2.902985e+05,-3.106569e+05
2853,2.624760e+03,miss,-11.430003,-32.166845,72.350875,-4.231221e+04,2.029536e+05,-3.909757e+05
2854,2.625022e+03,miss,-41.250535,39.520997,-56.004322,2.777233e+05,-2.240042e+05,2.618280e+05
2855,2.625552e+03,miss,-46.195304,-17.677413,62.876887,2.149990e+05,7.011406e+03,-3.868176e+05
2856,2.626180e+03,miss,-32.022896,11.451306,-72.411337,1.807022e+05,-1.598520e+05,3.711368e+05
2857,2.627437e+03,miss,43.296544,-34.369477,57.828612,-1.546695e+05,2.616189e+05,-3.219863e+05
2858,2.627683e+03,miss,78.022239,-15.126186,-9.150337,-4.387985e+05,-2.762451e+04,5.247243e+04
2859,2.628793e+03,miss,-17.794977,10.679875,-77.261110,1.165715e+05,-1.550517e+05,3.981375e+05
2860,2.629077e+03,miss,-60.934467,34.242591,38.915751,3.812570e+05,-1.251833e+05,-1.874482e+05
2861,2.629668e+03,hit,-9.353723,77.804179,16.094026,5.465854e+04,-4.235089e+05,-1.177340e+05
2862,2.630324e+03,miss,-2.572407,12.733796,-78.938160,1.194910e+05,-4.949421e+04,4.237096e+05
2863,2.630964e+03,hit,-75.556900,-21.260664,15.464122,4.023090e+05,1.480551e+05,-1.119487e+05
2864,2.631718e+03,miss,-36.252855,-10.285906,70.568624,2.208902e+05,-4.946057e+04,-3.809500e+05
2865,2.631839e+03,miss,-19.641788,-68.437844,-36.475494,2.006205e+03,3.838509e+05,2.214161e+05
2866,2.631975e+03,miss,14.528964,26.206658,74.176278,-1.070934e+05,-2.227357e+05,-3.678324e+05
2867,2.632320e+03,hit,-25.477187,65.423596,-38.349263,1.229367e+05,-3.883926e+05,1.744830e+05
2868,2.632731e+03,miss,-3.359220,-73.484856,-31.443467,-5.948005e+04,4.123981e+05,1.510865e+05
2869,2.633114e+03,miss,5.091538,11.785984,-78.963072,6.187251e+04,-4.957887e+02,4.389047e+05
2870,2.634607e+03,miss,56.921559,-49.769044,-26.133857,-3.008936e+05,3.035189e+05,1.179686e+05
2871,2.636260e+03,miss,-46.661433,31.799782,56.669961,3.215703e+05,-1.084817e+05,-2.855256e+05
2872,2.636359e+03,miss,-28.573505,-21.690718,71.505717,2.140975e+05,2.679490e+04,-3.874948e+05
2873,2.636742e+03,hit,44.518577,51.613715,-41.882224,-3.120121e+05,-1.971144e+05,2.460303e+05
2874,2.636890e+03,miss,-7.678123,-77.455044,18.486821,-5.322878e+03,4.354291e+05,-8.438438e+04
2875,2.637372e+03,miss,-33.418485,21.346585,69.480416,1.614307e+05,-2.109750e+05,-3.552650e+05
2876,2.637657e+03,hit,76.557058,23.160361,-1.616946,-3.934269e+05,-2.048398e+05,7.792456e+03
2877,2.640439e+03,miss,-49.533264,55.888648,28.686491,1.928814e+05,-3.711362e+05,-1.485499e+05
2878,2.641426e+03,miss,75.375102,-15.529194,-21.850357,-4.006214e+05,1.603565e+05,1.042800e+05
2879,2.643443e+03,hit,-60.015074,-34.768893,-39.866213,3.630645e+05,1.796229e+05,1.820885e+05
2880,2.643700e+03,miss,-0.642784,22.600897,76.738428,4.325973e+04,-2.082464e+05,-3.898945e+05
2881,2.644210e+03,miss,47.929485,31.977204,-55.499756,-2.556333e+05,-2.465000e+05,2.668016e+05
2882,2.644594e+03,miss,-16.291795,-53.725716,-56.992323,3.137866e+04,3.458116e+05,2.770417e+05
2883,2.644704e+03,hit,-14.638808,5.763011,78.437829,-1.260461e+04,-9.107050e+04,-4.346008e+05
2884,2.645482e+03,hit,-73.182157,32.297640,1.111012,4.042930e+05,-1.840331e+05,-8.224214e+03
2885,2.647501e+03,hit,-64.517862,-47.291028,1.002056,3.699122e+05,2.463417e+05,-4.471968e+03
2886,2.648143e+03,hit,69.502481,28.380112,27.640086,-4.132318e+05,-4.922180e+04,-1.562175e+05
2887,2.648889e+03,miss,-19.064721,-68.733066,36.225709,7.867634e+04,4.050390e+05,-1.655183e+05
2888,2.649010e+03,miss,-22.127304,-17.510454,-74.858309,2.098292e+05,4.857746e+04,3.889265e+05
2889,2.654078e+03,miss,-23.504721,-76.058778,-7.911405,2.310792e+04,4.423258e+05,4.294088e+04
2890,2.655341e+03,miss,-12.055202,-69.556000,-37.638211,9.654084e+03,3.619656e+05,2.588668e+05
2891,2.655490e+03,miss,-8.629582,5.285537,79.357378,4.122154e+04,8.063532e+04,-4.358143e+05
2892,2.655864e+03,miss,-38.100021,-14.536783,68.826378,2.254521e+05,-2.954302e+04,-3.827033e+05
2893,2.657128e+03,miss,64.737666,24.544318,-40.082553,-3.930600e+05,-9.368766e+04,1.870402e+05
2894,2.657996e+03,hit,29.897218,-67.162710,-31.548799,-5.997797e+04,3.980564e+05,1.904628e+05
2895,2.658777e+03,miss,21.192694,-25.596497,72.771486,-3.239772e+04,2.082112e+05,-3.924017e+05
2896,2.659656e+03,hit,0.883866,5.069266,79.834337,-8.799005e+04,-9.401283e+04,-4.264570e+05
2897,2.659783e+03,hit,-55.947924,-57.002642,4.530855,3.777072e+05,2.345006e+05,-2.832746e+04
2898,2.660525e+03,miss,-2.604202,18.865597,77.700112,-7.437247e+04,-1.576496e+05,-4.100322e+05
2899,2.661196e+03,miss,50.082470,-12.403660,-61.138330,-2.915312e+05,1.496197e+05,3.019679e+05
2900,2.662066e+03,miss,11.008213,-13.318669,-78.111666,-4.221279e+04,-3.602473e+04,4.422062e+05
2901,2.663744e+03,miss,-55.509407,-30.212280,49.050218,2.310787e+05,2.455630e+05,-2.916380e+05
2902,2.664228e+03,miss,9.727452,41.390992,67.765496,-1.171451e+05,-2.727030e+05,-3.327122e+05
2903,2.664734e+03,miss,-17.537661,-77.722016,7.191567,-1.398449e+04,4.437041e+05,-4.190778e+04
2904,2.664872e+03,miss,68.193225,25.316892,-33.297733,-3.710783e+05,-1.929204e+05,1.546545e+05
2905,2.665109e+03,miss,25.250826,57.358218,49.723542,-5.141432e+04,-3.616198e+05,-2.558138e+05
2906,2.665257e+03,miss,-57.049783,50.889694,-23.570348,3.805798e+05,-1.908657e+05,1.326403e+05
2907,2.665367e+03,miss,-17.144007,76.064023,-17.898253,1.141687e+05,-4.235240e+05,8.040720e+04
2908,2.666771e+03,miss,37.783396,-15.106064,-68.878312,-1.989892e+05,1.812313e+05,3.557184e+05
2909,2.668523e+03,miss,-2.189401,-0.342422,79.969302,7.183140e+04,-8.785338e+04,-4.315435e+05
2910,2.668688e+03,miss,-46.763405,-38.452649,52.293190,2.979661e+05,1.117762e+05,-3.127977e+05
2911,2.669707e+03,hit,43.594149,56.657537,-35.909241,-3.063684e+05,-2.340605e+05,2.248338e+05
2912,2.670462e+03,hit,-3.060442,-13.203954,78.843448,6.295042e+04,1.619711e+05,-4.111631e+05
2913,2.670589e+03,hit,59.825070,21.581769,48.530281,-3.700746e+05,-1.077109e+05,-2.251779e+05
2914,2.671360e+03,miss,35.475983,-21.673490,68.349941,-9.472111e+04,1.262037e+05,-4.176362e+05
2915,2.672479e+03,miss,44.371904,-23.654997,62.221984,-2.043565e+05,2.253397e+05,-3.268997e+05
2916,2.672766e+03,miss,15.277457,19.093753,76.171044,-1.132781e+05,1.965961e+03,-4.319590e+05
2917,2.673014e+03,miss,29.372101,71.944892,19.005584,-1.988517e+05,-3.904265e+05,-8.641792e+04
2918,2.673262e+03,miss,-14.052888,-40.395754,67.606948,1.792602e+05,1.944878e+05,-3.598634e+05
2919,2.674133e+03,hit,37.202252,-61.352786,35.381182,-1.030290e+05,3.815029e+05,-2.082473e+05
2920,2.674271e+03,miss,-6.505821,0.307083,79.734434,-1.007194e+04,9.764933e+04,-4.357750e+05
2921,2.674629e+03,miss,17.630787,61.765652,-47.688149,-1.141259e+04,-3.762162e+05,2.406128e+05
2922,2.674767e+03,miss,-66.596550,-13.570323,-42.198884,3.886879e+05,-2.392933e+04,2.189127e+05
2923,2.674916e+03,miss,32.031282,-37.996462,-62.691833,-1.868960e+05,2.723458e+05,3.008030e+05
2924,2.675153e+03,miss,7.029628,-47.327215,-64.114890,5.763990e+04,2.910062e+05,3.340592e+05
2925,2.675401e+03,miss,48.714076,-29.511481,-56.178388,-3.231633e+05,1.570609e+05,2.655530e+05
2926,2.677839e+03,miss,32.539926,-52.431585,50.912494,-2.460759e+05,2.073825e+05,-3.102290e+05
2927,2.679594e+03,hit,61.727933,-24.161184,-44.787269,-2.800285e+05,1.785655e+05,2.993865e+05
2928,2.680505e+03,miss,29.373807,29.521302,68.305726,-1.165726e+05,-2.494023e+05,-3.524360e+05
2929,2.680892e+03,miss,-68.936533,-38.365308,13.261130,4.077844e+05,1.733342e+05,-6.080930e+04
2930,2.681129e+03,miss,31.725118,59.855880,42.553385,-8.808926e+04,-3.794239e+05,-2.198322e+05
2931,2.681389e+03,miss,-47.315567,32.659611,55.629011,2.078970e+05,-2.680278e+05,-2.915608e+05
2932,2.681913e+03,miss,-14.726002,-76.776546,16.985489,1.557702e+05,4.113701e+05,-8.134596e+04
2933,2.682013e+03,miss,-59.388647,17.519410,50.656282,2.987105e+05,-1.974427e+05,-2.681469e+05
2934,2.682024e+03,miss,41.487338,-26.934625,-62.875486,-1.336396e+05,1.911641e+05,3.817223e+05
2935,2.682151e+03,miss,79.648366,2.705616,-6.986945,-4.281392e+05,-1.239388e+05,3.821818e+04
2936,2.682648e+03,miss,-11.279917,23.318635,-75.690189,-5.431249e+03,-2.052300e+05,3.975083e+05
2937,2.682675e+03,hit,65.311417,43.868432,14.490669,-4.152077e+05,-1.443005e+05,-8.332869e+04
2938,2.682924e+03,miss,63.567791,16.263358,-45.767228,-2.945616e+05,-1.637292e+05,2.942933e+05
2939,2.682935e+03,hit,3.539353,0.406773,79.920633,-5.432484e+04,1.002001e+05,-4.326568e+05
2940,2.683321e+03,hit,64.540327,-39.326908,-26.228619,-2.905338e+05,3.069525e+05,1.469091e+05
2941,2.684691e+03,miss,-37.727442,1.829670,-70.521574,1.092296e+05,-1.869909e+04,4.336282e+05
2942,2.684719e+03,hit,-62.475694,43.602827,24.404533,3.163491e+05,-2.630258e+05,-1.762298e+05
2943,2.685741e+03,miss,-45.915129,-7.122345,65.123522,3.172064e+05,1.404943e+04,-3.155555e+05
2944,2.685841e+03,hit,-13.393781,3.074637,-78.810870,1.563259e+05,-7.554295e+04,4.126202e+05
2945,2.686874e+03,hit,79.662903,-4.564086,5.743777,-4.431207e+05,-5.013254e+04,-4.009744e+04
2946,2.687134e+03,miss,27.004048,9.971880,74.641429,-2.290570e+05,-8.685068e+04,-3.748150e+05
2947,2.687250e+03,hit,-37.121201,-3.506869,-70.779364,2.809391e+05,8.757440e+03,3.485708e+05
2948,2.688135e+03,miss,16.549897,-0.836758,-78.264940,-5.646743e+04,1.090796e+05,4.306787e+05
2949,2.688781e+03,miss,-65.336935,-40.822154,21.555434,4.101413e+05,1.429735e+05,-1.093709e+05
2950,2.689058e+03,miss,-34.085180,-42.753388,58.398188,2.733953e+05,1.888693e+05,-3.003720e+05
2951,2.690816e+03,miss,8.740410,21.172831,-76.650613,4.683200e+04,-6.008561e+04,4.415514e+05
2952,2.690927e+03,hit,9.707412,-79.052070,7.519067,3.129531e+04,4.454694e+05,-3.683851e+04
2953,2.690966e+03,miss,27.548998,-61.957057,-42.454397,-2.327739e+05,3.208215e+05,2.089790e+05
2954,2.691314e+03,miss,3.641545,4.796217,79.773025,5.425207e+03,-1.303130e+05,-4.287160e+05
2955,2.691701e+03,miss,42.134339,17.999131,-65.579942,-1.632214e+05,-4.115280e+04,4.153341e+05
2956,2.691729e+03,hit,-4.579732,-15.485227,78.353263,9.430132e+04,-1.659282e+03,-4.381139e+05
2957,2.693240e+03,miss,-74.936116,26.839675,8.013135,4.335083e+05,-1.080565e+05,-3.669272e+04
2958,2.693251e+03,miss,-58.768690,-50.108603,20.865497,3.524265e+05,2.602641e+05,-9.492599e+04
2959,2.693610e+03,miss,-51.200981,21.467198,57.598776,2.732096e+05,-1.656635e+04,-3.550517e+05
2960,2.694634e+03,miss,33.207346,1.356042,-72.769728,-2.198279e+05,8.698911e+04,3.810048e+05
2961,2.695022e+03,miss,-67.370500,42.870362,4.831949,4.240792e+05,-1.434371e+05,-2.583696e+04
2962,2.695049e+03,miss,63.954866,-14.677003,-45.764186,-3.907706e+05,2.899827e+04,2.180469e+05
2963,2.696323e+03,hit,27.613408,63.788795,-39.604158,-2.331664e+05,-2.907103e+05,2.496057e+05
2964,2.696821e+03,miss,66.307910,-20.545653,-39.763517,-3.572025e+05,1.905024e+05,1.932212e+05
2965,2.697458e+03,miss,-34.258352,-20.335757,-69.374508,2.313348e+05,9.960534e+03,3.842548e+05
2966,2.698610e+03,miss,8.278387,-71.447068,35.025489,-1.081809e+05,4.027314e+05,-1.657014e+05
2967,2.700023e+03,hit,-2.541379,78.589102,-14.740912,-7.607078e+04,-4.362221e+05,7.335923e+04
2968,2.700133e+03,miss,23.414341,-2.749482,-76.447426,-2.355936e+04,-1.250695e+04,4.480568e+05
2969,2.701436e+03,miss,45.930136,-62.351851,-20.066622,-2.991078e+05,3.030318e+05,1.423719e+05
2970,2.702045e+03,miss,53.261299,58.068318,-13.831288,-3.024545e+05,-3.259666e+05,6.225788e+04
2971,2.702572e+03,miss,17.986189,-24.355950,74.049204,-6.567669e+04,2.255705e+05,-3.826915e+05
2972,2.703198e+03,miss,51.779511,-6.328143,60.653416,-3.103636e+05,1.169268e+05,-3.028161e+05
2973,2.703209e+03,miss,11.888173,38.000152,-69.387750,3.344184e+04,-2.491684e+05,3.721460e+05
2974,2.703348e+03,miss,21.176433,2.464820,77.106961,-1.567427e+05,-1.083809e+05,-4.066835e+05
2975,2.703448e+03,hit,-45.135597,-60.809937,25.786225,3.317892e+05,2.699384e+05,-1.369776e+05
2976,2.703847e+03,hit,73.785387,30.908994,-0.592243,-4.322239e+05,-1.221410e+05,2.744823e+03
2977,2.704085e+03,miss,-69.005343,31.170363,-25.819975,4.073683e+05,-1.477745e+05,1.182160e+05
2978,2.704473e+03,miss,11.309931,-7.167011,-78.871537,-1.526904e+05,8.545095e+04,4.137318e+05
2979,2.704484e+03,miss,-16.647326,50.030139,60.165204,2.173262e+04,-3.310784e+05,-3.028296e+05
2980,2.704862e+03,miss,70.283591,-17.249743,34.097848,-4.160362e+05,6.194290e+04,-1.577849e+05
2981,2.704873e+03,hit,20.999334,-50.156244,-58.680313,-3.265062e+04,2.436748e+05,3.760007e+05
2982,2.705788e+03,miss,57.963272,10.154287,54.195475,-3.663954e+05,-1.184094e+04,-2.598124e+05
2983,2.708589e+03,miss,-19.860075,-11.451870,76.644844,1.726234e+05,-2.430774e+04,-4.143762e+05
2984,2.709078e+03,miss,75.597154,-21.548552,-14.856993,-4.422643e+05,1.543561e+04,7.935860e+04
2985,2.709355e+03,miss,-13.284365,-28.136323,73.701241,1.722529e+05,1.106254e+05,-4.003066e+05
2986,2.709494e+03,miss,-40.787754,43.148310,-53.615133,2.651644e+05,-2.614439e+05,2.519915e+05
2987,2.709605e+03,miss,-42.663252,-27.641621,61.772063,1.423520e+05,1.774623e+05,-3.878352e+05
2988,2.710105e+03,miss,0.683336,61.455877,-51.212384,-1.095107e+05,-3.401411e+05,2.729868e+05
2989,2.710382e+03,miss,-64.671510,-35.823244,30.566174,2.930905e+05,2.894050e+05,-1.804820e+05
2990,2.710760e+03,miss,-55.339528,28.873984,-50.038282,2.560709e+05,-2.541605e+05,2.684946e+05
2991,2.710871e+03,miss,45.101066,-55.415718,35.985998,-2.911627e+05,2.994914e+05,-1.667234e+05
2992,2.710910e+03,miss,-6.547628,3.613059,79.649698,-5.465299e+04,4.411564e+04,-4.442266e+05
2993,2.711520e+03,miss,-32.547664,-14.715257,-71.582894,1.449497e+05,-2.108477e+04,4.252775e+05
2994,2.711648e+03,miss,-58.206159,15.865016,52.538979,2.868537e+05,-1.494061e+04,-3.461462e+05
2995,2.712287e+03,miss,43.180633,21.028330,63.978452,-2.102919e+05,-2.138027e+05,-3.353190e+05
2996,2.712536e+03,miss,21.825396,25.231430,72.711946,-3.883919e+04,-2.110506e+05,-3.953998e+05
2997,2.714203e+03,miss,37.089696,63.745210,30.998429,-2.959326e+05,-2.951930e+05,-1.667366e+05
2998,2.714730e+03,miss,19.964753,70.734452,31.591865,-1.586956e+05,-3.946923e+05,-1.469327e+05
2999,2.714980e+03,miss,-31.482810,4.692204,-73.394931,7.216987e+04,-3.133782e+03,4.442475e+05
3000,2.715130e+03,miss,75.196127,15.234876,-22.659236,-3.886164e+05,-1.682396e+05,1.525059e+05
3001,2.715630e+03,miss,-79.177208,-5.174634,-10.207488,4.336498e+05,1.099927e+05,4.972071e+04
3002,2.716286e+03,miss,-17.062556,46.884610,-62.535610,-1.024207e+04,-2.422040e+05,3.793467e+05
3003,2.716536e+03,miss,54.782537,-30.702689,-49.560252,-2.914204e+05,9.345793e+04,3.301970e+05
3004,2.717037e+03,hit,-79.971417,-2.088988,0.456732,4.378154e+05,1.050713e+05,-2.301287e+03
3005,2.717537e+03,miss,0.444685,2.749526,-79.951500,8.370062e+04,-8.142640e+04,4.348894e+05
3006,2.718565e+03,miss,-76.620222,13.795544,18.412619,4.262983e+05,-1.180798e+05,-8.466738e+04
3007,2.718982e+03,miss,19.677304,-75.963389,-15.568146,-2.092178e+05,3.902840e+05,8.233502e+04
3008,2.719722e+03,hit,-44.496300,-66.483297,-0.224548,1.605850e+05,4.208779e+05,1.465933e+03
3009,2.719733e+03,hit,31.285220,71.913696,15.800487,-2.576263e+05,-3.543423e+05,-1.048761e+05
3010,2.720233e+03,miss,-52.132680,-4.115045,-60.541309,2.541257e+05,1.292564e+05,3.488252e+05
3011,2.720261e+03,miss,57.359803,-4.951374,-55.545809,-2.683808e+05,-4.714984e+04,3.587713e+05
3012,2.720511e+03,miss,-18.653856,-15.342690,-76.266870,2.205602e+03,4.249472e+04,4.485267e+05
3013,2.720623e+03,miss,1.115354,-64.342571,-47.526725,8.154816e+04,3.732703e+05,2.387766e+05
3014,2.720901e+03,miss,43.507670,6.869967,66.782380,-2.187837e+05,7.119410e+04,-3.874029e+05
3015,2.721501e+03,miss,20.125507,66.664626,39.380091,-4.103659e+04,-4.053042e+05,-1.926270e+05
3016,2.722169e+03,miss,-62.864921,48.164382,-11.322280,3.888835e+05,-2.214839e+05,5.315077e+04
3017,2.722948e+03,miss,57.738949,-16.472769,52.866451,-3.635741e+05,1.356946e+04,-2.660796e+05
3018,2.723170e+03,miss,26.390312,35.318367,66.754508,-1.745546e+05,-2.583275e+05,-3.255500e+05
3019,2.724100e+03,miss,-79.776831,1.217477,-5.845942,4.485777e+05,3.620219e+04,2.687118e+04
3020,2.724467e+03,miss,-17.215165,46.648459,-62.670243,-1.607175e+04,-2.686798e+05,3.617110e+05
3021,2.724617e+03,hit,32.341400,69.810742,21.920175,-2.776219e+05,-3.317756e+05,-1.270599e+05
3022,2.724718e+03,miss,2.947791,16.030755,-78.321934,-2.414627e+04,-1.878673e+05,4.091742e+05
3023,2.724979e+03,miss,35.729604,-5.727137,-71.348408,-2.556961e+05,-4.538835e+04,3.686185e+05
3024,2.725747e+03,miss,-70.270039,-20.199644,-32.466845,4.200309e+05,5.645209e+04,1.541580e+05
3025,2.725769e+03,miss,-31.792993,70.072654,21.886726,2.483414e+05,-3.455068e+05,-1.494347e+05
3026,2.725898e+03,hit,-49.853347,57.662241,-24.283941,1.887710e+05,-3.870155e+05,1.340642e+05
3027,2.726287e+03,miss,13.929001,-50.043829,-60.840761,-1.260263e+05,3.182097e+05,2.937308e+05
3028,2.727289e+03,miss,-62.756469,3.314432,49.503940,3.306440e+05,9.151577e+04,-2.929027e+05
3029,2.727429e+03,miss,26.303338,67.897419,33.137214,-2.062717e+05,-3.692454e+05,-1.568845e+05
3030,2.727958e+03,miss,0.678149,0.979872,79.991124,-1.114971e+05,1.248324e+04,-4.369840e+05
3031,2.728058e+03,miss,-11.100759,-79.118387,4.129642,-8.859627e+02,4.507441e+05,-1.946515e+04
3032,2.729489e+03,miss,-46.768320,14.001307,-63.377344,1.740908e+05,-1.280949e+05,3.961576e+05
3033,2.730910e+03,miss,2.335461,1.923207,79.942773,8.080908e+04,4.786044e+04,-4.415224e+05
3034,2.731289e+03,hit,-1.608951,-79.815321,-5.189003,9.201739e+04,4.412228e+05,2.542069e+04
3035,2.732710e+03,miss,-56.189965,17.798924,54.091461,2.656678e+05,-4.396736e+04,-3.624701e+05
3036,2.733201e+03,miss,17.917042,-30.399015,-71.797490,-1.919645e+05,1.778646e+05,3.680319e+05
3037,2.733602e+03,miss,53.006311,-8.455537,-59.319768,-3.323394e+05,1.027646e+05,2.880166e+05
3038,2.734093e+03,miss,12.111360,27.372658,-74.189302,-5.798144e+04,-4.519740e+04,4.456406e+05
3039,2.734132e+03,miss,35.403486,6.549328,71.440181,-2.684098e+05,-7.136009e+04,-3.561840e+05
3040,2.735777e+03,hit,18.615537,8.407740,77.348379,-2.002975e+05,-5.111504e+04,-4.017387e+05
3041,2.735805e+03,miss,-77.058981,2.726232,21.318563,4.229441e+05,4.603790e+04,-1.520748e+05
3042,2.735916e+03,miss,6.387094,11.761656,-78.872482,-1.407855e+05,-7.480943e+04,4.227520e+05
3043,2.736017e+03,miss,-66.414709,-19.721243,-40.001987,4.052225e+05,4.069643e+04,1.956585e+05
3044,2.736167e+03,hit,-17.689552,-52.205261,-57.980087,1.078442e+05,2.133005e+05,3.834416e+05
3045,2.736418e+03,miss,-47.472363,20.001923,61.207008,2.837195e+05,-5.346795e+02,-3.516769e+05
3046,2.736658e+03,hit,51.652799,-54.118181,-28.340975,-2.819769e+05,3.282862e+05,1.300338e+05
3047,2.736686e+03,hit,47.730297,54.094751,-34.577112,-2.884857e+05,-2.483720e+05,2.434769e+05
3048,2.736937e+03,miss,-2.573096,37.218272,-70.768492,2.307967e+04,-2.834267e+05,3.512108e+05
3049,2.737690e+03,miss,-20.659600,22.942988,73.802440,3.130546e+04,-1.986733e+05,-4.047437e+05
3050,2.738220e+03,hit,-32.943201,-72.881901,-1.724521,2.473034e+05,3.782613e+05,8.221808e+03
3051,2.739894e+03,miss,-56.112632,-31.938276,47.236840,3.661770e+05,1.345928e+05,-2.285438e+05
3052,2.740676e+03,miss,20.024585,-25.148064,73.257019,-1.098122e+05,2.299428e+05,-3.735759e+05
3053,2.740815e+03,miss,38.175585,-37.219174,59.643590,-2.909841e+05,1.742360e+05,-2.991184e+05
3054,2.740916e+03,hit,58.958588,14.189170,-52.178084,-2.932649e+05,-2.776291e+03,3.442343e+05
3055,2.741709e+03,miss,1.110898,-13.449096,78.853584,7.945988e+04,1.373695e+05,-4.235377e+05
3056,2.742340e+03,hit,-7.172209,-14.123954,78.416027,4.878929e+04,-3.334133e+04,-4.484679e+05
3057,2.742462e+03,miss,21.774053,-22.401419,73.648266,-1.951638e+05,4.285693e+04,-4.058313e+05
3058,2.743132e+03,miss,-74.226638,22.273254,19.857199,3.917525e+05,-2.041366e+05,-9.763651e+04
3059,2.744668e+03,miss,57.626181,46.771648,-29.860279,-3.303156e+05,-2.774364e+05,1.367840e+05
3060,2.744769e+03,miss,6.589723,18.703516,77.503252,7.215867e+04,-7.632701e+04,-4.401864e+05
3061,2.745059e+03,miss,-30.936187,-6.187104,73.516475,1.023841e+05,1.223835e+05,-4.235071e+05
3062,2.745831e+03,miss,23.733337,18.424578,-74.143534,-1.840770e+05,-3.928988e+03,4.134927e+05
3063,2.746836e+03,miss,-32.784279,35.226689,-63.908305,2.307195e+05,-2.360176e+05,3.098633e+05
3064,2.747619e+03,miss,-7.954943,73.879287,29.640678,1.241719e+05,-4.104802e+05,-1.452472e+05
3065,2.747770e+03,hit,-69.523112,37.609120,12.332517,3.405374e+05,-2.917753e+05,-6.262666e+04
3066,2.748681e+03,hit,-47.535946,-63.438106,-10.767572,2.784268e+05,3.479090e+05,8.078668e+04
3067,2.750459e+03,miss,1.294025,-0.207132,79.989265,-1.070665e+05,-4.356887e+04,-4.380181e+05
3068,2.751113e+03,miss,-56.602723,47.855008,-30.100331,3.819201e+05,-1.785695e+05,1.658918e+05
3069,2.751493e+03,miss,47.333978,-31.842747,56.085061,-2.763375e+05,2.366188e+05,-2.700882e+05
3070,2.751633e+03,miss,64.719263,-34.010197,32.476507,-4.002988e+05,8.462530e+04,-1.947007e+05
3071,2.752528e+03,miss,31.337429,-3.720497,73.512743,-1.534761e+05,1.293321e+05,-4.063176e+05
3072,2.752539e+03,hit,66.877048,41.549323,14.181476,-4.247651e+05,-1.384670e+05,-7.601347e+04
3073,2.753563e+03,miss,-5.324800,43.174552,-67.138696,-7.989441e+04,-2.505907e+05,3.691533e+05
3074,2.753703e+03,miss,-60.741705,-34.494603,-38.994456,3.532020e+05,2.190966e+05,1.808547e+05
3075,2.754470e+03,miss,-21.769745,-58.480115,50.061505,2.119837e+05,3.092481e+05,-2.548511e+05
3076,2.755483e+03,miss,24.065045,57.554813,50.083102,-2.990558e+04,-3.579187e+05,-2.767599e+05
3077,2.755606e+03,miss,5.053865,-42.805436,-67.395498,8.269738e+04,2.432547e+05,3.736223e+05
3078,2.756641e+03,hit,-18.137546,-4.626011,77.779364,4.223995e+04,-7.011170e+04,-4.460748e+05
3079,2.756770e+03,hit,-77.392891,15.218068,-13.369775,4.024038e+05,-1.924575e+05,8.199721e+04
3080,2.756781e+03,hit,-54.440446,57.814019,9.683860,3.248531e+05,-3.080689e+05,-7.250558e+04
3081,2.757201e+03,miss,36.566097,6.290956,-70.875556,-2.453722e+05,5.983849e+04,3.767443e+05
3082,2.757554e+03,miss,9.062709,8.119922,79.069173,-4.891440e+04,-1.511039e+05,-4.248832e+05
3083,2.757677e+03,hit,2.137004,-12.952055,-78.915635,9.496799e+04,3.930260e+04,4.418102e+05
3084,2.757845e+03,miss,43.838316,17.503357,64.589740,-2.947491e+05,-1.399878e+05,-3.151171e+05
3085,2.757946e+03,miss,-62.203136,-47.267714,-17.220135,3.352533e+05,2.951481e+05,7.920110e+04
3086,2.758097e+03,miss,3.269873,-3.668606,79.848915,-1.241419e+05,4.269023e+04,-4.342322e+05
3087,2.758489e+03,miss,0.580022,58.607074,-54.450660,-1.096091e+05,-3.290176e+05,2.924958e+05
3088,2.759497e+03,miss,40.842163,-9.535577,68.124816,-2.154890e+05,-5.869710e+04,-3.949871e+05
3089,2.760410e+03,hit,31.101197,72.788464,11.599789,-2.500699e+05,-3.700961e+05,-8.036014e+04
3090,2.761307e+03,miss,-40.821717,-32.349896,60.721262,1.707406e+05,1.261848e+05,-4.011929e+05
3091,2.762456e+03,miss,4.661839,-15.743513,-78.296929,-8.598987e+04,-7.476014e+03,4.457200e+05
3092,2.762708e+03,miss,-66.721886,-5.130937,43.839062,4.036964e+05,-1.079062e+04,-2.074801e+05
3093,2.763885e+03,hit,23.659478,13.884327,75.149548,-2.125020e+05,-1.163731e+05,-3.840876e+05
3094,2.764137e+03,miss,4.116660,-6.662612,79.615719,-5.562254e+04,-6.974090e+04,-4.452912e+05
3095,2.764165e+03,miss,67.634390,34.947468,24.581778,-3.236369e+05,-2.892668e+05,-1.335210e+05
3096,2.764266e+03,miss,-21.983270,7.033358,76.598092,3.020843e+04,-1.035541e+05,-4.411525e+05
3097,2.765836e+03,hit,-45.570969,-43.683773,-49.142800,2.136980e+05,2.101065e+05,3.414046e+05
3098,2.765847e+03,hit,-54.000374,58.147430,-10.140811,2.205279e+05,-3.917289e+05,6.546323e+04
3099,2.766481e+03,miss,59.386049,-14.050995,-51.728780,-2.788110e+05,4.949644e+04,3.552905e+05
3100,2.767249e+03,miss,79.096886,-3.612961,-11.429311,-4.394498e+05,-9.316831e+04,6.839343e+04
3101,2.767530e+03,hit,-41.897135,49.617106,-46.720155,2.133377e+05,-2.324096e+05,3.270594e+05
3102,2.768949e+03,miss,-17.260087,10.597247,-77.393719,2.517369e+04,-1.446359e+05,4.301717e+05
3103,2.769072e+03,hit,-5.080923,-12.669421,78.826835,8.622881e+04,1.553191e+05,-4.183906e+05
3104,2.769454e+03,miss,-67.378689,42.174686,9.022644,4.267152e+05,-1.495435e+05,-4.679236e+04
3105,2.769718e+03,miss,75.818662,-24.447175,-7.339355,-4.517411e+05,3.152956e+04,3.992723e+04
3106,2.770633e+03,miss,3.582670,-20.950582,77.124818,2.479048e+03,7.988685e+03,-4.545950e+05
3107,2.771390e+03,miss,11.155872,-69.371770,-38.250543,-1.380136e+05,3.907526e+05,1.872104e+05
3108,2.771671e+03,miss,-7.288694,-24.277632,-75.878004,-6.815648e+04,1.576175e+05,4.210884e+05
3109,2.772165e+03,miss,-16.074377,-36.088597,69.564557,1.813475e+05,2.144818e+05,-3.577031e+05
3110,2.772288e+03,miss,-42.331668,-60.394655,30.992184,3.231815e+05,2.720431e+05,-1.685123e+05
3111,2.772418e+03,miss,-23.421148,-39.775258,65.340483,3.084217e+04,2.001342e+05,-4.072528e+05
3112,2.772457e+03,miss,12.915755,-3.453262,78.874953,-7.606202e+04,1.276694e+05,-4.298579e+05
3113,2.774366e+03,miss,-18.448801,19.375044,75.393961,8.731842e+04,1.650879e+03,-4.465175e+05
3114,2.775798e+03,hit,51.400562,41.216350,-45.378350,-2.578278e+05,-1.958273e+05,3.198257e+05
3115,2.777231e+03,miss,-46.051220,-17.452426,-63.045206,2.935541e+05,1.577965e+05,3.100728e+05
3116,2.780452e+03,miss,37.207209,-65.230268,-27.579625,-3.017829e+05,3.047579e+05,1.533262e+05
3117,2.782280e+03,miss,-0.438929,-73.329254,-31.978553,5.485401e+04,4.261763e+05,1.515269e+05
3118,2.782521e+03,miss,11.060658,-71.033979,-35.097516,-9.818378e+04,4.135383e+05,1.641938e+05
3119,2.782533e+03,miss,1.343128,26.981582,75.300666,4.952085e+04,-5.645056e+04,-4.494168e+05
3120,2.783197e+03,miss,45.646929,-60.706987,-25.120104,-3.043154e+05,2.889922e+05,1.775940e+05
3121,2.783703e+03,miss,73.367509,23.600342,21.453031,-4.311590e+05,-1.094955e+05,-9.906763e+04
3122,2.784744e+03,miss,-2.420453,25.740811,-75.707015,-3.860742e+04,-2.249419e+05,3.945758e+05
3123,2.785149e+03,miss,-46.865638,40.919389,50.291308,2.338943e+05,-1.785490e+05,-3.481714e+05
3124,2.786815e+03,miss,-2.599258,61.914964,-50.594280,-9.813545e+04,-3.332947e+05,2.953270e+05
3125,2.787332e+03,miss,-39.754670,38.219262,57.955623,2.005804e+05,-1.376628e+05,-3.857318e+05
3126,2.787727e+03,miss,-42.627111,16.344026,65.694766,2.624995e+05,-1.713483e+05,-3.312639e+05
3127,2.788109e+03,hit,4.481379,6.823402,-79.582400,-1.245542e+05,-7.849386e+04,4.316892e+05
3128,2.789799e+03,miss,-50.122902,-28.466453,55.473920,2.048475e+05,2.432215e+05,-3.271658e+05
3129,2.790063e+03,miss,-23.846316,39.447579,65.385333,6.780271e+04,-1.586323e+05,-4.223919e+05
3130,2.790993e+03,hit,-79.013335,-12.101123,3.233538,4.557731e+05,-1.609725e+04,-1.604694e+04
3131,2.791641e+03,miss,-75.104682,-20.239747,-18.698648,4.345381e+05,1.100749e+05,8.575685e+04
3132,2.791753e+03,miss,-27.664655,6.518716,74.780835,7.815476e+04,-1.195328e+05,-4.334815e+05
3133,2.792672e+03,hit,5.982391,6.760155,-79.489064,-1.413721e+05,-3.635163e+04,4.325084e+05
3134,2.793432e+03,miss,-70.422306,-25.837444,27.805131,4.269454e+05,9.206989e+04,-1.329227e+05
3135,2.793855e+03,miss,-47.039776,-35.274622,-54.249060,2.621052e+05,2.640424e+05,2.646541e+05
3136,2.794627e+03,hit,-78.386822,-11.459128,-11.144258,4.494356e+05,-2.550550e+04,7.664217e+04
3137,2.794729e+03,miss,9.679709,-39.724948,68.762139,-1.349814e+05,1.461087e+05,-4.110435e+05
3138,2.794898e+03,miss,51.708882,-56.329808,-23.519021,-2.522571e+05,3.637696e+05,1.121387e+05
3139,2.796195e+03,hit,-79.801393,4.193934,-3.761471,4.477152e+05,-8.866807e+04,1.796992e+04
3140,2.797086e+03,miss,51.728076,-7.303262,-60.587692,-3.094419e+05,1.294959e+05,3.101239e+05
3141,2.797238e+03,hit,-15.361750,70.445157,34.662609,3.153730e+04,-3.829205e+05,-2.471618e+05
3142,2.797847e+03,miss,-8.696501,-78.596594,-12.122141,8.979237e+02,4.533502e+05,5.683228e+04
3143,2.798140e+03,hit,-43.974496,-66.796015,2.129820,2.374350e+05,3.902671e+05,-9.757070e+03
3144,2.799438e+03,miss,-68.253726,-14.446880,39.149924,4.155045e+05,3.501848e+04,-1.870977e+05
3145,2.799579e+03,miss,-16.458334,29.436927,-72.543715,1.937069e+05,-1.320035e+05,3.923507e+05
3146,2.801232e+03,miss,21.736989,-71.219956,29.244165,-1.882975e+05,3.919859e+05,-1.410700e+05
3147,2.803320e+03,miss,-11.975829,-26.076110,74.676743,1.626823e+05,1.698328e+05,-3.922458e+05
3148,2.803450e+03,miss,74.609965,28.803841,1.921401,-3.810617e+05,-2.527213e+05,-9.955388e+03
3149,2.805692e+03,hit,60.224993,-52.553797,3.323948,-3.699349e+05,2.680857e+05,-2.491470e+04
3150,2.806048e+03,miss,-26.707642,-65.755979,-36.916840,9.092386e+04,3.641362e+05,2.617378e+05
3151,2.806991e+03,miss,-25.810500,11.292987,74.875140,1.582962e+05,-1.637115e+05,-3.969638e+05
3152,2.807488e+03,miss,4.258763,2.130421,79.858151,-1.025572e+05,-8.732256e+04,-4.374166e+05
3153,2.807997e+03,miss,55.762012,-2.758958,57.297349,-3.478667e+05,-6.380202e+04,-2.905726e+05
3154,2.808279e+03,miss,-16.099418,40.905443,-66.839760,1.507713e+04,-2.935252e+05,3.509290e+05
3155,2.809042e+03,hit,6.174132,-66.404225,44.185507,-6.038437e+03,3.339428e+05,-3.131105e+05
3156,2.811032e+03,miss,27.462740,-68.476270,-30.932157,-2.521532e+05,3.444116e+05,1.659526e+05
3157,2.812451e+03,miss,57.915657,-39.059829,-38.988543,-3.811215e+05,1.658084e+05,1.926155e+05
3158,2.813622e+03,miss,-1.770152,0.640452,-79.977849,6.454468e+04,-9.971167e+04,4.425220e+05
3159,2.813650e+03,miss,0.793858,58.844563,-54.191210,-1.023412e+05,-2.899045e+05,3.397321e+05
3160,2.813752e+03,hit,46.766639,54.629143,35.050509,-2.319565e+05,-3.014052e+05,-2.555287e+05
3161,2.813893e+03,miss,-0.013845,-78.436738,15.737789,-7.916241e+04,4.446173e+05,-7.747982e+04
3162,2.814289e+03,miss,21.855372,-76.251027,10.398245,-1.275480e+05,4.375370e+05,-4.771563e+04
3163,2.814300e+03,hit,8.213989,-33.140241,-72.348150,4.550816e+04,1.259005e+05,4.382497e+05
3164,2.814544e+03,miss,-40.937854,64.871226,-22.711586,1.469814e+05,-4.176859e+05,1.180588e+05
3165,2.814809e+03,hit,68.706402,34.993214,-21.328510,-4.315410e+05,-1.060232e+05,1.120455e+05
3166,2.815715e+03,miss,-26.158416,36.141660,66.404199,1.857484e+05,-2.601329e+05,-3.285098e+05
3167,2.816354e+03,miss,-15.300067,75.597845,-21.233787,1.382553e+05,-4.253698e+05,1.004193e+05
3168,2.816637e+03,miss,-26.323576,9.806098,74.906006,1.780135e+05,-1.496539e+05,-3.950620e+05
3169,2.816761e+03,miss,-18.115738,53.594699,56.563489,-1.091064e+04,-3.176845e+05,-3.303421e+05
3170,2.816892e+03,hit,-54.401026,-55.309800,-19.528297,3.822318e+05,2.277876e+05,1.104074e+05
3171,2.817684e+03,miss,-4.807442,-2.287014,79.822666,-5.516382e+04,-6.437696e+04,-4.506105e+05
3172,2.818986e+03,hit,-69.327762,2.165254,39.861925,3.679904e+05,-1.215536e+05,-2.452390e+05
3173,2.819099e+03,miss,-70.341242,-4.692127,-37.816579,3.986231e+05,-8.489057e+04,2.103237e+05
3174,2.819252e+03,hit,-70.321278,-33.628471,18.001218,3.870300e+05,2.053400e+05,-1.356372e+05
3175,2.819495e+03,miss,48.783674,55.286001,-31.042088,-1.871108e+05,-3.810708e+05,1.736288e+05
3176,2.819920e+03,miss,-48.110040,44.096179,-46.270412,3.444139e+05,-1.702685e+05,2.505829e+05
3177,2.821579e+03,miss,3.389712,-60.364311,-52.389501,-9.162381e+04,3.662319e+05,2.607818e+05
3178,2.821846e+03,miss,-4.367192,-2.470358,-79.842501,9.536263e+04,9.694993e+04,4.382401e+05
3179,2.822514e+03,hit,-4.257187,-15.715244,78.325650,6.873669e+04,-1.608208e+04,-4.534471e+05
3180,2.823166e+03,hit,-78.215692,-3.578907,-16.416365,4.419676e+05,-6.984180e+03,1.235397e+05
3181,2.823290e+03,hit,-31.471994,-69.083827,-25.237640,2.661979e+05,3.355705e+05,1.648837e+05
3182,2.823930e+03,miss,-68.428295,-15.732339,38.341386,3.738235e+05,1.801338e+05,-1.962423e+05
3183,2.824469e+03,miss,31.738635,-48.226966,55.378866,-2.075630e+05,3.109741e+05,-2.663759e+05
3184,2.824480e+03,hit,-5.210347,-79.823160,1.056146,1.198414e+05,4.431182e+05,-5.347304e+03
3185,2.825121e+03,miss,27.728300,53.315470,-52.807215,-2.517607e+05,-2.613887e+05,2.812199e+05
3186,2.825761e+03,miss,4.049152,-60.397095,52.304831,-1.199211e+05,3.491346e+05,-2.730638e+05
3187,2.825914e+03,hit,33.293432,62.673200,-36.927189,-2.668852e+05,-2.870183e+05,2.392573e+05
3188,2.827331e+03,hit,-3.628857,-7.650281,-79.550642,1.292652e+05,5.406929e+04,4.374061e+05
3189,2.827615e+03,miss,-5.776761,78.505201,14.267533,3.775202e+04,-4.530282e+05,-6.571479e+04
3190,2.827859e+03,hit,-75.918489,-3.534090,-24.977854,4.171588e+05,5.096702e+04,1.854111e+05
3191,2.828114e+03,hit,23.707528,-56.090956,-51.882153,-5.280382e+04,2.946995e+05,3.483955e+05
3192,2.828511e+03,miss,-1.634921,1.082529,-79.975966,-2.960554e+04,-1.103497e+05,4.449624e+05
3193,2.828522e+03,miss,3.156224,1.569166,79.922312,-1.255678e+05,-3.039660e+04,-4.408567e+05
3194,2.829713e+03,miss,39.971015,-45.763976,52.038221,-1.262678e+05,3.135259e+05,-3.112759e+05
3195,2.831262e+03,miss,11.232804,-75.322250,-24.502710,-9.279276e+04,4.354059e+05,1.142871e+05
3196,2.831528e+03,hit,-75.145903,-24.514912,12.333386,4.533551e+05,3.716614e+04,-6.601552e+04
3197,2.831659e+03,miss,-76.282970,-7.675516,22.847209,4.469212e+05,1.137206e+04,-1.068271e+05
3198,2.832170e+03,miss,7.911892,-2.377158,79.572301,-1.066781e+05,-7.790230e+04,-4.403056e+05
3199,2.832323e+03,miss,45.600163,34.122906,-56.180534,-2.903441e+05,-2.311554e+05,2.712875e+05
3200,2.832453e+03,miss,-0.500871,-53.117481,59.818746,9.613134e+04,2.487004e+05,-3.744944e+05
3201,2.833077e+03,miss,2.808593,-43.610790,-67.009035,-1.272670e+05,2.265054e+05,3.793207e+05
3202,2.833219e+03,miss,49.515925,62.188232,8.988712,-3.322137e+05,-3.149117e+05,-4.314022e+04
3203,2.833231e+03,hit,-72.293366,12.687068,-31.823066,3.739149e+05,-1.731031e+05,2.040102e+05
3204,2.834656e+03,miss,31.455367,-70.179941,-22.030339,-2.782096e+05,3.442587e+05,1.248557e+05
3205,2.834780e+03,miss,21.718005,-0.711180,-76.992353,-1.575313e+05,1.053697e+05,4.190393e+05
3206,2.835462e+03,miss,7.180709,6.197202,-79.435711,7.268365e+04,-2.466735e+04,4.535111e+05
3207,2.835848e+03,hit,-25.409699,-73.939439,-16.950119,2.272864e+05,3.824222e+05,1.169899e+05
3208,2.836614e+03,miss,-17.272202,34.891778,-69.887301,1.813632e+05,-2.234870e+05,3.589020e+05
3209,2.836910e+03,miss,40.780679,-67.945596,-10.969603,-1.980724e+05,4.120609e+05,5.142859e+04
3210,2.837279e+03,miss,56.318450,-9.936667,-55.941888,-3.266107e+05,-5.724876e+04,3.189785e+05
3211,2.837665e+03,miss,-7.122540,-41.291223,68.149133,-5.425114e+04,2.751440e+05,-3.648022e+05
3212,2.838074e+03,miss,5.056982,55.057445,-57.819587,3.489751e+04,-3.558734e+05,2.896462e+05
3213,2.838869e+03,miss,23.908718,50.443061,57.305068,-4.245302e+04,-2.648781e+05,-3.739723e+05
3214,2.839369e+03,hit,70.346556,35.930917,12.662195,-4.408137e+05,-1.149175e+05,-6.582180e+04
3215,2.839625e+03,miss,-57.853454,44.117945,-33.265369,3.907805e+05,-1.587404e+05,1.842997e+05
3216,2.839654e+03,miss,2.756961,3.229247,79.887240,2.331883e+04,-1.219476e+05,-4.432397e+05
3217,2.840023e+03,miss,19.413006,73.891536,-23.731332,-5.397762e+04,-4.427077e+05,1.140190e+05
3218,2.840278e+03,hit,78.235502,-6.806038,-15.260537,-4.248228e+05,1.491195e+05,9.597942e+04
3219,2.840432e+03,miss,5.440753,1.558870,79.799550,-3.606098e+04,-1.195558e+05,-4.431033e+05
3220,2.840961e+03,miss,-62.903149,33.469795,-36.372609,4.026970e+05,-8.633544e+04,2.058041e+05
3221,2.841216e+03,miss,-24.824683,-73.826299,-18.259590,1.944200e+05,4.082203e+05,8.689139e+04
3222,2.841501e+03,miss,21.806785,2.921156,76.915089,-2.169022e+05,-3.952516e+04,-4.042344e+05
3223,2.842126e+03,hit,79.859081,4.738239,-0.276049,-4.462910e+05,-1.134965e+05,1.942601e+03
3224,2.842910e+03,miss,-24.844752,71.688337,25.367710,1.657652e+05,-4.130945e+05,-1.182973e+05
3225,2.843718e+03,miss,-72.499391,-15.552276,-30.032733,4.216414e+05,1.204166e+05,1.410604e+05
3226,2.843860e+03,hit,-33.990413,68.106402,24.620517,1.138661e+05,-4.117464e+05,-1.723070e+05
3227,2.844218e+03,miss,25.131744,24.377683,-71.931384,-1.932191e+05,-3.560676e+04,4.166720e+05
3228,2.845014e+03,miss,-7.224687,-14.721398,-78.301241,7.780888e+04,1.778115e+05,4.178579e+05
3229,2.845526e+03,hit,18.075308,72.987692,-27.314466,-2.109753e+05,-3.787093e+05,1.561515e+05
3230,2.845537e+03,hit,11.476307,-77.365414,16.819248,1.260647e+04,4.447226e+05,-1.199098e+05
3231,2.845811e+03,miss,-29.140706,5.007578,-74.335344,1.752405e+05,-1.347244e+05,4.043216e+05
3232,2.846732e+03,hit,58.815681,54.228184,0.140435,-3.409830e+05,-3.100561e+05,-6.472910e+02
3233,2.846863e+03,miss,11.207186,-11.112896,78.427690,-1.690255e+05,5.169795e+04,-4.256431e+05
3234,2.847386e+03,hit,30.325088,-70.531185,22.488686,-9.972389e+04,4.204906e+05,-1.603004e+05
3235,2.848183e+03,miss,-0.003492,0.999911,-79.993751,9.496888e+04,5.376698e+04,4.478871e+05
3236,2.850266e+03,hit,-1.595969,-67.451992,42.984668,8.049816e+04,3.449163e+05,-2.953321e+05
3237,2.850534e+03,miss,-20.772804,18.811733,-74.930697,2.136753e+05,-1.096547e+05,3.937092e+05
3238,2.850921e+03,miss,11.904173,4.145035,79.000692,-1.062658e+05,8.127151e+04,-4.413838e+05
3239,2.851200e+03,hit,-3.283295,78.132683,16.867241,1.324727e+04,-4.428183e+05,-1.283525e+05
3240,2.851319e+03,hit,-67.429164,18.708291,-38.772513,4.023759e+05,-1.315959e+05,1.830930e+05
3241,2.852088e+03,hit,12.319030,45.437292,64.681481,-9.581438e+04,-1.659961e+05,-4.196059e+05
3242,2.852230e+03,miss,-10.934732,-41.368428,-67.595005,-4.806049e+04,2.575635e+05,3.796921e+05
3243,2.853153e+03,miss,-1.354805,-5.342411,-79.809919,-2.101411e+04,1.360903e+05,4.403652e+05
3244,2.853694e+03,miss,-15.879582,-29.028012,-72.836896,-2.400358e+04,1.750038e+05,4.262881e+05
3245,2.855648e+03,miss,-13.881029,62.916006,47.422498,1.837107e+05,-3.363294e+05,-2.572990e+05
3246,2.855933e+03,miss,0.772958,-63.290041,-48.926202,-1.181123e+05,3.463342e+05,2.814130e+05
3247,2.856161e+03,miss,-13.742748,-48.978857,61.743084,1.790078e+05,2.705633e+05,-3.284202e+05
3248,2.857369e+03,miss,33.968416,-42.036630,58.983629,-2.655762e+05,1.497403e+05,-3.467642e+05
3249,2.857757e+03,hit,-5.853454,-18.087004,77.708412,9.047396e+04,1.845878e+05,-4.134840e+05
3250,2.859353e+03,miss,69.582738,-22.284912,32.582591,-4.269454e+05,8.083648e+04,-1.566186e+05
3251,2.859752e+03,hit,-55.832299,57.215511,3.023200,2.964933e+05,-3.534668e+05,-2.300072e+04
3252,2.860265e+03,miss,-64.779164,-4.638223,-46.713454,3.908288e+05,8.921389e+04,2.295824e+05
3253,2.862336e+03,miss,-2.294819,13.291731,-78.854700,1.236336e+05,-8.040601e+04,4.379708e+05
3254,2.862775e+03,hit,-3.347792,-33.273238,72.675195,7.249094e+04,9.310417e+04,-4.468538e+05
3255,2.862889e+03,miss,31.231496,73.502739,-4.684125,-1.206275e+05,-4.455897e+05,2.255880e+04
3256,2.863134e+03,miss,-48.806227,-18.521848,-60.620899,3.405354e+05,5.172249e+04,3.082027e+05
3257,2.863688e+03,miss,-43.489479,-7.298659,-66.748744,2.317081e+05,-7.226095e+04,3.933948e+05
3258,2.863945e+03,miss,43.073474,59.828992,-31.067146,-3.041806e+05,-3.135658e+05,1.511276e+05
3259,2.864219e+03,miss,-8.288756,-74.962469,-26.681917,1.463004e+05,4.155294e+05,1.401457e+05
3260,2.865132e+03,hit,12.948342,69.465552,-37.508367,-1.767563e+05,-3.555008e+05,2.369681e+05
3261,2.865645e+03,miss,-20.260826,-76.995687,7.820689,5.297876e+04,4.577988e+05,-3.780634e+04
3262,2.865931e+03,hit,46.831619,-53.074295,-37.281613,-1.712316e+05,3.669890e+05,2.232395e+05
3263,2.866056e+03,hit,54.937296,-48.980954,31.348998,-2.552523e+05,3.134633e+05,-2.245739e+05
3264,2.866690e+03,miss,11.724673,-6.200569,-78.892870,-1.313479e+05,-5.536256e+04,4.399732e+05
3265,2.867215e+03,hit,17.580610,65.035938,43.142195,-1.939776e+05,-3.170401e+05,-2.753020e+05
3266,2.867746e+03,miss,-31.597778,-51.986378,-51.951871,2.472964e+05,2.948616e+05,2.566587e+05
3267,2.869214e+03,hit,0.169604,79.997588,-0.597634,1.133351e+05,-4.485816e+05,3.430397e+03
3268,2.870271e+03,hit,69.041914,31.488507,25.331562,-4.294772e+05,-7.120214e+04,-1.569730e+05
3269,2.871830e+03,miss,-20.585997,13.477602,-76.122079,2.116510e+05,-3.420028e+04,4.102578e+05
3270,2.872373e+03,miss,33.743163,-0.014754,-72.535500,-1.232651e+05,-8.998860e+04,4.370647e+05
3271,2.874357e+03,hit,-50.994790,-6.518960,-61.294653,2.161494e+05,-4.805658e+03,4.095389e+05
3272,2.875917e+03,hit,64.080907,-47.835727,-2.319594,-2.922379e+05,3.591151e+05,1.468185e+04
3273,2.876318e+03,hit,-6.518502,-3.339648,79.664019,1.462073e+05,1.778407e+04,-4.392257e+05
3274,2.876564e+03,hit,-34.557290,-41.661278,58.907823,1.874353e+05,1.528478e+05,-3.951405e+05
3275,2.876718e+03,miss,-51.833278,50.944926,33.435397,3.020462e+05,-3.140503e+05,-1.574245e+05
3276,2.877250e+03,hit,-34.041874,47.470998,54.659447,1.099489e+05,-2.580503e+05,-3.687857e+05
3277,2.877622e+03,hit,-16.538378,-53.973403,-56.686452,1.116565e+05,2.311853e+05,3.857403e+05
3278,2.878320e+03,miss,-54.980643,6.245315,57.776508,2.999922e+05,7.871639e+04,-3.443398e+05
3279,2.878434e+03,miss,-0.384868,-0.508446,-79.997458,-6.207306e+04,9.501217e+04,4.493213e+05
3280,2.878937e+03,hit,20.737889,73.667343,-23.303704,-2.256854e+05,-3.787274e+05,1.429656e+05
3281,2.879080e+03,miss,-34.129128,-36.444412,-62.506059,2.698216e+05,1.220476e+05,3.565374e+05
3282,2.879235e+03,miss,-41.528858,25.177826,63.572251,2.186039e+05,-2.367516e+05,-3.331528e+05
3283,2.879595e+03,miss,-27.052149,19.813404,-72.633396,1.464306e+05,-1.221059e+02,4.397894e+05
3284,2.880540e+03,hit,-72.313143,-24.168207,24.222038,4.347824e+05,3.217657e+04,-1.576579e+05
3285,2.880797e+03,miss,7.439475,-7.002038,-79.344979,3.336956e+04,-4.655010e+04,4.600716e+05
3286,2.881055e+03,miss,-21.890692,-39.627470,-65.958026,2.194886e+05,2.167053e+05,3.461634e+05
3287,2.882772e+03,hit,77.217978,-19.550248,-7.427766,-4.258865e+05,1.799976e+05,3.626623e+04
3288,2.882801e+03,hit,-62.715804,37.681838,-32.354397,3.472596e+05,-1.912973e+05,2.406489e+05
3289,2.883602e+03,miss,-17.036446,52.379676,-58.018351,1.514501e+05,-2.183684e+05,3.801759e+05
3290,2.884117e+03,miss,25.582359,-54.759411,52.411352,-2.432383e+05,2.504014e+05,-3.054969e+05
3291,2.884919e+03,miss,47.087251,-64.619865,2.657769,-3.521950e+05,3.016702e+05,-1.441027e+04
3292,2.885320e+03,miss,-4.781869,-14.085081,-78.604988,1.313416e+05,3.654623e+04,4.435060e+05
3293,2.885836e+03,miss,-68.020313,-8.789478,41.182304,3.929688e+05,-6.481721e+04,-2.381102e+05
3294,2.886483e+03,hit,69.511208,39.590842,0.870118,-3.525537e+05,-3.017257e+05,-6.168162e+03
3295,2.886855e+03,hit,3.797742,-2.861359,-79.858561,7.615053e+04,7.341585e+04,4.518955e+05
3296,2.886998e+03,miss,-1.990376,1.689294,-79.957393,1.207516e+05,-3.148460e+04,4.470311e+05
3297,2.889147e+03,hit,-15.667908,-5.631640,78.248331,1.917476e+05,3.750369e+04,-4.211837e+05
3298,2.890580e+03,miss,7.256508,76.455598,22.402783,6.982575e+03,-4.518229e+05,-1.071616e+05
3299,2.891372e+03,hit,55.449453,-48.153443,31.727023,-2.355716e+05,3.562648e+05,-1.825286e+05
3300,2.892289e+03,miss,-39.881337,20.588199,-66.223900,1.599093e+05,-2.103715e+05,3.820689e+05
3301,2.892948e+03,miss,42.160888,18.631093,-65.386098,-2.492061e+05,8.154142e+03,3.920240e+05
3302,2.893866e+03,miss,-45.606874,15.435372,-63.888671,1.985255e+05,-1.856464e+05,3.768878e+05
3303,2.894268e+03,miss,60.256094,-46.172928,25.244087,-3.965621e+05,2.071932e+05,-1.255423e+05
3304,2.895616e+03,hit,-13.053195,62.980270,47.572047,-3.777354e+03,-3.312156e+05,-3.260888e+05
3305,2.896247e+03,miss,16.776597,30.266738,72.128152,-7.023481e+04,-2.617339e+05,-3.777056e+05
3306,2.896419e+03,hit,-25.292164,-68.691610,-32.276449,2.244282e+05,3.424299e+05,2.201946e+05
3307,2.896936e+03,miss,-45.295067,56.794416,33.507479,2.670741e+05,-3.461174e+05,-1.581918e+05
3308,2.897183e+03,miss,53.362343,-40.063816,44.128800,-3.544450e+05,1.265366e+05,-2.729947e+05
3309,2.898503e+03,miss,-62.941544,-24.994079,-42.587065,3.970557e+05,3.677634e+04,2.392940e+05
3310,2.899048e+03,miss,1.135098,-6.887835,-79.694851,-1.071408e+05,8.605225e+04,4.443241e+05
3311,2.899461e+03,miss,-36.102393,27.826118,65.744387,2.852446e+05,-1.512797e+05,-3.347968e+05
3312,2.899967e+03,miss,-43.575209,-53.606109,40.343353,3.297721e+05,2.499271e+05,-2.125168e+05
3313,2.900926e+03,miss,50.794941,58.779955,-19.099497,-2.325426e+05,-3.782566e+05,1.389030e+05
3314,2.902103e+03,miss,35.656502,11.556043,70.675822,-2.599215e+05,2.409640e+04,-3.852223e+05
3315,2.902494e+03,miss,13.554071,-15.084588,-77.386965,-9.283861e+04,1.867388e+05,4.160226e+05
3316,2.903557e+03,miss,-75.501944,-9.559758,24.659026,4.063742e+05,1.655232e+05,-1.552629e+05
3317,2.903700e+03,miss,45.224760,-36.582771,54.921963,-2.618822e+05,2.723971e+05,-2.717953e+05
3318,2.903827e+03,miss,42.623975,2.335946,-67.658999,-3.161008e+05,-8.479633e+03,3.415743e+05
3319,2.904085e+03,miss,-47.138608,12.451589,63.426411,3.021282e+05,3.442299e+04,-3.524451e+05
3320,2.904332e+03,miss,13.526359,-38.009801,-69.081782,-1.732220e+05,1.528131e+05,4.041592e+05
3321,2.904591e+03,hit,66.831562,-43.814825,-3.715286,-3.128764e+05,3.439682e+05,2.271223e+04
3322,2.905539e+03,miss,-54.413596,-45.831682,36.587122,2.600490e+05,2.801418e+05,-2.658712e+05
3323,2.906189e+03,miss,0.426464,2.940738,79.944795,9.018177e+04,-8.046313e+04,-4.497041e+05
3324,2.907005e+03,miss,-48.434437,-14.860466,61.913422,3.342985e+05,1.120070e+04,-3.240691e+05
3325,2.907913e+03,hit,-1.722136,-3.384743,79.909810,1.039653e+05,-4.344650e+04,-4.519659e+05
3326,2.908718e+03,miss,44.787841,39.407378,53.302044,-2.963799e+05,-2.489853e+05,-2.592198e+05
3327,2.908989e+03,miss,-9.322239,1.282363,79.444644,9.148282e+04,9.808238e+04,-4.461620e+05
3328,2.909121e+03,miss,50.049052,28.824908,55.355371,-3.473736e+05,-7.880021e+04,-3.003028e+05
3329,2.909782e+03,miss,-2.723187,-1.901552,-79.931022,-9.049831e+04,-3.128817e+04,4.560045e+05
3330,2.910559e+03,miss,43.893633,28.834862,-60.348154,-2.994510e+05,-1.965652e+05,2.980909e+05
3331,2.911508e+03,miss,53.456807,-29.816411,51.510693,-3.581095e+05,1.599120e+05,-2.518403e+05
3332,2.911882e+03,miss,48.451348,7.829704,-63.175649,-2.934913e+05,-1.402198e+05,3.338666e+05
3333,2.912158e+03,miss,-25.581200,60.714641,-45.379891,2.427837e+05,-3.158744e+05,2.420036e+05
3334,2.913091e+03,hit,63.115320,-1.065433,49.145918,-3.250971e+05,1.066025e+05,-3.167075e+05
3335,2.913349e+03,miss,8.922249,-79.316053,-5.418230,-6.576409e+04,4.608789e+05,2.531557e+04
3336,2.913908e+03,miss,58.985138,25.983275,-47.388004,-3.059424e+05,-2.448632e+05,2.527015e+05
3337,2.914702e+03,hit,19.820107,77.067576,-8.231170,-2.106432e+05,-4.122476e+05,5.619130e+04
3338,2.914846e+03,miss,-10.285235,3.736955,79.248023,-4.566742e+04,2.792742e+04,-4.632725e+05
3339,2.915508e+03,miss,-10.094836,-17.773987,77.344552,-5.780698e+04,1.000194e+05,-4.518746e+05
3340,2.915882e+03,miss,-15.320964,-77.305556,13.752058,-4.685884e+03,4.609438e+05,-7.122504e+04
3341,2.915911e+03,miss,-17.383823,61.076234,-48.656925,-1.625392e+03,-3.837476e+05,2.651441e+05
3342,2.916418e+03,miss,37.824073,-33.989038,61.758277,-2.291007e+05,2.628641e+05,-3.098701e+05
3343,2.916833e+03,hit,8.574179,5.271375,-79.364325,-6.263211e+04,8.357972e+04,4.546721e+05
3344,2.917610e+03,hit,3.847801,-78.814636,13.169950,7.273519e+04,4.516433e+05,-9.176595e+04
3345,2.918520e+03,miss,-78.143046,15.827663,6.568821,4.619355e+05,-5.843610e+04,-3.101260e+04
3346,2.919182e+03,miss,-1.284056,70.079481,-38.564459,4.870914e+04,-4.251523e+05,1.862346e+05
3347,2.919355e+03,hit,23.012536,-73.221785,-22.560881,-4.822693e+04,4.358196e+05,1.598710e+05
3348,2.919885e+03,hit,-47.133372,0.546147,-64.638587,1.827290e+05,-3.126150e+04,4.283639e+05
3349,2.920277e+03,miss,5.500819,45.531910,65.548350,7.026404e+04,-2.157432e+05,-4.079337e+05
3350,2.920796e+03,miss,-39.163284,11.214286,68.851122,2.968054e+05,-8.532221e+04,-3.500821e+05
3351,2.922121e+03,hit,-79.050254,-4.290847,-11.517201,4.578075e+05,-6.981046e+04,5.973624e+04
3352,2.924139e+03,hit,37.029144,23.275607,66.985734,-1.866586e+05,-3.085058e+04,-4.270679e+05
3353,2.924387e+03,hit,31.391633,-73.255815,-6.939088,-2.065019e+05,4.155520e+05,5.359276e+04
3354,2.924658e+03,miss,62.263352,-40.172188,-30.157425,-4.143498e+05,1.343541e+05,1.687665e+05
3355,2.924906e+03,miss,1.658093,0.291246,79.982285,-5.687032e+04,1.010644e+05,-4.525364e+05
3356,2.927300e+03,miss,-30.643701,40.545367,-61.782172,2.140746e+05,-2.796374e+05,3.072312e+05
3357,2.928136e+03,miss,23.229955,-1.592647,76.536479,-1.065367e+05,1.206622e+05,-4.388269e+05
3358,2.928511e+03,miss,-74.776901,-12.736955,25.420169,4.501816e+05,5.093590e+03,-1.257656e+05
3359,2.928656e+03,miss,-24.831105,0.620561,-76.046243,2.245855e+05,-5.741215e+04,4.059340e+05
3360,2.928927e+03,miss,18.033611,1.380131,77.928712,-1.313008e+05,-1.146271e+05,-4.337720e+05
3361,2.929590e+03,hit,2.214601,-9.435904,79.410700,1.015301e+05,4.988857e+04,-4.536405e+05
3362,2.929723e+03,miss,-78.099921,-8.794590,-14.935111,4.602004e+05,-3.314749e+04,7.558880e+04
3363,2.930375e+03,miss,-68.489775,-11.585035,39.685485,4.203064e+05,-1.762921e+04,-2.041502e+05
3364,2.930531e+03,miss,9.359594,0.575635,79.448516,6.055293e+04,-2.185340e+04,-4.631554e+05
3365,2.932379e+03,miss,-15.756781,18.252121,76.279643,9.908973e+04,-2.041221e+05,-4.090359e+05
3366,2.932887e+03,miss,-52.902293,-34.495454,-49.106120,2.226468e+05,2.433836e+05,3.317013e+05
3367,2.934359e+03,miss,5.240415,60.867091,-51.650123,8.330956e+04,-3.324476e+05,3.185607e+05
3368,2.934504e+03,miss,45.054046,64.377377,-15.022860,-3.289394e+05,-3.240090e+05,7.596426e+04
3369,2.935457e+03,miss,37.635292,63.421706,-31.004387,-1.155118e+05,-4.057629e+05,2.025788e+05
3370,2.935573e+03,miss,-11.185712,-18.810868,76.948237,1.666651e+05,1.272568e+05,-4.184038e+05
3371,2.936497e+03,miss,5.508104,-14.409158,-78.498643,3.556278e+04,-1.165047e+04,4.665853e+05
3372,2.938780e+03,miss,-14.385514,-77.425957,-14.081129,-2.217139e+04,4.580448e+05,9.474160e+04
3373,2.939445e+03,miss,51.447779,-44.673176,-41.921753,-3.609993e+05,2.091846e+05,2.127053e+05
3374,2.940514e+03,miss,-14.344355,-29.040599,-73.149731,-3.053627e+04,1.925648e+05,4.258971e+05
3375,2.941023e+03,hit,-55.743559,38.397818,-42.641097,2.703020e+05,-2.244862e+05,3.098109e+05
3376,2.941168e+03,miss,43.032906,15.374309,-65.664295,-3.110653e+05,-1.344955e+04,3.500118e+05
3377,2.941312e+03,miss,59.728024,-0.458982,-53.219851,-3.235755e+05,-1.121066e+05,3.196757e+05
3378,2.941428e+03,miss,6.519751,34.816911,-71.730576,-5.270549e+03,-2.818860e+05,3.741426e+05
3379,2.941728e+03,miss,46.318362,23.015802,61.031813,-2.379700e+05,-2.319968e+05,-3.302127e+05
3380,2.941977e+03,miss,-63.231561,-32.777220,36.433825,2.971386e+05,2.829343e+05,-2.262035e+05
3381,2.942613e+03,miss,2.666126,-77.333795,-20.307041,7.512978e+04,4.505225e+05,1.046117e+05
3382,2.944493e+03,miss,-46.146458,19.271678,62.442829,2.586482e+05,-2.074600e+05,-3.313010e+05
3383,2.945188e+03,miss,-70.849556,-31.884140,-19.072023,4.467069e+05,1.029990e+05,9.795370e+04
3384,2.945969e+03,miss,-11.823592,-59.716994,51.904560,1.475124e+04,2.957682e+05,-3.634730e+05
3385,2.947706e+03,miss,26.493547,-62.299251,42.625055,-4.033855e+04,3.915259e+05,-2.549880e+05
3386,2.948360e+03,hit,78.827731,-13.243120,3.287647,-4.383461e+05,1.659921e+05,-1.693210e+04
3387,2.948777e+03,miss,-26.805099,-14.063647,74.052012,1.334945e+05,-3.246756e+04,-4.484903e+05
3388,2.950097e+03,miss,-45.998746,-18.979256,62.641067,2.175869e+05,2.130442e+05,-3.569105e+05
3389,2.950126e+03,miss,-18.504069,-34.758631,-69.637899,1.950194e+05,2.202611e+05,3.654746e+05
3390,2.951835e+03,miss,5.167937,0.857989,79.828292,5.501605e+04,-8.258715e+04,-4.586930e+05
3391,2.952779e+03,miss,-3.241944,61.271015,-51.335684,-5.208372e+04,-3.866223e+05,2.610127e+05
3392,2.955196e+03,miss,-3.777588,-2.778316,79.862449,1.088068e+05,8.597223e+04,-4.486282e+05
3393,2.955341e+03,miss,32.524523,71.799799,-13.672754,-2.493890e+05,-3.921857e+05,6.710999e+04
3394,2.955746e+03,miss,-53.733763,21.909464,55.069575,2.543573e+05,-2.285556e+05,-3.218746e+05
3395,2.955862e+03,miss,47.364500,4.821329,-64.291204,-2.300878e+05,7.598146e+04,4.022855e+05
3396,2.956819e+03,miss,6.623798,-58.997083,53.623405,7.850307e+04,3.338991e+05,-3.208850e+05
3397,2.957474e+03,miss,-3.369742,2.304399,-79.895773,8.908063e+04,7.674651e+04,4.547989e+05
3398,2.957590e+03,miss,-18.246415,29.101450,72.250771,2.027425e+05,-1.744561e+05,-3.861821e+05
3399,2.957996e+03,hit,62.119856,-50.166854,4.940679,-3.988538e+05,2.454146e+05,-3.733249e+04
3400,2.958268e+03,miss,45.350955,28.982413,59.188771,-2.520022e+05,-2.519240e+05,-3.061959e+05
3401,2.958779e+03,miss,-15.184861,-1.433603,78.532571,1.664404e+05,-6.585175e+04,-4.344260e+05
3402,2.960142e+03,miss,0.063704,57.527213,55.593307,1.063846e+05,-2.953609e+05,-3.497295e+05
3403,2.960798e+03,miss,2.860356,0.711010,-79.945687,-3.718102e+04,-1.156788e+05,4.540390e+05
3404,2.962144e+03,miss,7.000024,54.320656,-58.311800,-1.414203e+05,-3.204225e+05,3.136010e+05
3405,2.962800e+03,hit,-27.055077,-46.078671,-59.538046,1.776817e+05,1.746915e+05,3.987191e+05
3406,2.963102e+03,miss,-5.011603,-9.034420,-79.330089,-5.233853e+04,1.303942e+05,4.487152e+05
3407,2.963624e+03,hit,-50.209338,30.688516,54.196285,2.019343e+05,-2.306908e+05,-3.565538e+05
3408,2.965220e+03,miss,11.532758,78.746181,8.126158,4.661420e+04,-4.650749e+05,-5.270543e+04
3409,2.965249e+03,miss,-64.103336,-25.829644,40.293819,3.178096e+05,2.534576e+05,-2.366515e+05
3410,2.965876e+03,miss,-32.095693,-59.506076,-42.765564,2.815337e+05,2.765860e+05,2.559947e+05
3411,2.966980e+03,miss,43.552539,61.993167,25.690925,-1.506343e+05,-4.155696e+05,-1.612077e+05
3412,2.967357e+03,miss,-62.082220,-24.645023,44.027500,2.941630e+05,2.110229e+05,-3.005700e+05
3413,2.967369e+03,miss,-58.985972,-23.222214,-48.799425,3.924673e+05,8.006684e+04,2.469098e+05
3414,2.967909e+03,hit,-55.198546,52.969863,-23.394746,2.322476e+05,-3.809611e+05,1.495852e+05
3415,2.968182e+03,miss,-42.104328,41.257196,-54.083910,1.582521e+05,-3.158819e+05,3.108719e+05
3416,2.968432e+03,miss,42.488955,-21.620752,64.243535,-3.040060e+05,1.551699e+05,-3.240181e+05
3417,2.969246e+03,miss,-13.056472,-6.801685,78.633743,1.503542e+04,1.366333e+05,-4.501678e+05
3418,2.970047e+03,miss,5.682657,7.675482,79.427919,5.187480e+01,-1.507451e+05,-4.459613e+05
3419,2.970332e+03,miss,-22.458236,15.241622,75.255037,2.258625e+04,-5.262620e+04,-4.672763e+05
3420,2.970437e+03,miss,15.453083,29.171384,-72.871342,-1.757986e+05,-9.046074e+04,4.272544e+05
3421,2.970611e+03,miss,-9.242367,18.731770,77.224992,5.735893e+04,7.664431e+03,-4.672246e+05
3422,2.970873e+03,hit,-1.984332,4.680911,79.838283,-6.529691e+04,-1.103341e+05,-4.530230e+05
3423,2.971384e+03,miss,9.061015,-37.840559,-69.899858,4.070016e+03,2.919909e+05,3.693644e+05
3424,2.971803e+03,hit,20.848448,61.176245,47.146678,-1.275359e+05,-2.992237e+05,-3.404942e+05
3425,2.972587e+03,miss,30.125442,73.894905,-5.656925,-1.587455e+05,-4.425827e+05,2.674965e+04
3426,2.972983e+03,miss,-21.199767,39.587694,-66.207132,9.882170e+04,-3.077445e+05,3.425671e+05
3427,2.974204e+03,hit,55.918279,41.189711,39.705840,-3.789072e+05,-1.354797e+05,-2.449292e+05
3428,2.974349e+03,hit,76.012799,2.292344,-24.835451,-4.310376e+05,2.269032e+04,1.887281e+05
3429,2.974477e+03,miss,4.191713,5.039647,-79.730995,8.726855e+04,2.816522e+03,4.629388e+05
3430,2.975029e+03,miss,-42.764224,66.154402,-13.957659,3.366137e+05,-3.164908e+05,9.220691e+04
3431,2.975396e+03,miss,30.101690,27.977641,68.637744,-6.349296e+04,-1.793434e+05,-4.310560e+05
3432,2.975541e+03,miss,-36.145672,-6.626320,71.060413,1.522433e+05,-5.982746e+04,-4.418802e+05
3433,2.976501e+03,miss,-4.401289,-78.847085,12.797101,-8.922970e+04,4.553301e+05,-8.246024e+04
3434,2.976617e+03,hit,-57.389308,12.931148,-54.214876,2.611796e+05,-1.094489e+05,3.766988e+05
3435,2.977705e+03,miss,32.441340,-37.629284,62.702444,-1.339583e+05,1.508252e+05,-4.260093e+05
3436,2.980359e+03,miss,37.659937,51.476360,48.289891,-2.208018e+05,-3.430581e+05,-2.365009e+05
3437,2.981320e+03,miss,1.146899,0.782410,79.987952,1.060580e+05,-2.625413e+04,-4.588127e+05
3438,2.982117e+03,miss,0.001366,-0.014476,-79.999999,2.209916e+04,1.123272e+05,4.576029e+05
3439,2.982513e+03,miss,-71.881187,12.308377,-32.887669,4.400485e+05,1.263726e+04,1.695091e+05
3440,2.982805e+03,miss,72.830002,7.270969,-32.294332,-4.313003e+05,-1.049232e+05,1.597768e+05
3441,2.983748e+03,hit,71.438692,-34.067566,-11.658227,-3.738370e+05,2.814096e+05,6.068256e+04
3442,2.984523e+03,miss,-28.137069,-23.614134,-71.068123,1.442441e+05,2.348270e+05,3.830608e+05
3443,2.986824e+03,miss,-60.891619,2.891461,51.805889,2.943372e+05,8.942934e+03,-3.689756e+05
3444,2.988036e+03,miss,13.647823,-29.502502,-73.098148,-1.861466e+05,1.407644e+05,4.104664e+05
3445,2.989126e+03,hit,3.618926,-4.253732,79.804819,8.686571e+04,6.530261e+04,-4.595857e+05
3446,2.990980e+03,hit,17.137873,77.031675,13.130664,-2.024307e+05,-4.207927e+05,-7.157379e+04
3447,2.993296e+03,miss,-27.206130,-74.959641,6.393643,4.458720e+04,4.688896e+05,-3.866172e+04
3448,2.993430e+03,hit,-46.667654,-30.585067,57.329606,3.260788e+05,1.877851e+05,-2.859364e+05
3449,2.994072e+03,miss,65.323514,31.372072,33.891468,-3.259456e+05,-2.409945e+05,-2.430622e+05
3450,2.994877e+03,miss,52.565169,49.299435,-34.734259,-3.029093e+05,-3.217380e+05,1.678953e+05
3451,2.995286e+03,miss,-57.067010,45.469765,32.800256,2.741333e+05,-3.435481e+05,-1.741101e+05
3452,2.997183e+03,miss,62.328209,47.892942,-14.881549,-3.083570e+05,-3.417688e+05,1.083525e+05
3453,2.997340e+03,miss,45.582646,-28.263060,59.358419,-2.894588e+05,2.240404e+05,-2.994353e+05
3454,2.999868e+03,miss,14.210651,-29.175030,-73.122329,-1.378336e+05,2.379600e+05,3.849774e+05
3455,3.000949e+03,hit,-4.455908,-18.002365,77.820690,9.805671e+04,1.205817e+04,-4.627642e+05
3456,3.001241e+03,miss,-25.395659,54.249218,53.029076,1.762615e+05,-3.525513e+05,-2.618635e+05
3457,3.001369e+03,miss,34.363294,35.630140,62.846298,-2.425161e+05,-2.537445e+05,-3.173993e+05
3458,3.002953e+03,miss,37.394839,-26.886418,65.412128,-1.189191e+05,2.181686e+05,-4.028914e+05
3459,3.003122e+03,miss,-39.827637,-12.333298,68.276270,1.319881e+05,6.317290e+04,-4.501797e+05
3460,3.003929e+03,hit,-54.871480,-50.132430,-29.594935,3.901356e+05,1.971530e+05,1.818200e+05
3461,3.004192e+03,miss,-21.468837,6.499327,-76.790936,9.280705e+04,7.521081e+04,4.581303e+05
3462,3.004706e+03,miss,5.626287,13.175334,78.706769,9.773782e+03,3.277467e+04,-4.722519e+05
3463,3.005378e+03,miss,-0.056888,-0.414956,-79.998904,-3.839910e+04,-1.058864e+05,4.599514e+05
3464,3.005419e+03,miss,-13.775003,15.326588,77.300356,5.516439e+02,-1.709218e+05,-4.416223e+05
3465,3.005828e+03,miss,48.444932,-0.395756,63.662641,-3.247755e+05,8.085560e+04,-3.350501e+05
3466,3.006723e+03,miss,-57.940177,8.137565,-54.559288,3.850813e+05,3.011982e+02,2.757796e+05
3467,3.006752e+03,miss,-46.376286,-1.100781,-65.176901,2.982784e+05,-9.345727e+04,3.558651e+05
3468,3.006869e+03,miss,-45.919081,8.268952,-64.985094,1.903546e+05,1.074590e+04,4.335927e+05
3469,3.007132e+03,miss,64.798745,19.182845,-42.815197,-3.202611e+05,-2.001609e+05,2.859039e+05
3470,3.008108e+03,miss,-2.221882,4.008960,79.868589,1.005595e+05,-9.447647e+04,-4.532190e+05
3471,3.009033e+03,miss,1.654069,-2.805351,79.933685,-4.314862e+04,1.247243e+05,-4.550785e+05
3472,3.009325e+03,hit,66.384908,15.775799,-41.763239,-3.883956e+05,2.043178e+04,2.706799e+05
3473,3.009588e+03,miss,-69.222847,-37.682198,13.720404,4.383773e+05,1.667260e+05,-6.770270e+04
3474,3.009998e+03,miss,7.737588,58.873498,-53.610083,-1.664981e+04,-2.814645e+05,3.809028e+05
3475,3.010378e+03,hit,59.103733,-53.186580,8.828161,-2.627751e+05,3.901674e+05,-5.773562e+04
3476,3.011209e+03,hit,-1.953659,-79.929849,2.720756,3.806554e+03,4.734987e+05,-2.147695e+04
3477,3.012572e+03,miss,-34.592469,-4.186836,-72.012717,1.391257e+05,-7.245261e+04,4.474072e+05
3478,3.012836e+03,miss,-6.871029,70.908626,-36.397193,2.546235e+04,-4.394828e+05,1.760816e+05
3479,3.013614e+03,miss,-8.258022,-5.074077,79.410697,-5.976180e+04,-1.701025e+04,-4.701015e+05
3480,3.014036e+03,miss,24.960875,42.311686,-63.140130,-3.082125e+04,-2.679706e+05,3.900379e+05
3481,3.014445e+03,miss,-29.297096,49.800003,55.332087,2.032816e+05,-3.285464e+05,-2.750493e+05
3482,3.014697e+03,hit,76.522380,4.435626,-22.905251,-4.613507e+05,-7.316570e+03,1.097225e+05
3483,3.019324e+03,hit,9.593866,6.210159,79.179490,-2.823472e+04,7.792752e+04,-4.673461e+05
3484,3.019558e+03,miss,-28.926030,-65.255892,36.124138,5.802973e+04,4.201469e+05,-2.130937e+05
3485,3.020115e+03,miss,3.013408,-5.991852,79.718361,5.224570e+04,-5.915577e+04,-4.680943e+05
3486,3.020250e+03,miss,8.438568,-2.670039,79.508877,-1.001161e+05,-8.701014e+04,-4.558041e+05
3487,3.021041e+03,miss,40.068748,-57.156250,39.085272,-1.593847e+05,3.959256e+05,-2.079660e+05
3488,3.021861e+03,miss,37.313336,64.411631,-29.306258,-2.247610e+05,-3.938857e+05,1.407416e+05
3489,3.022418e+03,miss,27.310891,30.853304,68.572508,-1.380290e+05,-2.704965e+05,-3.650929e+05
3490,3.022799e+03,miss,35.503987,60.394540,38.625982,-1.076448e+05,-4.070783e+05,-2.196393e+05
3491,3.022811e+03,miss,12.621384,-59.053052,52.473210,1.097589e+04,3.848397e+05,-2.780654e+05
3492,3.025379e+03,miss,-3.947488,0.123109,-79.902454,1.311290e+05,3.384213e+04,4.554053e+05
3493,3.026212e+03,miss,-7.939075,-56.560291,-56.017002,-5.127334e+04,2.924018e+05,3.710371e+05
3494,3.026464e+03,miss,-54.867731,-33.782243,47.416159,2.822039e+05,2.865535e+05,-2.531069e+05
3495,3.026728e+03,hit,-31.644933,-67.320088,-29.438137,2.551748e+05,3.412288e+05,2.104364e+05
3496,3.027139e+03,miss,50.397946,53.837912,31.008486,-2.253275e+05,-3.844080e+05,-1.652980e+05
3497,3.027685e+03,miss,-23.475840,-7.249404,-76.133639,2.496936e+04,7.406071e+04,4.688258e+05
3498,3.029193e+03,miss,-7.224171,-60.967005,51.291672,-7.290523e+04,3.649654e+05,-2.958103e+05
3499,3.029574e+03,miss,-2.104253,-17.817858,-77.962145,-9.951281e+04,6.777545e+04,4.599465e+05
3500,3.029604e+03,hit,54.125635,53.636103,-24.363581,-3.710606e+05,-2.410293e+05,1.739776e+05
3501,3.029985e+03,miss,-15.702806,-61.622893,48.539066,-2.464165e+04,3.634341e+05,-3.055915e+05
3502,3.030795e+03,hit,18.564131,4.693019,77.674633,-2.103922e+05,-8.953189e+03,-4.263721e+05
3503,3.031218e+03,miss,19.549052,-52.655533,56.966915,-2.166849e+05,2.485050e+05,-3.427283e+05
3504,3.032028e+03,miss,34.712848,19.957049,69.258461,-2.873568e+05,-6.908711e+04,-3.726704e+05
3505,3.032703e+03,miss,48.551743,-23.651033,59.019970,-2.694910e+05,2.327838e+05,-3.153836e+05
3506,3.034201e+03,miss,16.301912,-77.428514,11.792919,-1.466043e+05,4.489824e+05,-5.756995e+04
3507,3.034612e+03,hit,29.451019,-74.128230,-6.135386,-7.520495e+04,4.679005e+05,4.285217e+04
3508,3.035141e+03,miss,44.876948,-22.105641,-62.429161,-3.087903e+05,2.308408e+04,3.613559e+05
3509,3.035963e+03,miss,-62.342762,-20.475613,-45.761657,4.068707e+05,9.922891e+04,2.261274e+05
3510,3.036080e+03,hit,24.317012,-76.214160,0.290963,-2.180524e+05,4.230615e+05,-2.165474e+03
3511,3.037696e+03,miss,49.002616,25.354189,-57.930206,-2.808211e+05,-2.353102e+05,3.040094e+05
3512,3.039183e+03,hit,6.757677,-16.499756,77.987767,-3.970085e+04,2.011306e+05,-4.298074e+05
3513,3.039342e+03,miss,49.716748,-58.666037,-22.057677,-3.745565e+05,2.658112e+05,1.258084e+05
3514,3.040018e+03,miss,-10.025203,-22.617702,-76.078478,1.624453e+05,1.530624e+05,4.207253e+05
3515,3.040694e+03,hit,30.820582,-73.015758,-10.899116,-1.360979e+05,4.486089e+05,8.428674e+04
3516,3.041517e+03,miss,14.930484,42.132104,66.347317,-1.508805e+04,-1.774889e+05,-4.418238e+05
3517,3.042064e+03,miss,-31.198998,-48.084200,55.807994,2.742516e+05,2.493560e+05,-2.993104e+05
3518,3.042300e+03,miss,50.355473,-50.814948,35.807366,-3.707720e+05,2.272517e+05,-1.946313e+05
3519,3.043523e+03,hit,-4.270758,-3.611230,79.804258,-5.275396e+03,-9.202990e+04,-4.675367e+05
3520,3.045035e+03,miss,1.558312,4.172008,-79.875941,7.775469e+04,5.393570e+04,4.671679e+05
3521,3.045435e+03,miss,-38.468137,-10.277226,69.387182,1.664429e+05,-3.405170e+04,-4.453850e+05
3522,3.046124e+03,miss,-41.312372,-34.086402,59.425627,1.415207e+05,2.270356e+05,-3.945993e+05
3523,3.046683e+03,miss,56.377635,24.190226,51.345839,-2.547534e+05,-2.220399e+05,-3.363371e+05
3524,3.046789e+03,hit,27.499326,-75.124660,-0.269365,-1.872138e+05,4.384952e+05,2.128570e+03
3525,3.047613e+03,hit,19.838496,-69.817942,-33.643559,-4.098892e+04,4.067728e+05,2.454564e+05
3526,3.047995e+03,miss,9.672469,55.102618,-57.185181,-9.698683e+04,-3.669575e+05,2.887167e+05
3527,3.048301e+03,miss,33.725576,43.837671,-57.800036,-1.043056e+05,-2.465993e+05,3.946562e+05
3528,3.048419e+03,miss,-72.083204,-15.151384,-31.216137,3.847059e+05,1.776374e+05,2.188596e+05
3529,3.048820e+03,miss,-10.037437,11.320264,-78.556359,1.631473e+05,-2.254360e+04,4.476134e+05
3530,3.049084e+03,miss,-37.145329,-3.037322,70.788411,2.647716e+05,-7.530090e+04,-3.895235e+05
3531,3.049243e+03,miss,-0.714988,3.513333,-79.919618,-2.198293e+04,-1.317159e+05,4.579109e+05
3532,3.051422e+03,miss,-42.453651,38.805781,55.603947,2.374203e+05,-1.442009e+05,-3.879626e+05
3533,3.051664e+03,miss,48.800998,-60.956473,-17.400315,-3.071722e+05,3.554659e+05,8.357355e+04
3534,3.052913e+03,miss,-8.357934,-53.087820,59.260681,6.721800e+04,3.657744e+05,-2.991309e+05
3535,3.053590e+03,miss,42.148771,-63.419040,24.525629,-1.623680e+05,4.288368e+05,-1.325695e+05
3536,3.054521e+03,miss,-67.650901,26.357812,-33.594960,4.250067e+05,-1.434937e+05,1.633627e+05
3537,3.055358e+03,hit,0.176172,5.805743,79.788861,-1.122674e+05,2.439242e+02,-4.640764e+05
3538,3.056584e+03,miss,4.880010,-47.547379,64.151635,-2.560667e+04,1.883439e+05,-4.381019e+05
3539,3.056702e+03,miss,9.953164,-65.235488,-45.224613,-6.009763e+04,4.183706e+05,2.223186e+05
3540,3.057262e+03,miss,26.107100,73.307757,18.557805,-2.136288e+05,-4.171112e+05,-9.216291e+04
3541,3.058353e+03,miss,-3.160404,24.484686,-76.095414,-5.883144e+04,-2.161675e+05,4.219062e+05
3542,3.058607e+03,hit,79.995827,0.812157,-0.089781,-4.740641e+05,5.895813e+04,6.876263e+02
3543,3.059149e+03,miss,-9.968222,-45.369157,-65.132742,-4.774027e+04,2.277123e+05,4.172790e+05
3544,3.060240e+03,hit,-60.197321,10.912000,51.548140,2.894811e+05,-1.287822e+05,-3.577024e+05
3545,3.060801e+03,miss,-12.390867,11.336933,78.217264,1.185066e+05,4.194440e+04,-4.610573e+05
3546,3.061320e+03,miss,-41.944281,-31.134948,60.591190,1.857261e+05,2.767301e+05,-3.425522e+05
3547,3.062040e+03,miss,1.228660,-24.606012,76.111987,-4.716499e+04,3.513288e+04,-4.743528e+05
3548,3.062158e+03,hit,-22.316793,58.081515,50.284176,7.678153e+04,-3.017596e+05,-3.626624e+05
3549,3.062276e+03,miss,-40.740319,1.404913,68.834967,1.381275e+05,-1.922153e+04,-4.572072e+05
3550,3.062423e+03,hit,-73.031922,-32.441081,-3.730234,4.393850e+05,1.874047e+05,1.784205e+04
3551,3.062677e+03,hit,-67.628376,21.095673,37.166858,4.154002e+05,-1.515474e+05,-1.816400e+05
3552,3.063356e+03,miss,21.206850,-65.935791,-40.034248,-2.024743e+05,3.811605e+05,2.056416e+05
3553,3.063515e+03,miss,53.285698,58.857275,-9.821178,-3.310331e+05,-3.417258e+05,4.711781e+04
3554,3.063621e+03,miss,29.727452,64.415423,36.972042,-1.180281e+05,-3.725758e+05,-2.753981e+05
3555,3.064713e+03,miss,23.571115,-60.600986,46.603895,-1.412059e+05,3.947157e+05,-2.300637e+05
3556,3.065156e+03,miss,-73.715246,8.924919,29.772611,4.376195e+05,-1.211261e+05,-1.500654e+05
3557,3.066768e+03,miss,-0.317381,-16.601662,78.257805,-1.100633e+05,1.213119e+05,-4.494349e+05
3558,3.067205e+03,miss,-42.649361,-1.274254,67.671325,3.020297e+05,-7.237989e+04,-3.638599e+05
3559,3.067724e+03,hit,18.242184,-77.253289,9.957511,-3.497635e+04,4.712213e+05,-7.497186e+04
3560,3.068669e+03,miss,33.336941,-50.786801,52.051409,-2.005383e+05,2.248819e+05,-3.717212e+05
3561,3.069083e+03,miss,44.765863,-58.858258,-30.524136,-1.853645e+05,4.093592e+05,1.644993e+05
3562,3.069496e+03,hit,36.563832,62.019733,-34.880352,-3.100743e+05,-2.928002e+05,2.171353e+05
3563,3.069632e+03,miss,42.146203,-31.324442,60.352936,-3.263457e+05,1.210583e+05,-3.284499e+05
3564,3.071523e+03,miss,-40.615145,3.526903,68.832920,2.486079e+05,9.444556e+04,-3.980593e+05
3565,3.071671e+03,miss,14.954520,19.482556,76.136669,-1.263361e+05,-2.215456e+03,-4.617600e+05
3566,3.072764e+03,miss,-27.071191,10.994576,74.473283,1.562025e+05,5.412765e+04,-4.493780e+05
3567,3.072776e+03,miss,-39.529782,9.711177,-68.870090,2.944128e+05,2.353794e+04,3.768787e+05
3568,3.074153e+03,miss,-5.732733,-79.376437,8.155797,7.637352e+04,4.711288e+05,-3.972442e+04
3569,3.074963e+03,miss,-54.435995,34.365509,-47.494571,3.659145e+05,-1.994340e+05,2.361491e+05
3570,3.075897e+03,miss,-66.187492,-23.279059,-38.435678,3.475740e+05,1.594215e+05,2.885837e+05
3571,3.076163e+03,hit,67.831128,35.811084,-22.726734,-4.455320e+05,-1.012127e+05,1.441543e+05
3572,3.076300e+03,miss,47.392554,-11.210809,-63.468603,-2.035656e+05,1.158363e+04,4.335439e+05
3573,3.076459e+03,miss,51.775260,-54.948045,-26.458171,-3.794001e+05,2.552978e+05,1.429122e+05
3574,3.076607e+03,miss,39.453604,-46.265389,-51.989681,-3.197065e+05,2.087979e+05,2.893917e+05
3575,3.077021e+03,miss,-20.243029,5.493601,77.201296,9.043378e+04,8.295394e+04,-4.631713e+05
3576,3.077139e+03,hit,-75.078157,-25.970677,9.423073,4.742041e+05,4.217118e+04,-5.429720e+04
3577,3.077287e+03,miss,-43.423709,-42.720668,51.858712,3.370451e+05,1.893719e+05,-2.831007e+05
3578,3.077394e+03,miss,29.226526,-72.301901,-17.839429,-2.020620e+05,4.258179e+05,8.640118e+04
3579,3.078636e+03,miss,79.737258,-0.530726,-6.456632,-4.700900e+05,-8.708977e+04,3.374274e+04
3580,3.078648e+03,miss,7.304429,8.068097,-79.256237,-5.203620e+04,-1.586071e+05,4.492713e+05
3581,3.078766e+03,miss,-17.975200,-61.630974,-47.733795,8.896765e+02,3.549180e+05,3.221023e+05
3582,3.079328e+03,miss,5.002253,-16.633480,78.091644,-1.398007e+05,1.165490e+05,-4.434315e+05
3583,3.080423e+03,miss,-24.705162,17.750560,73.990355,1.407874e+05,-2.082041e+05,-4.082537e+05
3584,3.080529e+03,hit,66.099419,-8.937937,44.169900,-4.198314e+05,7.710951e+04,-2.182768e+05
3585,3.080559e+03,miss,28.758289,4.955188,74.487629,-6.355406e+04,1.203921e+04,-4.750444e+05
3586,3.081761e+03,hit,-3.439499,1.201646,-79.916994,-3.957117e+04,-1.071528e+05,4.657180e+05
3587,3.081784e+03,hit,3.755499,-74.889397,27.883229,5.847688e+04,4.299044e+05,-2.042188e+05
3588,3.082199e+03,miss,-12.608647,-76.944325,17.905106,-1.548134e+04,4.699954e+05,-9.401208e+04
3589,3.083294e+03,miss,-16.126746,19.343199,75.932659,-1.686361e+04,-1.539200e+05,-4.539599e+05
3590,3.083537e+03,hit,55.622213,56.410670,11.135784,-2.868181e+05,-3.747522e+05,-8.584633e+04
3591,3.084366e+03,miss,50.935699,0.914509,61.682398,-3.349402e+05,8.470068e+04,-3.328305e+05
3592,3.085325e+03,miss,-57.529561,-18.620081,-52.379788,3.773876e+05,4.864690e+03,2.962462e+05
3593,3.086824e+03,hit,39.274031,-66.414209,21.135357,-1.380207e+05,4.351970e+05,-1.478936e+05
3594,3.086835e+03,hit,-12.740618,74.621026,25.872361,1.130941e+04,-4.382652e+05,-1.952314e+05
3595,3.089028e+03,miss,-46.501989,-11.923066,63.995356,1.983720e+05,1.575051e+05,-4.078282e+05
3596,3.089431e+03,hit,59.702690,49.455853,-19.741008,-3.961922e+05,-2.277960e+05,1.471526e+05
3597,3.092158e+03,hit,-8.549065,-79.540546,0.463774,1.684564e+05,4.498125e+05,-2.799186e+03
3598,3.092413e+03,miss,-22.628380,-21.789125,-73.574387,6.491528e+04,4.011163e+04,4.742497e+05
3599,3.094352e+03,hit,21.548453,-60.837548,-47.270043,-1.149418e+05,3.088986e+05,3.496433e+05
3600,3.094459e+03,miss,-31.376569,67.995974,28.143533,1.938854e+05,-4.178839e+05,-1.366378e+05
3601,3.094500e+03,miss,-14.296463,-10.712148,-77.979876,1.161852e+05,-5.102723e+04,4.634530e+05
3602,3.094755e+03,miss,13.279343,-20.219374,-76.255072,-4.121246e+03,2.041408e+05,4.349943e+05
3603,3.095289e+03,miss,-5.135253,-23.069447,-76.429247,-4.588871e+04,2.129125e+05,4.283840e+05
3604,3.095598e+03,hit,-40.802867,-59.630871,-34.340724,2.859085e+05,2.922436e+05,2.526328e+05
3605,3.095704e+03,miss,-24.974130,54.825757,-52.634867,2.450697e+05,-2.977529e+05,2.868194e+05
3606,3.095853e+03,miss,68.362806,29.917129,28.835606,-3.472834e+05,-2.823876e+05,-1.750537e+05
3607,3.096013e+03,miss,-3.368566,-49.254285,62.949727,-9.153023e+04,2.542248e+05,-3.974875e+05
3608,3.097900e+03,miss,52.074971,-17.513187,58.150543,-3.313831e+05,-1.325718e+04,-3.480727e+05
3609,3.098060e+03,miss,21.781177,24.813281,-72.868933,-2.016586e+05,-5.301939e+04,4.332203e+05
3610,3.098743e+03,hit,-20.064060,-25.473765,-73.133582,1.073889e+05,3.667715e+04,4.672584e+05
3611,3.098879e+03,miss,-6.296098,24.967792,-75.742779,1.369716e+05,-1.846141e+05,4.223442e+05
3612,3.099117e+03,miss,-31.497050,-35.215037,-64.558787,1.098792e+05,1.541556e+05,4.420390e+05
3613,3.099146e+03,hit,37.153723,65.065325,-28.037552,-3.105932e+05,-3.160655e+05,1.867420e+05
3614,3.099265e+03,miss,35.116569,38.894683,60.448574,-1.005516e+05,-2.816613e+05,-3.765677e+05
3615,3.099402e+03,miss,-43.835757,9.494161,66.244149,2.140437e+05,-1.664627e+05,-3.971557e+05
3616,3.100927e+03,miss,-34.903927,11.152940,-71.114891,1.307902e+05,-1.583564e+05,4.349577e+05
3617,3.101450e+03,miss,44.612619,-23.030227,62.284210,-2.598323e+05,2.310182e+04,-4.041825e+05
3618,3.104212e+03,miss,-63.683614,-14.242227,-46.276952,3.223613e+05,1.052515e+05,3.414987e+05
3619,3.104865e+03,hit,42.321150,-10.254486,67.110102,-1.536650e+05,1.079008e+05,-4.431809e+05
3620,3.105014e+03,hit,-37.453366,-5.413574,70.483605,1.400517e+05,-4.352085e+04,-4.584401e+05
3621,3.105162e+03,miss,-66.460683,42.918345,11.874060,4.367927e+05,-1.929956e+05,-6.043002e+04
3622,3.106648e+03,miss,20.510836,-9.298918,-76.764808,-1.898404e+05,1.301625e+05,4.228666e+05
3623,3.107064e+03,miss,-34.607810,40.657317,-59.575851,9.671953e+04,-2.602110e+05,3.934011e+05
3624,3.107361e+03,miss,0.268689,2.818123,79.949897,-8.842020e+04,6.241769e+04,-4.691875e+05
3625,3.107373e+03,miss,-43.507925,9.928873,-66.396370,2.627681e+05,6.050260e+04,3.989289e+05
3626,3.107747e+03,miss,-0.985298,2.786375,79.945389,-4.868064e+03,-1.315393e+05,-4.631993e+05
3627,3.108033e+03,miss,-8.560362,-8.184596,79.118472,-6.489664e+04,1.836010e+04,-4.768150e+05
3628,3.108324e+03,miss,-61.670189,46.283087,21.322844,4.079260e+05,-2.018387e+05,-1.574178e+05
3629,3.108580e+03,miss,-1.860317,0.222960,79.978056,1.544147e+04,1.154654e+05,-4.673021e+05
3630,3.109133e+03,miss,45.092163,25.216734,-61.080382,-2.101519e+05,-2.501145e+05,3.539239e+05
3631,3.109412e+03,miss,-75.954661,-7.789887,-23.879011,4.670245e+05,3.491389e+03,1.178136e+05
3632,3.110649e+03,miss,62.376410,15.413293,47.661451,-3.774323e+05,2.804156e+04,-2.980854e+05
3633,3.112403e+03,miss,-3.964528,6.349459,79.649023,-6.905667e+04,3.730613e+04,-4.754647e+05
3634,3.112433e+03,hit,5.880822,-79.779795,0.774738,7.382128e+04,4.761837e+05,-5.387959e+03
3635,3.114474e+03,hit,21.596151,-10.537080,76.305807,-2.091583e+05,1.187202e+05,-4.177799e+05
3636,3.115021e+03,hit,16.045526,-59.320865,-51.220855,1.368148e+04,3.393485e+05,3.421666e+05
3637,3.115289e+03,miss,19.188026,-51.771182,57.892697,-1.170563e+05,2.259622e+05,-4.094893e+05
3638,3.115575e+03,miss,-6.498527,-54.083298,-58.589811,-6.920590e+03,3.749282e+05,3.030592e+05
3639,3.116004e+03,miss,52.594657,-29.414289,-52.617504,-3.308499e+05,6.251820e+04,3.451459e+05
3640,3.117212e+03,miss,57.216059,-17.753037,53.020301,-3.456067e+05,1.883681e+05,-2.786746e+05
3641,3.117629e+03,miss,-11.753644,9.768399,-78.526621,2.122398e+04,5.148807e+04,4.790779e+05
3642,3.117670e+03,miss,37.668609,-28.698477,-64.478472,-2.817892e+05,6.617398e+04,3.857928e+05
3643,3.118057e+03,hit,3.890590,-6.212020,-79.663506,-1.132683e+04,1.502328e+05,4.582040e+05
3644,3.118313e+03,miss,60.633686,49.644464,16.092959,-3.646173e+05,-3.060288e+05,-7.790272e+04
3645,3.118879e+03,miss,-4.047816,3.053027,79.839177,1.169839e+05,-8.484751e+04,-4.602457e+05
3646,3.120678e+03,miss,-20.223207,-34.259707,69.406731,7.423294e+04,2.898313e+05,-3.785920e+05
3647,3.121202e+03,miss,44.753132,-1.857010,-66.285056,-1.733081e+05,-2.523887e+04,4.496788e+05
3648,3.121512e+03,miss,14.544418,34.153103,70.866251,-5.138153e+04,-1.015064e+05,-4.690024e+05
3649,3.122453e+03,miss,26.451277,-37.820696,-65.344662,-1.290122e+05,3.078330e+05,3.486715e+05
3650,3.123418e+03,miss,25.823954,21.036428,-72.736457,-2.470591e+05,-7.103776e+04,4.086130e+05
3651,3.123567e+03,miss,-19.228638,44.376067,63.726165,3.086263e+04,-3.272411e+05,-3.535831e+05
3652,3.123835e+03,hit,-1.373184,-46.462661,-65.110179,2.867153e+04,3.431556e+05,3.383820e+05
3653,3.128354e+03,miss,-59.575895,-51.156719,15.287341,3.346298e+05,3.402898e+05,-7.512088e+04
3654,3.128760e+03,hit,1.099225,-4.336761,-79.874803,3.974203e+04,1.315693e+05,4.632038e+05
3655,3.129714e+03,miss,10.835930,17.548113,77.295837,-1.524860e+05,-2.496069e+04,-4.578688e+05
3656,3.129744e+03,miss,-50.096649,-33.186252,52.810969,3.210371e+05,2.430981e+05,-2.671322e+05
3657,3.129863e+03,miss,21.519605,-72.348980,-26.505316,-1.833645e+05,4.270173e+05,1.325282e+05
3658,3.130818e+03,miss,-24.373093,61.058381,45.583181,2.834592e+04,-3.934910e+05,-2.792179e+05
3659,3.131397e+03,miss,29.022035,63.358028,39.287170,-5.965502e+04,-4.171504e+05,-2.367936e+05
3660,3.131802e+03,miss,44.284720,-25.430447,-61.580483,-3.195311e+05,1.770007e+05,3.166155e+05
3661,3.132501e+03,miss,-9.015608,2.269928,-79.457953,9.250067e+04,9.668475e+04,4.645670e+05
3662,3.132757e+03,miss,-65.983770,-19.868648,40.637162,4.312158e+05,3.750174e+04,-2.153891e+05
3663,3.132895e+03,hit,-12.238841,14.326210,77.749408,-4.609893e+04,-1.011857e+05,-4.705237e+05
3664,3.132918e+03,miss,-40.882807,36.162217,-58.488376,1.438013e+05,-2.820914e+05,3.653814e+05
3665,3.133742e+03,hit,52.672924,-19.025006,-57.128034,-3.579751e+05,1.450458e+05,2.909208e+05
3666,3.135951e+03,miss,63.425732,45.063697,18.612890,-4.002734e+05,-2.559557e+05,-9.084098e+04
3667,3.136058e+03,miss,-43.735684,40.408683,-53.425914,3.406027e+05,-1.817947e+05,2.914322e+05
3668,3.136327e+03,hit,-76.645626,-22.804581,2.323608,4.817728e+05,4.185837e+04,-1.245502e+04
3669,3.136596e+03,hit,51.436272,61.088905,4.738744,-3.211857e+05,-3.597491e+05,-3.811397e+04
3670,3.136787e+03,hit,73.655850,22.380606,-21.769802,-4.521032e+05,-5.553271e+04,1.629891e+05
3671,3.138537e+03,hit,-61.596550,-50.951275,-3.135695,4.366224e+05,2.076313e+05,2.067159e+04
3672,3.138955e+03,hit,-78.792766,10.343376,9.204054,4.463889e+05,-1.766021e+05,-6.129454e+04
3673,3.140598e+03,miss,-39.847635,64.818965,24.711694,3.049527e+05,-3.293457e+05,-1.812904e+05
3674,3.140628e+03,hit,10.147337,0.672741,79.350986,-7.337770e+04,1.124517e+05,-4.650844e+05
3675,3.141734e+03,miss,-55.766155,-32.194667,-47.472512,3.833293e+05,1.722271e+05,2.404416e+05
3676,3.141853e+03,miss,24.006737,-9.325839,75.741041,-1.849575e+05,1.505601e+05,-4.213632e+05
3677,3.141865e+03,miss,-30.288802,24.133949,70.001007,1.758837e+05,-2.798860e+04,-4.502300e+05
3678,3.142003e+03,hit,40.664924,-0.114757,-68.893764,-1.490954e+05,5.577447e+04,4.572696e+05
3679,3.142959e+03,miss,-41.573661,-22.991145,-64.366435,2.216358e+05,3.212987e+04,4.293627e+05
3680,3.143377e+03,hit,49.765235,45.509093,-43.038865,-3.261764e+05,-1.846385e+05,3.066853e+05
3681,3.143676e+03,miss,69.833903,-7.076772,-38.381575,-4.363762e+05,8.509519e+04,1.920814e+05
3682,3.145321e+03,miss,60.793608,17.367465,49.015390,-4.017306e+05,-7.409707e+03,-2.706307e+05
3683,3.145428e+03,miss,44.718305,64.744837,-14.435350,-2.164486e+05,-4.272407e+05,7.284765e+04
3684,3.146158e+03,miss,29.552330,50.246677,-54.789882,-2.678080e+05,-2.210317e+05,3.378901e+05
3685,3.146266e+03,miss,-0.797284,-0.053643,-79.996009,-7.884823e+04,8.322010e+04,4.707560e+05
3686,3.146953e+03,miss,-20.265617,-67.969068,-37.006899,7.495962e+03,4.163626e+05,2.477725e+05
3687,3.147223e+03,miss,8.690975,65.248009,45.466078,6.701711e+04,-3.812340e+05,-2.915383e+05
3688,3.147791e+03,miss,7.298605,-23.663402,76.070847,7.033425e+04,1.023702e+05,-4.684454e+05
3689,3.148072e+03,miss,48.061271,25.518217,-58.642432,-1.995461e+05,-2.318041e+05,3.759479e+05
3690,3.148222e+03,miss,48.168163,55.403935,31.784147,-2.085433e+05,-3.713462e+05,-2.313255e+05
3691,3.148910e+03,miss,0.867568,38.879707,69.911485,2.352839e+04,-1.292584e+05,-4.665724e+05
3692,3.149867e+03,miss,-16.957260,-3.809522,-78.089301,1.011679e+05,1.382461e+05,4.535147e+05
3693,3.151262e+03,miss,0.030940,-0.229285,-79.999665,4.661084e+04,-1.066302e+05,4.707271e+05
3694,3.152369e+03,miss,60.212372,41.225407,32.786219,-3.523193e+05,-2.904637e+05,-1.634355e+05
3695,3.153165e+03,miss,-24.655510,-51.821186,55.737514,6.546618e+04,3.699698e+05,-3.067656e+05
3696,3.153177e+03,miss,43.089459,66.135395,13.015686,-3.268204e+05,-3.519957e+05,-6.750524e+04
3697,3.153315e+03,miss,-20.636061,33.362783,69.721429,2.209784e+05,-2.014763e+05,-3.819106e+05
3698,3.154423e+03,hit,71.297892,-23.407810,-27.725170,-4.166230e+05,1.198089e+05,2.177924e+05
3699,3.154662e+03,hit,-48.005848,61.579142,17.419753,2.868832e+05,-3.655858e+05,-1.393751e+05
3700,3.155112e+03,miss,-53.571919,-48.137221,34.826103,3.456426e+05,2.939079e+05,-1.719396e+05
3701,3.155231e+03,miss,21.232515,73.622774,-22.997119,-4.657683e+04,-4.677250e+05,1.203608e+05
3702,3.155920e+03,hit,-62.152659,-42.829792,26.507657,4.226631e+05,1.555717e+05,-1.806311e+05
3703,3.157028e+03,miss,-51.929646,43.259511,42.801011,3.740290e+05,-1.555817e+05,-2.673080e+05
3704,3.157166e+03,miss,-0.612865,0.159067,-79.997494,1.155206e+05,3.494747e+04,4.701073e+05
3705,3.157436e+03,miss,-0.627099,0.592876,79.995345,-8.489043e+04,7.447825e+04,-4.720529e+05
3706,3.157598e+03,miss,-16.645949,-9.732945,-77.641369,1.721217e+05,-3.248293e+04,4.526791e+05
3707,3.158406e+03,miss,6.155497,2.600220,79.720441,8.260045e+04,-2.489074e+04,-4.777210e+05
3708,3.158556e+03,miss,-17.909042,61.845686,-47.480284,2.187572e+05,-3.249672e+05,2.867272e+05
3709,3.159545e+03,hit,-13.628691,-46.651882,63.544163,1.148636e+05,1.839362e+05,-4.344174e+05
3710,3.160504e+03,miss,65.430261,-12.876304,-44.193684,-3.922032e+05,-4.276529e+04,2.831325e+05
3711,3.160912e+03,miss,0.020864,0.004362,-79.999997,6.658424e+04,9.705547e+04,4.711618e+05
3712,3.161032e+03,miss,-43.276649,-2.756292,67.227484,3.288414e+05,4.583985e+04,-3.544258e+05
3713,3.161044e+03,miss,-20.645657,45.682815,62.344505,2.271486e+04,-2.406549e+05,-4.212194e+05
3714,3.161182e+03,miss,1.627959,15.635200,-78.440361,9.251223e+04,-2.975871e+04,4.758389e+05
3715,3.161871e+03,hit,11.300837,-78.798593,-7.941841,5.367505e+04,4.802164e+05,4.928944e+04
3716,3.163412e+03,miss,-27.008060,21.411260,-72.195032,8.073867e+04,-2.150460e+05,4.281001e+05
3717,3.164210e+03,hit,-3.680395,6.171505,79.676642,-4.242808e+03,-1.490430e+05,-4.624510e+05
3718,3.165169e+03,miss,2.571497,24.328046,76.167799,9.886463e+04,-1.067621e+05,-4.636723e+05
3719,3.165319e+03,hit,11.133653,-40.374229,68.161304,-1.230544e+04,1.533570e+05,-4.609834e+05
3720,3.165878e+03,hit,28.799005,74.610042,1.989709,-1.924704e+05,-4.459980e+05,-1.606590e+04
3721,3.166579e+03,hit,4.104630,-79.729984,5.126559,-3.350321e+04,4.831434e+05,-4.146764e+04
3722,3.166880e+03,hit,46.707054,-64.748376,-5.108710,-2.351523e+05,4.235360e+05,4.015633e+04
3723,3.167119e+03,hit,43.862397,64.263796,-18.607918,-3.558563e+05,-3.084344e+05,1.205998e+05
3724,3.167420e+03,hit,54.072777,-18.951815,55.829773,-3.646390e+05,1.482564e+05,-2.852905e+05
3725,3.167528e+03,miss,-32.641156,59.811779,41.917849,2.402903e+05,-3.663185e+05,-2.107406e+05
3726,3.167539e+03,hit,-49.184490,20.143333,59.792409,3.409808e+05,-1.583939e+05,-3.081957e+05
3727,3.168260e+03,miss,51.152039,-8.469663,60.923999,-3.681119e+05,3.815081e+04,-3.153300e+05
3728,3.168380e+03,miss,-56.357081,-37.815519,-42.354055,2.640124e+05,3.206357e+05,2.527727e+05
3729,3.169328e+03,hit,10.329616,5.759923,-79.120935,-1.077357e+05,7.472145e+04,4.682781e+05
3730,3.169340e+03,miss,8.131990,29.934108,-73.741575,1.161185e+04,-8.167129e+04,4.792395e+05
3731,3.169370e+03,miss,14.129173,-75.738835,21.540552,-2.000677e+05,4.243111e+05,-1.281044e+05
3732,3.169490e+03,hit,24.599672,54.253349,53.398786,-2.012970e+05,-2.413868e+05,-3.710777e+05
3733,3.169628e+03,miss,26.026404,-40.031721,64.187909,-5.593480e+04,3.016646e+05,-3.773152e+05
3734,3.169760e+03,hit,9.469880,-1.678826,-79.419789,1.321277e+04,1.069555e+05,4.742286e+05
3735,3.170439e+03,miss,-37.006422,53.834369,46.177760,1.798333e+05,-3.829298e+05,-2.399630e+05
3736,3.170979e+03,hit,-63.056425,-28.797984,39.931985,3.951834e+05,6.668087e+04,-2.756475e+05
3737,3.171970e+03,miss,-34.317151,18.575751,-69.837487,2.252789e+05,-2.031081e+05,3.803528e+05
3738,3.172132e+03,hit,8.821031,8.111355,-79.097379,-3.066174e+04,7.003301e+04,4.804571e+05
3739,3.173093e+03,miss,28.120138,22.471580,-71.444286,-7.794799e+04,-7.313739e+04,4.746900e+05
3740,3.173231e+03,hit,-0.206160,-15.008420,-78.579290,5.718002e+04,1.842617e+05,4.467034e+05
3741,3.173501e+03,miss,-35.338490,-60.497196,38.617099,2.903420e+05,3.333759e+05,-2.033421e+05
3742,3.173652e+03,miss,6.084208,3.011280,79.711446,8.069881e+04,-4.350542e+04,-4.779040e+05
3743,3.174601e+03,miss,-52.522571,13.857784,-58.731094,2.798220e+05,1.833212e+04,3.977834e+05
3744,3.174763e+03,miss,3.543778,-16.255906,-78.250797,-6.741790e+04,-1.429937e+04,4.817992e+05
3745,3.175562e+03,miss,24.925514,-68.866133,32.189664,-6.033914e+04,4.505973e+05,-1.739570e+05
3746,3.175995e+03,miss,-75.324752,-13.727089,23.189411,4.708385e+05,4.480664e+04,-1.152194e+05
3747,3.176674e+03,miss,11.154242,-50.310124,-61.192110,-1.459730e+05,3.305732e+05,3.262452e+05
3748,3.177245e+03,miss,-14.842147,-76.713824,-17.166823,4.026285e+04,4.775756e+05,8.582395e+04
3749,3.177257e+03